21778,ZCTA_NEAREST_ACTIVE_OUTLET,MD0011,008,7.109,ZCTA_NN;R6371;TIE_FIRST_LEX,ZCTA_NN_HAVERSINE;NOT_ELIGIBILITY;NOT_USPS_VALIDITY;NO_INVENTORY
21779,ZCTA_NEAREST_ACTIVE_OUTLET,MD0022,004,8.213,ZCTA_NN;R6371;TIE_FIRST_LEX,ZCTA_NN_HAVERSINE;NOT_ELIGIBILITY;NOT_USPS_VALIDITY;NO_INVENTORY
21780,ZCTA_NEAREST_ACTIVE_OUTLET,PA9037,008,5.385,ZCTA_NN;R6371;TIE_FIRST_LEX,ZCTA_NN_HAVERSINE;NOT_ELIGIBILITY;NOT_USPS_VALIDITY;NO_INVENTORY
21781,ZCTA_NEAREST_ACTIVE_OUTLET,MD0022,007,5.921,ZCTA_NN;R6371;TIE_FIRST_LEX,ZCTA_NN_HAVERSINE;NOT_ELIGIBILITY;NOT_USPS_VALIDITY;NO_INVENTORY
21782,EXACT_IMLS_OUTLET_ZIP,MD0022,005,,EXACT_OUTLET;TIE_FSCSKEY_SEQ,EXACT_OUTLET;NOT_USPS_VALIDITY;NO_INVENTORY
21783,EXACT_IMLS_OUTLET_ZIP,MD0022,009,,EXACT_OUTLET;TIE_FSCSKEY_SEQ,EXACT_OUTLET;NOT_USPS_VALIDITY;NO_INVENTORY
21784,EXACT_IMLS_OUTLET_ZIP,MD0007,004,,EXACT_OUTLET;TIE_FSCSKEY_SEQ,EXACT_OUTLET;NOT_USPS_VALIDITY;NO_INVENTORY
21787,EXACT_IMLS_OUTLET_ZIP,MD0007,007,,EXACT_OUTLET;TIE_FSCSKEY_SEQ,EXACT_OUTLET;NOT_USPS_VALIDITY;NO_INVENTORY
21788,EXACT_IMLS_OUTLET_ZIP,MD0011,008,,EXACT_OUTLET;TIE_FSCSKEY_SEQ,EXACT_OUTLET;NOT_USPS_VALIDITY;NO_INVENTORY
21790,ZCTA_NEAREST_ACTIVE_OUTLET,MD0011,015,3.427,ZCTA_NN;R6371;TIE_FIRST_LEX,ZCTA_NN_HAVERSINE;NOT_ELIGIBILITY;NOT_USPS_VALIDITY;NO_INVENTORY
21791,ZCTA_NEAREST_ACTIVE_OUTLET,MD0007,007,13.129,ZCTA_NN;R6371;TIE_FIRST_LEX,ZCTA_NN_HAVERSINE;NOT_ELIGIBILITY;NOT_USPS_VALIDITY;NO_INVENTORY
21793,EXACT_IMLS_OUTLET_ZIP,MD0011,018,,EXACT_OUTLET;TIE_FSCSKEY_SEQ,EXACT_OUTLET;NOT_USPS_VALIDITY;NO_INVENTORY
21794,ZCTA_NEAREST_ACTIVE_OUTLET,MD0014,012,4.932,ZCTA_NN;R6371;TIE_FIRST_LEX,ZCTA_NN_HAVERSINE;NOT_ELIGIBILITY;NOT_USPS_VALIDITY;NO_INVENTORY
21795,EXACT_IMLS_OUTLET_ZIP,MD0022,007,,EXACT_OUTLET;TIE_FSCSKEY_SEQ,EXACT_OUTLET;NOT_USPS_VALIDITY;NO_INVENTORY
21797,ZCTA_NEAREST_ACTIVE_OUTLET,MD0014,012,4.827,ZCTA_NN;R6371;TIE_FIRST_LEX,ZCTA_NN_HAVERSINE;NOT_ELIGIBILITY;NOT_USPS_VALIDITY;NO_INVENTORY
21798,ZCTA_NEAREST_ACTIVE_OUTLET,MD0011,018,7.246,ZCTA_NN;R6371;TIE_FIRST_LEX,ZCTA_NN_HAVERSINE;NOT_ELIGIBILITY;NOT_USPS_VALIDITY;NO_INVENTORY
21801,EXACT_IMLS_OUTLET_ZIP,MD0023,006,,EXACT_OUTLET;TIE_FSCSKEY_SEQ,EXACT_OUTLET;NOT_USPS_VALIDITY;NO_INVENTORY
21802,OBSERVED_REFERENCE_INDIRECT_ONLY,,,,INDIRECT_IMLS_SC;NO_FABRICATED_NEAREST,INDIRECT_IMLS_SC;NO_FABRICATED_NEAREST;NOT_REJECTED;NOT_USPS_VALIDITY;NO_INVENTORY
21803,EXACT_IMLS_OUTLET_ZIP,MD0023,008,,EXACT_OUTLET;TIE_FSCSKEY_SEQ,EXACT_OUTLET;NOT_USPS_VALIDITY;NO_INVENTORY
21804,ZCTA_NEAREST_ACTIVE_OUTLET,MD0023,006,8.103,ZCTA_NN;R6371;TIE_FIRST_LEX,ZCTA_NN_HAVERSINE;NOT_ELIGIBILITY;NOT_USPS_VALIDITY;NO_INVENTORY
21810,ZCTA_NEAREST_ACTIVE_OUTLET,MD0020,002,9.604,ZCTA_NN;R6371;TIE_FIRST_LEX,ZCTA_NN_HAVERSINE;NOT_ELIGIBILITY;NOT_USPS_VALIDITY;NO_INVENTORY
21811,EXACT_IMLS_OUTLET_ZIP,MD0024,003,,EXACT_OUTLET;TIE_FSCSKEY_SEQ,EXACT_OUTLET;NOT_USPS_VALIDITY;NO_INVENTORY
21813,ZCTA_NEAREST_ACTIVE_OUTLET,MD0024,009,4.912,ZCTA_NN;R6371;TIE_FIRST_LEX,ZCTA_NN_HAVERSINE;NOT_ELIGIBILITY;NOT_USPS_VALIDITY;NO_INVENTORY
21814,ZCTA_NEAREST_ACTIVE_OUTLET,MD0020,002,20.512,ZCTA_NN;R6371;TIE_FIRST_LEX,ZCTA_NN_HAVERSINE;NOT_ELIGIBILITY;NOT_USPS_VALIDITY;NO_INVENTORY
21817,EXACT_IMLS_OUTLET_ZIP,MD0020,008,,EXACT_OUTLET;TIE_FSCSKEY_SEQ,EXACT_OUTLET;NOT_USPS_VALIDITY;NO_INVENTORY
21821,ZCTA_NEAREST_ACTIVE_OUTLET,MD0020,002,20.092,ZCTA_NN;R6371;TIE_FIRST_LEX,ZCTA_NN_HAVERSINE;NOT_ELIGIBILITY;NOT_USPS_VALIDITY;NO_INVENTORY
21822,ZCTA_NEAREST_ACTIVE_OUTLET,MD0020,002,9.753,ZCTA_NN;R6371;TIE_FIRST_LEX,ZCTA_NN_HAVERSINE;NOT_ELIGIBILITY;NOT_USPS_VALIDITY;NO_INVENTORY
21824,EXACT_IMLS_OUTLET_ZIP,MD0020,005,,EXACT_OUTLET;TIE_FSCSKEY_SEQ,EXACT_OUTLET;NOT_USPS_VALIDITY;NO_INVENTORY
21826,ZCTA_NEAREST_ACTIVE_OUTLET,MD0023,006,5.556,ZCTA_NN;R6371;TIE_FIRST_LEX,ZCTA_NN_HAVERSINE;NOT_ELIGIBILITY;NOT_USPS_VALIDITY;NO_INVENTORY
21829,ZCTA_NEAREST_ACTIVE_OUTLET,MD0024,008,9.192,ZCTA_NN;R6371;TIE_FIRST_LEX,ZCTA_NN_HAVERSINE;NOT_ELIGIBILITY;NOT_USPS_VALIDITY;NO_INVENTORY
21830,ZCTA_NEAREST_ACTIVE_OUTLET,MD0023,006,12.264,ZCTA_NN;R6371;TIE_FIRST_LEX,ZCTA_NN_HAVERSINE;NOT_ELIGIBILITY;NOT_USPS_VALIDITY;NO_INVENTORY
21835,ZCTA_NEAREST_ACTIVE_OUTLET,MD0010,004,12.341,ZCTA_NN;R6371;TIE_FIRST_LEX,ZCTA_NN_HAVERSINE;NOT_ELIGIBILITY;NOT_USPS_VALIDITY;NO_INVENTORY
21837,ZCTA_NEAREST_ACTIVE_OUTLET,DE0028,002,16.861,ZCTA_NN;R6371;TIE_FIRST_LEX,ZCTA_NN_HAVERSINE;NOT_ELIGIBILITY;NOT_USPS_VALIDITY;NO_INVENTORY
21838,ZCTA_NEAREST_ACTIVE_OUTLET,MD0020,008,10.841,ZCTA_NN;R6371;TIE_FIRST_LEX,ZCTA_NN_HAVERSINE;NOT_ELIGIBILITY;NOT_USPS_VALIDITY;NO_INVENTORY
21840,ZCTA_NEAREST_ACTIVE_OUTLET,MD0020,002,18.794,ZCTA_NN;R6371;TIE_FIRST_LEX,ZCTA_NN_HAVERSINE;NOT_ELIGIBILITY;NOT_USPS_VALIDITY;NO_INVENTORY
21841,ZCTA_NEAREST_ACTIVE_OUTLET,MD0024,008,11.085,ZCTA_NN;R6371;TIE_FIRST_LEX,ZCTA_NN_HAVERSINE;NOT_ELIGIBILITY;NOT_USPS_VALIDITY;NO_INVENTORY
21842,EXACT_IMLS_OUTLET_ZIP,MD0024,004,,EXACT_OUTLET;TIE_FSCSKEY_SEQ,EXACT_OUTLET;NOT_USPS_VALIDITY;NO_INVENTORY
21843,OBSERVED_REFERENCE_INDIRECT_ONLY,,,,INDIRECT_IMLS_SC;NO_FABRICATED_NEAREST,INDIRECT_IMLS_SC;NO_FABRICATED_NEAREST;NOT_REJECTED;NOT_USPS_VALIDITY;NO_INVENTORY
21849,ZCTA_NEAREST_ACTIVE_OUTLET,MD0023,009,4.294,ZCTA_NN;R6371;TIE_FIRST_LEX,ZCTA_NN_HAVERSINE;NOT_ELIGIBILITY;NOT_USPS_VALIDITY;NO_INVENTORY
21850,EXACT_IMLS_OUTLET_ZIP,MD0023,009,,EXACT_OUTLET;TIE_FSCSKEY_SEQ,EXACT_OUTLET;NOT_USPS_VALIDITY;NO_INVENTORY
21851,EXACT_IMLS_OUTLET_ZIP,MD0024,005,,EXACT_OUTLET;TIE_FSCSKEY_SEQ,EXACT_OUTLET;NOT_USPS_VALIDITY;NO_INVENTORY
21853,EXACT_IMLS_OUTLET_ZIP,MD0020,002,,EXACT_OUTLET;TIE_FSCSKEY_SEQ,EXACT_OUTLET;NOT_USPS_VALIDITY;NO_INVENTORY
21856,ZCTA_NEAREST_ACTIVE_OUTLET,MD0020,002,16.659,ZCTA_NN;R6371;TIE_FIRST_LEX,ZCTA_NN_HAVERSINE;NOT_ELIGIBILITY;NOT_USPS_VALIDITY;NO_INVENTORY
21861,ZCTA_NEAREST_ACTIVE_OUTLET,DE0009,002,13.793,ZCTA_NN;R6371;TIE_FIRST_LEX,ZCTA_NN_HAVERSINE;NOT_ELIGIBILITY;NOT_USPS_VALIDITY;NO_INVENTORY
21862,ZCTA_NEAREST_ACTIVE_OUTLET,MD0024,009,4.196,ZCTA_NN;R6371;TIE_FIRST_LEX,ZCTA_NN_HAVERSINE;NOT_ELIGIBILITY;NOT_USPS_VALIDITY;NO_INVENTORY
21863,EXACT_IMLS_OUTLET_ZIP,MD0024,008,,EXACT_OUTLET;TIE_FSCSKEY_SEQ,EXACT_OUTLET;NOT_USPS_VALIDITY;NO_INVENTORY
21864,ZCTA_NEAREST_ACTIVE_OUTLET,VA0024,004,11.124,ZCTA_NN;R6371;TIE_FIRST_LEX,ZCTA_NN_HAVERSINE;NOT_ELIGIBILITY;NOT_USPS_VALIDITY;NO_INVENTORY
21865,ZCTA_NEAREST_ACTIVE_OUTLET,MD0020,002,14.634,ZCTA_NN;R6371;TIE_FIRST_LEX,ZCTA_NN_HAVERSINE;NOT_ELIGIBILITY;NOT_USPS_VALIDITY;NO_INVENTORY
21866,ZCTA_NEAREST_ACTIVE_OUTLET,MD0020,005,3.205,ZCTA_NN;R6371;TIE_FIRST_LEX,ZCTA_NN_HAVERSINE;NOT_ELIGIBILITY;NOT_USPS_VALIDITY;NO_INVENTORY
21867,ZCTA_NEAREST_ACTIVE_OUTLET,MD0020,002,13.721,ZCTA_NN;R6371;TIE_FIRST_LEX,ZCTA_NN_HAVERSINE;NOT_ELIGIBILITY;NOT_USPS_VALIDITY;NO_INVENTORY
21869,ZCTA_NEAREST_ACTIVE_OUTLET,MD0010,009,24.753,ZCTA_NN;R6371;TIE_FIRST_LEX,ZCTA_NN_HAVERSINE;NOT_ELIGIBILITY;NOT_USPS_VALIDITY;NO_INVENTORY
21871,ZCTA_NEAREST_ACTIVE_OUTLET,MD0020,002,11.665,ZCTA_NN;R6371;TIE_FIRST_LEX,ZCTA_NN_HAVERSINE;NOT_ELIGIBILITY;NOT_USPS_VALIDITY;NO_INVENTORY
21872,ZCTA_NEAREST_ACTIVE_OUTLET,DE0019,002,8.431,ZCTA_NN;R6371;TIE_FIRST_LEX,ZCTA_NN_HAVERSINE;NOT_ELIGIBILITY;NOT_USPS_VALIDITY;NO_INVENTORY
21874,ZCTA_NEAREST_ACTIVE_OUTLET,MD0023,009,5.963,ZCTA_NN;R6371;TIE_FIRST_LEX,ZCTA_NN_HAVERSINE;NOT_ELIGIBILITY;NOT_USPS_VALIDITY;NO_INVENTORY
21875,ZCTA_NEAREST_ACTIVE_OUTLET,DE0028,002,3.213,ZCTA_NN;R6371;TIE_FIRST_LEX,ZCTA_NN_HAVERSINE;NOT_ELIGIBILITY;NOT_USPS_VALIDITY;NO_INVENTORY
21890,ZCTA_NEAREST_ACTIVE_OUTLET,MD0020,002,5.197,ZCTA_NN;R6371;TIE_FIRST_LEX,ZCTA_NN_HAVERSINE;NOT_ELIGIBILITY;NOT_USPS_VALIDITY;NO_INVENTORY
21901,EXACT_IMLS_OUTLET_ZIP,MD0008,004,,EXACT_OUTLET;TIE_FSCSKEY_SEQ,EXACT_OUTLET;NOT_USPS_VALIDITY;NO_INVENTORY
21902,ZCTA_NEAREST_ACTIVE_OUTLET,MD0008,005,1.851,ZCTA_NN;R6371;TIE_FIRST_LEX,ZCTA_NN_HAVERSINE;NOT_ELIGIBILITY;NOT_USPS_VALIDITY;NO_INVENTORY
21903,EXACT_IMLS_OUTLET_ZIP,MD0008,005,,EXACT_OUTLET;TIE_FSCSKEY_SEQ,EXACT_OUTLET;NOT_USPS_VALIDITY;NO_INVENTORY
21904,ZCTA_NEAREST_ACTIVE_OUTLET,MD0008,005,5.176,ZCTA_NN;R6371;TIE_FIRST_LEX,ZCTA_NN_HAVERSINE;NOT_ELIGIBILITY;NOT_USPS_VALIDITY;NO_INVENTORY
21911,EXACT_IMLS_OUTLET_ZIP,MD0008,006,,EXACT_OUTLET;TIE_FSCSKEY_SEQ,EXACT_OUTLET;NOT_USPS_VALIDITY;NO_INVENTORY
21912,ZCTA_NEAREST_ACTIVE_OUTLET,MD0008,008,4.248,ZCTA_NN;R6371;TIE_FIRST_LEX,ZCTA_NN_HAVERSINE;NOT_ELIGIBILITY;NOT_USPS_VALIDITY;NO_INVENTORY
21913,EXACT_IMLS_OUTLET_ZIP,MD0008,008,,EXACT_OUTLET;TIE_FSCSKEY_SEQ,EXACT_OUTLET;NOT_USPS_VALIDITY;NO_INVENTORY
21914,ZCTA_NEAREST_ACTIVE_OUTLET,MD0008,004,4.664,ZCTA_NN;R6371;TIE_FIRST_LEX,ZCTA_NN_HAVERSINE;NOT_ELIGIBILITY;NOT_USPS_VALIDITY;NO_INVENTORY
21915,EXACT_IMLS_OUTLET_ZIP,MD0008,003,,EXACT_OUTLET;TIE_FSCSKEY_SEQ,EXACT_OUTLET;NOT_USPS_VALIDITY;NO_INVENTORY
21916,OBSERVED_REFERENCE_INDIRECT_ONLY,,,,INDIRECT_IMLS_SC;NO_FABRICATED_NEAREST,INDIRECT_IMLS_SC;NO_FABRICATED_NEAREST;NOT_REJECTED;NOT_USPS_VALIDITY;NO_INVENTORY
21917,ZCTA_NEAREST_ACTIVE_OUTLET,MD0008,006,4.423,ZCTA_NN;R6371;TIE_FIRST_LEX,ZCTA_NN_HAVERSINE;NOT_ELIGIBILITY;NOT_USPS_VALIDITY;NO_INVENTORY
21918,ZCTA_NEAREST_ACTIVE_OUTLET,MD0013,004,9.482,ZCTA_NN;R6371;TIE_FIRST_LEX,ZCTA_NN_HAVERSINE;NOT_ELIGIBILITY;NOT_USPS_VALIDITY;NO_INVENTORY
21919,ZCTA_NEAREST_ACTIVE_OUTLET,MD0008,008,6.262,ZCTA_NN;R6371;TIE_FIRST_LEX,ZCTA_NN_HAVERSINE;NOT_ELIGIBILITY;NOT_USPS_VALIDITY;NO_INVENTORY
21920,ZCTA_NEAREST_ACTIVE_OUTLET,MD0008,002,4.177,ZCTA_NN;R6371;TIE_FIRST_LEX,ZCTA_NN_HAVERSINE;NOT_ELIGIBILITY;NOT_USPS_VALIDITY;NO_INVENTORY
21921,EXACT_IMLS_OUTLET_ZIP,MD0008,002,,EXACT_OUTLET;TIE_FSCSKEY_SEQ,EXACT_OUTLET;NOT_USPS_VALIDITY;NO_INVENTORY
21922,OBSERVED_REFERENCE_INDIRECT_ONLY,,,,INDIRECT_IMLS_SC;NO_FABRICATED_NEAREST,INDIRECT_IMLS_SC;NO_FABRICATED_NEAREST;NOT_REJECTED;NOT_USPS_VALIDITY;NO_INVENTORY
21930,ZCTA_NEAREST_ACTIVE_OUTLET,MD0015,006,3.170,ZCTA_NN;R6371;TIE_FIRST_LEX,ZCTA_NN_HAVERSINE;NOT_ELIGIBILITY;NOT_USPS_VALIDITY;NO_INVENTORY
22003,ZCTA_NEAREST_ACTIVE_OUTLET,VA0026,008,2.471,ZCTA_NN;R6371;TIE_FIRST_LEX,ZCTA_NN_HAVERSINE;NOT_ELIGIBILITY;NOT_USPS_VALIDITY;NO_INVENTORY
22009,OBSERVED_REFERENCE_INDIRECT_ONLY,,,,INDIRECT_IMLS_SC;NO_FABRICATED_NEAREST,INDIRECT_IMLS_SC;NO_FABRICATED_NEAREST;NOT_REJECTED;NOT_USPS_VALIDITY;NO_INVENTORY
22015,EXACT_IMLS_OUTLET_ZIP,VA0026,013,,EXACT_OUTLET;TIE_FSCSKEY_SEQ,EXACT_OUTLET;NOT_USPS_VALIDITY;NO_INVENTORY
22025,EXACT_IMLS_OUTLET_ZIP,VA0064,013,,EXACT_OUTLET;TIE_FSCSKEY_SEQ,EXACT_OUTLET;NOT_USPS_VALIDITY;NO_INVENTORY
22026,EXACT_IMLS_OUTLET_ZIP,VA0064,003,,EXACT_OUTLET;TIE_FSCSKEY_SEQ,EXACT_OUTLET;NOT_USPS_VALIDITY;NO_INVENTORY
22027,ZCTA_NEAREST_ACTIVE_OUTLET,VA0026,022,1.897,ZCTA_NN;R6371;TIE_FIRST_LEX,ZCTA_NN_HAVERSINE;NOT_ELIGIBILITY;NOT_USPS_VALIDITY;NO_INVENTORY
22030,EXACT_IMLS_OUTLET_ZIP,VA0026,006,,EXACT_OUTLET;TIE_FSCSKEY_SEQ,EXACT_OUTLET;NOT_USPS_VALIDITY;NO_INVENTORY
22031,ZCTA_NEAREST_ACTIVE_OUTLET,VA0026,006,3.966,ZCTA_NN;R6371;TIE_FIRST_LEX,ZCTA_NN_HAVERSINE;NOT_ELIGIBILITY;NOT_USPS_VALIDITY;NO_INVENTORY
22032,ZCTA_NEAREST_ACTIVE_OUTLET,VA0026,013,3.176,ZCTA_NN;R6371;TIE_FIRST_LEX,ZCTA_NN_HAVERSINE;NOT_ELIGIBILITY;NOT_USPS_VALIDITY;NO_INVENTORY
22033,ZCTA_NEAREST_ACTIVE_OUTLET,VA0026,025,2.096,ZCTA_NN;R6371;TIE_FIRST_LEX,ZCTA_NN_HAVERSINE;NOT_ELIGIBILITY;NOT_USPS_VALIDITY;NO_INVENTORY
22035,EXACT_IMLS_OUTLET_ZIP,VA0026,026,,EXACT_OUTLET;TIE_FSCSKEY_SEQ,EXACT_OUTLET;NOT_USPS_VALIDITY;NO_INVENTORY
22037,OBSERVED_REFERENCE_INDIRECT_ONLY,,,,INDIRECT_IMLS_SC;NO_FABRICATED_NEAREST,INDIRECT_IMLS_SC;NO_FABRICATED_NEAREST;NOT_REJECTED;NOT_USPS_VALIDITY;NO_INVENTORY
22038,OBSERVED_REFERENCE_INDIRECT_ONLY,,,,INDIRECT_IMLS_SC;NO_FABRICATED_NEAREST,INDIRECT_IMLS_SC;NO_FABRICATED_NEAREST;NOT_REJECTED;NOT_USPS_VALIDITY;NO_INVENTORY
22039,ZCTA_NEAREST_ACTIVE_OUTLET,VA0026,028,4.369,ZCTA_NN;R6371;TIE_FIRST_LEX,ZCTA_NN_HAVERSINE;NOT_ELIGIBILITY;NOT_USPS_VALIDITY;NO_INVENTORY
22040,OBSERVED_REFERENCE_INDIRECT_ONLY,,,,INDIRECT_IMLS_SC;NO_FABRICATED_NEAREST,INDIRECT_IMLS_SC;NO_FABRICATED_NEAREST;NOT_REJECTED;NOT_USPS_VALIDITY;NO_INVENTORY
22041,EXACT_IMLS_OUTLET_ZIP,VA0026,023,,EXACT_OUTLET;TIE_FSCSKEY_SEQ,EXACT_OUTLET;NOT_USPS_VALIDITY;NO_INVENTORY
22042,EXACT_IMLS_OUTLET_ZIP,VA0026,021,,EXACT_OUTLET;TIE_FSCSKEY_SEQ,EXACT_OUTLET;NOT_USPS_VALIDITY;NO_INVENTORY
22043,EXACT_IMLS_OUTLET_ZIP,VA0026,022,,EXACT_OUTLET;TIE_FSCSKEY_SEQ,EXACT_OUTLET;NOT_USPS_VALIDITY;NO_INVENTORY
22044,ZCTA_NEAREST_ACTIVE_OUTLET,VA0026,023,1.526,ZCTA_NN;R6371;TIE_FIRST_LEX,ZCTA_NN_HAVERSINE;NOT_ELIGIBILITY;NOT_USPS_VALIDITY;NO_INVENTORY
22046,EXACT_IMLS_OUTLET_ZIP,VA0047,002,,EXACT_OUTLET;TIE_FSCSKEY_SEQ,EXACT_OUTLET;NOT_USPS_VALIDITY;NO_INVENTORY
22060,ZCTA_NEAREST_ACTIVE_OUTLET,VA0026,027,4.534,ZCTA_NN;R6371;TIE_FIRST_LEX,ZCTA_NN_HAVERSINE;NOT_ELIGIBILITY;NOT_USPS_VALIDITY;NO_INVENTORY
22066,EXACT_IMLS_OUTLET_ZIP,VA0026,009,,EXACT_OUTLET;TIE_FSCSKEY_SEQ,EXACT_OUTLET;NOT_USPS_VALIDITY;NO_INVENTORY
22079,EXACT_IMLS_OUTLET_ZIP,VA0026,014,,EXACT_OUTLET;TIE_FSCSKEY_SEQ,EXACT_OUTLET;NOT_USPS_VALIDITY;NO_INVENTORY
22101,EXACT_IMLS_OUTLET_ZIP,VA0026,005,,EXACT_OUTLET;TIE_FSCSKEY_SEQ,EXACT_OUTLET;NOT_USPS_VALIDITY;NO_INVENTORY
22102,ZCTA_NEAREST_ACTIVE_OUTLET,VA0026,005,4.069,ZCTA_NN;R6371;TIE_FIRST_LEX,ZCTA_NN_HAVERSINE;NOT_ELIGIBILITY;NOT_USPS_VALIDITY;NO_INVENTORY
22103,OBSERVED_REFERENCE_INDIRECT_ONLY,,,,INDIRECT_IMLS_SC;NO_FABRICATED_NEAREST,INDIRECT_IMLS_SC;NO_FABRICATED_NEAREST;NOT_REJECTED;NOT_USPS_VALIDITY;NO_INVENTORY
22106,OBSERVED_REFERENCE_INDIRECT_ONLY,,,,INDIRECT_IMLS_SC;NO_FABRICATED_NEAREST,INDIRECT_IMLS_SC;NO_FABRICATED_NEAREST;NOT_REJECTED;NOT_USPS_VALIDITY;NO_INVENTORY
22107,OBSERVED_REFERENCE_INDIRECT_ONLY,,,,INDIRECT_IMLS_SC;NO_FABRICATED_NEAREST,INDIRECT_IMLS_SC;NO_FABRICATED_NEAREST;NOT_REJECTED;NOT_USPS_VALIDITY;NO_INVENTORY
22116,OBSERVED_REFERENCE_INDIRECT_ONLY,,,,INDIRECT_IMLS_SC;NO_FABRICATED_NEAREST,INDIRECT_IMLS_SC;NO_FABRICATED_NEAREST;NOT_REJECTED;NOT_USPS_VALIDITY;NO_INVENTORY
22121,OBSERVED_REFERENCE_INDIRECT_ONLY,,,,INDIRECT_IMLS_SC;NO_FABRICATED_NEAREST,INDIRECT_IMLS_SC;NO_FABRICATED_NEAREST;NOT_REJECTED;NOT_USPS_VALIDITY;NO_INVENTORY
22122,OBSERVED_REFERENCE_INDIRECT_ONLY,,,,INDIRECT_IMLS_SC;NO_FABRICATED_NEAREST,INDIRECT_IMLS_SC;NO_FABRICATED_NEAREST;NOT_REJECTED;NOT_USPS_VALIDITY;NO_INVENTORY
22124,EXACT_IMLS_OUTLET_ZIP,VA0026,029,,EXACT_OUTLET;TIE_FSCSKEY_SEQ,EXACT_OUTLET;NOT_USPS_VALIDITY;NO_INVENTORY
22125,ZCTA_NEAREST_ACTIVE_OUTLET,VA0064,006,1.795,ZCTA_NN;R6371;TIE_FIRST_LEX,ZCTA_NN_HAVERSINE;NOT_ELIGIBILITY;NOT_USPS_VALIDITY;NO_INVENTORY
22134,ZCTA_NEAREST_ACTIVE_OUTLET,VA0064,003,6.946,ZCTA_NN;R6371;TIE_FIRST_LEX,ZCTA_NN_HAVERSINE;NOT_ELIGIBILITY;NOT_USPS_VALIDITY;NO_INVENTORY
22135,OBSERVED_REFERENCE_INDIRECT_ONLY,,,,INDIRECT_IMLS_SC;NO_FABRICATED_NEAREST,INDIRECT_IMLS_SC;NO_FABRICATED_NEAREST;NOT_REJECTED;NOT_USPS_VALIDITY;NO_INVENTORY
22150,EXACT_IMLS_OUTLET_ZIP,VA0026,019,,EXACT_OUTLET;TIE_FSCSKEY_SEQ,EXACT_OUTLET;NOT_USPS_VALIDITY;NO_INVENTORY
22151,ZCTA_NEAREST_ACTIVE_OUTLET,VA0026,019,3.061,ZCTA_NN;R6371;TIE_FIRST_LEX,ZCTA_NN_HAVERSINE;NOT_ELIGIBILITY;NOT_USPS_VALIDITY;NO_INVENTORY
22152,ZCTA_NEAREST_ACTIVE_OUTLET,VA0026,017,3.089,ZCTA_NN;R6371;TIE_FIRST_LEX,ZCTA_NN_HAVERSINE;NOT_ELIGIBILITY;NOT_USPS_VALIDITY;NO_INVENTORY
22153,ZCTA_NEAREST_ACTIVE_OUTLET,VA0026,017,4.379,ZCTA_NN;R6371;TIE_FIRST_LEX,ZCTA_NN_HAVERSINE;NOT_ELIGIBILITY;NOT_USPS_VALIDITY;NO_INVENTORY
22172,ZCTA_NEAREST_ACTIVE_OUTLET,VA0064,013,5.162,ZCTA_NN;R6371;TIE_FIRST_LEX,ZCTA_NN_HAVERSINE;NOT_ELIGIBILITY;NOT_USPS_VALIDITY;NO_INVENTORY
22180,EXACT_IMLS_OUTLET_ZIP,VA0026,016,,EXACT_OUTLET;TIE_FSCSKEY_SEQ,EXACT_OUTLET;NOT_USPS_VALIDITY;NO_INVENTORY
22181,ZCTA_NEAREST_ACTIVE_OUTLET,VA0026,016,2.195,ZCTA_NN;R6371;TIE_FIRST_LEX,ZCTA_NN_HAVERSINE;NOT_ELIGIBILITY;NOT_USPS_VALIDITY;NO_INVENTORY
22182,ZCTA_NEAREST_ACTIVE_OUTLET,VA0026,016,3.964,ZCTA_NN;R6371;TIE_FIRST_LEX,ZCTA_NN_HAVERSINE;NOT_ELIGIBILITY;NOT_USPS_VALIDITY;NO_INVENTORY
22183,OBSERVED_REFERENCE_INDIRECT_ONLY,,,,INDIRECT_IMLS_SC;NO_FABRICATED_NEAREST,INDIRECT_IMLS_SC;NO_FABRICATED_NEAREST;NOT_REJECTED;NOT_USPS_VALIDITY;NO_INVENTORY
22185,OBSERVED_REFERENCE_INDIRECT_ONLY,,,,INDIRECT_IMLS_SC;NO_FABRICATED_NEAREST,INDIRECT_IMLS_SC;NO_FABRICATED_NEAREST;NOT_REJECTED;NOT_USPS_VALIDITY;NO_INVENTORY
22191,EXACT_IMLS_OUTLET_ZIP,VA0064,008,,EXACT_OUTLET;TIE_FSCSKEY_SEQ,EXACT_OUTLET;NOT_USPS_VALIDITY;NO_INVENTORY
22192,EXACT_IMLS_OUTLET_ZIP,VA0064,006,,EXACT_OUTLET;TIE_FSCSKEY_SEQ,EXACT_OUTLET;NOT_USPS_VALIDITY;NO_INVENTORY
22193,EXACT_IMLS_OUTLET_ZIP,VA0064,002,,EXACT_OUTLET;TIE_FSCSKEY_SEQ,EXACT_OUTLET;NOT_USPS_VALIDITY;NO_INVENTORY
22194,OBSERVED_REFERENCE_INDIRECT_ONLY,,,,INDIRECT_IMLS_SC;NO_FABRICATED_NEAREST,INDIRECT_IMLS_SC;NO_FABRICATED_NEAREST;NOT_REJECTED;NOT_USPS_VALIDITY;NO_INVENTORY
22195,OBSERVED_REFERENCE_INDIRECT_ONLY,,,,INDIRECT_IMLS_SC;NO_FABRICATED_NEAREST,INDIRECT_IMLS_SC;NO_FABRICATED_NEAREST;NOT_REJECTED;NOT_USPS_VALIDITY;NO_INVENTORY
22199,OBSERVED_REFERENCE_INDIRECT_ONLY,,,,INDIRECT_IMLS_SC;NO_FABRICATED_NEAREST,INDIRECT_IMLS_SC;NO_FABRICATED_NEAREST;NOT_REJECTED;NOT_USPS_VALIDITY;NO_INVENTORY
22201,EXACT_IMLS_OUTLET_ZIP,VA0005,002,,EXACT_OUTLET;TIE_FSCSKEY_SEQ,EXACT_OUTLET;NOT_USPS_VALIDITY;NO_INVENTORY
22202,EXACT_IMLS_OUTLET_ZIP,VA0005,003,,EXACT_OUTLET;TIE_FSCSKEY_SEQ,EXACT_OUTLET;NOT_USPS_VALIDITY;NO_INVENTORY
22203,ZCTA_NEAREST_ACTIVE_OUTLET,VA0005,002,1.319,ZCTA_NN;R6371;TIE_FIRST_LEX,ZCTA_NN_HAVERSINE;NOT_ELIGIBILITY;NOT_USPS_VALIDITY;NO_INVENTORY
22204,EXACT_IMLS_OUTLET_ZIP,VA0005,005,,EXACT_OUTLET;TIE_FSCSKEY_SEQ,EXACT_OUTLET;NOT_USPS_VALIDITY;NO_INVENTORY
22205,EXACT_IMLS_OUTLET_ZIP,VA0005,008,,EXACT_OUTLET;TIE_FSCSKEY_SEQ,EXACT_OUTLET;NOT_USPS_VALIDITY;NO_INVENTORY
22206,EXACT_IMLS_OUTLET_ZIP,VA0005,007,,EXACT_OUTLET;TIE_FSCSKEY_SEQ,EXACT_OUTLET;NOT_USPS_VALIDITY;NO_INVENTORY
22207,EXACT_IMLS_OUTLET_ZIP,VA0005,004,,EXACT_OUTLET;TIE_FSCSKEY_SEQ,EXACT_OUTLET;NOT_USPS_VALIDITY;NO_INVENTORY
22209,ZCTA_NEAREST_ACTIVE_OUTLET,VA0005,010,1.014,ZCTA_NN;R6371;TIE_FIRST_LEX,ZCTA_NN_HAVERSINE;NOT_ELIGIBILITY;NOT_USPS_VALIDITY;NO_INVENTORY
22210,OBSERVED_REFERENCE_INDIRECT_ONLY,,,,INDIRECT_IMLS_SC;NO_FABRICATED_NEAREST,INDIRECT_IMLS_SC;NO_FABRICATED_NEAREST;NOT_REJECTED;NOT_USPS_VALIDITY;NO_INVENTORY
22211,ZCTA_NEAREST_ACTIVE_OUTLET,VA0005,010,1.352,ZCTA_NN;R6371;TIE_FIRST_LEX,ZCTA_NN_HAVERSINE;NOT_ELIGIBILITY;NOT_USPS_VALIDITY;NO_INVENTORY
22213,ZCTA_NEAREST_ACTIVE_OUTLET,VA0047,002,1.438,ZCTA_NN;R6371;TIE_FIRST_LEX,ZCTA_NN_HAVERSINE;NOT_ELIGIBILITY;NOT_USPS_VALIDITY;NO_INVENTORY
22214,ZCTA_NEAREST_ACTIVE_OUTLET,VA0005,003,2.040,ZCTA_NN;R6371;TIE_FIRST_LEX,ZCTA_NN_HAVERSINE;NOT_ELIGIBILITY;NOT_USPS_VALIDITY;NO_INVENTORY
22226,OBSERVED_REFERENCE_INDIRECT_ONLY,,,,INDIRECT_IMLS_SC;NO_FABRICATED_NEAREST,INDIRECT_IMLS_SC;NO_FABRICATED_NEAREST;NOT_REJECTED;NOT_USPS_VALIDITY;NO_INVENTORY
22230,OBSERVED_REFERENCE_INDIRECT_ONLY,,,,INDIRECT_IMLS_SC;NO_FABRICATED_NEAREST,INDIRECT_IMLS_SC;NO_FABRICATED_NEAREST;NOT_REJECTED;NOT_USPS_VALIDITY;NO_INVENTORY
22301,EXACT_IMLS_OUTLET_ZIP,VA0001,004,,EXACT_OUTLET;TIE_FSCSKEY_SEQ,EXACT_OUTLET;NOT_USPS_VALIDITY;NO_INVENTORY
22302,ZCTA_NEAREST_ACTIVE_OUTLET,VA0005,007,1.572,ZCTA_NN;R6371;TIE_FIRST_LEX,ZCTA_NN_HAVERSINE;NOT_ELIGIBILITY;NOT_USPS_VALIDITY;NO_INVENTORY
22303,ZCTA_NEAREST_ACTIVE_OUTLET,VA0026,015,2.830,ZCTA_NN;R6371;TIE_FIRST_LEX,ZCTA_NN_HAVERSINE;NOT_ELIGIBILITY;NOT_USPS_VALIDITY;NO_INVENTORY
22304,EXACT_IMLS_OUTLET_ZIP,VA0001,002,,EXACT_OUTLET;TIE_FSCSKEY_SEQ,EXACT_OUTLET;NOT_USPS_VALIDITY;NO_INVENTORY
22305,ZCTA_NEAREST_ACTIVE_OUTLET,VA0001,004,0.959,ZCTA_NN;R6371;TIE_FIRST_LEX,ZCTA_NN_HAVERSINE;NOT_ELIGIBILITY;NOT_USPS_VALIDITY;NO_INVENTORY
22306,EXACT_IMLS_OUTLET_ZIP,VA0026,020,,EXACT_OUTLET;TIE_FSCSKEY_SEQ,EXACT_OUTLET;NOT_USPS_VALIDITY;NO_INVENTORY
22307,EXACT_IMLS_OUTLET_ZIP,VA0026,015,,EXACT_OUTLET;TIE_FSCSKEY_SEQ,EXACT_OUTLET;NOT_USPS_VALIDITY;NO_INVENTORY
22308,ZCTA_NEAREST_ACTIVE_OUTLET,VA0026,020,2.029,ZCTA_NN;R6371;TIE_FIRST_LEX,ZCTA_NN_HAVERSINE;NOT_ELIGIBILITY;NOT_USPS_VALIDITY;NO_INVENTORY
22309,ZCTA_NEAREST_ACTIVE_OUTLET,VA0026,020,3.762,ZCTA_NN;R6371;TIE_FIRST_LEX,ZCTA_NN_HAVERSINE;NOT_ELIGIBILITY;NOT_USPS_VALIDITY;NO_INVENTORY
22310,EXACT_IMLS_OUTLET_ZIP,VA0026,012,,EXACT_OUTLET;TIE_FSCSKEY_SEQ,EXACT_OUTLET;NOT_USPS_VALIDITY;NO_INVENTORY
22311,ZCTA_NEAREST_ACTIVE_OUTLET,VA0001,003,1.505,ZCTA_NN;R6371;TIE_FIRST_LEX,ZCTA_NN_HAVERSINE;NOT_ELIGIBILITY;NOT_USPS_VALIDITY;NO_INVENTORY
22312,ZCTA_NEAREST_ACTIVE_OUTLET,VA0026,008,3.044,ZCTA_NN;R6371;TIE_FIRST_LEX,ZCTA_NN_HAVERSINE;NOT_ELIGIBILITY;NOT_USPS_VALIDITY;NO_INVENTORY
22313,OBSERVED_REFERENCE_INDIRECT_ONLY,,,,INDIRECT_IMLS_SC;NO_FABRICATED_NEAREST,INDIRECT_IMLS_SC;NO_FABRICATED_NEAREST;NOT_REJECTED;NOT_USPS_VALIDITY;NO_INVENTORY
22314,EXACT_IMLS_OUTLET_ZIP,VA0001,005,,EXACT_OUTLET;TIE_FSCSKEY_SEQ,EXACT_OUTLET;NOT_USPS_VALIDITY;NO_INVENTORY
22315,EXACT_IMLS_OUTLET_ZIP,VA0026,027,,EXACT_OUTLET;TIE_FSCSKEY_SEQ,EXACT_OUTLET;NOT_USPS_VALIDITY;NO_INVENTORY
22320,OBSERVED_REFERENCE_INDIRECT_ONLY,,,,INDIRECT_IMLS_SC;NO_FABRICATED_NEAREST,INDIRECT_IMLS_SC;NO_FABRICATED_NEAREST;NOT_REJECTED;NOT_USPS_VALIDITY;NO_INVENTORY
22332,OBSERVED_REFERENCE_INDIRECT_ONLY,,,,INDIRECT_IMLS_SC;NO_FABRICATED_NEAREST,INDIRECT_IMLS_SC;NO_FABRICATED_NEAREST;NOT_REJECTED;NOT_USPS_VALIDITY;NO_INVENTORY
22350,OBSERVED_REFERENCE_INDIRECT_ONLY,,,,INDIRECT_IMLS_SC;NO_FABRICATED_NEAREST,INDIRECT_IMLS_SC;NO_FABRICATED_NEAREST;NOT_REJECTED;NOT_USPS_VALIDITY;NO_INVENTORY
22401,EXACT_IMLS_OUTLET_ZIP,VA0014,007,,EXACT_OUTLET;TIE_FSCSKEY_SEQ,EXACT_OUTLET;NOT_USPS_VALIDITY;NO_INVENTORY
22402,OBSERVED_REFERENCE_INDIRECT_ONLY,,,,INDIRECT_IMLS_SC;NO_FABRICATED_NEAREST,INDIRECT_IMLS_SC;NO_FABRICATED_NEAREST;NOT_REJECTED;NOT_USPS_VALIDITY;NO_INVENTORY
22403,OBSERVED_REFERENCE_INDIRECT_ONLY,,,,INDIRECT_IMLS_SC;NO_FABRICATED_NEAREST,INDIRECT_IMLS_SC;NO_FABRICATED_NEAREST;NOT_REJECTED;NOT_USPS_VALIDITY;NO_INVENTORY
22404,OBSERVED_REFERENCE_INDIRECT_ONLY,,,,INDIRECT_IMLS_SC;NO_FABRICATED_NEAREST,INDIRECT_IMLS_SC;NO_FABRICATED_NEAREST;NOT_REJECTED;NOT_USPS_VALIDITY;NO_INVENTORY
22405,ZCTA_NEAREST_ACTIVE_OUTLET,VA0014,007,5.049,ZCTA_NN;R6371;TIE_FIRST_LEX,ZCTA_NN_HAVERSINE;NOT_ELIGIBILITY;NOT_USPS_VALIDITY;NO_INVENTORY
22406,EXACT_IMLS_OUTLET_ZIP,VA0014,008,,EXACT_OUTLET;TIE_FSCSKEY_SEQ,EXACT_OUTLET;NOT_USPS_VALIDITY;NO_INVENTORY
22407,EXACT_IMLS_OUTLET_ZIP,VA0014,009,,EXACT_OUTLET;TIE_FSCSKEY_SEQ,EXACT_OUTLET;NOT_USPS_VALIDITY;NO_INVENTORY
22408,EXACT_IMLS_SYSTEM_ZIP,VA0014,,,EXACT_SYSTEM;TIE_FSCSKEY,EXACT_SYSTEM_ADMIN;NOT_NEARBY_OUTLET;NOT_USPS_VALIDITY;NO_INVENTORY
22427,EXACT_IMLS_OUTLET_ZIP,VA0013,003,,EXACT_OUTLET;TIE_FSCSKEY_SEQ,EXACT_OUTLET;NOT_USPS_VALIDITY;NO_INVENTORY
22432,ZCTA_NEAREST_ACTIVE_OUTLET,VA0090,002,12.193,ZCTA_NN;R6371;TIE_FIRST_LEX,ZCTA_NN_HAVERSINE;NOT_ELIGIBILITY;NOT_USPS_VALIDITY;NO_INVENTORY
22433,ZCTA_NEAREST_ACTIVE_OUTLET,VA0056,003,9.142,ZCTA_NN;R6371;TIE_FIRST_LEX,ZCTA_NN_HAVERSINE;NOT_ELIGIBILITY;NOT_USPS_VALIDITY;NO_INVENTORY
22435,ZCTA_NEAREST_ACTIVE_OUTLET,VA0090,002,10.634,ZCTA_NN;R6371;TIE_FIRST_LEX,ZCTA_NN_HAVERSINE;NOT_ELIGIBILITY;NOT_USPS_VALIDITY;NO_INVENTORY
22436,ZCTA_NEAREST_ACTIVE_OUTLET,VA0013,005,12.576,ZCTA_NN;R6371;TIE_FIRST_LEX,ZCTA_NN_HAVERSINE;NOT_ELIGIBILITY;NOT_USPS_VALIDITY;NO_INVENTORY
22437,ZCTA_NEAREST_ACTIVE_OUTLET,VA0025,002,17.232,ZCTA_NN;R6371;TIE_FIRST_LEX,ZCTA_NN_HAVERSINE;NOT_ELIGIBILITY;NOT_USPS_VALIDITY;NO_INVENTORY
22438,ZCTA_NEAREST_ACTIVE_OUTLET,VA0014,004,15.367,ZCTA_NN;R6371;TIE_FIRST_LEX,ZCTA_NN_HAVERSINE;NOT_ELIGIBILITY;NOT_USPS_VALIDITY;NO_INVENTORY
22443,EXACT_IMLS_OUTLET_ZIP,VA0014,002,,EXACT_OUTLET;TIE_FSCSKEY_SEQ,EXACT_OUTLET;NOT_USPS_VALIDITY;NO_INVENTORY
22446,OBSERVED_REFERENCE_INDIRECT_ONLY,,,,INDIRECT_IMLS_SC;NO_FABRICATED_NEAREST,INDIRECT_IMLS_SC;NO_FABRICATED_NEAREST;NOT_REJECTED;NOT_USPS_VALIDITY;NO_INVENTORY
22448,ZCTA_NEAREST_ACTIVE_OUTLET,VA0014,002,11.101,ZCTA_NN;R6371;TIE_FIRST_LEX,ZCTA_NN_HAVERSINE;NOT_ELIGIBILITY;NOT_USPS_VALIDITY;NO_INVENTORY
22454,ZCTA_NEAREST_ACTIVE_OUTLET,VA0025,002,10.744,ZCTA_NN;R6371;TIE_FIRST_LEX,ZCTA_NN_HAVERSINE;NOT_ELIGIBILITY;NOT_USPS_VALIDITY;NO_INVENTORY
22460,ZCTA_NEAREST_ACTIVE_OUTLET,VA0090,002,12.746,ZCTA_NN;R6371;TIE_FIRST_LEX,ZCTA_NN_HAVERSINE;NOT_ELIGIBILITY;NOT_USPS_VALIDITY;NO_INVENTORY
22463,OBSERVED_REFERENCE_INDIRECT_ONLY,,,,INDIRECT_IMLS_SC;NO_FABRICATED_NEAREST,INDIRECT_IMLS_SC;NO_FABRICATED_NEAREST;NOT_REJECTED;NOT_USPS_VALIDITY;NO_INVENTORY
22469,EXACT_IMLS_OUTLET_ZIP,VA0014,003,,EXACT_OUTLET;TIE_FSCSKEY_SEQ,EXACT_OUTLET;NOT_USPS_VALIDITY;NO_INVENTORY
22472,ZCTA_NEAREST_ACTIVE_OUTLET,VA0092,002,7.837,ZCTA_NN;R6371;TIE_FIRST_LEX,ZCTA_NN_HAVERSINE;NOT_ELIGIBILITY;NOT_USPS_VALIDITY;NO_INVENTORY
22473,EXACT_IMLS_OUTLET_ZIP,VA0090,002,,EXACT_OUTLET;TIE_FSCSKEY_SEQ,EXACT_OUTLET;NOT_USPS_VALIDITY;NO_INVENTORY
22476,ZCTA_NEAREST_ACTIVE_OUTLET,VA0013,005,19.510,ZCTA_NN;R6371;TIE_FIRST_LEX,ZCTA_NN_HAVERSINE;NOT_ELIGIBILITY;NOT_USPS_VALIDITY;NO_INVENTORY
22480,ZCTA_NEAREST_ACTIVE_OUTLET,VA0041,002,6.409,ZCTA_NN;R6371;TIE_FIRST_LEX,ZCTA_NN_HAVERSINE;NOT_ELIGIBILITY;NOT_USPS_VALIDITY;NO_INVENTORY
22482,EXACT_IMLS_OUTLET_ZIP,VA0041,002,,EXACT_OUTLET;TIE_FSCSKEY_SEQ,EXACT_OUTLET;NOT_USPS_VALIDITY;NO_INVENTORY
22485,EXACT_IMLS_OUTLET_ZIP,VA0042,002,,EXACT_OUTLET;TIE_FSCSKEY_SEQ,EXACT_OUTLET;NOT_USPS_VALIDITY;NO_INVENTORY
22488,ZCTA_NEAREST_ACTIVE_OUTLET,VA0014,003,5.644,ZCTA_NN;R6371;TIE_FIRST_LEX,ZCTA_NN_HAVERSINE;NOT_ELIGIBILITY;NOT_USPS_VALIDITY;NO_INVENTORY
22501,OBSERVED_REFERENCE_INDIRECT_ONLY,,,,INDIRECT_IMLS_SC;NO_FABRICATED_NEAREST,INDIRECT_IMLS_SC;NO_FABRICATED_NEAREST;NOT_REJECTED;NOT_USPS_VALIDITY;NO_INVENTORY
22503,ZCTA_NEAREST_ACTIVE_OUTLET,VA0041,002,12.189,ZCTA_NN;R6371;TIE_FIRST_LEX,ZCTA_NN_HAVERSINE;NOT_ELIGIBILITY;NOT_USPS_VALIDITY;NO_INVENTORY
22504,ZCTA_NEAREST_ACTIVE_OUTLET,VA0050,002,19.432,ZCTA_NN;R6371;TIE_FIRST_LEX,ZCTA_NN_HAVERSINE;NOT_ELIGIBILITY;NOT_USPS_VALIDITY;NO_INVENTORY
22507,OBSERVED_REFERENCE_INDIRECT_ONLY,,,,INDIRECT_IMLS_SC;NO_FABRICATED_NEAREST,INDIRECT_IMLS_SC;NO_FABRICATED_NEAREST;NOT_REJECTED;NOT_USPS_VALIDITY;NO_INVENTORY
22508,EXACT_IMLS_OUTLET_ZIP,VA0056,003,,EXACT_OUTLET;TIE_FSCSKEY_SEQ,EXACT_OUTLET;NOT_USPS_VALIDITY;NO_INVENTORY
22509,ZCTA_NEAREST_ACTIVE_OUTLET,VA0013,005,12.656,ZCTA_NN;R6371;TIE_FIRST_LEX,ZCTA_NN_HAVERSINE;NOT_ELIGIBILITY;NOT_USPS_VALIDITY;NO_INVENTORY
22511,ZCTA_NEAREST_ACTIVE_OUTLET,VA0090,002,7.084,ZCTA_NN;R6371;TIE_FIRST_LEX,ZCTA_NN_HAVERSINE;NOT_ELIGIBILITY;NOT_USPS_VALIDITY;NO_INVENTORY
22514,EXACT_IMLS_SYSTEM_ZIP,VA0013,,,EXACT_SYSTEM;TIE_FSCSKEY,EXACT_SYSTEM_ADMIN;NOT_NEARBY_OUTLET;NOT_USPS_VALIDITY;NO_INVENTORY
22517,OBSERVED_REFERENCE_INDIRECT_ONLY,,,,INDIRECT_IMLS_SC;NO_FABRICATED_NEAREST,INDIRECT_IMLS_SC;NO_FABRICATED_NEAREST;NOT_REJECTED;NOT_USPS_VALIDITY;NO_INVENTORY
22520,EXACT_IMLS_OUTLET_ZIP,VA0014,004,,EXACT_OUTLET;TIE_FSCSKEY_SEQ,EXACT_OUTLET;NOT_USPS_VALIDITY;NO_INVENTORY
22529,ZCTA_NEAREST_ACTIVE_OUTLET,VA0014,003,7.594,ZCTA_NN;R6371;TIE_FIRST_LEX,ZCTA_NN_HAVERSINE;NOT_ELIGIBILITY;NOT_USPS_VALIDITY;NO_INVENTORY
22530,OBSERVED_REFERENCE_INDIRECT_ONLY,,,,INDIRECT_IMLS_SC;NO_FABRICATED_NEAREST,INDIRECT_IMLS_SC;NO_FABRICATED_NEAREST;NOT_REJECTED;NOT_USPS_VALIDITY;NO_INVENTORY
22534,ZCTA_NEAREST_ACTIVE_OUTLET,VA0014,006,14.051,ZCTA_NN;R6371;TIE_FIRST_LEX,ZCTA_NN_HAVERSINE;NOT_ELIGIBILITY;NOT_USPS_VALIDITY;NO_INVENTORY
22535,EXACT_IMLS_OUTLET_ZIP,VA0013,005,,EXACT_OUTLET;TIE_FSCSKEY_SEQ,EXACT_OUTLET;NOT_USPS_VALIDITY;NO_INVENTORY
22538,ZCTA_NEAREST_ACTIVE_OUTLET,VA0013,005,7.743,ZCTA_NN;R6371;TIE_FIRST_LEX,ZCTA_NN_HAVERSINE;NOT_ELIGIBILITY;NOT_USPS_VALIDITY;NO_INVENTORY
22539,ZCTA_NEAREST_ACTIVE_OUTLET,VA0090,002,17.671,ZCTA_NN;R6371;TIE_FIRST_LEX,ZCTA_NN_HAVERSINE;NOT_ELIGIBILITY;NOT_USPS_VALIDITY;NO_INVENTORY
22542,ZCTA_NEAREST_ACTIVE_OUTLET,VA0056,003,10.101,ZCTA_NN;R6371;TIE_FIRST_LEX,ZCTA_NN_HAVERSINE;NOT_ELIGIBILITY;NOT_USPS_VALIDITY;NO_INVENTORY
22546,EXACT_IMLS_OUTLET_ZIP,VA0013,004,,EXACT_OUTLET;TIE_FSCSKEY_SEQ,EXACT_OUTLET;NOT_USPS_VALIDITY;NO_INVENTORY
22548,ZCTA_NEAREST_ACTIVE_OUTLET,VA0092,002,15.444,ZCTA_NN;R6371;TIE_FIRST_LEX,ZCTA_NN_HAVERSINE;NOT_ELIGIBILITY;NOT_USPS_VALIDITY;NO_INVENTORY
22551,ZCTA_NEAREST_ACTIVE_OUTLET,VA0014,006,10.061,ZCTA_NN;R6371;TIE_FIRST_LEX,ZCTA_NN_HAVERSINE;NOT_ELIGIBILITY;NOT_USPS_VALIDITY;NO_INVENTORY
22553,EXACT_IMLS_OUTLET_ZIP,VA0014,006,,EXACT_OUTLET;TIE_FSCSKEY_SEQ,EXACT_OUTLET;NOT_USPS_VALIDITY;NO_INVENTORY
22554,EXACT_IMLS_OUTLET_ZIP,VA0014,005,,EXACT_OUTLET;TIE_FSCSKEY_SEQ,EXACT_OUTLET;NOT_USPS_VALIDITY;NO_INVENTORY
22555,OBSERVED_REFERENCE_INDIRECT_ONLY,,,,INDIRECT_IMLS_SC;NO_FABRICATED_NEAREST,INDIRECT_IMLS_SC;NO_FABRICATED_NEAREST;NOT_REJECTED;NOT_USPS_VALIDITY;NO_INVENTORY
22556,ZCTA_NEAREST_ACTIVE_OUTLET,VA0014,005,6.470,ZCTA_NN;R6371;TIE_FIRST_LEX,ZCTA_NN_HAVERSINE;NOT_ELIGIBILITY;NOT_USPS_VALIDITY;NO_INVENTORY
22560,EXACT_IMLS_OUTLET_ZIP,VA0025,002,,EXACT_OUTLET;TIE_FSCSKEY_SEQ,EXACT_OUTLET;NOT_USPS_VALIDITY;NO_INVENTORY
22565,OBSERVED_REFERENCE_INDIRECT_ONLY,,,,INDIRECT_IMLS_SC;NO_FABRICATED_NEAREST,INDIRECT_IMLS_SC;NO_FABRICATED_NEAREST;NOT_REJECTED;NOT_USPS_VALIDITY;NO_INVENTORY
22567,ZCTA_NEAREST_ACTIVE_OUTLET,VA0056,003,15.425,ZCTA_NN;R6371;TIE_FIRST_LEX,ZCTA_NN_HAVERSINE;NOT_ELIGIBILITY;NOT_USPS_VALIDITY;NO_INVENTORY
22570,OBSERVED_REFERENCE_INDIRECT_ONLY,,,,INDIRECT_IMLS_SC;NO_FABRICATED_NEAREST,INDIRECT_IMLS_SC;NO_FABRICATED_NEAREST;NOT_REJECTED;NOT_USPS_VALIDITY;NO_INVENTORY
22572,EXACT_IMLS_OUTLET_ZIP,VA0092,002,,EXACT_OUTLET;TIE_FSCSKEY_SEQ,EXACT_OUTLET;NOT_USPS_VALIDITY;NO_INVENTORY
22576,ZCTA_NEAREST_ACTIVE_OUTLET,VA0041,002,6.848,ZCTA_NN;R6371;TIE_FIRST_LEX,ZCTA_NN_HAVERSINE;NOT_ELIGIBILITY;NOT_USPS_VALIDITY;NO_INVENTORY
22578,ZCTA_NEAREST_ACTIVE_OUTLET,VA0041,002,8.891,ZCTA_NN;R6371;TIE_FIRST_LEX,ZCTA_NN_HAVERSINE;NOT_ELIGIBILITY;NOT_USPS_VALIDITY;NO_INVENTORY
22579,OBSERVED_REFERENCE_INDIRECT_ONLY,,,,INDIRECT_IMLS_SC;NO_FABRICATED_NEAREST,INDIRECT_IMLS_SC;NO_FABRICATED_NEAREST;NOT_REJECTED;NOT_USPS_VALIDITY;NO_INVENTORY
22580,ZCTA_NEAREST_ACTIVE_OUTLET,VA0013,004,12.290,ZCTA_NN;R6371;TIE_FIRST_LEX,ZCTA_NN_HAVERSINE;NOT_ELIGIBILITY;NOT_USPS_VALIDITY;NO_INVENTORY
22601,EXACT_IMLS_OUTLET_ZIP,VA0035,003,,EXACT_OUTLET;TIE_FSCSKEY_SEQ,EXACT_OUTLET;NOT_USPS_VALIDITY;NO_INVENTORY
22602,ZCTA_NEAREST_ACTIVE_OUTLET,VA0035,008,9.538,ZCTA_NN;R6371;TIE_FIRST_LEX,ZCTA_NN_HAVERSINE;NOT_ELIGIBILITY;NOT_USPS_VALIDITY;NO_INVENTORY
22603,ZCTA_NEAREST_ACTIVE_OUTLET,VA0035,003,10.141,ZCTA_NN;R6371;TIE_FIRST_LEX,ZCTA_NN_HAVERSINE;NOT_ELIGIBILITY;NOT_USPS_VALIDITY;NO_INVENTORY
22604,OBSERVED_REFERENCE_INDIRECT_ONLY,,,,INDIRECT_IMLS_SC;NO_FABRICATED_NEAREST,INDIRECT_IMLS_SC;NO_FABRICATED_NEAREST;NOT_REJECTED;NOT_USPS_VALIDITY;NO_INVENTORY
22610,ZCTA_NEAREST_ACTIVE_OUTLET,VA0075,002,11.988,ZCTA_NN;R6371;TIE_FIRST_LEX,ZCTA_NN_HAVERSINE;NOT_ELIGIBILITY;NOT_USPS_VALIDITY;NO_INVENTORY
22611,EXACT_IMLS_OUTLET_ZIP,VA0035,002,,EXACT_OUTLET;TIE_FSCSKEY_SEQ,EXACT_OUTLET;NOT_USPS_VALIDITY;NO_INVENTORY
22620,ZCTA_NEAREST_ACTIVE_OUTLET,VA0035,002,10.739,ZCTA_NN;R6371;TIE_FIRST_LEX,ZCTA_NN_HAVERSINE;NOT_ELIGIBILITY;NOT_USPS_VALIDITY;NO_INVENTORY
22623,ZCTA_NEAREST_ACTIVE_OUTLET,VA0075,002,7.448,ZCTA_NN;R6371;TIE_FIRST_LEX,ZCTA_NN_HAVERSINE;NOT_ELIGIBILITY;NOT_USPS_VALIDITY;NO_INVENTORY
22624,ZCTA_NEAREST_ACTIVE_OUTLET,VA0035,003,10.254,ZCTA_NN;R6371;TIE_FIRST_LEX,ZCTA_NN_HAVERSINE;NOT_ELIGIBILITY;NOT_USPS_VALIDITY;NO_INVENTORY
22625,ZCTA_NEAREST_ACTIVE_OUTLET,WV0052,002,13.857,ZCTA_NN;R6371;TIE_FIRST_LEX,ZCTA_NN_HAVERSINE;NOT_ELIGIBILITY;NOT_USPS_VALIDITY;NO_INVENTORY
22627,ZCTA_NEAREST_ACTIVE_OUTLET,VA0067,002,6.440,ZCTA_NN;R6371;TIE_FIRST_LEX,ZCTA_NN_HAVERSINE;NOT_ELIGIBILITY;NOT_USPS_VALIDITY;NO_INVENTORY
22630,EXACT_IMLS_OUTLET_ZIP,VA0075,002,,EXACT_OUTLET;TIE_FSCSKEY_SEQ,EXACT_OUTLET;NOT_USPS_VALIDITY;NO_INVENTORY
22637,ZCTA_NEAREST_ACTIVE_OUTLET,WV0052,002,8.061,ZCTA_NN;R6371;TIE_FIRST_LEX,ZCTA_NN_HAVERSINE;NOT_ELIGIBILITY;NOT_USPS_VALIDITY;NO_INVENTORY
22639,ZCTA_NEAREST_ACTIVE_OUTLET,VA0075,002,14.951,ZCTA_NN;R6371;TIE_FIRST_LEX,ZCTA_NN_HAVERSINE;NOT_ELIGIBILITY;NOT_USPS_VALIDITY;NO_INVENTORY
22640,ZCTA_NEAREST_ACTIVE_OUTLET,VA0067,002,10.775,ZCTA_NN;R6371;TIE_FIRST_LEX,ZCTA_NN_HAVERSINE;NOT_ELIGIBILITY;NOT_USPS_VALIDITY;NO_INVENTORY
22641,ZCTA_NEAREST_ACTIVE_OUTLET,VA0076,010,10.926,ZCTA_NN;R6371;TIE_FIRST_LEX,ZCTA_NN_HAVERSINE;NOT_ELIGIBILITY;NOT_USPS_VALIDITY;NO_INVENTORY
22642,ZCTA_NEAREST_ACTIVE_OUTLET,VA0075,002,14.658,ZCTA_NN;R6371;TIE_FIRST_LEX,ZCTA_NN_HAVERSINE;NOT_ELIGIBILITY;NOT_USPS_VALIDITY;NO_INVENTORY
22643,ZCTA_NEAREST_ACTIVE_OUTLET,VA0028,005,13.861,ZCTA_NN;R6371;TIE_FIRST_LEX,ZCTA_NN_HAVERSINE;NOT_ELIGIBILITY;NOT_USPS_VALIDITY;NO_INVENTORY
22644,ZCTA_NEAREST_ACTIVE_OUTLET,VA0076,002,15.525,ZCTA_NN;R6371;TIE_FIRST_LEX,ZCTA_NN_HAVERSINE;NOT_ELIGIBILITY;NOT_USPS_VALIDITY;NO_INVENTORY
22645,ZCTA_NEAREST_ACTIVE_OUTLET,VA0076,010,8.343,ZCTA_NN;R6371;TIE_FIRST_LEX,ZCTA_NN_HAVERSINE;NOT_ELIGIBILITY;NOT_USPS_VALIDITY;NO_INVENTORY
22646,ZCTA_NEAREST_ACTIVE_OUTLET,VA0035,002,10.314,ZCTA_NN;R6371;TIE_FIRST_LEX,ZCTA_NN_HAVERSINE;NOT_ELIGIBILITY;NOT_USPS_VALIDITY;NO_INVENTORY
22650,ZCTA_NEAREST_ACTIVE_OUTLET,VA0076,013,10.287,ZCTA_NN;R6371;TIE_FIRST_LEX,ZCTA_NN_HAVERSINE;NOT_ELIGIBILITY;NOT_USPS_VALIDITY;NO_INVENTORY
22652,EXACT_IMLS_OUTLET_ZIP,VA0076,013,,EXACT_OUTLET;TIE_FSCSKEY_SEQ,EXACT_OUTLET;NOT_USPS_VALIDITY;NO_INVENTORY
22654,ZCTA_NEAREST_ACTIVE_OUTLET,VA0076,010,12.159,ZCTA_NN;R6371;TIE_FIRST_LEX,ZCTA_NN_HAVERSINE;NOT_ELIGIBILITY;NOT_USPS_VALIDITY;NO_INVENTORY
22655,EXACT_IMLS_OUTLET_ZIP,VA0035,008,,EXACT_OUTLET;TIE_FSCSKEY_SEQ,EXACT_OUTLET;NOT_USPS_VALIDITY;NO_INVENTORY
22656,ZCTA_NEAREST_ACTIVE_OUTLET,VA0035,003,6.742,ZCTA_NN;R6371;TIE_FIRST_LEX,ZCTA_NN_HAVERSINE;NOT_ELIGIBILITY;NOT_USPS_VALIDITY;NO_INVENTORY
22657,EXACT_IMLS_OUTLET_ZIP,VA0076,010,,EXACT_OUTLET;TIE_FSCSKEY_SEQ,EXACT_OUTLET;NOT_USPS_VALIDITY;NO_INVENTORY
22660,ZCTA_NEAREST_ACTIVE_OUTLET,VA0076,010,7.679,ZCTA_NN;R6371;TIE_FIRST_LEX,ZCTA_NN_HAVERSINE;NOT_ELIGIBILITY;NOT_USPS_VALIDITY;NO_INVENTORY
22663,ZCTA_NEAREST_ACTIVE_OUTLET,VA0035,008,8.527,ZCTA_NN;R6371;TIE_FIRST_LEX,ZCTA_NN_HAVERSINE;NOT_ELIGIBILITY;NOT_USPS_VALIDITY;NO_INVENTORY
22664,ZCTA_NEAREST_ACTIVE_OUTLET,VA0076,002,7.567,ZCTA_NN;R6371;TIE_FIRST_LEX,ZCTA_NN_HAVERSINE;NOT_ELIGIBILITY;NOT_USPS_VALIDITY;NO_INVENTORY
22701,EXACT_IMLS_OUTLET_ZIP,VA0021,002,,EXACT_OUTLET;TIE_FSCSKEY_SEQ,EXACT_OUTLET;NOT_USPS_VALIDITY;NO_INVENTORY
22709,ZCTA_NEAREST_ACTIVE_OUTLET,VA0046,002,7.054,ZCTA_NN;R6371;TIE_FIRST_LEX,ZCTA_NN_HAVERSINE;NOT_ELIGIBILITY;NOT_USPS_VALIDITY;NO_INVENTORY
22711,ZCTA_NEAREST_ACTIVE_OUTLET,VA0046,002,8.743,ZCTA_NN;R6371;TIE_FIRST_LEX,ZCTA_NN_HAVERSINE;NOT_ELIGIBILITY;NOT_USPS_VALIDITY;NO_INVENTORY
22712,EXACT_IMLS_OUTLET_ZIP,VA0028,004,,EXACT_OUTLET;TIE_FSCSKEY_SEQ,EXACT_OUTLET;NOT_USPS_VALIDITY;NO_INVENTORY
22713,ZCTA_NEAREST_ACTIVE_OUTLET,VA0021,002,14.102,ZCTA_NN;R6371;TIE_FIRST_LEX,ZCTA_NN_HAVERSINE;NOT_ELIGIBILITY;NOT_USPS_VALIDITY;NO_INVENTORY
22714,ZCTA_NEAREST_ACTIVE_OUTLET,VA0021,002,11.047,ZCTA_NN;R6371;TIE_FIRST_LEX,ZCTA_NN_HAVERSINE;NOT_ELIGIBILITY;NOT_USPS_VALIDITY;NO_INVENTORY
22715,ZCTA_NEAREST_ACTIVE_OUTLET,VA0046,002,6.954,ZCTA_NN;R6371;TIE_FIRST_LEX,ZCTA_NN_HAVERSINE;NOT_ELIGIBILITY;NOT_USPS_VALIDITY;NO_INVENTORY
22716,ZCTA_NEAREST_ACTIVE_OUTLET,VA0067,002,10.076,ZCTA_NN;R6371;TIE_FIRST_LEX,ZCTA_NN_HAVERSINE;NOT_ELIGIBILITY;NOT_USPS_VALIDITY;NO_INVENTORY
22718,ZCTA_NEAREST_ACTIVE_OUTLET,VA0028,004,14.251,ZCTA_NN;R6371;TIE_FIRST_LEX,ZCTA_NN_HAVERSINE;NOT_ELIGIBILITY;NOT_USPS_VALIDITY;NO_INVENTORY
22719,ZCTA_NEAREST_ACTIVE_OUTLET,VA0046,002,16.257,ZCTA_NN;R6371;TIE_FIRST_LEX,ZCTA_NN_HAVERSINE;NOT_ELIGIBILITY;NOT_USPS_VALIDITY;NO_INVENTORY
22720,ZCTA_NEAREST_ACTIVE_OUTLET,VA0028,004,14.649,ZCTA_NN;R6371;TIE_FIRST_LEX,ZCTA_NN_HAVERSINE;NOT_ELIGIBILITY;NOT_USPS_VALIDITY;NO_INVENTORY
22722,ZCTA_NEAREST_ACTIVE_OUTLET,VA0046,002,9.500,ZCTA_NN;R6371;TIE_FIRST_LEX,ZCTA_NN_HAVERSINE;NOT_ELIGIBILITY;NOT_USPS_VALIDITY;NO_INVENTORY
22723,ZCTA_NEAREST_ACTIVE_OUTLET,VA0040,005,6.517,ZCTA_NN;R6371;TIE_FIRST_LEX,ZCTA_NN_HAVERSINE;NOT_ELIGIBILITY;NOT_USPS_VALIDITY;NO_INVENTORY
22724,ZCTA_NEAREST_ACTIVE_OUTLET,VA0028,002,13.160,ZCTA_NN;R6371;TIE_FIRST_LEX,ZCTA_NN_HAVERSINE;NOT_ELIGIBILITY;NOT_USPS_VALIDITY;NO_INVENTORY
22725,ZCTA_NEAREST_ACTIVE_OUTLET,VA0046,002,10.656,ZCTA_NN;R6371;TIE_FIRST_LEX,ZCTA_NN_HAVERSINE;NOT_ELIGIBILITY;NOT_USPS_VALIDITY;NO_INVENTORY
22726,ZCTA_NEAREST_ACTIVE_OUTLET,VA0056,003,9.988,ZCTA_NN;R6371;TIE_FIRST_LEX,ZCTA_NN_HAVERSINE;NOT_ELIGIBILITY;NOT_USPS_VALIDITY;NO_INVENTORY
22727,EXACT_IMLS_OUTLET_ZIP,VA0046,002,,EXACT_OUTLET;TIE_FSCSKEY_SEQ,EXACT_OUTLET;NOT_USPS_VALIDITY;NO_INVENTORY
22728,ZCTA_NEAREST_ACTIVE_OUTLET,VA0028,004,7.143,ZCTA_NN;R6371;TIE_FIRST_LEX,ZCTA_NN_HAVERSINE;NOT_ELIGIBILITY;NOT_USPS_VALIDITY;NO_INVENTORY
22729,ZCTA_NEAREST_ACTIVE_OUTLET,VA0021,002,12.282,ZCTA_NN;R6371;TIE_FIRST_LEX,ZCTA_NN_HAVERSINE;NOT_ELIGIBILITY;NOT_USPS_VALIDITY;NO_INVENTORY
22730,ZCTA_NEAREST_ACTIVE_OUTLET,VA0046,002,8.223,ZCTA_NN;R6371;TIE_FIRST_LEX,ZCTA_NN_HAVERSINE;NOT_ELIGIBILITY;NOT_USPS_VALIDITY;NO_INVENTORY
22731,ZCTA_NEAREST_ACTIVE_OUTLET,VA0046,002,4.426,ZCTA_NN;R6371;TIE_FIRST_LEX,ZCTA_NN_HAVERSINE;NOT_ELIGIBILITY;NOT_USPS_VALIDITY;NO_INVENTORY
22732,ZCTA_NEAREST_ACTIVE_OUTLET,VA0056,002,9.801,ZCTA_NN;R6371;TIE_FIRST_LEX,ZCTA_NN_HAVERSINE;NOT_ELIGIBILITY;NOT_USPS_VALIDITY;NO_INVENTORY
22733,ZCTA_NEAREST_ACTIVE_OUTLET,VA0056,002,10.374,ZCTA_NN;R6371;TIE_FIRST_LEX,ZCTA_NN_HAVERSINE;NOT_ELIGIBILITY;NOT_USPS_VALIDITY;NO_INVENTORY
22734,ZCTA_NEAREST_ACTIVE_OUTLET,VA0028,004,6.807,ZCTA_NN;R6371;TIE_FIRST_LEX,ZCTA_NN_HAVERSINE;NOT_ELIGIBILITY;NOT_USPS_VALIDITY;NO_INVENTORY
22735,ZCTA_NEAREST_ACTIVE_OUTLET,VA0046,002,12.417,ZCTA_NN;R6371;TIE_FIRST_LEX,ZCTA_NN_HAVERSINE;NOT_ELIGIBILITY;NOT_USPS_VALIDITY;NO_INVENTORY
22736,ZCTA_NEAREST_ACTIVE_OUTLET,VA0056,003,12.031,ZCTA_NN;R6371;TIE_FIRST_LEX,ZCTA_NN_HAVERSINE;NOT_ELIGIBILITY;NOT_USPS_VALIDITY;NO_INVENTORY
22737,ZCTA_NEAREST_ACTIVE_OUTLET,VA0021,002,14.415,ZCTA_NN;R6371;TIE_FIRST_LEX,ZCTA_NN_HAVERSINE;NOT_ELIGIBILITY;NOT_USPS_VALIDITY;NO_INVENTORY
22738,ZCTA_NEAREST_ACTIVE_OUTLET,VA0046,002,11.291,ZCTA_NN;R6371;TIE_FIRST_LEX,ZCTA_NN_HAVERSINE;NOT_ELIGIBILITY;NOT_USPS_VALIDITY;NO_INVENTORY
22740,ZCTA_NEAREST_ACTIVE_OUTLET,VA0067,002,14.426,ZCTA_NN;R6371;TIE_FIRST_LEX,ZCTA_NN_HAVERSINE;NOT_ELIGIBILITY;NOT_USPS_VALIDITY;NO_INVENTORY
22741,ZCTA_NEAREST_ACTIVE_OUTLET,VA0021,002,12.082,ZCTA_NN;R6371;TIE_FIRST_LEX,ZCTA_NN_HAVERSINE;NOT_ELIGIBILITY;NOT_USPS_VALIDITY;NO_INVENTORY
22742,ZCTA_NEAREST_ACTIVE_OUTLET,VA0028,004,13.389,ZCTA_NN;R6371;TIE_FIRST_LEX,ZCTA_NN_HAVERSINE;NOT_ELIGIBILITY;NOT_USPS_VALIDITY;NO_INVENTORY
22743,ZCTA_NEAREST_ACTIVE_OUTLET,VA0072,003,15.328,ZCTA_NN;R6371;TIE_FIRST_LEX,ZCTA_NN_HAVERSINE;NOT_ELIGIBILITY;NOT_USPS_VALIDITY;NO_INVENTORY
22746,ZCTA_NEAREST_ACTIVE_OUTLET,VA0067,002,15.275,ZCTA_NN;R6371;TIE_FIRST_LEX,ZCTA_NN_HAVERSINE;NOT_ELIGIBILITY;NOT_USPS_VALIDITY;NO_INVENTORY
22747,EXACT_IMLS_OUTLET_ZIP,VA0067,002,,EXACT_OUTLET;TIE_FSCSKEY_SEQ,EXACT_OUTLET;NOT_USPS_VALIDITY;NO_INVENTORY
22749,ZCTA_NEAREST_ACTIVE_OUTLET,VA0067,002,11.048,ZCTA_NN;R6371;TIE_FIRST_LEX,ZCTA_NN_HAVERSINE;NOT_ELIGIBILITY;NOT_USPS_VALIDITY;NO_INVENTORY
22801,EXACT_IMLS_OUTLET_ZIP,VA0072,002,,EXACT_OUTLET;TIE_FSCSKEY_SEQ,EXACT_OUTLET;NOT_USPS_VALIDITY;NO_INVENTORY
22802,ZCTA_NEAREST_ACTIVE_OUTLET,VA0072,002,5.246,ZCTA_NN;R6371;TIE_FIRST_LEX,ZCTA_NN_HAVERSINE;NOT_ELIGIBILITY;NOT_USPS_VALIDITY;NO_INVENTORY
22803,OBSERVED_REFERENCE_INDIRECT_ONLY,,,,INDIRECT_IMLS_SC;NO_FABRICATED_NEAREST,INDIRECT_IMLS_SC;NO_FABRICATED_NEAREST;NOT_REJECTED;NOT_USPS_VALIDITY;NO_INVENTORY
22807,ZCTA_NEAREST_ACTIVE_OUTLET,VA0072,002,1.440,ZCTA_NN;R6371;TIE_FIRST_LEX,ZCTA_NN_HAVERSINE;NOT_ELIGIBILITY;NOT_USPS_VALIDITY;NO_INVENTORY
22810,EXACT_IMLS_OUTLET_ZIP,VA0076,012,,EXACT_OUTLET;TIE_FSCSKEY_SEQ,EXACT_OUTLET;NOT_USPS_VALIDITY;NO_INVENTORY
22811,ZCTA_NEAREST_ACTIVE_OUTLET,VA0076,012,17.485,ZCTA_NN;R6371;TIE_FIRST_LEX,ZCTA_NN_HAVERSINE;NOT_ELIGIBILITY;NOT_USPS_VALIDITY;NO_INVENTORY
22812,EXACT_IMLS_OUTLET_ZIP,VA0072,009,,EXACT_OUTLET;TIE_FSCSKEY_SEQ,EXACT_OUTLET;NOT_USPS_VALIDITY;NO_INVENTORY
22815,EXACT_IMLS_OUTLET_ZIP,VA0072,004,,EXACT_OUTLET;TIE_FSCSKEY_SEQ,EXACT_OUTLET;NOT_USPS_VALIDITY;NO_INVENTORY
22820,ZCTA_NEAREST_ACTIVE_OUTLET,VA0076,012,17.983,ZCTA_NN;R6371;TIE_FIRST_LEX,ZCTA_NN_HAVERSINE;NOT_ELIGIBILITY;NOT_USPS_VALIDITY;NO_INVENTORY
22821,ZCTA_NEAREST_ACTIVE_OUTLET,VA0072,009,17.470,ZCTA_NN;R6371;TIE_FIRST_LEX,ZCTA_NN_HAVERSINE;NOT_ELIGIBILITY;NOT_USPS_VALIDITY;NO_INVENTORY
22824,EXACT_IMLS_OUTLET_ZIP,VA0076,002,,EXACT_OUTLET;TIE_FSCSKEY_SEQ,EXACT_OUTLET;NOT_USPS_VALIDITY;NO_INVENTORY
22827,EXACT_IMLS_OUTLET_ZIP,VA0072,007,,EXACT_OUTLET;TIE_FSCSKEY_SEQ,EXACT_OUTLET;NOT_USPS_VALIDITY;NO_INVENTORY
22830,ZCTA_NEAREST_ACTIVE_OUTLET,VA0072,004,16.390,ZCTA_NN;R6371;TIE_FIRST_LEX,ZCTA_NN_HAVERSINE;NOT_ELIGIBILITY;NOT_USPS_VALIDITY;NO_INVENTORY
22831,ZCTA_NEAREST_ACTIVE_OUTLET,WV0049,002,20.412,ZCTA_NN;R6371;TIE_FIRST_LEX,ZCTA_NN_HAVERSINE;NOT_ELIGIBILITY;NOT_USPS_VALIDITY;NO_INVENTORY
22832,ZCTA_NEAREST_ACTIVE_OUTLET,VA0072,002,9.808,ZCTA_NN;R6371;TIE_FIRST_LEX,ZCTA_NN_HAVERSINE;NOT_ELIGIBILITY;NOT_USPS_VALIDITY;NO_INVENTORY
22834,ZCTA_NEAREST_ACTIVE_OUTLET,VA0072,004,7.902,ZCTA_NN;R6371;TIE_FIRST_LEX,ZCTA_NN_HAVERSINE;NOT_ELIGIBILITY;NOT_USPS_VALIDITY;NO_INVENTORY
22835,EXACT_IMLS_OUTLET_ZIP,VA0072,003,,EXACT_OUTLET;TIE_FSCSKEY_SEQ,EXACT_OUTLET;NOT_USPS_VALIDITY;NO_INVENTORY
22840,ZCTA_NEAREST_ACTIVE_OUTLET,VA0072,007,11.589,ZCTA_NN;R6371;TIE_FIRST_LEX,ZCTA_NN_HAVERSINE;NOT_ELIGIBILITY;NOT_USPS_VALIDITY;NO_INVENTORY
22841,ZCTA_NEAREST_ACTIVE_OUTLET,VA0006,009,6.641,ZCTA_NN;R6371;TIE_FIRST_LEX,ZCTA_NN_HAVERSINE;NOT_ELIGIBILITY;NOT_USPS_VALIDITY;NO_INVENTORY
22842,EXACT_IMLS_OUTLET_ZIP,VA0076,014,,EXACT_OUTLET;TIE_FSCSKEY_SEQ,EXACT_OUTLET;NOT_USPS_VALIDITY;NO_INVENTORY
22843,ZCTA_NEAREST_ACTIVE_OUTLET,VA0072,009,15.678,ZCTA_NN;R6371;TIE_FIRST_LEX,ZCTA_NN_HAVERSINE;NOT_ELIGIBILITY;NOT_USPS_VALIDITY;NO_INVENTORY
22844,EXACT_IMLS_OUTLET_ZIP,VA0076,011,,EXACT_OUTLET;TIE_FSCSKEY_SEQ,EXACT_OUTLET;NOT_USPS_VALIDITY;NO_INVENTORY
22845,ZCTA_NEAREST_ACTIVE_OUTLET,VA0076,012,5.728,ZCTA_NN;R6371;TIE_FIRST_LEX,ZCTA_NN_HAVERSINE;NOT_ELIGIBILITY;NOT_USPS_VALIDITY;NO_INVENTORY
22846,ZCTA_NEAREST_ACTIVE_OUTLET,VA0072,002,9.421,ZCTA_NN;R6371;TIE_FIRST_LEX,ZCTA_NN_HAVERSINE;NOT_ELIGIBILITY;NOT_USPS_VALIDITY;NO_INVENTORY
22847,ZCTA_NEAREST_ACTIVE_OUTLET,VA0076,014,7.032,ZCTA_NN;R6371;TIE_FIRST_LEX,ZCTA_NN_HAVERSINE;NOT_ELIGIBILITY;NOT_USPS_VALIDITY;NO_INVENTORY
22849,EXACT_IMLS_OUTLET_ZIP,VA0072,008,,EXACT_OUTLET;TIE_FSCSKEY_SEQ,EXACT_OUTLET;NOT_USPS_VALIDITY;NO_INVENTORY
22850,ZCTA_NEAREST_ACTIVE_OUTLET,VA0072,004,11.230,ZCTA_NN;R6371;TIE_FIRST_LEX,ZCTA_NN_HAVERSINE;NOT_ELIGIBILITY;NOT_USPS_VALIDITY;NO_INVENTORY
22851,ZCTA_NEAREST_ACTIVE_OUTLET,VA0072,008,12.042,ZCTA_NN;R6371;TIE_FIRST_LEX,ZCTA_NN_HAVERSINE;NOT_ELIGIBILITY;NOT_USPS_VALIDITY;NO_INVENTORY
22853,ZCTA_NEAREST_ACTIVE_OUTLET,VA0072,004,5.362,ZCTA_NN;R6371;TIE_FIRST_LEX,ZCTA_NN_HAVERSINE;NOT_ELIGIBILITY;NOT_USPS_VALIDITY;NO_INVENTORY
22901,EXACT_IMLS_OUTLET_ZIP,VA0040,009,,EXACT_OUTLET;TIE_FSCSKEY_SEQ,EXACT_OUTLET;NOT_USPS_VALIDITY;NO_INVENTORY
22902,EXACT_IMLS_OUTLET_ZIP,VA0040,002,,EXACT_OUTLET;TIE_FSCSKEY_SEQ,EXACT_OUTLET;NOT_USPS_VALIDITY;NO_INVENTORY
22903,EXACT_IMLS_OUTLET_ZIP,VA0040,004,,EXACT_OUTLET;TIE_FSCSKEY_SEQ,EXACT_OUTLET;NOT_USPS_VALIDITY;NO_INVENTORY
22904,ZCTA_NEAREST_ACTIVE_OUTLET,VA0040,004,1.221,ZCTA_NN;R6371;TIE_FIRST_LEX,ZCTA_NN_HAVERSINE;NOT_ELIGIBILITY;NOT_USPS_VALIDITY;NO_INVENTORY
22905,OBSERVED_REFERENCE_INDIRECT_ONLY,,,,INDIRECT_IMLS_SC;NO_FABRICATED_NEAREST,INDIRECT_IMLS_SC;NO_FABRICATED_NEAREST;NOT_REJECTED;NOT_USPS_VALIDITY;NO_INVENTORY
22906,OBSERVED_REFERENCE_INDIRECT_ONLY,,,,INDIRECT_IMLS_SC;NO_FABRICATED_NEAREST,INDIRECT_IMLS_SC;NO_FABRICATED_NEAREST;NOT_REJECTED;NOT_USPS_VALIDITY;NO_INVENTORY
22908,ZCTA_NEAREST_ACTIVE_OUTLET,VA0040,004,0.994,ZCTA_NN;R6371;TIE_FIRST_LEX,ZCTA_NN_HAVERSINE;NOT_ELIGIBILITY;NOT_USPS_VALIDITY;NO_INVENTORY
22909,OBSERVED_REFERENCE_INDIRECT_ONLY,,,,INDIRECT_IMLS_SC;NO_FABRICATED_NEAREST,INDIRECT_IMLS_SC;NO_FABRICATED_NEAREST;NOT_REJECTED;NOT_USPS_VALIDITY;NO_INVENTORY
22911,ZCTA_NEAREST_ACTIVE_OUTLET,VA0040,009,5.929,ZCTA_NN;R6371;TIE_FIRST_LEX,ZCTA_NN_HAVERSINE;NOT_ELIGIBILITY;NOT_USPS_VALIDITY;NO_INVENTORY
22920,ZCTA_NEAREST_ACTIVE_OUTLET,VA0085,002,12.975,ZCTA_NN;R6371;TIE_FIRST_LEX,ZCTA_NN_HAVERSINE;NOT_ELIGIBILITY;NOT_USPS_VALIDITY;NO_INVENTORY
22922,ZCTA_NEAREST_ACTIVE_OUTLET,VA0040,007,8.135,ZCTA_NN;R6371;TIE_FIRST_LEX,ZCTA_NN_HAVERSINE;NOT_ELIGIBILITY;NOT_USPS_VALIDITY;NO_INVENTORY
22923,ZCTA_NEAREST_ACTIVE_OUTLET,VA0056,005,12.555,ZCTA_NN;R6371;TIE_FIRST_LEX,ZCTA_NN_HAVERSINE;NOT_ELIGIBILITY;NOT_USPS_VALIDITY;NO_INVENTORY
22924,OBSERVED_REFERENCE_INDIRECT_ONLY,,,,INDIRECT_IMLS_SC;NO_FABRICATED_NEAREST,INDIRECT_IMLS_SC;NO_FABRICATED_NEAREST;NOT_REJECTED;NOT_USPS_VALIDITY;NO_INVENTORY
22931,ZCTA_NEAREST_ACTIVE_OUTLET,VA0040,003,18.981,ZCTA_NN;R6371;TIE_FIRST_LEX,ZCTA_NN_HAVERSINE;NOT_ELIGIBILITY;NOT_USPS_VALIDITY;NO_INVENTORY
22932,EXACT_IMLS_OUTLET_ZIP,VA0040,003,,EXACT_OUTLET;TIE_FSCSKEY_SEQ,EXACT_OUTLET;NOT_USPS_VALIDITY;NO_INVENTORY
22935,ZCTA_NEAREST_ACTIVE_OUTLET,VA0040,005,11.899,ZCTA_NN;R6371;TIE_FIRST_LEX,ZCTA_NN_HAVERSINE;NOT_ELIGIBILITY;NOT_USPS_VALIDITY;NO_INVENTORY
22936,ZCTA_NEAREST_ACTIVE_OUTLET,VA0040,009,8.724,ZCTA_NN;R6371;TIE_FIRST_LEX,ZCTA_NN_HAVERSINE;NOT_ELIGIBILITY;NOT_USPS_VALIDITY;NO_INVENTORY
22937,ZCTA_NEAREST_ACTIVE_OUTLET,VA0040,008,10.198,ZCTA_NN;R6371;TIE_FIRST_LEX,ZCTA_NN_HAVERSINE;NOT_ELIGIBILITY;NOT_USPS_VALIDITY;NO_INVENTORY
22938,ZCTA_NEAREST_ACTIVE_OUTLET,VA0040,007,15.233,ZCTA_NN;R6371;TIE_FIRST_LEX,ZCTA_NN_HAVERSINE;NOT_ELIGIBILITY;NOT_USPS_VALIDITY;NO_INVENTORY
22939,EXACT_IMLS_OUTLET_ZIP,VA0006,003,,EXACT_OUTLET;TIE_FSCSKEY_SEQ,EXACT_OUTLET;NOT_USPS_VALIDITY;NO_INVENTORY
22940,ZCTA_NEAREST_ACTIVE_OUTLET,VA0040,005,16.737,ZCTA_NN;R6371;TIE_FIRST_LEX,ZCTA_NN_HAVERSINE;NOT_ELIGIBILITY;NOT_USPS_VALIDITY;NO_INVENTORY
22942,EXACT_IMLS_OUTLET_ZIP,VA0056,005,,EXACT_OUTLET;TIE_FSCSKEY_SEQ,EXACT_OUTLET;NOT_USPS_VALIDITY;NO_INVENTORY
22943,ZCTA_NEAREST_ACTIVE_OUTLET,VA0040,003,7.434,ZCTA_NN;R6371;TIE_FIRST_LEX,ZCTA_NN_HAVERSINE;NOT_ELIGIBILITY;NOT_USPS_VALIDITY;NO_INVENTORY
22945,OBSERVED_REFERENCE_INDIRECT_ONLY,,,,INDIRECT_IMLS_SC;NO_FABRICATED_NEAREST,INDIRECT_IMLS_SC;NO_FABRICATED_NEAREST;NOT_REJECTED;NOT_USPS_VALIDITY;NO_INVENTORY
22946,ZCTA_NEAREST_ACTIVE_OUTLET,VA0040,008,7.956,ZCTA_NN;R6371;TIE_FIRST_LEX,ZCTA_NN_HAVERSINE;NOT_ELIGIBILITY;NOT_USPS_VALIDITY;NO_INVENTORY
22947,ZCTA_NEAREST_ACTIVE_OUTLET,VA0040,002,13.674,ZCTA_NN;R6371;TIE_FIRST_LEX,ZCTA_NN_HAVERSINE;NOT_ELIGIBILITY;NOT_USPS_VALIDITY;NO_INVENTORY
22948,ZCTA_NEAREST_ACTIVE_OUTLET,VA0046,002,11.141,ZCTA_NN;R6371;TIE_FIRST_LEX,ZCTA_NN_HAVERSINE;NOT_ELIGIBILITY;NOT_USPS_VALIDITY;NO_INVENTORY
22949,EXACT_IMLS_OUTLET_ZIP,VA0040,007,,EXACT_OUTLET;TIE_FSCSKEY_SEQ,EXACT_OUTLET;NOT_USPS_VALIDITY;NO_INVENTORY
22952,ZCTA_NEAREST_ACTIVE_OUTLET,VA0006,008,11.425,ZCTA_NN;R6371;TIE_FIRST_LEX,ZCTA_NN_HAVERSINE;NOT_ELIGIBILITY;NOT_USPS_VALIDITY;NO_INVENTORY
22957,ZCTA_NEAREST_ACTIVE_OUTLET,VA0056,002,7.223,ZCTA_NN;R6371;TIE_FIRST_LEX,ZCTA_NN_HAVERSINE;NOT_ELIGIBILITY;NOT_USPS_VALIDITY;NO_INVENTORY
22958,ZCTA_NEAREST_ACTIVE_OUTLET,VA0040,007,15.918,ZCTA_NN;R6371;TIE_FIRST_LEX,ZCTA_NN_HAVERSINE;NOT_ELIGIBILITY;NOT_USPS_VALIDITY;NO_INVENTORY
22959,ZCTA_NEAREST_ACTIVE_OUTLET,VA0040,003,15.096,ZCTA_NN;R6371;TIE_FIRST_LEX,ZCTA_NN_HAVERSINE;NOT_ELIGIBILITY;NOT_USPS_VALIDITY;NO_INVENTORY
22960,EXACT_IMLS_OUTLET_ZIP,VA0056,002,,EXACT_OUTLET;TIE_FSCSKEY_SEQ,EXACT_OUTLET;NOT_USPS_VALIDITY;NO_INVENTORY
22963,EXACT_IMLS_OUTLET_ZIP,VA0029,002,,EXACT_OUTLET;TIE_FSCSKEY_SEQ,EXACT_OUTLET;NOT_USPS_VALIDITY;NO_INVENTORY
22964,ZCTA_NEAREST_ACTIVE_OUTLET,VA0040,007,10.332,ZCTA_NN;R6371;TIE_FIRST_LEX,ZCTA_NN_HAVERSINE;NOT_ELIGIBILITY;NOT_USPS_VALIDITY;NO_INVENTORY
22967,ZCTA_NEAREST_ACTIVE_OUTLET,VA0040,007,12.998,ZCTA_NN;R6371;TIE_FIRST_LEX,ZCTA_NN_HAVERSINE;NOT_ELIGIBILITY;NOT_USPS_VALIDITY;NO_INVENTORY
22968,ZCTA_NEAREST_ACTIVE_OUTLET,VA0040,005,7.300,ZCTA_NN;R6371;TIE_FIRST_LEX,ZCTA_NN_HAVERSINE;NOT_ELIGIBILITY;NOT_USPS_VALIDITY;NO_INVENTORY
22969,ZCTA_NEAREST_ACTIVE_OUTLET,VA0040,007,17.091,ZCTA_NN;R6371;TIE_FIRST_LEX,ZCTA_NN_HAVERSINE;NOT_ELIGIBILITY;NOT_USPS_VALIDITY;NO_INVENTORY
22971,ZCTA_NEAREST_ACTIVE_OUTLET,VA0040,007,6.632,ZCTA_NN;R6371;TIE_FIRST_LEX,ZCTA_NN_HAVERSINE;NOT_ELIGIBILITY;NOT_USPS_VALIDITY;NO_INVENTORY
22972,ZCTA_NEAREST_ACTIVE_OUTLET,VA0056,005,9.545,ZCTA_NN;R6371;TIE_FIRST_LEX,ZCTA_NN_HAVERSINE;NOT_ELIGIBILITY;NOT_USPS_VALIDITY;NO_INVENTORY
22973,EXACT_IMLS_OUTLET_ZIP,VA0040,005,,EXACT_OUTLET;TIE_FSCSKEY_SEQ,EXACT_OUTLET;NOT_USPS_VALIDITY;NO_INVENTORY
22974,ZCTA_NEAREST_ACTIVE_OUTLET,VA0029,002,11.223,ZCTA_NN;R6371;TIE_FIRST_LEX,ZCTA_NN_HAVERSINE;NOT_ELIGIBILITY;NOT_USPS_VALIDITY;NO_INVENTORY
22976,ZCTA_NEAREST_ACTIVE_OUTLET,VA0040,007,18.320,ZCTA_NN;R6371;TIE_FIRST_LEX,ZCTA_NN_HAVERSINE;NOT_ELIGIBILITY;NOT_USPS_VALIDITY;NO_INVENTORY
22980,EXACT_IMLS_OUTLET_ZIP,VA0085,002,,EXACT_OUTLET;TIE_FSCSKEY_SEQ,EXACT_OUTLET;NOT_USPS_VALIDITY;NO_INVENTORY
22989,ZCTA_NEAREST_ACTIVE_OUTLET,VA0056,002,5.204,ZCTA_NN;R6371;TIE_FIRST_LEX,ZCTA_NN_HAVERSINE;NOT_ELIGIBILITY;NOT_USPS_VALIDITY;NO_INVENTORY
23002,EXACT_IMLS_OUTLET_ZIP,VA0039,003,,EXACT_OUTLET;TIE_FSCSKEY_SEQ,EXACT_OUTLET;NOT_USPS_VALIDITY;NO_INVENTORY
23003,OBSERVED_REFERENCE_INDIRECT_ONLY,,,,INDIRECT_IMLS_SC;NO_FABRICATED_NEAREST,INDIRECT_IMLS_SC;NO_FABRICATED_NEAREST;NOT_REJECTED;NOT_USPS_VALIDITY;NO_INVENTORY
23004,ZCTA_NEAREST_ACTIVE_OUTLET,VA0040,008,15.229,ZCTA_NN;R6371;TIE_FIRST_LEX,ZCTA_NN_HAVERSINE;NOT_ELIGIBILITY;NOT_USPS_VALIDITY;NO_INVENTORY
23005,EXACT_IMLS_OUTLET_ZIP,VA0057,002,,EXACT_OUTLET;TIE_FSCSKEY_SEQ,EXACT_OUTLET;NOT_USPS_VALIDITY;NO_INVENTORY
23009,ZCTA_NEAREST_ACTIVE_OUTLET,VA0057,011,8.857,ZCTA_NN;R6371;TIE_FIRST_LEX,ZCTA_NN_HAVERSINE;NOT_ELIGIBILITY;NOT_USPS_VALIDITY;NO_INVENTORY
23011,ZCTA_NEAREST_ACTIVE_OUTLET,VA0057,007,7.219,ZCTA_NN;R6371;TIE_FIRST_LEX,ZCTA_NN_HAVERSINE;NOT_ELIGIBILITY;NOT_USPS_VALIDITY;NO_INVENTORY
23015,ZCTA_NEAREST_ACTIVE_OUTLET,VA0057,012,12.554,ZCTA_NN;R6371;TIE_FIRST_LEX,ZCTA_NN_HAVERSINE;NOT_ELIGIBILITY;NOT_USPS_VALIDITY;NO_INVENTORY
23021,ZCTA_NEAREST_ACTIVE_OUTLET,VA0048,002,5.760,ZCTA_NN;R6371;TIE_FIRST_LEX,ZCTA_NN_HAVERSINE;NOT_ELIGIBILITY;NOT_USPS_VALIDITY;NO_INVENTORY
23022,ZCTA_NEAREST_ACTIVE_OUTLET,VA0029,002,14.350,ZCTA_NN;R6371;TIE_FIRST_LEX,ZCTA_NN_HAVERSINE;NOT_ELIGIBILITY;NOT_USPS_VALIDITY;NO_INVENTORY
23023,ZCTA_NEAREST_ACTIVE_OUTLET,VA0057,010,9.090,ZCTA_NN;R6371;TIE_FIRST_LEX,ZCTA_NN_HAVERSINE;NOT_ELIGIBILITY;NOT_USPS_VALIDITY;NO_INVENTORY
23024,ZCTA_NEAREST_ACTIVE_OUTLET,VA0057,012,14.136,ZCTA_NN;R6371;TIE_FIRST_LEX,ZCTA_NN_HAVERSINE;NOT_ELIGIBILITY;NOT_USPS_VALIDITY;NO_INVENTORY
23025,ZCTA_NEAREST_ACTIVE_OUTLET,VA0048,002,4.591,ZCTA_NN;R6371;TIE_FIRST_LEX,ZCTA_NN_HAVERSINE;NOT_ELIGIBILITY;NOT_USPS_VALIDITY;NO_INVENTORY
23027,ZCTA_NEAREST_ACTIVE_OUTLET,VA0091,007,19.923,ZCTA_NN;R6371;TIE_FIRST_LEX,ZCTA_NN_HAVERSINE;NOT_ELIGIBILITY;NOT_USPS_VALIDITY;NO_INVENTORY
23030,EXACT_IMLS_OUTLET_ZIP,VA0037,003,,EXACT_OUTLET;TIE_FSCSKEY_SEQ,EXACT_OUTLET;NOT_USPS_VALIDITY;NO_INVENTORY
23031,OBSERVED_REFERENCE_INDIRECT_ONLY,,,,INDIRECT_IMLS_SC;NO_FABRICATED_NEAREST,INDIRECT_IMLS_SC;NO_FABRICATED_NEAREST;NOT_REJECTED;NOT_USPS_VALIDITY;NO_INVENTORY
23032,ZCTA_NEAREST_ACTIVE_OUTLET,VA0050,002,9.299,ZCTA_NN;R6371;TIE_FIRST_LEX,ZCTA_NN_HAVERSINE;NOT_ELIGIBILITY;NOT_USPS_VALIDITY;NO_INVENTORY
23035,ZCTA_NEAREST_ACTIVE_OUTLET,VA0050,003,7.218,ZCTA_NN;R6371;TIE_FIRST_LEX,ZCTA_NN_HAVERSINE;NOT_ELIGIBILITY;NOT_USPS_VALIDITY;NO_INVENTORY
23038,ZCTA_NEAREST_ACTIVE_OUTLET,VA0029,002,16.814,ZCTA_NN;R6371;TIE_FIRST_LEX,ZCTA_NN_HAVERSINE;NOT_ELIGIBILITY;NOT_USPS_VALIDITY;NO_INVENTORY
23039,ZCTA_NEAREST_ACTIVE_OUTLET,VA0057,003,8.743,ZCTA_NN;R6371;TIE_FIRST_LEX,ZCTA_NN_HAVERSINE;NOT_ELIGIBILITY;NOT_USPS_VALIDITY;NO_INVENTORY
23040,EXACT_IMLS_OUTLET_ZIP,VA0091,007,,EXACT_OUTLET;TIE_FSCSKEY_SEQ,EXACT_OUTLET;NOT_USPS_VALIDITY;NO_INVENTORY
23043,EXACT_IMLS_OUTLET_ZIP,VA0050,003,,EXACT_OUTLET;TIE_FSCSKEY_SEQ,EXACT_OUTLET;NOT_USPS_VALIDITY;NO_INVENTORY
23045,ZCTA_NEAREST_ACTIVE_OUTLET,VA0048,002,5.075,ZCTA_NN;R6371;TIE_FIRST_LEX,ZCTA_NN_HAVERSINE;NOT_ELIGIBILITY;NOT_USPS_VALIDITY;NO_INVENTORY
23047,ZCTA_NEAREST_ACTIVE_OUTLET,VA0057,002,9.808,ZCTA_NN;R6371;TIE_FIRST_LEX,ZCTA_NN_HAVERSINE;NOT_ELIGIBILITY;NOT_USPS_VALIDITY;NO_INVENTORY
23050,ZCTA_NEAREST_ACTIVE_OUTLET,VA0050,003,10.581,ZCTA_NN;R6371;TIE_FIRST_LEX,ZCTA_NN_HAVERSINE;NOT_ELIGIBILITY;NOT_USPS_VALIDITY;NO_INVENTORY
23055,ZCTA_NEAREST_ACTIVE_OUTLET,VA0029,002,12.469,ZCTA_NN;R6371;TIE_FIRST_LEX,ZCTA_NN_HAVERSINE;NOT_ELIGIBILITY;NOT_USPS_VALIDITY;NO_INVENTORY
23056,ZCTA_NEAREST_ACTIVE_OUTLET,VA0048,002,7.051,ZCTA_NN;R6371;TIE_FIRST_LEX,ZCTA_NN_HAVERSINE;NOT_ELIGIBILITY;NOT_USPS_VALIDITY;NO_INVENTORY
23058,OBSERVED_REFERENCE_INDIRECT_ONLY,,,,INDIRECT_IMLS_SC;NO_FABRICATED_NEAREST,INDIRECT_IMLS_SC;NO_FABRICATED_NEAREST;NOT_REJECTED;NOT_USPS_VALIDITY;NO_INVENTORY
23059,EXACT_IMLS_OUTLET_ZIP,VA0036,014,,EXACT_OUTLET;TIE_FSCSKEY_SEQ,EXACT_OUTLET;NOT_USPS_VALIDITY;NO_INVENTORY
23060,EXACT_IMLS_OUTLET_ZIP,VA0036,012,,EXACT_OUTLET;TIE_FSCSKEY_SEQ,EXACT_OUTLET;NOT_USPS_VALIDITY;NO_INVENTORY
23061,EXACT_IMLS_OUTLET_ZIP,VA0032,002,,EXACT_OUTLET;TIE_FSCSKEY_SEQ,EXACT_OUTLET;NOT_USPS_VALIDITY;NO_INVENTORY
23062,ZCTA_NEAREST_ACTIVE_OUTLET,VA0032,003,1.842,ZCTA_NN;R6371;TIE_FIRST_LEX,ZCTA_NN_HAVERSINE;NOT_ELIGIBILITY;NOT_USPS_VALIDITY;NO_INVENTORY
23063,EXACT_IMLS_OUTLET_ZIP,VA0057,003,,EXACT_OUTLET;TIE_FSCSKEY_SEQ,EXACT_OUTLET;NOT_USPS_VALIDITY;NO_INVENTORY
23064,OBSERVED_REFERENCE_INDIRECT_ONLY,,,,INDIRECT_IMLS_SC;NO_FABRICATED_NEAREST,INDIRECT_IMLS_SC;NO_FABRICATED_NEAREST;NOT_REJECTED;NOT_USPS_VALIDITY;NO_INVENTORY
23065,ZCTA_NEAREST_ACTIVE_OUTLET,VA0057,003,13.204,ZCTA_NN;R6371;TIE_FIRST_LEX,ZCTA_NN_HAVERSINE;NOT_ELIGIBILITY;NOT_USPS_VALIDITY;NO_INVENTORY
23066,ZCTA_NEAREST_ACTIVE_OUTLET,VA0048,002,7.450,ZCTA_NN;R6371;TIE_FIRST_LEX,ZCTA_NN_HAVERSINE;NOT_ELIGIBILITY;NOT_USPS_VALIDITY;NO_INVENTORY
23068,ZCTA_NEAREST_ACTIVE_OUTLET,VA0048,002,6.356,ZCTA_NN;R6371;TIE_FIRST_LEX,ZCTA_NN_HAVERSINE;NOT_ELIGIBILITY;NOT_USPS_VALIDITY;NO_INVENTORY
23069,EXACT_IMLS_OUTLET_ZIP,VA0013,002,,EXACT_OUTLET;TIE_FSCSKEY_SEQ,EXACT_OUTLET;NOT_USPS_VALIDITY;NO_INVENTORY
23070,ZCTA_NEAREST_ACTIVE_OUTLET,VA0050,003,4.213,ZCTA_NN;R6371;TIE_FIRST_LEX,ZCTA_NN_HAVERSINE;NOT_ELIGIBILITY;NOT_USPS_VALIDITY;NO_INVENTORY
23071,ZCTA_NEAREST_ACTIVE_OUTLET,VA0050,003,10.955,ZCTA_NN;R6371;TIE_FIRST_LEX,ZCTA_NN_HAVERSINE;NOT_ELIGIBILITY;NOT_USPS_VALIDITY;NO_INVENTORY
23072,EXACT_IMLS_OUTLET_ZIP,VA0032,003,,EXACT_OUTLET;TIE_FSCSKEY_SEQ,EXACT_OUTLET;NOT_USPS_VALIDITY;NO_INVENTORY
23075,ZCTA_NEAREST_ACTIVE_OUTLET,VA0036,008,3.937,ZCTA_NN;R6371;TIE_FIRST_LEX,ZCTA_NN_HAVERSINE;NOT_ELIGIBILITY;NOT_USPS_VALIDITY;NO_INVENTORY
23076,ZCTA_NEAREST_ACTIVE_OUTLET,VA0048,002,4.517,ZCTA_NN;R6371;TIE_FIRST_LEX,ZCTA_NN_HAVERSINE;NOT_ELIGIBILITY;NOT_USPS_VALIDITY;NO_INVENTORY
23079,ZCTA_NEAREST_ACTIVE_OUTLET,VA0050,002,15.090,ZCTA_NN;R6371;TIE_FIRST_LEX,ZCTA_NN_HAVERSINE;NOT_ELIGIBILITY;NOT_USPS_VALIDITY;NO_INVENTORY
23081,ZCTA_NEAREST_ACTIVE_OUTLET,VA0083,006,9.349,ZCTA_NN;R6371;TIE_FIRST_LEX,ZCTA_NN_HAVERSINE;NOT_ELIGIBILITY;NOT_USPS_VALIDITY;NO_INVENTORY
23083,ZCTA_NEAREST_ACTIVE_OUTLET,VA0039,003,11.488,ZCTA_NN;R6371;TIE_FIRST_LEX,ZCTA_NN_HAVERSINE;NOT_ELIGIBILITY;NOT_USPS_VALIDITY;NO_INVENTORY
23084,ZCTA_NEAREST_ACTIVE_OUTLET,VA0029,002,14.388,ZCTA_NN;R6371;TIE_FIRST_LEX,ZCTA_NN_HAVERSINE;NOT_ELIGIBILITY;NOT_USPS_VALIDITY;NO_INVENTORY
23085,ZCTA_NEAREST_ACTIVE_OUTLET,VA0057,007,17.619,ZCTA_NN;R6371;TIE_FIRST_LEX,ZCTA_NN_HAVERSINE;NOT_ELIGIBILITY;NOT_USPS_VALIDITY;NO_INVENTORY
23086,EXACT_IMLS_OUTLET_ZIP,VA0057,011,,EXACT_OUTLET;TIE_FSCSKEY_SEQ,EXACT_OUTLET;NOT_USPS_VALIDITY;NO_INVENTORY
23089,ZCTA_NEAREST_ACTIVE_OUTLET,VA0037,002,7.588,ZCTA_NN;R6371;TIE_FIRST_LEX,ZCTA_NN_HAVERSINE;NOT_ELIGIBILITY;NOT_USPS_VALIDITY;NO_INVENTORY
23090,OBSERVED_REFERENCE_INDIRECT_ONLY,,,,INDIRECT_IMLS_SC;NO_FABRICATED_NEAREST,INDIRECT_IMLS_SC;NO_FABRICATED_NEAREST;NOT_REJECTED;NOT_USPS_VALIDITY;NO_INVENTORY
23091,ZCTA_NEAREST_ACTIVE_OUTLET,VA0057,007,13.808,ZCTA_NN;R6371;TIE_FIRST_LEX,ZCTA_NN_HAVERSINE;NOT_ELIGIBILITY;NOT_USPS_VALIDITY;NO_INVENTORY
23092,ZCTA_NEAREST_ACTIVE_OUTLET,VA0050,002,6.191,ZCTA_NN;R6371;TIE_FIRST_LEX,ZCTA_NN_HAVERSINE;NOT_ELIGIBILITY;NOT_USPS_VALIDITY;NO_INVENTORY
23093,ZCTA_NEAREST_ACTIVE_OUTLET,VA0040,006,10.494,ZCTA_NN;R6371;TIE_FIRST_LEX,ZCTA_NN_HAVERSINE;NOT_ELIGIBILITY;NOT_USPS_VALIDITY;NO_INVENTORY
23102,ZCTA_NEAREST_ACTIVE_OUTLET,VA0057,003,5.430,ZCTA_NN;R6371;TIE_FIRST_LEX,ZCTA_NN_HAVERSINE;NOT_ELIGIBILITY;NOT_USPS_VALIDITY;NO_INVENTORY
23103,ZCTA_NEAREST_ACTIVE_OUTLET,VA0057,006,9.465,ZCTA_NN;R6371;TIE_FIRST_LEX,ZCTA_NN_HAVERSINE;NOT_ELIGIBILITY;NOT_USPS_VALIDITY;NO_INVENTORY
23106,ZCTA_NEAREST_ACTIVE_OUTLET,VA0057,011,6.954,ZCTA_NN;R6371;TIE_FIRST_LEX,ZCTA_NN_HAVERSINE;NOT_ELIGIBILITY;NOT_USPS_VALIDITY;NO_INVENTORY
23108,ZCTA_NEAREST_ACTIVE_OUTLET,VA0050,002,12.644,ZCTA_NN;R6371;TIE_FIRST_LEX,ZCTA_NN_HAVERSINE;NOT_ELIGIBILITY;NOT_USPS_VALIDITY;NO_INVENTORY
23109,EXACT_IMLS_OUTLET_ZIP,VA0048,002,,EXACT_OUTLET;TIE_FSCSKEY_SEQ,EXACT_OUTLET;NOT_USPS_VALIDITY;NO_INVENTORY
23110,ZCTA_NEAREST_ACTIVE_OUTLET,VA0057,007,4.821,ZCTA_NN;R6371;TIE_FIRST_LEX,ZCTA_NN_HAVERSINE;NOT_ELIGIBILITY;NOT_USPS_VALIDITY;NO_INVENTORY
23111,EXACT_IMLS_OUTLET_ZIP,VA0057,005,,EXACT_OUTLET;TIE_FSCSKEY_SEQ,EXACT_OUTLET;NOT_USPS_VALIDITY;NO_INVENTORY
23112,EXACT_IMLS_OUTLET_ZIP,VA0018,011,,EXACT_OUTLET;TIE_FSCSKEY_SEQ,EXACT_OUTLET;NOT_USPS_VALIDITY;NO_INVENTORY
23113,ZCTA_NEAREST_ACTIVE_OUTLET,VA0018,007,5.676,ZCTA_NN;R6371;TIE_FIRST_LEX,ZCTA_NN_HAVERSINE;NOT_ELIGIBILITY;NOT_USPS_VALIDITY;NO_INVENTORY
23114,EXACT_IMLS_OUTLET_ZIP,VA0018,007,,EXACT_OUTLET;TIE_FSCSKEY_SEQ,EXACT_OUTLET;NOT_USPS_VALIDITY;NO_INVENTORY
23115,OBSERVED_REFERENCE_INDIRECT_ONLY,,,,INDIRECT_IMLS_SC;NO_FABRICATED_NEAREST,INDIRECT_IMLS_SC;NO_FABRICATED_NEAREST;NOT_REJECTED;NOT_USPS_VALIDITY;NO_INVENTORY
23116,EXACT_IMLS_OUTLET_ZIP,VA0057,013,,EXACT_OUTLET;TIE_FSCSKEY_SEQ,EXACT_OUTLET;NOT_USPS_VALIDITY;NO_INVENTORY
23117,EXACT_IMLS_OUTLET_ZIP,VA0040,006,,EXACT_OUTLET;TIE_FSCSKEY_SEQ,EXACT_OUTLET;NOT_USPS_VALIDITY;NO_INVENTORY
23119,ZCTA_NEAREST_ACTIVE_OUTLET,VA0048,002,4.597,ZCTA_NN;R6371;TIE_FIRST_LEX,ZCTA_NN_HAVERSINE;NOT_ELIGIBILITY;NOT_USPS_VALIDITY;NO_INVENTORY
23120,ZCTA_NEAREST_ACTIVE_OUTLET,VA0018,011,11.258,ZCTA_NN;R6371;TIE_FIRST_LEX,ZCTA_NN_HAVERSINE;NOT_ELIGIBILITY;NOT_USPS_VALIDITY;NO_INVENTORY
23123,ZCTA_NEAREST_ACTIVE_OUTLET,VA0091,007,18.210,ZCTA_NN;R6371;TIE_FIRST_LEX,ZCTA_NN_HAVERSINE;NOT_ELIGIBILITY;NOT_USPS_VALIDITY;NO_INVENTORY
23124,EXACT_IMLS_OUTLET_ZIP,VA0037,002,,EXACT_OUTLET;TIE_FSCSKEY_SEQ,EXACT_OUTLET;NOT_USPS_VALIDITY;NO_INVENTORY
23126,ZCTA_NEAREST_ACTIVE_OUTLET,VA0057,010,15.046,ZCTA_NN;R6371;TIE_FIRST_LEX,ZCTA_NN_HAVERSINE;NOT_ELIGIBILITY;NOT_USPS_VALIDITY;NO_INVENTORY
23128,ZCTA_NEAREST_ACTIVE_OUTLET,VA0032,002,9.003,ZCTA_NN;R6371;TIE_FIRST_LEX,ZCTA_NN_HAVERSINE;NOT_ELIGIBILITY;NOT_USPS_VALIDITY;NO_INVENTORY
23129,ZCTA_NEAREST_ACTIVE_OUTLET,VA0057,006,8.949,ZCTA_NN;R6371;TIE_FIRST_LEX,ZCTA_NN_HAVERSINE;NOT_ELIGIBILITY;NOT_USPS_VALIDITY;NO_INVENTORY
23130,ZCTA_NEAREST_ACTIVE_OUTLET,VA0048,002,6.601,ZCTA_NN;R6371;TIE_FIRST_LEX,ZCTA_NN_HAVERSINE;NOT_ELIGIBILITY;NOT_USPS_VALIDITY;NO_INVENTORY
23131,OBSERVED_REFERENCE_INDIRECT_ONLY,,,,INDIRECT_IMLS_SC;NO_FABRICATED_NEAREST,INDIRECT_IMLS_SC;NO_FABRICATED_NEAREST;NOT_REJECTED;NOT_USPS_VALIDITY;NO_INVENTORY
23138,ZCTA_NEAREST_ACTIVE_OUTLET,VA0048,002,10.454,ZCTA_NN;R6371;TIE_FIRST_LEX,ZCTA_NN_HAVERSINE;NOT_ELIGIBILITY;NOT_USPS_VALIDITY;NO_INVENTORY
23139,EXACT_IMLS_OUTLET_ZIP,VA0063,002,,EXACT_OUTLET;TIE_FSCSKEY_SEQ,EXACT_OUTLET;NOT_USPS_VALIDITY;NO_INVENTORY
23140,ZCTA_NEAREST_ACTIVE_OUTLET,VA0037,002,10.060,ZCTA_NN;R6371;TIE_FIRST_LEX,ZCTA_NN_HAVERSINE;NOT_ELIGIBILITY;NOT_USPS_VALIDITY;NO_INVENTORY
23141,ZCTA_NEAREST_ACTIVE_OUTLET,VA0036,008,13.745,ZCTA_NN;R6371;TIE_FIRST_LEX,ZCTA_NN_HAVERSINE;NOT_ELIGIBILITY;NOT_USPS_VALIDITY;NO_INVENTORY
23146,EXACT_IMLS_OUTLET_ZIP,VA0057,006,,EXACT_OUTLET;TIE_FSCSKEY_SEQ,EXACT_OUTLET;NOT_USPS_VALIDITY;NO_INVENTORY
23147,ZCTA_NEAREST_ACTIVE_OUTLET,VA0037,003,4.265,ZCTA_NN;R6371;TIE_FIRST_LEX,ZCTA_NN_HAVERSINE;NOT_ELIGIBILITY;NOT_USPS_VALIDITY;NO_INVENTORY
23148,EXACT_IMLS_OUTLET_ZIP,VA0057,010,,EXACT_OUTLET;TIE_FSCSKEY_SEQ,EXACT_OUTLET;NOT_USPS_VALIDITY;NO_INVENTORY
23149,ZCTA_NEAREST_ACTIVE_OUTLET,VA0050,002,7.367,ZCTA_NN;R6371;TIE_FIRST_LEX,ZCTA_NN_HAVERSINE;NOT_ELIGIBILITY;NOT_USPS_VALIDITY;NO_INVENTORY
23150,EXACT_IMLS_OUTLET_ZIP,VA0036,008,,EXACT_OUTLET;TIE_FSCSKEY_SEQ,EXACT_OUTLET;NOT_USPS_VALIDITY;NO_INVENTORY
23153,ZCTA_NEAREST_ACTIVE_OUTLET,VA0057,003,11.397,ZCTA_NN;R6371;TIE_FIRST_LEX,ZCTA_NN_HAVERSINE;NOT_ELIGIBILITY;NOT_USPS_VALIDITY;NO_INVENTORY
23156,ZCTA_NEAREST_ACTIVE_OUTLET,VA0057,007,6.398,ZCTA_NN;R6371;TIE_FIRST_LEX,ZCTA_NN_HAVERSINE;NOT_ELIGIBILITY;NOT_USPS_VALIDITY;NO_INVENTORY
23160,ZCTA_NEAREST_ACTIVE_OUTLET,VA0057,003,8.173,ZCTA_NN;R6371;TIE_FIRST_LEX,ZCTA_NN_HAVERSINE;NOT_ELIGIBILITY;NOT_USPS_VALIDITY;NO_INVENTORY
23161,ZCTA_NEAREST_ACTIVE_OUTLET,VA0057,010,14.675,ZCTA_NN;R6371;TIE_FIRST_LEX,ZCTA_NN_HAVERSINE;NOT_ELIGIBILITY;NOT_USPS_VALIDITY;NO_INVENTORY
23163,ZCTA_NEAREST_ACTIVE_OUTLET,VA0048,002,8.543,ZCTA_NN;R6371;TIE_FIRST_LEX,ZCTA_NN_HAVERSINE;NOT_ELIGIBILITY;NOT_USPS_VALIDITY;NO_INVENTORY
23168,ZCTA_NEAREST_ACTIVE_OUTLET,VA0086,003,5.142,ZCTA_NN;R6371;TIE_FIRST_LEX,ZCTA_NN_HAVERSINE;NOT_ELIGIBILITY;NOT_USPS_VALIDITY;NO_INVENTORY
23169,ZCTA_NEAREST_ACTIVE_OUTLET,VA0050,002,11.377,ZCTA_NN;R6371;TIE_FIRST_LEX,ZCTA_NN_HAVERSINE;NOT_ELIGIBILITY;NOT_USPS_VALIDITY;NO_INVENTORY
23173,ZCTA_NEAREST_ACTIVE_OUTLET,VA0068,010,2.716,ZCTA_NN;R6371;TIE_FIRST_LEX,ZCTA_NN_HAVERSINE;NOT_ELIGIBILITY;NOT_USPS_VALIDITY;NO_INVENTORY
23175,EXACT_IMLS_OUTLET_ZIP,VA0050,002,,EXACT_OUTLET;TIE_FSCSKEY_SEQ,EXACT_OUTLET;NOT_USPS_VALIDITY;NO_INVENTORY
23176,ZCTA_NEAREST_ACTIVE_OUTLET,VA0050,003,7.662,ZCTA_NN;R6371;TIE_FIRST_LEX,ZCTA_NN_HAVERSINE;NOT_ELIGIBILITY;NOT_USPS_VALIDITY;NO_INVENTORY
23177,ZCTA_NEAREST_ACTIVE_OUTLET,VA0057,010,9.772,ZCTA_NN;R6371;TIE_FIRST_LEX,ZCTA_NN_HAVERSINE;NOT_ELIGIBILITY;NOT_USPS_VALIDITY;NO_INVENTORY
23178,OBSERVED_REFERENCE_INDIRECT_ONLY,,,,INDIRECT_IMLS_SC;NO_FABRICATED_NEAREST,INDIRECT_IMLS_SC;NO_FABRICATED_NEAREST;NOT_REJECTED;NOT_USPS_VALIDITY;NO_INVENTORY
23180,ZCTA_NEAREST_ACTIVE_OUTLET,VA0050,002,7.912,ZCTA_NN;R6371;TIE_FIRST_LEX,ZCTA_NN_HAVERSINE;NOT_ELIGIBILITY;NOT_USPS_VALIDITY;NO_INVENTORY
23181,EXACT_IMLS_OUTLET_ZIP,VA0057,007,,EXACT_OUTLET;TIE_FSCSKEY_SEQ,EXACT_OUTLET;NOT_USPS_VALIDITY;NO_INVENTORY
23183,OBSERVED_REFERENCE_INDIRECT_ONLY,,,,INDIRECT_IMLS_SC;NO_FABRICATED_NEAREST,INDIRECT_IMLS_SC;NO_FABRICATED_NEAREST;NOT_REJECTED;NOT_USPS_VALIDITY;NO_INVENTORY
23185,EXACT_IMLS_OUTLET_ZIP,VA0086,005,,EXACT_OUTLET;TIE_FSCSKEY_SEQ,EXACT_OUTLET;NOT_USPS_VALIDITY;NO_INVENTORY
23186,OBSERVED_REFERENCE_INDIRECT_ONLY,,,,INDIRECT_IMLS_SC;NO_FABRICATED_NEAREST,INDIRECT_IMLS_SC;NO_FABRICATED_NEAREST;NOT_REJECTED;NOT_USPS_VALIDITY;NO_INVENTORY
23187,OBSERVED_REFERENCE_INDIRECT_ONLY,,,,INDIRECT_IMLS_SC;NO_FABRICATED_NEAREST,INDIRECT_IMLS_SC;NO_FABRICATED_NEAREST;NOT_REJECTED;NOT_USPS_VALIDITY;NO_INVENTORY
23188,EXACT_IMLS_OUTLET_ZIP,VA0086,003,,EXACT_OUTLET;TIE_FSCSKEY_SEQ,EXACT_OUTLET;NOT_USPS_VALIDITY;NO_INVENTORY
23192,EXACT_IMLS_OUTLET_ZIP,VA0057,012,,EXACT_OUTLET;TIE_FSCSKEY_SEQ,EXACT_OUTLET;NOT_USPS_VALIDITY;NO_INVENTORY
23214,EXACT_IMLS_OUTLET_ZIP,VA0001,009,,EXACT_OUTLET;TIE_FSCSKEY_SEQ,EXACT_OUTLET;NOT_USPS_VALIDITY;NO_INVENTORY
23218,OBSERVED_REFERENCE_INDIRECT_ONLY,,,,INDIRECT_IMLS_SC;NO_FABRICATED_NEAREST,INDIRECT_IMLS_SC;NO_FABRICATED_NEAREST;NOT_REJECTED;NOT_USPS_VALIDITY;NO_INVENTORY
23219,EXACT_IMLS_OUTLET_ZIP,VA0068,002,,EXACT_OUTLET;TIE_FSCSKEY_SEQ,EXACT_OUTLET;NOT_USPS_VALIDITY;NO_INVENTORY
23220,ZCTA_NEAREST_ACTIVE_OUTLET,VA0068,002,1.758,ZCTA_NN;R6371;TIE_FIRST_LEX,ZCTA_NN_HAVERSINE;NOT_ELIGIBILITY;NOT_USPS_VALIDITY;NO_INVENTORY
23221,EXACT_IMLS_OUTLET_ZIP,VA0068,003,,EXACT_OUTLET;TIE_FSCSKEY_SEQ,EXACT_OUTLET;NOT_USPS_VALIDITY;NO_INVENTORY
23222,EXACT_IMLS_OUTLET_ZIP,VA0068,009,,EXACT_OUTLET;TIE_FSCSKEY_SEQ,EXACT_OUTLET;NOT_USPS_VALIDITY;NO_INVENTORY
23223,EXACT_IMLS_OUTLET_ZIP,VA0036,003,,EXACT_OUTLET;TIE_FSCSKEY_SEQ,EXACT_OUTLET;NOT_USPS_VALIDITY;NO_INVENTORY
23224,EXACT_IMLS_OUTLET_ZIP,VA0068,004,,EXACT_OUTLET;TIE_FSCSKEY_SEQ,EXACT_OUTLET;NOT_USPS_VALIDITY;NO_INVENTORY
23225,EXACT_IMLS_OUTLET_ZIP,VA0068,011,,EXACT_OUTLET;TIE_FSCSKEY_SEQ,EXACT_OUTLET;NOT_USPS_VALIDITY;NO_INVENTORY
23226,EXACT_IMLS_OUTLET_ZIP,VA0068,010,,EXACT_OUTLET;TIE_FSCSKEY_SEQ,EXACT_OUTLET;NOT_USPS_VALIDITY;NO_INVENTORY
23227,EXACT_IMLS_OUTLET_ZIP,VA0036,007,,EXACT_OUTLET;TIE_FSCSKEY_SEQ,EXACT_OUTLET;NOT_USPS_VALIDITY;NO_INVENTORY
23228,ZCTA_NEAREST_ACTIVE_OUTLET,VA0036,002,4.055,ZCTA_NN;R6371;TIE_FIRST_LEX,ZCTA_NN_HAVERSINE;NOT_ELIGIBILITY;NOT_USPS_VALIDITY;NO_INVENTORY
23229,EXACT_IMLS_OUTLET_ZIP,VA0036,006,,EXACT_OUTLET;TIE_FSCSKEY_SEQ,EXACT_OUTLET;NOT_USPS_VALIDITY;NO_INVENTORY
23230,EXACT_IMLS_OUTLET_ZIP,VA0036,002,,EXACT_OUTLET;TIE_FSCSKEY_SEQ,EXACT_OUTLET;NOT_USPS_VALIDITY;NO_INVENTORY
23231,EXACT_IMLS_OUTLET_ZIP,VA0036,010,,EXACT_OUTLET;TIE_FSCSKEY_SEQ,EXACT_OUTLET;NOT_USPS_VALIDITY;NO_INVENTORY
23233,ZCTA_NEAREST_ACTIVE_OUTLET,VA0036,004,4.429,ZCTA_NN;R6371;TIE_FIRST_LEX,ZCTA_NN_HAVERSINE;NOT_ELIGIBILITY;NOT_USPS_VALIDITY;NO_INVENTORY
23234,EXACT_IMLS_OUTLET_ZIP,VA0018,010,,EXACT_OUTLET;TIE_FSCSKEY_SEQ,EXACT_OUTLET;NOT_USPS_VALIDITY;NO_INVENTORY
23235,EXACT_IMLS_OUTLET_ZIP,VA0018,003,,EXACT_OUTLET;TIE_FSCSKEY_SEQ,EXACT_OUTLET;NOT_USPS_VALIDITY;NO_INVENTORY
23236,EXACT_IMLS_OUTLET_ZIP,VA0018,006,,EXACT_OUTLET;TIE_FSCSKEY_SEQ,EXACT_OUTLET;NOT_USPS_VALIDITY;NO_INVENTORY
23237,ZCTA_NEAREST_ACTIVE_OUTLET,VA0018,010,4.451,ZCTA_NN;R6371;TIE_FIRST_LEX,ZCTA_NN_HAVERSINE;NOT_ELIGIBILITY;NOT_USPS_VALIDITY;NO_INVENTORY
23238,EXACT_IMLS_OUTLET_ZIP,VA0036,004,,EXACT_OUTLET;TIE_FSCSKEY_SEQ,EXACT_OUTLET;NOT_USPS_VALIDITY;NO_INVENTORY
23241,OBSERVED_REFERENCE_INDIRECT_ONLY,,,,INDIRECT_IMLS_SC;NO_FABRICATED_NEAREST,INDIRECT_IMLS_SC;NO_FABRICATED_NEAREST;NOT_REJECTED;NOT_USPS_VALIDITY;NO_INVENTORY
23242,OBSERVED_REFERENCE_INDIRECT_ONLY,,,,INDIRECT_IMLS_SC;NO_FABRICATED_NEAREST,INDIRECT_IMLS_SC;NO_FABRICATED_NEAREST;NOT_REJECTED;NOT_USPS_VALIDITY;NO_INVENTORY
23249,OBSERVED_REFERENCE_INDIRECT_ONLY,,,,INDIRECT_IMLS_SC;NO_FABRICATED_NEAREST,INDIRECT_IMLS_SC;NO_FABRICATED_NEAREST;NOT_REJECTED;NOT_USPS_VALIDITY;NO_INVENTORY
23250,ZCTA_NEAREST_ACTIVE_OUTLET,VA0036,008,2.140,ZCTA_NN;R6371;TIE_FIRST_LEX,ZCTA_NN_HAVERSINE;NOT_ELIGIBILITY;NOT_USPS_VALIDITY;NO_INVENTORY
23255,OBSERVED_REFERENCE_INDIRECT_ONLY,,,,INDIRECT_IMLS_SC;NO_FABRICATED_NEAREST,INDIRECT_IMLS_SC;NO_FABRICATED_NEAREST;NOT_REJECTED;NOT_USPS_VALIDITY;NO_INVENTORY
23260,OBSERVED_REFERENCE_INDIRECT_ONLY,,,,INDIRECT_IMLS_SC;NO_FABRICATED_NEAREST,INDIRECT_IMLS_SC;NO_FABRICATED_NEAREST;NOT_REJECTED;NOT_USPS_VALIDITY;NO_INVENTORY
23261,OBSERVED_REFERENCE_INDIRECT_ONLY,,,,INDIRECT_IMLS_SC;NO_FABRICATED_NEAREST,INDIRECT_IMLS_SC;NO_FABRICATED_NEAREST;NOT_REJECTED;NOT_USPS_VALIDITY;NO_INVENTORY
23273,OBSERVED_REFERENCE_INDIRECT_ONLY,,,,INDIRECT_IMLS_SC;NO_FABRICATED_NEAREST,INDIRECT_IMLS_SC;NO_FABRICATED_NEAREST;NOT_REJECTED;NOT_USPS_VALIDITY;NO_INVENTORY
23284,ZCTA_NEAREST_ACTIVE_OUTLET,VA0068,002,1.060,ZCTA_NN;R6371;TIE_FIRST_LEX,ZCTA_NN_HAVERSINE;NOT_ELIGIBILITY;NOT_USPS_VALIDITY;NO_INVENTORY
23288,OBSERVED_REFERENCE_INDIRECT_ONLY,,,,INDIRECT_IMLS_SC;NO_FABRICATED_NEAREST,INDIRECT_IMLS_SC;NO_FABRICATED_NEAREST;NOT_REJECTED;NOT_USPS_VALIDITY;NO_INVENTORY
23294,ZCTA_NEAREST_ACTIVE_OUTLET,VA0036,006,3.158,ZCTA_NN;R6371;TIE_FIRST_LEX,ZCTA_NN_HAVERSINE;NOT_ELIGIBILITY;NOT_USPS_VALIDITY;NO_INVENTORY
23297,OBSERVED_REFERENCE_INDIRECT_ONLY,,,,INDIRECT_IMLS_SC;NO_FABRICATED_NEAREST,INDIRECT_IMLS_SC;NO_FABRICATED_NEAREST;NOT_REJECTED;NOT_USPS_VALIDITY;NO_INVENTORY
23298,ZCTA_NEAREST_ACTIVE_OUTLET,VA0068,002,1.135,ZCTA_NN;R6371;TIE_FIRST_LEX,ZCTA_NN_HAVERSINE;NOT_ELIGIBILITY;NOT_USPS_VALIDITY;NO_INVENTORY
23301,ZCTA_NEAREST_ACTIVE_OUTLET,VA0024,002,12.446,ZCTA_NN;R6371;TIE_FIRST_LEX,ZCTA_NN_HAVERSINE;NOT_ELIGIBILITY;NOT_USPS_VALIDITY;NO_INVENTORY
23302,ZCTA_NEAREST_ACTIVE_OUTLET,VA0024,004,14.699,ZCTA_NN;R6371;TIE_FIRST_LEX,ZCTA_NN_HAVERSINE;NOT_ELIGIBILITY;NOT_USPS_VALIDITY;NO_INVENTORY
23303,ZCTA_NEAREST_ACTIVE_OUTLET,VA0024,004,11.843,ZCTA_NN;R6371;TIE_FIRST_LEX,ZCTA_NN_HAVERSINE;NOT_ELIGIBILITY;NOT_USPS_VALIDITY;NO_INVENTORY
23304,ZCTA_NEAREST_ACTIVE_OUTLET,VA0083,005,6.187,ZCTA_NN;R6371;TIE_FIRST_LEX,ZCTA_NN_HAVERSINE;NOT_ELIGIBILITY;NOT_USPS_VALIDITY;NO_INVENTORY
23306,ZCTA_NEAREST_ACTIVE_OUTLET,VA0024,006,10.716,ZCTA_NN;R6371;TIE_FIRST_LEX,ZCTA_NN_HAVERSINE;NOT_ELIGIBILITY;NOT_USPS_VALIDITY;NO_INVENTORY
23307,ZCTA_NEAREST_ACTIVE_OUTLET,VA0024,006,4.750,ZCTA_NN;R6371;TIE_FIRST_LEX,ZCTA_NN_HAVERSINE;NOT_ELIGIBILITY;NOT_USPS_VALIDITY;NO_INVENTORY
23308,ZCTA_NEAREST_ACTIVE_OUTLET,VA0024,002,5.410,ZCTA_NN;R6371;TIE_FIRST_LEX,ZCTA_NN_HAVERSINE;NOT_ELIGIBILITY;NOT_USPS_VALIDITY;NO_INVENTORY
23310,EXACT_IMLS_OUTLET_ZIP,VA0024,008,,EXACT_OUTLET;TIE_FSCSKEY_SEQ,EXACT_OUTLET;NOT_USPS_VALIDITY;NO_INVENTORY
23313,OBSERVED_REFERENCE_INDIRECT_ONLY,,,,INDIRECT_IMLS_SC;NO_FABRICATED_NEAREST,INDIRECT_IMLS_SC;NO_FABRICATED_NEAREST;NOT_REJECTED;NOT_USPS_VALIDITY;NO_INVENTORY
23314,EXACT_IMLS_OUTLET_ZIP,VA0083,003,,EXACT_OUTLET;TIE_FSCSKEY_SEQ,EXACT_OUTLET;NOT_USPS_VALIDITY;NO_INVENTORY
23315,ZCTA_NEAREST_ACTIVE_OUTLET,VA0083,009,11.353,ZCTA_NN;R6371;TIE_FIRST_LEX,ZCTA_NN_HAVERSINE;NOT_ELIGIBILITY;NOT_USPS_VALIDITY;NO_INVENTORY
23316,ZCTA_NEAREST_ACTIVE_OUTLET,VA0024,008,5.675,ZCTA_NN;R6371;TIE_FIRST_LEX,ZCTA_NN_HAVERSINE;NOT_ELIGIBILITY;NOT_USPS_VALIDITY;NO_INVENTORY
23320,EXACT_IMLS_OUTLET_ZIP,VA0017,008,,EXACT_OUTLET;TIE_FSCSKEY_SEQ,EXACT_OUTLET;NOT_USPS_VALIDITY;NO_INVENTORY
23321,EXACT_IMLS_OUTLET_ZIP,VA0017,005,,EXACT_OUTLET;TIE_FSCSKEY_SEQ,EXACT_OUTLET;NOT_USPS_VALIDITY;NO_INVENTORY
23322,EXACT_IMLS_OUTLET_ZIP,VA0017,002,,EXACT_OUTLET;TIE_FSCSKEY_SEQ,EXACT_OUTLET;NOT_USPS_VALIDITY;NO_INVENTORY
23323,EXACT_IMLS_OUTLET_ZIP,VA0017,004,,EXACT_OUTLET;TIE_FSCSKEY_SEQ,EXACT_OUTLET;NOT_USPS_VALIDITY;NO_INVENTORY
23324,EXACT_IMLS_OUTLET_ZIP,VA0017,006,,EXACT_OUTLET;TIE_FSCSKEY_SEQ,EXACT_OUTLET;NOT_USPS_VALIDITY;NO_INVENTORY
23325,EXACT_IMLS_OUTLET_ZIP,VA0017,003,,EXACT_OUTLET;TIE_FSCSKEY_SEQ,EXACT_OUTLET;NOT_USPS_VALIDITY;NO_INVENTORY
23327,OBSERVED_REFERENCE_INDIRECT_ONLY,,,,INDIRECT_IMLS_SC;NO_FABRICATED_NEAREST,INDIRECT_IMLS_SC;NO_FABRICATED_NEAREST;NOT_REJECTED;NOT_USPS_VALIDITY;NO_INVENTORY
23328,OBSERVED_REFERENCE_INDIRECT_ONLY,,,,INDIRECT_IMLS_SC;NO_FABRICATED_NEAREST,INDIRECT_IMLS_SC;NO_FABRICATED_NEAREST;NOT_REJECTED;NOT_USPS_VALIDITY;NO_INVENTORY
23336,EXACT_IMLS_OUTLET_ZIP,VA0024,004,,EXACT_OUTLET;TIE_FSCSKEY_SEQ,EXACT_OUTLET;NOT_USPS_VALIDITY;NO_INVENTORY
23337,ZCTA_NEAREST_ACTIVE_OUTLET,VA0024,004,7.690,ZCTA_NN;R6371;TIE_FIRST_LEX,ZCTA_NN_HAVERSINE;NOT_ELIGIBILITY;NOT_USPS_VALIDITY;NO_INVENTORY
23341,OBSERVED_REFERENCE_INDIRECT_ONLY,,,,INDIRECT_IMLS_SC;NO_FABRICATED_NEAREST,INDIRECT_IMLS_SC;NO_FABRICATED_NEAREST;NOT_REJECTED;NOT_USPS_VALIDITY;NO_INVENTORY
23347,ZCTA_NEAREST_ACTIVE_OUTLET,VA0024,008,10.661,ZCTA_NN;R6371;TIE_FIRST_LEX,ZCTA_NN_HAVERSINE;NOT_ELIGIBILITY;NOT_USPS_VALIDITY;NO_INVENTORY
23350,ZCTA_NEAREST_ACTIVE_OUTLET,VA0024,006,4.454,ZCTA_NN;R6371;TIE_FIRST_LEX,ZCTA_NN_HAVERSINE;NOT_ELIGIBILITY;NOT_USPS_VALIDITY;NO_INVENTORY
23354,ZCTA_NEAREST_ACTIVE_OUTLET,VA0024,006,5.317,ZCTA_NN;R6371;TIE_FIRST_LEX,ZCTA_NN_HAVERSINE;NOT_ELIGIBILITY;NOT_USPS_VALIDITY;NO_INVENTORY
23356,ZCTA_NEAREST_ACTIVE_OUTLET,VA0024,004,8.468,ZCTA_NN;R6371;TIE_FIRST_LEX,ZCTA_NN_HAVERSINE;NOT_ELIGIBILITY;NOT_USPS_VALIDITY;NO_INVENTORY
23357,ZCTA_NEAREST_ACTIVE_OUTLET,VA0024,002,3.566,ZCTA_NN;R6371;TIE_FIRST_LEX,ZCTA_NN_HAVERSINE;NOT_ELIGIBILITY;NOT_USPS_VALIDITY;NO_INVENTORY
23358,ZCTA_NEAREST_ACTIVE_OUTLET,VA0024,006,20.007,ZCTA_NN;R6371;TIE_FIRST_LEX,ZCTA_NN_HAVERSINE;NOT_ELIGIBILITY;NOT_USPS_VALIDITY;NO_INVENTORY
23359,ZCTA_NEAREST_ACTIVE_OUTLET,VA0024,002,12.537,ZCTA_NN;R6371;TIE_FIRST_LEX,ZCTA_NN_HAVERSINE;NOT_ELIGIBILITY;NOT_USPS_VALIDITY;NO_INVENTORY
23389,ZCTA_NEAREST_ACTIVE_OUTLET,VA0024,006,20.825,ZCTA_NN;R6371;TIE_FIRST_LEX,ZCTA_NN_HAVERSINE;NOT_ELIGIBILITY;NOT_USPS_VALIDITY;NO_INVENTORY
23395,ZCTA_NEAREST_ACTIVE_OUTLET,VA0024,004,6.976,ZCTA_NN;R6371;TIE_FIRST_LEX,ZCTA_NN_HAVERSINE;NOT_ELIGIBILITY;NOT_USPS_VALIDITY;NO_INVENTORY
23398,ZCTA_NEAREST_ACTIVE_OUTLET,VA0024,006,9.092,ZCTA_NN;R6371;TIE_FIRST_LEX,ZCTA_NN_HAVERSINE;NOT_ELIGIBILITY;NOT_USPS_VALIDITY;NO_INVENTORY
23401,ZCTA_NEAREST_ACTIVE_OUTLET,VA0024,006,18.517,ZCTA_NN;R6371;TIE_FIRST_LEX,ZCTA_NN_HAVERSINE;NOT_ELIGIBILITY;NOT_USPS_VALIDITY;NO_INVENTORY
23404,OBSERVED_REFERENCE_INDIRECT_ONLY,,,,INDIRECT_IMLS_SC;NO_FABRICATED_NEAREST,INDIRECT_IMLS_SC;NO_FABRICATED_NEAREST;NOT_REJECTED;NOT_USPS_VALIDITY;NO_INVENTORY
23405,ZCTA_NEAREST_ACTIVE_OUTLET,VA0024,006,9.240,ZCTA_NN;R6371;TIE_FIRST_LEX,ZCTA_NN_HAVERSINE;NOT_ELIGIBILITY;NOT_USPS_VALIDITY;NO_INVENTORY
23407,ZCTA_NEAREST_ACTIVE_OUTLET,VA0024,002,11.258,ZCTA_NN;R6371;TIE_FIRST_LEX,ZCTA_NN_HAVERSINE;NOT_ELIGIBILITY;NOT_USPS_VALIDITY;NO_INVENTORY
23408,ZCTA_NEAREST_ACTIVE_OUTLET,VA0024,006,2.488,ZCTA_NN;R6371;TIE_FIRST_LEX,ZCTA_NN_HAVERSINE;NOT_ELIGIBILITY;NOT_USPS_VALIDITY;NO_INVENTORY
23409,ZCTA_NEAREST_ACTIVE_OUTLET,VA0024,002,11.764,ZCTA_NN;R6371;TIE_FIRST_LEX,ZCTA_NN_HAVERSINE;NOT_ELIGIBILITY;NOT_USPS_VALIDITY;NO_INVENTORY
23410,ZCTA_NEAREST_ACTIVE_OUTLET,VA0024,002,17.715,ZCTA_NN;R6371;TIE_FIRST_LEX,ZCTA_NN_HAVERSINE;NOT_ELIGIBILITY;NOT_USPS_VALIDITY;NO_INVENTORY
23413,EXACT_IMLS_OUTLET_ZIP,VA0024,006,,EXACT_OUTLET;TIE_FSCSKEY_SEQ,EXACT_OUTLET;NOT_USPS_VALIDITY;NO_INVENTORY
23414,ZCTA_NEAREST_ACTIVE_OUTLET,VA0024,002,6.757,ZCTA_NN;R6371;TIE_FIRST_LEX,ZCTA_NN_HAVERSINE;NOT_ELIGIBILITY;NOT_USPS_VALIDITY;NO_INVENTORY
23415,ZCTA_NEAREST_ACTIVE_OUTLET,MD0024,005,11.312,ZCTA_NN;R6371;TIE_FIRST_LEX,ZCTA_NN_HAVERSINE;NOT_ELIGIBILITY;NOT_USPS_VALIDITY;NO_INVENTORY
23416,ZCTA_NEAREST_ACTIVE_OUTLET,MD0024,005,15.199,ZCTA_NN;R6371;TIE_FIRST_LEX,ZCTA_NN_HAVERSINE;NOT_ELIGIBILITY;NOT_USPS_VALIDITY;NO_INVENTORY
23417,ZCTA_NEAREST_ACTIVE_OUTLET,VA0024,002,11.112,ZCTA_NN;R6371;TIE_FIRST_LEX,ZCTA_NN_HAVERSINE;NOT_ELIGIBILITY;NOT_USPS_VALIDITY;NO_INVENTORY
23418,ZCTA_NEAREST_ACTIVE_OUTLET,VA0024,002,15.655,ZCTA_NN;R6371;TIE_FIRST_LEX,ZCTA_NN_HAVERSINE;NOT_ELIGIBILITY;NOT_USPS_VALIDITY;NO_INVENTORY
23420,ZCTA_NEAREST_ACTIVE_OUTLET,VA0024,006,14.422,ZCTA_NN;R6371;TIE_FIRST_LEX,ZCTA_NN_HAVERSINE;NOT_ELIGIBILITY;NOT_USPS_VALIDITY;NO_INVENTORY
23421,EXACT_IMLS_OUTLET_ZIP,VA0024,002,,EXACT_OUTLET;TIE_FSCSKEY_SEQ,EXACT_OUTLET;NOT_USPS_VALIDITY;NO_INVENTORY
23422,ZCTA_NEAREST_ACTIVE_OUTLET,VA0024,006,18.376,ZCTA_NN;R6371;TIE_FIRST_LEX,ZCTA_NN_HAVERSINE;NOT_ELIGIBILITY;NOT_USPS_VALIDITY;NO_INVENTORY
23423,ZCTA_NEAREST_ACTIVE_OUTLET,VA0024,006,11.208,ZCTA_NN;R6371;TIE_FIRST_LEX,ZCTA_NN_HAVERSINE;NOT_ELIGIBILITY;NOT_USPS_VALIDITY;NO_INVENTORY
23426,ZCTA_NEAREST_ACTIVE_OUTLET,MD0020,008,15.724,ZCTA_NN;R6371;TIE_FIRST_LEX,ZCTA_NN_HAVERSINE;NOT_ELIGIBILITY;NOT_USPS_VALIDITY;NO_INVENTORY
23427,ZCTA_NEAREST_ACTIVE_OUTLET,VA0024,002,14.367,ZCTA_NN;R6371;TIE_FIRST_LEX,ZCTA_NN_HAVERSINE;NOT_ELIGIBILITY;NOT_USPS_VALIDITY;NO_INVENTORY
23430,EXACT_IMLS_OUTLET_ZIP,VA0083,005,,EXACT_OUTLET;TIE_FSCSKEY_SEQ,EXACT_OUTLET;NOT_USPS_VALIDITY;NO_INVENTORY
23431,OBSERVED_REFERENCE_INDIRECT_ONLY,,,,INDIRECT_IMLS_SC;NO_FABRICATED_NEAREST,INDIRECT_IMLS_SC;NO_FABRICATED_NEAREST;NOT_REJECTED;NOT_USPS_VALIDITY;NO_INVENTORY
23432,EXACT_IMLS_OUTLET_ZIP,VA0080,005,,EXACT_OUTLET;TIE_FSCSKEY_SEQ,EXACT_OUTLET;NOT_USPS_VALIDITY;NO_INVENTORY
23433,ZCTA_NEAREST_ACTIVE_OUTLET,VA0083,003,6.953,ZCTA_NN;R6371;TIE_FIRST_LEX,ZCTA_NN_HAVERSINE;NOT_ELIGIBILITY;NOT_USPS_VALIDITY;NO_INVENTORY
23434,EXACT_IMLS_OUTLET_ZIP,VA0080,002,,EXACT_OUTLET;TIE_FSCSKEY_SEQ,EXACT_OUTLET;NOT_USPS_VALIDITY;NO_INVENTORY
23435,EXACT_IMLS_OUTLET_ZIP,VA0080,004,,EXACT_OUTLET;TIE_FSCSKEY_SEQ,EXACT_OUTLET;NOT_USPS_VALIDITY;NO_INVENTORY
23436,ZCTA_NEAREST_ACTIVE_OUTLET,VA0080,004,5.523,ZCTA_NN;R6371;TIE_FIRST_LEX,ZCTA_NN_HAVERSINE;NOT_ELIGIBILITY;NOT_USPS_VALIDITY;NO_INVENTORY
23437,ZCTA_NEAREST_ACTIVE_OUTLET,VA0083,009,13.558,ZCTA_NN;R6371;TIE_FIRST_LEX,ZCTA_NN_HAVERSINE;NOT_ELIGIBILITY;NOT_USPS_VALIDITY;NO_INVENTORY
23438,ZCTA_NEAREST_ACTIVE_OUTLET,NC0001,012,15.031,ZCTA_NN;R6371;TIE_FIRST_LEX,ZCTA_NN_HAVERSINE;NOT_ELIGIBILITY;NOT_USPS_VALIDITY;NO_INVENTORY
23439,OBSERVED_REFERENCE_INDIRECT_ONLY,,,,INDIRECT_IMLS_SC;NO_FABRICATED_NEAREST,INDIRECT_IMLS_SC;NO_FABRICATED_NEAREST;NOT_REJECTED;NOT_USPS_VALIDITY;NO_INVENTORY
23440,ZCTA_NEAREST_ACTIVE_OUTLET,MD0020,005,19.188,ZCTA_NN;R6371;TIE_FIRST_LEX,ZCTA_NN_HAVERSINE;NOT_ELIGIBILITY;NOT_USPS_VALIDITY;NO_INVENTORY
23441,ZCTA_NEAREST_ACTIVE_OUTLET,VA0024,002,8.772,ZCTA_NN;R6371;TIE_FIRST_LEX,ZCTA_NN_HAVERSINE;NOT_ELIGIBILITY;NOT_USPS_VALIDITY;NO_INVENTORY
23442,ZCTA_NEAREST_ACTIVE_OUTLET,VA0024,002,14.917,ZCTA_NN;R6371;TIE_FIRST_LEX,ZCTA_NN_HAVERSINE;NOT_ELIGIBILITY;NOT_USPS_VALIDITY;NO_INVENTORY
23443,OBSERVED_REFERENCE_INDIRECT_ONLY,,,,INDIRECT_IMLS_SC;NO_FABRICATED_NEAREST,INDIRECT_IMLS_SC;NO_FABRICATED_NEAREST;NOT_REJECTED;NOT_USPS_VALIDITY;NO_INVENTORY
23450,OBSERVED_REFERENCE_INDIRECT_ONLY,,,,INDIRECT_IMLS_SC;NO_FABRICATED_NEAREST,INDIRECT_IMLS_SC;NO_FABRICATED_NEAREST;NOT_REJECTED;NOT_USPS_VALIDITY;NO_INVENTORY
23451,EXACT_IMLS_OUTLET_ZIP,VA0082,005,,EXACT_OUTLET;TIE_FSCSKEY_SEQ,EXACT_OUTLET;NOT_USPS_VALIDITY;NO_INVENTORY
23452,EXACT_IMLS_OUTLET_ZIP,VA0082,002,,EXACT_OUTLET;TIE_FSCSKEY_SEQ,EXACT_OUTLET;NOT_USPS_VALIDITY;NO_INVENTORY
23453,EXACT_IMLS_OUTLET_ZIP,VA0082,015,,EXACT_OUTLET;TIE_FSCSKEY_SEQ,EXACT_OUTLET;NOT_USPS_VALIDITY;NO_INVENTORY
23454,EXACT_IMLS_OUTLET_ZIP,VA0082,006,,EXACT_OUTLET;TIE_FSCSKEY_SEQ,EXACT_OUTLET;NOT_USPS_VALIDITY;NO_INVENTORY
23455,EXACT_IMLS_OUTLET_ZIP,VA0082,003,,EXACT_OUTLET;TIE_FSCSKEY_SEQ,EXACT_OUTLET;NOT_USPS_VALIDITY;NO_INVENTORY
23456,EXACT_IMLS_OUTLET_ZIP,VA0082,010,,EXACT_OUTLET;TIE_FSCSKEY_SEQ,EXACT_OUTLET;NOT_USPS_VALIDITY;NO_INVENTORY
23457,EXACT_IMLS_OUTLET_ZIP,VA0082,011,,EXACT_OUTLET;TIE_FSCSKEY_SEQ,EXACT_OUTLET;NOT_USPS_VALIDITY;NO_INVENTORY
23459,ZCTA_NEAREST_ACTIVE_OUTLET,VA0054,010,3.375,ZCTA_NN;R6371;TIE_FIRST_LEX,ZCTA_NN_HAVERSINE;NOT_ELIGIBILITY;NOT_USPS_VALIDITY;NO_INVENTORY
23460,ZCTA_NEAREST_ACTIVE_OUTLET,VA0082,005,5.124,ZCTA_NN;R6371;TIE_FIRST_LEX,ZCTA_NN_HAVERSINE;NOT_ELIGIBILITY;NOT_USPS_VALIDITY;NO_INVENTORY
23461,ZCTA_NEAREST_ACTIVE_OUTLET,VA0082,014,5.185,ZCTA_NN;R6371;TIE_FIRST_LEX,ZCTA_NN_HAVERSINE;NOT_ELIGIBILITY;NOT_USPS_VALIDITY;NO_INVENTORY
23462,ZCTA_NEAREST_ACTIVE_OUTLET,VA0082,002,2.698,ZCTA_NN;R6371;TIE_FIRST_LEX,ZCTA_NN_HAVERSINE;NOT_ELIGIBILITY;NOT_USPS_VALIDITY;NO_INVENTORY
23463,OBSERVED_REFERENCE_INDIRECT_ONLY,,,,INDIRECT_IMLS_SC;NO_FABRICATED_NEAREST,INDIRECT_IMLS_SC;NO_FABRICATED_NEAREST;NOT_REJECTED;NOT_USPS_VALIDITY;NO_INVENTORY
23464,EXACT_IMLS_OUTLET_ZIP,VA0082,004,,EXACT_OUTLET;TIE_FSCSKEY_SEQ,EXACT_OUTLET;NOT_USPS_VALIDITY;NO_INVENTORY
23466,OBSERVED_REFERENCE_INDIRECT_ONLY,,,,INDIRECT_IMLS_SC;NO_FABRICATED_NEAREST,INDIRECT_IMLS_SC;NO_FABRICATED_NEAREST;NOT_REJECTED;NOT_USPS_VALIDITY;NO_INVENTORY
23467,OBSERVED_REFERENCE_INDIRECT_ONLY,,,,INDIRECT_IMLS_SC;NO_FABRICATED_NEAREST,INDIRECT_IMLS_SC;NO_FABRICATED_NEAREST;NOT_REJECTED;NOT_USPS_VALIDITY;NO_INVENTORY
23471,OBSERVED_REFERENCE_INDIRECT_ONLY,,,,INDIRECT_IMLS_SC;NO_FABRICATED_NEAREST,INDIRECT_IMLS_SC;NO_FABRICATED_NEAREST;NOT_REJECTED;NOT_USPS_VALIDITY;NO_INVENTORY
23480,ZCTA_NEAREST_ACTIVE_OUTLET,VA0024,002,18.427,ZCTA_NN;R6371;TIE_FIRST_LEX,ZCTA_NN_HAVERSINE;NOT_ELIGIBILITY;NOT_USPS_VALIDITY;NO_INVENTORY
23486,ZCTA_NEAREST_ACTIVE_OUTLET,VA0024,006,6.799,ZCTA_NN;R6371;TIE_FIRST_LEX,ZCTA_NN_HAVERSINE;NOT_ELIGIBILITY;NOT_USPS_VALIDITY;NO_INVENTORY
23487,EXACT_IMLS_OUTLET_ZIP,VA0083,010,,EXACT_OUTLET;TIE_FSCSKEY_SEQ,EXACT_OUTLET;NOT_USPS_VALIDITY;NO_INVENTORY
23488,ZCTA_NEAREST_ACTIVE_OUTLET,MD0024,005,14.327,ZCTA_NN;R6371;TIE_FIRST_LEX,ZCTA_NN_HAVERSINE;NOT_ELIGIBILITY;NOT_USPS_VALIDITY;NO_INVENTORY
23501,OBSERVED_REFERENCE_INDIRECT_ONLY,,,,INDIRECT_IMLS_SC;NO_FABRICATED_NEAREST,INDIRECT_IMLS_SC;NO_FABRICATED_NEAREST;NOT_REJECTED;NOT_USPS_VALIDITY;NO_INVENTORY
23502,EXACT_IMLS_OUTLET_ZIP,VA0054,007,,EXACT_OUTLET;TIE_FSCSKEY_SEQ,EXACT_OUTLET;NOT_USPS_VALIDITY;NO_INVENTORY
23503,EXACT_IMLS_OUTLET_ZIP,VA0054,012,,EXACT_OUTLET;TIE_FSCSKEY_SEQ,EXACT_OUTLET;NOT_USPS_VALIDITY;NO_INVENTORY
23504,EXACT_IMLS_OUTLET_ZIP,VA0054,005,,EXACT_OUTLET;TIE_FSCSKEY_SEQ,EXACT_OUTLET;NOT_USPS_VALIDITY;NO_INVENTORY
23505,ZCTA_NEAREST_ACTIVE_OUTLET,VA0054,009,1.341,ZCTA_NN;R6371;TIE_FIRST_LEX,ZCTA_NN_HAVERSINE;NOT_ELIGIBILITY;NOT_USPS_VALIDITY;NO_INVENTORY
23507,ZCTA_NEAREST_ACTIVE_OUTLET,VA0054,013,1.020,ZCTA_NN;R6371;TIE_FIRST_LEX,ZCTA_NN_HAVERSINE;NOT_ELIGIBILITY;NOT_USPS_VALIDITY;NO_INVENTORY
23508,EXACT_IMLS_OUTLET_ZIP,VA0054,009,,EXACT_OUTLET;TIE_FSCSKEY_SEQ,EXACT_OUTLET;NOT_USPS_VALIDITY;NO_INVENTORY
23509,EXACT_IMLS_OUTLET_ZIP,VA0054,008,,EXACT_OUTLET;TIE_FSCSKEY_SEQ,EXACT_OUTLET;NOT_USPS_VALIDITY;NO_INVENTORY
23510,EXACT_IMLS_OUTLET_ZIP,VA0054,002,,EXACT_OUTLET;TIE_FSCSKEY_SEQ,EXACT_OUTLET;NOT_USPS_VALIDITY;NO_INVENTORY
23511,ZCTA_NEAREST_ACTIVE_OUTLET,VA0054,009,4.039,ZCTA_NN;R6371;TIE_FIRST_LEX,ZCTA_NN_HAVERSINE;NOT_ELIGIBILITY;NOT_USPS_VALIDITY;NO_INVENTORY
23513,EXACT_IMLS_OUTLET_ZIP,VA0054,015,,EXACT_OUTLET;TIE_FSCSKEY_SEQ,EXACT_OUTLET;NOT_USPS_VALIDITY;NO_INVENTORY
23514,OBSERVED_REFERENCE_INDIRECT_ONLY,,,,INDIRECT_IMLS_SC;NO_FABRICATED_NEAREST,INDIRECT_IMLS_SC;NO_FABRICATED_NEAREST;NOT_REJECTED;NOT_USPS_VALIDITY;NO_INVENTORY
23515,OBSERVED_REFERENCE_INDIRECT_ONLY,,,,INDIRECT_IMLS_SC;NO_FABRICATED_NEAREST,INDIRECT_IMLS_SC;NO_FABRICATED_NEAREST;NOT_REJECTED;NOT_USPS_VALIDITY;NO_INVENTORY
23517,EXACT_IMLS_OUTLET_ZIP,VA0054,013,,EXACT_OUTLET;TIE_FSCSKEY_SEQ,EXACT_OUTLET;NOT_USPS_VALIDITY;NO_INVENTORY
23518,EXACT_IMLS_OUTLET_ZIP,VA0054,010,,EXACT_OUTLET;TIE_FSCSKEY_SEQ,EXACT_OUTLET;NOT_USPS_VALIDITY;NO_INVENTORY
23523,EXACT_IMLS_OUTLET_ZIP,VA0054,016,,EXACT_OUTLET;TIE_FSCSKEY_SEQ,EXACT_OUTLET;NOT_USPS_VALIDITY;NO_INVENTORY
23529,OBSERVED_REFERENCE_INDIRECT_ONLY,,,,INDIRECT_IMLS_SC;NO_FABRICATED_NEAREST,INDIRECT_IMLS_SC;NO_FABRICATED_NEAREST;NOT_REJECTED;NOT_USPS_VALIDITY;NO_INVENTORY
23541,OBSERVED_REFERENCE_INDIRECT_ONLY,,,,INDIRECT_IMLS_SC;NO_FABRICATED_NEAREST,INDIRECT_IMLS_SC;NO_FABRICATED_NEAREST;NOT_REJECTED;NOT_USPS_VALIDITY;NO_INVENTORY
23551,ZCTA_NEAREST_ACTIVE_OUTLET,VA0054,009,2.668,ZCTA_NN;R6371;TIE_FIRST_LEX,ZCTA_NN_HAVERSINE;NOT_ELIGIBILITY;NOT_USPS_VALIDITY;NO_INVENTORY
23601,EXACT_IMLS_OUTLET_ZIP,VA0053,004,,EXACT_OUTLET;TIE_FSCSKEY_SEQ,EXACT_OUTLET;NOT_USPS_VALIDITY;NO_INVENTORY
23602,ZCTA_NEAREST_ACTIVE_OUTLET,VA0053,005,2.894,ZCTA_NN;R6371;TIE_FIRST_LEX,ZCTA_NN_HAVERSINE;NOT_ELIGIBILITY;NOT_USPS_VALIDITY;NO_INVENTORY
23603,ZCTA_NEAREST_ACTIVE_OUTLET,VA0088,003,6.563,ZCTA_NN;R6371;TIE_FIRST_LEX,ZCTA_NN_HAVERSINE;NOT_ELIGIBILITY;NOT_USPS_VALIDITY;NO_INVENTORY
23604,ZCTA_NEAREST_ACTIVE_OUTLET,VA0053,005,4.463,ZCTA_NN;R6371;TIE_FIRST_LEX,ZCTA_NN_HAVERSINE;NOT_ELIGIBILITY;NOT_USPS_VALIDITY;NO_INVENTORY
23605,ZCTA_NEAREST_ACTIVE_OUTLET,VA0053,004,2.623,ZCTA_NN;R6371;TIE_FIRST_LEX,ZCTA_NN_HAVERSINE;NOT_ELIGIBILITY;NOT_USPS_VALIDITY;NO_INVENTORY
23606,EXACT_IMLS_SYSTEM_ZIP,VA0053,,,EXACT_SYSTEM;TIE_FSCSKEY,EXACT_SYSTEM_ADMIN;NOT_NEARBY_OUTLET;NOT_USPS_VALIDITY;NO_INVENTORY
23607,EXACT_IMLS_OUTLET_ZIP,VA0053,002,,EXACT_OUTLET;TIE_FSCSKEY_SEQ,EXACT_OUTLET;NOT_USPS_VALIDITY;NO_INVENTORY
23608,EXACT_IMLS_OUTLET_ZIP,VA0053,005,,EXACT_OUTLET;TIE_FSCSKEY_SEQ,EXACT_OUTLET;NOT_USPS_VALIDITY;NO_INVENTORY
23609,OBSERVED_REFERENCE_INDIRECT_ONLY,,,,INDIRECT_IMLS_SC;NO_FABRICATED_NEAREST,INDIRECT_IMLS_SC;NO_FABRICATED_NEAREST;NOT_REJECTED;NOT_USPS_VALIDITY;NO_INVENTORY
23612,OBSERVED_REFERENCE_INDIRECT_ONLY,,,,INDIRECT_IMLS_SC;NO_FABRICATED_NEAREST,INDIRECT_IMLS_SC;NO_FABRICATED_NEAREST;NOT_REJECTED;NOT_USPS_VALIDITY;NO_INVENTORY
23651,ZCTA_NEAREST_ACTIVE_OUTLET,VA0034,004,2.338,ZCTA_NN;R6371;TIE_FIRST_LEX,ZCTA_NN_HAVERSINE;NOT_ELIGIBILITY;NOT_USPS_VALIDITY;NO_INVENTORY
23661,ZCTA_NEAREST_ACTIVE_OUTLET,VA0034,002,2.004,ZCTA_NN;R6371;TIE_FIRST_LEX,ZCTA_NN_HAVERSINE;NOT_ELIGIBILITY;NOT_USPS_VALIDITY;NO_INVENTORY
23662,EXACT_IMLS_OUTLET_ZIP,VA0061,002,,EXACT_OUTLET;TIE_FSCSKEY_SEQ,EXACT_OUTLET;NOT_USPS_VALIDITY;NO_INVENTORY
23663,EXACT_IMLS_OUTLET_ZIP,VA0034,004,,EXACT_OUTLET;TIE_FSCSKEY_SEQ,EXACT_OUTLET;NOT_USPS_VALIDITY;NO_INVENTORY
23664,ZCTA_NEAREST_ACTIVE_OUTLET,VA0034,005,3.370,ZCTA_NN;R6371;TIE_FIRST_LEX,ZCTA_NN_HAVERSINE;NOT_ELIGIBILITY;NOT_USPS_VALIDITY;NO_INVENTORY
23665,ZCTA_NEAREST_ACTIVE_OUTLET,VA0034,005,3.999,ZCTA_NN;R6371;TIE_FIRST_LEX,ZCTA_NN_HAVERSINE;NOT_ELIGIBILITY;NOT_USPS_VALIDITY;NO_INVENTORY
23666,EXACT_IMLS_OUTLET_ZIP,VA0034,003,,EXACT_OUTLET;TIE_FSCSKEY_SEQ,EXACT_OUTLET;NOT_USPS_VALIDITY;NO_INVENTORY
23667,ZCTA_NEAREST_ACTIVE_OUTLET,VA0034,004,0.794,ZCTA_NN;R6371;TIE_FIRST_LEX,ZCTA_NN_HAVERSINE;NOT_ELIGIBILITY;NOT_USPS_VALIDITY;NO_INVENTORY
23668,ZCTA_NEAREST_ACTIVE_OUTLET,VA0034,002,1.141,ZCTA_NN;R6371;TIE_FIRST_LEX,ZCTA_NN_HAVERSINE;NOT_ELIGIBILITY;NOT_USPS_VALIDITY;NO_INVENTORY
23669,EXACT_IMLS_OUTLET_ZIP,VA0034,002,,EXACT_OUTLET;TIE_FSCSKEY_SEQ,EXACT_OUTLET;NOT_USPS_VALIDITY;NO_INVENTORY
23670,OBSERVED_REFERENCE_INDIRECT_ONLY,,,,INDIRECT_IMLS_SC;NO_FABRICATED_NEAREST,INDIRECT_IMLS_SC;NO_FABRICATED_NEAREST;NOT_REJECTED;NOT_USPS_VALIDITY;NO_INVENTORY
23681,ZCTA_NEAREST_ACTIVE_OUTLET,VA0061,002,3.061,ZCTA_NN;R6371;TIE_FIRST_LEX,ZCTA_NN_HAVERSINE;NOT_ELIGIBILITY;NOT_USPS_VALIDITY;NO_INVENTORY
23690,ZCTA_NEAREST_ACTIVE_OUTLET,VA0088,003,3.715,ZCTA_NN;R6371;TIE_FIRST_LEX,ZCTA_NN_HAVERSINE;NOT_ELIGIBILITY;NOT_USPS_VALIDITY;NO_INVENTORY
23691,ZCTA_NEAREST_ACTIVE_OUTLET,VA0032,003,6.961,ZCTA_NN;R6371;TIE_FIRST_LEX,ZCTA_NN_HAVERSINE;NOT_ELIGIBILITY;NOT_USPS_VALIDITY;NO_INVENTORY
23692,EXACT_IMLS_OUTLET_ZIP,VA0088,003,,EXACT_OUTLET;TIE_FSCSKEY_SEQ,EXACT_OUTLET;NOT_USPS_VALIDITY;NO_INVENTORY
23693,EXACT_IMLS_OUTLET_ZIP,VA0088,002,,EXACT_OUTLET;TIE_FSCSKEY_SEQ,EXACT_OUTLET;NOT_USPS_VALIDITY;NO_INVENTORY
23696,ZCTA_NEAREST_ACTIVE_OUTLET,VA0088,003,6.866,ZCTA_NN;R6371;TIE_FIRST_LEX,ZCTA_NN_HAVERSINE;NOT_ELIGIBILITY;NOT_USPS_VALIDITY;NO_INVENTORY
23701,EXACT_IMLS_OUTLET_ZIP,VA0062,005,,EXACT_OUTLET;TIE_FSCSKEY_SEQ,EXACT_OUTLET;NOT_USPS_VALIDITY;NO_INVENTORY
23702,EXACT_IMLS_OUTLET_ZIP,VA0062,004,,EXACT_OUTLET;TIE_FSCSKEY_SEQ,EXACT_OUTLET;NOT_USPS_VALIDITY;NO_INVENTORY
23703,EXACT_IMLS_OUTLET_ZIP,VA0062,003,,EXACT_OUTLET;TIE_FSCSKEY_SEQ,EXACT_OUTLET;NOT_USPS_VALIDITY;NO_INVENTORY
23704,EXACT_IMLS_OUTLET_ZIP,VA0062,002,,EXACT_OUTLET;TIE_FSCSKEY_SEQ,EXACT_OUTLET;NOT_USPS_VALIDITY;NO_INVENTORY
23707,ZCTA_NEAREST_ACTIVE_OUTLET,VA0062,003,3.614,ZCTA_NN;R6371;TIE_FIRST_LEX,ZCTA_NN_HAVERSINE;NOT_ELIGIBILITY;NOT_USPS_VALIDITY;NO_INVENTORY
23708,ZCTA_NEAREST_ACTIVE_OUTLET,VA0054,002,1.231,ZCTA_NN;R6371;TIE_FIRST_LEX,ZCTA_NN_HAVERSINE;NOT_ELIGIBILITY;NOT_USPS_VALIDITY;NO_INVENTORY
23709,ZCTA_NEAREST_ACTIVE_OUTLET,VA0017,006,1.822,ZCTA_NN;R6371;TIE_FIRST_LEX,ZCTA_NN_HAVERSINE;NOT_ELIGIBILITY;NOT_USPS_VALIDITY;NO_INVENTORY
23801,ZCTA_NEAREST_ACTIVE_OUTLET,VA0004,010,4.598,ZCTA_NN;R6371;TIE_FIRST_LEX,ZCTA_NN_HAVERSINE;NOT_ELIGIBILITY;NOT_USPS_VALIDITY;NO_INVENTORY
23803,EXACT_IMLS_OUTLET_ZIP,VA0004,008,,EXACT_OUTLET;TIE_FSCSKEY_SEQ,EXACT_OUTLET;NOT_USPS_VALIDITY;NO_INVENTORY
23804,OBSERVED_REFERENCE_INDIRECT_ONLY,,,,INDIRECT_IMLS_SC;NO_FABRICATED_NEAREST,INDIRECT_IMLS_SC;NO_FABRICATED_NEAREST;NOT_REJECTED;NOT_USPS_VALIDITY;NO_INVENTORY
23805,ZCTA_NEAREST_ACTIVE_OUTLET,VA0059,002,10.165,ZCTA_NN;R6371;TIE_FIRST_LEX,ZCTA_NN_HAVERSINE;NOT_ELIGIBILITY;NOT_USPS_VALIDITY;NO_INVENTORY
23806,OBSERVED_REFERENCE_INDIRECT_ONLY,,,,INDIRECT_IMLS_SC;NO_FABRICATED_NEAREST,INDIRECT_IMLS_SC;NO_FABRICATED_NEAREST;NOT_REJECTED;NOT_USPS_VALIDITY;NO_INVENTORY
23821,ZCTA_NEAREST_ACTIVE_OUTLET,VA0049,002,15.102,ZCTA_NN;R6371;TIE_FIRST_LEX,ZCTA_NN_HAVERSINE;NOT_ELIGIBILITY;NOT_USPS_VALIDITY;NO_INVENTORY
23824,EXACT_IMLS_OUTLET_ZIP,VA0055,003,,EXACT_OUTLET;TIE_FSCSKEY_SEQ,EXACT_OUTLET;NOT_USPS_VALIDITY;NO_INVENTORY
23827,ZCTA_NEAREST_ACTIVE_OUTLET,VA0083,002,15.998,ZCTA_NN;R6371;TIE_FIRST_LEX,ZCTA_NN_HAVERSINE;NOT_ELIGIBILITY;NOT_USPS_VALIDITY;NO_INVENTORY
23828,ZCTA_NEAREST_ACTIVE_OUTLET,NC0001,015,21.525,ZCTA_NN;R6371;TIE_FIRST_LEX,ZCTA_NN_HAVERSINE;NOT_ELIGIBILITY;NOT_USPS_VALIDITY;NO_INVENTORY
23829,ZCTA_NEAREST_ACTIVE_OUTLET,VA0083,002,14.869,ZCTA_NN;R6371;TIE_FIRST_LEX,ZCTA_NN_HAVERSINE;NOT_ELIGIBILITY;NOT_USPS_VALIDITY;NO_INVENTORY
23830,EXACT_IMLS_OUTLET_ZIP,VA0004,007,,EXACT_OUTLET;TIE_FSCSKEY_SEQ,EXACT_OUTLET;NOT_USPS_VALIDITY;NO_INVENTORY
23831,EXACT_IMLS_OUTLET_ZIP,VA0018,004,,EXACT_OUTLET;TIE_FSCSKEY_SEQ,EXACT_OUTLET;NOT_USPS_VALIDITY;NO_INVENTORY
23832,EXACT_IMLS_OUTLET_ZIP,VA0018,002,,EXACT_OUTLET;TIE_FSCSKEY_SEQ,EXACT_OUTLET;NOT_USPS_VALIDITY;NO_INVENTORY
23833,ZCTA_NEAREST_ACTIVE_OUTLET,VA0004,008,15.171,ZCTA_NN;R6371;TIE_FIRST_LEX,ZCTA_NN_HAVERSINE;NOT_ELIGIBILITY;NOT_USPS_VALIDITY;NO_INVENTORY
23834,EXACT_IMLS_OUTLET_ZIP,VA0020,002,,EXACT_OUTLET;TIE_FSCSKEY_SEQ,EXACT_OUTLET;NOT_USPS_VALIDITY;NO_INVENTORY
23836,EXACT_IMLS_OUTLET_ZIP,VA0018,008,,EXACT_OUTLET;TIE_FSCSKEY_SEQ,EXACT_OUTLET;NOT_USPS_VALIDITY;NO_INVENTORY
23837,EXACT_IMLS_OUTLET_ZIP,VA0083,002,,EXACT_OUTLET;TIE_FSCSKEY_SEQ,EXACT_OUTLET;NOT_USPS_VALIDITY;NO_INVENTORY
23838,ZCTA_NEAREST_ACTIVE_OUTLET,VA0018,011,10.142,ZCTA_NN;R6371;TIE_FIRST_LEX,ZCTA_NN_HAVERSINE;NOT_ELIGIBILITY;NOT_USPS_VALIDITY;NO_INVENTORY
23839,ZCTA_NEAREST_ACTIVE_OUTLET,VA0083,006,9.644,ZCTA_NN;R6371;TIE_FIRST_LEX,ZCTA_NN_HAVERSINE;NOT_ELIGIBILITY;NOT_USPS_VALIDITY;NO_INVENTORY
23840,ZCTA_NEAREST_ACTIVE_OUTLET,VA0004,003,8.024,ZCTA_NN;R6371;TIE_FIRST_LEX,ZCTA_NN_HAVERSINE;NOT_ELIGIBILITY;NOT_USPS_VALIDITY;NO_INVENTORY
23841,EXACT_IMLS_OUTLET_ZIP,VA0004,003,,EXACT_OUTLET;TIE_FSCSKEY_SEQ,EXACT_OUTLET;NOT_USPS_VALIDITY;NO_INVENTORY
23842,EXACT_IMLS_OUTLET_ZIP,VA0004,005,,EXACT_OUTLET;TIE_FSCSKEY_SEQ,EXACT_OUTLET;NOT_USPS_VALIDITY;NO_INVENTORY
23843,ZCTA_NEAREST_ACTIVE_OUTLET,VA0049,002,10.797,ZCTA_NN;R6371;TIE_FIRST_LEX,ZCTA_NN_HAVERSINE;NOT_ELIGIBILITY;NOT_USPS_VALIDITY;NO_INVENTORY
23844,ZCTA_NEAREST_ACTIVE_OUTLET,VA0049,003,19.033,ZCTA_NN;R6371;TIE_FIRST_LEX,ZCTA_NN_HAVERSINE;NOT_ELIGIBILITY;NOT_USPS_VALIDITY;NO_INVENTORY
23845,ZCTA_NEAREST_ACTIVE_OUTLET,NC0036,004,16.896,ZCTA_NN;R6371;TIE_FIRST_LEX,ZCTA_NN_HAVERSINE;NOT_ELIGIBILITY;NOT_USPS_VALIDITY;NO_INVENTORY
23846,ZCTA_NEAREST_ACTIVE_OUTLET,VA0083,006,7.830,ZCTA_NN;R6371;TIE_FIRST_LEX,ZCTA_NN_HAVERSINE;NOT_ELIGIBILITY;NOT_USPS_VALIDITY;NO_INVENTORY
23847,EXACT_IMLS_OUTLET_ZIP,VA0049,003,,EXACT_OUTLET;TIE_FSCSKEY_SEQ,EXACT_OUTLET;NOT_USPS_VALIDITY;NO_INVENTORY
23850,ZCTA_NEAREST_ACTIVE_OUTLET,VA0004,003,16.194,ZCTA_NN;R6371;TIE_FIRST_LEX,ZCTA_NN_HAVERSINE;NOT_ELIGIBILITY;NOT_USPS_VALIDITY;NO_INVENTORY
23851,EXACT_IMLS_OUTLET_ZIP,VA0083,009,,EXACT_OUTLET;TIE_FSCSKEY_SEQ,EXACT_OUTLET;NOT_USPS_VALIDITY;NO_INVENTORY
23856,ZCTA_NEAREST_ACTIVE_OUTLET,VA0049,002,13.536,ZCTA_NN;R6371;TIE_FIRST_LEX,ZCTA_NN_HAVERSINE;NOT_ELIGIBILITY;NOT_USPS_VALIDITY;NO_INVENTORY
23857,ZCTA_NEAREST_ACTIVE_OUTLET,NC0036,004,16.825,ZCTA_NN;R6371;TIE_FIRST_LEX,ZCTA_NN_HAVERSINE;NOT_ELIGIBILITY;NOT_USPS_VALIDITY;NO_INVENTORY
23860,EXACT_IMLS_OUTLET_ZIP,VA0004,002,,EXACT_OUTLET;TIE_FSCSKEY_SEQ,EXACT_OUTLET;NOT_USPS_VALIDITY;NO_INVENTORY
23866,ZCTA_NEAREST_ACTIVE_OUTLET,VA0083,004,12.386,ZCTA_NN;R6371;TIE_FIRST_LEX,ZCTA_NN_HAVERSINE;NOT_ELIGIBILITY;NOT_USPS_VALIDITY;NO_INVENTORY
23867,ZCTA_NEAREST_ACTIVE_OUTLET,VA0049,003,15.569,ZCTA_NN;R6371;TIE_FIRST_LEX,ZCTA_NN_HAVERSINE;NOT_ELIGIBILITY;NOT_USPS_VALIDITY;NO_INVENTORY
23868,EXACT_IMLS_OUTLET_ZIP,VA0049,002,,EXACT_OUTLET;TIE_FSCSKEY_SEQ,EXACT_OUTLET;NOT_USPS_VALIDITY;NO_INVENTORY
23870,ZCTA_NEAREST_ACTIVE_OUTLET,VA0049,003,8.164,ZCTA_NN;R6371;TIE_FIRST_LEX,ZCTA_NN_HAVERSINE;NOT_ELIGIBILITY;NOT_USPS_VALIDITY;NO_INVENTORY
23872,EXACT_IMLS_OUTLET_ZIP,VA0004,004,,EXACT_OUTLET;TIE_FSCSKEY_SEQ,EXACT_OUTLET;NOT_USPS_VALIDITY;NO_INVENTORY
23874,ZCTA_NEAREST_ACTIVE_OUTLET,VA0083,002,14.115,ZCTA_NN;R6371;TIE_FIRST_LEX,ZCTA_NN_HAVERSINE;NOT_ELIGIBILITY;NOT_USPS_VALIDITY;NO_INVENTORY
23875,EXACT_IMLS_OUTLET_ZIP,VA0004,010,,EXACT_OUTLET;TIE_FSCSKEY_SEQ,EXACT_OUTLET;NOT_USPS_VALIDITY;NO_INVENTORY
23876,ZCTA_NEAREST_ACTIVE_OUTLET,VA0004,004,10.059,ZCTA_NN;R6371;TIE_FIRST_LEX,ZCTA_NN_HAVERSINE;NOT_ELIGIBILITY;NOT_USPS_VALIDITY;NO_INVENTORY
23878,ZCTA_NEAREST_ACTIVE_OUTLET,VA0083,002,13.026,ZCTA_NN;R6371;TIE_FIRST_LEX,ZCTA_NN_HAVERSINE;NOT_ELIGIBILITY;NOT_USPS_VALIDITY;NO_INVENTORY
23879,ZCTA_NEAREST_ACTIVE_OUTLET,VA0049,003,11.628,ZCTA_NN;R6371;TIE_FIRST_LEX,ZCTA_NN_HAVERSINE;NOT_ELIGIBILITY;NOT_USPS_VALIDITY;NO_INVENTORY
23881,ZCTA_NEAREST_ACTIVE_OUTLET,VA0083,011,5.367,ZCTA_NN;R6371;TIE_FIRST_LEX,ZCTA_NN_HAVERSINE;NOT_ELIGIBILITY;NOT_USPS_VALIDITY;NO_INVENTORY
23882,ZCTA_NEAREST_ACTIVE_OUTLET,VA0004,007,12.409,ZCTA_NN;R6371;TIE_FIRST_LEX,ZCTA_NN_HAVERSINE;NOT_ELIGIBILITY;NOT_USPS_VALIDITY;NO_INVENTORY
23883,EXACT_IMLS_OUTLET_ZIP,VA0083,006,,EXACT_OUTLET;TIE_FSCSKEY_SEQ,EXACT_OUTLET;NOT_USPS_VALIDITY;NO_INVENTORY
23884,ZCTA_NEAREST_ACTIVE_OUTLET,VA0004,007,16.622,ZCTA_NN;R6371;TIE_FIRST_LEX,ZCTA_NN_HAVERSINE;NOT_ELIGIBILITY;NOT_USPS_VALIDITY;NO_INVENTORY
23885,ZCTA_NEAREST_ACTIVE_OUTLET,VA0004,008,5.924,ZCTA_NN;R6371;TIE_FIRST_LEX,ZCTA_NN_HAVERSINE;NOT_ELIGIBILITY;NOT_USPS_VALIDITY;NO_INVENTORY
23887,ZCTA_NEAREST_ACTIVE_OUTLET,NC0036,004,17.526,ZCTA_NN;R6371;TIE_FIRST_LEX,ZCTA_NN_HAVERSINE;NOT_ELIGIBILITY;NOT_USPS_VALIDITY;NO_INVENTORY
23888,EXACT_IMLS_OUTLET_ZIP,VA0083,004,,EXACT_OUTLET;TIE_FSCSKEY_SEQ,EXACT_OUTLET;NOT_USPS_VALIDITY;NO_INVENTORY
23889,ZCTA_NEAREST_ACTIVE_OUTLET,VA0004,004,9.196,ZCTA_NN;R6371;TIE_FIRST_LEX,ZCTA_NN_HAVERSINE;NOT_ELIGIBILITY;NOT_USPS_VALIDITY;NO_INVENTORY
23890,EXACT_IMLS_OUTLET_ZIP,VA0083,007,,EXACT_OUTLET;TIE_FSCSKEY_SEQ,EXACT_OUTLET;NOT_USPS_VALIDITY;NO_INVENTORY
23891,ZCTA_NEAREST_ACTIVE_OUTLET,VA0004,009,8.828,ZCTA_NN;R6371;TIE_FIRST_LEX,ZCTA_NN_HAVERSINE;NOT_ELIGIBILITY;NOT_USPS_VALIDITY;NO_INVENTORY
23893,ZCTA_NEAREST_ACTIVE_OUTLET,VA0049,002,16.788,ZCTA_NN;R6371;TIE_FIRST_LEX,ZCTA_NN_HAVERSINE;NOT_ELIGIBILITY;NOT_USPS_VALIDITY;NO_INVENTORY
23894,ZCTA_NEAREST_ACTIVE_OUTLET,VA0055,003,16.885,ZCTA_NN;R6371;TIE_FIRST_LEX,ZCTA_NN_HAVERSINE;NOT_ELIGIBILITY;NOT_USPS_VALIDITY;NO_INVENTORY
23897,ZCTA_NEAREST_ACTIVE_OUTLET,VA0004,007,24.111,ZCTA_NN;R6371;TIE_FIRST_LEX,ZCTA_NN_HAVERSINE;NOT_ELIGIBILITY;NOT_USPS_VALIDITY;NO_INVENTORY
23898,ZCTA_NEAREST_ACTIVE_OUTLET,VA0083,010,11.091,ZCTA_NN;R6371;TIE_FIRST_LEX,ZCTA_NN_HAVERSINE;NOT_ELIGIBILITY;NOT_USPS_VALIDITY;NO_INVENTORY
23899,EXACT_IMLS_OUTLET_ZIP,VA0083,011,,EXACT_OUTLET;TIE_FSCSKEY_SEQ,EXACT_OUTLET;NOT_USPS_VALIDITY;NO_INVENTORY
23901,EXACT_IMLS_OUTLET_ZIP,VA0091,003,,EXACT_OUTLET;TIE_FSCSKEY_SEQ,EXACT_OUTLET;NOT_USPS_VALIDITY;NO_INVENTORY
23909,ZCTA_NEAREST_ACTIVE_OUTLET,VA0091,003,1.557,ZCTA_NN;R6371;TIE_FIRST_LEX,ZCTA_NN_HAVERSINE;NOT_ELIGIBILITY;NOT_USPS_VALIDITY;NO_INVENTORY
23915,ZCTA_NEAREST_ACTIVE_OUTLET,VA8002,004,9.475,ZCTA_NN;R6371;TIE_FIRST_LEX,ZCTA_NN_HAVERSINE;NOT_ELIGIBILITY;NOT_USPS_VALIDITY;NO_INVENTORY
23917,EXACT_IMLS_OUTLET_ZIP,VA8002,004,,EXACT_OUTLET;TIE_FSCSKEY_SEQ,EXACT_OUTLET;NOT_USPS_VALIDITY;NO_INVENTORY
23919,ZCTA_NEAREST_ACTIVE_OUTLET,VA8002,003,15.979,ZCTA_NN;R6371;TIE_FIRST_LEX,ZCTA_NN_HAVERSINE;NOT_ELIGIBILITY;NOT_USPS_VALIDITY;NO_INVENTORY
23920,ZCTA_NEAREST_ACTIVE_OUTLET,VA0049,002,11.525,ZCTA_NN;R6371;TIE_FIRST_LEX,ZCTA_NN_HAVERSINE;NOT_ELIGIBILITY;NOT_USPS_VALIDITY;NO_INVENTORY
23921,ZCTA_NEAREST_ACTIVE_OUTLET,VA0091,002,14.079,ZCTA_NN;R6371;TIE_FIRST_LEX,ZCTA_NN_HAVERSINE;NOT_ELIGIBILITY;NOT_USPS_VALIDITY;NO_INVENTORY
23922,EXACT_IMLS_OUTLET_ZIP,VA0055,002,,EXACT_OUTLET;TIE_FSCSKEY_SEQ,EXACT_OUTLET;NOT_USPS_VALIDITY;NO_INVENTORY
23923,EXACT_IMLS_OUTLET_ZIP,VA0016,002,,EXACT_OUTLET;TIE_FSCSKEY_SEQ,EXACT_OUTLET;NOT_USPS_VALIDITY;NO_INVENTORY
23924,EXACT_IMLS_OUTLET_ZIP,VA8002,001,,EXACT_OUTLET;TIE_FSCSKEY_SEQ,EXACT_OUTLET;NOT_USPS_VALIDITY;NO_INVENTORY
23927,EXACT_IMLS_OUTLET_ZIP,VA8002,002,,EXACT_OUTLET;TIE_FSCSKEY_SEQ,EXACT_OUTLET;NOT_USPS_VALIDITY;NO_INVENTORY
23930,EXACT_IMLS_OUTLET_ZIP,VA0055,005,,EXACT_OUTLET;TIE_FSCSKEY_SEQ,EXACT_OUTLET;NOT_USPS_VALIDITY;NO_INVENTORY
23934,ZCTA_NEAREST_ACTIVE_OUTLET,VA0016,002,13.509,ZCTA_NN;R6371;TIE_FIRST_LEX,ZCTA_NN_HAVERSINE;NOT_ELIGIBILITY;NOT_USPS_VALIDITY;NO_INVENTORY
23936,EXACT_IMLS_OUTLET_ZIP,VA0091,002,,EXACT_OUTLET;TIE_FSCSKEY_SEQ,EXACT_OUTLET;NOT_USPS_VALIDITY;NO_INVENTORY
23937,ZCTA_NEAREST_ACTIVE_OUTLET,VA0016,003,11.229,ZCTA_NN;R6371;TIE_FIRST_LEX,ZCTA_NN_HAVERSINE;NOT_ELIGIBILITY;NOT_USPS_VALIDITY;NO_INVENTORY
23938,ZCTA_NEAREST_ACTIVE_OUTLET,VA8001,001,12.385,ZCTA_NN;R6371;TIE_FIRST_LEX,ZCTA_NN_HAVERSINE;NOT_ELIGIBILITY;NOT_USPS_VALIDITY;NO_INVENTORY
23939,OBSERVED_REFERENCE_INDIRECT_ONLY,,,,INDIRECT_IMLS_SC;NO_FABRICATED_NEAREST,INDIRECT_IMLS_SC;NO_FABRICATED_NEAREST;NOT_REJECTED;NOT_USPS_VALIDITY;NO_INVENTORY
23942,ZCTA_NEAREST_ACTIVE_OUTLET,VA0055,002,10.605,ZCTA_NN;R6371;TIE_FIRST_LEX,ZCTA_NN_HAVERSINE;NOT_ELIGIBILITY;NOT_USPS_VALIDITY;NO_INVENTORY
23943,ZCTA_NEAREST_ACTIVE_OUTLET,VA0091,003,8.081,ZCTA_NN;R6371;TIE_FIRST_LEX,ZCTA_NN_HAVERSINE;NOT_ELIGIBILITY;NOT_USPS_VALIDITY;NO_INVENTORY
23944,EXACT_IMLS_OUTLET_ZIP,VA8001,001,,EXACT_OUTLET;TIE_FSCSKEY_SEQ,EXACT_OUTLET;NOT_USPS_VALIDITY;NO_INVENTORY
23947,EXACT_IMLS_OUTLET_ZIP,VA0016,003,,EXACT_OUTLET;TIE_FSCSKEY_SEQ,EXACT_OUTLET;NOT_USPS_VALIDITY;NO_INVENTORY
23950,ZCTA_NEAREST_ACTIVE_OUTLET,VA8002,003,8.572,ZCTA_NN;R6371;TIE_FIRST_LEX,ZCTA_NN_HAVERSINE;NOT_ELIGIBILITY;NOT_USPS_VALIDITY;NO_INVENTORY
23952,ZCTA_NEAREST_ACTIVE_OUTLET,VA8001,002,9.760,ZCTA_NN;R6371;TIE_FIRST_LEX,ZCTA_NN_HAVERSINE;NOT_ELIGIBILITY;NOT_USPS_VALIDITY;NO_INVENTORY
23954,ZCTA_NEAREST_ACTIVE_OUTLET,VA0016,003,11.686,ZCTA_NN;R6371;TIE_FIRST_LEX,ZCTA_NN_HAVERSINE;NOT_ELIGIBILITY;NOT_USPS_VALIDITY;NO_INVENTORY
23955,ZCTA_NEAREST_ACTIVE_OUTLET,VA0055,003,7.404,ZCTA_NN;R6371;TIE_FIRST_LEX,ZCTA_NN_HAVERSINE;NOT_ELIGIBILITY;NOT_USPS_VALIDITY;NO_INVENTORY
23958,ZCTA_NEAREST_ACTIVE_OUTLET,VA0003,002,17.624,ZCTA_NN;R6371;TIE_FIRST_LEX,ZCTA_NN_HAVERSINE;NOT_ELIGIBILITY;NOT_USPS_VALIDITY;NO_INVENTORY
23959,EXACT_IMLS_OUTLET_ZIP,VA0016,005,,EXACT_OUTLET;TIE_FSCSKEY_SEQ,EXACT_OUTLET;NOT_USPS_VALIDITY;NO_INVENTORY
23960,ZCTA_NEAREST_ACTIVE_OUTLET,VA0091,003,12.473,ZCTA_NN;R6371;TIE_FIRST_LEX,ZCTA_NN_HAVERSINE;NOT_ELIGIBILITY;NOT_USPS_VALIDITY;NO_INVENTORY
23962,ZCTA_NEAREST_ACTIVE_OUTLET,VA0016,002,12.668,ZCTA_NN;R6371;TIE_FIRST_LEX,ZCTA_NN_HAVERSINE;NOT_ELIGIBILITY;NOT_USPS_VALIDITY;NO_INVENTORY
23963,ZCTA_NEAREST_ACTIVE_OUTLET,VA0016,005,14.838,ZCTA_NN;R6371;TIE_FIRST_LEX,ZCTA_NN_HAVERSINE;NOT_ELIGIBILITY;NOT_USPS_VALIDITY;NO_INVENTORY
23964,ZCTA_NEAREST_ACTIVE_OUTLET,VA0016,004,9.032,ZCTA_NN;R6371;TIE_FIRST_LEX,ZCTA_NN_HAVERSINE;NOT_ELIGIBILITY;NOT_USPS_VALIDITY;NO_INVENTORY
23966,ZCTA_NEAREST_ACTIVE_OUTLET,VA0055,002,13.278,ZCTA_NN;R6371;TIE_FIRST_LEX,ZCTA_NN_HAVERSINE;NOT_ELIGIBILITY;NOT_USPS_VALIDITY;NO_INVENTORY
23967,ZCTA_NEAREST_ACTIVE_OUTLET,VA0016,004,8.146,ZCTA_NN;R6371;TIE_FIRST_LEX,ZCTA_NN_HAVERSINE;NOT_ELIGIBILITY;NOT_USPS_VALIDITY;NO_INVENTORY
23968,ZCTA_NEAREST_ACTIVE_OUTLET,VA8002,001,10.452,ZCTA_NN;R6371;TIE_FIRST_LEX,ZCTA_NN_HAVERSINE;NOT_ELIGIBILITY;NOT_USPS_VALIDITY;NO_INVENTORY
23970,EXACT_IMLS_OUTLET_ZIP,VA8002,003,,EXACT_OUTLET;TIE_FSCSKEY_SEQ,EXACT_OUTLET;NOT_USPS_VALIDITY;NO_INVENTORY
23974,EXACT_IMLS_OUTLET_ZIP,VA8001,002,,EXACT_OUTLET;TIE_FSCSKEY_SEQ,EXACT_OUTLET;NOT_USPS_VALIDITY;NO_INVENTORY
23976,EXACT_IMLS_OUTLET_ZIP,VA0016,004,,EXACT_OUTLET;TIE_FSCSKEY_SEQ,EXACT_OUTLET;NOT_USPS_VALIDITY;NO_INVENTORY
24001,OBSERVED_REFERENCE_INDIRECT_ONLY,,,,INDIRECT_IMLS_SC;NO_FABRICATED_NEAREST,INDIRECT_IMLS_SC;NO_FABRICATED_NEAREST;NOT_REJECTED;NOT_USPS_VALIDITY;NO_INVENTORY
24010,OBSERVED_REFERENCE_INDIRECT_ONLY,,,,INDIRECT_IMLS_SC;NO_FABRICATED_NEAREST,INDIRECT_IMLS_SC;NO_FABRICATED_NEAREST;NOT_REJECTED;NOT_USPS_VALIDITY;NO_INVENTORY
24011,ZCTA_NEAREST_ACTIVE_OUTLET,VA0069,002,0.233,ZCTA_NN;R6371;TIE_FIRST_LEX,ZCTA_NN_HAVERSINE;NOT_ELIGIBILITY;NOT_USPS_VALIDITY;NO_INVENTORY
24012,EXACT_IMLS_OUTLET_ZIP,VA0009,006,,EXACT_OUTLET;TIE_FSCSKEY_SEQ,EXACT_OUTLET;NOT_USPS_VALIDITY;NO_INVENTORY
24013,EXACT_IMLS_OUTLET_ZIP,VA0069,004,,EXACT_OUTLET;TIE_FSCSKEY_SEQ,EXACT_OUTLET;NOT_USPS_VALIDITY;NO_INVENTORY
24014,EXACT_IMLS_OUTLET_ZIP,VA0069,011,,EXACT_OUTLET;TIE_FSCSKEY_SEQ,EXACT_OUTLET;NOT_USPS_VALIDITY;NO_INVENTORY
24015,EXACT_IMLS_OUTLET_ZIP,VA0069,007,,EXACT_OUTLET;TIE_FSCSKEY_SEQ,EXACT_OUTLET;NOT_USPS_VALIDITY;NO_INVENTORY
24016,EXACT_IMLS_OUTLET_ZIP,VA0069,002,,EXACT_OUTLET;TIE_FSCSKEY_SEQ,EXACT_OUTLET;NOT_USPS_VALIDITY;NO_INVENTORY
24017,EXACT_IMLS_OUTLET_ZIP,VA0069,006,,EXACT_OUTLET;TIE_FSCSKEY_SEQ,EXACT_OUTLET;NOT_USPS_VALIDITY;NO_INVENTORY
24018,EXACT_IMLS_OUTLET_ZIP,VA0070,002,,EXACT_OUTLET;TIE_FSCSKEY_SEQ,EXACT_OUTLET;NOT_USPS_VALIDITY;NO_INVENTORY
24019,EXACT_IMLS_OUTLET_ZIP,VA0070,005,,EXACT_OUTLET;TIE_FSCSKEY_SEQ,EXACT_OUTLET;NOT_USPS_VALIDITY;NO_INVENTORY
24020,ZCTA_NEAREST_ACTIVE_OUTLET,VA0070,005,1.936,ZCTA_NN;R6371;TIE_FIRST_LEX,ZCTA_NN_HAVERSINE;NOT_ELIGIBILITY;NOT_USPS_VALIDITY;NO_INVENTORY
24022,ZCTA_NEAREST_ACTIVE_OUTLET,VA0069,003,0.612,ZCTA_NN;R6371;TIE_FIRST_LEX,ZCTA_NN_HAVERSINE;NOT_ELIGIBILITY;NOT_USPS_VALIDITY;NO_INVENTORY
24023,OBSERVED_REFERENCE_INDIRECT_ONLY,,,,INDIRECT_IMLS_SC;NO_FABRICATED_NEAREST,INDIRECT_IMLS_SC;NO_FABRICATED_NEAREST;NOT_REJECTED;NOT_USPS_VALIDITY;NO_INVENTORY
24024,OBSERVED_REFERENCE_INDIRECT_ONLY,,,,INDIRECT_IMLS_SC;NO_FABRICATED_NEAREST,INDIRECT_IMLS_SC;NO_FABRICATED_NEAREST;NOT_REJECTED;NOT_USPS_VALIDITY;NO_INVENTORY
24033,OBSERVED_REFERENCE_INDIRECT_ONLY,,,,INDIRECT_IMLS_SC;NO_FABRICATED_NEAREST,INDIRECT_IMLS_SC;NO_FABRICATED_NEAREST;NOT_REJECTED;NOT_USPS_VALIDITY;NO_INVENTORY
24053,ZCTA_NEAREST_ACTIVE_OUTLET,NC0013,010,14.215,ZCTA_NN;R6371;TIE_FIRST_LEX,ZCTA_NN_HAVERSINE;NOT_ELIGIBILITY;NOT_USPS_VALIDITY;NO_INVENTORY
24054,ZCTA_NEAREST_ACTIVE_OUTLET,VA0060,003,10.914,ZCTA_NN;R6371;TIE_FIRST_LEX,ZCTA_NN_HAVERSINE;NOT_ELIGIBILITY;NOT_USPS_VALIDITY;NO_INVENTORY
24055,EXACT_IMLS_OUTLET_ZIP,VA0008,007,,EXACT_OUTLET;TIE_FSCSKEY_SEQ,EXACT_OUTLET;NOT_USPS_VALIDITY;NO_INVENTORY
24058,ZCTA_NEAREST_ACTIVE_OUTLET,VA0066,002,6.329,ZCTA_NN;R6371;TIE_FIRST_LEX,ZCTA_NN_HAVERSINE;NOT_ELIGIBILITY;NOT_USPS_VALIDITY;NO_INVENTORY
24059,EXACT_IMLS_OUTLET_ZIP,VA0070,003,,EXACT_OUTLET;TIE_FSCSKEY_SEQ,EXACT_OUTLET;NOT_USPS_VALIDITY;NO_INVENTORY
24060,EXACT_IMLS_OUTLET_ZIP,VA0051,003,,EXACT_OUTLET;TIE_FSCSKEY_SEQ,EXACT_OUTLET;NOT_USPS_VALIDITY;NO_INVENTORY
24061,ZCTA_NEAREST_ACTIVE_OUTLET,VA0051,003,1.219,ZCTA_NN;R6371;TIE_FIRST_LEX,ZCTA_NN_HAVERSINE;NOT_ELIGIBILITY;NOT_USPS_VALIDITY;NO_INVENTORY
24063,OBSERVED_REFERENCE_INDIRECT_ONLY,,,,INDIRECT_IMLS_SC;NO_FABRICATED_NEAREST,INDIRECT_IMLS_SC;NO_FABRICATED_NEAREST;NOT_REJECTED;NOT_USPS_VALIDITY;NO_INVENTORY
24064,ZCTA_NEAREST_ACTIVE_OUTLET,VA0007,008,3.493,ZCTA_NN;R6371;TIE_FIRST_LEX,ZCTA_NN_HAVERSINE;NOT_ELIGIBILITY;NOT_USPS_VALIDITY;NO_INVENTORY
24065,ZCTA_NEAREST_ACTIVE_OUTLET,VA0070,002,9.669,ZCTA_NN;R6371;TIE_FIRST_LEX,ZCTA_NN_HAVERSINE;NOT_ELIGIBILITY;NOT_USPS_VALIDITY;NO_INVENTORY
24066,EXACT_IMLS_OUTLET_ZIP,VA0009,002,,EXACT_OUTLET;TIE_FSCSKEY_SEQ,EXACT_OUTLET;NOT_USPS_VALIDITY;NO_INVENTORY
24067,ZCTA_NEAREST_ACTIVE_OUTLET,VA0030,002,15.121,ZCTA_NN;R6371;TIE_FIRST_LEX,ZCTA_NN_HAVERSINE;NOT_ELIGIBILITY;NOT_USPS_VALIDITY;NO_INVENTORY
24068,OBSERVED_REFERENCE_INDIRECT_ONLY,,,,INDIRECT_IMLS_SC;NO_FABRICATED_NEAREST,INDIRECT_IMLS_SC;NO_FABRICATED_NEAREST;NOT_REJECTED;NOT_USPS_VALIDITY;NO_INVENTORY
24069,ZCTA_NEAREST_ACTIVE_OUTLET,VA0060,003,5.986,ZCTA_NN;R6371;TIE_FIRST_LEX,ZCTA_NN_HAVERSINE;NOT_ELIGIBILITY;NOT_USPS_VALIDITY;NO_INVENTORY
24070,ZCTA_NEAREST_ACTIVE_OUTLET,VA0070,004,13.992,ZCTA_NN;R6371;TIE_FIRST_LEX,ZCTA_NN_HAVERSINE;NOT_ELIGIBILITY;NOT_USPS_VALIDITY;NO_INVENTORY
24072,ZCTA_NEAREST_ACTIVE_OUTLET,VA0051,010,13.952,ZCTA_NN;R6371;TIE_FIRST_LEX,ZCTA_NN_HAVERSINE;NOT_ELIGIBILITY;NOT_USPS_VALIDITY;NO_INVENTORY
24073,EXACT_IMLS_OUTLET_ZIP,VA0051,002,,EXACT_OUTLET;TIE_FSCSKEY_SEQ,EXACT_OUTLET;NOT_USPS_VALIDITY;NO_INVENTORY
24076,ZCTA_NEAREST_ACTIVE_OUTLET,VA0008,003,13.933,ZCTA_NN;R6371;TIE_FIRST_LEX,ZCTA_NN_HAVERSINE;NOT_ELIGIBILITY;NOT_USPS_VALIDITY;NO_INVENTORY
24077,ZCTA_NEAREST_ACTIVE_OUTLET,VA0070,005,4.947,ZCTA_NN;R6371;TIE_FIRST_LEX,ZCTA_NN_HAVERSINE;NOT_ELIGIBILITY;NOT_USPS_VALIDITY;NO_INVENTORY
24078,EXACT_IMLS_OUTLET_ZIP,VA0008,002,,EXACT_OUTLET;TIE_FSCSKEY_SEQ,EXACT_OUTLET;NOT_USPS_VALIDITY;NO_INVENTORY
24079,ZCTA_NEAREST_ACTIVE_OUTLET,VA0070,003,11.572,ZCTA_NN;R6371;TIE_FIRST_LEX,ZCTA_NN_HAVERSINE;NOT_ELIGIBILITY;NOT_USPS_VALIDITY;NO_INVENTORY
24082,ZCTA_NEAREST_ACTIVE_OUTLET,VA0008,003,12.215,ZCTA_NN;R6371;TIE_FIRST_LEX,ZCTA_NN_HAVERSINE;NOT_ELIGIBILITY;NOT_USPS_VALIDITY;NO_INVENTORY
24083,ZCTA_NEAREST_ACTIVE_OUTLET,VA0070,005,7.550,ZCTA_NN;R6371;TIE_FIRST_LEX,ZCTA_NN_HAVERSINE;NOT_ELIGIBILITY;NOT_USPS_VALIDITY;NO_INVENTORY
24084,EXACT_IMLS_OUTLET_ZIP,VA0065,004,,EXACT_OUTLET;TIE_FSCSKEY_SEQ,EXACT_OUTLET;NOT_USPS_VALIDITY;NO_INVENTORY
24085,EXACT_IMLS_OUTLET_ZIP,VA0009,007,,EXACT_OUTLET;TIE_FSCSKEY_SEQ,EXACT_OUTLET;NOT_USPS_VALIDITY;NO_INVENTORY
24086,ZCTA_NEAREST_ACTIVE_OUTLET,VA0058,002,9.645,ZCTA_NN;R6371;TIE_FIRST_LEX,ZCTA_NN_HAVERSINE;NOT_ELIGIBILITY;NOT_USPS_VALIDITY;NO_INVENTORY
24087,ZCTA_NEAREST_ACTIVE_OUTLET,VA0051,010,6.229,ZCTA_NN;R6371;TIE_FIRST_LEX,ZCTA_NN_HAVERSINE;NOT_ELIGIBILITY;NOT_USPS_VALIDITY;NO_INVENTORY
24088,ZCTA_NEAREST_ACTIVE_OUTLET,VA0008,007,15.641,ZCTA_NN;R6371;TIE_FIRST_LEX,ZCTA_NN_HAVERSINE;NOT_ELIGIBILITY;NOT_USPS_VALIDITY;NO_INVENTORY
24089,ZCTA_NEAREST_ACTIVE_OUTLET,VA0008,002,4.753,ZCTA_NN;R6371;TIE_FIRST_LEX,ZCTA_NN_HAVERSINE;NOT_ELIGIBILITY;NOT_USPS_VALIDITY;NO_INVENTORY
24090,EXACT_IMLS_OUTLET_ZIP,VA0009,003,,EXACT_OUTLET;TIE_FSCSKEY_SEQ,EXACT_OUTLET;NOT_USPS_VALIDITY;NO_INVENTORY
24091,EXACT_IMLS_OUTLET_ZIP,VA0051,004,,EXACT_OUTLET;TIE_FSCSKEY_SEQ,EXACT_OUTLET;NOT_USPS_VALIDITY;NO_INVENTORY
24092,ZCTA_NEAREST_ACTIVE_OUTLET,VA0030,002,12.019,ZCTA_NN;R6371;TIE_FIRST_LEX,ZCTA_NN_HAVERSINE;NOT_ELIGIBILITY;NOT_USPS_VALIDITY;NO_INVENTORY
24093,ZCTA_NEAREST_ACTIVE_OUTLET,WV0092,002,6.358,ZCTA_NN;R6371;TIE_FIRST_LEX,ZCTA_NN_HAVERSINE;NOT_ELIGIBILITY;NOT_USPS_VALIDITY;NO_INVENTORY
24095,ZCTA_NEAREST_ACTIVE_OUTLET,VA0007,007,8.409,ZCTA_NN;R6371;TIE_FIRST_LEX,ZCTA_NN_HAVERSINE;NOT_ELIGIBILITY;NOT_USPS_VALIDITY;NO_INVENTORY
24101,EXACT_IMLS_OUTLET_ZIP,VA0030,004,,EXACT_OUTLET;TIE_FSCSKEY_SEQ,EXACT_OUTLET;NOT_USPS_VALIDITY;NO_INVENTORY
24102,ZCTA_NEAREST_ACTIVE_OUTLET,VA0008,007,9.023,ZCTA_NN;R6371;TIE_FIRST_LEX,ZCTA_NN_HAVERSINE;NOT_ELIGIBILITY;NOT_USPS_VALIDITY;NO_INVENTORY
24104,ZCTA_NEAREST_ACTIVE_OUTLET,VA0007,005,12.943,ZCTA_NN;R6371;TIE_FIRST_LEX,ZCTA_NN_HAVERSINE;NOT_ELIGIBILITY;NOT_USPS_VALIDITY;NO_INVENTORY
24105,ZCTA_NEAREST_ACTIVE_OUTLET,VA0031,003,19.638,ZCTA_NN;R6371;TIE_FIRST_LEX,ZCTA_NN_HAVERSINE;NOT_ELIGIBILITY;NOT_USPS_VALIDITY;NO_INVENTORY
24112,EXACT_IMLS_OUTLET_ZIP,VA0008,006,,EXACT_OUTLET;TIE_FSCSKEY_SEQ,EXACT_OUTLET;NOT_USPS_VALIDITY;NO_INVENTORY
24114,OBSERVED_REFERENCE_INDIRECT_ONLY,,,,INDIRECT_IMLS_SC;NO_FABRICATED_NEAREST,INDIRECT_IMLS_SC;NO_FABRICATED_NEAREST;NOT_REJECTED;NOT_USPS_VALIDITY;NO_INVENTORY
24115,EXACT_IMLS_SYSTEM_ZIP,VA0008,,,EXACT_SYSTEM;TIE_FSCSKEY,EXACT_SYSTEM_ADMIN;NOT_NEARBY_OUTLET;NOT_USPS_VALIDITY;NO_INVENTORY
24120,ZCTA_NEAREST_ACTIVE_OUTLET,VA0008,003,13.537,ZCTA_NN;R6371;TIE_FIRST_LEX,ZCTA_NN_HAVERSINE;NOT_ELIGIBILITY;NOT_USPS_VALIDITY;NO_INVENTORY
24121,EXACT_IMLS_OUTLET_ZIP,VA0007,005,,EXACT_OUTLET;TIE_FSCSKEY_SEQ,EXACT_OUTLET;NOT_USPS_VALIDITY;NO_INVENTORY
24122,EXACT_IMLS_OUTLET_ZIP,VA0007,008,,EXACT_OUTLET;TIE_FSCSKEY_SEQ,EXACT_OUTLET;NOT_USPS_VALIDITY;NO_INVENTORY
24124,EXACT_IMLS_OUTLET_ZIP,VA0052,002,,EXACT_OUTLET;TIE_FSCSKEY_SEQ,EXACT_OUTLET;NOT_USPS_VALIDITY;NO_INVENTORY
24127,EXACT_IMLS_OUTLET_ZIP,VA0093,001,,EXACT_OUTLET;TIE_FSCSKEY_SEQ,EXACT_OUTLET;NOT_USPS_VALIDITY;NO_INVENTORY
24128,ZCTA_NEAREST_ACTIVE_OUTLET,VA0051,003,14.136,ZCTA_NN;R6371;TIE_FIRST_LEX,ZCTA_NN_HAVERSINE;NOT_ELIGIBILITY;NOT_USPS_VALIDITY;NO_INVENTORY
24129,ZCTA_NEAREST_ACTIVE_OUTLET,VA0066,002,2.035,ZCTA_NN;R6371;TIE_FIRST_LEX,ZCTA_NN_HAVERSINE;NOT_ELIGIBILITY;NOT_USPS_VALIDITY;NO_INVENTORY
24131,ZCTA_NEAREST_ACTIVE_OUTLET,VA0093,001,13.186,ZCTA_NN;R6371;TIE_FIRST_LEX,ZCTA_NN_HAVERSINE;NOT_ELIGIBILITY;NOT_USPS_VALIDITY;NO_INVENTORY
24132,ZCTA_NEAREST_ACTIVE_OUTLET,VA0066,002,10.892,ZCTA_NN;R6371;TIE_FIRST_LEX,ZCTA_NN_HAVERSINE;NOT_ELIGIBILITY;NOT_USPS_VALIDITY;NO_INVENTORY
24133,ZCTA_NEAREST_ACTIVE_OUTLET,VA0008,003,13.304,ZCTA_NN;R6371;TIE_FIRST_LEX,ZCTA_NN_HAVERSINE;NOT_ELIGIBILITY;NOT_USPS_VALIDITY;NO_INVENTORY
24134,EXACT_IMLS_OUTLET_ZIP,VA0058,002,,EXACT_OUTLET;TIE_FSCSKEY_SEQ,EXACT_OUTLET;NOT_USPS_VALIDITY;NO_INVENTORY
24136,ZCTA_NEAREST_ACTIVE_OUTLET,VA0058,002,8.513,ZCTA_NN;R6371;TIE_FIRST_LEX,ZCTA_NN_HAVERSINE;NOT_ELIGIBILITY;NOT_USPS_VALIDITY;NO_INVENTORY
24137,ZCTA_NEAREST_ACTIVE_OUTLET,VA0030,004,21.930,ZCTA_NN;R6371;TIE_FIRST_LEX,ZCTA_NN_HAVERSINE;NOT_ELIGIBILITY;NOT_USPS_VALIDITY;NO_INVENTORY
24138,ZCTA_NEAREST_ACTIVE_OUTLET,VA0051,002,12.168,ZCTA_NN;R6371;TIE_FIRST_LEX,ZCTA_NN_HAVERSINE;NOT_ELIGIBILITY;NOT_USPS_VALIDITY;NO_INVENTORY
24139,ZCTA_NEAREST_ACTIVE_OUTLET,VA0060,004,11.971,ZCTA_NN;R6371;TIE_FIRST_LEX,ZCTA_NN_HAVERSINE;NOT_ELIGIBILITY;NOT_USPS_VALIDITY;NO_INVENTORY
24141,EXACT_IMLS_OUTLET_ZIP,VA0066,002,,EXACT_OUTLET;TIE_FSCSKEY_SEQ,EXACT_OUTLET;NOT_USPS_VALIDITY;NO_INVENTORY
24142,ZCTA_NEAREST_ACTIVE_OUTLET,VA0066,002,1.612,ZCTA_NN;R6371;TIE_FIRST_LEX,ZCTA_NN_HAVERSINE;NOT_ELIGIBILITY;NOT_USPS_VALIDITY;NO_INVENTORY
24143,OBSERVED_REFERENCE_INDIRECT_ONLY,,,,INDIRECT_IMLS_SC;NO_FABRICATED_NEAREST,INDIRECT_IMLS_SC;NO_FABRICATED_NEAREST;NOT_REJECTED;NOT_USPS_VALIDITY;NO_INVENTORY
24147,ZCTA_NEAREST_ACTIVE_OUTLET,WV0092,002,2.369,ZCTA_NN;R6371;TIE_FIRST_LEX,ZCTA_NN_HAVERSINE;NOT_ELIGIBILITY;NOT_USPS_VALIDITY;NO_INVENTORY
24148,EXACT_IMLS_OUTLET_ZIP,VA0008,004,,EXACT_OUTLET;TIE_FSCSKEY_SEQ,EXACT_OUTLET;NOT_USPS_VALIDITY;NO_INVENTORY
24149,ZCTA_NEAREST_ACTIVE_OUTLET,VA0051,002,12.443,ZCTA_NN;R6371;TIE_FIRST_LEX,ZCTA_NN_HAVERSINE;NOT_ELIGIBILITY;NOT_USPS_VALIDITY;NO_INVENTORY
24150,ZCTA_NEAREST_ACTIVE_OUTLET,VA0058,002,13.868,ZCTA_NN;R6371;TIE_FIRST_LEX,ZCTA_NN_HAVERSINE;NOT_ELIGIBILITY;NOT_USPS_VALIDITY;NO_INVENTORY
24151,EXACT_IMLS_OUTLET_ZIP,VA0030,002,,EXACT_OUTLET;TIE_FSCSKEY_SEQ,EXACT_OUTLET;NOT_USPS_VALIDITY;NO_INVENTORY
24153,EXACT_IMLS_OUTLET_ZIP,VA0070,004,,EXACT_OUTLET;TIE_FSCSKEY_SEQ,EXACT_OUTLET;NOT_USPS_VALIDITY;NO_INVENTORY
24161,ZCTA_NEAREST_ACTIVE_OUTLET,VA0060,004,14.549,ZCTA_NN;R6371;TIE_FIRST_LEX,ZCTA_NN_HAVERSINE;NOT_ELIGIBILITY;NOT_USPS_VALIDITY;NO_INVENTORY
24162,EXACT_IMLS_OUTLET_ZIP,VA0051,010,,EXACT_OUTLET;TIE_FSCSKEY_SEQ,EXACT_OUTLET;NOT_USPS_VALIDITY;NO_INVENTORY
24165,ZCTA_NEAREST_ACTIVE_OUTLET,VA0008,004,18.423,ZCTA_NN;R6371;TIE_FIRST_LEX,ZCTA_NN_HAVERSINE;NOT_ELIGIBILITY;NOT_USPS_VALIDITY;NO_INVENTORY
24167,ZCTA_NEAREST_ACTIVE_OUTLET,VA0058,002,7.710,ZCTA_NN;R6371;TIE_FIRST_LEX,ZCTA_NN_HAVERSINE;NOT_ELIGIBILITY;NOT_USPS_VALIDITY;NO_INVENTORY
24168,ZCTA_NEAREST_ACTIVE_OUTLET,VA0008,002,4.261,ZCTA_NN;R6371;TIE_FIRST_LEX,ZCTA_NN_HAVERSINE;NOT_ELIGIBILITY;NOT_USPS_VALIDITY;NO_INVENTORY
24171,EXACT_IMLS_OUTLET_ZIP,VA0008,003,,EXACT_OUTLET;TIE_FSCSKEY_SEQ,EXACT_OUTLET;NOT_USPS_VALIDITY;NO_INVENTORY
24174,ZCTA_NEAREST_ACTIVE_OUTLET,VA0007,008,7.346,ZCTA_NN;R6371;TIE_FIRST_LEX,ZCTA_NN_HAVERSINE;NOT_ELIGIBILITY;NOT_USPS_VALIDITY;NO_INVENTORY
24175,ZCTA_NEAREST_ACTIVE_OUTLET,VA0093,001,8.721,ZCTA_NN;R6371;TIE_FIRST_LEX,ZCTA_NN_HAVERSINE;NOT_ELIGIBILITY;NOT_USPS_VALIDITY;NO_INVENTORY
24176,ZCTA_NEAREST_ACTIVE_OUTLET,VA0030,004,12.778,ZCTA_NN;R6371;TIE_FIRST_LEX,ZCTA_NN_HAVERSINE;NOT_ELIGIBILITY;NOT_USPS_VALIDITY;NO_INVENTORY
24177,OBSERVED_REFERENCE_INDIRECT_ONLY,,,,INDIRECT_IMLS_SC;NO_FABRICATED_NEAREST,INDIRECT_IMLS_SC;NO_FABRICATED_NEAREST;NOT_REJECTED;NOT_USPS_VALIDITY;NO_INVENTORY
24179,EXACT_IMLS_OUTLET_ZIP,VA0007,007,,EXACT_OUTLET;TIE_FSCSKEY_SEQ,EXACT_OUTLET;NOT_USPS_VALIDITY;NO_INVENTORY
24184,ZCTA_NEAREST_ACTIVE_OUTLET,VA0030,004,5.872,ZCTA_NN;R6371;TIE_FIRST_LEX,ZCTA_NN_HAVERSINE;NOT_ELIGIBILITY;NOT_USPS_VALIDITY;NO_INVENTORY
24185,ZCTA_NEAREST_ACTIVE_OUTLET,VA0051,004,12.120,ZCTA_NN;R6371;TIE_FIRST_LEX,ZCTA_NN_HAVERSINE;NOT_ELIGIBILITY;NOT_USPS_VALIDITY;NO_INVENTORY
24201,EXACT_IMLS_OUTLET_ZIP,VA0010,002,,EXACT_OUTLET;TIE_FSCSKEY_SEQ,EXACT_OUTLET;NOT_USPS_VALIDITY;NO_INVENTORY
24202,ZCTA_NEAREST_ACTIVE_OUTLET,VA0010,002,7.152,ZCTA_NN;R6371;TIE_FIRST_LEX,ZCTA_NN_HAVERSINE;NOT_ELIGIBILITY;NOT_USPS_VALIDITY;NO_INVENTORY
24203,OBSERVED_REFERENCE_INDIRECT_ONLY,,,,INDIRECT_IMLS_SC;NO_FABRICATED_NEAREST,INDIRECT_IMLS_SC;NO_FABRICATED_NEAREST;NOT_REJECTED;NOT_USPS_VALIDITY;NO_INVENTORY
24209,OBSERVED_REFERENCE_INDIRECT_ONLY,,,,INDIRECT_IMLS_SC;NO_FABRICATED_NEAREST,INDIRECT_IMLS_SC;NO_FABRICATED_NEAREST;NOT_REJECTED;NOT_USPS_VALIDITY;NO_INVENTORY
24210,EXACT_IMLS_OUTLET_ZIP,VA0084,002,,EXACT_OUTLET;TIE_FSCSKEY_SEQ,EXACT_OUTLET;NOT_USPS_VALIDITY;NO_INVENTORY
24211,ZCTA_NEAREST_ACTIVE_OUTLET,VA0084,002,6.701,ZCTA_NN;R6371;TIE_FIRST_LEX,ZCTA_NN_HAVERSINE;NOT_ELIGIBILITY;NOT_USPS_VALIDITY;NO_INVENTORY
24212,OBSERVED_REFERENCE_INDIRECT_ONLY,,,,INDIRECT_IMLS_SC;NO_FABRICATED_NEAREST,INDIRECT_IMLS_SC;NO_FABRICATED_NEAREST;NOT_REJECTED;NOT_USPS_VALIDITY;NO_INVENTORY
24216,ZCTA_NEAREST_ACTIVE_OUTLET,VA0043,003,8.818,ZCTA_NN;R6371;TIE_FIRST_LEX,ZCTA_NN_HAVERSINE;NOT_ELIGIBILITY;NOT_USPS_VALIDITY;NO_INVENTORY
24217,ZCTA_NEAREST_ACTIVE_OUTLET,VA0043,005,15.726,ZCTA_NN;R6371;TIE_FIRST_LEX,ZCTA_NN_HAVERSINE;NOT_ELIGIBILITY;NOT_USPS_VALIDITY;NO_INVENTORY
24219,EXACT_IMLS_OUTLET_ZIP,VA0043,003,,EXACT_OUTLET;TIE_FSCSKEY_SEQ,EXACT_OUTLET;NOT_USPS_VALIDITY;NO_INVENTORY
24220,ZCTA_NEAREST_ACTIVE_OUTLET,VA0043,005,11.201,ZCTA_NN;R6371;TIE_FIRST_LEX,ZCTA_NN_HAVERSINE;NOT_ELIGIBILITY;NOT_USPS_VALIDITY;NO_INVENTORY
24221,ZCTA_NEAREST_ACTIVE_OUTLET,VA0043,007,14.795,ZCTA_NN;R6371;TIE_FIRST_LEX,ZCTA_NN_HAVERSINE;NOT_ELIGIBILITY;NOT_USPS_VALIDITY;NO_INVENTORY
24224,ZCTA_NEAREST_ACTIVE_OUTLET,VA0043,009,6.144,ZCTA_NN;R6371;TIE_FIRST_LEX,ZCTA_NN_HAVERSINE;NOT_ELIGIBILITY;NOT_USPS_VALIDITY;NO_INVENTORY
24225,ZCTA_NEAREST_ACTIVE_OUTLET,VA0073,002,11.323,ZCTA_NN;R6371;TIE_FIRST_LEX,ZCTA_NN_HAVERSINE;NOT_ELIGIBILITY;NOT_USPS_VALIDITY;NO_INVENTORY
24226,ZCTA_NEAREST_ACTIVE_OUTLET,VA0043,005,8.636,ZCTA_NN;R6371;TIE_FIRST_LEX,ZCTA_NN_HAVERSINE;NOT_ELIGIBILITY;NOT_USPS_VALIDITY;NO_INVENTORY
24228,EXACT_IMLS_OUTLET_ZIP,VA0043,006,,EXACT_OUTLET;TIE_FSCSKEY_SEQ,EXACT_OUTLET;NOT_USPS_VALIDITY;NO_INVENTORY
24230,EXACT_IMLS_OUTLET_ZIP,VA0043,004,,EXACT_OUTLET;TIE_FSCSKEY_SEQ,EXACT_OUTLET;NOT_USPS_VALIDITY;NO_INVENTORY
24236,EXACT_IMLS_OUTLET_ZIP,VA0084,003,,EXACT_OUTLET;TIE_FSCSKEY_SEQ,EXACT_OUTLET;NOT_USPS_VALIDITY;NO_INVENTORY
24237,ZCTA_NEAREST_ACTIVE_OUTLET,VA0043,009,15.566,ZCTA_NN;R6371;TIE_FIRST_LEX,ZCTA_NN_HAVERSINE;NOT_ELIGIBILITY;NOT_USPS_VALIDITY;NO_INVENTORY
24239,ZCTA_NEAREST_ACTIVE_OUTLET,VA0043,005,16.317,ZCTA_NN;R6371;TIE_FIRST_LEX,ZCTA_NN_HAVERSINE;NOT_ELIGIBILITY;NOT_USPS_VALIDITY;NO_INVENTORY
24243,ZCTA_NEAREST_ACTIVE_OUTLET,VA0043,007,10.299,ZCTA_NN;R6371;TIE_FIRST_LEX,ZCTA_NN_HAVERSINE;NOT_ELIGIBILITY;NOT_USPS_VALIDITY;NO_INVENTORY
24244,ZCTA_NEAREST_ACTIVE_OUTLET,VA0043,003,17.555,ZCTA_NN;R6371;TIE_FIRST_LEX,ZCTA_NN_HAVERSINE;NOT_ELIGIBILITY;NOT_USPS_VALIDITY;NO_INVENTORY
24245,ZCTA_NEAREST_ACTIVE_OUTLET,VA0043,004,12.281,ZCTA_NN;R6371;TIE_FIRST_LEX,ZCTA_NN_HAVERSINE;NOT_ELIGIBILITY;NOT_USPS_VALIDITY;NO_INVENTORY
24246,ZCTA_NEAREST_ACTIVE_OUTLET,VA0043,003,3.137,ZCTA_NN;R6371;TIE_FIRST_LEX,ZCTA_NN_HAVERSINE;NOT_ELIGIBILITY;NOT_USPS_VALIDITY;NO_INVENTORY
24248,ZCTA_NEAREST_ACTIVE_OUTLET,VA0043,008,15.046,ZCTA_NN;R6371;TIE_FIRST_LEX,ZCTA_NN_HAVERSINE;NOT_ELIGIBILITY;NOT_USPS_VALIDITY;NO_INVENTORY
24250,ZCTA_NEAREST_ACTIVE_OUTLET,VA0043,010,13.303,ZCTA_NN;R6371;TIE_FIRST_LEX,ZCTA_NN_HAVERSINE;NOT_ELIGIBILITY;NOT_USPS_VALIDITY;NO_INVENTORY
24251,EXACT_IMLS_OUTLET_ZIP,VA0043,010,,EXACT_OUTLET;TIE_FSCSKEY_SEQ,EXACT_OUTLET;NOT_USPS_VALIDITY;NO_INVENTORY
24256,EXACT_IMLS_OUTLET_ZIP,VA0043,005,,EXACT_OUTLET;TIE_FSCSKEY_SEQ,EXACT_OUTLET;NOT_USPS_VALIDITY;NO_INVENTORY
24258,ZCTA_NEAREST_ACTIVE_OUTLET,TN0125,003,10.042,ZCTA_NN;R6371;TIE_FIRST_LEX,ZCTA_NN_HAVERSINE;NOT_ELIGIBILITY;NOT_USPS_VALIDITY;NO_INVENTORY
24260,EXACT_IMLS_OUTLET_ZIP,VA0073,003,,EXACT_OUTLET;TIE_FSCSKEY_SEQ,EXACT_OUTLET;NOT_USPS_VALIDITY;NO_INVENTORY
24263,ZCTA_NEAREST_ACTIVE_OUTLET,TN0073,002,15.482,ZCTA_NN;R6371;TIE_FIRST_LEX,ZCTA_NN_HAVERSINE;NOT_ELIGIBILITY;NOT_USPS_VALIDITY;NO_INVENTORY
24265,ZCTA_NEAREST_ACTIVE_OUTLET,VA0043,007,11.312,ZCTA_NN;R6371;TIE_FIRST_LEX,ZCTA_NN_HAVERSINE;NOT_ELIGIBILITY;NOT_USPS_VALIDITY;NO_INVENTORY
24266,EXACT_IMLS_OUTLET_ZIP,VA0073,002,,EXACT_OUTLET;TIE_FSCSKEY_SEQ,EXACT_OUTLET;NOT_USPS_VALIDITY;NO_INVENTORY
24269,ZCTA_NEAREST_ACTIVE_OUTLET,VA0043,006,10.797,ZCTA_NN;R6371;TIE_FIRST_LEX,ZCTA_NN_HAVERSINE;NOT_ELIGIBILITY;NOT_USPS_VALIDITY;NO_INVENTORY
24270,EXACT_IMLS_OUTLET_ZIP,VA0084,006,,EXACT_OUTLET;TIE_FSCSKEY_SEQ,EXACT_OUTLET;NOT_USPS_VALIDITY;NO_INVENTORY
24271,ZCTA_NEAREST_ACTIVE_OUTLET,VA0084,006,10.952,ZCTA_NN;R6371;TIE_FIRST_LEX,ZCTA_NN_HAVERSINE;NOT_ELIGIBILITY;NOT_USPS_VALIDITY;NO_INVENTORY
24272,ZCTA_NEAREST_ACTIVE_OUTLET,VA0043,009,12.547,ZCTA_NN;R6371;TIE_FIRST_LEX,ZCTA_NN_HAVERSINE;NOT_ELIGIBILITY;NOT_USPS_VALIDITY;NO_INVENTORY
24273,ZCTA_NEAREST_ACTIVE_OUTLET,VA0043,002,6.991,ZCTA_NN;R6371;TIE_FIRST_LEX,ZCTA_NN_HAVERSINE;NOT_ELIGIBILITY;NOT_USPS_VALIDITY;NO_INVENTORY
24277,EXACT_IMLS_OUTLET_ZIP,VA0043,007,,EXACT_OUTLET;TIE_FSCSKEY_SEQ,EXACT_OUTLET;NOT_USPS_VALIDITY;NO_INVENTORY
24279,ZCTA_NEAREST_ACTIVE_OUTLET,KY0064,004,10.531,ZCTA_NN;R6371;TIE_FIRST_LEX,ZCTA_NN_HAVERSINE;NOT_ELIGIBILITY;NOT_USPS_VALIDITY;NO_INVENTORY
24280,ZCTA_NEAREST_ACTIVE_OUTLET,VA0073,003,7.233,ZCTA_NN;R6371;TIE_FIRST_LEX,ZCTA_NN_HAVERSINE;NOT_ELIGIBILITY;NOT_USPS_VALIDITY;NO_INVENTORY
24281,EXACT_IMLS_OUTLET_ZIP,VA0043,008,,EXACT_OUTLET;TIE_FSCSKEY_SEQ,EXACT_OUTLET;NOT_USPS_VALIDITY;NO_INVENTORY
24282,ZCTA_NEAREST_ACTIVE_OUTLET,VA0043,007,9.169,ZCTA_NN;R6371;TIE_FIRST_LEX,ZCTA_NN_HAVERSINE;NOT_ELIGIBILITY;NOT_USPS_VALIDITY;NO_INVENTORY
24283,EXACT_IMLS_OUTLET_ZIP,VA0043,009,,EXACT_OUTLET;TIE_FSCSKEY_SEQ,EXACT_OUTLET;NOT_USPS_VALIDITY;NO_INVENTORY
24290,ZCTA_NEAREST_ACTIVE_OUTLET,VA0043,010,2.953,ZCTA_NN;R6371;TIE_FIRST_LEX,ZCTA_NN_HAVERSINE;NOT_ELIGIBILITY;NOT_USPS_VALIDITY;NO_INVENTORY
24292,EXACT_IMLS_OUTLET_ZIP,VA0087,006,,EXACT_OUTLET;TIE_FSCSKEY_SEQ,EXACT_OUTLET;NOT_USPS_VALIDITY;NO_INVENTORY
24293,EXACT_IMLS_OUTLET_ZIP,VA0043,002,,EXACT_OUTLET;TIE_FSCSKEY_SEQ,EXACT_OUTLET;NOT_USPS_VALIDITY;NO_INVENTORY
24301,EXACT_IMLS_OUTLET_ZIP,VA0065,002,,EXACT_OUTLET;TIE_FSCSKEY_SEQ,EXACT_OUTLET;NOT_USPS_VALIDITY;NO_INVENTORY
24311,ZCTA_NEAREST_ACTIVE_OUTLET,VA0077,002,11.468,ZCTA_NN;R6371;TIE_FIRST_LEX,ZCTA_NN_HAVERSINE;NOT_ELIGIBILITY;NOT_USPS_VALIDITY;NO_INVENTORY
24312,ZCTA_NEAREST_ACTIVE_OUTLET,VA0031,003,14.744,ZCTA_NN;R6371;TIE_FIRST_LEX,ZCTA_NN_HAVERSINE;NOT_ELIGIBILITY;NOT_USPS_VALIDITY;NO_INVENTORY
24313,ZCTA_NEAREST_ACTIVE_OUTLET,VA0065,002,15.371,ZCTA_NN;R6371;TIE_FIRST_LEX,ZCTA_NN_HAVERSINE;NOT_ELIGIBILITY;NOT_USPS_VALIDITY;NO_INVENTORY
24314,ZCTA_NEAREST_ACTIVE_OUTLET,VA0081,003,9.930,ZCTA_NN;R6371;TIE_FIRST_LEX,ZCTA_NN_HAVERSINE;NOT_ELIGIBILITY;NOT_USPS_VALIDITY;NO_INVENTORY
24315,EXACT_IMLS_OUTLET_ZIP,VA8003,001,,EXACT_OUTLET;TIE_FSCSKEY_SEQ,EXACT_OUTLET;NOT_USPS_VALIDITY;NO_INVENTORY
24316,ZCTA_NEAREST_ACTIVE_OUTLET,VA0077,003,11.893,ZCTA_NN;R6371;TIE_FIRST_LEX,ZCTA_NN_HAVERSINE;NOT_ELIGIBILITY;NOT_USPS_VALIDITY;NO_INVENTORY
24317,ZCTA_NEAREST_ACTIVE_OUTLET,NC0013,010,12.755,ZCTA_NN;R6371;TIE_FIRST_LEX,ZCTA_NN_HAVERSINE;NOT_ELIGIBILITY;NOT_USPS_VALIDITY;NO_INVENTORY
24318,ZCTA_NEAREST_ACTIVE_OUTLET,VA0087,007,15.211,ZCTA_NN;R6371;TIE_FIRST_LEX,ZCTA_NN_HAVERSINE;NOT_ELIGIBILITY;NOT_USPS_VALIDITY;NO_INVENTORY
24319,EXACT_IMLS_OUTLET_ZIP,VA0077,006,,EXACT_OUTLET;TIE_FSCSKEY_SEQ,EXACT_OUTLET;NOT_USPS_VALIDITY;NO_INVENTORY
24322,ZCTA_NEAREST_ACTIVE_OUTLET,VA0087,005,15.528,ZCTA_NN;R6371;TIE_FIRST_LEX,ZCTA_NN_HAVERSINE;NOT_ELIGIBILITY;NOT_USPS_VALIDITY;NO_INVENTORY
24323,ZCTA_NEAREST_ACTIVE_OUTLET,VA0087,007,6.766,ZCTA_NN;R6371;TIE_FIRST_LEX,ZCTA_NN_HAVERSINE;NOT_ELIGIBILITY;NOT_USPS_VALIDITY;NO_INVENTORY
24324,ZCTA_NEAREST_ACTIVE_OUTLET,VA0065,002,8.332,ZCTA_NN;R6371;TIE_FIRST_LEX,ZCTA_NN_HAVERSINE;NOT_ELIGIBILITY;NOT_USPS_VALIDITY;NO_INVENTORY
24325,ZCTA_NEAREST_ACTIVE_OUTLET,VA0031,003,14.178,ZCTA_NN;R6371;TIE_FIRST_LEX,ZCTA_NN_HAVERSINE;NOT_ELIGIBILITY;NOT_USPS_VALIDITY;NO_INVENTORY
24326,ZCTA_NEAREST_ACTIVE_OUTLET,VA0087,002,11.804,ZCTA_NN;R6371;TIE_FIRST_LEX,ZCTA_NN_HAVERSINE;NOT_ELIGIBILITY;NOT_USPS_VALIDITY;NO_INVENTORY
24327,ZCTA_NEAREST_ACTIVE_OUTLET,VA0084,004,5.627,ZCTA_NN;R6371;TIE_FIRST_LEX,ZCTA_NN_HAVERSINE;NOT_ELIGIBILITY;NOT_USPS_VALIDITY;NO_INVENTORY
24328,ZCTA_NEAREST_ACTIVE_OUTLET,VA0031,003,14.557,ZCTA_NN;R6371;TIE_FIRST_LEX,ZCTA_NN_HAVERSINE;NOT_ELIGIBILITY;NOT_USPS_VALIDITY;NO_INVENTORY
24330,EXACT_IMLS_OUTLET_ZIP,VA0087,005,,EXACT_OUTLET;TIE_FSCSKEY_SEQ,EXACT_OUTLET;NOT_USPS_VALIDITY;NO_INVENTORY
24333,EXACT_IMLS_OUTLET_ZIP,VA0031,002,,EXACT_OUTLET;TIE_FSCSKEY_SEQ,EXACT_OUTLET;NOT_USPS_VALIDITY;NO_INVENTORY
24340,EXACT_IMLS_OUTLET_ZIP,VA0084,004,,EXACT_OUTLET;TIE_FSCSKEY_SEQ,EXACT_OUTLET;NOT_USPS_VALIDITY;NO_INVENTORY
24343,EXACT_IMLS_OUTLET_ZIP,VA0031,003,,EXACT_OUTLET;TIE_FSCSKEY_SEQ,EXACT_OUTLET;NOT_USPS_VALIDITY;NO_INVENTORY
24347,ZCTA_NEAREST_ACTIVE_OUTLET,VA0065,002,15.065,ZCTA_NN;R6371;TIE_FIRST_LEX,ZCTA_NN_HAVERSINE;NOT_ELIGIBILITY;NOT_USPS_VALIDITY;NO_INVENTORY
24348,EXACT_IMLS_OUTLET_ZIP,VA0087,002,,EXACT_OUTLET;TIE_FSCSKEY_SEQ,EXACT_OUTLET;NOT_USPS_VALIDITY;NO_INVENTORY
24350,ZCTA_NEAREST_ACTIVE_OUTLET,VA0087,005,11.044,ZCTA_NN;R6371;TIE_FIRST_LEX,ZCTA_NN_HAVERSINE;NOT_ELIGIBILITY;NOT_USPS_VALIDITY;NO_INVENTORY
24351,ZCTA_NEAREST_ACTIVE_OUTLET,NC0013,009,10.595,ZCTA_NN;R6371;TIE_FIRST_LEX,ZCTA_NN_HAVERSINE;NOT_ELIGIBILITY;NOT_USPS_VALIDITY;NO_INVENTORY
24352,ZCTA_NEAREST_ACTIVE_OUTLET,VA0031,003,19.869,ZCTA_NN;R6371;TIE_FIRST_LEX,ZCTA_NN_HAVERSINE;NOT_ELIGIBILITY;NOT_USPS_VALIDITY;NO_INVENTORY
24354,EXACT_IMLS_OUTLET_ZIP,VA0077,002,,EXACT_OUTLET;TIE_FSCSKEY_SEQ,EXACT_OUTLET;NOT_USPS_VALIDITY;NO_INVENTORY
24360,ZCTA_NEAREST_ACTIVE_OUTLET,VA0087,003,15.451,ZCTA_NN;R6371;TIE_FIRST_LEX,ZCTA_NN_HAVERSINE;NOT_ELIGIBILITY;NOT_USPS_VALIDITY;NO_INVENTORY
24361,ZCTA_NEAREST_ACTIVE_OUTLET,VA0084,004,7.158,ZCTA_NN;R6371;TIE_FIRST_LEX,ZCTA_NN_HAVERSINE;NOT_ELIGIBILITY;NOT_USPS_VALIDITY;NO_INVENTORY
24363,ZCTA_NEAREST_ACTIVE_OUTLET,VA0087,006,17.689,ZCTA_NN;R6371;TIE_FIRST_LEX,ZCTA_NN_HAVERSINE;NOT_ELIGIBILITY;NOT_USPS_VALIDITY;NO_INVENTORY
24366,ZCTA_NEAREST_ACTIVE_OUTLET,WV0003,002,10.861,ZCTA_NN;R6371;TIE_FIRST_LEX,ZCTA_NN_HAVERSINE;NOT_ELIGIBILITY;NOT_USPS_VALIDITY;NO_INVENTORY
24368,EXACT_IMLS_OUTLET_ZIP,VA0087,007,,EXACT_OUTLET;TIE_FSCSKEY_SEQ,EXACT_OUTLET;NOT_USPS_VALIDITY;NO_INVENTORY
24370,EXACT_IMLS_OUTLET_ZIP,VA0077,003,,EXACT_OUTLET;TIE_FSCSKEY_SEQ,EXACT_OUTLET;NOT_USPS_VALIDITY;NO_INVENTORY
24374,ZCTA_NEAREST_ACTIVE_OUTLET,VA0087,007,13.179,ZCTA_NN;R6371;TIE_FIRST_LEX,ZCTA_NN_HAVERSINE;NOT_ELIGIBILITY;NOT_USPS_VALIDITY;NO_INVENTORY
24375,ZCTA_NEAREST_ACTIVE_OUTLET,VA0077,002,13.764,ZCTA_NN;R6371;TIE_FIRST_LEX,ZCTA_NN_HAVERSINE;NOT_ELIGIBILITY;NOT_USPS_VALIDITY;NO_INVENTORY
24377,ZCTA_NEAREST_ACTIVE_OUTLET,VA0081,002,13.373,ZCTA_NN;R6371;TIE_FIRST_LEX,ZCTA_NN_HAVERSINE;NOT_ELIGIBILITY;NOT_USPS_VALIDITY;NO_INVENTORY
24378,ZCTA_NEAREST_ACTIVE_OUTLET,VA0077,002,17.708,ZCTA_NN;R6371;TIE_FIRST_LEX,ZCTA_NN_HAVERSINE;NOT_ELIGIBILITY;NOT_USPS_VALIDITY;NO_INVENTORY
24380,ZCTA_NEAREST_ACTIVE_OUTLET,VA0051,004,17.419,ZCTA_NN;R6371;TIE_FIRST_LEX,ZCTA_NN_HAVERSINE;NOT_ELIGIBILITY;NOT_USPS_VALIDITY;NO_INVENTORY
24381,ZCTA_NEAREST_ACTIVE_OUTLET,VA0031,003,10.105,ZCTA_NN;R6371;TIE_FIRST_LEX,ZCTA_NN_HAVERSINE;NOT_ELIGIBILITY;NOT_USPS_VALIDITY;NO_INVENTORY
24382,EXACT_IMLS_OUTLET_ZIP,VA0087,003,,EXACT_OUTLET;TIE_FSCSKEY_SEQ,EXACT_OUTLET;NOT_USPS_VALIDITY;NO_INVENTORY
24401,EXACT_IMLS_OUTLET_ZIP,VA0079,002,,EXACT_OUTLET;TIE_FSCSKEY_SEQ,EXACT_OUTLET;NOT_USPS_VALIDITY;NO_INVENTORY
24402,OBSERVED_REFERENCE_INDIRECT_ONLY,,,,INDIRECT_IMLS_SC;NO_FABRICATED_NEAREST,INDIRECT_IMLS_SC;NO_FABRICATED_NEAREST;NOT_REJECTED;NOT_USPS_VALIDITY;NO_INVENTORY
24411,ZCTA_NEAREST_ACTIVE_OUTLET,VA0006,005,6.506,ZCTA_NN;R6371;TIE_FIRST_LEX,ZCTA_NN_HAVERSINE;NOT_ELIGIBILITY;NOT_USPS_VALIDITY;NO_INVENTORY
24412,ZCTA_NEAREST_ACTIVE_OUTLET,VA0071,003,2.696,ZCTA_NN;R6371;TIE_FIRST_LEX,ZCTA_NN_HAVERSINE;NOT_ELIGIBILITY;NOT_USPS_VALIDITY;NO_INVENTORY
24413,ZCTA_NEAREST_ACTIVE_OUTLET,VA0038,002,10.598,ZCTA_NN;R6371;TIE_FIRST_LEX,ZCTA_NN_HAVERSINE;NOT_ELIGIBILITY;NOT_USPS_VALIDITY;NO_INVENTORY
24415,ZCTA_NEAREST_ACTIVE_OUTLET,VA0006,007,17.862,ZCTA_NN;R6371;TIE_FIRST_LEX,ZCTA_NN_HAVERSINE;NOT_ELIGIBILITY;NOT_USPS_VALIDITY;NO_INVENTORY
24416,EXACT_IMLS_OUTLET_ZIP,VA0071,004,,EXACT_OUTLET;TIE_FSCSKEY_SEQ,EXACT_OUTLET;NOT_USPS_VALIDITY;NO_INVENTORY
24421,EXACT_IMLS_OUTLET_ZIP,VA0006,004,,EXACT_OUTLET;TIE_FSCSKEY_SEQ,EXACT_OUTLET;NOT_USPS_VALIDITY;NO_INVENTORY
24422,EXACT_IMLS_OUTLET_ZIP,VA0019,002,,EXACT_OUTLET;TIE_FSCSKEY_SEQ,EXACT_OUTLET;NOT_USPS_VALIDITY;NO_INVENTORY
24426,EXACT_IMLS_OUTLET_ZIP,VA0015,002,,EXACT_OUTLET;TIE_FSCSKEY_SEQ,EXACT_OUTLET;NOT_USPS_VALIDITY;NO_INVENTORY
24430,EXACT_IMLS_OUTLET_ZIP,VA0006,005,,EXACT_OUTLET;TIE_FSCSKEY_SEQ,EXACT_OUTLET;NOT_USPS_VALIDITY;NO_INVENTORY
24431,ZCTA_NEAREST_ACTIVE_OUTLET,VA0072,011,10.740,ZCTA_NN;R6371;TIE_FIRST_LEX,ZCTA_NN_HAVERSINE;NOT_ELIGIBILITY;NOT_USPS_VALIDITY;NO_INVENTORY
24432,EXACT_IMLS_OUTLET_ZIP,VA0006,006,,EXACT_OUTLET;TIE_FSCSKEY_SEQ,EXACT_OUTLET;NOT_USPS_VALIDITY;NO_INVENTORY
24433,ZCTA_NEAREST_ACTIVE_OUTLET,VA0038,002,13.640,ZCTA_NN;R6371;TIE_FIRST_LEX,ZCTA_NN_HAVERSINE;NOT_ELIGIBILITY;NOT_USPS_VALIDITY;NO_INVENTORY
24435,ZCTA_NEAREST_ACTIVE_OUTLET,VA0071,004,14.290,ZCTA_NN;R6371;TIE_FIRST_LEX,ZCTA_NN_HAVERSINE;NOT_ELIGIBILITY;NOT_USPS_VALIDITY;NO_INVENTORY
24437,ZCTA_NEAREST_ACTIVE_OUTLET,VA0006,009,8.207,ZCTA_NN;R6371;TIE_FIRST_LEX,ZCTA_NN_HAVERSINE;NOT_ELIGIBILITY;NOT_USPS_VALIDITY;NO_INVENTORY
24439,EXACT_IMLS_OUTLET_ZIP,VA0071,006,,EXACT_OUTLET;TIE_FSCSKEY_SEQ,EXACT_OUTLET;NOT_USPS_VALIDITY;NO_INVENTORY
24440,ZCTA_NEAREST_ACTIVE_OUTLET,VA0006,007,7.188,ZCTA_NN;R6371;TIE_FIRST_LEX,ZCTA_NN_HAVERSINE;NOT_ELIGIBILITY;NOT_USPS_VALIDITY;NO_INVENTORY
24441,EXACT_IMLS_OUTLET_ZIP,VA0072,011,,EXACT_OUTLET;TIE_FSCSKEY_SEQ,EXACT_OUTLET;NOT_USPS_VALIDITY;NO_INVENTORY
24442,ZCTA_NEAREST_ACTIVE_OUTLET,VA0038,002,17.684,ZCTA_NN;R6371;TIE_FIRST_LEX,ZCTA_NN_HAVERSINE;NOT_ELIGIBILITY;NOT_USPS_VALIDITY;NO_INVENTORY
24445,ZCTA_NEAREST_ACTIVE_OUTLET,VA0071,003,11.968,ZCTA_NN;R6371;TIE_FIRST_LEX,ZCTA_NN_HAVERSINE;NOT_ELIGIBILITY;NOT_USPS_VALIDITY;NO_INVENTORY
24448,ZCTA_NEAREST_ACTIVE_OUTLET,VA0019,002,3.759,ZCTA_NN;R6371;TIE_FIRST_LEX,ZCTA_NN_HAVERSINE;NOT_ELIGIBILITY;NOT_USPS_VALIDITY;NO_INVENTORY
24450,EXACT_IMLS_OUTLET_ZIP,VA0071,002,,EXACT_OUTLET;TIE_FSCSKEY_SEQ,EXACT_OUTLET;NOT_USPS_VALIDITY;NO_INVENTORY
24457,ZCTA_NEAREST_ACTIVE_OUTLET,VA0019,002,4.328,ZCTA_NN;R6371;TIE_FIRST_LEX,ZCTA_NN_HAVERSINE;NOT_ELIGIBILITY;NOT_USPS_VALIDITY;NO_INVENTORY
24458,ZCTA_NEAREST_ACTIVE_OUTLET,VA0038,002,11.390,ZCTA_NN;R6371;TIE_FIRST_LEX,ZCTA_NN_HAVERSINE;NOT_ELIGIBILITY;NOT_USPS_VALIDITY;NO_INVENTORY
24459,EXACT_IMLS_OUTLET_ZIP,VA0006,007,,EXACT_OUTLET;TIE_FSCSKEY_SEQ,EXACT_OUTLET;NOT_USPS_VALIDITY;NO_INVENTORY
24460,ZCTA_NEAREST_ACTIVE_OUTLET,VA0071,003,11.191,ZCTA_NN;R6371;TIE_FIRST_LEX,ZCTA_NN_HAVERSINE;NOT_ELIGIBILITY;NOT_USPS_VALIDITY;NO_INVENTORY
24464,ZCTA_NEAREST_ACTIVE_OUTLET,VA0006,008,20.884,ZCTA_NN;R6371;TIE_FIRST_LEX,ZCTA_NN_HAVERSINE;NOT_ELIGIBILITY;NOT_USPS_VALIDITY;NO_INVENTORY
24465,EXACT_IMLS_OUTLET_ZIP,VA0038,002,,EXACT_OUTLET;TIE_FSCSKEY_SEQ,EXACT_OUTLET;NOT_USPS_VALIDITY;NO_INVENTORY
24467,ZCTA_NEAREST_ACTIVE_OUTLET,VA0006,009,5.924,ZCTA_NN;R6371;TIE_FIRST_LEX,ZCTA_NN_HAVERSINE;NOT_ELIGIBILITY;NOT_USPS_VALIDITY;NO_INVENTORY
24469,ZCTA_NEAREST_ACTIVE_OUTLET,VA0006,009,9.340,ZCTA_NN;R6371;TIE_FIRST_LEX,ZCTA_NN_HAVERSINE;NOT_ELIGIBILITY;NOT_USPS_VALIDITY;NO_INVENTORY
24471,ZCTA_NEAREST_ACTIVE_OUTLET,VA0072,011,6.451,ZCTA_NN;R6371;TIE_FIRST_LEX,ZCTA_NN_HAVERSINE;NOT_ELIGIBILITY;NOT_USPS_VALIDITY;NO_INVENTORY
24472,ZCTA_NEAREST_ACTIVE_OUTLET,VA0006,007,12.024,ZCTA_NN;R6371;TIE_FIRST_LEX,ZCTA_NN_HAVERSINE;NOT_ELIGIBILITY;NOT_USPS_VALIDITY;NO_INVENTORY
24473,ZCTA_NEAREST_ACTIVE_OUTLET,VA0071,006,9.459,ZCTA_NN;R6371;TIE_FIRST_LEX,ZCTA_NN_HAVERSINE;NOT_ELIGIBILITY;NOT_USPS_VALIDITY;NO_INVENTORY
24474,ZCTA_NEAREST_ACTIVE_OUTLET,VA0019,002,2.448,ZCTA_NN;R6371;TIE_FIRST_LEX,ZCTA_NN_HAVERSINE;NOT_ELIGIBILITY;NOT_USPS_VALIDITY;NO_INVENTORY
24476,ZCTA_NEAREST_ACTIVE_OUTLET,VA0006,007,8.675,ZCTA_NN;R6371;TIE_FIRST_LEX,ZCTA_NN_HAVERSINE;NOT_ELIGIBILITY;NOT_USPS_VALIDITY;NO_INVENTORY
24477,EXACT_IMLS_OUTLET_ZIP,VA0006,008,,EXACT_OUTLET;TIE_FSCSKEY_SEQ,EXACT_OUTLET;NOT_USPS_VALIDITY;NO_INVENTORY
24479,ZCTA_NEAREST_ACTIVE_OUTLET,VA0006,004,9.867,ZCTA_NN;R6371;TIE_FIRST_LEX,ZCTA_NN_HAVERSINE;NOT_ELIGIBILITY;NOT_USPS_VALIDITY;NO_INVENTORY
24482,ZCTA_NEAREST_ACTIVE_OUTLET,VA0079,002,8.398,ZCTA_NN;R6371;TIE_FIRST_LEX,ZCTA_NN_HAVERSINE;NOT_ELIGIBILITY;NOT_USPS_VALIDITY;NO_INVENTORY
24483,ZCTA_NEAREST_ACTIVE_OUTLET,VA0071,004,13.583,ZCTA_NN;R6371;TIE_FIRST_LEX,ZCTA_NN_HAVERSINE;NOT_ELIGIBILITY;NOT_USPS_VALIDITY;NO_INVENTORY
24484,EXACT_IMLS_OUTLET_ZIP,VA0071,003,,EXACT_OUTLET;TIE_FSCSKEY_SEQ,EXACT_OUTLET;NOT_USPS_VALIDITY;NO_INVENTORY
24485,ZCTA_NEAREST_ACTIVE_OUTLET,VA0006,006,10.764,ZCTA_NN;R6371;TIE_FIRST_LEX,ZCTA_NN_HAVERSINE;NOT_ELIGIBILITY;NOT_USPS_VALIDITY;NO_INVENTORY
24486,EXACT_IMLS_OUTLET_ZIP,VA0006,009,,EXACT_OUTLET;TIE_FSCSKEY_SEQ,EXACT_OUTLET;NOT_USPS_VALIDITY;NO_INVENTORY
24487,ZCTA_NEAREST_ACTIVE_OUTLET,VA0006,006,15.969,ZCTA_NN;R6371;TIE_FIRST_LEX,ZCTA_NN_HAVERSINE;NOT_ELIGIBILITY;NOT_USPS_VALIDITY;NO_INVENTORY
24501,EXACT_IMLS_OUTLET_ZIP,VA0012,005,,EXACT_OUTLET;TIE_FSCSKEY_SEQ,EXACT_OUTLET;NOT_USPS_VALIDITY;NO_INVENTORY
24502,ZCTA_NEAREST_ACTIVE_OUTLET,VA0012,005,4.176,ZCTA_NN;R6371;TIE_FIRST_LEX,ZCTA_NN_HAVERSINE;NOT_ELIGIBILITY;NOT_USPS_VALIDITY;NO_INVENTORY
24503,ZCTA_NEAREST_ACTIVE_OUTLET,VA0045,002,8.632,ZCTA_NN;R6371;TIE_FIRST_LEX,ZCTA_NN_HAVERSINE;NOT_ELIGIBILITY;NOT_USPS_VALIDITY;NO_INVENTORY
24504,EXACT_IMLS_OUTLET_ZIP,VA0045,003,,EXACT_OUTLET;TIE_FSCSKEY_SEQ,EXACT_OUTLET;NOT_USPS_VALIDITY;NO_INVENTORY
24505,OBSERVED_REFERENCE_INDIRECT_ONLY,,,,INDIRECT_IMLS_SC;NO_FABRICATED_NEAREST,INDIRECT_IMLS_SC;NO_FABRICATED_NEAREST;NOT_REJECTED;NOT_USPS_VALIDITY;NO_INVENTORY
24506,OBSERVED_REFERENCE_INDIRECT_ONLY,,,,INDIRECT_IMLS_SC;NO_FABRICATED_NEAREST,INDIRECT_IMLS_SC;NO_FABRICATED_NEAREST;NOT_REJECTED;NOT_USPS_VALIDITY;NO_INVENTORY
24513,OBSERVED_REFERENCE_INDIRECT_ONLY,,,,INDIRECT_IMLS_SC;NO_FABRICATED_NEAREST,INDIRECT_IMLS_SC;NO_FABRICATED_NEAREST;NOT_REJECTED;NOT_USPS_VALIDITY;NO_INVENTORY
24515,ZCTA_NEAREST_ACTIVE_OUTLET,VA0045,002,5.893,ZCTA_NN;R6371;TIE_FIRST_LEX,ZCTA_NN_HAVERSINE;NOT_ELIGIBILITY;NOT_USPS_VALIDITY;NO_INVENTORY
24517,EXACT_IMLS_OUTLET_ZIP,VA0012,004,,EXACT_OUTLET;TIE_FSCSKEY_SEQ,EXACT_OUTLET;NOT_USPS_VALIDITY;NO_INVENTORY
24520,ZCTA_NEAREST_ACTIVE_OUTLET,VA0033,003,17.012,ZCTA_NN;R6371;TIE_FIRST_LEX,ZCTA_NN_HAVERSINE;NOT_ELIGIBILITY;NOT_USPS_VALIDITY;NO_INVENTORY
24521,EXACT_IMLS_OUTLET_ZIP,VA0002,002,,EXACT_OUTLET;TIE_FSCSKEY_SEQ,EXACT_OUTLET;NOT_USPS_VALIDITY;NO_INVENTORY
24522,EXACT_IMLS_OUTLET_ZIP,VA0003,002,,EXACT_OUTLET;TIE_FSCSKEY_SEQ,EXACT_OUTLET;NOT_USPS_VALIDITY;NO_INVENTORY
24523,EXACT_IMLS_OUTLET_ZIP,VA0007,001,,EXACT_OUTLET;TIE_FSCSKEY_SEQ,EXACT_OUTLET;NOT_USPS_VALIDITY;NO_INVENTORY
24526,EXACT_IMLS_OUTLET_ZIP,VA0007,003,,EXACT_OUTLET;TIE_FSCSKEY_SEQ,EXACT_OUTLET;NOT_USPS_VALIDITY;NO_INVENTORY
24527,ZCTA_NEAREST_ACTIVE_OUTLET,VA0060,007,9.158,ZCTA_NN;R6371;TIE_FIRST_LEX,ZCTA_NN_HAVERSINE;NOT_ELIGIBILITY;NOT_USPS_VALIDITY;NO_INVENTORY
24528,EXACT_IMLS_OUTLET_ZIP,VA0012,003,,EXACT_OUTLET;TIE_FSCSKEY_SEQ,EXACT_OUTLET;NOT_USPS_VALIDITY;NO_INVENTORY
24529,ZCTA_NEAREST_ACTIVE_OUTLET,VA8002,002,5.826,ZCTA_NN;R6371;TIE_FIRST_LEX,ZCTA_NN_HAVERSINE;NOT_ELIGIBILITY;NOT_USPS_VALIDITY;NO_INVENTORY
24530,ZCTA_NEAREST_ACTIVE_OUTLET,VA0060,008,19.400,ZCTA_NN;R6371;TIE_FIRST_LEX,ZCTA_NN_HAVERSINE;NOT_ELIGIBILITY;NOT_USPS_VALIDITY;NO_INVENTORY
24531,EXACT_IMLS_OUTLET_ZIP,VA0060,002,,EXACT_OUTLET;TIE_FSCSKEY_SEQ,EXACT_OUTLET;NOT_USPS_VALIDITY;NO_INVENTORY
24534,ZCTA_NEAREST_ACTIVE_OUTLET,VA0016,004,16.188,ZCTA_NN;R6371;TIE_FIRST_LEX,ZCTA_NN_HAVERSINE;NOT_ELIGIBILITY;NOT_USPS_VALIDITY;NO_INVENTORY
24535,OBSERVED_REFERENCE_INDIRECT_ONLY,,,,INDIRECT_IMLS_SC;NO_FABRICATED_NEAREST,INDIRECT_IMLS_SC;NO_FABRICATED_NEAREST;NOT_REJECTED;NOT_USPS_VALIDITY;NO_INVENTORY
24536,ZCTA_NEAREST_ACTIVE_OUTLET,VA0007,003,9.239,ZCTA_NN;R6371;TIE_FIRST_LEX,ZCTA_NN_HAVERSINE;NOT_ELIGIBILITY;NOT_USPS_VALIDITY;NO_INVENTORY
24538,ZCTA_NEAREST_ACTIVE_OUTLET,VA0003,002,12.775,ZCTA_NN;R6371;TIE_FIRST_LEX,ZCTA_NN_HAVERSINE;NOT_ELIGIBILITY;NOT_USPS_VALIDITY;NO_INVENTORY
24539,ZCTA_NEAREST_ACTIVE_OUTLET,VA0033,002,8.546,ZCTA_NN;R6371;TIE_FIRST_LEX,ZCTA_NN_HAVERSINE;NOT_ELIGIBILITY;NOT_USPS_VALIDITY;NO_INVENTORY
24540,EXACT_IMLS_OUTLET_ZIP,VA0060,007,,EXACT_OUTLET;TIE_FSCSKEY_SEQ,EXACT_OUTLET;NOT_USPS_VALIDITY;NO_INVENTORY
24541,EXACT_IMLS_OUTLET_ZIP,VA0023,004,,EXACT_OUTLET;TIE_FSCSKEY_SEQ,EXACT_OUTLET;NOT_USPS_VALIDITY;NO_INVENTORY
24543,OBSERVED_REFERENCE_INDIRECT_ONLY,,,,INDIRECT_IMLS_SC;NO_FABRICATED_NEAREST,INDIRECT_IMLS_SC;NO_FABRICATED_NEAREST;NOT_REJECTED;NOT_USPS_VALIDITY;NO_INVENTORY
24549,ZCTA_NEAREST_ACTIVE_OUTLET,VA0060,007,8.445,ZCTA_NN;R6371;TIE_FIRST_LEX,ZCTA_NN_HAVERSINE;NOT_ELIGIBILITY;NOT_USPS_VALIDITY;NO_INVENTORY
24550,ZCTA_NEAREST_ACTIVE_OUTLET,VA0012,005,9.673,ZCTA_NN;R6371;TIE_FIRST_LEX,ZCTA_NN_HAVERSINE;NOT_ELIGIBILITY;NOT_USPS_VALIDITY;NO_INVENTORY
24551,EXACT_IMLS_OUTLET_ZIP,VA0007,004,,EXACT_OUTLET;TIE_FSCSKEY_SEQ,EXACT_OUTLET;NOT_USPS_VALIDITY;NO_INVENTORY
24553,ZCTA_NEAREST_ACTIVE_OUTLET,VA0003,002,21.372,ZCTA_NN;R6371;TIE_FIRST_LEX,ZCTA_NN_HAVERSINE;NOT_ELIGIBILITY;NOT_USPS_VALIDITY;NO_INVENTORY
24554,ZCTA_NEAREST_ACTIVE_OUTLET,VA0012,003,13.892,ZCTA_NN;R6371;TIE_FIRST_LEX,ZCTA_NN_HAVERSINE;NOT_ELIGIBILITY;NOT_USPS_VALIDITY;NO_INVENTORY
24555,EXACT_IMLS_OUTLET_ZIP,VA0071,005,,EXACT_OUTLET;TIE_FSCSKEY_SEQ,EXACT_OUTLET;NOT_USPS_VALIDITY;NO_INVENTORY
24556,ZCTA_NEAREST_ACTIVE_OUTLET,VA0007,004,10.157,ZCTA_NN;R6371;TIE_FIRST_LEX,ZCTA_NN_HAVERSINE;NOT_ELIGIBILITY;NOT_USPS_VALIDITY;NO_INVENTORY
24557,EXACT_IMLS_OUTLET_ZIP,VA0060,004,,EXACT_OUTLET;TIE_FSCSKEY_SEQ,EXACT_OUTLET;NOT_USPS_VALIDITY;NO_INVENTORY
24558,EXACT_IMLS_OUTLET_ZIP,VA0033,002,,EXACT_OUTLET;TIE_FSCSKEY_SEQ,EXACT_OUTLET;NOT_USPS_VALIDITY;NO_INVENTORY
24562,ZCTA_NEAREST_ACTIVE_OUTLET,VA0040,008,14.976,ZCTA_NN;R6371;TIE_FIRST_LEX,ZCTA_NN_HAVERSINE;NOT_ELIGIBILITY;NOT_USPS_VALIDITY;NO_INVENTORY
24563,ZCTA_NEAREST_ACTIVE_OUTLET,VA0012,004,5.465,ZCTA_NN;R6371;TIE_FIRST_LEX,ZCTA_NN_HAVERSINE;NOT_ELIGIBILITY;NOT_USPS_VALIDITY;NO_INVENTORY
24565,ZCTA_NEAREST_ACTIVE_OUTLET,VA0060,002,18.954,ZCTA_NN;R6371;TIE_FIRST_LEX,ZCTA_NN_HAVERSINE;NOT_ELIGIBILITY;NOT_USPS_VALIDITY;NO_INVENTORY
24566,ZCTA_NEAREST_ACTIVE_OUTLET,VA0060,007,15.679,ZCTA_NN;R6371;TIE_FIRST_LEX,ZCTA_NN_HAVERSINE;NOT_ELIGIBILITY;NOT_USPS_VALIDITY;NO_INVENTORY
24569,ZCTA_NEAREST_ACTIVE_OUTLET,VA0012,003,16.275,ZCTA_NN;R6371;TIE_FIRST_LEX,ZCTA_NN_HAVERSINE;NOT_ELIGIBILITY;NOT_USPS_VALIDITY;NO_INVENTORY
24570,ZCTA_NEAREST_ACTIVE_OUTLET,VA0007,001,8.489,ZCTA_NN;R6371;TIE_FIRST_LEX,ZCTA_NN_HAVERSINE;NOT_ELIGIBILITY;NOT_USPS_VALIDITY;NO_INVENTORY
24571,ZCTA_NEAREST_ACTIVE_OUTLET,VA0012,004,7.683,ZCTA_NN;R6371;TIE_FIRST_LEX,ZCTA_NN_HAVERSINE;NOT_ELIGIBILITY;NOT_USPS_VALIDITY;NO_INVENTORY
24572,EXACT_IMLS_OUTLET_ZIP,VA0002,003,,EXACT_OUTLET;TIE_FSCSKEY_SEQ,EXACT_OUTLET;NOT_USPS_VALIDITY;NO_INVENTORY
24574,ZCTA_NEAREST_ACTIVE_OUTLET,VA0007,003,15.821,ZCTA_NN;R6371;TIE_FIRST_LEX,ZCTA_NN_HAVERSINE;NOT_ELIGIBILITY;NOT_USPS_VALIDITY;NO_INVENTORY
24577,ZCTA_NEAREST_ACTIVE_OUTLET,VA0012,003,12.176,ZCTA_NN;R6371;TIE_FIRST_LEX,ZCTA_NN_HAVERSINE;NOT_ELIGIBILITY;NOT_USPS_VALIDITY;NO_INVENTORY
24578,ZCTA_NEAREST_ACTIVE_OUTLET,VA0071,005,10.178,ZCTA_NN;R6371;TIE_FIRST_LEX,ZCTA_NN_HAVERSINE;NOT_ELIGIBILITY;NOT_USPS_VALIDITY;NO_INVENTORY
24579,ZCTA_NEAREST_ACTIVE_OUTLET,VA0071,005,7.062,ZCTA_NN;R6371;TIE_FIRST_LEX,ZCTA_NN_HAVERSINE;NOT_ELIGIBILITY;NOT_USPS_VALIDITY;NO_INVENTORY
24580,ZCTA_NEAREST_ACTIVE_OUTLET,VA8002,002,10.736,ZCTA_NN;R6371;TIE_FIRST_LEX,ZCTA_NN_HAVERSINE;NOT_ELIGIBILITY;NOT_USPS_VALIDITY;NO_INVENTORY
24581,ZCTA_NEAREST_ACTIVE_OUTLET,VA0040,007,12.383,ZCTA_NN;R6371;TIE_FIRST_LEX,ZCTA_NN_HAVERSINE;NOT_ELIGIBILITY;NOT_USPS_VALIDITY;NO_INVENTORY
24586,ZCTA_NEAREST_ACTIVE_OUTLET,VA0023,004,10.639,ZCTA_NN;R6371;TIE_FIRST_LEX,ZCTA_NN_HAVERSINE;NOT_ELIGIBILITY;NOT_USPS_VALIDITY;NO_INVENTORY
24588,EXACT_IMLS_OUTLET_ZIP,VA0012,002,,EXACT_OUTLET;TIE_FSCSKEY_SEQ,EXACT_OUTLET;NOT_USPS_VALIDITY;NO_INVENTORY
24589,ZCTA_NEAREST_ACTIVE_OUTLET,VA0033,003,14.577,ZCTA_NN;R6371;TIE_FIRST_LEX,ZCTA_NN_HAVERSINE;NOT_ELIGIBILITY;NOT_USPS_VALIDITY;NO_INVENTORY
24590,EXACT_IMLS_OUTLET_ZIP,VA0040,008,,EXACT_OUTLET;TIE_FSCSKEY_SEQ,EXACT_OUTLET;NOT_USPS_VALIDITY;NO_INVENTORY
24592,EXACT_IMLS_OUTLET_ZIP,VA0033,003,,EXACT_OUTLET;TIE_FSCSKEY_SEQ,EXACT_OUTLET;NOT_USPS_VALIDITY;NO_INVENTORY
24593,ZCTA_NEAREST_ACTIVE_OUTLET,VA0003,002,7.876,ZCTA_NN;R6371;TIE_FIRST_LEX,ZCTA_NN_HAVERSINE;NOT_ELIGIBILITY;NOT_USPS_VALIDITY;NO_INVENTORY
24594,ZCTA_NEAREST_ACTIVE_OUTLET,VA0023,004,19.218,ZCTA_NN;R6371;TIE_FIRST_LEX,ZCTA_NN_HAVERSINE;NOT_ELIGIBILITY;NOT_USPS_VALIDITY;NO_INVENTORY
24595,ZCTA_NEAREST_ACTIVE_OUTLET,VA0002,002,2.947,ZCTA_NN;R6371;TIE_FIRST_LEX,ZCTA_NN_HAVERSINE;NOT_ELIGIBILITY;NOT_USPS_VALIDITY;NO_INVENTORY
24597,ZCTA_NEAREST_ACTIVE_OUTLET,VA0033,002,16.378,ZCTA_NN;R6371;TIE_FIRST_LEX,ZCTA_NN_HAVERSINE;NOT_ELIGIBILITY;NOT_USPS_VALIDITY;NO_INVENTORY
24598,ZCTA_NEAREST_ACTIVE_OUTLET,VA0033,003,14.480,ZCTA_NN;R6371;TIE_FIRST_LEX,ZCTA_NN_HAVERSINE;NOT_ELIGIBILITY;NOT_USPS_VALIDITY;NO_INVENTORY
24599,ZCTA_NEAREST_ACTIVE_OUTLET,VA0040,007,19.976,ZCTA_NN;R6371;TIE_FIRST_LEX,ZCTA_NN_HAVERSINE;NOT_ELIGIBILITY;NOT_USPS_VALIDITY;NO_INVENTORY
24601,ZCTA_NEAREST_ACTIVE_OUTLET,WV0071,008,12.556,ZCTA_NN;R6371;TIE_FIRST_LEX,ZCTA_NN_HAVERSINE;NOT_ELIGIBILITY;NOT_USPS_VALIDITY;NO_INVENTORY
24602,ZCTA_NEAREST_ACTIVE_OUTLET,WV0071,008,12.814,ZCTA_NN;R6371;TIE_FIRST_LEX,ZCTA_NN_HAVERSINE;NOT_ELIGIBILITY;NOT_USPS_VALIDITY;NO_INVENTORY
24603,ZCTA_NEAREST_ACTIVE_OUTLET,VA0011,002,11.070,ZCTA_NN;R6371;TIE_FIRST_LEX,ZCTA_NN_HAVERSINE;NOT_ELIGIBILITY;NOT_USPS_VALIDITY;NO_INVENTORY
24604,ZCTA_NEAREST_ACTIVE_OUTLET,VA0081,002,10.820,ZCTA_NN;R6371;TIE_FIRST_LEX,ZCTA_NN_HAVERSINE;NOT_ELIGIBILITY;NOT_USPS_VALIDITY;NO_INVENTORY
24605,EXACT_IMLS_OUTLET_ZIP,VA0081,003,,EXACT_OUTLET;TIE_FSCSKEY_SEQ,EXACT_OUTLET;NOT_USPS_VALIDITY;NO_INVENTORY
24606,ZCTA_NEAREST_ACTIVE_OUTLET,VA0081,006,4.847,ZCTA_NN;R6371;TIE_FIRST_LEX,ZCTA_NN_HAVERSINE;NOT_ELIGIBILITY;NOT_USPS_VALIDITY;NO_INVENTORY
24607,ZCTA_NEAREST_ACTIVE_OUTLET,KY0093,010,7.341,ZCTA_NN;R6371;TIE_FIRST_LEX,ZCTA_NN_HAVERSINE;NOT_ELIGIBILITY;NOT_USPS_VALIDITY;NO_INVENTORY
24609,ZCTA_NEAREST_ACTIVE_OUTLET,VA0081,004,8.635,ZCTA_NN;R6371;TIE_FIRST_LEX,ZCTA_NN_HAVERSINE;NOT_ELIGIBILITY;NOT_USPS_VALIDITY;NO_INVENTORY
24612,ZCTA_NEAREST_ACTIVE_OUTLET,VA0081,004,4.564,ZCTA_NN;R6371;TIE_FIRST_LEX,ZCTA_NN_HAVERSINE;NOT_ELIGIBILITY;NOT_USPS_VALIDITY;NO_INVENTORY
24613,ZCTA_NEAREST_ACTIVE_OUTLET,VA0081,006,4.243,ZCTA_NN;R6371;TIE_FIRST_LEX,ZCTA_NN_HAVERSINE;NOT_ELIGIBILITY;NOT_USPS_VALIDITY;NO_INVENTORY
24614,EXACT_IMLS_OUTLET_ZIP,VA0011,002,,EXACT_OUTLET;TIE_FSCSKEY_SEQ,EXACT_OUTLET;NOT_USPS_VALIDITY;NO_INVENTORY
24620,ZCTA_NEAREST_ACTIVE_OUTLET,KY0093,004,16.607,ZCTA_NN;R6371;TIE_FIRST_LEX,ZCTA_NN_HAVERSINE;NOT_ELIGIBILITY;NOT_USPS_VALIDITY;NO_INVENTORY
24622,ZCTA_NEAREST_ACTIVE_OUTLET,WV0071,008,12.151,ZCTA_NN;R6371;TIE_FIRST_LEX,ZCTA_NN_HAVERSINE;NOT_ELIGIBILITY;NOT_USPS_VALIDITY;NO_INVENTORY
24627,OBSERVED_REFERENCE_INDIRECT_ONLY,,,,INDIRECT_IMLS_SC;NO_FABRICATED_NEAREST,INDIRECT_IMLS_SC;NO_FABRICATED_NEAREST;NOT_REJECTED;NOT_USPS_VALIDITY;NO_INVENTORY
24630,ZCTA_NEAREST_ACTIVE_OUTLET,VA0081,002,7.736,ZCTA_NN;R6371;TIE_FIRST_LEX,ZCTA_NN_HAVERSINE;NOT_ELIGIBILITY;NOT_USPS_VALIDITY;NO_INVENTORY
24631,ZCTA_NEAREST_ACTIVE_OUTLET,VA0011,002,11.601,ZCTA_NN;R6371;TIE_FIRST_LEX,ZCTA_NN_HAVERSINE;NOT_ELIGIBILITY;NOT_USPS_VALIDITY;NO_INVENTORY
24634,ZCTA_NEAREST_ACTIVE_OUTLET,WV0071,003,13.151,ZCTA_NN;R6371;TIE_FIRST_LEX,ZCTA_NN_HAVERSINE;NOT_ELIGIBILITY;NOT_USPS_VALIDITY;NO_INVENTORY
24635,EXACT_IMLS_OUTLET_ZIP,VA0081,006,,EXACT_OUTLET;TIE_FSCSKEY_SEQ,EXACT_OUTLET;NOT_USPS_VALIDITY;NO_INVENTORY
24637,ZCTA_NEAREST_ACTIVE_OUTLET,VA0081,004,8.306,ZCTA_NN;R6371;TIE_FIRST_LEX,ZCTA_NN_HAVERSINE;NOT_ELIGIBILITY;NOT_USPS_VALIDITY;NO_INVENTORY
24639,ZCTA_NEAREST_ACTIVE_OUTLET,VA0081,004,12.870,ZCTA_NN;R6371;TIE_FIRST_LEX,ZCTA_NN_HAVERSINE;NOT_ELIGIBILITY;NOT_USPS_VALIDITY;NO_INVENTORY
24641,EXACT_IMLS_OUTLET_ZIP,VA0081,004,,EXACT_OUTLET;TIE_FSCSKEY_SEQ,EXACT_OUTLET;NOT_USPS_VALIDITY;NO_INVENTORY
24646,ZCTA_NEAREST_ACTIVE_OUTLET,VA0073,003,15.079,ZCTA_NN;R6371;TIE_FIRST_LEX,ZCTA_NN_HAVERSINE;NOT_ELIGIBILITY;NOT_USPS_VALIDITY;NO_INVENTORY
24649,ZCTA_NEAREST_ACTIVE_OUTLET,VA0073,003,9.322,ZCTA_NN;R6371;TIE_FIRST_LEX,ZCTA_NN_HAVERSINE;NOT_ELIGIBILITY;NOT_USPS_VALIDITY;NO_INVENTORY
24651,EXACT_IMLS_OUTLET_ZIP,VA0081,002,,EXACT_OUTLET;TIE_FSCSKEY_SEQ,EXACT_OUTLET;NOT_USPS_VALIDITY;NO_INVENTORY
24656,ZCTA_NEAREST_ACTIVE_OUTLET,VA0011,002,11.229,ZCTA_NN;R6371;TIE_FIRST_LEX,ZCTA_NN_HAVERSINE;NOT_ELIGIBILITY;NOT_USPS_VALIDITY;NO_INVENTORY
24657,ZCTA_NEAREST_ACTIVE_OUTLET,WV0071,003,14.490,ZCTA_NN;R6371;TIE_FIRST_LEX,ZCTA_NN_HAVERSINE;NOT_ELIGIBILITY;NOT_USPS_VALIDITY;NO_INVENTORY
24701,EXACT_IMLS_OUTLET_ZIP,WV0002,002,,EXACT_OUTLET;TIE_FSCSKEY_SEQ,EXACT_OUTLET;NOT_USPS_VALIDITY;NO_INVENTORY
24712,ZCTA_NEAREST_ACTIVE_OUTLET,WV0003,002,13.396,ZCTA_NN;R6371;TIE_FIRST_LEX,ZCTA_NN_HAVERSINE;NOT_ELIGIBILITY;NOT_USPS_VALIDITY;NO_INVENTORY
24714,ZCTA_NEAREST_ACTIVE_OUTLET,WV0003,002,13.200,ZCTA_NN;R6371;TIE_FIRST_LEX,ZCTA_NN_HAVERSINE;NOT_ELIGIBILITY;NOT_USPS_VALIDITY;NO_INVENTORY
24715,ZCTA_NEAREST_ACTIVE_OUTLET,VA0081,006,3.596,ZCTA_NN;R6371;TIE_FIRST_LEX,ZCTA_NN_HAVERSINE;NOT_ELIGIBILITY;NOT_USPS_VALIDITY;NO_INVENTORY
24716,ZCTA_NEAREST_ACTIVE_OUTLET,WV0079,003,5.866,ZCTA_NN;R6371;TIE_FIRST_LEX,ZCTA_NN_HAVERSINE;NOT_ELIGIBILITY;NOT_USPS_VALIDITY;NO_INVENTORY
24719,ZCTA_NEAREST_ACTIVE_OUTLET,WV0079,003,11.864,ZCTA_NN;R6371;TIE_FIRST_LEX,ZCTA_NN_HAVERSINE;NOT_ELIGIBILITY;NOT_USPS_VALIDITY;NO_INVENTORY
24724,ZCTA_NEAREST_ACTIVE_OUTLET,VA0081,006,4.258,ZCTA_NN;R6371;TIE_FIRST_LEX,ZCTA_NN_HAVERSINE;NOT_ELIGIBILITY;NOT_USPS_VALIDITY;NO_INVENTORY
24726,ZCTA_NEAREST_ACTIVE_OUTLET,WV0079,003,12.969,ZCTA_NN;R6371;TIE_FIRST_LEX,ZCTA_NN_HAVERSINE;NOT_ELIGIBILITY;NOT_USPS_VALIDITY;NO_INVENTORY
24729,ZCTA_NEAREST_ACTIVE_OUTLET,WV0003,002,17.002,ZCTA_NN;R6371;TIE_FIRST_LEX,ZCTA_NN_HAVERSINE;NOT_ELIGIBILITY;NOT_USPS_VALIDITY;NO_INVENTORY
24731,ZCTA_NEAREST_ACTIVE_OUTLET,WV0003,002,5.796,ZCTA_NN;R6371;TIE_FIRST_LEX,ZCTA_NN_HAVERSINE;NOT_ELIGIBILITY;NOT_USPS_VALIDITY;NO_INVENTORY
24733,ZCTA_NEAREST_ACTIVE_OUTLET,WV0003,002,12.895,ZCTA_NN;R6371;TIE_FIRST_LEX,ZCTA_NN_HAVERSINE;NOT_ELIGIBILITY;NOT_USPS_VALIDITY;NO_INVENTORY
24736,ZCTA_NEAREST_ACTIVE_OUTLET,VA0081,006,16.762,ZCTA_NN;R6371;TIE_FIRST_LEX,ZCTA_NN_HAVERSINE;NOT_ELIGIBILITY;NOT_USPS_VALIDITY;NO_INVENTORY
24737,ZCTA_NEAREST_ACTIVE_OUTLET,VA0081,006,8.529,ZCTA_NN;R6371;TIE_FIRST_LEX,ZCTA_NN_HAVERSINE;NOT_ELIGIBILITY;NOT_USPS_VALIDITY;NO_INVENTORY
24738,ZCTA_NEAREST_ACTIVE_OUTLET,VA0081,006,1.696,ZCTA_NN;R6371;TIE_FIRST_LEX,ZCTA_NN_HAVERSINE;NOT_ELIGIBILITY;NOT_USPS_VALIDITY;NO_INVENTORY
24739,ZCTA_NEAREST_ACTIVE_OUTLET,WV0003,002,8.088,ZCTA_NN;R6371;TIE_FIRST_LEX,ZCTA_NN_HAVERSINE;NOT_ELIGIBILITY;NOT_USPS_VALIDITY;NO_INVENTORY
24740,EXACT_IMLS_OUTLET_ZIP,WV0003,002,,EXACT_OUTLET;TIE_FSCSKEY_SEQ,EXACT_OUTLET;NOT_USPS_VALIDITY;NO_INVENTORY
24747,ZCTA_NEAREST_ACTIVE_OUTLET,WV0003,002,11.608,ZCTA_NN;R6371;TIE_FIRST_LEX,ZCTA_NN_HAVERSINE;NOT_ELIGIBILITY;NOT_USPS_VALIDITY;NO_INVENTORY
24801,EXACT_IMLS_OUTLET_ZIP,WV0071,002,,EXACT_OUTLET;TIE_FSCSKEY_SEQ,EXACT_OUTLET;NOT_USPS_VALIDITY;NO_INVENTORY
24808,ZCTA_NEAREST_ACTIVE_OUTLET,VA0081,006,7.934,ZCTA_NN;R6371;TIE_FIRST_LEX,ZCTA_NN_HAVERSINE;NOT_ELIGIBILITY;NOT_USPS_VALIDITY;NO_INVENTORY
24811,ZCTA_NEAREST_ACTIVE_OUTLET,WV0071,003,7.161,ZCTA_NN;R6371;TIE_FIRST_LEX,ZCTA_NN_HAVERSINE;NOT_ELIGIBILITY;NOT_USPS_VALIDITY;NO_INVENTORY
24813,ZCTA_NEAREST_ACTIVE_OUTLET,WV0071,003,7.032,ZCTA_NN;R6371;TIE_FIRST_LEX,ZCTA_NN_HAVERSINE;NOT_ELIGIBILITY;NOT_USPS_VALIDITY;NO_INVENTORY
24815,ZCTA_NEAREST_ACTIVE_OUTLET,WV0071,008,10.881,ZCTA_NN;R6371;TIE_FIRST_LEX,ZCTA_NN_HAVERSINE;NOT_ELIGIBILITY;NOT_USPS_VALIDITY;NO_INVENTORY
24816,ZCTA_NEAREST_ACTIVE_OUTLET,WV0071,005,9.587,ZCTA_NN;R6371;TIE_FIRST_LEX,ZCTA_NN_HAVERSINE;NOT_ELIGIBILITY;NOT_USPS_VALIDITY;NO_INVENTORY
24817,EXACT_IMLS_OUTLET_ZIP,WV0071,003,,EXACT_OUTLET;TIE_FSCSKEY_SEQ,EXACT_OUTLET;NOT_USPS_VALIDITY;NO_INVENTORY
24818,ZCTA_NEAREST_ACTIVE_OUTLET,WV0079,004,7.962,ZCTA_NN;R6371;TIE_FIRST_LEX,ZCTA_NN_HAVERSINE;NOT_ELIGIBILITY;NOT_USPS_VALIDITY;NO_INVENTORY
24822,ZCTA_NEAREST_ACTIVE_OUTLET,WV0079,004,8.322,ZCTA_NN;R6371;TIE_FIRST_LEX,ZCTA_NN_HAVERSINE;NOT_ELIGIBILITY;NOT_USPS_VALIDITY;NO_INVENTORY
24823,ZCTA_NEAREST_ACTIVE_OUTLET,WV0079,004,10.611,ZCTA_NN;R6371;TIE_FIRST_LEX,ZCTA_NN_HAVERSINE;NOT_ELIGIBILITY;NOT_USPS_VALIDITY;NO_INVENTORY
24826,ZCTA_NEAREST_ACTIVE_OUTLET,WV0071,008,6.413,ZCTA_NN;R6371;TIE_FIRST_LEX,ZCTA_NN_HAVERSINE;NOT_ELIGIBILITY;NOT_USPS_VALIDITY;NO_INVENTORY
24827,ZCTA_NEAREST_ACTIVE_OUTLET,WV0079,004,8.161,ZCTA_NN;R6371;TIE_FIRST_LEX,ZCTA_NN_HAVERSINE;NOT_ELIGIBILITY;NOT_USPS_VALIDITY;NO_INVENTORY
24828,ZCTA_NEAREST_ACTIVE_OUTLET,WV0071,002,10.605,ZCTA_NN;R6371;TIE_FIRST_LEX,ZCTA_NN_HAVERSINE;NOT_ELIGIBILITY;NOT_USPS_VALIDITY;NO_INVENTORY
24830,ZCTA_NEAREST_ACTIVE_OUTLET,WV0071,002,11.152,ZCTA_NN;R6371;TIE_FIRST_LEX,ZCTA_NN_HAVERSINE;NOT_ELIGIBILITY;NOT_USPS_VALIDITY;NO_INVENTORY
24831,ZCTA_NEAREST_ACTIVE_OUTLET,WV0071,002,13.198,ZCTA_NN;R6371;TIE_FIRST_LEX,ZCTA_NN_HAVERSINE;NOT_ELIGIBILITY;NOT_USPS_VALIDITY;NO_INVENTORY
24834,ZCTA_NEAREST_ACTIVE_OUTLET,WV0079,006,9.743,ZCTA_NN;R6371;TIE_FIRST_LEX,ZCTA_NN_HAVERSINE;NOT_ELIGIBILITY;NOT_USPS_VALIDITY;NO_INVENTORY
24836,ZCTA_NEAREST_ACTIVE_OUTLET,WV0071,002,6.344,ZCTA_NN;R6371;TIE_FIRST_LEX,ZCTA_NN_HAVERSINE;NOT_ELIGIBILITY;NOT_USPS_VALIDITY;NO_INVENTORY
24839,EXACT_IMLS_OUTLET_ZIP,WV0079,006,,EXACT_OUTLET;TIE_FSCSKEY_SEQ,EXACT_OUTLET;NOT_USPS_VALIDITY;NO_INVENTORY
24843,ZCTA_NEAREST_ACTIVE_OUTLET,WV0071,005,9.539,ZCTA_NN;R6371;TIE_FIRST_LEX,ZCTA_NN_HAVERSINE;NOT_ELIGIBILITY;NOT_USPS_VALIDITY;NO_INVENTORY
24844,EXACT_IMLS_OUTLET_ZIP,WV0071,005,,EXACT_OUTLET;TIE_FSCSKEY_SEQ,EXACT_OUTLET;NOT_USPS_VALIDITY;NO_INVENTORY
24845,ZCTA_NEAREST_ACTIVE_OUTLET,WV0079,006,3.404,ZCTA_NN;R6371;TIE_FIRST_LEX,ZCTA_NN_HAVERSINE;NOT_ELIGIBILITY;NOT_USPS_VALIDITY;NO_INVENTORY
24846,ZCTA_NEAREST_ACTIVE_OUTLET,WV0071,005,8.874,ZCTA_NN;R6371;TIE_FIRST_LEX,ZCTA_NN_HAVERSINE;NOT_ELIGIBILITY;NOT_USPS_VALIDITY;NO_INVENTORY
24847,ZCTA_NEAREST_ACTIVE_OUTLET,WV0079,003,2.993,ZCTA_NN;R6371;TIE_FIRST_LEX,ZCTA_NN_HAVERSINE;NOT_ELIGIBILITY;NOT_USPS_VALIDITY;NO_INVENTORY
24848,ZCTA_NEAREST_ACTIVE_OUTLET,VA0081,006,8.795,ZCTA_NN;R6371;TIE_FIRST_LEX,ZCTA_NN_HAVERSINE;NOT_ELIGIBILITY;NOT_USPS_VALIDITY;NO_INVENTORY
24849,ZCTA_NEAREST_ACTIVE_OUTLET,WV0079,004,5.411,ZCTA_NN;R6371;TIE_FIRST_LEX,ZCTA_NN_HAVERSINE;NOT_ELIGIBILITY;NOT_USPS_VALIDITY;NO_INVENTORY
24850,ZCTA_NEAREST_ACTIVE_OUTLET,WV0071,003,8.112,ZCTA_NN;R6371;TIE_FIRST_LEX,ZCTA_NN_HAVERSINE;NOT_ELIGIBILITY;NOT_USPS_VALIDITY;NO_INVENTORY
24851,ZCTA_NEAREST_ACTIVE_OUTLET,WV0005,003,2.930,ZCTA_NN;R6371;TIE_FIRST_LEX,ZCTA_NN_HAVERSINE;NOT_ELIGIBILITY;NOT_USPS_VALIDITY;NO_INVENTORY
24853,ZCTA_NEAREST_ACTIVE_OUTLET,WV0071,002,4.999,ZCTA_NN;R6371;TIE_FIRST_LEX,ZCTA_NN_HAVERSINE;NOT_ELIGIBILITY;NOT_USPS_VALIDITY;NO_INVENTORY
24854,ZCTA_NEAREST_ACTIVE_OUTLET,WV0079,004,7.872,ZCTA_NN;R6371;TIE_FIRST_LEX,ZCTA_NN_HAVERSINE;NOT_ELIGIBILITY;NOT_USPS_VALIDITY;NO_INVENTORY
24855,ZCTA_NEAREST_ACTIVE_OUTLET,VA0081,006,13.961,ZCTA_NN;R6371;TIE_FIRST_LEX,ZCTA_NN_HAVERSINE;NOT_ELIGIBILITY;NOT_USPS_VALIDITY;NO_INVENTORY
24857,ZCTA_NEAREST_ACTIVE_OUTLET,WV0079,004,4.589,ZCTA_NN;R6371;TIE_FIRST_LEX,ZCTA_NN_HAVERSINE;NOT_ELIGIBILITY;NOT_USPS_VALIDITY;NO_INVENTORY
24860,ZCTA_NEAREST_ACTIVE_OUTLET,WV0079,004,5.389,ZCTA_NN;R6371;TIE_FIRST_LEX,ZCTA_NN_HAVERSINE;NOT_ELIGIBILITY;NOT_USPS_VALIDITY;NO_INVENTORY
24861,ZCTA_NEAREST_ACTIVE_OUTLET,VA0081,006,6.215,ZCTA_NN;R6371;TIE_FIRST_LEX,ZCTA_NN_HAVERSINE;NOT_ELIGIBILITY;NOT_USPS_VALIDITY;NO_INVENTORY
24862,ZCTA_NEAREST_ACTIVE_OUTLET,WV0071,005,13.200,ZCTA_NN;R6371;TIE_FIRST_LEX,ZCTA_NN_HAVERSINE;NOT_ELIGIBILITY;NOT_USPS_VALIDITY;NO_INVENTORY
24866,ZCTA_NEAREST_ACTIVE_OUTLET,WV0071,008,11.267,ZCTA_NN;R6371;TIE_FIRST_LEX,ZCTA_NN_HAVERSINE;NOT_ELIGIBILITY;NOT_USPS_VALIDITY;NO_INVENTORY
24867,ZCTA_NEAREST_ACTIVE_OUTLET,WV0079,003,7.128,ZCTA_NN;R6371;TIE_FIRST_LEX,ZCTA_NN_HAVERSINE;NOT_ELIGIBILITY;NOT_USPS_VALIDITY;NO_INVENTORY
24868,ZCTA_NEAREST_ACTIVE_OUTLET,VA0081,006,15.663,ZCTA_NN;R6371;TIE_FIRST_LEX,ZCTA_NN_HAVERSINE;NOT_ELIGIBILITY;NOT_USPS_VALIDITY;NO_INVENTORY
24869,ZCTA_NEAREST_ACTIVE_OUTLET,WV0079,006,2.267,ZCTA_NN;R6371;TIE_FIRST_LEX,ZCTA_NN_HAVERSINE;NOT_ELIGIBILITY;NOT_USPS_VALIDITY;NO_INVENTORY
24870,EXACT_IMLS_OUTLET_ZIP,WV0079,004,,EXACT_OUTLET;TIE_FSCSKEY_SEQ,EXACT_OUTLET;NOT_USPS_VALIDITY;NO_INVENTORY
24871,ZCTA_NEAREST_ACTIVE_OUTLET,WV0071,002,14.000,ZCTA_NN;R6371;TIE_FIRST_LEX,ZCTA_NN_HAVERSINE;NOT_ELIGIBILITY;NOT_USPS_VALIDITY;NO_INVENTORY
24872,ZCTA_NEAREST_ACTIVE_OUTLET,WV0071,005,9.283,ZCTA_NN;R6371;TIE_FIRST_LEX,ZCTA_NN_HAVERSINE;NOT_ELIGIBILITY;NOT_USPS_VALIDITY;NO_INVENTORY
24873,ZCTA_NEAREST_ACTIVE_OUTLET,WV0071,003,7.132,ZCTA_NN;R6371;TIE_FIRST_LEX,ZCTA_NN_HAVERSINE;NOT_ELIGIBILITY;NOT_USPS_VALIDITY;NO_INVENTORY
24874,EXACT_IMLS_OUTLET_ZIP,WV0079,002,,EXACT_OUTLET;TIE_FSCSKEY_SEQ,EXACT_OUTLET;NOT_USPS_VALIDITY;NO_INVENTORY
24878,ZCTA_NEAREST_ACTIVE_OUTLET,WV0071,002,4.241,ZCTA_NN;R6371;TIE_FIRST_LEX,ZCTA_NN_HAVERSINE;NOT_ELIGIBILITY;NOT_USPS_VALIDITY;NO_INVENTORY
24879,ZCTA_NEAREST_ACTIVE_OUTLET,WV0071,003,5.812,ZCTA_NN;R6371;TIE_FIRST_LEX,ZCTA_NN_HAVERSINE;NOT_ELIGIBILITY;NOT_USPS_VALIDITY;NO_INVENTORY
24880,ZCTA_NEAREST_ACTIVE_OUTLET,WV0079,002,7.462,ZCTA_NN;R6371;TIE_FIRST_LEX,ZCTA_NN_HAVERSINE;NOT_ELIGIBILITY;NOT_USPS_VALIDITY;NO_INVENTORY
24881,ZCTA_NEAREST_ACTIVE_OUTLET,WV0071,002,7.754,ZCTA_NN;R6371;TIE_FIRST_LEX,ZCTA_NN_HAVERSINE;NOT_ELIGIBILITY;NOT_USPS_VALIDITY;NO_INVENTORY
24882,ZCTA_NEAREST_ACTIVE_OUTLET,WV0079,006,8.046,ZCTA_NN;R6371;TIE_FIRST_LEX,ZCTA_NN_HAVERSINE;NOT_ELIGIBILITY;NOT_USPS_VALIDITY;NO_INVENTORY
24884,ZCTA_NEAREST_ACTIVE_OUTLET,WV0071,008,13.020,ZCTA_NN;R6371;TIE_FIRST_LEX,ZCTA_NN_HAVERSINE;NOT_ELIGIBILITY;NOT_USPS_VALIDITY;NO_INVENTORY
24887,ZCTA_NEAREST_ACTIVE_OUTLET,VA0081,006,9.308,ZCTA_NN;R6371;TIE_FIRST_LEX,ZCTA_NN_HAVERSINE;NOT_ELIGIBILITY;NOT_USPS_VALIDITY;NO_INVENTORY
24888,ZCTA_NEAREST_ACTIVE_OUTLET,WV0071,002,12.106,ZCTA_NN;R6371;TIE_FIRST_LEX,ZCTA_NN_HAVERSINE;NOT_ELIGIBILITY;NOT_USPS_VALIDITY;NO_INVENTORY
24892,EXACT_IMLS_OUTLET_ZIP,WV0071,008,,EXACT_OUTLET;TIE_FSCSKEY_SEQ,EXACT_OUTLET;NOT_USPS_VALIDITY;NO_INVENTORY
24894,ZCTA_NEAREST_ACTIVE_OUTLET,WV0071,008,5.626,ZCTA_NN;R6371;TIE_FIRST_LEX,ZCTA_NN_HAVERSINE;NOT_ELIGIBILITY;NOT_USPS_VALIDITY;NO_INVENTORY
24895,ZCTA_NEAREST_ACTIVE_OUTLET,WV0071,002,6.222,ZCTA_NN;R6371;TIE_FIRST_LEX,ZCTA_NN_HAVERSINE;NOT_ELIGIBILITY;NOT_USPS_VALIDITY;NO_INVENTORY
24898,ZCTA_NEAREST_ACTIVE_OUTLET,WV0079,002,2.804,ZCTA_NN;R6371;TIE_FIRST_LEX,ZCTA_NN_HAVERSINE;NOT_ELIGIBILITY;NOT_USPS_VALIDITY;NO_INVENTORY
24901,EXACT_IMLS_OUTLET_ZIP,WV0082,002,,EXACT_OUTLET;TIE_FSCSKEY_SEQ,EXACT_OUTLET;NOT_USPS_VALIDITY;NO_INVENTORY
24902,OBSERVED_REFERENCE_INDIRECT_ONLY,,,,INDIRECT_IMLS_SC;NO_FABRICATED_NEAREST,INDIRECT_IMLS_SC;NO_FABRICATED_NEAREST;NOT_REJECTED;NOT_USPS_VALIDITY;NO_INVENTORY
24910,EXACT_IMLS_OUTLET_ZIP,WV0081,002,,EXACT_OUTLET;TIE_FSCSKEY_SEQ,EXACT_OUTLET;NOT_USPS_VALIDITY;NO_INVENTORY
24915,ZCTA_NEAREST_ACTIVE_OUTLET,WV0096,006,6.236,ZCTA_NN;R6371;TIE_FIRST_LEX,ZCTA_NN_HAVERSINE;NOT_ELIGIBILITY;NOT_USPS_VALIDITY;NO_INVENTORY
24916,ZCTA_NEAREST_ACTIVE_OUTLET,WV0082,002,11.888,ZCTA_NN;R6371;TIE_FIRST_LEX,ZCTA_NN_HAVERSINE;NOT_ELIGIBILITY;NOT_USPS_VALIDITY;NO_INVENTORY
24918,ZCTA_NEAREST_ACTIVE_OUTLET,WV0092,002,14.103,ZCTA_NN;R6371;TIE_FIRST_LEX,ZCTA_NN_HAVERSINE;NOT_ELIGIBILITY;NOT_USPS_VALIDITY;NO_INVENTORY
24920,ZCTA_NEAREST_ACTIVE_OUTLET,WV0096,005,14.736,ZCTA_NN;R6371;TIE_FIRST_LEX,ZCTA_NN_HAVERSINE;NOT_ELIGIBILITY;NOT_USPS_VALIDITY;NO_INVENTORY
24924,ZCTA_NEAREST_ACTIVE_OUTLET,WV0096,007,6.732,ZCTA_NN;R6371;TIE_FIRST_LEX,ZCTA_NN_HAVERSINE;NOT_ELIGIBILITY;NOT_USPS_VALIDITY;NO_INVENTORY
24925,ZCTA_NEAREST_ACTIVE_OUTLET,WV0084,002,8.122,ZCTA_NN;R6371;TIE_FIRST_LEX,ZCTA_NN_HAVERSINE;NOT_ELIGIBILITY;NOT_USPS_VALIDITY;NO_INVENTORY
24927,ZCTA_NEAREST_ACTIVE_OUTLET,WV0096,008,8.342,ZCTA_NN;R6371;TIE_FIRST_LEX,ZCTA_NN_HAVERSINE;NOT_ELIGIBILITY;NOT_USPS_VALIDITY;NO_INVENTORY
24931,ZCTA_NEAREST_ACTIVE_OUTLET,WV0085,002,9.596,ZCTA_NN;R6371;TIE_FIRST_LEX,ZCTA_NN_HAVERSINE;NOT_ELIGIBILITY;NOT_USPS_VALIDITY;NO_INVENTORY
24934,ZCTA_NEAREST_ACTIVE_OUTLET,WV0096,006,11.407,ZCTA_NN;R6371;TIE_FIRST_LEX,ZCTA_NN_HAVERSINE;NOT_ELIGIBILITY;NOT_USPS_VALIDITY;NO_INVENTORY
24935,ZCTA_NEAREST_ACTIVE_OUTLET,WV0097,002,14.161,ZCTA_NN;R6371;TIE_FIRST_LEX,ZCTA_NN_HAVERSINE;NOT_ELIGIBILITY;NOT_USPS_VALIDITY;NO_INVENTORY
24938,ZCTA_NEAREST_ACTIVE_OUTLET,WV0082,002,16.015,ZCTA_NN;R6371;TIE_FIRST_LEX,ZCTA_NN_HAVERSINE;NOT_ELIGIBILITY;NOT_USPS_VALIDITY;NO_INVENTORY
24941,ZCTA_NEAREST_ACTIVE_OUTLET,WV0091,002,19.544,ZCTA_NN;R6371;TIE_FIRST_LEX,ZCTA_NN_HAVERSINE;NOT_ELIGIBILITY;NOT_USPS_VALIDITY;NO_INVENTORY
24943,ZCTA_NEAREST_ACTIVE_OUTLET,WV0078,005,10.937,ZCTA_NN;R6371;TIE_FIRST_LEX,ZCTA_NN_HAVERSINE;NOT_ELIGIBILITY;NOT_USPS_VALIDITY;NO_INVENTORY
24944,EXACT_IMLS_OUTLET_ZIP,WV0096,006,,EXACT_OUTLET;TIE_FSCSKEY_SEQ,EXACT_OUTLET;NOT_USPS_VALIDITY;NO_INVENTORY
24945,ZCTA_NEAREST_ACTIVE_OUTLET,WV0092,002,15.128,ZCTA_NN;R6371;TIE_FIRST_LEX,ZCTA_NN_HAVERSINE;NOT_ELIGIBILITY;NOT_USPS_VALIDITY;NO_INVENTORY
24946,EXACT_IMLS_OUTLET_ZIP,WV0096,002,,EXACT_OUTLET;TIE_FSCSKEY_SEQ,EXACT_OUTLET;NOT_USPS_VALIDITY;NO_INVENTORY
24951,ZCTA_NEAREST_ACTIVE_OUTLET,WV0091,002,12.547,ZCTA_NN;R6371;TIE_FIRST_LEX,ZCTA_NN_HAVERSINE;NOT_ELIGIBILITY;NOT_USPS_VALIDITY;NO_INVENTORY
24954,EXACT_IMLS_OUTLET_ZIP,WV0096,007,,EXACT_OUTLET;TIE_FSCSKEY_SEQ,EXACT_OUTLET;NOT_USPS_VALIDITY;NO_INVENTORY
24957,ZCTA_NEAREST_ACTIVE_OUTLET,WV0082,002,11.335,ZCTA_NN;R6371;TIE_FIRST_LEX,ZCTA_NN_HAVERSINE;NOT_ELIGIBILITY;NOT_USPS_VALIDITY;NO_INVENTORY
24962,ZCTA_NEAREST_ACTIVE_OUTLET,WV0081,002,10.148,ZCTA_NN;R6371;TIE_FIRST_LEX,ZCTA_NN_HAVERSINE;NOT_ELIGIBILITY;NOT_USPS_VALIDITY;NO_INVENTORY
24963,EXACT_IMLS_OUTLET_ZIP,WV0092,002,,EXACT_OUTLET;TIE_FSCSKEY_SEQ,EXACT_OUTLET;NOT_USPS_VALIDITY;NO_INVENTORY
24966,ZCTA_NEAREST_ACTIVE_OUTLET,WV0096,002,17.880,ZCTA_NN;R6371;TIE_FIRST_LEX,ZCTA_NN_HAVERSINE;NOT_ELIGIBILITY;NOT_USPS_VALIDITY;NO_INVENTORY
24970,EXACT_IMLS_OUTLET_ZIP,WV0084,002,,EXACT_OUTLET;TIE_FSCSKEY_SEQ,EXACT_OUTLET;NOT_USPS_VALIDITY;NO_INVENTORY
24974,ZCTA_NEAREST_ACTIVE_OUTLET,WV0091,002,10.365,ZCTA_NN;R6371;TIE_FIRST_LEX,ZCTA_NN_HAVERSINE;NOT_ELIGIBILITY;NOT_USPS_VALIDITY;NO_INVENTORY
24976,ZCTA_NEAREST_ACTIVE_OUTLET,WV0091,002,8.129,ZCTA_NN;R6371;TIE_FIRST_LEX,ZCTA_NN_HAVERSINE;NOT_ELIGIBILITY;NOT_USPS_VALIDITY;NO_INVENTORY
24977,ZCTA_NEAREST_ACTIVE_OUTLET,WV0085,002,7.256,ZCTA_NN;R6371;TIE_FIRST_LEX,ZCTA_NN_HAVERSINE;NOT_ELIGIBILITY;NOT_USPS_VALIDITY;NO_INVENTORY
24981,ZCTA_NEAREST_ACTIVE_OUTLET,WV0081,002,13.614,ZCTA_NN;R6371;TIE_FIRST_LEX,ZCTA_NN_HAVERSINE;NOT_ELIGIBILITY;NOT_USPS_VALIDITY;NO_INVENTORY
24983,EXACT_IMLS_OUTLET_ZIP,WV0091,002,,EXACT_OUTLET;TIE_FSCSKEY_SEQ,EXACT_OUTLET;NOT_USPS_VALIDITY;NO_INVENTORY
24984,ZCTA_NEAREST_ACTIVE_OUTLET,WV0091,002,16.191,ZCTA_NN;R6371;TIE_FIRST_LEX,ZCTA_NN_HAVERSINE;NOT_ELIGIBILITY;NOT_USPS_VALIDITY;NO_INVENTORY
24985,ZCTA_NEAREST_ACTIVE_OUTLET,WV0091,002,14.761,ZCTA_NN;R6371;TIE_FIRST_LEX,ZCTA_NN_HAVERSINE;NOT_ELIGIBILITY;NOT_USPS_VALIDITY;NO_INVENTORY
24986,EXACT_IMLS_OUTLET_ZIP,WV0086,002,,EXACT_OUTLET;TIE_FSCSKEY_SEQ,EXACT_OUTLET;NOT_USPS_VALIDITY;NO_INVENTORY
24991,ZCTA_NEAREST_ACTIVE_OUTLET,WV0085,002,18.668,ZCTA_NN;R6371;TIE_FIRST_LEX,ZCTA_NN_HAVERSINE;NOT_ELIGIBILITY;NOT_USPS_VALIDITY;NO_INVENTORY
24993,ZCTA_NEAREST_ACTIVE_OUTLET,WV0081,002,7.404,ZCTA_NN;R6371;TIE_FIRST_LEX,ZCTA_NN_HAVERSINE;NOT_ELIGIBILITY;NOT_USPS_VALIDITY;NO_INVENTORY
25002,ZCTA_NEAREST_ACTIVE_OUTLET,WV0078,007,8.221,ZCTA_NN;R6371;TIE_FIRST_LEX,ZCTA_NN_HAVERSINE;NOT_ELIGIBILITY;NOT_USPS_VALIDITY;NO_INVENTORY
25003,EXACT_IMLS_OUTLET_ZIP,WV0088,004,,EXACT_OUTLET;TIE_FSCSKEY_SEQ,EXACT_OUTLET;NOT_USPS_VALIDITY;NO_INVENTORY
25005,ZCTA_NEAREST_ACTIVE_OUTLET,WV0014,005,1.737,ZCTA_NN;R6371;TIE_FIRST_LEX,ZCTA_NN_HAVERSINE;NOT_ELIGIBILITY;NOT_USPS_VALIDITY;NO_INVENTORY
25007,ZCTA_NEAREST_ACTIVE_OUTLET,WV0077,005,19.589,ZCTA_NN;R6371;TIE_FIRST_LEX,ZCTA_NN_HAVERSINE;NOT_ELIGIBILITY;NOT_USPS_VALIDITY;NO_INVENTORY
25008,ZCTA_NEAREST_ACTIVE_OUTLET,WV0078,008,16.831,ZCTA_NN;R6371;TIE_FIRST_LEX,ZCTA_NN_HAVERSINE;NOT_ELIGIBILITY;NOT_USPS_VALIDITY;NO_INVENTORY
25009,ZCTA_NEAREST_ACTIVE_OUTLET,WV0077,004,7.809,ZCTA_NN;R6371;TIE_FIRST_LEX,ZCTA_NN_HAVERSINE;NOT_ELIGIBILITY;NOT_USPS_VALIDITY;NO_INVENTORY
25011,ZCTA_NEAREST_ACTIVE_OUTLET,WV0007,006,4.666,ZCTA_NN;R6371;TIE_FIRST_LEX,ZCTA_NN_HAVERSINE;NOT_ELIGIBILITY;NOT_USPS_VALIDITY;NO_INVENTORY
25015,EXACT_IMLS_OUTLET_ZIP,WV0009,011,,EXACT_OUTLET;TIE_FSCSKEY_SEQ,EXACT_OUTLET;NOT_USPS_VALIDITY;NO_INVENTORY
25019,ZCTA_NEAREST_ACTIVE_OUTLET,WV0016,002,12.262,ZCTA_NN;R6371;TIE_FIRST_LEX,ZCTA_NN_HAVERSINE;NOT_ELIGIBILITY;NOT_USPS_VALIDITY;NO_INVENTORY
25021,ZCTA_NEAREST_ACTIVE_OUTLET,WV0077,003,4.282,ZCTA_NN;R6371;TIE_FIRST_LEX,ZCTA_NN_HAVERSINE;NOT_ELIGIBILITY;NOT_USPS_VALIDITY;NO_INVENTORY
25022,ZCTA_NEAREST_ACTIVE_OUTLET,WV0077,003,12.162,ZCTA_NN;R6371;TIE_FIRST_LEX,ZCTA_NN_HAVERSINE;NOT_ELIGIBILITY;NOT_USPS_VALIDITY;NO_INVENTORY
25024,ZCTA_NEAREST_ACTIVE_OUTLET,WV0077,004,2.945,ZCTA_NN;R6371;TIE_FIRST_LEX,ZCTA_NN_HAVERSINE;NOT_ELIGIBILITY;NOT_USPS_VALIDITY;NO_INVENTORY
25025,ZCTA_NEAREST_ACTIVE_OUTLET,WV0009,006,9.694,ZCTA_NN;R6371;TIE_FIRST_LEX,ZCTA_NN_HAVERSINE;NOT_ELIGIBILITY;NOT_USPS_VALIDITY;NO_INVENTORY
25028,ZCTA_NEAREST_ACTIVE_OUTLET,WV0077,003,9.973,ZCTA_NN;R6371;TIE_FIRST_LEX,ZCTA_NN_HAVERSINE;NOT_ELIGIBILITY;NOT_USPS_VALIDITY;NO_INVENTORY
25030,ZCTA_NEAREST_ACTIVE_OUTLET,WV0009,010,11.224,ZCTA_NN;R6371;TIE_FIRST_LEX,ZCTA_NN_HAVERSINE;NOT_ELIGIBILITY;NOT_USPS_VALIDITY;NO_INVENTORY
25031,ZCTA_NEAREST_ACTIVE_OUTLET,WV0078,007,5.574,ZCTA_NN;R6371;TIE_FIRST_LEX,ZCTA_NN_HAVERSINE;NOT_ELIGIBILITY;NOT_USPS_VALIDITY;NO_INVENTORY
25033,EXACT_IMLS_OUTLET_ZIP,WV0007,004,,EXACT_OUTLET;TIE_FSCSKEY_SEQ,EXACT_OUTLET;NOT_USPS_VALIDITY;NO_INVENTORY
25035,ZCTA_NEAREST_ACTIVE_OUTLET,WV0009,011,4.809,ZCTA_NN;R6371;TIE_FIRST_LEX,ZCTA_NN_HAVERSINE;NOT_ELIGIBILITY;NOT_USPS_VALIDITY;NO_INVENTORY
25036,ZCTA_NEAREST_ACTIVE_OUTLET,WV0078,007,4.441,ZCTA_NN;R6371;TIE_FIRST_LEX,ZCTA_NN_HAVERSINE;NOT_ELIGIBILITY;NOT_USPS_VALIDITY;NO_INVENTORY
25039,ZCTA_NEAREST_ACTIVE_OUTLET,WV0009,006,6.756,ZCTA_NN;R6371;TIE_FIRST_LEX,ZCTA_NN_HAVERSINE;NOT_ELIGIBILITY;NOT_USPS_VALIDITY;NO_INVENTORY
25040,ZCTA_NEAREST_ACTIVE_OUTLET,WV0078,007,8.320,ZCTA_NN;R6371;TIE_FIRST_LEX,ZCTA_NN_HAVERSINE;NOT_ELIGIBILITY;NOT_USPS_VALIDITY;NO_INVENTORY
25043,EXACT_IMLS_OUTLET_ZIP,WV0016,002,,EXACT_OUTLET;TIE_FSCSKEY_SEQ,EXACT_OUTLET;NOT_USPS_VALIDITY;NO_INVENTORY
25044,ZCTA_NEAREST_ACTIVE_OUTLET,WV0078,008,12.821,ZCTA_NN;R6371;TIE_FIRST_LEX,ZCTA_NN_HAVERSINE;NOT_ELIGIBILITY;NOT_USPS_VALIDITY;NO_INVENTORY
25045,EXACT_IMLS_OUTLET_ZIP,WV0009,010,,EXACT_OUTLET;TIE_FSCSKEY_SEQ,EXACT_OUTLET;NOT_USPS_VALIDITY;NO_INVENTORY
25047,ZCTA_NEAREST_ACTIVE_OUTLET,WV0077,003,10.264,ZCTA_NN;R6371;TIE_FIRST_LEX,ZCTA_NN_HAVERSINE;NOT_ELIGIBILITY;NOT_USPS_VALIDITY;NO_INVENTORY
25048,ZCTA_NEAREST_ACTIVE_OUTLET,WV0077,005,9.843,ZCTA_NN;R6371;TIE_FIRST_LEX,ZCTA_NN_HAVERSINE;NOT_ELIGIBILITY;NOT_USPS_VALIDITY;NO_INVENTORY
25049,ZCTA_NEAREST_ACTIVE_OUTLET,WV0077,004,8.229,ZCTA_NN;R6371;TIE_FIRST_LEX,ZCTA_NN_HAVERSINE;NOT_ELIGIBILITY;NOT_USPS_VALIDITY;NO_INVENTORY
25051,ZCTA_NEAREST_ACTIVE_OUTLET,WV0077,004,5.828,ZCTA_NN;R6371;TIE_FIRST_LEX,ZCTA_NN_HAVERSINE;NOT_ELIGIBILITY;NOT_USPS_VALIDITY;NO_INVENTORY
25053,ZCTA_NEAREST_ACTIVE_OUTLET,WV0077,002,5.817,ZCTA_NN;R6371;TIE_FIRST_LEX,ZCTA_NN_HAVERSINE;NOT_ELIGIBILITY;NOT_USPS_VALIDITY;NO_INVENTORY
25054,ZCTA_NEAREST_ACTIVE_OUTLET,WV0009,006,10.539,ZCTA_NN;R6371;TIE_FIRST_LEX,ZCTA_NN_HAVERSINE;NOT_ELIGIBILITY;NOT_USPS_VALIDITY;NO_INVENTORY
25057,ZCTA_NEAREST_ACTIVE_OUTLET,WV0078,003,11.334,ZCTA_NN;R6371;TIE_FIRST_LEX,ZCTA_NN_HAVERSINE;NOT_ELIGIBILITY;NOT_USPS_VALIDITY;NO_INVENTORY
25059,ZCTA_NEAREST_ACTIVE_OUTLET,WV0078,007,11.009,ZCTA_NN;R6371;TIE_FIRST_LEX,ZCTA_NN_HAVERSINE;NOT_ELIGIBILITY;NOT_USPS_VALIDITY;NO_INVENTORY
25060,ZCTA_NEAREST_ACTIVE_OUTLET,WV0077,005,5.561,ZCTA_NN;R6371;TIE_FIRST_LEX,ZCTA_NN_HAVERSINE;NOT_ELIGIBILITY;NOT_USPS_VALIDITY;NO_INVENTORY
25061,ZCTA_NEAREST_ACTIVE_OUTLET,WV0009,006,4.250,ZCTA_NN;R6371;TIE_FIRST_LEX,ZCTA_NN_HAVERSINE;NOT_ELIGIBILITY;NOT_USPS_VALIDITY;NO_INVENTORY
25062,ZCTA_NEAREST_ACTIVE_OUTLET,WV0077,005,13.952,ZCTA_NN;R6371;TIE_FIRST_LEX,ZCTA_NN_HAVERSINE;NOT_ELIGIBILITY;NOT_USPS_VALIDITY;NO_INVENTORY
25063,ZCTA_NEAREST_ACTIVE_OUTLET,WV0037,002,16.960,ZCTA_NN;R6371;TIE_FIRST_LEX,ZCTA_NN_HAVERSINE;NOT_ELIGIBILITY;NOT_USPS_VALIDITY;NO_INVENTORY
25064,EXACT_IMLS_OUTLET_ZIP,WV0009,004,,EXACT_OUTLET;TIE_FSCSKEY_SEQ,EXACT_OUTLET;NOT_USPS_VALIDITY;NO_INVENTORY
25067,ZCTA_NEAREST_ACTIVE_OUTLET,WV0009,006,1.605,ZCTA_NN;R6371;TIE_FIRST_LEX,ZCTA_NN_HAVERSINE;NOT_ELIGIBILITY;NOT_USPS_VALIDITY;NO_INVENTORY
25070,EXACT_IMLS_OUTLET_ZIP,WV0007,005,,EXACT_OUTLET;TIE_FSCSKEY_SEQ,EXACT_OUTLET;NOT_USPS_VALIDITY;NO_INVENTORY
25071,EXACT_IMLS_OUTLET_ZIP,WV0009,005,,EXACT_OUTLET;TIE_FSCSKEY_SEQ,EXACT_OUTLET;NOT_USPS_VALIDITY;NO_INVENTORY
25075,ZCTA_NEAREST_ACTIVE_OUTLET,WV0078,007,14.519,ZCTA_NN;R6371;TIE_FIRST_LEX,ZCTA_NN_HAVERSINE;NOT_ELIGIBILITY;NOT_USPS_VALIDITY;NO_INVENTORY
25076,ZCTA_NEAREST_ACTIVE_OUTLET,WV8006,001,5.542,ZCTA_NN;R6371;TIE_FIRST_LEX,ZCTA_NN_HAVERSINE;NOT_ELIGIBILITY;NOT_USPS_VALIDITY;NO_INVENTORY
25081,ZCTA_NEAREST_ACTIVE_OUTLET,WV0077,002,4.980,ZCTA_NN;R6371;TIE_FIRST_LEX,ZCTA_NN_HAVERSINE;NOT_ELIGIBILITY;NOT_USPS_VALIDITY;NO_INVENTORY
25082,ZCTA_NEAREST_ACTIVE_OUTLET,WV0007,004,3.606,ZCTA_NN;R6371;TIE_FIRST_LEX,ZCTA_NN_HAVERSINE;NOT_ELIGIBILITY;NOT_USPS_VALIDITY;NO_INVENTORY
25083,ZCTA_NEAREST_ACTIVE_OUTLET,WV0078,007,13.156,ZCTA_NN;R6371;TIE_FIRST_LEX,ZCTA_NN_HAVERSINE;NOT_ELIGIBILITY;NOT_USPS_VALIDITY;NO_INVENTORY
25085,ZCTA_NEAREST_ACTIVE_OUTLET,WV0078,003,6.465,ZCTA_NN;R6371;TIE_FIRST_LEX,ZCTA_NN_HAVERSINE;NOT_ELIGIBILITY;NOT_USPS_VALIDITY;NO_INVENTORY
25086,EXACT_IMLS_OUTLET_ZIP,WV0009,006,,EXACT_OUTLET;TIE_FSCSKEY_SEQ,EXACT_OUTLET;NOT_USPS_VALIDITY;NO_INVENTORY
25088,ZCTA_NEAREST_ACTIVE_OUTLET,WV0016,002,13.411,ZCTA_NN;R6371;TIE_FIRST_LEX,ZCTA_NN_HAVERSINE;NOT_ELIGIBILITY;NOT_USPS_VALIDITY;NO_INVENTORY
25090,ZCTA_NEAREST_ACTIVE_OUTLET,WV0078,007,9.341,ZCTA_NN;R6371;TIE_FIRST_LEX,ZCTA_NN_HAVERSINE;NOT_ELIGIBILITY;NOT_USPS_VALIDITY;NO_INVENTORY
25093,ZCTA_NEAREST_ACTIVE_OUTLET,WV0077,003,7.827,ZCTA_NN;R6371;TIE_FIRST_LEX,ZCTA_NN_HAVERSINE;NOT_ELIGIBILITY;NOT_USPS_VALIDITY;NO_INVENTORY
25102,ZCTA_NEAREST_ACTIVE_OUTLET,WV0078,007,3.233,ZCTA_NN;R6371;TIE_FIRST_LEX,ZCTA_NN_HAVERSINE;NOT_ELIGIBILITY;NOT_USPS_VALIDITY;NO_INVENTORY
25103,ZCTA_NEAREST_ACTIVE_OUTLET,WV0078,007,5.169,ZCTA_NN;R6371;TIE_FIRST_LEX,ZCTA_NN_HAVERSINE;NOT_ELIGIBILITY;NOT_USPS_VALIDITY;NO_INVENTORY
25106,ZCTA_NEAREST_ACTIVE_OUTLET,WV0073,002,9.798,ZCTA_NN;R6371;TIE_FIRST_LEX,ZCTA_NN_HAVERSINE;NOT_ELIGIBILITY;NOT_USPS_VALIDITY;NO_INVENTORY
25107,ZCTA_NEAREST_ACTIVE_OUTLET,WV0009,008,9.460,ZCTA_NN;R6371;TIE_FIRST_LEX,ZCTA_NN_HAVERSINE;NOT_ELIGIBILITY;NOT_USPS_VALIDITY;NO_INVENTORY
25108,ZCTA_NEAREST_ACTIVE_OUTLET,WV0077,002,12.320,ZCTA_NN;R6371;TIE_FIRST_LEX,ZCTA_NN_HAVERSINE;NOT_ELIGIBILITY;NOT_USPS_VALIDITY;NO_INVENTORY
25109,ZCTA_NEAREST_ACTIVE_OUTLET,WV0007,005,5.905,ZCTA_NN;R6371;TIE_FIRST_LEX,ZCTA_NN_HAVERSINE;NOT_ELIGIBILITY;NOT_USPS_VALIDITY;NO_INVENTORY
25110,ZCTA_NEAREST_ACTIVE_OUTLET,WV0078,007,2.840,ZCTA_NN;R6371;TIE_FIRST_LEX,ZCTA_NN_HAVERSINE;NOT_ELIGIBILITY;NOT_USPS_VALIDITY;NO_INVENTORY
25111,ZCTA_NEAREST_ACTIVE_OUTLET,WV0016,002,12.903,ZCTA_NN;R6371;TIE_FIRST_LEX,ZCTA_NN_HAVERSINE;NOT_ELIGIBILITY;NOT_USPS_VALIDITY;NO_INVENTORY
25112,ZCTA_NEAREST_ACTIVE_OUTLET,WV0009,004,3.342,ZCTA_NN;R6371;TIE_FIRST_LEX,ZCTA_NN_HAVERSINE;NOT_ELIGIBILITY;NOT_USPS_VALIDITY;NO_INVENTORY
25113,ZCTA_NEAREST_ACTIVE_OUTLET,WV0016,002,10.674,ZCTA_NN;R6371;TIE_FIRST_LEX,ZCTA_NN_HAVERSINE;NOT_ELIGIBILITY;NOT_USPS_VALIDITY;NO_INVENTORY
25114,ZCTA_NEAREST_ACTIVE_OUTLET,WV0077,002,9.107,ZCTA_NN;R6371;TIE_FIRST_LEX,ZCTA_NN_HAVERSINE;NOT_ELIGIBILITY;NOT_USPS_VALIDITY;NO_INVENTORY
25115,ZCTA_NEAREST_ACTIVE_OUTLET,WV0078,003,7.503,ZCTA_NN;R6371;TIE_FIRST_LEX,ZCTA_NN_HAVERSINE;NOT_ELIGIBILITY;NOT_USPS_VALIDITY;NO_INVENTORY
25118,ZCTA_NEAREST_ACTIVE_OUTLET,WV0078,007,7.085,ZCTA_NN;R6371;TIE_FIRST_LEX,ZCTA_NN_HAVERSINE;NOT_ELIGIBILITY;NOT_USPS_VALIDITY;NO_INVENTORY
25119,ZCTA_NEAREST_ACTIVE_OUTLET,WV0078,009,11.089,ZCTA_NN;R6371;TIE_FIRST_LEX,ZCTA_NN_HAVERSINE;NOT_ELIGIBILITY;NOT_USPS_VALIDITY;NO_INVENTORY
25121,ZCTA_NEAREST_ACTIVE_OUTLET,WV8006,001,11.647,ZCTA_NN;R6371;TIE_FIRST_LEX,ZCTA_NN_HAVERSINE;NOT_ELIGIBILITY;NOT_USPS_VALIDITY;NO_INVENTORY
25123,ZCTA_NEAREST_ACTIVE_OUTLET,WV0007,004,15.635,ZCTA_NN;R6371;TIE_FIRST_LEX,ZCTA_NN_HAVERSINE;NOT_ELIGIBILITY;NOT_USPS_VALIDITY;NO_INVENTORY
25124,ZCTA_NEAREST_ACTIVE_OUTLET,WV0007,006,16.704,ZCTA_NN;R6371;TIE_FIRST_LEX,ZCTA_NN_HAVERSINE;NOT_ELIGIBILITY;NOT_USPS_VALIDITY;NO_INVENTORY
25125,ZCTA_NEAREST_ACTIVE_OUTLET,WV0078,007,17.114,ZCTA_NN;R6371;TIE_FIRST_LEX,ZCTA_NN_HAVERSINE;NOT_ELIGIBILITY;NOT_USPS_VALIDITY;NO_INVENTORY
25126,ZCTA_NEAREST_ACTIVE_OUTLET,WV0078,007,3.213,ZCTA_NN;R6371;TIE_FIRST_LEX,ZCTA_NN_HAVERSINE;NOT_ELIGIBILITY;NOT_USPS_VALIDITY;NO_INVENTORY
25130,EXACT_IMLS_OUTLET_ZIP,WV0077,002,,EXACT_OUTLET;TIE_FSCSKEY_SEQ,EXACT_OUTLET;NOT_USPS_VALIDITY;NO_INVENTORY
25132,ZCTA_NEAREST_ACTIVE_OUTLET,WV0009,006,12.005,ZCTA_NN;R6371;TIE_FIRST_LEX,ZCTA_NN_HAVERSINE;NOT_ELIGIBILITY;NOT_USPS_VALIDITY;NO_INVENTORY
25133,ZCTA_NEAREST_ACTIVE_OUTLET,WV0016,002,2.695,ZCTA_NN;R6371;TIE_FIRST_LEX,ZCTA_NN_HAVERSINE;NOT_ELIGIBILITY;NOT_USPS_VALIDITY;NO_INVENTORY
25134,ZCTA_NEAREST_ACTIVE_OUTLET,WV0009,011,6.435,ZCTA_NN;R6371;TIE_FIRST_LEX,ZCTA_NN_HAVERSINE;NOT_ELIGIBILITY;NOT_USPS_VALIDITY;NO_INVENTORY
25136,EXACT_IMLS_OUTLET_ZIP,WV0078,007,,EXACT_OUTLET;TIE_FSCSKEY_SEQ,EXACT_OUTLET;NOT_USPS_VALIDITY;NO_INVENTORY
25139,ZCTA_NEAREST_ACTIVE_OUTLET,WV0078,007,9.168,ZCTA_NN;R6371;TIE_FIRST_LEX,ZCTA_NN_HAVERSINE;NOT_ELIGIBILITY;NOT_USPS_VALIDITY;NO_INVENTORY
25140,ZCTA_NEAREST_ACTIVE_OUTLET,WV0077,003,15.015,ZCTA_NN;R6371;TIE_FIRST_LEX,ZCTA_NN_HAVERSINE;NOT_ELIGIBILITY;NOT_USPS_VALIDITY;NO_INVENTORY
25141,ZCTA_NEAREST_ACTIVE_OUTLET,WV0014,005,19.559,ZCTA_NN;R6371;TIE_FIRST_LEX,ZCTA_NN_HAVERSINE;NOT_ELIGIBILITY;NOT_USPS_VALIDITY;NO_INVENTORY
25142,ZCTA_NEAREST_ACTIVE_OUTLET,WV0077,004,7.890,ZCTA_NN;R6371;TIE_FIRST_LEX,ZCTA_NN_HAVERSINE;NOT_ELIGIBILITY;NOT_USPS_VALIDITY;NO_INVENTORY
25143,EXACT_IMLS_OUTLET_ZIP,WV0011,002,,EXACT_OUTLET;TIE_FSCSKEY_SEQ,EXACT_OUTLET;NOT_USPS_VALIDITY;NO_INVENTORY
25148,ZCTA_NEAREST_ACTIVE_OUTLET,WV0077,005,5.058,ZCTA_NN;R6371;TIE_FIRST_LEX,ZCTA_NN_HAVERSINE;NOT_ELIGIBILITY;NOT_USPS_VALIDITY;NO_INVENTORY
25149,ZCTA_NEAREST_ACTIVE_OUTLET,WV0077,003,12.496,ZCTA_NN;R6371;TIE_FIRST_LEX,ZCTA_NN_HAVERSINE;NOT_ELIGIBILITY;NOT_USPS_VALIDITY;NO_INVENTORY
25152,ZCTA_NEAREST_ACTIVE_OUTLET,WV0078,009,11.156,ZCTA_NN;R6371;TIE_FIRST_LEX,ZCTA_NN_HAVERSINE;NOT_ELIGIBILITY;NOT_USPS_VALIDITY;NO_INVENTORY
25154,ZCTA_NEAREST_ACTIVE_OUTLET,WV0077,004,6.074,ZCTA_NN;R6371;TIE_FIRST_LEX,ZCTA_NN_HAVERSINE;NOT_ELIGIBILITY;NOT_USPS_VALIDITY;NO_INVENTORY
25156,ZCTA_NEAREST_ACTIVE_OUTLET,WV0009,005,5.328,ZCTA_NN;R6371;TIE_FIRST_LEX,ZCTA_NN_HAVERSINE;NOT_ELIGIBILITY;NOT_USPS_VALIDITY;NO_INVENTORY
25159,EXACT_IMLS_OUTLET_ZIP,WV0007,006,,EXACT_OUTLET;TIE_FSCSKEY_SEQ,EXACT_OUTLET;NOT_USPS_VALIDITY;NO_INVENTORY
25160,ZCTA_NEAREST_ACTIVE_OUTLET,WV0078,007,16.433,ZCTA_NN;R6371;TIE_FIRST_LEX,ZCTA_NN_HAVERSINE;NOT_ELIGIBILITY;NOT_USPS_VALIDITY;NO_INVENTORY
25161,ZCTA_NEAREST_ACTIVE_OUTLET,WV0078,007,14.429,ZCTA_NN;R6371;TIE_FIRST_LEX,ZCTA_NN_HAVERSINE;NOT_ELIGIBILITY;NOT_USPS_VALIDITY;NO_INVENTORY
25162,ZCTA_NEAREST_ACTIVE_OUTLET,WV0009,006,3.883,ZCTA_NN;R6371;TIE_FIRST_LEX,ZCTA_NN_HAVERSINE;NOT_ELIGIBILITY;NOT_USPS_VALIDITY;NO_INVENTORY
25164,ZCTA_NEAREST_ACTIVE_OUTLET,WV0016,002,12.434,ZCTA_NN;R6371;TIE_FIRST_LEX,ZCTA_NN_HAVERSINE;NOT_ELIGIBILITY;NOT_USPS_VALIDITY;NO_INVENTORY
25165,EXACT_IMLS_OUTLET_ZIP,WV0077,004,,EXACT_OUTLET;TIE_FSCSKEY_SEQ,EXACT_OUTLET;NOT_USPS_VALIDITY;NO_INVENTORY
25168,ZCTA_NEAREST_ACTIVE_OUTLET,WV0007,005,4.986,ZCTA_NN;R6371;TIE_FIRST_LEX,ZCTA_NN_HAVERSINE;NOT_ELIGIBILITY;NOT_USPS_VALIDITY;NO_INVENTORY
25169,ZCTA_NEAREST_ACTIVE_OUTLET,WV0077,002,9.547,ZCTA_NN;R6371;TIE_FIRST_LEX,ZCTA_NN_HAVERSINE;NOT_ELIGIBILITY;NOT_USPS_VALIDITY;NO_INVENTORY
25173,ZCTA_NEAREST_ACTIVE_OUTLET,WV0078,004,9.471,ZCTA_NN;R6371;TIE_FIRST_LEX,ZCTA_NN_HAVERSINE;NOT_ELIGIBILITY;NOT_USPS_VALIDITY;NO_INVENTORY
25174,ZCTA_NEAREST_ACTIVE_OUTLET,WV0077,005,16.782,ZCTA_NN;R6371;TIE_FIRST_LEX,ZCTA_NN_HAVERSINE;NOT_ELIGIBILITY;NOT_USPS_VALIDITY;NO_INVENTORY
25177,EXACT_IMLS_OUTLET_ZIP,WV0009,009,,EXACT_OUTLET;TIE_FSCSKEY_SEQ,EXACT_OUTLET;NOT_USPS_VALIDITY;NO_INVENTORY
25180,ZCTA_NEAREST_ACTIVE_OUTLET,WV0001,004,18.568,ZCTA_NN;R6371;TIE_FIRST_LEX,ZCTA_NN_HAVERSINE;NOT_ELIGIBILITY;NOT_USPS_VALIDITY;NO_INVENTORY
25181,ZCTA_NEAREST_ACTIVE_OUTLET,WV0077,004,9.920,ZCTA_NN;R6371;TIE_FIRST_LEX,ZCTA_NN_HAVERSINE;NOT_ELIGIBILITY;NOT_USPS_VALIDITY;NO_INVENTORY
25183,ZCTA_NEAREST_ACTIVE_OUTLET,WV0077,003,11.934,ZCTA_NN;R6371;TIE_FIRST_LEX,ZCTA_NN_HAVERSINE;NOT_ELIGIBILITY;NOT_USPS_VALIDITY;NO_INVENTORY
25185,ZCTA_NEAREST_ACTIVE_OUTLET,WV0078,007,8.281,ZCTA_NN;R6371;TIE_FIRST_LEX,ZCTA_NN_HAVERSINE;NOT_ELIGIBILITY;NOT_USPS_VALIDITY;NO_INVENTORY
25186,ZCTA_NEAREST_ACTIVE_OUTLET,WV0078,007,2.340,ZCTA_NN;R6371;TIE_FIRST_LEX,ZCTA_NN_HAVERSINE;NOT_ELIGIBILITY;NOT_USPS_VALIDITY;NO_INVENTORY
25187,ZCTA_NEAREST_ACTIVE_OUTLET,WV0007,004,13.582,ZCTA_NN;R6371;TIE_FIRST_LEX,ZCTA_NN_HAVERSINE;NOT_ELIGIBILITY;NOT_USPS_VALIDITY;NO_INVENTORY
25193,ZCTA_NEAREST_ACTIVE_OUTLET,WV0077,005,4.266,ZCTA_NN;R6371;TIE_FIRST_LEX,ZCTA_NN_HAVERSINE;NOT_ELIGIBILITY;NOT_USPS_VALIDITY;NO_INVENTORY
25201,ZCTA_NEAREST_ACTIVE_OUTLET,WV0009,005,12.123,ZCTA_NN;R6371;TIE_FIRST_LEX,ZCTA_NN_HAVERSINE;NOT_ELIGIBILITY;NOT_USPS_VALIDITY;NO_INVENTORY
25202,ZCTA_NEAREST_ACTIVE_OUTLET,WV0088,004,5.828,ZCTA_NN;R6371;TIE_FIRST_LEX,ZCTA_NN_HAVERSINE;NOT_ELIGIBILITY;NOT_USPS_VALIDITY;NO_INVENTORY
25203,ZCTA_NEAREST_ACTIVE_OUTLET,WV0077,002,7.041,ZCTA_NN;R6371;TIE_FIRST_LEX,ZCTA_NN_HAVERSINE;NOT_ELIGIBILITY;NOT_USPS_VALIDITY;NO_INVENTORY
25204,ZCTA_NEAREST_ACTIVE_OUTLET,WV0077,003,5.139,ZCTA_NN;R6371;TIE_FIRST_LEX,ZCTA_NN_HAVERSINE;NOT_ELIGIBILITY;NOT_USPS_VALIDITY;NO_INVENTORY
25205,ZCTA_NEAREST_ACTIVE_OUTLET,WV0077,002,5.604,ZCTA_NN;R6371;TIE_FIRST_LEX,ZCTA_NN_HAVERSINE;NOT_ELIGIBILITY;NOT_USPS_VALIDITY;NO_INVENTORY
25206,ZCTA_NEAREST_ACTIVE_OUTLET,WV0077,003,8.326,ZCTA_NN;R6371;TIE_FIRST_LEX,ZCTA_NN_HAVERSINE;NOT_ELIGIBILITY;NOT_USPS_VALIDITY;NO_INVENTORY
25208,EXACT_IMLS_OUTLET_ZIP,WV0077,003,,EXACT_OUTLET;TIE_FSCSKEY_SEQ,EXACT_OUTLET;NOT_USPS_VALIDITY;NO_INVENTORY
25209,EXACT_IMLS_OUTLET_ZIP,WV0077,005,,EXACT_OUTLET;TIE_FSCSKEY_SEQ,EXACT_OUTLET;NOT_USPS_VALIDITY;NO_INVENTORY
25211,ZCTA_NEAREST_ACTIVE_OUTLET,WV0016,002,16.392,ZCTA_NN;R6371;TIE_FIRST_LEX,ZCTA_NN_HAVERSINE;NOT_ELIGIBILITY;NOT_USPS_VALIDITY;NO_INVENTORY
25213,ZCTA_NEAREST_ACTIVE_OUTLET,WV0007,005,2.917,ZCTA_NN;R6371;TIE_FIRST_LEX,ZCTA_NN_HAVERSINE;NOT_ELIGIBILITY;NOT_USPS_VALIDITY;NO_INVENTORY
25214,ZCTA_NEAREST_ACTIVE_OUTLET,WV0009,011,3.707,ZCTA_NN;R6371;TIE_FIRST_LEX,ZCTA_NN_HAVERSINE;NOT_ELIGIBILITY;NOT_USPS_VALIDITY;NO_INVENTORY
25231,ZCTA_NEAREST_ACTIVE_OUTLET,WV0009,012,16.264,ZCTA_NN;R6371;TIE_FIRST_LEX,ZCTA_NN_HAVERSINE;NOT_ELIGIBILITY;NOT_USPS_VALIDITY;NO_INVENTORY
25234,ZCTA_NEAREST_ACTIVE_OUTLET,WV0015,002,13.209,ZCTA_NN;R6371;TIE_FIRST_LEX,ZCTA_NN_HAVERSINE;NOT_ELIGIBILITY;NOT_USPS_VALIDITY;NO_INVENTORY
25235,ZCTA_NEAREST_ACTIVE_OUTLET,WV0014,005,14.636,ZCTA_NN;R6371;TIE_FIRST_LEX,ZCTA_NN_HAVERSINE;NOT_ELIGIBILITY;NOT_USPS_VALIDITY;NO_INVENTORY
25239,ZCTA_NEAREST_ACTIVE_OUTLET,WV0074,002,12.109,ZCTA_NN;R6371;TIE_FIRST_LEX,ZCTA_NN_HAVERSINE;NOT_ELIGIBILITY;NOT_USPS_VALIDITY;NO_INVENTORY
25241,ZCTA_NEAREST_ACTIVE_OUTLET,WV0074,002,9.225,ZCTA_NN;R6371;TIE_FIRST_LEX,ZCTA_NN_HAVERSINE;NOT_ELIGIBILITY;NOT_USPS_VALIDITY;NO_INVENTORY
25243,ZCTA_NEAREST_ACTIVE_OUTLET,WV0014,003,9.072,ZCTA_NN;R6371;TIE_FIRST_LEX,ZCTA_NN_HAVERSINE;NOT_ELIGIBILITY;NOT_USPS_VALIDITY;NO_INVENTORY
25244,ZCTA_NEAREST_ACTIVE_OUTLET,WV0074,002,16.151,ZCTA_NN;R6371;TIE_FIRST_LEX,ZCTA_NN_HAVERSINE;NOT_ELIGIBILITY;NOT_USPS_VALIDITY;NO_INVENTORY
25245,ZCTA_NEAREST_ACTIVE_OUTLET,WV0074,002,12.555,ZCTA_NN;R6371;TIE_FIRST_LEX,ZCTA_NN_HAVERSINE;NOT_ELIGIBILITY;NOT_USPS_VALIDITY;NO_INVENTORY
25247,ZCTA_NEAREST_ACTIVE_OUTLET,WV0073,004,2.043,ZCTA_NN;R6371;TIE_FIRST_LEX,ZCTA_NN_HAVERSINE;NOT_ELIGIBILITY;NOT_USPS_VALIDITY;NO_INVENTORY
25248,ZCTA_NEAREST_ACTIVE_OUTLET,WV0014,003,18.469,ZCTA_NN;R6371;TIE_FIRST_LEX,ZCTA_NN_HAVERSINE;NOT_ELIGIBILITY;NOT_USPS_VALIDITY;NO_INVENTORY
25251,EXACT_IMLS_OUTLET_ZIP,WV0014,005,,EXACT_OUTLET;TIE_FSCSKEY_SEQ,EXACT_OUTLET;NOT_USPS_VALIDITY;NO_INVENTORY
25252,ZCTA_NEAREST_ACTIVE_OUTLET,WV0074,002,16.548,ZCTA_NN;R6371;TIE_FIRST_LEX,ZCTA_NN_HAVERSINE;NOT_ELIGIBILITY;NOT_USPS_VALIDITY;NO_INVENTORY
25253,ZCTA_NEAREST_ACTIVE_OUTLET,OH0187,007,6.876,ZCTA_NN;R6371;TIE_FIRST_LEX,ZCTA_NN_HAVERSINE;NOT_ELIGIBILITY;NOT_USPS_VALIDITY;NO_INVENTORY
25259,ZCTA_NEAREST_ACTIVE_OUTLET,WV0014,005,6.246,ZCTA_NN;R6371;TIE_FIRST_LEX,ZCTA_NN_HAVERSINE;NOT_ELIGIBILITY;NOT_USPS_VALIDITY;NO_INVENTORY
25260,EXACT_IMLS_OUTLET_ZIP,WV0073,003,,EXACT_OUTLET;TIE_FSCSKEY_SEQ,EXACT_OUTLET;NOT_USPS_VALIDITY;NO_INVENTORY
25261,ZCTA_NEAREST_ACTIVE_OUTLET,WV0015,002,10.056,ZCTA_NN;R6371;TIE_FIRST_LEX,ZCTA_NN_HAVERSINE;NOT_ELIGIBILITY;NOT_USPS_VALIDITY;NO_INVENTORY
25262,ZCTA_NEAREST_ACTIVE_OUTLET,WV0074,003,7.948,ZCTA_NN;R6371;TIE_FIRST_LEX,ZCTA_NN_HAVERSINE;NOT_ELIGIBILITY;NOT_USPS_VALIDITY;NO_INVENTORY
25264,ZCTA_NEAREST_ACTIVE_OUTLET,OH0187,007,12.328,ZCTA_NN;R6371;TIE_FIRST_LEX,ZCTA_NN_HAVERSINE;NOT_ELIGIBILITY;NOT_USPS_VALIDITY;NO_INVENTORY
25265,EXACT_IMLS_OUTLET_ZIP,WV0073,004,,EXACT_OUTLET;TIE_FSCSKEY_SEQ,EXACT_OUTLET;NOT_USPS_VALIDITY;NO_INVENTORY
25266,ZCTA_NEAREST_ACTIVE_OUTLET,WV0014,005,7.687,ZCTA_NN;R6371;TIE_FIRST_LEX,ZCTA_NN_HAVERSINE;NOT_ELIGIBILITY;NOT_USPS_VALIDITY;NO_INVENTORY
25267,ZCTA_NEAREST_ACTIVE_OUTLET,WV0087,002,13.550,ZCTA_NN;R6371;TIE_FIRST_LEX,ZCTA_NN_HAVERSINE;NOT_ELIGIBILITY;NOT_USPS_VALIDITY;NO_INVENTORY
25268,ZCTA_NEAREST_ACTIVE_OUTLET,WV0014,005,16.368,ZCTA_NN;R6371;TIE_FIRST_LEX,ZCTA_NN_HAVERSINE;NOT_ELIGIBILITY;NOT_USPS_VALIDITY;NO_INVENTORY
25270,ZCTA_NEAREST_ACTIVE_OUTLET,WV0014,002,12.173,ZCTA_NN;R6371;TIE_FIRST_LEX,ZCTA_NN_HAVERSINE;NOT_ELIGIBILITY;NOT_USPS_VALIDITY;NO_INVENTORY
25271,EXACT_IMLS_OUTLET_ZIP,WV0074,002,,EXACT_OUTLET;TIE_FSCSKEY_SEQ,EXACT_OUTLET;NOT_USPS_VALIDITY;NO_INVENTORY
25275,ZCTA_NEAREST_ACTIVE_OUTLET,WV0074,003,12.557,ZCTA_NN;R6371;TIE_FIRST_LEX,ZCTA_NN_HAVERSINE;NOT_ELIGIBILITY;NOT_USPS_VALIDITY;NO_INVENTORY
25276,EXACT_IMLS_OUTLET_ZIP,WV0014,002,,EXACT_OUTLET;TIE_FSCSKEY_SEQ,EXACT_OUTLET;NOT_USPS_VALIDITY;NO_INVENTORY
25285,ZCTA_NEAREST_ACTIVE_OUTLET,WV0016,002,9.095,ZCTA_NN;R6371;TIE_FIRST_LEX,ZCTA_NN_HAVERSINE;NOT_ELIGIBILITY;NOT_USPS_VALIDITY;NO_INVENTORY
25286,EXACT_IMLS_OUTLET_ZIP,WV0014,003,,EXACT_OUTLET;TIE_FSCSKEY_SEQ,EXACT_OUTLET;NOT_USPS_VALIDITY;NO_INVENTORY
25287,ZCTA_NEAREST_ACTIVE_OUTLET,OH0187,003,4.440,ZCTA_NN;R6371;TIE_FIRST_LEX,ZCTA_NN_HAVERSINE;NOT_ELIGIBILITY;NOT_USPS_VALIDITY;NO_INVENTORY
25301,EXACT_IMLS_OUTLET_ZIP,WV0009,002,,EXACT_OUTLET;TIE_FSCSKEY_SEQ,EXACT_OUTLET;NOT_USPS_VALIDITY;NO_INVENTORY
25302,ZCTA_NEAREST_ACTIVE_OUTLET,WV0009,002,6.040,ZCTA_NN;R6371;TIE_FIRST_LEX,ZCTA_NN_HAVERSINE;NOT_ELIGIBILITY;NOT_USPS_VALIDITY;NO_INVENTORY
25303,EXACT_IMLS_OUTLET_ZIP,WV0012,002,,EXACT_OUTLET;TIE_FSCSKEY_SEQ,EXACT_OUTLET;NOT_USPS_VALIDITY;NO_INVENTORY
25304,ZCTA_NEAREST_ACTIVE_OUTLET,WV0009,002,6.335,ZCTA_NN;R6371;TIE_FIRST_LEX,ZCTA_NN_HAVERSINE;NOT_ELIGIBILITY;NOT_USPS_VALIDITY;NO_INVENTORY
25305,ZCTA_NEAREST_ACTIVE_OUTLET,WV0009,002,2.418,ZCTA_NN;R6371;TIE_FIRST_LEX,ZCTA_NN_HAVERSINE;NOT_ELIGIBILITY;NOT_USPS_VALIDITY;NO_INVENTORY
25306,ZCTA_NEAREST_ACTIVE_OUTLET,WV0009,008,9.544,ZCTA_NN;R6371;TIE_FIRST_LEX,ZCTA_NN_HAVERSINE;NOT_ELIGIBILITY;NOT_USPS_VALIDITY;NO_INVENTORY
25309,ZCTA_NEAREST_ACTIVE_OUTLET,WV0009,004,5.442,ZCTA_NN;R6371;TIE_FIRST_LEX,ZCTA_NN_HAVERSINE;NOT_ELIGIBILITY;NOT_USPS_VALIDITY;NO_INVENTORY
25311,ZCTA_NEAREST_ACTIVE_OUTLET,WV0009,002,7.101,ZCTA_NN;R6371;TIE_FIRST_LEX,ZCTA_NN_HAVERSINE;NOT_ELIGIBILITY;NOT_USPS_VALIDITY;NO_INVENTORY
25312,EXACT_IMLS_OUTLET_ZIP,WV0009,012,,EXACT_OUTLET;TIE_FSCSKEY_SEQ,EXACT_OUTLET;NOT_USPS_VALIDITY;NO_INVENTORY
25313,EXACT_IMLS_OUTLET_ZIP,WV0009,003,,EXACT_OUTLET;TIE_FSCSKEY_SEQ,EXACT_OUTLET;NOT_USPS_VALIDITY;NO_INVENTORY
25314,ZCTA_NEAREST_ACTIVE_OUTLET,WV0009,002,7.273,ZCTA_NN;R6371;TIE_FIRST_LEX,ZCTA_NN_HAVERSINE;NOT_ELIGIBILITY;NOT_USPS_VALIDITY;NO_INVENTORY
25315,EXACT_IMLS_OUTLET_ZIP,WV0009,008,,EXACT_OUTLET;TIE_FSCSKEY_SEQ,EXACT_OUTLET;NOT_USPS_VALIDITY;NO_INVENTORY
25317,OBSERVED_REFERENCE_INDIRECT_ONLY,,,,INDIRECT_IMLS_SC;NO_FABRICATED_NEAREST,INDIRECT_IMLS_SC;NO_FABRICATED_NEAREST;NOT_REJECTED;NOT_USPS_VALIDITY;NO_INVENTORY
25320,ZCTA_NEAREST_ACTIVE_OUTLET,WV0009,012,7.756,ZCTA_NN;R6371;TIE_FIRST_LEX,ZCTA_NN_HAVERSINE;NOT_ELIGIBILITY;NOT_USPS_VALIDITY;NO_INVENTORY
25321,OBSERVED_REFERENCE_INDIRECT_ONLY,,,,INDIRECT_IMLS_SC;NO_FABRICATED_NEAREST,INDIRECT_IMLS_SC;NO_FABRICATED_NEAREST;NOT_REJECTED;NOT_USPS_VALIDITY;NO_INVENTORY
25322,OBSERVED_REFERENCE_INDIRECT_ONLY,,,,INDIRECT_IMLS_SC;NO_FABRICATED_NEAREST,INDIRECT_IMLS_SC;NO_FABRICATED_NEAREST;NOT_REJECTED;NOT_USPS_VALIDITY;NO_INVENTORY
25325,OBSERVED_REFERENCE_INDIRECT_ONLY,,,,INDIRECT_IMLS_SC;NO_FABRICATED_NEAREST,INDIRECT_IMLS_SC;NO_FABRICATED_NEAREST;NOT_REJECTED;NOT_USPS_VALIDITY;NO_INVENTORY
25330,OBSERVED_REFERENCE_INDIRECT_ONLY,,,,INDIRECT_IMLS_SC;NO_FABRICATED_NEAREST,INDIRECT_IMLS_SC;NO_FABRICATED_NEAREST;NOT_REJECTED;NOT_USPS_VALIDITY;NO_INVENTORY
25339,OBSERVED_REFERENCE_INDIRECT_ONLY,,,,INDIRECT_IMLS_SC;NO_FABRICATED_NEAREST,INDIRECT_IMLS_SC;NO_FABRICATED_NEAREST;NOT_REJECTED;NOT_USPS_VALIDITY;NO_INVENTORY
25356,OBSERVED_REFERENCE_INDIRECT_ONLY,,,,INDIRECT_IMLS_SC;NO_FABRICATED_NEAREST,INDIRECT_IMLS_SC;NO_FABRICATED_NEAREST;NOT_REJECTED;NOT_USPS_VALIDITY;NO_INVENTORY
25360,OBSERVED_REFERENCE_INDIRECT_ONLY,,,,INDIRECT_IMLS_SC;NO_FABRICATED_NEAREST,INDIRECT_IMLS_SC;NO_FABRICATED_NEAREST;NOT_REJECTED;NOT_USPS_VALIDITY;NO_INVENTORY
25362,OBSERVED_REFERENCE_INDIRECT_ONLY,,,,INDIRECT_IMLS_SC;NO_FABRICATED_NEAREST,INDIRECT_IMLS_SC;NO_FABRICATED_NEAREST;NOT_REJECTED;NOT_USPS_VALIDITY;NO_INVENTORY
25364,OBSERVED_REFERENCE_INDIRECT_ONLY,,,,INDIRECT_IMLS_SC;NO_FABRICATED_NEAREST,INDIRECT_IMLS_SC;NO_FABRICATED_NEAREST;NOT_REJECTED;NOT_USPS_VALIDITY;NO_INVENTORY
25387,ZCTA_NEAREST_ACTIVE_OUTLET,WV0012,002,2.856,ZCTA_NN;R6371;TIE_FIRST_LEX,ZCTA_NN_HAVERSINE;NOT_ELIGIBILITY;NOT_USPS_VALIDITY;NO_INVENTORY
25389,OBSERVED_REFERENCE_INDIRECT_ONLY,,,,INDIRECT_IMLS_SC;NO_FABRICATED_NEAREST,INDIRECT_IMLS_SC;NO_FABRICATED_NEAREST;NOT_REJECTED;NOT_USPS_VALIDITY;NO_INVENTORY
25401,EXACT_IMLS_OUTLET_ZIP,WV0053,002,,EXACT_OUTLET;TIE_FSCSKEY_SEQ,EXACT_OUTLET;NOT_USPS_VALIDITY;NO_INVENTORY
25402,OBSERVED_REFERENCE_INDIRECT_ONLY,,,,INDIRECT_IMLS_SC;NO_FABRICATED_NEAREST,INDIRECT_IMLS_SC;NO_FABRICATED_NEAREST;NOT_REJECTED;NOT_USPS_VALIDITY;NO_INVENTORY
25403,ZCTA_NEAREST_ACTIVE_OUTLET,WV0053,002,4.557,ZCTA_NN;R6371;TIE_FIRST_LEX,ZCTA_NN_HAVERSINE;NOT_ELIGIBILITY;NOT_USPS_VALIDITY;NO_INVENTORY
25404,ZCTA_NEAREST_ACTIVE_OUTLET,WV0053,004,6.603,ZCTA_NN;R6371;TIE_FIRST_LEX,ZCTA_NN_HAVERSINE;NOT_ELIGIBILITY;NOT_USPS_VALIDITY;NO_INVENTORY
25405,ZCTA_NEAREST_ACTIVE_OUTLET,WV0053,002,5.268,ZCTA_NN;R6371;TIE_FIRST_LEX,ZCTA_NN_HAVERSINE;NOT_ELIGIBILITY;NOT_USPS_VALIDITY;NO_INVENTORY
25411,EXACT_IMLS_OUTLET_ZIP,WV0058,002,,EXACT_OUTLET;TIE_FSCSKEY_SEQ,EXACT_OUTLET;NOT_USPS_VALIDITY;NO_INVENTORY
25413,ZCTA_NEAREST_ACTIVE_OUTLET,WV0053,003,4.763,ZCTA_NN;R6371;TIE_FIRST_LEX,ZCTA_NN_HAVERSINE;NOT_ELIGIBILITY;NOT_USPS_VALIDITY;NO_INVENTORY
25414,ZCTA_NEAREST_ACTIVE_OUTLET,WV0055,002,8.134,ZCTA_NN;R6371;TIE_FIRST_LEX,ZCTA_NN_HAVERSINE;NOT_ELIGIBILITY;NOT_USPS_VALIDITY;NO_INVENTORY
25419,EXACT_IMLS_OUTLET_ZIP,WV0053,004,,EXACT_OUTLET;TIE_FSCSKEY_SEQ,EXACT_OUTLET;NOT_USPS_VALIDITY;NO_INVENTORY
25420,ZCTA_NEAREST_ACTIVE_OUTLET,WV0053,003,7.458,ZCTA_NN;R6371;TIE_FIRST_LEX,ZCTA_NN_HAVERSINE;NOT_ELIGIBILITY;NOT_USPS_VALIDITY;NO_INVENTORY
25421,ZCTA_NEAREST_ACTIVE_OUTLET,WV0053,003,10.915,ZCTA_NN;R6371;TIE_FIRST_LEX,ZCTA_NN_HAVERSINE;NOT_ELIGIBILITY;NOT_USPS_VALIDITY;NO_INVENTORY
25422,ZCTA_NEAREST_ACTIVE_OUTLET,WV0059,002,9.096,ZCTA_NN;R6371;TIE_FIRST_LEX,ZCTA_NN_HAVERSINE;NOT_ELIGIBILITY;NOT_USPS_VALIDITY;NO_INVENTORY
25425,EXACT_IMLS_OUTLET_ZIP,WV0054,002,,EXACT_OUTLET;TIE_FSCSKEY_SEQ,EXACT_OUTLET;NOT_USPS_VALIDITY;NO_INVENTORY
25427,EXACT_IMLS_OUTLET_ZIP,WV0053,005,,EXACT_OUTLET;TIE_FSCSKEY_SEQ,EXACT_OUTLET;NOT_USPS_VALIDITY;NO_INVENTORY
25428,EXACT_IMLS_OUTLET_ZIP,WV0053,003,,EXACT_OUTLET;TIE_FSCSKEY_SEQ,EXACT_OUTLET;NOT_USPS_VALIDITY;NO_INVENTORY
25430,ZCTA_NEAREST_ACTIVE_OUTLET,WV0055,002,8.546,ZCTA_NN;R6371;TIE_FIRST_LEX,ZCTA_NN_HAVERSINE;NOT_ELIGIBILITY;NOT_USPS_VALIDITY;NO_INVENTORY
25431,ZCTA_NEAREST_ACTIVE_OUTLET,WV0059,002,11.224,ZCTA_NN;R6371;TIE_FIRST_LEX,ZCTA_NN_HAVERSINE;NOT_ELIGIBILITY;NOT_USPS_VALIDITY;NO_INVENTORY
25432,ZCTA_NEAREST_ACTIVE_OUTLET,WV0054,002,4.147,ZCTA_NN;R6371;TIE_FIRST_LEX,ZCTA_NN_HAVERSINE;NOT_ELIGIBILITY;NOT_USPS_VALIDITY;NO_INVENTORY
25434,EXACT_IMLS_OUTLET_ZIP,WV0059,002,,EXACT_OUTLET;TIE_FSCSKEY_SEQ,EXACT_OUTLET;NOT_USPS_VALIDITY;NO_INVENTORY
25437,ZCTA_NEAREST_ACTIVE_OUTLET,WV0059,002,15.554,ZCTA_NN;R6371;TIE_FIRST_LEX,ZCTA_NN_HAVERSINE;NOT_ELIGIBILITY;NOT_USPS_VALIDITY;NO_INVENTORY
25438,ZCTA_NEAREST_ACTIVE_OUTLET,WV0054,002,9.244,ZCTA_NN;R6371;TIE_FIRST_LEX,ZCTA_NN_HAVERSINE;NOT_ELIGIBILITY;NOT_USPS_VALIDITY;NO_INVENTORY
25441,OBSERVED_REFERENCE_INDIRECT_ONLY,,,,INDIRECT_IMLS_SC;NO_FABRICATED_NEAREST,INDIRECT_IMLS_SC;NO_FABRICATED_NEAREST;NOT_REJECTED;NOT_USPS_VALIDITY;NO_INVENTORY
25442,ZCTA_NEAREST_ACTIVE_OUTLET,WV0057,002,6.454,ZCTA_NN;R6371;TIE_FIRST_LEX,ZCTA_NN_HAVERSINE;NOT_ELIGIBILITY;NOT_USPS_VALIDITY;NO_INVENTORY
25443,EXACT_IMLS_OUTLET_ZIP,WV0057,002,,EXACT_OUTLET;TIE_FSCSKEY_SEQ,EXACT_OUTLET;NOT_USPS_VALIDITY;NO_INVENTORY
25444,ZCTA_NEAREST_ACTIVE_OUTLET,WV0059,002,11.762,ZCTA_NN;R6371;TIE_FIRST_LEX,ZCTA_NN_HAVERSINE;NOT_ELIGIBILITY;NOT_USPS_VALIDITY;NO_INVENTORY
25446,EXACT_IMLS_OUTLET_ZIP,WV0055,002,,EXACT_OUTLET;TIE_FSCSKEY_SEQ,EXACT_OUTLET;NOT_USPS_VALIDITY;NO_INVENTORY
25501,ZCTA_NEAREST_ACTIVE_OUTLET,WV0077,002,16.013,ZCTA_NN;R6371;TIE_FIRST_LEX,ZCTA_NN_HAVERSINE;NOT_ELIGIBILITY;NOT_USPS_VALIDITY;NO_INVENTORY
25502,ZCTA_NEAREST_ACTIVE_OUTLET,WV0007,004,12.708,ZCTA_NN;R6371;TIE_FIRST_LEX,ZCTA_NN_HAVERSINE;NOT_ELIGIBILITY;NOT_USPS_VALIDITY;NO_INVENTORY
25503,ZCTA_NEAREST_ACTIVE_OUTLET,WV0007,004,10.426,ZCTA_NN;R6371;TIE_FIRST_LEX,ZCTA_NN_HAVERSINE;NOT_ELIGIBILITY;NOT_USPS_VALIDITY;NO_INVENTORY
25504,EXACT_IMLS_OUTLET_ZIP,WV0004,003,,EXACT_OUTLET;TIE_FSCSKEY_SEQ,EXACT_OUTLET;NOT_USPS_VALIDITY;NO_INVENTORY
25505,ZCTA_NEAREST_ACTIVE_OUTLET,WV0089,002,5.025,ZCTA_NN;R6371;TIE_FIRST_LEX,ZCTA_NN_HAVERSINE;NOT_ELIGIBILITY;NOT_USPS_VALIDITY;NO_INVENTORY
25506,EXACT_IMLS_OUTLET_ZIP,WV0088,005,,EXACT_OUTLET;TIE_FSCSKEY_SEQ,EXACT_OUTLET;NOT_USPS_VALIDITY;NO_INVENTORY
25507,ZCTA_NEAREST_ACTIVE_OUTLET,WV0008,002,2.197,ZCTA_NN;R6371;TIE_FIRST_LEX,ZCTA_NN_HAVERSINE;NOT_ELIGIBILITY;NOT_USPS_VALIDITY;NO_INVENTORY
25508,EXACT_IMLS_OUTLET_ZIP,WV0089,002,,EXACT_OUTLET;TIE_FSCSKEY_SEQ,EXACT_OUTLET;NOT_USPS_VALIDITY;NO_INVENTORY
25510,ZCTA_NEAREST_ACTIVE_OUTLET,WV0004,007,7.443,ZCTA_NN;R6371;TIE_FIRST_LEX,ZCTA_NN_HAVERSINE;NOT_ELIGIBILITY;NOT_USPS_VALIDITY;NO_INVENTORY
25511,ZCTA_NEAREST_ACTIVE_OUTLET,WV0008,003,21.162,ZCTA_NN;R6371;TIE_FIRST_LEX,ZCTA_NN_HAVERSINE;NOT_ELIGIBILITY;NOT_USPS_VALIDITY;NO_INVENTORY
25512,ZCTA_NEAREST_ACTIVE_OUTLET,WV0088,005,12.707,ZCTA_NN;R6371;TIE_FIRST_LEX,ZCTA_NN_HAVERSINE;NOT_ELIGIBILITY;NOT_USPS_VALIDITY;NO_INVENTORY
25514,EXACT_IMLS_OUTLET_ZIP,WV0008,004,,EXACT_OUTLET;TIE_FSCSKEY_SEQ,EXACT_OUTLET;NOT_USPS_VALIDITY;NO_INVENTORY
25515,ZCTA_NEAREST_ACTIVE_OUTLET,OH0088,002,7.567,ZCTA_NN;R6371;TIE_FIRST_LEX,ZCTA_NN_HAVERSINE;NOT_ELIGIBILITY;NOT_USPS_VALIDITY;NO_INVENTORY
25517,ZCTA_NEAREST_ACTIVE_OUTLET,WV0008,004,12.317,ZCTA_NN;R6371;TIE_FIRST_LEX,ZCTA_NN_HAVERSINE;NOT_ELIGIBILITY;NOT_USPS_VALIDITY;NO_INVENTORY
25520,ZCTA_NEAREST_ACTIVE_OUTLET,WV0004,007,13.997,ZCTA_NN;R6371;TIE_FIRST_LEX,ZCTA_NN_HAVERSINE;NOT_ELIGIBILITY;NOT_USPS_VALIDITY;NO_INVENTORY
25521,ZCTA_NEAREST_ACTIVE_OUTLET,WV0088,002,12.156,ZCTA_NN;R6371;TIE_FIRST_LEX,ZCTA_NN_HAVERSINE;NOT_ELIGIBILITY;NOT_USPS_VALIDITY;NO_INVENTORY
25523,EXACT_IMLS_OUTLET_ZIP,WV0088,002,,EXACT_OUTLET;TIE_FSCSKEY_SEQ,EXACT_OUTLET;NOT_USPS_VALIDITY;NO_INVENTORY
25524,ZCTA_NEAREST_ACTIVE_OUTLET,WV0089,002,9.315,ZCTA_NN;R6371;TIE_FIRST_LEX,ZCTA_NN_HAVERSINE;NOT_ELIGIBILITY;NOT_USPS_VALIDITY;NO_INVENTORY
25526,EXACT_IMLS_OUTLET_ZIP,WV0007,002,,EXACT_OUTLET;TIE_FSCSKEY_SEQ,EXACT_OUTLET;NOT_USPS_VALIDITY;NO_INVENTORY
25529,ZCTA_NEAREST_ACTIVE_OUTLET,WV0077,002,10.646,ZCTA_NN;R6371;TIE_FIRST_LEX,ZCTA_NN_HAVERSINE;NOT_ELIGIBILITY;NOT_USPS_VALIDITY;NO_INVENTORY
25530,EXACT_IMLS_OUTLET_ZIP,WV0008,002,,EXACT_OUTLET;TIE_FSCSKEY_SEQ,EXACT_OUTLET;NOT_USPS_VALIDITY;NO_INVENTORY
25534,ZCTA_NEAREST_ACTIVE_OUTLET,WV0088,005,20.435,ZCTA_NN;R6371;TIE_FIRST_LEX,ZCTA_NN_HAVERSINE;NOT_ELIGIBILITY;NOT_USPS_VALIDITY;NO_INVENTORY
25535,ZCTA_NEAREST_ACTIVE_OUTLET,WV0008,003,9.607,ZCTA_NN;R6371;TIE_FIRST_LEX,ZCTA_NN_HAVERSINE;NOT_ELIGIBILITY;NOT_USPS_VALIDITY;NO_INVENTORY
25537,EXACT_IMLS_OUTLET_ZIP,WV0004,010,,EXACT_OUTLET;TIE_FSCSKEY_SEQ,EXACT_OUTLET;NOT_USPS_VALIDITY;NO_INVENTORY
25540,ZCTA_NEAREST_ACTIVE_OUTLET,WV0088,005,11.207,ZCTA_NN;R6371;TIE_FIRST_LEX,ZCTA_NN_HAVERSINE;NOT_ELIGIBILITY;NOT_USPS_VALIDITY;NO_INVENTORY
25541,EXACT_IMLS_OUTLET_ZIP,WV0004,007,,EXACT_OUTLET;TIE_FSCSKEY_SEQ,EXACT_OUTLET;NOT_USPS_VALIDITY;NO_INVENTORY
25544,ZCTA_NEAREST_ACTIVE_OUTLET,WV0088,002,5.117,ZCTA_NN;R6371;TIE_FIRST_LEX,ZCTA_NN_HAVERSINE;NOT_ELIGIBILITY;NOT_USPS_VALIDITY;NO_INVENTORY
25545,ZCTA_NEAREST_ACTIVE_OUTLET,WV0004,010,7.226,ZCTA_NN;R6371;TIE_FIRST_LEX,ZCTA_NN_HAVERSINE;NOT_ELIGIBILITY;NOT_USPS_VALIDITY;NO_INVENTORY
25547,ZCTA_NEAREST_ACTIVE_OUTLET,WV8006,001,8.940,ZCTA_NN;R6371;TIE_FIRST_LEX,ZCTA_NN_HAVERSINE;NOT_ELIGIBILITY;NOT_USPS_VALIDITY;NO_INVENTORY
25550,EXACT_IMLS_OUTLET_ZIP,WV0073,002,,EXACT_OUTLET;TIE_FSCSKEY_SEQ,EXACT_OUTLET;NOT_USPS_VALIDITY;NO_INVENTORY
25555,ZCTA_NEAREST_ACTIVE_OUTLET,WV0008,003,9.532,ZCTA_NN;R6371;TIE_FIRST_LEX,ZCTA_NN_HAVERSINE;NOT_ELIGIBILITY;NOT_USPS_VALIDITY;NO_INVENTORY
25557,ZCTA_NEAREST_ACTIVE_OUTLET,WV0088,005,16.880,ZCTA_NN;R6371;TIE_FIRST_LEX,ZCTA_NN_HAVERSINE;NOT_ELIGIBILITY;NOT_USPS_VALIDITY;NO_INVENTORY
25559,EXACT_IMLS_OUTLET_ZIP,WV0004,005,,EXACT_OUTLET;TIE_FSCSKEY_SEQ,EXACT_OUTLET;NOT_USPS_VALIDITY;NO_INVENTORY
25560,ZCTA_NEAREST_ACTIVE_OUTLET,WV0007,002,3.297,ZCTA_NN;R6371;TIE_FIRST_LEX,ZCTA_NN_HAVERSINE;NOT_ELIGIBILITY;NOT_USPS_VALIDITY;NO_INVENTORY
25564,ZCTA_NEAREST_ACTIVE_OUTLET,WV0088,004,6.768,ZCTA_NN;R6371;TIE_FIRST_LEX,ZCTA_NN_HAVERSINE;NOT_ELIGIBILITY;NOT_USPS_VALIDITY;NO_INVENTORY
25565,ZCTA_NEAREST_ACTIVE_OUTLET,WV0077,002,14.496,ZCTA_NN;R6371;TIE_FIRST_LEX,ZCTA_NN_HAVERSINE;NOT_ELIGIBILITY;NOT_USPS_VALIDITY;NO_INVENTORY
25567,ZCTA_NEAREST_ACTIVE_OUTLET,WV0088,004,9.418,ZCTA_NN;R6371;TIE_FIRST_LEX,ZCTA_NN_HAVERSINE;NOT_ELIGIBILITY;NOT_USPS_VALIDITY;NO_INVENTORY
25569,OBSERVED_REFERENCE_INDIRECT_ONLY,,,,INDIRECT_IMLS_SC;NO_FABRICATED_NEAREST,INDIRECT_IMLS_SC;NO_FABRICATED_NEAREST;NOT_REJECTED;NOT_USPS_VALIDITY;NO_INVENTORY
25570,EXACT_IMLS_OUTLET_ZIP,WV0008,003,,EXACT_OUTLET;TIE_FSCSKEY_SEQ,EXACT_OUTLET;NOT_USPS_VALIDITY;NO_INVENTORY
25571,ZCTA_NEAREST_ACTIVE_OUTLET,WV0004,005,5.786,ZCTA_NN;R6371;TIE_FIRST_LEX,ZCTA_NN_HAVERSINE;NOT_ELIGIBILITY;NOT_USPS_VALIDITY;NO_INVENTORY
25573,ZCTA_NEAREST_ACTIVE_OUTLET,WV0088,004,11.185,ZCTA_NN;R6371;TIE_FIRST_LEX,ZCTA_NN_HAVERSINE;NOT_ELIGIBILITY;NOT_USPS_VALIDITY;NO_INVENTORY
25601,EXACT_IMLS_OUTLET_ZIP,WV8006,001,,EXACT_OUTLET;TIE_FSCSKEY_SEQ,EXACT_OUTLET;NOT_USPS_VALIDITY;NO_INVENTORY
25606,ZCTA_NEAREST_ACTIVE_OUTLET,WV0090,002,5.687,ZCTA_NN;R6371;TIE_FIRST_LEX,ZCTA_NN_HAVERSINE;NOT_ELIGIBILITY;NOT_USPS_VALIDITY;NO_INVENTORY
25607,ZCTA_NEAREST_ACTIVE_OUTLET,WV0090,002,10.072,ZCTA_NN;R6371;TIE_FIRST_LEX,ZCTA_NN_HAVERSINE;NOT_ELIGIBILITY;NOT_USPS_VALIDITY;NO_INVENTORY
25608,ZCTA_NEAREST_ACTIVE_OUTLET,WV0005,003,4.536,ZCTA_NN;R6371;TIE_FIRST_LEX,ZCTA_NN_HAVERSINE;NOT_ELIGIBILITY;NOT_USPS_VALIDITY;NO_INVENTORY
25611,ZCTA_NEAREST_ACTIVE_OUTLET,WV0090,002,5.585,ZCTA_NN;R6371;TIE_FIRST_LEX,ZCTA_NN_HAVERSINE;NOT_ELIGIBILITY;NOT_USPS_VALIDITY;NO_INVENTORY
25612,ZCTA_NEAREST_ACTIVE_OUTLET,WV0090,002,9.674,ZCTA_NN;R6371;TIE_FIRST_LEX,ZCTA_NN_HAVERSINE;NOT_ELIGIBILITY;NOT_USPS_VALIDITY;NO_INVENTORY
25614,OBSERVED_REFERENCE_INDIRECT_ONLY,,,,INDIRECT_IMLS_SC;NO_FABRICATED_NEAREST,INDIRECT_IMLS_SC;NO_FABRICATED_NEAREST;NOT_REJECTED;NOT_USPS_VALIDITY;NO_INVENTORY
25617,ZCTA_NEAREST_ACTIVE_OUTLET,WV0090,002,5.294,ZCTA_NN;R6371;TIE_FIRST_LEX,ZCTA_NN_HAVERSINE;NOT_ELIGIBILITY;NOT_USPS_VALIDITY;NO_INVENTORY
25621,EXACT_IMLS_OUTLET_ZIP,WV0005,003,,EXACT_OUTLET;TIE_FSCSKEY_SEQ,EXACT_OUTLET;NOT_USPS_VALIDITY;NO_INVENTORY
25624,ZCTA_NEAREST_ACTIVE_OUTLET,WV8006,001,5.659,ZCTA_NN;R6371;TIE_FIRST_LEX,ZCTA_NN_HAVERSINE;NOT_ELIGIBILITY;NOT_USPS_VALIDITY;NO_INVENTORY
25625,ZCTA_NEAREST_ACTIVE_OUTLET,WV8006,001,8.263,ZCTA_NN;R6371;TIE_FIRST_LEX,ZCTA_NN_HAVERSINE;NOT_ELIGIBILITY;NOT_USPS_VALIDITY;NO_INVENTORY
25628,ZCTA_NEAREST_ACTIVE_OUTLET,WV0090,002,3.704,ZCTA_NN;R6371;TIE_FIRST_LEX,ZCTA_NN_HAVERSINE;NOT_ELIGIBILITY;NOT_USPS_VALIDITY;NO_INVENTORY
25630,ZCTA_NEAREST_ACTIVE_OUTLET,WV0077,003,11.071,ZCTA_NN;R6371;TIE_FIRST_LEX,ZCTA_NN_HAVERSINE;NOT_ELIGIBILITY;NOT_USPS_VALIDITY;NO_INVENTORY
25632,ZCTA_NEAREST_ACTIVE_OUTLET,WV0090,002,6.426,ZCTA_NN;R6371;TIE_FIRST_LEX,ZCTA_NN_HAVERSINE;NOT_ELIGIBILITY;NOT_USPS_VALIDITY;NO_INVENTORY
25634,ZCTA_NEAREST_ACTIVE_OUTLET,WV0090,002,5.030,ZCTA_NN;R6371;TIE_FIRST_LEX,ZCTA_NN_HAVERSINE;NOT_ELIGIBILITY;NOT_USPS_VALIDITY;NO_INVENTORY
25635,EXACT_IMLS_OUTLET_ZIP,WV0090,002,,EXACT_OUTLET;TIE_FSCSKEY_SEQ,EXACT_OUTLET;NOT_USPS_VALIDITY;NO_INVENTORY
25637,ZCTA_NEAREST_ACTIVE_OUTLET,WV8006,001,2.756,ZCTA_NN;R6371;TIE_FIRST_LEX,ZCTA_NN_HAVERSINE;NOT_ELIGIBILITY;NOT_USPS_VALIDITY;NO_INVENTORY
25638,ZCTA_NEAREST_ACTIVE_OUTLET,WV0005,002,11.763,ZCTA_NN;R6371;TIE_FIRST_LEX,ZCTA_NN_HAVERSINE;NOT_ELIGIBILITY;NOT_USPS_VALIDITY;NO_INVENTORY
25639,ZCTA_NEAREST_ACTIVE_OUTLET,WV8006,001,4.967,ZCTA_NN;R6371;TIE_FIRST_LEX,ZCTA_NN_HAVERSINE;NOT_ELIGIBILITY;NOT_USPS_VALIDITY;NO_INVENTORY
25644,ZCTA_NEAREST_ACTIVE_OUTLET,WV0090,002,13.371,ZCTA_NN;R6371;TIE_FIRST_LEX,ZCTA_NN_HAVERSINE;NOT_ELIGIBILITY;NOT_USPS_VALIDITY;NO_INVENTORY
25646,ZCTA_NEAREST_ACTIVE_OUTLET,WV8006,001,9.307,ZCTA_NN;R6371;TIE_FIRST_LEX,ZCTA_NN_HAVERSINE;NOT_ELIGIBILITY;NOT_USPS_VALIDITY;NO_INVENTORY
25647,ZCTA_NEAREST_ACTIVE_OUTLET,WV8006,001,7.109,ZCTA_NN;R6371;TIE_FIRST_LEX,ZCTA_NN_HAVERSINE;NOT_ELIGIBILITY;NOT_USPS_VALIDITY;NO_INVENTORY
25649,ZCTA_NEAREST_ACTIVE_OUTLET,WV8006,001,9.016,ZCTA_NN;R6371;TIE_FIRST_LEX,ZCTA_NN_HAVERSINE;NOT_ELIGIBILITY;NOT_USPS_VALIDITY;NO_INVENTORY
25650,ZCTA_NEAREST_ACTIVE_OUTLET,WV0090,002,9.588,ZCTA_NN;R6371;TIE_FIRST_LEX,ZCTA_NN_HAVERSINE;NOT_ELIGIBILITY;NOT_USPS_VALIDITY;NO_INVENTORY
25651,ZCTA_NEAREST_ACTIVE_OUTLET,WV0005,003,8.286,ZCTA_NN;R6371;TIE_FIRST_LEX,ZCTA_NN_HAVERSINE;NOT_ELIGIBILITY;NOT_USPS_VALIDITY;NO_INVENTORY
25652,ZCTA_NEAREST_ACTIVE_OUTLET,WV8006,001,7.916,ZCTA_NN;R6371;TIE_FIRST_LEX,ZCTA_NN_HAVERSINE;NOT_ELIGIBILITY;NOT_USPS_VALIDITY;NO_INVENTORY
25653,ZCTA_NEAREST_ACTIVE_OUTLET,WV8006,001,2.972,ZCTA_NN;R6371;TIE_FIRST_LEX,ZCTA_NN_HAVERSINE;NOT_ELIGIBILITY;NOT_USPS_VALIDITY;NO_INVENTORY
25654,ZCTA_NEAREST_ACTIVE_OUTLET,WV0090,002,6.704,ZCTA_NN;R6371;TIE_FIRST_LEX,ZCTA_NN_HAVERSINE;NOT_ELIGIBILITY;NOT_USPS_VALIDITY;NO_INVENTORY
25661,EXACT_IMLS_OUTLET_ZIP,WV0006,002,,EXACT_OUTLET;TIE_FSCSKEY_SEQ,EXACT_OUTLET;NOT_USPS_VALIDITY;NO_INVENTORY
25666,ZCTA_NEAREST_ACTIVE_OUTLET,WV0005,004,13.053,ZCTA_NN;R6371;TIE_FIRST_LEX,ZCTA_NN_HAVERSINE;NOT_ELIGIBILITY;NOT_USPS_VALIDITY;NO_INVENTORY
25667,ZCTA_NEAREST_ACTIVE_OUTLET,WV0006,002,3.658,ZCTA_NN;R6371;TIE_FIRST_LEX,ZCTA_NN_HAVERSINE;NOT_ELIGIBILITY;NOT_USPS_VALIDITY;NO_INVENTORY
25669,ZCTA_NEAREST_ACTIVE_OUTLET,KY0073,002,9.408,ZCTA_NN;R6371;TIE_FIRST_LEX,ZCTA_NN_HAVERSINE;NOT_ELIGIBILITY;NOT_USPS_VALIDITY;NO_INVENTORY
25670,EXACT_IMLS_OUTLET_ZIP,WV0005,002,,EXACT_OUTLET;TIE_FSCSKEY_SEQ,EXACT_OUTLET;NOT_USPS_VALIDITY;NO_INVENTORY
25671,ZCTA_NEAREST_ACTIVE_OUTLET,WV0089,002,17.100,ZCTA_NN;R6371;TIE_FIRST_LEX,ZCTA_NN_HAVERSINE;NOT_ELIGIBILITY;NOT_USPS_VALIDITY;NO_INVENTORY
25672,ZCTA_NEAREST_ACTIVE_OUTLET,KY0093,004,7.450,ZCTA_NN;R6371;TIE_FIRST_LEX,ZCTA_NN_HAVERSINE;NOT_ELIGIBILITY;NOT_USPS_VALIDITY;NO_INVENTORY
25674,EXACT_IMLS_OUTLET_ZIP,WV0005,004,,EXACT_OUTLET;TIE_FSCSKEY_SEQ,EXACT_OUTLET;NOT_USPS_VALIDITY;NO_INVENTORY
25676,ZCTA_NEAREST_ACTIVE_OUTLET,WV0005,002,14.112,ZCTA_NN;R6371;TIE_FIRST_LEX,ZCTA_NN_HAVERSINE;NOT_ELIGIBILITY;NOT_USPS_VALIDITY;NO_INVENTORY
25678,EXACT_IMLS_OUTLET_ZIP,WV0005,005,,EXACT_OUTLET;TIE_FSCSKEY_SEQ,EXACT_OUTLET;NOT_USPS_VALIDITY;NO_INVENTORY
25685,ZCTA_NEAREST_ACTIVE_OUTLET,KY0073,003,8.608,ZCTA_NN;R6371;TIE_FIRST_LEX,ZCTA_NN_HAVERSINE;NOT_ELIGIBILITY;NOT_USPS_VALIDITY;NO_INVENTORY
25688,ZCTA_NEAREST_ACTIVE_OUTLET,WV0005,005,1.910,ZCTA_NN;R6371;TIE_FIRST_LEX,ZCTA_NN_HAVERSINE;NOT_ELIGIBILITY;NOT_USPS_VALIDITY;NO_INVENTORY
25690,ZCTA_NEAREST_ACTIVE_OUTLET,WV0005,002,3.357,ZCTA_NN;R6371;TIE_FIRST_LEX,ZCTA_NN_HAVERSINE;NOT_ELIGIBILITY;NOT_USPS_VALIDITY;NO_INVENTORY
25692,ZCTA_NEAREST_ACTIVE_OUTLET,WV0005,005,7.990,ZCTA_NN;R6371;TIE_FIRST_LEX,ZCTA_NN_HAVERSINE;NOT_ELIGIBILITY;NOT_USPS_VALIDITY;NO_INVENTORY
25696,ZCTA_NEAREST_ACTIVE_OUTLET,WV0005,005,10.554,ZCTA_NN;R6371;TIE_FIRST_LEX,ZCTA_NN_HAVERSINE;NOT_ELIGIBILITY;NOT_USPS_VALIDITY;NO_INVENTORY
25699,ZCTA_NEAREST_ACTIVE_OUTLET,WV0005,004,15.632,ZCTA_NN;R6371;TIE_FIRST_LEX,ZCTA_NN_HAVERSINE;NOT_ELIGIBILITY;NOT_USPS_VALIDITY;NO_INVENTORY
25701,EXACT_IMLS_OUTLET_ZIP,WV0004,002,,EXACT_OUTLET;TIE_FSCSKEY_SEQ,EXACT_OUTLET;NOT_USPS_VALIDITY;NO_INVENTORY
25702,EXACT_IMLS_OUTLET_ZIP,WV0004,008,,EXACT_OUTLET;TIE_FSCSKEY_SEQ,EXACT_OUTLET;NOT_USPS_VALIDITY;NO_INVENTORY
25703,ZCTA_NEAREST_ACTIVE_OUTLET,WV0004,004,2.046,ZCTA_NN;R6371;TIE_FIRST_LEX,ZCTA_NN_HAVERSINE;NOT_ELIGIBILITY;NOT_USPS_VALIDITY;NO_INVENTORY
25704,EXACT_IMLS_OUTLET_ZIP,WV0004,006,,EXACT_OUTLET;TIE_FSCSKEY_SEQ,EXACT_OUTLET;NOT_USPS_VALIDITY;NO_INVENTORY
25705,EXACT_IMLS_OUTLET_ZIP,WV0004,004,,EXACT_OUTLET;TIE_FSCSKEY_SEQ,EXACT_OUTLET;NOT_USPS_VALIDITY;NO_INVENTORY
25708,OBSERVED_REFERENCE_INDIRECT_ONLY,,,,INDIRECT_IMLS_SC;NO_FABRICATED_NEAREST,INDIRECT_IMLS_SC;NO_FABRICATED_NEAREST;NOT_REJECTED;NOT_USPS_VALIDITY;NO_INVENTORY
25712,OBSERVED_REFERENCE_INDIRECT_ONLY,,,,INDIRECT_IMLS_SC;NO_FABRICATED_NEAREST,INDIRECT_IMLS_SC;NO_FABRICATED_NEAREST;NOT_REJECTED;NOT_USPS_VALIDITY;NO_INVENTORY
25713,OBSERVED_REFERENCE_INDIRECT_ONLY,,,,INDIRECT_IMLS_SC;NO_FABRICATED_NEAREST,INDIRECT_IMLS_SC;NO_FABRICATED_NEAREST;NOT_REJECTED;NOT_USPS_VALIDITY;NO_INVENTORY
25717,OBSERVED_REFERENCE_INDIRECT_ONLY,,,,INDIRECT_IMLS_SC;NO_FABRICATED_NEAREST,INDIRECT_IMLS_SC;NO_FABRICATED_NEAREST;NOT_REJECTED;NOT_USPS_VALIDITY;NO_INVENTORY
25755,ZCTA_NEAREST_ACTIVE_OUTLET,WV0004,002,1.460,ZCTA_NN;R6371;TIE_FIRST_LEX,ZCTA_NN_HAVERSINE;NOT_ELIGIBILITY;NOT_USPS_VALIDITY;NO_INVENTORY
25801,EXACT_IMLS_OUTLET_ZIP,WV0001,002,,EXACT_OUTLET;TIE_FSCSKEY_SEQ,EXACT_OUTLET;NOT_USPS_VALIDITY;NO_INVENTORY
25802,OBSERVED_REFERENCE_INDIRECT_ONLY,,,,INDIRECT_IMLS_SC;NO_FABRICATED_NEAREST,INDIRECT_IMLS_SC;NO_FABRICATED_NEAREST;NOT_REJECTED;NOT_USPS_VALIDITY;NO_INVENTORY
25810,ZCTA_NEAREST_ACTIVE_OUTLET,WV0079,003,2.708,ZCTA_NN;R6371;TIE_FIRST_LEX,ZCTA_NN_HAVERSINE;NOT_ELIGIBILITY;NOT_USPS_VALIDITY;NO_INVENTORY
25811,ZCTA_NEAREST_ACTIVE_OUTLET,WV0079,003,7.895,ZCTA_NN;R6371;TIE_FIRST_LEX,ZCTA_NN_HAVERSINE;NOT_ELIGIBILITY;NOT_USPS_VALIDITY;NO_INVENTORY
25812,EXACT_IMLS_OUTLET_ZIP,WV0078,003,,EXACT_OUTLET;TIE_FSCSKEY_SEQ,EXACT_OUTLET;NOT_USPS_VALIDITY;NO_INVENTORY
25813,ZCTA_NEAREST_ACTIVE_OUTLET,WV0001,002,7.762,ZCTA_NN;R6371;TIE_FIRST_LEX,ZCTA_NN_HAVERSINE;NOT_ELIGIBILITY;NOT_USPS_VALIDITY;NO_INVENTORY
25817,ZCTA_NEAREST_ACTIVE_OUTLET,WV0001,004,16.411,ZCTA_NN;R6371;TIE_FIRST_LEX,ZCTA_NN_HAVERSINE;NOT_ELIGIBILITY;NOT_USPS_VALIDITY;NO_INVENTORY
25818,ZCTA_NEAREST_ACTIVE_OUTLET,WV0078,008,4.254,ZCTA_NN;R6371;TIE_FIRST_LEX,ZCTA_NN_HAVERSINE;NOT_ELIGIBILITY;NOT_USPS_VALIDITY;NO_INVENTORY
25820,ZCTA_NEAREST_ACTIVE_OUTLET,WV0003,002,17.268,ZCTA_NN;R6371;TIE_FIRST_LEX,ZCTA_NN_HAVERSINE;NOT_ELIGIBILITY;NOT_USPS_VALIDITY;NO_INVENTORY
25823,ZCTA_NEAREST_ACTIVE_OUTLET,WV0001,004,7.689,ZCTA_NN;R6371;TIE_FIRST_LEX,ZCTA_NN_HAVERSINE;NOT_ELIGIBILITY;NOT_USPS_VALIDITY;NO_INVENTORY
25825,ZCTA_NEAREST_ACTIVE_OUTLET,WV0001,005,5.872,ZCTA_NN;R6371;TIE_FIRST_LEX,ZCTA_NN_HAVERSINE;NOT_ELIGIBILITY;NOT_USPS_VALIDITY;NO_INVENTORY
25826,ZCTA_NEAREST_ACTIVE_OUTLET,WV0079,003,1.692,ZCTA_NN;R6371;TIE_FIRST_LEX,ZCTA_NN_HAVERSINE;NOT_ELIGIBILITY;NOT_USPS_VALIDITY;NO_INVENTORY
25827,ZCTA_NEAREST_ACTIVE_OUTLET,WV0001,004,3.440,ZCTA_NN;R6371;TIE_FIRST_LEX,ZCTA_NN_HAVERSINE;NOT_ELIGIBILITY;NOT_USPS_VALIDITY;NO_INVENTORY
25831,ZCTA_NEAREST_ACTIVE_OUTLET,WV0078,005,12.792,ZCTA_NN;R6371;TIE_FIRST_LEX,ZCTA_NN_HAVERSINE;NOT_ELIGIBILITY;NOT_USPS_VALIDITY;NO_INVENTORY
25832,ZCTA_NEAREST_ACTIVE_OUTLET,WV0001,005,2.762,ZCTA_NN;R6371;TIE_FIRST_LEX,ZCTA_NN_HAVERSINE;NOT_ELIGIBILITY;NOT_USPS_VALIDITY;NO_INVENTORY
25836,ZCTA_NEAREST_ACTIVE_OUTLET,WV0001,002,8.780,ZCTA_NN;R6371;TIE_FIRST_LEX,ZCTA_NN_HAVERSINE;NOT_ELIGIBILITY;NOT_USPS_VALIDITY;NO_INVENTORY
25837,ZCTA_NEAREST_ACTIVE_OUTLET,WV0078,004,6.054,ZCTA_NN;R6371;TIE_FIRST_LEX,ZCTA_NN_HAVERSINE;NOT_ELIGIBILITY;NOT_USPS_VALIDITY;NO_INVENTORY
25839,ZCTA_NEAREST_ACTIVE_OUTLET,WV0001,004,14.963,ZCTA_NN;R6371;TIE_FIRST_LEX,ZCTA_NN_HAVERSINE;NOT_ELIGIBILITY;NOT_USPS_VALIDITY;NO_INVENTORY
25840,EXACT_IMLS_OUTLET_ZIP,WV0078,004,,EXACT_OUTLET;TIE_FSCSKEY_SEQ,EXACT_OUTLET;NOT_USPS_VALIDITY;NO_INVENTORY
25841,ZCTA_NEAREST_ACTIVE_OUTLET,WV0001,005,14.971,ZCTA_NN;R6371;TIE_FIRST_LEX,ZCTA_NN_HAVERSINE;NOT_ELIGIBILITY;NOT_USPS_VALIDITY;NO_INVENTORY
25843,ZCTA_NEAREST_ACTIVE_OUTLET,WV0001,005,8.359,ZCTA_NN;R6371;TIE_FIRST_LEX,ZCTA_NN_HAVERSINE;NOT_ELIGIBILITY;NOT_USPS_VALIDITY;NO_INVENTORY
25844,ZCTA_NEAREST_ACTIVE_OUTLET,WV0001,004,14.622,ZCTA_NN;R6371;TIE_FIRST_LEX,ZCTA_NN_HAVERSINE;NOT_ELIGIBILITY;NOT_USPS_VALIDITY;NO_INVENTORY
25845,ZCTA_NEAREST_ACTIVE_OUTLET,WV0079,004,12.283,ZCTA_NN;R6371;TIE_FIRST_LEX,ZCTA_NN_HAVERSINE;NOT_ELIGIBILITY;NOT_USPS_VALIDITY;NO_INVENTORY
25846,ZCTA_NEAREST_ACTIVE_OUTLET,WV0078,008,3.628,ZCTA_NN;R6371;TIE_FIRST_LEX,ZCTA_NN_HAVERSINE;NOT_ELIGIBILITY;NOT_USPS_VALIDITY;NO_INVENTORY
25848,ZCTA_NEAREST_ACTIVE_OUTLET,WV0079,003,15.881,ZCTA_NN;R6371;TIE_FIRST_LEX,ZCTA_NN_HAVERSINE;NOT_ELIGIBILITY;NOT_USPS_VALIDITY;NO_INVENTORY
25849,ZCTA_NEAREST_ACTIVE_OUTLET,WV0001,004,3.453,ZCTA_NN;R6371;TIE_FIRST_LEX,ZCTA_NN_HAVERSINE;NOT_ELIGIBILITY;NOT_USPS_VALIDITY;NO_INVENTORY
25851,ZCTA_NEAREST_ACTIVE_OUTLET,WV0001,002,6.958,ZCTA_NN;R6371;TIE_FIRST_LEX,ZCTA_NN_HAVERSINE;NOT_ELIGIBILITY;NOT_USPS_VALIDITY;NO_INVENTORY
25853,ZCTA_NEAREST_ACTIVE_OUTLET,WV0001,004,7.251,ZCTA_NN;R6371;TIE_FIRST_LEX,ZCTA_NN_HAVERSINE;NOT_ELIGIBILITY;NOT_USPS_VALIDITY;NO_INVENTORY
25854,ZCTA_NEAREST_ACTIVE_OUTLET,WV0078,003,10.653,ZCTA_NN;R6371;TIE_FIRST_LEX,ZCTA_NN_HAVERSINE;NOT_ELIGIBILITY;NOT_USPS_VALIDITY;NO_INVENTORY
25855,ZCTA_NEAREST_ACTIVE_OUTLET,WV0078,009,3.367,ZCTA_NN;R6371;TIE_FIRST_LEX,ZCTA_NN_HAVERSINE;NOT_ELIGIBILITY;NOT_USPS_VALIDITY;NO_INVENTORY
25857,ZCTA_NEAREST_ACTIVE_OUTLET,WV0001,004,11.613,ZCTA_NN;R6371;TIE_FIRST_LEX,ZCTA_NN_HAVERSINE;NOT_ELIGIBILITY;NOT_USPS_VALIDITY;NO_INVENTORY
25862,ZCTA_NEAREST_ACTIVE_OUTLET,WV0078,004,7.072,ZCTA_NN;R6371;TIE_FIRST_LEX,ZCTA_NN_HAVERSINE;NOT_ELIGIBILITY;NOT_USPS_VALIDITY;NO_INVENTORY
25864,ZCTA_NEAREST_ACTIVE_OUTLET,WV0078,002,9.367,ZCTA_NN;R6371;TIE_FIRST_LEX,ZCTA_NN_HAVERSINE;NOT_ELIGIBILITY;NOT_USPS_VALIDITY;NO_INVENTORY
25865,ZCTA_NEAREST_ACTIVE_OUTLET,WV0001,004,9.694,ZCTA_NN;R6371;TIE_FIRST_LEX,ZCTA_NN_HAVERSINE;NOT_ELIGIBILITY;NOT_USPS_VALIDITY;NO_INVENTORY
25866,ZCTA_NEAREST_ACTIVE_OUTLET,WV0078,009,4.259,ZCTA_NN;R6371;TIE_FIRST_LEX,ZCTA_NN_HAVERSINE;NOT_ELIGIBILITY;NOT_USPS_VALIDITY;NO_INVENTORY
25868,ZCTA_NEAREST_ACTIVE_OUTLET,WV0078,004,12.360,ZCTA_NN;R6371;TIE_FIRST_LEX,ZCTA_NN_HAVERSINE;NOT_ELIGIBILITY;NOT_USPS_VALIDITY;NO_INVENTORY
25870,ZCTA_NEAREST_ACTIVE_OUTLET,WV0079,003,5.942,ZCTA_NN;R6371;TIE_FIRST_LEX,ZCTA_NN_HAVERSINE;NOT_ELIGIBILITY;NOT_USPS_VALIDITY;NO_INVENTORY
25871,ZCTA_NEAREST_ACTIVE_OUTLET,WV0001,002,2.417,ZCTA_NN;R6371;TIE_FIRST_LEX,ZCTA_NN_HAVERSINE;NOT_ELIGIBILITY;NOT_USPS_VALIDITY;NO_INVENTORY
25873,ZCTA_NEAREST_ACTIVE_OUTLET,WV0001,002,4.076,ZCTA_NN;R6371;TIE_FIRST_LEX,ZCTA_NN_HAVERSINE;NOT_ELIGIBILITY;NOT_USPS_VALIDITY;NO_INVENTORY
25875,ZCTA_NEAREST_ACTIVE_OUTLET,WV0079,003,10.912,ZCTA_NN;R6371;TIE_FIRST_LEX,ZCTA_NN_HAVERSINE;NOT_ELIGIBILITY;NOT_USPS_VALIDITY;NO_INVENTORY
25876,ZCTA_NEAREST_ACTIVE_OUTLET,WV0079,003,7.922,ZCTA_NN;R6371;TIE_FIRST_LEX,ZCTA_NN_HAVERSINE;NOT_ELIGIBILITY;NOT_USPS_VALIDITY;NO_INVENTORY
25878,ZCTA_NEAREST_ACTIVE_OUTLET,WV0001,004,2.682,ZCTA_NN;R6371;TIE_FIRST_LEX,ZCTA_NN_HAVERSINE;NOT_ELIGIBILITY;NOT_USPS_VALIDITY;NO_INVENTORY
25879,ZCTA_NEAREST_ACTIVE_OUTLET,WV0078,002,3.773,ZCTA_NN;R6371;TIE_FIRST_LEX,ZCTA_NN_HAVERSINE;NOT_ELIGIBILITY;NOT_USPS_VALIDITY;NO_INVENTORY
25880,EXACT_IMLS_OUTLET_ZIP,WV0078,008,,EXACT_OUTLET;TIE_FSCSKEY_SEQ,EXACT_OUTLET;NOT_USPS_VALIDITY;NO_INVENTORY
25882,EXACT_IMLS_OUTLET_ZIP,WV0079,003,,EXACT_OUTLET;TIE_FSCSKEY_SEQ,EXACT_OUTLET;NOT_USPS_VALIDITY;NO_INVENTORY
25901,EXACT_IMLS_OUTLET_ZIP,WV0078,002,,EXACT_OUTLET;TIE_FSCSKEY_SEQ,EXACT_OUTLET;NOT_USPS_VALIDITY;NO_INVENTORY
25902,ZCTA_NEAREST_ACTIVE_OUTLET,WV0079,003,14.476,ZCTA_NN;R6371;TIE_FIRST_LEX,ZCTA_NN_HAVERSINE;NOT_ELIGIBILITY;NOT_USPS_VALIDITY;NO_INVENTORY
25904,ZCTA_NEAREST_ACTIVE_OUTLET,WV0078,008,7.425,ZCTA_NN;R6371;TIE_FIRST_LEX,ZCTA_NN_HAVERSINE;NOT_ELIGIBILITY;NOT_USPS_VALIDITY;NO_INVENTORY
25907,ZCTA_NEAREST_ACTIVE_OUTLET,WV0078,008,8.147,ZCTA_NN;R6371;TIE_FIRST_LEX,ZCTA_NN_HAVERSINE;NOT_ELIGIBILITY;NOT_USPS_VALIDITY;NO_INVENTORY
25908,ZCTA_NEAREST_ACTIVE_OUTLET,WV0001,004,4.558,ZCTA_NN;R6371;TIE_FIRST_LEX,ZCTA_NN_HAVERSINE;NOT_ELIGIBILITY;NOT_USPS_VALIDITY;NO_INVENTORY
25909,ZCTA_NEAREST_ACTIVE_OUTLET,WV0001,002,6.707,ZCTA_NN;R6371;TIE_FIRST_LEX,ZCTA_NN_HAVERSINE;NOT_ELIGIBILITY;NOT_USPS_VALIDITY;NO_INVENTORY
25911,ZCTA_NEAREST_ACTIVE_OUTLET,WV0001,002,3.186,ZCTA_NN;R6371;TIE_FIRST_LEX,ZCTA_NN_HAVERSINE;NOT_ELIGIBILITY;NOT_USPS_VALIDITY;NO_INVENTORY
25913,ZCTA_NEAREST_ACTIVE_OUTLET,WV0079,004,14.322,ZCTA_NN;R6371;TIE_FIRST_LEX,ZCTA_NN_HAVERSINE;NOT_ELIGIBILITY;NOT_USPS_VALIDITY;NO_INVENTORY
25915,ZCTA_NEAREST_ACTIVE_OUTLET,WV0079,003,8.675,ZCTA_NN;R6371;TIE_FIRST_LEX,ZCTA_NN_HAVERSINE;NOT_ELIGIBILITY;NOT_USPS_VALIDITY;NO_INVENTORY
25916,ZCTA_NEAREST_ACTIVE_OUTLET,WV0079,002,11.396,ZCTA_NN;R6371;TIE_FIRST_LEX,ZCTA_NN_HAVERSINE;NOT_ELIGIBILITY;NOT_USPS_VALIDITY;NO_INVENTORY
25917,ZCTA_NEAREST_ACTIVE_OUTLET,WV0078,009,9.126,ZCTA_NN;R6371;TIE_FIRST_LEX,ZCTA_NN_HAVERSINE;NOT_ELIGIBILITY;NOT_USPS_VALIDITY;NO_INVENTORY
25918,EXACT_IMLS_OUTLET_ZIP,WV0001,005,,EXACT_OUTLET;TIE_FSCSKEY_SEQ,EXACT_OUTLET;NOT_USPS_VALIDITY;NO_INVENTORY
25920,ZCTA_NEAREST_ACTIVE_OUTLET,WV0001,004,8.298,ZCTA_NN;R6371;TIE_FIRST_LEX,ZCTA_NN_HAVERSINE;NOT_ELIGIBILITY;NOT_USPS_VALIDITY;NO_INVENTORY
25921,EXACT_IMLS_OUTLET_ZIP,WV0001,004,,EXACT_OUTLET;TIE_FSCSKEY_SEQ,EXACT_OUTLET;NOT_USPS_VALIDITY;NO_INVENTORY
25922,ZCTA_NEAREST_ACTIVE_OUTLET,WV0003,002,11.409,ZCTA_NN;R6371;TIE_FIRST_LEX,ZCTA_NN_HAVERSINE;NOT_ELIGIBILITY;NOT_USPS_VALIDITY;NO_INVENTORY
25927,OBSERVED_REFERENCE_INDIRECT_ONLY,,,,INDIRECT_IMLS_SC;NO_FABRICATED_NEAREST,INDIRECT_IMLS_SC;NO_FABRICATED_NEAREST;NOT_REJECTED;NOT_USPS_VALIDITY;NO_INVENTORY
25928,ZCTA_NEAREST_ACTIVE_OUTLET,WV0079,003,6.039,ZCTA_NN;R6371;TIE_FIRST_LEX,ZCTA_NN_HAVERSINE;NOT_ELIGIBILITY;NOT_USPS_VALIDITY;NO_INVENTORY
25932,ZCTA_NEAREST_ACTIVE_OUTLET,WV0001,004,6.404,ZCTA_NN;R6371;TIE_FIRST_LEX,ZCTA_NN_HAVERSINE;NOT_ELIGIBILITY;NOT_USPS_VALIDITY;NO_INVENTORY
25936,ZCTA_NEAREST_ACTIVE_OUTLET,WV0078,002,7.004,ZCTA_NN;R6371;TIE_FIRST_LEX,ZCTA_NN_HAVERSINE;NOT_ELIGIBILITY;NOT_USPS_VALIDITY;NO_INVENTORY
25938,ZCTA_NEAREST_ACTIVE_OUTLET,WV0078,003,6.688,ZCTA_NN;R6371;TIE_FIRST_LEX,ZCTA_NN_HAVERSINE;NOT_ELIGIBILITY;NOT_USPS_VALIDITY;NO_INVENTORY
25942,ZCTA_NEAREST_ACTIVE_OUTLET,WV0078,004,11.215,ZCTA_NN;R6371;TIE_FIRST_LEX,ZCTA_NN_HAVERSINE;NOT_ELIGIBILITY;NOT_USPS_VALIDITY;NO_INVENTORY
25943,ZCTA_NEAREST_ACTIVE_OUTLET,WV0079,003,3.058,ZCTA_NN;R6371;TIE_FIRST_LEX,ZCTA_NN_HAVERSINE;NOT_ELIGIBILITY;NOT_USPS_VALIDITY;NO_INVENTORY
25951,EXACT_IMLS_OUTLET_ZIP,WV0097,002,,EXACT_OUTLET;TIE_FSCSKEY_SEQ,EXACT_OUTLET;NOT_USPS_VALIDITY;NO_INVENTORY
25958,ZCTA_NEAREST_ACTIVE_OUTLET,WV0083,002,3.744,ZCTA_NN;R6371;TIE_FIRST_LEX,ZCTA_NN_HAVERSINE;NOT_ELIGIBILITY;NOT_USPS_VALIDITY;NO_INVENTORY
25962,EXACT_IMLS_OUTLET_ZIP,WV0083,002,,EXACT_OUTLET;TIE_FSCSKEY_SEQ,EXACT_OUTLET;NOT_USPS_VALIDITY;NO_INVENTORY
25966,ZCTA_NEAREST_ACTIVE_OUTLET,WV0078,005,10.642,ZCTA_NN;R6371;TIE_FIRST_LEX,ZCTA_NN_HAVERSINE;NOT_ELIGIBILITY;NOT_USPS_VALIDITY;NO_INVENTORY
25969,ZCTA_NEAREST_ACTIVE_OUTLET,WV0097,002,12.231,ZCTA_NN;R6371;TIE_FIRST_LEX,ZCTA_NN_HAVERSINE;NOT_ELIGIBILITY;NOT_USPS_VALIDITY;NO_INVENTORY
25971,ZCTA_NEAREST_ACTIVE_OUTLET,WV0003,002,15.935,ZCTA_NN;R6371;TIE_FIRST_LEX,ZCTA_NN_HAVERSINE;NOT_ELIGIBILITY;NOT_USPS_VALIDITY;NO_INVENTORY
25972,ZCTA_NEAREST_ACTIVE_OUTLET,WV0085,002,7.898,ZCTA_NN;R6371;TIE_FIRST_LEX,ZCTA_NN_HAVERSINE;NOT_ELIGIBILITY;NOT_USPS_VALIDITY;NO_INVENTORY
25976,EXACT_IMLS_OUTLET_ZIP,WV0078,005,,EXACT_OUTLET;TIE_FSCSKEY_SEQ,EXACT_OUTLET;NOT_USPS_VALIDITY;NO_INVENTORY
25977,ZCTA_NEAREST_ACTIVE_OUTLET,WV0078,005,8.355,ZCTA_NN;R6371;TIE_FIRST_LEX,ZCTA_NN_HAVERSINE;NOT_ELIGIBILITY;NOT_USPS_VALIDITY;NO_INVENTORY
25978,ZCTA_NEAREST_ACTIVE_OUTLET,WV0097,002,6.415,ZCTA_NN;R6371;TIE_FIRST_LEX,ZCTA_NN_HAVERSINE;NOT_ELIGIBILITY;NOT_USPS_VALIDITY;NO_INVENTORY
25979,ZCTA_NEAREST_ACTIVE_OUTLET,WV0092,002,16.130,ZCTA_NN;R6371;TIE_FIRST_LEX,ZCTA_NN_HAVERSINE;NOT_ELIGIBILITY;NOT_USPS_VALIDITY;NO_INVENTORY
25981,ZCTA_NEAREST_ACTIVE_OUTLET,WV0085,002,12.065,ZCTA_NN;R6371;TIE_FIRST_LEX,ZCTA_NN_HAVERSINE;NOT_ELIGIBILITY;NOT_USPS_VALIDITY;NO_INVENTORY
25984,EXACT_IMLS_OUTLET_ZIP,WV0085,002,,EXACT_OUTLET;TIE_FSCSKEY_SEQ,EXACT_OUTLET;NOT_USPS_VALIDITY;NO_INVENTORY
25985,ZCTA_NEAREST_ACTIVE_OUTLET,WV0097,002,10.517,ZCTA_NN;R6371;TIE_FIRST_LEX,ZCTA_NN_HAVERSINE;NOT_ELIGIBILITY;NOT_USPS_VALIDITY;NO_INVENTORY
25986,ZCTA_NEAREST_ACTIVE_OUTLET,WV0078,005,5.099,ZCTA_NN;R6371;TIE_FIRST_LEX,ZCTA_NN_HAVERSINE;NOT_ELIGIBILITY;NOT_USPS_VALIDITY;NO_INVENTORY
25989,ZCTA_NEAREST_ACTIVE_OUTLET,WV0001,005,5.867,ZCTA_NN;R6371;TIE_FIRST_LEX,ZCTA_NN_HAVERSINE;NOT_ELIGIBILITY;NOT_USPS_VALIDITY;NO_INVENTORY
26003,EXACT_IMLS_OUTLET_ZIP,WV0060,002,,EXACT_OUTLET;TIE_FSCSKEY_SEQ,EXACT_OUTLET;NOT_USPS_VALIDITY;NO_INVENTORY
26030,ZCTA_NEAREST_ACTIVE_OUTLET,OH0208,008,5.437,ZCTA_NN;R6371;TIE_FIRST_LEX,ZCTA_NN_HAVERSINE;NOT_ELIGIBILITY;NOT_USPS_VALIDITY;NO_INVENTORY
26031,ZCTA_NEAREST_ACTIVE_OUTLET,WV0061,003,2.089,ZCTA_NN;R6371;TIE_FIRST_LEX,ZCTA_NN_HAVERSINE;NOT_ELIGIBILITY;NOT_USPS_VALIDITY;NO_INVENTORY
26032,ZCTA_NEAREST_ACTIVE_OUTLET,OH0208,004,10.944,ZCTA_NN;R6371;TIE_FIRST_LEX,ZCTA_NN_HAVERSINE;NOT_ELIGIBILITY;NOT_USPS_VALIDITY;NO_INVENTORY
26033,EXACT_IMLS_OUTLET_ZIP,WV0061,004,,EXACT_OUTLET;TIE_FSCSKEY_SEQ,EXACT_OUTLET;NOT_USPS_VALIDITY;NO_INVENTORY
26034,EXACT_IMLS_OUTLET_ZIP,WV0070,002,,EXACT_OUTLET;TIE_FSCSKEY_SEQ,EXACT_OUTLET;NOT_USPS_VALIDITY;NO_INVENTORY
26035,ZCTA_NEAREST_ACTIVE_OUTLET,WV0080,003,4.100,ZCTA_NN;R6371;TIE_FIRST_LEX,ZCTA_NN_HAVERSINE;NOT_ELIGIBILITY;NOT_USPS_VALIDITY;NO_INVENTORY
26036,ZCTA_NEAREST_ACTIVE_OUTLET,WV0061,003,15.057,ZCTA_NN;R6371;TIE_FIRST_LEX,ZCTA_NN_HAVERSINE;NOT_ELIGIBILITY;NOT_USPS_VALIDITY;NO_INVENTORY
26037,EXACT_IMLS_OUTLET_ZIP,WV0080,003,,EXACT_OUTLET;TIE_FSCSKEY_SEQ,EXACT_OUTLET;NOT_USPS_VALIDITY;NO_INVENTORY
26038,ZCTA_NEAREST_ACTIVE_OUTLET,OH0133,008,2.449,ZCTA_NN;R6371;TIE_FIRST_LEX,ZCTA_NN_HAVERSINE;NOT_ELIGIBILITY;NOT_USPS_VALIDITY;NO_INVENTORY
26039,ZCTA_NEAREST_ACTIVE_OUTLET,WV0061,004,9.833,ZCTA_NN;R6371;TIE_FIRST_LEX,ZCTA_NN_HAVERSINE;NOT_ELIGIBILITY;NOT_USPS_VALIDITY;NO_INVENTORY
26040,EXACT_IMLS_OUTLET_ZIP,WV0061,003,,EXACT_OUTLET;TIE_FSCSKEY_SEQ,EXACT_OUTLET;NOT_USPS_VALIDITY;NO_INVENTORY
26041,EXACT_IMLS_OUTLET_ZIP,WV0061,002,,EXACT_OUTLET;TIE_FSCSKEY_SEQ,EXACT_OUTLET;NOT_USPS_VALIDITY;NO_INVENTORY
26047,EXACT_IMLS_OUTLET_ZIP,WV0069,002,,EXACT_OUTLET;TIE_FSCSKEY_SEQ,EXACT_OUTLET;NOT_USPS_VALIDITY;NO_INVENTORY
26050,ZCTA_NEAREST_ACTIVE_OUTLET,OH0234,002,2.231,ZCTA_NN;R6371;TIE_FIRST_LEX,ZCTA_NN_HAVERSINE;NOT_ELIGIBILITY;NOT_USPS_VALIDITY;NO_INVENTORY
26055,ZCTA_NEAREST_ACTIVE_OUTLET,OH0133,007,11.591,ZCTA_NN;R6371;TIE_FIRST_LEX,ZCTA_NN_HAVERSINE;NOT_ELIGIBILITY;NOT_USPS_VALIDITY;NO_INVENTORY
26056,ZCTA_NEAREST_ACTIVE_OUTLET,WV0069,002,3.813,ZCTA_NN;R6371;TIE_FIRST_LEX,ZCTA_NN_HAVERSINE;NOT_ELIGIBILITY;NOT_USPS_VALIDITY;NO_INVENTORY
26058,ZCTA_NEAREST_ACTIVE_OUTLET,OH0208,008,2.815,ZCTA_NN;R6371;TIE_FIRST_LEX,ZCTA_NN_HAVERSINE;NOT_ELIGIBILITY;NOT_USPS_VALIDITY;NO_INVENTORY
26059,ZCTA_NEAREST_ACTIVE_OUTLET,WV0060,002,9.786,ZCTA_NN;R6371;TIE_FIRST_LEX,ZCTA_NN_HAVERSINE;NOT_ELIGIBILITY;NOT_USPS_VALIDITY;NO_INVENTORY
26060,ZCTA_NEAREST_ACTIVE_OUTLET,OH0208,008,15.019,ZCTA_NN;R6371;TIE_FIRST_LEX,ZCTA_NN_HAVERSINE;NOT_ELIGIBILITY;NOT_USPS_VALIDITY;NO_INVENTORY
26062,EXACT_IMLS_OUTLET_ZIP,WV0068,002,,EXACT_OUTLET;TIE_FSCSKEY_SEQ,EXACT_OUTLET;NOT_USPS_VALIDITY;NO_INVENTORY
26070,EXACT_IMLS_OUTLET_ZIP,WV0080,002,,EXACT_OUTLET;TIE_FSCSKEY_SEQ,EXACT_OUTLET;NOT_USPS_VALIDITY;NO_INVENTORY
26074,ZCTA_NEAREST_ACTIVE_OUTLET,OH0208,008,8.438,ZCTA_NN;R6371;TIE_FIRST_LEX,ZCTA_NN_HAVERSINE;NOT_ELIGIBILITY;NOT_USPS_VALIDITY;NO_INVENTORY
26075,ZCTA_NEAREST_ACTIVE_OUTLET,OH0208,008,4.188,ZCTA_NN;R6371;TIE_FIRST_LEX,ZCTA_NN_HAVERSINE;NOT_ELIGIBILITY;NOT_USPS_VALIDITY;NO_INVENTORY
26101,EXACT_IMLS_OUTLET_ZIP,WV0020,004,,EXACT_OUTLET;TIE_FSCSKEY_SEQ,EXACT_OUTLET;NOT_USPS_VALIDITY;NO_INVENTORY
26102,OBSERVED_REFERENCE_INDIRECT_ONLY,,,,INDIRECT_IMLS_SC;NO_FABRICATED_NEAREST,INDIRECT_IMLS_SC;NO_FABRICATED_NEAREST;NOT_REJECTED;NOT_USPS_VALIDITY;NO_INVENTORY
26103,OBSERVED_REFERENCE_INDIRECT_ONLY,,,,INDIRECT_IMLS_SC;NO_FABRICATED_NEAREST,INDIRECT_IMLS_SC;NO_FABRICATED_NEAREST;NOT_REJECTED;NOT_USPS_VALIDITY;NO_INVENTORY
26104,EXACT_IMLS_OUTLET_ZIP,WV0020,002,,EXACT_OUTLET;TIE_FSCSKEY_SEQ,EXACT_OUTLET;NOT_USPS_VALIDITY;NO_INVENTORY
26105,EXACT_IMLS_OUTLET_ZIP,WV0022,002,,EXACT_OUTLET;TIE_FSCSKEY_SEQ,EXACT_OUTLET;NOT_USPS_VALIDITY;NO_INVENTORY
26133,ZCTA_NEAREST_ACTIVE_OUTLET,OH0156,008,16.628,ZCTA_NN;R6371;TIE_FIRST_LEX,ZCTA_NN_HAVERSINE;NOT_ELIGIBILITY;NOT_USPS_VALIDITY;NO_INVENTORY
26134,ZCTA_NEAREST_ACTIVE_OUTLET,WV0021,002,5.235,ZCTA_NN;R6371;TIE_FIRST_LEX,ZCTA_NN_HAVERSINE;NOT_ELIGIBILITY;NOT_USPS_VALIDITY;NO_INVENTORY
26136,ZCTA_NEAREST_ACTIVE_OUTLET,WV0015,002,4.577,ZCTA_NN;R6371;TIE_FIRST_LEX,ZCTA_NN_HAVERSINE;NOT_ELIGIBILITY;NOT_USPS_VALIDITY;NO_INVENTORY
26137,ZCTA_NEAREST_ACTIVE_OUTLET,WV0015,002,8.988,ZCTA_NN;R6371;TIE_FIRST_LEX,ZCTA_NN_HAVERSINE;NOT_ELIGIBILITY;NOT_USPS_VALIDITY;NO_INVENTORY
26138,ZCTA_NEAREST_ACTIVE_OUTLET,WV0015,002,12.358,ZCTA_NN;R6371;TIE_FIRST_LEX,ZCTA_NN_HAVERSINE;NOT_ELIGIBILITY;NOT_USPS_VALIDITY;NO_INVENTORY
26141,ZCTA_NEAREST_ACTIVE_OUTLET,WV0015,002,12.963,ZCTA_NN;R6371;TIE_FIRST_LEX,ZCTA_NN_HAVERSINE;NOT_ELIGIBILITY;NOT_USPS_VALIDITY;NO_INVENTORY
26142,ZCTA_NEAREST_ACTIVE_OUTLET,WV0020,004,8.195,ZCTA_NN;R6371;TIE_FIRST_LEX,ZCTA_NN_HAVERSINE;NOT_ELIGIBILITY;NOT_USPS_VALIDITY;NO_INVENTORY
26143,EXACT_IMLS_OUTLET_ZIP,WV0019,002,,EXACT_OUTLET;TIE_FSCSKEY_SEQ,EXACT_OUTLET;NOT_USPS_VALIDITY;NO_INVENTORY
26146,ZCTA_NEAREST_ACTIVE_OUTLET,OH0131,005,7.799,ZCTA_NN;R6371;TIE_FIRST_LEX,ZCTA_NN_HAVERSINE;NOT_ELIGIBILITY;NOT_USPS_VALIDITY;NO_INVENTORY
26147,EXACT_IMLS_OUTLET_ZIP,WV0015,002,,EXACT_OUTLET;TIE_FSCSKEY_SEQ,EXACT_OUTLET;NOT_USPS_VALIDITY;NO_INVENTORY
26148,ZCTA_NEAREST_ACTIVE_OUTLET,WV0015,002,16.733,ZCTA_NN;R6371;TIE_FIRST_LEX,ZCTA_NN_HAVERSINE;NOT_ELIGIBILITY;NOT_USPS_VALIDITY;NO_INVENTORY
26149,EXACT_IMLS_OUTLET_ZIP,WV0067,002,,EXACT_OUTLET;TIE_FSCSKEY_SEQ,EXACT_OUTLET;NOT_USPS_VALIDITY;NO_INVENTORY
26150,ZCTA_NEAREST_ACTIVE_OUTLET,WV0020,004,11.620,ZCTA_NN;R6371;TIE_FIRST_LEX,ZCTA_NN_HAVERSINE;NOT_ELIGIBILITY;NOT_USPS_VALIDITY;NO_INVENTORY
26151,ZCTA_NEAREST_ACTIVE_OUTLET,WV0015,002,8.053,ZCTA_NN;R6371;TIE_FIRST_LEX,ZCTA_NN_HAVERSINE;NOT_ELIGIBILITY;NOT_USPS_VALIDITY;NO_INVENTORY
26152,ZCTA_NEAREST_ACTIVE_OUTLET,WV0015,002,9.325,ZCTA_NN;R6371;TIE_FIRST_LEX,ZCTA_NN_HAVERSINE;NOT_ELIGIBILITY;NOT_USPS_VALIDITY;NO_INVENTORY
26155,EXACT_IMLS_OUTLET_ZIP,WV0063,002,,EXACT_OUTLET;TIE_FSCSKEY_SEQ,EXACT_OUTLET;NOT_USPS_VALIDITY;NO_INVENTORY
26159,EXACT_IMLS_OUTLET_ZIP,WV0064,002,,EXACT_OUTLET;TIE_FSCSKEY_SEQ,EXACT_OUTLET;NOT_USPS_VALIDITY;NO_INVENTORY
26160,ZCTA_NEAREST_ACTIVE_OUTLET,WV0019,002,9.226,ZCTA_NN;R6371;TIE_FIRST_LEX,ZCTA_NN_HAVERSINE;NOT_ELIGIBILITY;NOT_USPS_VALIDITY;NO_INVENTORY
26161,ZCTA_NEAREST_ACTIVE_OUTLET,WV0019,002,16.718,ZCTA_NN;R6371;TIE_FIRST_LEX,ZCTA_NN_HAVERSINE;NOT_ELIGIBILITY;NOT_USPS_VALIDITY;NO_INVENTORY
26162,ZCTA_NEAREST_ACTIVE_OUTLET,WV0065,002,7.523,ZCTA_NN;R6371;TIE_FIRST_LEX,ZCTA_NN_HAVERSINE;NOT_ELIGIBILITY;NOT_USPS_VALIDITY;NO_INVENTORY
26164,EXACT_IMLS_OUTLET_ZIP,WV0074,003,,EXACT_OUTLET;TIE_FSCSKEY_SEQ,EXACT_OUTLET;NOT_USPS_VALIDITY;NO_INVENTORY
26167,ZCTA_NEAREST_ACTIVE_OUTLET,WV0065,002,5.278,ZCTA_NN;R6371;TIE_FIRST_LEX,ZCTA_NN_HAVERSINE;NOT_ELIGIBILITY;NOT_USPS_VALIDITY;NO_INVENTORY
26169,ZCTA_NEAREST_ACTIVE_OUTLET,WV0019,002,16.561,ZCTA_NN;R6371;TIE_FIRST_LEX,ZCTA_NN_HAVERSINE;NOT_ELIGIBILITY;NOT_USPS_VALIDITY;NO_INVENTORY
26170,EXACT_IMLS_OUTLET_ZIP,WV0021,002,,EXACT_OUTLET;TIE_FSCSKEY_SEQ,EXACT_OUTLET;NOT_USPS_VALIDITY;NO_INVENTORY
26175,EXACT_IMLS_OUTLET_ZIP,WV0066,002,,EXACT_OUTLET;TIE_FSCSKEY_SEQ,EXACT_OUTLET;NOT_USPS_VALIDITY;NO_INVENTORY
26178,ZCTA_NEAREST_ACTIVE_OUTLET,WV0015,002,16.683,ZCTA_NN;R6371;TIE_FIRST_LEX,ZCTA_NN_HAVERSINE;NOT_ELIGIBILITY;NOT_USPS_VALIDITY;NO_INVENTORY
26180,ZCTA_NEAREST_ACTIVE_OUTLET,WV0019,002,14.862,ZCTA_NN;R6371;TIE_FIRST_LEX,ZCTA_NN_HAVERSINE;NOT_ELIGIBILITY;NOT_USPS_VALIDITY;NO_INVENTORY
26181,ZCTA_NEAREST_ACTIVE_OUTLET,OH0131,003,9.334,ZCTA_NN;R6371;TIE_FIRST_LEX,ZCTA_NN_HAVERSINE;NOT_ELIGIBILITY;NOT_USPS_VALIDITY;NO_INVENTORY
26184,ZCTA_NEAREST_ACTIVE_OUTLET,OH0131,008,12.964,ZCTA_NN;R6371;TIE_FIRST_LEX,ZCTA_NN_HAVERSINE;NOT_ELIGIBILITY;NOT_USPS_VALIDITY;NO_INVENTORY
26187,EXACT_IMLS_OUTLET_ZIP,WV0020,003,,EXACT_OUTLET;TIE_FSCSKEY_SEQ,EXACT_OUTLET;NOT_USPS_VALIDITY;NO_INVENTORY
26201,EXACT_IMLS_OUTLET_ZIP,WV0026,002,,EXACT_OUTLET;TIE_FSCSKEY_SEQ,EXACT_OUTLET;NOT_USPS_VALIDITY;NO_INVENTORY
26202,ZCTA_NEAREST_ACTIVE_OUTLET,WV0094,002,7.999,ZCTA_NN;R6371;TIE_FIRST_LEX,ZCTA_NN_HAVERSINE;NOT_ELIGIBILITY;NOT_USPS_VALIDITY;NO_INVENTORY
26203,ZCTA_NEAREST_ACTIVE_OUTLET,WV0099,002,15.831,ZCTA_NN;R6371;TIE_FIRST_LEX,ZCTA_NN_HAVERSINE;NOT_ELIGIBILITY;NOT_USPS_VALIDITY;NO_INVENTORY
26205,EXACT_IMLS_OUTLET_ZIP,WV0093,002,,EXACT_OUTLET;TIE_FSCSKEY_SEQ,EXACT_OUTLET;NOT_USPS_VALIDITY;NO_INVENTORY
26206,EXACT_IMLS_OUTLET_ZIP,WV0099,002,,EXACT_OUTLET;TIE_FSCSKEY_SEQ,EXACT_OUTLET;NOT_USPS_VALIDITY;NO_INVENTORY
26208,ZCTA_NEAREST_ACTIVE_OUTLET,WV0093,002,6.439,ZCTA_NN;R6371;TIE_FIRST_LEX,ZCTA_NN_HAVERSINE;NOT_ELIGIBILITY;NOT_USPS_VALIDITY;NO_INVENTORY
26209,ZCTA_NEAREST_ACTIVE_OUTLET,WV0096,008,6.023,ZCTA_NN;R6371;TIE_FIRST_LEX,ZCTA_NN_HAVERSINE;NOT_ELIGIBILITY;NOT_USPS_VALIDITY;NO_INVENTORY
26210,ZCTA_NEAREST_ACTIVE_OUTLET,WV0026,002,7.676,ZCTA_NN;R6371;TIE_FIRST_LEX,ZCTA_NN_HAVERSINE;NOT_ELIGIBILITY;NOT_USPS_VALIDITY;NO_INVENTORY
26215,ZCTA_NEAREST_ACTIVE_OUTLET,WV0031,002,14.211,ZCTA_NN;R6371;TIE_FIRST_LEX,ZCTA_NN_HAVERSINE;NOT_ELIGIBILITY;NOT_USPS_VALIDITY;NO_INVENTORY
26217,ZCTA_NEAREST_ACTIVE_OUTLET,WV0098,002,15.600,ZCTA_NN;R6371;TIE_FIRST_LEX,ZCTA_NN_HAVERSINE;NOT_ELIGIBILITY;NOT_USPS_VALIDITY;NO_INVENTORY
26218,ZCTA_NEAREST_ACTIVE_OUTLET,WV0026,002,13.632,ZCTA_NN;R6371;TIE_FIRST_LEX,ZCTA_NN_HAVERSINE;NOT_ELIGIBILITY;NOT_USPS_VALIDITY;NO_INVENTORY
26222,ZCTA_NEAREST_ACTIVE_OUTLET,WV0031,002,13.206,ZCTA_NN;R6371;TIE_FIRST_LEX,ZCTA_NN_HAVERSINE;NOT_ELIGIBILITY;NOT_USPS_VALIDITY;NO_INVENTORY
26224,EXACT_IMLS_OUTLET_ZIP,WV0031,002,,EXACT_OUTLET;TIE_FSCSKEY_SEQ,EXACT_OUTLET;NOT_USPS_VALIDITY;NO_INVENTORY
26228,ZCTA_NEAREST_ACTIVE_OUTLET,WV0031,002,15.575,ZCTA_NN;R6371;TIE_FIRST_LEX,ZCTA_NN_HAVERSINE;NOT_ELIGIBILITY;NOT_USPS_VALIDITY;NO_INVENTORY
26230,ZCTA_NEAREST_ACTIVE_OUTLET,WV0031,002,8.695,ZCTA_NN;R6371;TIE_FIRST_LEX,ZCTA_NN_HAVERSINE;NOT_ELIGIBILITY;NOT_USPS_VALIDITY;NO_INVENTORY
26234,ZCTA_NEAREST_ACTIVE_OUTLET,WV0031,002,11.420,ZCTA_NN;R6371;TIE_FIRST_LEX,ZCTA_NN_HAVERSINE;NOT_ELIGIBILITY;NOT_USPS_VALIDITY;NO_INVENTORY
26236,ZCTA_NEAREST_ACTIVE_OUTLET,WV0031,002,2.829,ZCTA_NN;R6371;TIE_FIRST_LEX,ZCTA_NN_HAVERSINE;NOT_ELIGIBILITY;NOT_USPS_VALIDITY;NO_INVENTORY
26237,ZCTA_NEAREST_ACTIVE_OUTLET,WV0026,002,15.215,ZCTA_NN;R6371;TIE_FIRST_LEX,ZCTA_NN_HAVERSINE;NOT_ELIGIBILITY;NOT_USPS_VALIDITY;NO_INVENTORY
26238,ZCTA_NEAREST_ACTIVE_OUTLET,WV0028,002,11.768,ZCTA_NN;R6371;TIE_FIRST_LEX,ZCTA_NN_HAVERSINE;NOT_ELIGIBILITY;NOT_USPS_VALIDITY;NO_INVENTORY
26241,EXACT_IMLS_OUTLET_ZIP,WV0030,002,,EXACT_OUTLET;TIE_FSCSKEY_SEQ,EXACT_OUTLET;NOT_USPS_VALIDITY;NO_INVENTORY
26250,EXACT_IMLS_OUTLET_ZIP,WV0027,002,,EXACT_OUTLET;TIE_FSCSKEY_SEQ,EXACT_OUTLET;NOT_USPS_VALIDITY;NO_INVENTORY
26253,EXACT_IMLS_OUTLET_ZIP,WV0030,003,,EXACT_OUTLET;TIE_FSCSKEY_SEQ,EXACT_OUTLET;NOT_USPS_VALIDITY;NO_INVENTORY
26254,ZCTA_NEAREST_ACTIVE_OUTLET,WV0034,002,10.477,ZCTA_NN;R6371;TIE_FIRST_LEX,ZCTA_NN_HAVERSINE;NOT_ELIGIBILITY;NOT_USPS_VALIDITY;NO_INVENTORY
26257,ZCTA_NEAREST_ACTIVE_OUTLET,WV0027,002,13.055,ZCTA_NN;R6371;TIE_FIRST_LEX,ZCTA_NN_HAVERSINE;NOT_ELIGIBILITY;NOT_USPS_VALIDITY;NO_INVENTORY
26259,ZCTA_NEAREST_ACTIVE_OUTLET,WV0030,003,3.819,ZCTA_NN;R6371;TIE_FIRST_LEX,ZCTA_NN_HAVERSINE;NOT_ELIGIBILITY;NOT_USPS_VALIDITY;NO_INVENTORY
26260,ZCTA_NEAREST_ACTIVE_OUTLET,WV0036,002,10.163,ZCTA_NN;R6371;TIE_FIRST_LEX,ZCTA_NN_HAVERSINE;NOT_ELIGIBILITY;NOT_USPS_VALIDITY;NO_INVENTORY
26261,EXACT_IMLS_OUTLET_ZIP,WV0094,002,,EXACT_OUTLET;TIE_FSCSKEY_SEQ,EXACT_OUTLET;NOT_USPS_VALIDITY;NO_INVENTORY
26263,ZCTA_NEAREST_ACTIVE_OUTLET,WV0034,002,8.419,ZCTA_NN;R6371;TIE_FIRST_LEX,ZCTA_NN_HAVERSINE;NOT_ELIGIBILITY;NOT_USPS_VALIDITY;NO_INVENTORY
26264,EXACT_IMLS_OUTLET_ZIP,WV0096,005,,EXACT_OUTLET;TIE_FSCSKEY_SEQ,EXACT_OUTLET;NOT_USPS_VALIDITY;NO_INVENTORY
26266,ZCTA_NEAREST_ACTIVE_OUTLET,WV0099,002,6.015,ZCTA_NN;R6371;TIE_FIRST_LEX,ZCTA_NN_HAVERSINE;NOT_ELIGIBILITY;NOT_USPS_VALIDITY;NO_INVENTORY
26267,ZCTA_NEAREST_ACTIVE_OUTLET,WV0029,002,14.489,ZCTA_NN;R6371;TIE_FIRST_LEX,ZCTA_NN_HAVERSINE;NOT_ELIGIBILITY;NOT_USPS_VALIDITY;NO_INVENTORY
26268,ZCTA_NEAREST_ACTIVE_OUTLET,WV0033,002,12.983,ZCTA_NN;R6371;TIE_FIRST_LEX,ZCTA_NN_HAVERSINE;NOT_ELIGIBILITY;NOT_USPS_VALIDITY;NO_INVENTORY
26269,ZCTA_NEAREST_ACTIVE_OUTLET,WV0035,002,3.148,ZCTA_NN;R6371;TIE_FIRST_LEX,ZCTA_NN_HAVERSINE;NOT_ELIGIBILITY;NOT_USPS_VALIDITY;NO_INVENTORY
26270,EXACT_IMLS_OUTLET_ZIP,WV0034,002,,EXACT_OUTLET;TIE_FSCSKEY_SEQ,EXACT_OUTLET;NOT_USPS_VALIDITY;NO_INVENTORY
26271,ZCTA_NEAREST_ACTIVE_OUTLET,WV0034,002,11.546,ZCTA_NN;R6371;TIE_FIRST_LEX,ZCTA_NN_HAVERSINE;NOT_ELIGIBILITY;NOT_USPS_VALIDITY;NO_INVENTORY
26273,ZCTA_NEAREST_ACTIVE_OUTLET,WV0033,002,10.585,ZCTA_NN;R6371;TIE_FIRST_LEX,ZCTA_NN_HAVERSINE;NOT_ELIGIBILITY;NOT_USPS_VALIDITY;NO_INVENTORY
26275,ZCTA_NEAREST_ACTIVE_OUTLET,WV0027,002,4.269,ZCTA_NN;R6371;TIE_FIRST_LEX,ZCTA_NN_HAVERSINE;NOT_ELIGIBILITY;NOT_USPS_VALIDITY;NO_INVENTORY
26276,ZCTA_NEAREST_ACTIVE_OUTLET,WV0035,002,8.490,ZCTA_NN;R6371;TIE_FIRST_LEX,ZCTA_NN_HAVERSINE;NOT_ELIGIBILITY;NOT_USPS_VALIDITY;NO_INVENTORY
26278,ZCTA_NEAREST_ACTIVE_OUTLET,WV0033,002,11.698,ZCTA_NN;R6371;TIE_FIRST_LEX,ZCTA_NN_HAVERSINE;NOT_ELIGIBILITY;NOT_USPS_VALIDITY;NO_INVENTORY
26280,EXACT_IMLS_OUTLET_ZIP,WV0033,002,,EXACT_OUTLET;TIE_FSCSKEY_SEQ,EXACT_OUTLET;NOT_USPS_VALIDITY;NO_INVENTORY
26282,ZCTA_NEAREST_ACTIVE_OUTLET,WV0032,002,9.957,ZCTA_NN;R6371;TIE_FIRST_LEX,ZCTA_NN_HAVERSINE;NOT_ELIGIBILITY;NOT_USPS_VALIDITY;NO_INVENTORY
26283,ZCTA_NEAREST_ACTIVE_OUTLET,WV0027,002,10.451,ZCTA_NN;R6371;TIE_FIRST_LEX,ZCTA_NN_HAVERSINE;NOT_ELIGIBILITY;NOT_USPS_VALIDITY;NO_INVENTORY
26285,ZCTA_NEAREST_ACTIVE_OUTLET,WV0030,002,8.879,ZCTA_NN;R6371;TIE_FIRST_LEX,ZCTA_NN_HAVERSINE;NOT_ELIGIBILITY;NOT_USPS_VALIDITY;NO_INVENTORY
26287,EXACT_IMLS_OUTLET_ZIP,WV0035,002,,EXACT_OUTLET;TIE_FSCSKEY_SEQ,EXACT_OUTLET;NOT_USPS_VALIDITY;NO_INVENTORY
26288,EXACT_IMLS_OUTLET_ZIP,WV0098,002,,EXACT_OUTLET;TIE_FSCSKEY_SEQ,EXACT_OUTLET;NOT_USPS_VALIDITY;NO_INVENTORY
26289,ZCTA_NEAREST_ACTIVE_OUTLET,WV0034,002,7.696,ZCTA_NN;R6371;TIE_FIRST_LEX,ZCTA_NN_HAVERSINE;NOT_ELIGIBILITY;NOT_USPS_VALIDITY;NO_INVENTORY
26291,EXACT_IMLS_OUTLET_ZIP,WV0096,008,,EXACT_OUTLET;TIE_FSCSKEY_SEQ,EXACT_OUTLET;NOT_USPS_VALIDITY;NO_INVENTORY
26292,EXACT_IMLS_OUTLET_ZIP,WV0036,002,,EXACT_OUTLET;TIE_FSCSKEY_SEQ,EXACT_OUTLET;NOT_USPS_VALIDITY;NO_INVENTORY
26293,ZCTA_NEAREST_ACTIVE_OUTLET,WV0033,002,6.620,ZCTA_NN;R6371;TIE_FIRST_LEX,ZCTA_NN_HAVERSINE;NOT_ELIGIBILITY;NOT_USPS_VALIDITY;NO_INVENTORY
26294,EXACT_IMLS_OUTLET_ZIP,WV0032,002,,EXACT_OUTLET;TIE_FSCSKEY_SEQ,EXACT_OUTLET;NOT_USPS_VALIDITY;NO_INVENTORY
26296,ZCTA_NEAREST_ACTIVE_OUTLET,WV0034,002,17.606,ZCTA_NN;R6371;TIE_FIRST_LEX,ZCTA_NN_HAVERSINE;NOT_ELIGIBILITY;NOT_USPS_VALIDITY;NO_INVENTORY
26298,ZCTA_NEAREST_ACTIVE_OUTLET,WV0098,002,10.787,ZCTA_NN;R6371;TIE_FIRST_LEX,ZCTA_NN_HAVERSINE;NOT_ELIGIBILITY;NOT_USPS_VALIDITY;NO_INVENTORY
26301,EXACT_IMLS_OUTLET_ZIP,WV0040,002,,EXACT_OUTLET;TIE_FSCSKEY_SEQ,EXACT_OUTLET;NOT_USPS_VALIDITY;NO_INVENTORY
26302,OBSERVED_REFERENCE_INDIRECT_ONLY,,,,INDIRECT_IMLS_SC;NO_FABRICATED_NEAREST,INDIRECT_IMLS_SC;NO_FABRICATED_NEAREST;NOT_REJECTED;NOT_USPS_VALIDITY;NO_INVENTORY
26306,OBSERVED_REFERENCE_INDIRECT_ONLY,,,,INDIRECT_IMLS_SC;NO_FABRICATED_NEAREST,INDIRECT_IMLS_SC;NO_FABRICATED_NEAREST;NOT_REJECTED;NOT_USPS_VALIDITY;NO_INVENTORY
26320,ZCTA_NEAREST_ACTIVE_OUTLET,WV0017,002,12.363,ZCTA_NN;R6371;TIE_FIRST_LEX,ZCTA_NN_HAVERSINE;NOT_ELIGIBILITY;NOT_USPS_VALIDITY;NO_INVENTORY
26321,ZCTA_NEAREST_ACTIVE_OUTLET,WV0087,002,17.532,ZCTA_NN;R6371;TIE_FIRST_LEX,ZCTA_NN_HAVERSINE;NOT_ELIGIBILITY;NOT_USPS_VALIDITY;NO_INVENTORY
26323,ZCTA_NEAREST_ACTIVE_OUTLET,WV0044,002,2.938,ZCTA_NN;R6371;TIE_FIRST_LEX,ZCTA_NN_HAVERSINE;NOT_ELIGIBILITY;NOT_USPS_VALIDITY;NO_INVENTORY
26325,ZCTA_NEAREST_ACTIVE_OUTLET,WV0018,002,17.419,ZCTA_NN;R6371;TIE_FIRST_LEX,ZCTA_NN_HAVERSINE;NOT_ELIGIBILITY;NOT_USPS_VALIDITY;NO_INVENTORY
26327,ZCTA_NEAREST_ACTIVE_OUTLET,WV0018,002,13.227,ZCTA_NN;R6371;TIE_FIRST_LEX,ZCTA_NN_HAVERSINE;NOT_ELIGIBILITY;NOT_USPS_VALIDITY;NO_INVENTORY
26330,EXACT_IMLS_OUTLET_ZIP,WV0041,002,,EXACT_OUTLET;TIE_FSCSKEY_SEQ,EXACT_OUTLET;NOT_USPS_VALIDITY;NO_INVENTORY
26335,EXACT_IMLS_OUTLET_ZIP,WV0039,002,,EXACT_OUTLET;TIE_FSCSKEY_SEQ,EXACT_OUTLET;NOT_USPS_VALIDITY;NO_INVENTORY
26337,ZCTA_NEAREST_ACTIVE_OUTLET,WV0018,002,10.010,ZCTA_NN;R6371;TIE_FIRST_LEX,ZCTA_NN_HAVERSINE;NOT_ELIGIBILITY;NOT_USPS_VALIDITY;NO_INVENTORY
26338,ZCTA_NEAREST_ACTIVE_OUTLET,WV0076,002,15.330,ZCTA_NN;R6371;TIE_FIRST_LEX,ZCTA_NN_HAVERSINE;NOT_ELIGIBILITY;NOT_USPS_VALIDITY;NO_INVENTORY
26339,ZCTA_NEAREST_ACTIVE_OUTLET,WV0017,003,4.182,ZCTA_NN;R6371;TIE_FIRST_LEX,ZCTA_NN_HAVERSINE;NOT_ELIGIBILITY;NOT_USPS_VALIDITY;NO_INVENTORY
26342,ZCTA_NEAREST_ACTIVE_OUTLET,WV0087,002,10.797,ZCTA_NN;R6371;TIE_FIRST_LEX,ZCTA_NN_HAVERSINE;NOT_ELIGIBILITY;NOT_USPS_VALIDITY;NO_INVENTORY
26343,ZCTA_NEAREST_ACTIVE_OUTLET,WV0026,002,21.242,ZCTA_NN;R6371;TIE_FIRST_LEX,ZCTA_NN_HAVERSINE;NOT_ELIGIBILITY;NOT_USPS_VALIDITY;NO_INVENTORY
26346,ZCTA_NEAREST_ACTIVE_OUTLET,WV0018,003,7.963,ZCTA_NN;R6371;TIE_FIRST_LEX,ZCTA_NN_HAVERSINE;NOT_ELIGIBILITY;NOT_USPS_VALIDITY;NO_INVENTORY
26347,ZCTA_NEAREST_ACTIVE_OUTLET,WV0045,002,11.894,ZCTA_NN;R6371;TIE_FIRST_LEX,ZCTA_NN_HAVERSINE;NOT_ELIGIBILITY;NOT_USPS_VALIDITY;NO_INVENTORY
26348,ZCTA_NEAREST_ACTIVE_OUTLET,WV0017,003,11.301,ZCTA_NN;R6371;TIE_FIRST_LEX,ZCTA_NN_HAVERSINE;NOT_ELIGIBILITY;NOT_USPS_VALIDITY;NO_INVENTORY
26349,ZCTA_NEAREST_ACTIVE_OUTLET,WV0028,002,10.564,ZCTA_NN;R6371;TIE_FIRST_LEX,ZCTA_NN_HAVERSINE;NOT_ELIGIBILITY;NOT_USPS_VALIDITY;NO_INVENTORY
26351,EXACT_IMLS_OUTLET_ZIP,WV0087,002,,EXACT_OUTLET;TIE_FSCSKEY_SEQ,EXACT_OUTLET;NOT_USPS_VALIDITY;NO_INVENTORY
26354,EXACT_IMLS_OUTLET_ZIP,WV0045,002,,EXACT_OUTLET;TIE_FSCSKEY_SEQ,EXACT_OUTLET;NOT_USPS_VALIDITY;NO_INVENTORY
26361,ZCTA_NEAREST_ACTIVE_OUTLET,WV0043,002,3.756,ZCTA_NN;R6371;TIE_FIRST_LEX,ZCTA_NN_HAVERSINE;NOT_ELIGIBILITY;NOT_USPS_VALIDITY;NO_INVENTORY
26362,EXACT_IMLS_OUTLET_ZIP,WV0018,002,,EXACT_OUTLET;TIE_FSCSKEY_SEQ,EXACT_OUTLET;NOT_USPS_VALIDITY;NO_INVENTORY
26366,ZCTA_NEAREST_ACTIVE_OUTLET,WV0043,002,3.280,ZCTA_NN;R6371;TIE_FIRST_LEX,ZCTA_NN_HAVERSINE;NOT_ELIGIBILITY;NOT_USPS_VALIDITY;NO_INVENTORY
26369,ZCTA_NEAREST_ACTIVE_OUTLET,WV0040,002,6.101,ZCTA_NN;R6371;TIE_FIRST_LEX,ZCTA_NN_HAVERSINE;NOT_ELIGIBILITY;NOT_USPS_VALIDITY;NO_INVENTORY
26372,ZCTA_NEAREST_ACTIVE_OUTLET,WV0026,002,9.632,ZCTA_NN;R6371;TIE_FIRST_LEX,ZCTA_NN_HAVERSINE;NOT_ELIGIBILITY;NOT_USPS_VALIDITY;NO_INVENTORY
26374,ZCTA_NEAREST_ACTIVE_OUTLET,WV0023,003,11.359,ZCTA_NN;R6371;TIE_FIRST_LEX,ZCTA_NN_HAVERSINE;NOT_ELIGIBILITY;NOT_USPS_VALIDITY;NO_INVENTORY
26376,ZCTA_NEAREST_ACTIVE_OUTLET,WV0039,002,18.769,ZCTA_NN;R6371;TIE_FIRST_LEX,ZCTA_NN_HAVERSINE;NOT_ELIGIBILITY;NOT_USPS_VALIDITY;NO_INVENTORY
26377,ZCTA_NEAREST_ACTIVE_OUTLET,WV0065,002,8.195,ZCTA_NN;R6371;TIE_FIRST_LEX,ZCTA_NN_HAVERSINE;NOT_ELIGIBILITY;NOT_USPS_VALIDITY;NO_INVENTORY
26378,ZCTA_NEAREST_ACTIVE_OUTLET,WV0042,002,9.302,ZCTA_NN;R6371;TIE_FIRST_LEX,ZCTA_NN_HAVERSINE;NOT_ELIGIBILITY;NOT_USPS_VALIDITY;NO_INVENTORY
26384,ZCTA_NEAREST_ACTIVE_OUTLET,WV0087,002,10.531,ZCTA_NN;R6371;TIE_FIRST_LEX,ZCTA_NN_HAVERSINE;NOT_ELIGIBILITY;NOT_USPS_VALIDITY;NO_INVENTORY
26385,EXACT_IMLS_OUTLET_ZIP,WV0042,002,,EXACT_OUTLET;TIE_FSCSKEY_SEQ,EXACT_OUTLET;NOT_USPS_VALIDITY;NO_INVENTORY
26386,ZCTA_NEAREST_ACTIVE_OUTLET,WV0043,002,7.716,ZCTA_NN;R6371;TIE_FIRST_LEX,ZCTA_NN_HAVERSINE;NOT_ELIGIBILITY;NOT_USPS_VALIDITY;NO_INVENTORY
26404,ZCTA_NEAREST_ACTIVE_OUTLET,WV0041,002,4.907,ZCTA_NN;R6371;TIE_FIRST_LEX,ZCTA_NN_HAVERSINE;NOT_ELIGIBILITY;NOT_USPS_VALIDITY;NO_INVENTORY
26405,ZCTA_NEAREST_ACTIVE_OUTLET,WV0028,002,14.249,ZCTA_NN;R6371;TIE_FIRST_LEX,ZCTA_NN_HAVERSINE;NOT_ELIGIBILITY;NOT_USPS_VALIDITY;NO_INVENTORY
26408,ZCTA_NEAREST_ACTIVE_OUTLET,WV0042,002,5.105,ZCTA_NN;R6371;TIE_FIRST_LEX,ZCTA_NN_HAVERSINE;NOT_ELIGIBILITY;NOT_USPS_VALIDITY;NO_INVENTORY
26410,ZCTA_NEAREST_ACTIVE_OUTLET,WV0024,002,12.604,ZCTA_NN;R6371;TIE_FIRST_LEX,ZCTA_NN_HAVERSINE;NOT_ELIGIBILITY;NOT_USPS_VALIDITY;NO_INVENTORY
26411,ZCTA_NEAREST_ACTIVE_OUTLET,WV0017,002,14.005,ZCTA_NN;R6371;TIE_FIRST_LEX,ZCTA_NN_HAVERSINE;NOT_ELIGIBILITY;NOT_USPS_VALIDITY;NO_INVENTORY
26412,ZCTA_NEAREST_ACTIVE_OUTLET,WV0039,002,7.679,ZCTA_NN;R6371;TIE_FIRST_LEX,ZCTA_NN_HAVERSINE;NOT_ELIGIBILITY;NOT_USPS_VALIDITY;NO_INVENTORY
26415,EXACT_IMLS_OUTLET_ZIP,WV0018,003,,EXACT_OUTLET;TIE_FSCSKEY_SEQ,EXACT_OUTLET;NOT_USPS_VALIDITY;NO_INVENTORY
26416,EXACT_IMLS_OUTLET_ZIP,WV0028,002,,EXACT_OUTLET;TIE_FSCSKEY_SEQ,EXACT_OUTLET;NOT_USPS_VALIDITY;NO_INVENTORY
26419,EXACT_IMLS_OUTLET_ZIP,WV0065,002,,EXACT_OUTLET;TIE_FSCSKEY_SEQ,EXACT_OUTLET;NOT_USPS_VALIDITY;NO_INVENTORY
26421,ZCTA_NEAREST_ACTIVE_OUTLET,WV0018,002,11.091,ZCTA_NN;R6371;TIE_FIRST_LEX,ZCTA_NN_HAVERSINE;NOT_ELIGIBILITY;NOT_USPS_VALIDITY;NO_INVENTORY
26422,ZCTA_NEAREST_ACTIVE_OUTLET,WV0040,002,8.171,ZCTA_NN;R6371;TIE_FIRST_LEX,ZCTA_NN_HAVERSINE;NOT_ELIGIBILITY;NOT_USPS_VALIDITY;NO_INVENTORY
26424,ZCTA_NEAREST_ACTIVE_OUTLET,WV0041,002,9.045,ZCTA_NN;R6371;TIE_FIRST_LEX,ZCTA_NN_HAVERSINE;NOT_ELIGIBILITY;NOT_USPS_VALIDITY;NO_INVENTORY
26425,ZCTA_NEAREST_ACTIVE_OUTLET,WV0024,002,19.139,ZCTA_NN;R6371;TIE_FIRST_LEX,ZCTA_NN_HAVERSINE;NOT_ELIGIBILITY;NOT_USPS_VALIDITY;NO_INVENTORY
26426,EXACT_IMLS_OUTLET_ZIP,WV0017,003,,EXACT_OUTLET;TIE_FSCSKEY_SEQ,EXACT_OUTLET;NOT_USPS_VALIDITY;NO_INVENTORY
26430,ZCTA_NEAREST_ACTIVE_OUTLET,WV0087,002,6.874,ZCTA_NN;R6371;TIE_FIRST_LEX,ZCTA_NN_HAVERSINE;NOT_ELIGIBILITY;NOT_USPS_VALIDITY;NO_INVENTORY
26431,EXACT_IMLS_OUTLET_ZIP,WV0043,002,,EXACT_OUTLET;TIE_FSCSKEY_SEQ,EXACT_OUTLET;NOT_USPS_VALIDITY;NO_INVENTORY
26435,ZCTA_NEAREST_ACTIVE_OUTLET,WV0045,002,9.313,ZCTA_NN;R6371;TIE_FIRST_LEX,ZCTA_NN_HAVERSINE;NOT_ELIGIBILITY;NOT_USPS_VALIDITY;NO_INVENTORY
26436,ZCTA_NEAREST_ACTIVE_OUTLET,WV0017,002,5.194,ZCTA_NN;R6371;TIE_FIRST_LEX,ZCTA_NN_HAVERSINE;NOT_ELIGIBILITY;NOT_USPS_VALIDITY;NO_INVENTORY
26437,ZCTA_NEAREST_ACTIVE_OUTLET,WV0075,004,14.156,ZCTA_NN;R6371;TIE_FIRST_LEX,ZCTA_NN_HAVERSINE;NOT_ELIGIBILITY;NOT_USPS_VALIDITY;NO_INVENTORY
26438,ZCTA_NEAREST_ACTIVE_OUTLET,WV0041,002,6.028,ZCTA_NN;R6371;TIE_FIRST_LEX,ZCTA_NN_HAVERSINE;NOT_ELIGIBILITY;NOT_USPS_VALIDITY;NO_INVENTORY
26440,ZCTA_NEAREST_ACTIVE_OUTLET,WV0045,002,9.311,ZCTA_NN;R6371;TIE_FIRST_LEX,ZCTA_NN_HAVERSINE;NOT_ELIGIBILITY;NOT_USPS_VALIDITY;NO_INVENTORY
26443,ZCTA_NEAREST_ACTIVE_OUTLET,WV0087,002,16.858,ZCTA_NN;R6371;TIE_FIRST_LEX,ZCTA_NN_HAVERSINE;NOT_ELIGIBILITY;NOT_USPS_VALIDITY;NO_INVENTORY
26444,ZCTA_NEAREST_ACTIVE_OUTLET,WV0024,002,12.765,ZCTA_NN;R6371;TIE_FIRST_LEX,ZCTA_NN_HAVERSINE;NOT_ELIGIBILITY;NOT_USPS_VALIDITY;NO_INVENTORY
26447,ZCTA_NEAREST_ACTIVE_OUTLET,WV0076,002,13.864,ZCTA_NN;R6371;TIE_FIRST_LEX,ZCTA_NN_HAVERSINE;NOT_ELIGIBILITY;NOT_USPS_VALIDITY;NO_INVENTORY
26448,ZCTA_NEAREST_ACTIVE_OUTLET,WV0017,003,12.496,ZCTA_NN;R6371;TIE_FIRST_LEX,ZCTA_NN_HAVERSINE;NOT_ELIGIBILITY;NOT_USPS_VALIDITY;NO_INVENTORY
26451,ZCTA_NEAREST_ACTIVE_OUTLET,WV0042,002,6.719,ZCTA_NN;R6371;TIE_FIRST_LEX,ZCTA_NN_HAVERSINE;NOT_ELIGIBILITY;NOT_USPS_VALIDITY;NO_INVENTORY
26452,EXACT_IMLS_OUTLET_ZIP,WV0076,002,,EXACT_OUTLET;TIE_FSCSKEY_SEQ,EXACT_OUTLET;NOT_USPS_VALIDITY;NO_INVENTORY
26456,EXACT_IMLS_OUTLET_ZIP,WV0017,002,,EXACT_OUTLET;TIE_FSCSKEY_SEQ,EXACT_OUTLET;NOT_USPS_VALIDITY;NO_INVENTORY
26463,ZCTA_NEAREST_ACTIVE_OUTLET,WV0043,002,5.993,ZCTA_NN;R6371;TIE_FIRST_LEX,ZCTA_NN_HAVERSINE;NOT_ELIGIBILITY;NOT_USPS_VALIDITY;NO_INVENTORY
26501,EXACT_IMLS_OUTLET_ZIP,WV0023,006,,EXACT_OUTLET;TIE_FSCSKEY_SEQ,EXACT_OUTLET;NOT_USPS_VALIDITY;NO_INVENTORY
26504,OBSERVED_REFERENCE_INDIRECT_ONLY,,,,INDIRECT_IMLS_SC;NO_FABRICATED_NEAREST,INDIRECT_IMLS_SC;NO_FABRICATED_NEAREST;NOT_REJECTED;NOT_USPS_VALIDITY;NO_INVENTORY
26505,EXACT_IMLS_OUTLET_ZIP,WV0023,002,,EXACT_OUTLET;TIE_FSCSKEY_SEQ,EXACT_OUTLET;NOT_USPS_VALIDITY;NO_INVENTORY
26506,ZCTA_NEAREST_ACTIVE_OUTLET,WV0023,002,2.294,ZCTA_NN;R6371;TIE_FIRST_LEX,ZCTA_NN_HAVERSINE;NOT_ELIGIBILITY;NOT_USPS_VALIDITY;NO_INVENTORY
26507,OBSERVED_REFERENCE_INDIRECT_ONLY,,,,INDIRECT_IMLS_SC;NO_FABRICATED_NEAREST,INDIRECT_IMLS_SC;NO_FABRICATED_NEAREST;NOT_REJECTED;NOT_USPS_VALIDITY;NO_INVENTORY
26508,EXACT_IMLS_OUTLET_ZIP,WV0023,003,,EXACT_OUTLET;TIE_FSCSKEY_SEQ,EXACT_OUTLET;NOT_USPS_VALIDITY;NO_INVENTORY
26519,ZCTA_NEAREST_ACTIVE_OUTLET,WV0024,002,12.076,ZCTA_NN;R6371;TIE_FIRST_LEX,ZCTA_NN_HAVERSINE;NOT_ELIGIBILITY;NOT_USPS_VALIDITY;NO_INVENTORY
26520,ZCTA_NEAREST_ACTIVE_OUTLET,WV0023,003,10.467,ZCTA_NN;R6371;TIE_FIRST_LEX,ZCTA_NN_HAVERSINE;NOT_ELIGIBILITY;NOT_USPS_VALIDITY;NO_INVENTORY
26521,EXACT_IMLS_OUTLET_ZIP,WV0023,005,,EXACT_OUTLET;TIE_FSCSKEY_SEQ,EXACT_OUTLET;NOT_USPS_VALIDITY;NO_INVENTORY
26524,ZCTA_NEAREST_ACTIVE_OUTLET,WV0023,003,10.833,ZCTA_NN;R6371;TIE_FIRST_LEX,ZCTA_NN_HAVERSINE;NOT_ELIGIBILITY;NOT_USPS_VALIDITY;NO_INVENTORY
26525,ZCTA_NEAREST_ACTIVE_OUTLET,MD0012,006,18.927,ZCTA_NN;R6371;TIE_FIRST_LEX,ZCTA_NN_HAVERSINE;NOT_ELIGIBILITY;NOT_USPS_VALIDITY;NO_INVENTORY
26531,OBSERVED_REFERENCE_INDIRECT_ONLY,,,,INDIRECT_IMLS_SC;NO_FABRICATED_NEAREST,INDIRECT_IMLS_SC;NO_FABRICATED_NEAREST;NOT_REJECTED;NOT_USPS_VALIDITY;NO_INVENTORY
26534,ZCTA_NEAREST_ACTIVE_OUTLET,WV0023,002,4.102,ZCTA_NN;R6371;TIE_FIRST_LEX,ZCTA_NN_HAVERSINE;NOT_ELIGIBILITY;NOT_USPS_VALIDITY;NO_INVENTORY
26537,EXACT_IMLS_OUTLET_ZIP,WV0024,002,,EXACT_OUTLET;TIE_FSCSKEY_SEQ,EXACT_OUTLET;NOT_USPS_VALIDITY;NO_INVENTORY
26541,ZCTA_NEAREST_ACTIVE_OUTLET,WV0023,005,8.206,ZCTA_NN;R6371;TIE_FIRST_LEX,ZCTA_NN_HAVERSINE;NOT_ELIGIBILITY;NOT_USPS_VALIDITY;NO_INVENTORY
26542,ZCTA_NEAREST_ACTIVE_OUTLET,WV0023,004,11.307,ZCTA_NN;R6371;TIE_FIRST_LEX,ZCTA_NN_HAVERSINE;NOT_ELIGIBILITY;NOT_USPS_VALIDITY;NO_INVENTORY
26543,ZCTA_NEAREST_ACTIVE_OUTLET,WV0023,002,5.430,ZCTA_NN;R6371;TIE_FIRST_LEX,ZCTA_NN_HAVERSINE;NOT_ELIGIBILITY;NOT_USPS_VALIDITY;NO_INVENTORY
26544,ZCTA_NEAREST_ACTIVE_OUTLET,WV0023,005,3.918,ZCTA_NN;R6371;TIE_FIRST_LEX,ZCTA_NN_HAVERSINE;NOT_ELIGIBILITY;NOT_USPS_VALIDITY;NO_INVENTORY
26546,ZCTA_NEAREST_ACTIVE_OUTLET,WV0023,002,7.402,ZCTA_NN;R6371;TIE_FIRST_LEX,ZCTA_NN_HAVERSINE;NOT_ELIGIBILITY;NOT_USPS_VALIDITY;NO_INVENTORY
26547,ZCTA_NEAREST_ACTIVE_OUTLET,WV0024,002,10.812,ZCTA_NN;R6371;TIE_FIRST_LEX,ZCTA_NN_HAVERSINE;NOT_ELIGIBILITY;NOT_USPS_VALIDITY;NO_INVENTORY
26554,EXACT_IMLS_OUTLET_ZIP,WV0075,002,,EXACT_OUTLET;TIE_FSCSKEY_SEQ,EXACT_OUTLET;NOT_USPS_VALIDITY;NO_INVENTORY
26555,OBSERVED_REFERENCE_INDIRECT_ONLY,,,,INDIRECT_IMLS_SC;NO_FABRICATED_NEAREST,INDIRECT_IMLS_SC;NO_FABRICATED_NEAREST;NOT_REJECTED;NOT_USPS_VALIDITY;NO_INVENTORY
26559,ZCTA_NEAREST_ACTIVE_OUTLET,WV0075,002,4.321,ZCTA_NN;R6371;TIE_FIRST_LEX,ZCTA_NN_HAVERSINE;NOT_ELIGIBILITY;NOT_USPS_VALIDITY;NO_INVENTORY
26560,ZCTA_NEAREST_ACTIVE_OUTLET,WV0075,002,6.206,ZCTA_NN;R6371;TIE_FIRST_LEX,ZCTA_NN_HAVERSINE;NOT_ELIGIBILITY;NOT_USPS_VALIDITY;NO_INVENTORY
26562,ZCTA_NEAREST_ACTIVE_OUTLET,WV0062,002,4.146,ZCTA_NN;R6371;TIE_FIRST_LEX,ZCTA_NN_HAVERSINE;NOT_ELIGIBILITY;NOT_USPS_VALIDITY;NO_INVENTORY
26563,ZCTA_NEAREST_ACTIVE_OUTLET,WV0075,004,8.132,ZCTA_NN;R6371;TIE_FIRST_LEX,ZCTA_NN_HAVERSINE;NOT_ELIGIBILITY;NOT_USPS_VALIDITY;NO_INVENTORY
26568,ZCTA_NEAREST_ACTIVE_OUTLET,WV0043,002,3.483,ZCTA_NN;R6371;TIE_FIRST_LEX,ZCTA_NN_HAVERSINE;NOT_ELIGIBILITY;NOT_USPS_VALIDITY;NO_INVENTORY
26570,EXACT_IMLS_OUTLET_ZIP,WV0075,003,,EXACT_OUTLET;TIE_FSCSKEY_SEQ,EXACT_OUTLET;NOT_USPS_VALIDITY;NO_INVENTORY
26571,ZCTA_NEAREST_ACTIVE_OUTLET,WV0075,004,7.074,ZCTA_NN;R6371;TIE_FIRST_LEX,ZCTA_NN_HAVERSINE;NOT_ELIGIBILITY;NOT_USPS_VALIDITY;NO_INVENTORY
26572,ZCTA_NEAREST_ACTIVE_OUTLET,WV0075,004,5.395,ZCTA_NN;R6371;TIE_FIRST_LEX,ZCTA_NN_HAVERSINE;NOT_ELIGIBILITY;NOT_USPS_VALIDITY;NO_INVENTORY
26574,ZCTA_NEAREST_ACTIVE_OUTLET,WV0075,003,7.148,ZCTA_NN;R6371;TIE_FIRST_LEX,ZCTA_NN_HAVERSINE;NOT_ELIGIBILITY;NOT_USPS_VALIDITY;NO_INVENTORY
26575,EXACT_IMLS_OUTLET_ZIP,WV0062,002,,EXACT_OUTLET;TIE_FSCSKEY_SEQ,EXACT_OUTLET;NOT_USPS_VALIDITY;NO_INVENTORY
26576,ZCTA_NEAREST_ACTIVE_OUTLET,WV0075,004,8.738,ZCTA_NN;R6371;TIE_FIRST_LEX,ZCTA_NN_HAVERSINE;NOT_ELIGIBILITY;NOT_USPS_VALIDITY;NO_INVENTORY
26581,ZCTA_NEAREST_ACTIVE_OUTLET,WV0062,002,10.229,ZCTA_NN;R6371;TIE_FIRST_LEX,ZCTA_NN_HAVERSINE;NOT_ELIGIBILITY;NOT_USPS_VALIDITY;NO_INVENTORY
26582,EXACT_IMLS_OUTLET_ZIP,WV0075,004,,EXACT_OUTLET;TIE_FSCSKEY_SEQ,EXACT_OUTLET;NOT_USPS_VALIDITY;NO_INVENTORY
26585,ZCTA_NEAREST_ACTIVE_OUTLET,WV0062,002,8.815,ZCTA_NN;R6371;TIE_FIRST_LEX,ZCTA_NN_HAVERSINE;NOT_ELIGIBILITY;NOT_USPS_VALIDITY;NO_INVENTORY
26586,ZCTA_NEAREST_ACTIVE_OUTLET,WV0075,002,5.500,ZCTA_NN;R6371;TIE_FIRST_LEX,ZCTA_NN_HAVERSINE;NOT_ELIGIBILITY;NOT_USPS_VALIDITY;NO_INVENTORY
26587,ZCTA_NEAREST_ACTIVE_OUTLET,WV0075,004,4.127,ZCTA_NN;R6371;TIE_FIRST_LEX,ZCTA_NN_HAVERSINE;NOT_ELIGIBILITY;NOT_USPS_VALIDITY;NO_INVENTORY
26588,ZCTA_NEAREST_ACTIVE_OUTLET,WV0023,006,4.603,ZCTA_NN;R6371;TIE_FIRST_LEX,ZCTA_NN_HAVERSINE;NOT_ELIGIBILITY;NOT_USPS_VALIDITY;NO_INVENTORY
26590,ZCTA_NEAREST_ACTIVE_OUTLET,WV0023,005,9.973,ZCTA_NN;R6371;TIE_FIRST_LEX,ZCTA_NN_HAVERSINE;NOT_ELIGIBILITY;NOT_USPS_VALIDITY;NO_INVENTORY
26591,ZCTA_NEAREST_ACTIVE_OUTLET,WV0043,002,6.159,ZCTA_NN;R6371;TIE_FIRST_LEX,ZCTA_NN_HAVERSINE;NOT_ELIGIBILITY;NOT_USPS_VALIDITY;NO_INVENTORY
26601,EXACT_IMLS_OUTLET_ZIP,WV0038,002,,EXACT_OUTLET;TIE_FSCSKEY_SEQ,EXACT_OUTLET;NOT_USPS_VALIDITY;NO_INVENTORY
26610,ZCTA_NEAREST_ACTIVE_OUTLET,WV0099,002,14.592,ZCTA_NN;R6371;TIE_FIRST_LEX,ZCTA_NN_HAVERSINE;NOT_ELIGIBILITY;NOT_USPS_VALIDITY;NO_INVENTORY
26611,ZCTA_NEAREST_ACTIVE_OUTLET,WV0087,002,9.430,ZCTA_NN;R6371;TIE_FIRST_LEX,ZCTA_NN_HAVERSINE;NOT_ELIGIBILITY;NOT_USPS_VALIDITY;NO_INVENTORY
26615,ZCTA_NEAREST_ACTIVE_OUTLET,WV0039,002,7.612,ZCTA_NN;R6371;TIE_FIRST_LEX,ZCTA_NN_HAVERSINE;NOT_ELIGIBILITY;NOT_USPS_VALIDITY;NO_INVENTORY
26617,ZCTA_NEAREST_ACTIVE_OUTLET,WV0037,002,18.402,ZCTA_NN;R6371;TIE_FIRST_LEX,ZCTA_NN_HAVERSINE;NOT_ELIGIBILITY;NOT_USPS_VALIDITY;NO_INVENTORY
26619,ZCTA_NEAREST_ACTIVE_OUTLET,WV0038,002,9.710,ZCTA_NN;R6371;TIE_FIRST_LEX,ZCTA_NN_HAVERSINE;NOT_ELIGIBILITY;NOT_USPS_VALIDITY;NO_INVENTORY
26621,ZCTA_NEAREST_ACTIVE_OUTLET,WV0038,002,17.648,ZCTA_NN;R6371;TIE_FIRST_LEX,ZCTA_NN_HAVERSINE;NOT_ELIGIBILITY;NOT_USPS_VALIDITY;NO_INVENTORY
26623,ZCTA_NEAREST_ACTIVE_OUTLET,WV0037,002,8.618,ZCTA_NN;R6371;TIE_FIRST_LEX,ZCTA_NN_HAVERSINE;NOT_ELIGIBILITY;NOT_USPS_VALIDITY;NO_INVENTORY
26624,EXACT_IMLS_OUTLET_ZIP,WV0037,002,,EXACT_OUTLET;TIE_FSCSKEY_SEQ,EXACT_OUTLET;NOT_USPS_VALIDITY;NO_INVENTORY
26627,ZCTA_NEAREST_ACTIVE_OUTLET,WV0039,002,13.387,ZCTA_NN;R6371;TIE_FIRST_LEX,ZCTA_NN_HAVERSINE;NOT_ELIGIBILITY;NOT_USPS_VALIDITY;NO_INVENTORY
26629,ZCTA_NEAREST_ACTIVE_OUTLET,WV0038,002,11.191,ZCTA_NN;R6371;TIE_FIRST_LEX,ZCTA_NN_HAVERSINE;NOT_ELIGIBILITY;NOT_USPS_VALIDITY;NO_INVENTORY
26631,ZCTA_NEAREST_ACTIVE_OUTLET,WV0039,002,9.640,ZCTA_NN;R6371;TIE_FIRST_LEX,ZCTA_NN_HAVERSINE;NOT_ELIGIBILITY;NOT_USPS_VALIDITY;NO_INVENTORY
26636,ZCTA_NEAREST_ACTIVE_OUTLET,WV0037,002,17.753,ZCTA_NN;R6371;TIE_FIRST_LEX,ZCTA_NN_HAVERSINE;NOT_ELIGIBILITY;NOT_USPS_VALIDITY;NO_INVENTORY
26638,ZCTA_NEAREST_ACTIVE_OUTLET,WV0015,002,18.472,ZCTA_NN;R6371;TIE_FIRST_LEX,ZCTA_NN_HAVERSINE;NOT_ELIGIBILITY;NOT_USPS_VALIDITY;NO_INVENTORY
26651,EXACT_IMLS_OUTLET_ZIP,WV0095,002,,EXACT_OUTLET;TIE_FSCSKEY_SEQ,EXACT_OUTLET;NOT_USPS_VALIDITY;NO_INVENTORY
26656,ZCTA_NEAREST_ACTIVE_OUTLET,WV0078,003,14.593,ZCTA_NN;R6371;TIE_FIRST_LEX,ZCTA_NN_HAVERSINE;NOT_ELIGIBILITY;NOT_USPS_VALIDITY;NO_INVENTORY
26660,ZCTA_NEAREST_ACTIVE_OUTLET,WV0093,002,5.533,ZCTA_NN;R6371;TIE_FIRST_LEX,ZCTA_NN_HAVERSINE;NOT_ELIGIBILITY;NOT_USPS_VALIDITY;NO_INVENTORY
26662,ZCTA_NEAREST_ACTIVE_OUTLET,WV0095,002,7.790,ZCTA_NN;R6371;TIE_FIRST_LEX,ZCTA_NN_HAVERSINE;NOT_ELIGIBILITY;NOT_USPS_VALIDITY;NO_INVENTORY
26667,ZCTA_NEAREST_ACTIVE_OUTLET,WV0078,003,14.953,ZCTA_NN;R6371;TIE_FIRST_LEX,ZCTA_NN_HAVERSINE;NOT_ELIGIBILITY;NOT_USPS_VALIDITY;NO_INVENTORY
26671,ZCTA_NEAREST_ACTIVE_OUTLET,WV0095,002,5.583,ZCTA_NN;R6371;TIE_FIRST_LEX,ZCTA_NN_HAVERSINE;NOT_ELIGIBILITY;NOT_USPS_VALIDITY;NO_INVENTORY
26676,ZCTA_NEAREST_ACTIVE_OUTLET,WV0094,002,12.515,ZCTA_NN;R6371;TIE_FIRST_LEX,ZCTA_NN_HAVERSINE;NOT_ELIGIBILITY;NOT_USPS_VALIDITY;NO_INVENTORY
26678,ZCTA_NEAREST_ACTIVE_OUTLET,WV0095,002,16.494,ZCTA_NN;R6371;TIE_FIRST_LEX,ZCTA_NN_HAVERSINE;NOT_ELIGIBILITY;NOT_USPS_VALIDITY;NO_INVENTORY
26679,ZCTA_NEAREST_ACTIVE_OUTLET,WV0095,002,15.399,ZCTA_NN;R6371;TIE_FIRST_LEX,ZCTA_NN_HAVERSINE;NOT_ELIGIBILITY;NOT_USPS_VALIDITY;NO_INVENTORY
26680,ZCTA_NEAREST_ACTIVE_OUTLET,WV0083,002,16.786,ZCTA_NN;R6371;TIE_FIRST_LEX,ZCTA_NN_HAVERSINE;NOT_ELIGIBILITY;NOT_USPS_VALIDITY;NO_INVENTORY
26681,ZCTA_NEAREST_ACTIVE_OUTLET,WV0095,002,12.212,ZCTA_NN;R6371;TIE_FIRST_LEX,ZCTA_NN_HAVERSINE;NOT_ELIGIBILITY;NOT_USPS_VALIDITY;NO_INVENTORY
26684,ZCTA_NEAREST_ACTIVE_OUTLET,WV0095,002,17.319,ZCTA_NN;R6371;TIE_FIRST_LEX,ZCTA_NN_HAVERSINE;NOT_ELIGIBILITY;NOT_USPS_VALIDITY;NO_INVENTORY
26690,ZCTA_NEAREST_ACTIVE_OUTLET,WV0078,003,4.591,ZCTA_NN;R6371;TIE_FIRST_LEX,ZCTA_NN_HAVERSINE;NOT_ELIGIBILITY;NOT_USPS_VALIDITY;NO_INVENTORY
26691,ZCTA_NEAREST_ACTIVE_OUTLET,WV0093,002,7.430,ZCTA_NN;R6371;TIE_FIRST_LEX,ZCTA_NN_HAVERSINE;NOT_ELIGIBILITY;NOT_USPS_VALIDITY;NO_INVENTORY
26704,ZCTA_NEAREST_ACTIVE_OUTLET,WV0052,002,14.532,ZCTA_NN;R6371;TIE_FIRST_LEX,ZCTA_NN_HAVERSINE;NOT_ELIGIBILITY;NOT_USPS_VALIDITY;NO_INVENTORY
26705,ZCTA_NEAREST_ACTIVE_OUTLET,WV0025,002,13.622,ZCTA_NN;R6371;TIE_FIRST_LEX,ZCTA_NN_HAVERSINE;NOT_ELIGIBILITY;NOT_USPS_VALIDITY;NO_INVENTORY
26707,ZCTA_NEAREST_ACTIVE_OUTLET,WV0036,002,10.128,ZCTA_NN;R6371;TIE_FIRST_LEX,ZCTA_NN_HAVERSINE;NOT_ELIGIBILITY;NOT_USPS_VALIDITY;NO_INVENTORY
26710,EXACT_IMLS_OUTLET_ZIP,WV0046,004,,EXACT_OUTLET;TIE_FSCSKEY_SEQ,EXACT_OUTLET;NOT_USPS_VALIDITY;NO_INVENTORY
26711,EXACT_IMLS_OUTLET_ZIP,WV0052,002,,EXACT_OUTLET;TIE_FSCSKEY_SEQ,EXACT_OUTLET;NOT_USPS_VALIDITY;NO_INVENTORY
26714,ZCTA_NEAREST_ACTIVE_OUTLET,WV0050,002,20.676,ZCTA_NN;R6371;TIE_FIRST_LEX,ZCTA_NN_HAVERSINE;NOT_ELIGIBILITY;NOT_USPS_VALIDITY;NO_INVENTORY
26716,ZCTA_NEAREST_ACTIVE_OUTLET,WV0036,002,12.009,ZCTA_NN;R6371;TIE_FIRST_LEX,ZCTA_NN_HAVERSINE;NOT_ELIGIBILITY;NOT_USPS_VALIDITY;NO_INVENTORY
26717,ZCTA_NEAREST_ACTIVE_OUTLET,MD0012,007,5.947,ZCTA_NN;R6371;TIE_FIRST_LEX,ZCTA_NN_HAVERSINE;NOT_ELIGIBILITY;NOT_USPS_VALIDITY;NO_INVENTORY
26719,EXACT_IMLS_OUTLET_ZIP,WV0046,003,,EXACT_OUTLET;TIE_FSCSKEY_SEQ,EXACT_OUTLET;NOT_USPS_VALIDITY;NO_INVENTORY
26720,ZCTA_NEAREST_ACTIVE_OUTLET,WV0048,003,7.863,ZCTA_NN;R6371;TIE_FIRST_LEX,ZCTA_NN_HAVERSINE;NOT_ELIGIBILITY;NOT_USPS_VALIDITY;NO_INVENTORY
26722,ZCTA_NEAREST_ACTIVE_OUTLET,WV0046,003,12.069,ZCTA_NN;R6371;TIE_FIRST_LEX,ZCTA_NN_HAVERSINE;NOT_ELIGIBILITY;NOT_USPS_VALIDITY;NO_INVENTORY
26726,EXACT_IMLS_OUTLET_ZIP,WV0046,002,,EXACT_OUTLET;TIE_FSCSKEY_SEQ,EXACT_OUTLET;NOT_USPS_VALIDITY;NO_INVENTORY
26731,ZCTA_NEAREST_ACTIVE_OUTLET,WV0051,002,12.694,ZCTA_NN;R6371;TIE_FIRST_LEX,ZCTA_NN_HAVERSINE;NOT_ELIGIBILITY;NOT_USPS_VALIDITY;NO_INVENTORY
26739,EXACT_IMLS_OUTLET_ZIP,WV0048,003,,EXACT_OUTLET;TIE_FSCSKEY_SEQ,EXACT_OUTLET;NOT_USPS_VALIDITY;NO_INVENTORY
26743,ZCTA_NEAREST_ACTIVE_OUTLET,MD0012,007,14.251,ZCTA_NN;R6371;TIE_FIRST_LEX,ZCTA_NN_HAVERSINE;NOT_ELIGIBILITY;NOT_USPS_VALIDITY;NO_INVENTORY
26750,EXACT_IMLS_OUTLET_ZIP,WV0047,002,,EXACT_OUTLET;TIE_FSCSKEY_SEQ,EXACT_OUTLET;NOT_USPS_VALIDITY;NO_INVENTORY
26753,ZCTA_NEAREST_ACTIVE_OUTLET,WV0046,003,6.377,ZCTA_NN;R6371;TIE_FIRST_LEX,ZCTA_NN_HAVERSINE;NOT_ELIGIBILITY;NOT_USPS_VALIDITY;NO_INVENTORY
26755,ZCTA_NEAREST_ACTIVE_OUTLET,WV0050,002,19.183,ZCTA_NN;R6371;TIE_FIRST_LEX,ZCTA_NN_HAVERSINE;NOT_ELIGIBILITY;NOT_USPS_VALIDITY;NO_INVENTORY
26757,EXACT_IMLS_OUTLET_ZIP,WV0050,002,,EXACT_OUTLET;TIE_FSCSKEY_SEQ,EXACT_OUTLET;NOT_USPS_VALIDITY;NO_INVENTORY
26761,ZCTA_NEAREST_ACTIVE_OUTLET,WV0050,002,9.601,ZCTA_NN;R6371;TIE_FIRST_LEX,ZCTA_NN_HAVERSINE;NOT_ELIGIBILITY;NOT_USPS_VALIDITY;NO_INVENTORY
26763,ZCTA_NEAREST_ACTIVE_OUTLET,WV0046,003,7.047,ZCTA_NN;R6371;TIE_FIRST_LEX,ZCTA_NN_HAVERSINE;NOT_ELIGIBILITY;NOT_USPS_VALIDITY;NO_INVENTORY
26764,EXACT_IMLS_OUTLET_ZIP,WV0025,002,,EXACT_OUTLET;TIE_FSCSKEY_SEQ,EXACT_OUTLET;NOT_USPS_VALIDITY;NO_INVENTORY
26767,ZCTA_NEAREST_ACTIVE_OUTLET,MD0001,003,2.365,ZCTA_NN;R6371;TIE_FIRST_LEX,ZCTA_NN_HAVERSINE;NOT_ELIGIBILITY;NOT_USPS_VALIDITY;NO_INVENTORY
26801,ZCTA_NEAREST_ACTIVE_OUTLET,WV0051,002,15.145,ZCTA_NN;R6371;TIE_FIRST_LEX,ZCTA_NN_HAVERSINE;NOT_ELIGIBILITY;NOT_USPS_VALIDITY;NO_INVENTORY
26802,ZCTA_NEAREST_ACTIVE_OUTLET,WV0049,002,12.046,ZCTA_NN;R6371;TIE_FIRST_LEX,ZCTA_NN_HAVERSINE;NOT_ELIGIBILITY;NOT_USPS_VALIDITY;NO_INVENTORY
26804,ZCTA_NEAREST_ACTIVE_OUTLET,WV0049,002,17.855,ZCTA_NN;R6371;TIE_FIRST_LEX,ZCTA_NN_HAVERSINE;NOT_ELIGIBILITY;NOT_USPS_VALIDITY;NO_INVENTORY
26807,EXACT_IMLS_OUTLET_ZIP,WV0049,002,,EXACT_OUTLET;TIE_FSCSKEY_SEQ,EXACT_OUTLET;NOT_USPS_VALIDITY;NO_INVENTORY
26808,ZCTA_NEAREST_ACTIVE_OUTLET,WV0052,002,16.296,ZCTA_NN;R6371;TIE_FIRST_LEX,ZCTA_NN_HAVERSINE;NOT_ELIGIBILITY;NOT_USPS_VALIDITY;NO_INVENTORY
26810,ZCTA_NEAREST_ACTIVE_OUTLET,WV0051,002,20.112,ZCTA_NN;R6371;TIE_FIRST_LEX,ZCTA_NN_HAVERSINE;NOT_ELIGIBILITY;NOT_USPS_VALIDITY;NO_INVENTORY
26812,ZCTA_NEAREST_ACTIVE_OUTLET,VA0076,012,11.579,ZCTA_NN;R6371;TIE_FIRST_LEX,ZCTA_NN_HAVERSINE;NOT_ELIGIBILITY;NOT_USPS_VALIDITY;NO_INVENTORY
26814,ZCTA_NEAREST_ACTIVE_OUTLET,WV0034,002,16.030,ZCTA_NN;R6371;TIE_FIRST_LEX,ZCTA_NN_HAVERSINE;NOT_ELIGIBILITY;NOT_USPS_VALIDITY;NO_INVENTORY
26815,ZCTA_NEAREST_ACTIVE_OUTLET,WV0049,002,17.109,ZCTA_NN;R6371;TIE_FIRST_LEX,ZCTA_NN_HAVERSINE;NOT_ELIGIBILITY;NOT_USPS_VALIDITY;NO_INVENTORY
26817,ZCTA_NEAREST_ACTIVE_OUTLET,WV0052,002,8.927,ZCTA_NN;R6371;TIE_FIRST_LEX,ZCTA_NN_HAVERSINE;NOT_ELIGIBILITY;NOT_USPS_VALIDITY;NO_INVENTORY
26818,ZCTA_NEAREST_ACTIVE_OUTLET,WV0051,002,4.918,ZCTA_NN;R6371;TIE_FIRST_LEX,ZCTA_NN_HAVERSINE;NOT_ELIGIBILITY;NOT_USPS_VALIDITY;NO_INVENTORY
26823,ZCTA_NEAREST_ACTIVE_OUTLET,WV0052,002,19.193,ZCTA_NN;R6371;TIE_FIRST_LEX,ZCTA_NN_HAVERSINE;NOT_ELIGIBILITY;NOT_USPS_VALIDITY;NO_INVENTORY
26833,ZCTA_NEAREST_ACTIVE_OUTLET,WV0048,002,13.484,ZCTA_NN;R6371;TIE_FIRST_LEX,ZCTA_NN_HAVERSINE;NOT_ELIGIBILITY;NOT_USPS_VALIDITY;NO_INVENTORY
26836,EXACT_IMLS_OUTLET_ZIP,WV0051,002,,EXACT_OUTLET;TIE_FSCSKEY_SEQ,EXACT_OUTLET;NOT_USPS_VALIDITY;NO_INVENTORY
26838,ZCTA_NEAREST_ACTIVE_OUTLET,WV0048,002,21.337,ZCTA_NN;R6371;TIE_FIRST_LEX,ZCTA_NN_HAVERSINE;NOT_ELIGIBILITY;NOT_USPS_VALIDITY;NO_INVENTORY
26845,ZCTA_NEAREST_ACTIVE_OUTLET,WV0051,002,11.377,ZCTA_NN;R6371;TIE_FIRST_LEX,ZCTA_NN_HAVERSINE;NOT_ELIGIBILITY;NOT_USPS_VALIDITY;NO_INVENTORY
26847,EXACT_IMLS_OUTLET_ZIP,WV0048,002,,EXACT_OUTLET;TIE_FSCSKEY_SEQ,EXACT_OUTLET;NOT_USPS_VALIDITY;NO_INVENTORY
26851,ZCTA_NEAREST_ACTIVE_OUTLET,VA0076,010,22.316,ZCTA_NN;R6371;TIE_FIRST_LEX,ZCTA_NN_HAVERSINE;NOT_ELIGIBILITY;NOT_USPS_VALIDITY;NO_INVENTORY
26852,ZCTA_NEAREST_ACTIVE_OUTLET,WV0046,004,10.176,ZCTA_NN;R6371;TIE_FIRST_LEX,ZCTA_NN_HAVERSINE;NOT_ELIGIBILITY;NOT_USPS_VALIDITY;NO_INVENTORY
26855,ZCTA_NEAREST_ACTIVE_OUTLET,WV0048,002,8.465,ZCTA_NN;R6371;TIE_FIRST_LEX,ZCTA_NN_HAVERSINE;NOT_ELIGIBILITY;NOT_USPS_VALIDITY;NO_INVENTORY
26865,ZCTA_NEAREST_ACTIVE_OUTLET,WV0052,002,12.217,ZCTA_NN;R6371;TIE_FIRST_LEX,ZCTA_NN_HAVERSINE;NOT_ELIGIBILITY;NOT_USPS_VALIDITY;NO_INVENTORY
26866,ZCTA_NEAREST_ACTIVE_OUTLET,WV0049,002,19.016,ZCTA_NN;R6371;TIE_FIRST_LEX,ZCTA_NN_HAVERSINE;NOT_ELIGIBILITY;NOT_USPS_VALIDITY;NO_INVENTORY
26884,ZCTA_NEAREST_ACTIVE_OUTLET,WV0034,002,14.390,ZCTA_NN;R6371;TIE_FIRST_LEX,ZCTA_NN_HAVERSINE;NOT_ELIGIBILITY;NOT_USPS_VALIDITY;NO_INVENTORY
26886,ZCTA_NEAREST_ACTIVE_OUTLET,WV0034,002,11.026,ZCTA_NN;R6371;TIE_FIRST_LEX,ZCTA_NN_HAVERSINE;NOT_ELIGIBILITY;NOT_USPS_VALIDITY;NO_INVENTORY
27006,ZCTA_NEAREST_ACTIVE_OUTLET,NC0032,003,10.855,ZCTA_NN;R6371;TIE_FIRST_LEX,ZCTA_NN_HAVERSINE;NOT_ELIGIBILITY;NOT_USPS_VALIDITY;NO_INVENTORY
27007,ZCTA_NEAREST_ACTIVE_OUTLET,NC0013,006,10.445,ZCTA_NN;R6371;TIE_FIRST_LEX,ZCTA_NN_HAVERSINE;NOT_ELIGIBILITY;NOT_USPS_VALIDITY;NO_INVENTORY
27009,ZCTA_NEAREST_ACTIVE_OUTLET,NC0013,005,9.553,ZCTA_NN;R6371;TIE_FIRST_LEX,ZCTA_NN_HAVERSINE;NOT_ELIGIBILITY;NOT_USPS_VALIDITY;NO_INVENTORY
27010,OBSERVED_REFERENCE_INDIRECT_ONLY,,,,INDIRECT_IMLS_SC;NO_FABRICATED_NEAREST,INDIRECT_IMLS_SC;NO_FABRICATED_NEAREST;NOT_REJECTED;NOT_USPS_VALIDITY;NO_INVENTORY
27011,EXACT_IMLS_OUTLET_ZIP,NC0013,015,,EXACT_OUTLET;TIE_FSCSKEY_SEQ,EXACT_OUTLET;NOT_USPS_VALIDITY;NO_INVENTORY
27012,EXACT_IMLS_OUTLET_ZIP,NC0032,003,,EXACT_OUTLET;TIE_FSCSKEY_SEQ,EXACT_OUTLET;NOT_USPS_VALIDITY;NO_INVENTORY
27013,EXACT_IMLS_OUTLET_ZIP,NC0055,007,,EXACT_OUTLET;TIE_FSCSKEY_SEQ,EXACT_OUTLET;NOT_USPS_VALIDITY;NO_INVENTORY
27014,EXACT_IMLS_OUTLET_ZIP,NC0028,003,,EXACT_OUTLET;TIE_FSCSKEY_SEQ,EXACT_OUTLET;NOT_USPS_VALIDITY;NO_INVENTORY
27016,EXACT_IMLS_OUTLET_ZIP,NC0013,003,,EXACT_OUTLET;TIE_FSCSKEY_SEQ,EXACT_OUTLET;NOT_USPS_VALIDITY;NO_INVENTORY
27017,EXACT_IMLS_OUTLET_ZIP,NC0013,007,,EXACT_OUTLET;TIE_FSCSKEY_SEQ,EXACT_OUTLET;NOT_USPS_VALIDITY;NO_INVENTORY
27018,EXACT_IMLS_OUTLET_ZIP,NC0013,011,,EXACT_OUTLET;TIE_FSCSKEY_SEQ,EXACT_OUTLET;NOT_USPS_VALIDITY;NO_INVENTORY
27019,ZCTA_NEAREST_ACTIVE_OUTLET,NC0032,008,8.087,ZCTA_NN;R6371;TIE_FIRST_LEX,ZCTA_NN_HAVERSINE;NOT_ELIGIBILITY;NOT_USPS_VALIDITY;NO_INVENTORY
27020,ZCTA_NEAREST_ACTIVE_OUTLET,NC0013,012,13.840,ZCTA_NN;R6371;TIE_FIRST_LEX,ZCTA_NN_HAVERSINE;NOT_ELIGIBILITY;NOT_USPS_VALIDITY;NO_INVENTORY
27021,EXACT_IMLS_OUTLET_ZIP,NC0013,004,,EXACT_OUTLET;TIE_FSCSKEY_SEQ,EXACT_OUTLET;NOT_USPS_VALIDITY;NO_INVENTORY
27022,ZCTA_NEAREST_ACTIVE_OUTLET,NC0013,003,11.047,ZCTA_NN;R6371;TIE_FIRST_LEX,ZCTA_NN_HAVERSINE;NOT_ELIGIBILITY;NOT_USPS_VALIDITY;NO_INVENTORY
27023,EXACT_IMLS_OUTLET_ZIP,NC0032,006,,EXACT_OUTLET;TIE_FSCSKEY_SEQ,EXACT_OUTLET;NOT_USPS_VALIDITY;NO_INVENTORY
27024,EXACT_IMLS_OUTLET_ZIP,NC0013,009,,EXACT_OUTLET;TIE_FSCSKEY_SEQ,EXACT_OUTLET;NOT_USPS_VALIDITY;NO_INVENTORY
27025,EXACT_IMLS_OUTLET_ZIP,NC0054,010,,EXACT_OUTLET;TIE_FSCSKEY_SEQ,EXACT_OUTLET;NOT_USPS_VALIDITY;NO_INVENTORY
27027,ZCTA_NEAREST_ACTIVE_OUTLET,NC0054,010,4.781,ZCTA_NN;R6371;TIE_FIRST_LEX,ZCTA_NN_HAVERSINE;NOT_ELIGIBILITY;NOT_USPS_VALIDITY;NO_INVENTORY
27028,EXACT_IMLS_OUTLET_ZIP,NC0028,002,,EXACT_OUTLET;TIE_FSCSKEY_SEQ,EXACT_OUTLET;NOT_USPS_VALIDITY;NO_INVENTORY
27030,EXACT_IMLS_OUTLET_ZIP,NC0013,010,,EXACT_OUTLET;TIE_FSCSKEY_SEQ,EXACT_OUTLET;NOT_USPS_VALIDITY;NO_INVENTORY
27040,ZCTA_NEAREST_ACTIVE_OUTLET,NC0032,006,8.427,ZCTA_NN;R6371;TIE_FIRST_LEX,ZCTA_NN_HAVERSINE;NOT_ELIGIBILITY;NOT_USPS_VALIDITY;NO_INVENTORY
27041,EXACT_IMLS_OUTLET_ZIP,NC0013,006,,EXACT_OUTLET;TIE_FSCSKEY_SEQ,EXACT_OUTLET;NOT_USPS_VALIDITY;NO_INVENTORY
27042,ZCTA_NEAREST_ACTIVE_OUTLET,NC0013,005,9.283,ZCTA_NN;R6371;TIE_FIRST_LEX,ZCTA_NN_HAVERSINE;NOT_ELIGIBILITY;NOT_USPS_VALIDITY;NO_INVENTORY
27043,ZCTA_NEAREST_ACTIVE_OUTLET,NC0013,006,5.774,ZCTA_NN;R6371;TIE_FIRST_LEX,ZCTA_NN_HAVERSINE;NOT_ELIGIBILITY;NOT_USPS_VALIDITY;NO_INVENTORY
27045,EXACT_IMLS_OUTLET_ZIP,NC0032,008,,EXACT_OUTLET;TIE_FSCSKEY_SEQ,EXACT_OUTLET;NOT_USPS_VALIDITY;NO_INVENTORY
27046,ZCTA_NEAREST_ACTIVE_OUTLET,NC0054,010,14.747,ZCTA_NN;R6371;TIE_FIRST_LEX,ZCTA_NN_HAVERSINE;NOT_ELIGIBILITY;NOT_USPS_VALIDITY;NO_INVENTORY
27047,ZCTA_NEAREST_ACTIVE_OUTLET,NC0013,006,11.956,ZCTA_NN;R6371;TIE_FIRST_LEX,ZCTA_NN_HAVERSINE;NOT_ELIGIBILITY;NOT_USPS_VALIDITY;NO_INVENTORY
27048,EXACT_IMLS_OUTLET_ZIP,NC0054,007,,EXACT_OUTLET;TIE_FSCSKEY_SEQ,EXACT_OUTLET;NOT_USPS_VALIDITY;NO_INVENTORY
27050,ZCTA_NEAREST_ACTIVE_OUTLET,NC0013,004,7.445,ZCTA_NN;R6371;TIE_FIRST_LEX,ZCTA_NN_HAVERSINE;NOT_ELIGIBILITY;NOT_USPS_VALIDITY;NO_INVENTORY
27051,EXACT_IMLS_OUTLET_ZIP,NC0032,011,,EXACT_OUTLET;TIE_FSCSKEY_SEQ,EXACT_OUTLET;NOT_USPS_VALIDITY;NO_INVENTORY
27052,EXACT_IMLS_OUTLET_ZIP,NC0013,005,,EXACT_OUTLET;TIE_FSCSKEY_SEQ,EXACT_OUTLET;NOT_USPS_VALIDITY;NO_INVENTORY
27053,ZCTA_NEAREST_ACTIVE_OUTLET,NC0013,006,13.886,ZCTA_NN;R6371;TIE_FIRST_LEX,ZCTA_NN_HAVERSINE;NOT_ELIGIBILITY;NOT_USPS_VALIDITY;NO_INVENTORY
27054,ZCTA_NEAREST_ACTIVE_OUTLET,NC0028,003,4.787,ZCTA_NN;R6371;TIE_FIRST_LEX,ZCTA_NN_HAVERSINE;NOT_ELIGIBILITY;NOT_USPS_VALIDITY;NO_INVENTORY
27055,EXACT_IMLS_OUTLET_ZIP,NC0013,013,,EXACT_OUTLET;TIE_FSCSKEY_SEQ,EXACT_OUTLET;NOT_USPS_VALIDITY;NO_INVENTORY
27101,EXACT_IMLS_OUTLET_ZIP,NC0032,002,,EXACT_OUTLET;TIE_FSCSKEY_SEQ,EXACT_OUTLET;NOT_USPS_VALIDITY;NO_INVENTORY
27102,OBSERVED_REFERENCE_INDIRECT_ONLY,,,,INDIRECT_IMLS_SC;NO_FABRICATED_NEAREST,INDIRECT_IMLS_SC;NO_FABRICATED_NEAREST;NOT_REJECTED;NOT_USPS_VALIDITY;NO_INVENTORY
27103,ZCTA_NEAREST_ACTIVE_OUTLET,NC0032,009,6.135,ZCTA_NN;R6371;TIE_FIRST_LEX,ZCTA_NN_HAVERSINE;NOT_ELIGIBILITY;NOT_USPS_VALIDITY;NO_INVENTORY
27104,ZCTA_NEAREST_ACTIVE_OUTLET,NC0032,020,6.350,ZCTA_NN;R6371;TIE_FIRST_LEX,ZCTA_NN_HAVERSINE;NOT_ELIGIBILITY;NOT_USPS_VALIDITY;NO_INVENTORY
27105,EXACT_IMLS_OUTLET_ZIP,NC0032,014,,EXACT_OUTLET;TIE_FSCSKEY_SEQ,EXACT_OUTLET;NOT_USPS_VALIDITY;NO_INVENTORY
27106,EXACT_IMLS_OUTLET_ZIP,NC0032,013,,EXACT_OUTLET;TIE_FSCSKEY_SEQ,EXACT_OUTLET;NOT_USPS_VALIDITY;NO_INVENTORY
27107,ZCTA_NEAREST_ACTIVE_OUTLET,NC0032,009,8.422,ZCTA_NN;R6371;TIE_FIRST_LEX,ZCTA_NN_HAVERSINE;NOT_ELIGIBILITY;NOT_USPS_VALIDITY;NO_INVENTORY
27109,ZCTA_NEAREST_ACTIVE_OUTLET,NC0032,013,2.323,ZCTA_NN;R6371;TIE_FIRST_LEX,ZCTA_NN_HAVERSINE;NOT_ELIGIBILITY;NOT_USPS_VALIDITY;NO_INVENTORY
27110,ZCTA_NEAREST_ACTIVE_OUTLET,NC0032,004,1.562,ZCTA_NN;R6371;TIE_FIRST_LEX,ZCTA_NN_HAVERSINE;NOT_ELIGIBILITY;NOT_USPS_VALIDITY;NO_INVENTORY
27113,OBSERVED_REFERENCE_INDIRECT_ONLY,,,,INDIRECT_IMLS_SC;NO_FABRICATED_NEAREST,INDIRECT_IMLS_SC;NO_FABRICATED_NEAREST;NOT_REJECTED;NOT_USPS_VALIDITY;NO_INVENTORY
27114,OBSERVED_REFERENCE_INDIRECT_ONLY,,,,INDIRECT_IMLS_SC;NO_FABRICATED_NEAREST,INDIRECT_IMLS_SC;NO_FABRICATED_NEAREST;NOT_REJECTED;NOT_USPS_VALIDITY;NO_INVENTORY
27116,OBSERVED_REFERENCE_INDIRECT_ONLY,,,,INDIRECT_IMLS_SC;NO_FABRICATED_NEAREST,INDIRECT_IMLS_SC;NO_FABRICATED_NEAREST;NOT_REJECTED;NOT_USPS_VALIDITY;NO_INVENTORY
27117,OBSERVED_REFERENCE_INDIRECT_ONLY,,,,INDIRECT_IMLS_SC;NO_FABRICATED_NEAREST,INDIRECT_IMLS_SC;NO_FABRICATED_NEAREST;NOT_REJECTED;NOT_USPS_VALIDITY;NO_INVENTORY
27120,OBSERVED_REFERENCE_INDIRECT_ONLY,,,,INDIRECT_IMLS_SC;NO_FABRICATED_NEAREST,INDIRECT_IMLS_SC;NO_FABRICATED_NEAREST;NOT_REJECTED;NOT_USPS_VALIDITY;NO_INVENTORY
27127,EXACT_IMLS_OUTLET_ZIP,NC0032,009,,EXACT_OUTLET;TIE_FSCSKEY_SEQ,EXACT_OUTLET;NOT_USPS_VALIDITY;NO_INVENTORY
27155,OBSERVED_REFERENCE_INDIRECT_ONLY,,,,INDIRECT_IMLS_SC;NO_FABRICATED_NEAREST,INDIRECT_IMLS_SC;NO_FABRICATED_NEAREST;NOT_REJECTED;NOT_USPS_VALIDITY;NO_INVENTORY
27157,OBSERVED_REFERENCE_INDIRECT_ONLY,,,,INDIRECT_IMLS_SC;NO_FABRICATED_NEAREST,INDIRECT_IMLS_SC;NO_FABRICATED_NEAREST;NOT_REJECTED;NOT_USPS_VALIDITY;NO_INVENTORY
27201,ZCTA_NEAREST_ACTIVE_OUTLET,NC0103,002,7.957,ZCTA_NN;R6371;TIE_FIRST_LEX,ZCTA_NN_HAVERSINE;NOT_ELIGIBILITY;NOT_USPS_VALIDITY;NO_INVENTORY
27202,ZCTA_NEAREST_ACTIVE_OUTLET,NC0111,001,9.161,ZCTA_NN;R6371;TIE_FIRST_LEX,ZCTA_NN_HAVERSINE;NOT_ELIGIBILITY;NOT_USPS_VALIDITY;NO_INVENTORY
27203,EXACT_IMLS_OUTLET_ZIP,NC0052,002,,EXACT_OUTLET;TIE_FSCSKEY_SEQ,EXACT_OUTLET;NOT_USPS_VALIDITY;NO_INVENTORY
27204,OBSERVED_REFERENCE_INDIRECT_ONLY,,,,INDIRECT_IMLS_SC;NO_FABRICATED_NEAREST,INDIRECT_IMLS_SC;NO_FABRICATED_NEAREST;NOT_REJECTED;NOT_USPS_VALIDITY;NO_INVENTORY
27205,ZCTA_NEAREST_ACTIVE_OUTLET,NC0052,002,8.291,ZCTA_NN;R6371;TIE_FIRST_LEX,ZCTA_NN_HAVERSINE;NOT_ELIGIBILITY;NOT_USPS_VALIDITY;NO_INVENTORY
27207,ZCTA_NEAREST_ACTIVE_OUTLET,NC0104,002,5.728,ZCTA_NN;R6371;TIE_FIRST_LEX,ZCTA_NN_HAVERSINE;NOT_ELIGIBILITY;NOT_USPS_VALIDITY;NO_INVENTORY
27208,ZCTA_NEAREST_ACTIVE_OUTLET,NC0015,017,15.019,ZCTA_NN;R6371;TIE_FIRST_LEX,ZCTA_NN_HAVERSINE;NOT_ELIGIBILITY;NOT_USPS_VALIDITY;NO_INVENTORY
27209,EXACT_IMLS_OUTLET_ZIP,NC0015,004,,EXACT_OUTLET;TIE_FSCSKEY_SEQ,EXACT_OUTLET;NOT_USPS_VALIDITY;NO_INVENTORY
27212,ZCTA_NEAREST_ACTIVE_OUTLET,NC0107,001,9.776,ZCTA_NN;R6371;TIE_FIRST_LEX,ZCTA_NN_HAVERSINE;NOT_ELIGIBILITY;NOT_USPS_VALIDITY;NO_INVENTORY
27213,ZCTA_NEAREST_ACTIVE_OUTLET,NC0104,002,9.352,ZCTA_NN;R6371;TIE_FIRST_LEX,ZCTA_NN_HAVERSINE;NOT_ELIGIBILITY;NOT_USPS_VALIDITY;NO_INVENTORY
27214,ZCTA_NEAREST_ACTIVE_OUTLET,NC0035,007,14.027,ZCTA_NN;R6371;TIE_FIRST_LEX,ZCTA_NN_HAVERSINE;NOT_ELIGIBILITY;NOT_USPS_VALIDITY;NO_INVENTORY
27215,EXACT_IMLS_OUTLET_ZIP,NC0103,002,,EXACT_OUTLET;TIE_FSCSKEY_SEQ,EXACT_OUTLET;NOT_USPS_VALIDITY;NO_INVENTORY
27216,OBSERVED_REFERENCE_INDIRECT_ONLY,,,,INDIRECT_IMLS_SC;NO_FABRICATED_NEAREST,INDIRECT_IMLS_SC;NO_FABRICATED_NEAREST;NOT_REJECTED;NOT_USPS_VALIDITY;NO_INVENTORY
27217,EXACT_IMLS_OUTLET_ZIP,NC0103,004,,EXACT_OUTLET;TIE_FSCSKEY_SEQ,EXACT_OUTLET;NOT_USPS_VALIDITY;NO_INVENTORY
27229,EXACT_IMLS_OUTLET_ZIP,NC0015,005,,EXACT_OUTLET;TIE_FSCSKEY_SEQ,EXACT_OUTLET;NOT_USPS_VALIDITY;NO_INVENTORY
27230,OBSERVED_REFERENCE_INDIRECT_ONLY,,,,INDIRECT_IMLS_SC;NO_FABRICATED_NEAREST,INDIRECT_IMLS_SC;NO_FABRICATED_NEAREST;NOT_REJECTED;NOT_USPS_VALIDITY;NO_INVENTORY
27231,ZCTA_NEAREST_ACTIVE_OUTLET,NC0103,003,14.443,ZCTA_NN;R6371;TIE_FIRST_LEX,ZCTA_NN_HAVERSINE;NOT_ELIGIBILITY;NOT_USPS_VALIDITY;NO_INVENTORY
27233,ZCTA_NEAREST_ACTIVE_OUTLET,NC0052,008,12.305,ZCTA_NN;R6371;TIE_FIRST_LEX,ZCTA_NN_HAVERSINE;NOT_ELIGIBILITY;NOT_USPS_VALIDITY;NO_INVENTORY
27235,ZCTA_NEAREST_ACTIVE_OUTLET,NC0032,005,5.909,ZCTA_NN;R6371;TIE_FIRST_LEX,ZCTA_NN_HAVERSINE;NOT_ELIGIBILITY;NOT_USPS_VALIDITY;NO_INVENTORY
27239,EXACT_IMLS_OUTLET_ZIP,NC0027,003,,EXACT_OUTLET;TIE_FSCSKEY_SEQ,EXACT_OUTLET;NOT_USPS_VALIDITY;NO_INVENTORY
27242,ZCTA_NEAREST_ACTIVE_OUTLET,NC0015,005,9.706,ZCTA_NN;R6371;TIE_FIRST_LEX,ZCTA_NN_HAVERSINE;NOT_ELIGIBILITY;NOT_USPS_VALIDITY;NO_INVENTORY
27243,ZCTA_NEAREST_ACTIVE_OUTLET,NC0103,003,7.533,ZCTA_NN;R6371;TIE_FIRST_LEX,ZCTA_NN_HAVERSINE;NOT_ELIGIBILITY;NOT_USPS_VALIDITY;NO_INVENTORY
27244,ZCTA_NEAREST_ACTIVE_OUTLET,NC0103,004,12.754,ZCTA_NN;R6371;TIE_FIRST_LEX,ZCTA_NN_HAVERSINE;NOT_ELIGIBILITY;NOT_USPS_VALIDITY;NO_INVENTORY
27247,ZCTA_NEAREST_ACTIVE_OUTLET,NC0015,008,7.005,ZCTA_NN;R6371;TIE_FIRST_LEX,ZCTA_NN_HAVERSINE;NOT_ELIGIBILITY;NOT_USPS_VALIDITY;NO_INVENTORY
27248,EXACT_IMLS_OUTLET_ZIP,NC0052,005,,EXACT_OUTLET;TIE_FSCSKEY_SEQ,EXACT_OUTLET;NOT_USPS_VALIDITY;NO_INVENTORY
27249,EXACT_IMLS_OUTLET_ZIP,NC0111,001,,EXACT_OUTLET;TIE_FSCSKEY_SEQ,EXACT_OUTLET;NOT_USPS_VALIDITY;NO_INVENTORY
27252,EXACT_IMLS_OUTLET_ZIP,NC0104,002,,EXACT_OUTLET;TIE_FSCSKEY_SEQ,EXACT_OUTLET;NOT_USPS_VALIDITY;NO_INVENTORY
27253,EXACT_IMLS_OUTLET_ZIP,NC0103,001,,EXACT_OUTLET;TIE_FSCSKEY_SEQ,EXACT_OUTLET;NOT_USPS_VALIDITY;NO_INVENTORY
27256,ZCTA_NEAREST_ACTIVE_OUTLET,NC0104,002,6.781,ZCTA_NN;R6371;TIE_FIRST_LEX,ZCTA_NN_HAVERSINE;NOT_ELIGIBILITY;NOT_USPS_VALIDITY;NO_INVENTORY
27258,ZCTA_NEAREST_ACTIVE_OUTLET,NC0103,001,4.619,ZCTA_NN;R6371;TIE_FIRST_LEX,ZCTA_NN_HAVERSINE;NOT_ELIGIBILITY;NOT_USPS_VALIDITY;NO_INVENTORY
27259,ZCTA_NEAREST_ACTIVE_OUTLET,NC0015,017,8.635,ZCTA_NN;R6371;TIE_FIRST_LEX,ZCTA_NN_HAVERSINE;NOT_ELIGIBILITY;NOT_USPS_VALIDITY;NO_INVENTORY
27260,ZCTA_NEAREST_ACTIVE_OUTLET,NC0080,002,2.684,ZCTA_NN;R6371;TIE_FIRST_LEX,ZCTA_NN_HAVERSINE;NOT_ELIGIBILITY;NOT_USPS_VALIDITY;NO_INVENTORY
27261,OBSERVED_REFERENCE_INDIRECT_ONLY,,,,INDIRECT_IMLS_SC;NO_FABRICATED_NEAREST,INDIRECT_IMLS_SC;NO_FABRICATED_NEAREST;NOT_REJECTED;NOT_USPS_VALIDITY;NO_INVENTORY
27262,EXACT_IMLS_OUTLET_ZIP,NC0080,002,,EXACT_OUTLET;TIE_FSCSKEY_SEQ,EXACT_OUTLET;NOT_USPS_VALIDITY;NO_INVENTORY
27263,EXACT_IMLS_OUTLET_ZIP,NC0052,003,,EXACT_OUTLET;TIE_FSCSKEY_SEQ,EXACT_OUTLET;NOT_USPS_VALIDITY;NO_INVENTORY
27264,OBSERVED_REFERENCE_INDIRECT_ONLY,,,,INDIRECT_IMLS_SC;NO_FABRICATED_NEAREST,INDIRECT_IMLS_SC;NO_FABRICATED_NEAREST;NOT_REJECTED;NOT_USPS_VALIDITY;NO_INVENTORY
27265,ZCTA_NEAREST_ACTIVE_OUTLET,NC0080,002,5.102,ZCTA_NN;R6371;TIE_FIRST_LEX,ZCTA_NN_HAVERSINE;NOT_ELIGIBILITY;NOT_USPS_VALIDITY;NO_INVENTORY
27268,ZCTA_NEAREST_ACTIVE_OUTLET,NC0080,002,1.749,ZCTA_NN;R6371;TIE_FIRST_LEX,ZCTA_NN_HAVERSINE;NOT_ELIGIBILITY;NOT_USPS_VALIDITY;NO_INVENTORY
27278,EXACT_IMLS_OUTLET_ZIP,NC0108,001,,EXACT_OUTLET;TIE_FSCSKEY_SEQ,EXACT_OUTLET;NOT_USPS_VALIDITY;NO_INVENTORY
27281,ZCTA_NEAREST_ACTIVE_OUTLET,NC0112,001,14.346,ZCTA_NN;R6371;TIE_FIRST_LEX,ZCTA_NN_HAVERSINE;NOT_ELIGIBILITY;NOT_USPS_VALIDITY;NO_INVENTORY
27282,ZCTA_NEAREST_ACTIVE_OUTLET,NC0035,017,8.008,ZCTA_NN;R6371;TIE_FIRST_LEX,ZCTA_NN_HAVERSINE;NOT_ELIGIBILITY;NOT_USPS_VALIDITY;NO_INVENTORY
27283,ZCTA_NEAREST_ACTIVE_OUTLET,NC0052,006,12.811,ZCTA_NN;R6371;TIE_FIRST_LEX,ZCTA_NN_HAVERSINE;NOT_ELIGIBILITY;NOT_USPS_VALIDITY;NO_INVENTORY
27284,EXACT_IMLS_OUTLET_ZIP,NC0032,005,,EXACT_OUTLET;TIE_FSCSKEY_SEQ,EXACT_OUTLET;NOT_USPS_VALIDITY;NO_INVENTORY
27285,OBSERVED_REFERENCE_INDIRECT_ONLY,,,,INDIRECT_IMLS_SC;NO_FABRICATED_NEAREST,INDIRECT_IMLS_SC;NO_FABRICATED_NEAREST;NOT_REJECTED;NOT_USPS_VALIDITY;NO_INVENTORY
27288,EXACT_IMLS_OUTLET_ZIP,NC0054,003,,EXACT_OUTLET;TIE_FSCSKEY_SEQ,EXACT_OUTLET;NOT_USPS_VALIDITY;NO_INVENTORY
27289,OBSERVED_REFERENCE_INDIRECT_ONLY,,,,INDIRECT_IMLS_SC;NO_FABRICATED_NEAREST,INDIRECT_IMLS_SC;NO_FABRICATED_NEAREST;NOT_REJECTED;NOT_USPS_VALIDITY;NO_INVENTORY
27291,ZCTA_NEAREST_ACTIVE_OUTLET,NC0107,001,14.814,ZCTA_NN;R6371;TIE_FIRST_LEX,ZCTA_NN_HAVERSINE;NOT_ELIGIBILITY;NOT_USPS_VALIDITY;NO_INVENTORY
27292,EXACT_IMLS_OUTLET_ZIP,NC0027,002,,EXACT_OUTLET;TIE_FSCSKEY_SEQ,EXACT_OUTLET;NOT_USPS_VALIDITY;NO_INVENTORY
27293,OBSERVED_REFERENCE_INDIRECT_ONLY,,,,INDIRECT_IMLS_SC;NO_FABRICATED_NEAREST,INDIRECT_IMLS_SC;NO_FABRICATED_NEAREST;NOT_REJECTED;NOT_USPS_VALIDITY;NO_INVENTORY
27295,EXACT_IMLS_OUTLET_ZIP,NC0027,008,,EXACT_OUTLET;TIE_FSCSKEY_SEQ,EXACT_OUTLET;NOT_USPS_VALIDITY;NO_INVENTORY
27298,EXACT_IMLS_OUTLET_ZIP,NC0052,006,,EXACT_OUTLET;TIE_FSCSKEY_SEQ,EXACT_OUTLET;NOT_USPS_VALIDITY;NO_INVENTORY
27299,ZCTA_NEAREST_ACTIVE_OUTLET,NC0027,008,6.321,ZCTA_NN;R6371;TIE_FIRST_LEX,ZCTA_NN_HAVERSINE;NOT_ELIGIBILITY;NOT_USPS_VALIDITY;NO_INVENTORY
27301,ZCTA_NEAREST_ACTIVE_OUTLET,NC0035,007,7.403,ZCTA_NN;R6371;TIE_FIRST_LEX,ZCTA_NN_HAVERSINE;NOT_ELIGIBILITY;NOT_USPS_VALIDITY;NO_INVENTORY
27302,EXACT_IMLS_OUTLET_ZIP,NC0103,003,,EXACT_OUTLET;TIE_FSCSKEY_SEQ,EXACT_OUTLET;NOT_USPS_VALIDITY;NO_INVENTORY
27305,ZCTA_NEAREST_ACTIVE_OUTLET,NC0107,001,16.214,ZCTA_NN;R6371;TIE_FIRST_LEX,ZCTA_NN_HAVERSINE;NOT_ELIGIBILITY;NOT_USPS_VALIDITY;NO_INVENTORY
27306,EXACT_IMLS_OUTLET_ZIP,NC0015,007,,EXACT_OUTLET;TIE_FSCSKEY_SEQ,EXACT_OUTLET;NOT_USPS_VALIDITY;NO_INVENTORY
27310,ZCTA_NEAREST_ACTIVE_OUTLET,NC0032,005,9.478,ZCTA_NN;R6371;TIE_FIRST_LEX,ZCTA_NN_HAVERSINE;NOT_ELIGIBILITY;NOT_USPS_VALIDITY;NO_INVENTORY
27311,ZCTA_NEAREST_ACTIVE_OUTLET,VA0023,004,13.355,ZCTA_NN;R6371;TIE_FIRST_LEX,ZCTA_NN_HAVERSINE;NOT_ELIGIBILITY;NOT_USPS_VALIDITY;NO_INVENTORY
27312,EXACT_IMLS_OUTLET_ZIP,NC0104,005,,EXACT_OUTLET;TIE_FSCSKEY_SEQ,EXACT_OUTLET;NOT_USPS_VALIDITY;NO_INVENTORY
27313,ZCTA_NEAREST_ACTIVE_OUTLET,NC0035,017,12.691,ZCTA_NN;R6371;TIE_FIRST_LEX,ZCTA_NN_HAVERSINE;NOT_ELIGIBILITY;NOT_USPS_VALIDITY;NO_INVENTORY
27314,ZCTA_NEAREST_ACTIVE_OUTLET,NC0107,001,16.074,ZCTA_NN;R6371;TIE_FIRST_LEX,ZCTA_NN_HAVERSINE;NOT_ELIGIBILITY;NOT_USPS_VALIDITY;NO_INVENTORY
27315,ZCTA_NEAREST_ACTIVE_OUTLET,VA0023,004,8.379,ZCTA_NN;R6371;TIE_FIRST_LEX,ZCTA_NN_HAVERSINE;NOT_ELIGIBILITY;NOT_USPS_VALIDITY;NO_INVENTORY
27316,EXACT_IMLS_OUTLET_ZIP,NC0052,007,,EXACT_OUTLET;TIE_FSCSKEY_SEQ,EXACT_OUTLET;NOT_USPS_VALIDITY;NO_INVENTORY
27317,EXACT_IMLS_OUTLET_ZIP,NC0052,008,,EXACT_OUTLET;TIE_FSCSKEY_SEQ,EXACT_OUTLET;NOT_USPS_VALIDITY;NO_INVENTORY
27320,EXACT_IMLS_OUTLET_ZIP,NC0054,006,,EXACT_OUTLET;TIE_FSCSKEY_SEQ,EXACT_OUTLET;NOT_USPS_VALIDITY;NO_INVENTORY
27323,OBSERVED_REFERENCE_INDIRECT_ONLY,,,,INDIRECT_IMLS_SC;NO_FABRICATED_NEAREST,INDIRECT_IMLS_SC;NO_FABRICATED_NEAREST;NOT_REJECTED;NOT_USPS_VALIDITY;NO_INVENTORY
27325,EXACT_IMLS_OUTLET_ZIP,NC0015,017,,EXACT_OUTLET;TIE_FSCSKEY_SEQ,EXACT_OUTLET;NOT_USPS_VALIDITY;NO_INVENTORY
27326,ZCTA_NEAREST_ACTIVE_OUTLET,NC0054,006,14.915,ZCTA_NN;R6371;TIE_FIRST_LEX,ZCTA_NN_HAVERSINE;NOT_ELIGIBILITY;NOT_USPS_VALIDITY;NO_INVENTORY
27330,EXACT_IMLS_OUTLET_ZIP,NC0042,002,,EXACT_OUTLET;TIE_FSCSKEY_SEQ,EXACT_OUTLET;NOT_USPS_VALIDITY;NO_INVENTORY
27331,OBSERVED_REFERENCE_INDIRECT_ONLY,,,,INDIRECT_IMLS_SC;NO_FABRICATED_NEAREST,INDIRECT_IMLS_SC;NO_FABRICATED_NEAREST;NOT_REJECTED;NOT_USPS_VALIDITY;NO_INVENTORY
27332,EXACT_IMLS_OUTLET_ZIP,NC0037,010,,EXACT_OUTLET;TIE_FSCSKEY_SEQ,EXACT_OUTLET;NOT_USPS_VALIDITY;NO_INVENTORY
27340,ZCTA_NEAREST_ACTIVE_OUTLET,NC0103,001,15.716,ZCTA_NN;R6371;TIE_FIRST_LEX,ZCTA_NN_HAVERSINE;NOT_ELIGIBILITY;NOT_USPS_VALIDITY;NO_INVENTORY
27341,EXACT_IMLS_OUTLET_ZIP,NC0052,009,,EXACT_OUTLET;TIE_FSCSKEY_SEQ,EXACT_OUTLET;NOT_USPS_VALIDITY;NO_INVENTORY
27342,ZCTA_NEAREST_ACTIVE_OUTLET,NC0111,001,8.184,ZCTA_NN;R6371;TIE_FIRST_LEX,ZCTA_NN_HAVERSINE;NOT_ELIGIBILITY;NOT_USPS_VALIDITY;NO_INVENTORY
27343,ZCTA_NEAREST_ACTIVE_OUTLET,NC0109,001,15.152,ZCTA_NN;R6371;TIE_FIRST_LEX,ZCTA_NN_HAVERSINE;NOT_ELIGIBILITY;NOT_USPS_VALIDITY;NO_INVENTORY
27344,EXACT_IMLS_OUTLET_ZIP,NC0104,004,,EXACT_OUTLET;TIE_FSCSKEY_SEQ,EXACT_OUTLET;NOT_USPS_VALIDITY;NO_INVENTORY
27349,ZCTA_NEAREST_ACTIVE_OUTLET,NC0052,006,14.621,ZCTA_NN;R6371;TIE_FIRST_LEX,ZCTA_NN_HAVERSINE;NOT_ELIGIBILITY;NOT_USPS_VALIDITY;NO_INVENTORY
27350,ZCTA_NEAREST_ACTIVE_OUTLET,NC0052,008,7.502,ZCTA_NN;R6371;TIE_FIRST_LEX,ZCTA_NN_HAVERSINE;NOT_ELIGIBILITY;NOT_USPS_VALIDITY;NO_INVENTORY
27351,ZCTA_NEAREST_ACTIVE_OUTLET,NC0027,003,13.773,ZCTA_NN;R6371;TIE_FIRST_LEX,ZCTA_NN_HAVERSINE;NOT_ELIGIBILITY;NOT_USPS_VALIDITY;NO_INVENTORY
27355,ZCTA_NEAREST_ACTIVE_OUTLET,NC0052,006,6.926,ZCTA_NN;R6371;TIE_FIRST_LEX,ZCTA_NN_HAVERSINE;NOT_ELIGIBILITY;NOT_USPS_VALIDITY;NO_INVENTORY
27356,EXACT_IMLS_OUTLET_ZIP,NC0015,008,,EXACT_OUTLET;TIE_FSCSKEY_SEQ,EXACT_OUTLET;NOT_USPS_VALIDITY;NO_INVENTORY
27357,ZCTA_NEAREST_ACTIVE_OUTLET,NC0054,010,14.954,ZCTA_NN;R6371;TIE_FIRST_LEX,ZCTA_NN_HAVERSINE;NOT_ELIGIBILITY;NOT_USPS_VALIDITY;NO_INVENTORY
27358,ZCTA_NEAREST_ACTIVE_OUTLET,NC0035,019,11.147,ZCTA_NN;R6371;TIE_FIRST_LEX,ZCTA_NN_HAVERSINE;NOT_ELIGIBILITY;NOT_USPS_VALIDITY;NO_INVENTORY
27359,OBSERVED_REFERENCE_INDIRECT_ONLY,,,,INDIRECT_IMLS_SC;NO_FABRICATED_NEAREST,INDIRECT_IMLS_SC;NO_FABRICATED_NEAREST;NOT_REJECTED;NOT_USPS_VALIDITY;NO_INVENTORY
27360,EXACT_IMLS_OUTLET_ZIP,NC0027,006,,EXACT_OUTLET;TIE_FSCSKEY_SEQ,EXACT_OUTLET;NOT_USPS_VALIDITY;NO_INVENTORY
27361,OBSERVED_REFERENCE_INDIRECT_ONLY,,,,INDIRECT_IMLS_SC;NO_FABRICATED_NEAREST,INDIRECT_IMLS_SC;NO_FABRICATED_NEAREST;NOT_REJECTED;NOT_USPS_VALIDITY;NO_INVENTORY
27370,ZCTA_NEAREST_ACTIVE_OUTLET,NC0052,003,9.956,ZCTA_NN;R6371;TIE_FIRST_LEX,ZCTA_NN_HAVERSINE;NOT_ELIGIBILITY;NOT_USPS_VALIDITY;NO_INVENTORY
27371,EXACT_IMLS_OUTLET_ZIP,NC0015,006,,EXACT_OUTLET;TIE_FSCSKEY_SEQ,EXACT_OUTLET;NOT_USPS_VALIDITY;NO_INVENTORY
27373,OBSERVED_REFERENCE_INDIRECT_ONLY,,,,INDIRECT_IMLS_SC;NO_FABRICATED_NEAREST,INDIRECT_IMLS_SC;NO_FABRICATED_NEAREST;NOT_REJECTED;NOT_USPS_VALIDITY;NO_INVENTORY
27374,EXACT_IMLS_OUTLET_ZIP,NC0027,005,,EXACT_OUTLET;TIE_FSCSKEY_SEQ,EXACT_OUTLET;NOT_USPS_VALIDITY;NO_INVENTORY
27376,ZCTA_NEAREST_ACTIVE_OUTLET,NC0112,001,8.798,ZCTA_NN;R6371;TIE_FIRST_LEX,ZCTA_NN_HAVERSINE;NOT_ELIGIBILITY;NOT_USPS_VALIDITY;NO_INVENTORY
27377,ZCTA_NEAREST_ACTIVE_OUTLET,NC0111,001,9.330,ZCTA_NN;R6371;TIE_FIRST_LEX,ZCTA_NN_HAVERSINE;NOT_ELIGIBILITY;NOT_USPS_VALIDITY;NO_INVENTORY
27379,EXACT_IMLS_OUTLET_ZIP,NC0107,001,,EXACT_OUTLET;TIE_FSCSKEY_SEQ,EXACT_OUTLET;NOT_USPS_VALIDITY;NO_INVENTORY
27401,EXACT_IMLS_OUTLET_ZIP,NC0035,012,,EXACT_OUTLET;TIE_FSCSKEY_SEQ,EXACT_OUTLET;NOT_USPS_VALIDITY;NO_INVENTORY
27402,OBSERVED_REFERENCE_INDIRECT_ONLY,,,,INDIRECT_IMLS_SC;NO_FABRICATED_NEAREST,INDIRECT_IMLS_SC;NO_FABRICATED_NEAREST;NOT_REJECTED;NOT_USPS_VALIDITY;NO_INVENTORY
27403,EXACT_IMLS_OUTLET_ZIP,NC0035,011,,EXACT_OUTLET;TIE_FSCSKEY_SEQ,EXACT_OUTLET;NOT_USPS_VALIDITY;NO_INVENTORY
27404,OBSERVED_REFERENCE_INDIRECT_ONLY,,,,INDIRECT_IMLS_SC;NO_FABRICATED_NEAREST,INDIRECT_IMLS_SC;NO_FABRICATED_NEAREST;NOT_REJECTED;NOT_USPS_VALIDITY;NO_INVENTORY
27405,EXACT_IMLS_OUTLET_ZIP,NC0035,007,,EXACT_OUTLET;TIE_FSCSKEY_SEQ,EXACT_OUTLET;NOT_USPS_VALIDITY;NO_INVENTORY
27406,EXACT_IMLS_OUTLET_ZIP,NC0035,009,,EXACT_OUTLET;TIE_FSCSKEY_SEQ,EXACT_OUTLET;NOT_USPS_VALIDITY;NO_INVENTORY
27407,EXACT_IMLS_OUTLET_ZIP,NC0035,017,,EXACT_OUTLET;TIE_FSCSKEY_SEQ,EXACT_OUTLET;NOT_USPS_VALIDITY;NO_INVENTORY
27408,EXACT_IMLS_OUTLET_ZIP,NC0035,004,,EXACT_OUTLET;TIE_FSCSKEY_SEQ,EXACT_OUTLET;NOT_USPS_VALIDITY;NO_INVENTORY
27409,ZCTA_NEAREST_ACTIVE_OUTLET,NC0035,018,8.693,ZCTA_NN;R6371;TIE_FIRST_LEX,ZCTA_NN_HAVERSINE;NOT_ELIGIBILITY;NOT_USPS_VALIDITY;NO_INVENTORY
27410,EXACT_IMLS_OUTLET_ZIP,NC0035,018,,EXACT_OUTLET;TIE_FSCSKEY_SEQ,EXACT_OUTLET;NOT_USPS_VALIDITY;NO_INVENTORY
27411,ZCTA_NEAREST_ACTIVE_OUTLET,NC0035,012,1.373,ZCTA_NN;R6371;TIE_FIRST_LEX,ZCTA_NN_HAVERSINE;NOT_ELIGIBILITY;NOT_USPS_VALIDITY;NO_INVENTORY
27412,ZCTA_NEAREST_ACTIVE_OUTLET,NC0035,011,2.026,ZCTA_NN;R6371;TIE_FIRST_LEX,ZCTA_NN_HAVERSINE;NOT_ELIGIBILITY;NOT_USPS_VALIDITY;NO_INVENTORY
27415,OBSERVED_REFERENCE_INDIRECT_ONLY,,,,INDIRECT_IMLS_SC;NO_FABRICATED_NEAREST,INDIRECT_IMLS_SC;NO_FABRICATED_NEAREST;NOT_REJECTED;NOT_USPS_VALIDITY;NO_INVENTORY
27416,OBSERVED_REFERENCE_INDIRECT_ONLY,,,,INDIRECT_IMLS_SC;NO_FABRICATED_NEAREST,INDIRECT_IMLS_SC;NO_FABRICATED_NEAREST;NOT_REJECTED;NOT_USPS_VALIDITY;NO_INVENTORY
27417,OBSERVED_REFERENCE_INDIRECT_ONLY,,,,INDIRECT_IMLS_SC;NO_FABRICATED_NEAREST,INDIRECT_IMLS_SC;NO_FABRICATED_NEAREST;NOT_REJECTED;NOT_USPS_VALIDITY;NO_INVENTORY
27419,OBSERVED_REFERENCE_INDIRECT_ONLY,,,,INDIRECT_IMLS_SC;NO_FABRICATED_NEAREST,INDIRECT_IMLS_SC;NO_FABRICATED_NEAREST;NOT_REJECTED;NOT_USPS_VALIDITY;NO_INVENTORY
27420,OBSERVED_REFERENCE_INDIRECT_ONLY,,,,INDIRECT_IMLS_SC;NO_FABRICATED_NEAREST,INDIRECT_IMLS_SC;NO_FABRICATED_NEAREST;NOT_REJECTED;NOT_USPS_VALIDITY;NO_INVENTORY
27425,OBSERVED_REFERENCE_INDIRECT_ONLY,,,,INDIRECT_IMLS_SC;NO_FABRICATED_NEAREST,INDIRECT_IMLS_SC;NO_FABRICATED_NEAREST;NOT_REJECTED;NOT_USPS_VALIDITY;NO_INVENTORY
27427,OBSERVED_REFERENCE_INDIRECT_ONLY,,,,INDIRECT_IMLS_SC;NO_FABRICATED_NEAREST,INDIRECT_IMLS_SC;NO_FABRICATED_NEAREST;NOT_REJECTED;NOT_USPS_VALIDITY;NO_INVENTORY
27429,OBSERVED_REFERENCE_INDIRECT_ONLY,,,,INDIRECT_IMLS_SC;NO_FABRICATED_NEAREST,INDIRECT_IMLS_SC;NO_FABRICATED_NEAREST;NOT_REJECTED;NOT_USPS_VALIDITY;NO_INVENTORY
27438,OBSERVED_REFERENCE_INDIRECT_ONLY,,,,INDIRECT_IMLS_SC;NO_FABRICATED_NEAREST,INDIRECT_IMLS_SC;NO_FABRICATED_NEAREST;NOT_REJECTED;NOT_USPS_VALIDITY;NO_INVENTORY
27455,EXACT_IMLS_OUTLET_ZIP,NC0035,019,,EXACT_OUTLET;TIE_FSCSKEY_SEQ,EXACT_OUTLET;NOT_USPS_VALIDITY;NO_INVENTORY
27501,ZCTA_NEAREST_ACTIVE_OUTLET,NC0037,001,5.688,ZCTA_NN;R6371;TIE_FIRST_LEX,ZCTA_NN_HAVERSINE;NOT_ELIGIBILITY;NOT_USPS_VALIDITY;NO_INVENTORY
27502,EXACT_IMLS_OUTLET_ZIP,NC0063,023,,EXACT_OUTLET;TIE_FSCSKEY_SEQ,EXACT_OUTLET;NOT_USPS_VALIDITY;NO_INVENTORY
27503,ZCTA_NEAREST_ACTIVE_OUTLET,NC0030,006,7.773,ZCTA_NN;R6371;TIE_FIRST_LEX,ZCTA_NN_HAVERSINE;NOT_ELIGIBILITY;NOT_USPS_VALIDITY;NO_INVENTORY
27504,EXACT_IMLS_OUTLET_ZIP,NC0041,006,,EXACT_OUTLET;TIE_FSCSKEY_SEQ,EXACT_OUTLET;NOT_USPS_VALIDITY;NO_INVENTORY
27505,EXACT_IMLS_OUTLET_ZIP,NC0042,003,,EXACT_OUTLET;TIE_FSCSKEY_SEQ,EXACT_OUTLET;NOT_USPS_VALIDITY;NO_INVENTORY
27506,ZCTA_NEAREST_ACTIVE_OUTLET,NC0037,004,6.120,ZCTA_NN;R6371;TIE_FIRST_LEX,ZCTA_NN_HAVERSINE;NOT_ELIGIBILITY;NOT_USPS_VALIDITY;NO_INVENTORY
27507,ZCTA_NEAREST_ACTIVE_OUTLET,NC0034,005,8.764,ZCTA_NN;R6371;TIE_FIRST_LEX,ZCTA_NN_HAVERSINE;NOT_ELIGIBILITY;NOT_USPS_VALIDITY;NO_INVENTORY
27508,EXACT_IMLS_OUTLET_ZIP,NC0033,003,,EXACT_OUTLET;TIE_FSCSKEY_SEQ,EXACT_OUTLET;NOT_USPS_VALIDITY;NO_INVENTORY
27509,ZCTA_NEAREST_ACTIVE_OUTLET,NC0034,004,4.843,ZCTA_NN;R6371;TIE_FIRST_LEX,ZCTA_NN_HAVERSINE;NOT_ELIGIBILITY;NOT_USPS_VALIDITY;NO_INVENTORY
27510,EXACT_IMLS_OUTLET_ZIP,NC0108,003,,EXACT_OUTLET;TIE_FSCSKEY_SEQ,EXACT_OUTLET;NOT_USPS_VALIDITY;NO_INVENTORY
27511,EXACT_IMLS_OUTLET_ZIP,NC0063,007,,EXACT_OUTLET;TIE_FSCSKEY_SEQ,EXACT_OUTLET;NOT_USPS_VALIDITY;NO_INVENTORY
27512,OBSERVED_REFERENCE_INDIRECT_ONLY,,,,INDIRECT_IMLS_SC;NO_FABRICATED_NEAREST,INDIRECT_IMLS_SC;NO_FABRICATED_NEAREST;NOT_REJECTED;NOT_USPS_VALIDITY;NO_INVENTORY
27513,ZCTA_NEAREST_ACTIVE_OUTLET,NC0063,007,2.909,ZCTA_NN;R6371;TIE_FIRST_LEX,ZCTA_NN_HAVERSINE;NOT_ELIGIBILITY;NOT_USPS_VALIDITY;NO_INVENTORY
27514,EXACT_IMLS_OUTLET_ZIP,NC0071,002,,EXACT_OUTLET;TIE_FSCSKEY_SEQ,EXACT_OUTLET;NOT_USPS_VALIDITY;NO_INVENTORY
27515,OBSERVED_REFERENCE_INDIRECT_ONLY,,,,INDIRECT_IMLS_SC;NO_FABRICATED_NEAREST,INDIRECT_IMLS_SC;NO_FABRICATED_NEAREST;NOT_REJECTED;NOT_USPS_VALIDITY;NO_INVENTORY
27516,ZCTA_NEAREST_ACTIVE_OUTLET,NC0108,003,7.455,ZCTA_NN;R6371;TIE_FIRST_LEX,ZCTA_NN_HAVERSINE;NOT_ELIGIBILITY;NOT_USPS_VALIDITY;NO_INVENTORY
27517,ZCTA_NEAREST_ACTIVE_OUTLET,NC0108,003,8.374,ZCTA_NN;R6371;TIE_FIRST_LEX,ZCTA_NN_HAVERSINE;NOT_ELIGIBILITY;NOT_USPS_VALIDITY;NO_INVENTORY
27518,ZCTA_NEAREST_ACTIVE_OUTLET,NC0063,023,4.748,ZCTA_NN;R6371;TIE_FIRST_LEX,ZCTA_NN_HAVERSINE;NOT_ELIGIBILITY;NOT_USPS_VALIDITY;NO_INVENTORY
27519,EXACT_IMLS_OUTLET_ZIP,NC0063,029,,EXACT_OUTLET;TIE_FSCSKEY_SEQ,EXACT_OUTLET;NOT_USPS_VALIDITY;NO_INVENTORY
27520,EXACT_IMLS_OUTLET_ZIP,NC0110,001,,EXACT_OUTLET;TIE_FSCSKEY_SEQ,EXACT_OUTLET;NOT_USPS_VALIDITY;NO_INVENTORY
27521,EXACT_IMLS_OUTLET_ZIP,NC0037,004,,EXACT_OUTLET;TIE_FSCSKEY_SEQ,EXACT_OUTLET;NOT_USPS_VALIDITY;NO_INVENTORY
27522,EXACT_IMLS_OUTLET_ZIP,NC0034,004,,EXACT_OUTLET;TIE_FSCSKEY_SEQ,EXACT_OUTLET;NOT_USPS_VALIDITY;NO_INVENTORY
27523,ZCTA_NEAREST_ACTIVE_OUTLET,NC0063,029,9.441,ZCTA_NN;R6371;TIE_FIRST_LEX,ZCTA_NN_HAVERSINE;NOT_ELIGIBILITY;NOT_USPS_VALIDITY;NO_INVENTORY
27524,EXACT_IMLS_OUTLET_ZIP,NC0041,008,,EXACT_OUTLET;TIE_FSCSKEY_SEQ,EXACT_OUTLET;NOT_USPS_VALIDITY;NO_INVENTORY
27525,EXACT_IMLS_OUTLET_ZIP,NC0033,004,,EXACT_OUTLET;TIE_FSCSKEY_SEQ,EXACT_OUTLET;NOT_USPS_VALIDITY;NO_INVENTORY
27526,EXACT_IMLS_OUTLET_ZIP,NC0063,009,,EXACT_OUTLET;TIE_FSCSKEY_SEQ,EXACT_OUTLET;NOT_USPS_VALIDITY;NO_INVENTORY
27527,ZCTA_NEAREST_ACTIVE_OUTLET,NC0110,001,6.692,ZCTA_NN;R6371;TIE_FIRST_LEX,ZCTA_NN_HAVERSINE;NOT_ELIGIBILITY;NOT_USPS_VALIDITY;NO_INVENTORY
27528,OBSERVED_REFERENCE_INDIRECT_ONLY,,,,INDIRECT_IMLS_SC;NO_FABRICATED_NEAREST,INDIRECT_IMLS_SC;NO_FABRICATED_NEAREST;NOT_REJECTED;NOT_USPS_VALIDITY;NO_INVENTORY
27529,EXACT_IMLS_OUTLET_ZIP,NC0063,016,,EXACT_OUTLET;TIE_FSCSKEY_SEQ,EXACT_OUTLET;NOT_USPS_VALIDITY;NO_INVENTORY
27530,EXACT_IMLS_OUTLET_ZIP,NC0065,002,,EXACT_OUTLET;TIE_FSCSKEY_SEQ,EXACT_OUTLET;NOT_USPS_VALIDITY;NO_INVENTORY
27531,ZCTA_NEAREST_ACTIVE_OUTLET,NC0065,002,4.363,ZCTA_NN;R6371;TIE_FIRST_LEX,ZCTA_NN_HAVERSINE;NOT_ELIGIBILITY;NOT_USPS_VALIDITY;NO_INVENTORY
27532,OBSERVED_REFERENCE_INDIRECT_ONLY,,,,INDIRECT_IMLS_SC;NO_FABRICATED_NEAREST,INDIRECT_IMLS_SC;NO_FABRICATED_NEAREST;NOT_REJECTED;NOT_USPS_VALIDITY;NO_INVENTORY
27533,ZCTA_NEAREST_ACTIVE_OUTLET,NC0065,002,5.347,ZCTA_NN;R6371;TIE_FIRST_LEX,ZCTA_NN_HAVERSINE;NOT_ELIGIBILITY;NOT_USPS_VALIDITY;NO_INVENTORY
27534,ZCTA_NEAREST_ACTIVE_OUTLET,NC0065,002,8.591,ZCTA_NN;R6371;TIE_FIRST_LEX,ZCTA_NN_HAVERSINE;NOT_ELIGIBILITY;NOT_USPS_VALIDITY;NO_INVENTORY
27536,EXACT_IMLS_OUTLET_ZIP,NC0062,002,,EXACT_OUTLET;TIE_FSCSKEY_SEQ,EXACT_OUTLET;NOT_USPS_VALIDITY;NO_INVENTORY
27537,ZCTA_NEAREST_ACTIVE_OUTLET,NC0062,002,3.480,ZCTA_NN;R6371;TIE_FIRST_LEX,ZCTA_NN_HAVERSINE;NOT_ELIGIBILITY;NOT_USPS_VALIDITY;NO_INVENTORY
27539,EXACT_IMLS_OUTLET_ZIP,NC0063,033,,EXACT_OUTLET;TIE_FSCSKEY_SEQ,EXACT_OUTLET;NOT_USPS_VALIDITY;NO_INVENTORY
27540,EXACT_IMLS_OUTLET_ZIP,NC0063,030,,EXACT_OUTLET;TIE_FSCSKEY_SEQ,EXACT_OUTLET;NOT_USPS_VALIDITY;NO_INVENTORY
27541,ZCTA_NEAREST_ACTIVE_OUTLET,NC0109,001,16.433,ZCTA_NN;R6371;TIE_FIRST_LEX,ZCTA_NN_HAVERSINE;NOT_ELIGIBILITY;NOT_USPS_VALIDITY;NO_INVENTORY
27542,EXACT_IMLS_OUTLET_ZIP,NC0041,005,,EXACT_OUTLET;TIE_FSCSKEY_SEQ,EXACT_OUTLET;NOT_USPS_VALIDITY;NO_INVENTORY
27544,ZCTA_NEAREST_ACTIVE_OUTLET,NC0033,004,8.705,ZCTA_NN;R6371;TIE_FIRST_LEX,ZCTA_NN_HAVERSINE;NOT_ELIGIBILITY;NOT_USPS_VALIDITY;NO_INVENTORY
27545,EXACT_IMLS_OUTLET_ZIP,NC0063,012,,EXACT_OUTLET;TIE_FSCSKEY_SEQ,EXACT_OUTLET;NOT_USPS_VALIDITY;NO_INVENTORY
27546,EXACT_IMLS_OUTLET_ZIP,NC0037,001,,EXACT_OUTLET;TIE_FSCSKEY_SEQ,EXACT_OUTLET;NOT_USPS_VALIDITY;NO_INVENTORY
27549,EXACT_IMLS_OUTLET_ZIP,NC0033,002,,EXACT_OUTLET;TIE_FSCSKEY_SEQ,EXACT_OUTLET;NOT_USPS_VALIDITY;NO_INVENTORY
27551,ZCTA_NEAREST_ACTIVE_OUTLET,NC0101,002,10.300,ZCTA_NN;R6371;TIE_FIRST_LEX,ZCTA_NN_HAVERSINE;NOT_ELIGIBILITY;NOT_USPS_VALIDITY;NO_INVENTORY
27553,ZCTA_NEAREST_ACTIVE_OUTLET,NC0101,002,16.402,ZCTA_NN;R6371;TIE_FIRST_LEX,ZCTA_NN_HAVERSINE;NOT_ELIGIBILITY;NOT_USPS_VALIDITY;NO_INVENTORY
27555,ZCTA_NEAREST_ACTIVE_OUTLET,NC0041,007,7.675,ZCTA_NN;R6371;TIE_FIRST_LEX,ZCTA_NN_HAVERSINE;NOT_ELIGIBILITY;NOT_USPS_VALIDITY;NO_INVENTORY
27556,ZCTA_NEAREST_ACTIVE_OUTLET,NC0062,002,11.755,ZCTA_NN;R6371;TIE_FIRST_LEX,ZCTA_NN_HAVERSINE;NOT_ELIGIBILITY;NOT_USPS_VALIDITY;NO_INVENTORY
27557,EXACT_IMLS_OUTLET_ZIP,NC0046,006,,EXACT_OUTLET;TIE_FSCSKEY_SEQ,EXACT_OUTLET;NOT_USPS_VALIDITY;NO_INVENTORY
27559,ZCTA_NEAREST_ACTIVE_OUTLET,NC0104,005,13.146,ZCTA_NN;R6371;TIE_FIRST_LEX,ZCTA_NN_HAVERSINE;NOT_ELIGIBILITY;NOT_USPS_VALIDITY;NO_INVENTORY
27560,EXACT_IMLS_OUTLET_ZIP,NC0063,034,,EXACT_OUTLET;TIE_FSCSKEY_SEQ,EXACT_OUTLET;NOT_USPS_VALIDITY;NO_INVENTORY
27562,ZCTA_NEAREST_ACTIVE_OUTLET,NC0063,030,12.579,ZCTA_NN;R6371;TIE_FIRST_LEX,ZCTA_NN_HAVERSINE;NOT_ELIGIBILITY;NOT_USPS_VALIDITY;NO_INVENTORY
27563,ZCTA_NEAREST_ACTIVE_OUTLET,NC0101,002,6.385,ZCTA_NN;R6371;TIE_FIRST_LEX,ZCTA_NN_HAVERSINE;NOT_ELIGIBILITY;NOT_USPS_VALIDITY;NO_INVENTORY
27565,EXACT_IMLS_OUTLET_ZIP,NC0034,002,,EXACT_OUTLET;TIE_FSCSKEY_SEQ,EXACT_OUTLET;NOT_USPS_VALIDITY;NO_INVENTORY
27568,ZCTA_NEAREST_ACTIVE_OUTLET,NC0041,007,4.697,ZCTA_NN;R6371;TIE_FIRST_LEX,ZCTA_NN_HAVERSINE;NOT_ELIGIBILITY;NOT_USPS_VALIDITY;NO_INVENTORY
27569,EXACT_IMLS_OUTLET_ZIP,NC0041,009,,EXACT_OUTLET;TIE_FSCSKEY_SEQ,EXACT_OUTLET;NOT_USPS_VALIDITY;NO_INVENTORY
27570,ZCTA_NEAREST_ACTIVE_OUTLET,NC0101,002,8.497,ZCTA_NN;R6371;TIE_FIRST_LEX,ZCTA_NN_HAVERSINE;NOT_ELIGIBILITY;NOT_USPS_VALIDITY;NO_INVENTORY
27571,ZCTA_NEAREST_ACTIVE_OUTLET,NC0063,017,6.694,ZCTA_NN;R6371;TIE_FIRST_LEX,ZCTA_NN_HAVERSINE;NOT_ELIGIBILITY;NOT_USPS_VALIDITY;NO_INVENTORY
27572,ZCTA_NEAREST_ACTIVE_OUTLET,NC0034,003,14.183,ZCTA_NN;R6371;TIE_FIRST_LEX,ZCTA_NN_HAVERSINE;NOT_ELIGIBILITY;NOT_USPS_VALIDITY;NO_INVENTORY
27573,EXACT_IMLS_OUTLET_ZIP,NC0109,001,,EXACT_OUTLET;TIE_FSCSKEY_SEQ,EXACT_OUTLET;NOT_USPS_VALIDITY;NO_INVENTORY
27574,ZCTA_NEAREST_ACTIVE_OUTLET,NC0109,001,15.961,ZCTA_NN;R6371;TIE_FIRST_LEX,ZCTA_NN_HAVERSINE;NOT_ELIGIBILITY;NOT_USPS_VALIDITY;NO_INVENTORY
27576,EXACT_IMLS_OUTLET_ZIP,NC0041,007,,EXACT_OUTLET;TIE_FSCSKEY_SEQ,EXACT_OUTLET;NOT_USPS_VALIDITY;NO_INVENTORY
27577,EXACT_IMLS_OUTLET_ZIP,NC0041,002,,EXACT_OUTLET;TIE_FSCSKEY_SEQ,EXACT_OUTLET;NOT_USPS_VALIDITY;NO_INVENTORY
27581,ZCTA_NEAREST_ACTIVE_OUTLET,NC0034,004,6.953,ZCTA_NN;R6371;TIE_FIRST_LEX,ZCTA_NN_HAVERSINE;NOT_ELIGIBILITY;NOT_USPS_VALIDITY;NO_INVENTORY
27582,EXACT_IMLS_OUTLET_ZIP,NC0034,005,,EXACT_OUTLET;TIE_FSCSKEY_SEQ,EXACT_OUTLET;NOT_USPS_VALIDITY;NO_INVENTORY
27583,ZCTA_NEAREST_ACTIVE_OUTLET,NC0109,001,10.200,ZCTA_NN;R6371;TIE_FIRST_LEX,ZCTA_NN_HAVERSINE;NOT_ELIGIBILITY;NOT_USPS_VALIDITY;NO_INVENTORY
27584,ZCTA_NEAREST_ACTIVE_OUTLET,NC0034,005,12.056,ZCTA_NN;R6371;TIE_FIRST_LEX,ZCTA_NN_HAVERSINE;NOT_ELIGIBILITY;NOT_USPS_VALIDITY;NO_INVENTORY
27587,EXACT_IMLS_OUTLET_ZIP,NC0063,017,,EXACT_OUTLET;TIE_FSCSKEY_SEQ,EXACT_OUTLET;NOT_USPS_VALIDITY;NO_INVENTORY
27588,OBSERVED_REFERENCE_INDIRECT_ONLY,,,,INDIRECT_IMLS_SC;NO_FABRICATED_NEAREST,INDIRECT_IMLS_SC;NO_FABRICATED_NEAREST;NOT_REJECTED;NOT_USPS_VALIDITY;NO_INVENTORY
27589,EXACT_IMLS_OUTLET_ZIP,NC0101,002,,EXACT_OUTLET;TIE_FSCSKEY_SEQ,EXACT_OUTLET;NOT_USPS_VALIDITY;NO_INVENTORY
27591,EXACT_IMLS_OUTLET_ZIP,NC0063,018,,EXACT_OUTLET;TIE_FSCSKEY_SEQ,EXACT_OUTLET;NOT_USPS_VALIDITY;NO_INVENTORY
27592,ZCTA_NEAREST_ACTIVE_OUTLET,NC0037,001,8.312,ZCTA_NN;R6371;TIE_FIRST_LEX,ZCTA_NN_HAVERSINE;NOT_ELIGIBILITY;NOT_USPS_VALIDITY;NO_INVENTORY
27593,ZCTA_NEAREST_ACTIVE_OUTLET,NC0041,002,8.445,ZCTA_NN;R6371;TIE_FIRST_LEX,ZCTA_NN_HAVERSINE;NOT_ELIGIBILITY;NOT_USPS_VALIDITY;NO_INVENTORY
27594,ZCTA_NEAREST_ACTIVE_OUTLET,NC0101,002,8.434,ZCTA_NN;R6371;TIE_FIRST_LEX,ZCTA_NN_HAVERSINE;NOT_ELIGIBILITY;NOT_USPS_VALIDITY;NO_INVENTORY
27596,EXACT_IMLS_OUTLET_ZIP,NC0033,005,,EXACT_OUTLET;TIE_FSCSKEY_SEQ,EXACT_OUTLET;NOT_USPS_VALIDITY;NO_INVENTORY
27597,EXACT_IMLS_OUTLET_ZIP,NC0063,019,,EXACT_OUTLET;TIE_FSCSKEY_SEQ,EXACT_OUTLET;NOT_USPS_VALIDITY;NO_INVENTORY
27599,ZCTA_NEAREST_ACTIVE_OUTLET,NC0108,003,1.950,ZCTA_NN;R6371;TIE_FIRST_LEX,ZCTA_NN_HAVERSINE;NOT_ELIGIBILITY;NOT_USPS_VALIDITY;NO_INVENTORY
27601,EXACT_IMLS_OUTLET_ZIP,NC0063,025,,EXACT_OUTLET;TIE_FSCSKEY_SEQ,EXACT_OUTLET;NOT_USPS_VALIDITY;NO_INVENTORY
27602,OBSERVED_REFERENCE_INDIRECT_ONLY,,,,INDIRECT_IMLS_SC;NO_FABRICATED_NEAREST,INDIRECT_IMLS_SC;NO_FABRICATED_NEAREST;NOT_REJECTED;NOT_USPS_VALIDITY;NO_INVENTORY
27603,ZCTA_NEAREST_ACTIVE_OUTLET,NC0063,016,5.395,ZCTA_NN;R6371;TIE_FIRST_LEX,ZCTA_NN_HAVERSINE;NOT_ELIGIBILITY;NOT_USPS_VALIDITY;NO_INVENTORY
27604,EXACT_IMLS_OUTLET_ZIP,NC0063,026,,EXACT_OUTLET;TIE_FSCSKEY_SEQ,EXACT_OUTLET;NOT_USPS_VALIDITY;NO_INVENTORY
27605,EXACT_IMLS_OUTLET_ZIP,NC0063,006,,EXACT_OUTLET;TIE_FSCSKEY_SEQ,EXACT_OUTLET;NOT_USPS_VALIDITY;NO_INVENTORY
27606,EXACT_IMLS_OUTLET_ZIP,NC0063,004,,EXACT_OUTLET;TIE_FSCSKEY_SEQ,EXACT_OUTLET;NOT_USPS_VALIDITY;NO_INVENTORY
27607,ZCTA_NEAREST_ACTIVE_OUTLET,NC0063,020,4.574,ZCTA_NN;R6371;TIE_FIRST_LEX,ZCTA_NN_HAVERSINE;NOT_ELIGIBILITY;NOT_USPS_VALIDITY;NO_INVENTORY
27608,ZCTA_NEAREST_ACTIVE_OUTLET,NC0063,006,2.505,ZCTA_NN;R6371;TIE_FIRST_LEX,ZCTA_NN_HAVERSINE;NOT_ELIGIBILITY;NOT_USPS_VALIDITY;NO_INVENTORY
27609,ZCTA_NEAREST_ACTIVE_OUTLET,NC0063,026,3.843,ZCTA_NN;R6371;TIE_FIRST_LEX,ZCTA_NN_HAVERSINE;NOT_ELIGIBILITY;NOT_USPS_VALIDITY;NO_INVENTORY
27610,EXACT_IMLS_OUTLET_ZIP,NC0063,014,,EXACT_OUTLET;TIE_FSCSKEY_SEQ,EXACT_OUTLET;NOT_USPS_VALIDITY;NO_INVENTORY
27611,OBSERVED_REFERENCE_INDIRECT_ONLY,,,,INDIRECT_IMLS_SC;NO_FABRICATED_NEAREST,INDIRECT_IMLS_SC;NO_FABRICATED_NEAREST;NOT_REJECTED;NOT_USPS_VALIDITY;NO_INVENTORY
27612,EXACT_IMLS_OUTLET_ZIP,NC0063,020,,EXACT_OUTLET;TIE_FSCSKEY_SEQ,EXACT_OUTLET;NOT_USPS_VALIDITY;NO_INVENTORY
27613,EXACT_IMLS_OUTLET_ZIP,NC0063,031,,EXACT_OUTLET;TIE_FSCSKEY_SEQ,EXACT_OUTLET;NOT_USPS_VALIDITY;NO_INVENTORY
27614,EXACT_IMLS_OUTLET_ZIP,NC0063,032,,EXACT_OUTLET;TIE_FSCSKEY_SEQ,EXACT_OUTLET;NOT_USPS_VALIDITY;NO_INVENTORY
27615,EXACT_IMLS_OUTLET_ZIP,NC0063,013,,EXACT_OUTLET;TIE_FSCSKEY_SEQ,EXACT_OUTLET;NOT_USPS_VALIDITY;NO_INVENTORY
27616,ZCTA_NEAREST_ACTIVE_OUTLET,NC0063,026,5.515,ZCTA_NN;R6371;TIE_FIRST_LEX,ZCTA_NN_HAVERSINE;NOT_ELIGIBILITY;NOT_USPS_VALIDITY;NO_INVENTORY
27617,ZCTA_NEAREST_ACTIVE_OUTLET,NC0063,031,5.731,ZCTA_NN;R6371;TIE_FIRST_LEX,ZCTA_NN_HAVERSINE;NOT_ELIGIBILITY;NOT_USPS_VALIDITY;NO_INVENTORY
27619,OBSERVED_REFERENCE_INDIRECT_ONLY,,,,INDIRECT_IMLS_SC;NO_FABRICATED_NEAREST,INDIRECT_IMLS_SC;NO_FABRICATED_NEAREST;NOT_REJECTED;NOT_USPS_VALIDITY;NO_INVENTORY
27620,OBSERVED_REFERENCE_INDIRECT_ONLY,,,,INDIRECT_IMLS_SC;NO_FABRICATED_NEAREST,INDIRECT_IMLS_SC;NO_FABRICATED_NEAREST;NOT_REJECTED;NOT_USPS_VALIDITY;NO_INVENTORY
27622,OBSERVED_REFERENCE_INDIRECT_ONLY,,,,INDIRECT_IMLS_SC;NO_FABRICATED_NEAREST,INDIRECT_IMLS_SC;NO_FABRICATED_NEAREST;NOT_REJECTED;NOT_USPS_VALIDITY;NO_INVENTORY
27623,OBSERVED_REFERENCE_INDIRECT_ONLY,,,,INDIRECT_IMLS_SC;NO_FABRICATED_NEAREST,INDIRECT_IMLS_SC;NO_FABRICATED_NEAREST;NOT_REJECTED;NOT_USPS_VALIDITY;NO_INVENTORY
27624,OBSERVED_REFERENCE_INDIRECT_ONLY,,,,INDIRECT_IMLS_SC;NO_FABRICATED_NEAREST,INDIRECT_IMLS_SC;NO_FABRICATED_NEAREST;NOT_REJECTED;NOT_USPS_VALIDITY;NO_INVENTORY
27627,OBSERVED_REFERENCE_INDIRECT_ONLY,,,,INDIRECT_IMLS_SC;NO_FABRICATED_NEAREST,INDIRECT_IMLS_SC;NO_FABRICATED_NEAREST;NOT_REJECTED;NOT_USPS_VALIDITY;NO_INVENTORY
27628,OBSERVED_REFERENCE_INDIRECT_ONLY,,,,INDIRECT_IMLS_SC;NO_FABRICATED_NEAREST,INDIRECT_IMLS_SC;NO_FABRICATED_NEAREST;NOT_REJECTED;NOT_USPS_VALIDITY;NO_INVENTORY
27629,OBSERVED_REFERENCE_INDIRECT_ONLY,,,,INDIRECT_IMLS_SC;NO_FABRICATED_NEAREST,INDIRECT_IMLS_SC;NO_FABRICATED_NEAREST;NOT_REJECTED;NOT_USPS_VALIDITY;NO_INVENTORY
27636,OBSERVED_REFERENCE_INDIRECT_ONLY,,,,INDIRECT_IMLS_SC;NO_FABRICATED_NEAREST,INDIRECT_IMLS_SC;NO_FABRICATED_NEAREST;NOT_REJECTED;NOT_USPS_VALIDITY;NO_INVENTORY
27650,OBSERVED_REFERENCE_INDIRECT_ONLY,,,,INDIRECT_IMLS_SC;NO_FABRICATED_NEAREST,INDIRECT_IMLS_SC;NO_FABRICATED_NEAREST;NOT_REJECTED;NOT_USPS_VALIDITY;NO_INVENTORY
27658,OBSERVED_REFERENCE_INDIRECT_ONLY,,,,INDIRECT_IMLS_SC;NO_FABRICATED_NEAREST,INDIRECT_IMLS_SC;NO_FABRICATED_NEAREST;NOT_REJECTED;NOT_USPS_VALIDITY;NO_INVENTORY
27661,OBSERVED_REFERENCE_INDIRECT_ONLY,,,,INDIRECT_IMLS_SC;NO_FABRICATED_NEAREST,INDIRECT_IMLS_SC;NO_FABRICATED_NEAREST;NOT_REJECTED;NOT_USPS_VALIDITY;NO_INVENTORY
27668,OBSERVED_REFERENCE_INDIRECT_ONLY,,,,INDIRECT_IMLS_SC;NO_FABRICATED_NEAREST,INDIRECT_IMLS_SC;NO_FABRICATED_NEAREST;NOT_REJECTED;NOT_USPS_VALIDITY;NO_INVENTORY
27675,OBSERVED_REFERENCE_INDIRECT_ONLY,,,,INDIRECT_IMLS_SC;NO_FABRICATED_NEAREST,INDIRECT_IMLS_SC;NO_FABRICATED_NEAREST;NOT_REJECTED;NOT_USPS_VALIDITY;NO_INVENTORY
27695,ZCTA_NEAREST_ACTIVE_OUTLET,NC0063,006,1.932,ZCTA_NN;R6371;TIE_FIRST_LEX,ZCTA_NN_HAVERSINE;NOT_ELIGIBILITY;NOT_USPS_VALIDITY;NO_INVENTORY
27697,ZCTA_NEAREST_ACTIVE_OUTLET,NC0063,014,0.451,ZCTA_NN;R6371;TIE_FIRST_LEX,ZCTA_NN_HAVERSINE;NOT_ELIGIBILITY;NOT_USPS_VALIDITY;NO_INVENTORY
27699,OBSERVED_REFERENCE_INDIRECT_ONLY,,,,INDIRECT_IMLS_SC;NO_FABRICATED_NEAREST,INDIRECT_IMLS_SC;NO_FABRICATED_NEAREST;NOT_REJECTED;NOT_USPS_VALIDITY;NO_INVENTORY
27701,EXACT_IMLS_OUTLET_ZIP,NC0030,001,,EXACT_OUTLET;TIE_FSCSKEY_SEQ,EXACT_OUTLET;NOT_USPS_VALIDITY;NO_INVENTORY
27702,OBSERVED_REFERENCE_INDIRECT_ONLY,,,,INDIRECT_IMLS_SC;NO_FABRICATED_NEAREST,INDIRECT_IMLS_SC;NO_FABRICATED_NEAREST;NOT_REJECTED;NOT_USPS_VALIDITY;NO_INVENTORY
27703,EXACT_IMLS_OUTLET_ZIP,NC0030,015,,EXACT_OUTLET;TIE_FSCSKEY_SEQ,EXACT_OUTLET;NOT_USPS_VALIDITY;NO_INVENTORY
27704,ZCTA_NEAREST_ACTIVE_OUTLET,NC0030,012,3.911,ZCTA_NN;R6371;TIE_FIRST_LEX,ZCTA_NN_HAVERSINE;NOT_ELIGIBILITY;NOT_USPS_VALIDITY;NO_INVENTORY
27705,ZCTA_NEAREST_ACTIVE_OUTLET,NC0030,014,7.769,ZCTA_NN;R6371;TIE_FIRST_LEX,ZCTA_NN_HAVERSINE;NOT_ELIGIBILITY;NOT_USPS_VALIDITY;NO_INVENTORY
27707,EXACT_IMLS_OUTLET_ZIP,NC0030,012,,EXACT_OUTLET;TIE_FSCSKEY_SEQ,EXACT_OUTLET;NOT_USPS_VALIDITY;NO_INVENTORY
27708,ZCTA_NEAREST_ACTIVE_OUTLET,NC0030,001,4.174,ZCTA_NN;R6371;TIE_FIRST_LEX,ZCTA_NN_HAVERSINE;NOT_ELIGIBILITY;NOT_USPS_VALIDITY;NO_INVENTORY
27709,ZCTA_NEAREST_ACTIVE_OUTLET,NC0030,016,2.739,ZCTA_NN;R6371;TIE_FIRST_LEX,ZCTA_NN_HAVERSINE;NOT_ELIGIBILITY;NOT_USPS_VALIDITY;NO_INVENTORY
27710,OBSERVED_REFERENCE_INDIRECT_ONLY,,,,INDIRECT_IMLS_SC;NO_FABRICATED_NEAREST,INDIRECT_IMLS_SC;NO_FABRICATED_NEAREST;NOT_REJECTED;NOT_USPS_VALIDITY;NO_INVENTORY
27711,OBSERVED_REFERENCE_INDIRECT_ONLY,,,,INDIRECT_IMLS_SC;NO_FABRICATED_NEAREST,INDIRECT_IMLS_SC;NO_FABRICATED_NEAREST;NOT_REJECTED;NOT_USPS_VALIDITY;NO_INVENTORY
27712,EXACT_IMLS_OUTLET_ZIP,NC0030,006,,EXACT_OUTLET;TIE_FSCSKEY_SEQ,EXACT_OUTLET;NOT_USPS_VALIDITY;NO_INVENTORY
27713,EXACT_IMLS_OUTLET_ZIP,NC0030,016,,EXACT_OUTLET;TIE_FSCSKEY_SEQ,EXACT_OUTLET;NOT_USPS_VALIDITY;NO_INVENTORY
27715,OBSERVED_REFERENCE_INDIRECT_ONLY,,,,INDIRECT_IMLS_SC;NO_FABRICATED_NEAREST,INDIRECT_IMLS_SC;NO_FABRICATED_NEAREST;NOT_REJECTED;NOT_USPS_VALIDITY;NO_INVENTORY
27717,OBSERVED_REFERENCE_INDIRECT_ONLY,,,,INDIRECT_IMLS_SC;NO_FABRICATED_NEAREST,INDIRECT_IMLS_SC;NO_FABRICATED_NEAREST;NOT_REJECTED;NOT_USPS_VALIDITY;NO_INVENTORY
27722,OBSERVED_REFERENCE_INDIRECT_ONLY,,,,INDIRECT_IMLS_SC;NO_FABRICATED_NEAREST,INDIRECT_IMLS_SC;NO_FABRICATED_NEAREST;NOT_REJECTED;NOT_USPS_VALIDITY;NO_INVENTORY
27801,ZCTA_NEAREST_ACTIVE_OUTLET,NC0046,002,7.571,ZCTA_NN;R6371;TIE_FIRST_LEX,ZCTA_NN_HAVERSINE;NOT_ELIGIBILITY;NOT_USPS_VALIDITY;NO_INVENTORY
27802,OBSERVED_REFERENCE_INDIRECT_ONLY,,,,INDIRECT_IMLS_SC;NO_FABRICATED_NEAREST,INDIRECT_IMLS_SC;NO_FABRICATED_NEAREST;NOT_REJECTED;NOT_USPS_VALIDITY;NO_INVENTORY
27803,ZCTA_NEAREST_ACTIVE_OUTLET,NC0046,002,8.101,ZCTA_NN;R6371;TIE_FIRST_LEX,ZCTA_NN_HAVERSINE;NOT_ELIGIBILITY;NOT_USPS_VALIDITY;NO_INVENTORY
27804,EXACT_IMLS_OUTLET_ZIP,NC0046,002,,EXACT_OUTLET;TIE_FSCSKEY_SEQ,EXACT_OUTLET;NOT_USPS_VALIDITY;NO_INVENTORY
27805,EXACT_IMLS_OUTLET_ZIP,NC0001,011,,EXACT_OUTLET;TIE_FSCSKEY_SEQ,EXACT_OUTLET;NOT_USPS_VALIDITY;NO_INVENTORY
27806,EXACT_IMLS_OUTLET_ZIP,NC0004,004,,EXACT_OUTLET;TIE_FSCSKEY_SEQ,EXACT_OUTLET;NOT_USPS_VALIDITY;NO_INVENTORY
27807,EXACT_IMLS_OUTLET_ZIP,NC0046,004,,EXACT_OUTLET;TIE_FSCSKEY_SEQ,EXACT_OUTLET;NOT_USPS_VALIDITY;NO_INVENTORY
27808,EXACT_IMLS_OUTLET_ZIP,NC0004,002,,EXACT_OUTLET;TIE_FSCSKEY_SEQ,EXACT_OUTLET;NOT_USPS_VALIDITY;NO_INVENTORY
27809,ZCTA_NEAREST_ACTIVE_OUTLET,NC0046,002,8.920,ZCTA_NN;R6371;TIE_FIRST_LEX,ZCTA_NN_HAVERSINE;NOT_ELIGIBILITY;NOT_USPS_VALIDITY;NO_INVENTORY
27810,EXACT_IMLS_OUTLET_ZIP,NC0004,003,,EXACT_OUTLET;TIE_FSCSKEY_SEQ,EXACT_OUTLET;NOT_USPS_VALIDITY;NO_INVENTORY
27811,OBSERVED_REFERENCE_INDIRECT_ONLY,,,,INDIRECT_IMLS_SC;NO_FABRICATED_NEAREST,INDIRECT_IMLS_SC;NO_FABRICATED_NEAREST;NOT_REJECTED;NOT_USPS_VALIDITY;NO_INVENTORY
27812,EXACT_IMLS_OUTLET_ZIP,NC0050,003,,EXACT_OUTLET;TIE_FSCSKEY_SEQ,EXACT_OUTLET;NOT_USPS_VALIDITY;NO_INVENTORY
27813,EXACT_IMLS_OUTLET_ZIP,NC0066,003,,EXACT_OUTLET;TIE_FSCSKEY_SEQ,EXACT_OUTLET;NOT_USPS_VALIDITY;NO_INVENTORY
27814,ZCTA_NEAREST_ACTIVE_OUTLET,NC0004,002,15.322,ZCTA_NN;R6371;TIE_FIRST_LEX,ZCTA_NN_HAVERSINE;NOT_ELIGIBILITY;NOT_USPS_VALIDITY;NO_INVENTORY
27815,ZCTA_NEAREST_ACTIVE_OUTLET,NC0046,002,9.748,ZCTA_NN;R6371;TIE_FIRST_LEX,ZCTA_NN_HAVERSINE;NOT_ELIGIBILITY;NOT_USPS_VALIDITY;NO_INVENTORY
27816,ZCTA_NEAREST_ACTIVE_OUTLET,NC0102,001,17.809,ZCTA_NN;R6371;TIE_FIRST_LEX,ZCTA_NN_HAVERSINE;NOT_ELIGIBILITY;NOT_USPS_VALIDITY;NO_INVENTORY
27817,ZCTA_NEAREST_ACTIVE_OUTLET,NC0004,010,10.438,ZCTA_NN;R6371;TIE_FIRST_LEX,ZCTA_NN_HAVERSINE;NOT_ELIGIBILITY;NOT_USPS_VALIDITY;NO_INVENTORY
27818,ZCTA_NEAREST_ACTIVE_OUTLET,NC0001,015,9.599,ZCTA_NN;R6371;TIE_FIRST_LEX,ZCTA_NN_HAVERSINE;NOT_ELIGIBILITY;NOT_USPS_VALIDITY;NO_INVENTORY
27819,ZCTA_NEAREST_ACTIVE_OUTLET,NC0050,003,7.090,ZCTA_NN;R6371;TIE_FIRST_LEX,ZCTA_NN_HAVERSINE;NOT_ELIGIBILITY;NOT_USPS_VALIDITY;NO_INVENTORY
27820,ZCTA_NEAREST_ACTIVE_OUTLET,NC0001,015,13.098,ZCTA_NN;R6371;TIE_FIRST_LEX,ZCTA_NN_HAVERSINE;NOT_ELIGIBILITY;NOT_USPS_VALIDITY;NO_INVENTORY
27821,ZCTA_NEAREST_ACTIVE_OUTLET,NC0004,004,7.953,ZCTA_NN;R6371;TIE_FIRST_LEX,ZCTA_NN_HAVERSINE;NOT_ELIGIBILITY;NOT_USPS_VALIDITY;NO_INVENTORY
27822,EXACT_IMLS_OUTLET_ZIP,NC0066,006,,EXACT_OUTLET;TIE_FSCSKEY_SEQ,EXACT_OUTLET;NOT_USPS_VALIDITY;NO_INVENTORY
27823,EXACT_IMLS_OUTLET_ZIP,NC0036,008,,EXACT_OUTLET;TIE_FSCSKEY_SEQ,EXACT_OUTLET;NOT_USPS_VALIDITY;NO_INVENTORY
27824,EXACT_IMLS_OUTLET_ZIP,NC0004,013,,EXACT_OUTLET;TIE_FSCSKEY_SEQ,EXACT_OUTLET;NOT_USPS_VALIDITY;NO_INVENTORY
27825,ZCTA_NEAREST_ACTIVE_OUTLET,NC0004,009,7.490,ZCTA_NN;R6371;TIE_FIRST_LEX,ZCTA_NN_HAVERSINE;NOT_ELIGIBILITY;NOT_USPS_VALIDITY;NO_INVENTORY
27826,ZCTA_NEAREST_ACTIVE_OUTLET,NC0004,013,22.022,ZCTA_NN;R6371;TIE_FIRST_LEX,ZCTA_NN_HAVERSINE;NOT_ELIGIBILITY;NOT_USPS_VALIDITY;NO_INVENTORY
27827,ZCTA_NEAREST_ACTIVE_OUTLET,NC0075,002,13.168,ZCTA_NN;R6371;TIE_FIRST_LEX,ZCTA_NN_HAVERSINE;NOT_ELIGIBILITY;NOT_USPS_VALIDITY;NO_INVENTORY
27828,EXACT_IMLS_OUTLET_ZIP,NC0075,002,,EXACT_OUTLET;TIE_FSCSKEY_SEQ,EXACT_OUTLET;NOT_USPS_VALIDITY;NO_INVENTORY
27829,ZCTA_NEAREST_ACTIVE_OUTLET,NC0031,003,10.439,ZCTA_NN;R6371;TIE_FIRST_LEX,ZCTA_NN_HAVERSINE;NOT_ELIGIBILITY;NOT_USPS_VALIDITY;NO_INVENTORY
27830,EXACT_IMLS_OUTLET_ZIP,NC0065,005,,EXACT_OUTLET;TIE_FSCSKEY_SEQ,EXACT_OUTLET;NOT_USPS_VALIDITY;NO_INVENTORY
27831,ZCTA_NEAREST_ACTIVE_OUTLET,NC0036,005,4.501,ZCTA_NN;R6371;TIE_FIRST_LEX,ZCTA_NN_HAVERSINE;NOT_ELIGIBILITY;NOT_USPS_VALIDITY;NO_INVENTORY
27832,ZCTA_NEAREST_ACTIVE_OUTLET,NC0088,002,9.836,ZCTA_NN;R6371;TIE_FIRST_LEX,ZCTA_NN_HAVERSINE;NOT_ELIGIBILITY;NOT_USPS_VALIDITY;NO_INVENTORY
27833,OBSERVED_REFERENCE_INDIRECT_ONLY,,,,INDIRECT_IMLS_SC;NO_FABRICATED_NEAREST,INDIRECT_IMLS_SC;NO_FABRICATED_NEAREST;NOT_REJECTED;NOT_USPS_VALIDITY;NO_INVENTORY
27834,EXACT_IMLS_OUTLET_ZIP,NC0050,004,,EXACT_OUTLET;TIE_FSCSKEY_SEQ,EXACT_OUTLET;NOT_USPS_VALIDITY;NO_INVENTORY
27835,OBSERVED_REFERENCE_INDIRECT_ONLY,,,,INDIRECT_IMLS_SC;NO_FABRICATED_NEAREST,INDIRECT_IMLS_SC;NO_FABRICATED_NEAREST;NOT_REJECTED;NOT_USPS_VALIDITY;NO_INVENTORY
27836,OBSERVED_REFERENCE_INDIRECT_ONLY,,,,INDIRECT_IMLS_SC;NO_FABRICATED_NEAREST,INDIRECT_IMLS_SC;NO_FABRICATED_NEAREST;NOT_REJECTED;NOT_USPS_VALIDITY;NO_INVENTORY
27837,ZCTA_NEAREST_ACTIVE_OUTLET,NC0099,002,13.603,ZCTA_NN;R6371;TIE_FIRST_LEX,ZCTA_NN_HAVERSINE;NOT_ELIGIBILITY;NOT_USPS_VALIDITY;NO_INVENTORY
27839,EXACT_IMLS_OUTLET_ZIP,NC0036,002,,EXACT_OUTLET;TIE_FSCSKEY_SEQ,EXACT_OUTLET;NOT_USPS_VALIDITY;NO_INVENTORY
27840,ZCTA_NEAREST_ACTIVE_OUTLET,NC0004,009,11.932,ZCTA_NN;R6371;TIE_FIRST_LEX,ZCTA_NN_HAVERSINE;NOT_ELIGIBILITY;NOT_USPS_VALIDITY;NO_INVENTORY
27841,ZCTA_NEAREST_ACTIVE_OUTLET,NC0004,009,9.739,ZCTA_NN;R6371;TIE_FIRST_LEX,ZCTA_NN_HAVERSINE;NOT_ELIGIBILITY;NOT_USPS_VALIDITY;NO_INVENTORY
27842,ZCTA_NEAREST_ACTIVE_OUTLET,NC0036,004,11.497,ZCTA_NN;R6371;TIE_FIRST_LEX,ZCTA_NN_HAVERSINE;NOT_ELIGIBILITY;NOT_USPS_VALIDITY;NO_INVENTORY
27843,ZCTA_NEAREST_ACTIVE_OUTLET,NC0036,006,15.810,ZCTA_NN;R6371;TIE_FIRST_LEX,ZCTA_NN_HAVERSINE;NOT_ELIGIBILITY;NOT_USPS_VALIDITY;NO_INVENTORY
27844,ZCTA_NEAREST_ACTIVE_OUTLET,NC0036,004,21.608,ZCTA_NN;R6371;TIE_FIRST_LEX,ZCTA_NN_HAVERSINE;NOT_ELIGIBILITY;NOT_USPS_VALIDITY;NO_INVENTORY
27845,EXACT_IMLS_OUTLET_ZIP,NC0001,016,,EXACT_OUTLET;TIE_FSCSKEY_SEQ,EXACT_OUTLET;NOT_USPS_VALIDITY;NO_INVENTORY
27846,ZCTA_NEAREST_ACTIVE_OUTLET,NC0004,008,17.995,ZCTA_NN;R6371;TIE_FIRST_LEX,ZCTA_NN_HAVERSINE;NOT_ELIGIBILITY;NOT_USPS_VALIDITY;NO_INVENTORY
27847,ZCTA_NEAREST_ACTIVE_OUTLET,NC0001,011,9.745,ZCTA_NN;R6371;TIE_FIRST_LEX,ZCTA_NN_HAVERSINE;NOT_ELIGIBILITY;NOT_USPS_VALIDITY;NO_INVENTORY
27849,ZCTA_NEAREST_ACTIVE_OUTLET,NC0001,011,19.061,ZCTA_NN;R6371;TIE_FIRST_LEX,ZCTA_NN_HAVERSINE;NOT_ELIGIBILITY;NOT_USPS_VALIDITY;NO_INVENTORY
27850,EXACT_IMLS_OUTLET_ZIP,NC0036,004,,EXACT_OUTLET;TIE_FSCSKEY_SEQ,EXACT_OUTLET;NOT_USPS_VALIDITY;NO_INVENTORY
27851,EXACT_IMLS_OUTLET_ZIP,NC0066,008,,EXACT_OUTLET;TIE_FSCSKEY_SEQ,EXACT_OUTLET;NOT_USPS_VALIDITY;NO_INVENTORY
27852,ZCTA_NEAREST_ACTIVE_OUTLET,NC0031,003,4.411,ZCTA_NN;R6371;TIE_FIRST_LEX,ZCTA_NN_HAVERSINE;NOT_ELIGIBILITY;NOT_USPS_VALIDITY;NO_INVENTORY
27853,ZCTA_NEAREST_ACTIVE_OUTLET,NC0001,016,17.357,ZCTA_NN;R6371;TIE_FIRST_LEX,ZCTA_NN_HAVERSINE;NOT_ELIGIBILITY;NOT_USPS_VALIDITY;NO_INVENTORY
27855,EXACT_IMLS_OUTLET_ZIP,NC0001,015,,EXACT_OUTLET;TIE_FSCSKEY_SEQ,EXACT_OUTLET;NOT_USPS_VALIDITY;NO_INVENTORY
27856,EXACT_IMLS_OUTLET_ZIP,NC0102,001,,EXACT_OUTLET;TIE_FSCSKEY_SEQ,EXACT_OUTLET;NOT_USPS_VALIDITY;NO_INVENTORY
27857,ZCTA_NEAREST_ACTIVE_OUTLET,NC0004,009,16.450,ZCTA_NN;R6371;TIE_FIRST_LEX,ZCTA_NN_HAVERSINE;NOT_ELIGIBILITY;NOT_USPS_VALIDITY;NO_INVENTORY
27858,EXACT_IMLS_OUTLET_ZIP,NC0050,002,,EXACT_OUTLET;TIE_FSCSKEY_SEQ,EXACT_OUTLET;NOT_USPS_VALIDITY;NO_INVENTORY
27860,ZCTA_NEAREST_ACTIVE_OUTLET,NC0004,003,14.121,ZCTA_NN;R6371;TIE_FIRST_LEX,ZCTA_NN_HAVERSINE;NOT_ELIGIBILITY;NOT_USPS_VALIDITY;NO_INVENTORY
27861,ZCTA_NEAREST_ACTIVE_OUTLET,NC0050,003,5.495,ZCTA_NN;R6371;TIE_FIRST_LEX,ZCTA_NN_HAVERSINE;NOT_ELIGIBILITY;NOT_USPS_VALIDITY;NO_INVENTORY
27862,ZCTA_NEAREST_ACTIVE_OUTLET,NC0001,015,9.620,ZCTA_NN;R6371;TIE_FIRST_LEX,ZCTA_NN_HAVERSINE;NOT_ELIGIBILITY;NOT_USPS_VALIDITY;NO_INVENTORY
27863,ZCTA_NEAREST_ACTIVE_OUTLET,NC0065,005,5.276,ZCTA_NN;R6371;TIE_FIRST_LEX,ZCTA_NN_HAVERSINE;NOT_ELIGIBILITY;NOT_USPS_VALIDITY;NO_INVENTORY
27864,EXACT_IMLS_OUTLET_ZIP,NC0031,003,,EXACT_OUTLET;TIE_FSCSKEY_SEQ,EXACT_OUTLET;NOT_USPS_VALIDITY;NO_INVENTORY
27865,ZCTA_NEAREST_ACTIVE_OUTLET,NC0004,010,19.383,ZCTA_NN;R6371;TIE_FIRST_LEX,ZCTA_NN_HAVERSINE;NOT_ELIGIBILITY;NOT_USPS_VALIDITY;NO_INVENTORY
27866,ZCTA_NEAREST_ACTIVE_OUTLET,NC0036,005,12.514,ZCTA_NN;R6371;TIE_FIRST_LEX,ZCTA_NN_HAVERSINE;NOT_ELIGIBILITY;NOT_USPS_VALIDITY;NO_INVENTORY
27867,OBSERVED_REFERENCE_INDIRECT_ONLY,,,,INDIRECT_IMLS_SC;NO_FABRICATED_NEAREST,INDIRECT_IMLS_SC;NO_FABRICATED_NEAREST;NOT_REJECTED;NOT_USPS_VALIDITY;NO_INVENTORY
27868,OBSERVED_REFERENCE_INDIRECT_ONLY,,,,INDIRECT_IMLS_SC;NO_FABRICATED_NEAREST,INDIRECT_IMLS_SC;NO_FABRICATED_NEAREST;NOT_REJECTED;NOT_USPS_VALIDITY;NO_INVENTORY
27869,ZCTA_NEAREST_ACTIVE_OUTLET,NC0001,016,16.742,ZCTA_NN;R6371;TIE_FIRST_LEX,ZCTA_NN_HAVERSINE;NOT_ELIGIBILITY;NOT_USPS_VALIDITY;NO_INVENTORY
27870,EXACT_IMLS_OUTLET_ZIP,NC0088,002,,EXACT_OUTLET;TIE_FSCSKEY_SEQ,EXACT_OUTLET;NOT_USPS_VALIDITY;NO_INVENTORY
27871,EXACT_IMLS_OUTLET_ZIP,NC0004,009,,EXACT_OUTLET;TIE_FSCSKEY_SEQ,EXACT_OUTLET;NOT_USPS_VALIDITY;NO_INVENTORY
27872,ZCTA_NEAREST_ACTIVE_OUTLET,NC0001,011,12.399,ZCTA_NN;R6371;TIE_FIRST_LEX,ZCTA_NN_HAVERSINE;NOT_ELIGIBILITY;NOT_USPS_VALIDITY;NO_INVENTORY
27873,ZCTA_NEAREST_ACTIVE_OUTLET,NC0066,004,6.786,ZCTA_NN;R6371;TIE_FIRST_LEX,ZCTA_NN_HAVERSINE;NOT_ELIGIBILITY;NOT_USPS_VALIDITY;NO_INVENTORY
27874,EXACT_IMLS_OUTLET_ZIP,NC0036,006,,EXACT_OUTLET;TIE_FSCSKEY_SEQ,EXACT_OUTLET;NOT_USPS_VALIDITY;NO_INVENTORY
27875,ZCTA_NEAREST_ACTIVE_OUTLET,NC0004,003,13.883,ZCTA_NN;R6371;TIE_FIRST_LEX,ZCTA_NN_HAVERSINE;NOT_ELIGIBILITY;NOT_USPS_VALIDITY;NO_INVENTORY
27876,ZCTA_NEAREST_ACTIVE_OUTLET,NC0001,016,9.562,ZCTA_NN;R6371;TIE_FIRST_LEX,ZCTA_NN_HAVERSINE;NOT_ELIGIBILITY;NOT_USPS_VALIDITY;NO_INVENTORY
27877,ZCTA_NEAREST_ACTIVE_OUTLET,NC0001,015,11.927,ZCTA_NN;R6371;TIE_FIRST_LEX,ZCTA_NN_HAVERSINE;NOT_ELIGIBILITY;NOT_USPS_VALIDITY;NO_INVENTORY
27878,ZCTA_NEAREST_ACTIVE_OUTLET,NC0066,006,7.173,ZCTA_NN;R6371;TIE_FIRST_LEX,ZCTA_NN_HAVERSINE;NOT_ELIGIBILITY;NOT_USPS_VALIDITY;NO_INVENTORY
27879,ZCTA_NEAREST_ACTIVE_OUTLET,NC0050,005,6.244,ZCTA_NN;R6371;TIE_FIRST_LEX,ZCTA_NN_HAVERSINE;NOT_ELIGIBILITY;NOT_USPS_VALIDITY;NO_INVENTORY
27880,ZCTA_NEAREST_ACTIVE_OUTLET,NC0046,004,6.255,ZCTA_NN;R6371;TIE_FIRST_LEX,ZCTA_NN_HAVERSINE;NOT_ELIGIBILITY;NOT_USPS_VALIDITY;NO_INVENTORY
27881,ZCTA_NEAREST_ACTIVE_OUTLET,NC0031,002,11.465,ZCTA_NN;R6371;TIE_FIRST_LEX,ZCTA_NN_HAVERSINE;NOT_ELIGIBILITY;NOT_USPS_VALIDITY;NO_INVENTORY
27882,EXACT_IMLS_OUTLET_ZIP,NC0046,007,,EXACT_OUTLET;TIE_FSCSKEY_SEQ,EXACT_OUTLET;NOT_USPS_VALIDITY;NO_INVENTORY
27883,EXACT_IMLS_OUTLET_ZIP,NC0066,004,,EXACT_OUTLET;TIE_FSCSKEY_SEQ,EXACT_OUTLET;NOT_USPS_VALIDITY;NO_INVENTORY
27884,ZCTA_NEAREST_ACTIVE_OUTLET,NC0004,009,13.344,ZCTA_NN;R6371;TIE_FIRST_LEX,ZCTA_NN_HAVERSINE;NOT_ELIGIBILITY;NOT_USPS_VALIDITY;NO_INVENTORY
27885,ZCTA_NEAREST_ACTIVE_OUTLET,NC0004,013,22.653,ZCTA_NN;R6371;TIE_FIRST_LEX,ZCTA_NN_HAVERSINE;NOT_ELIGIBILITY;NOT_USPS_VALIDITY;NO_INVENTORY
27886,EXACT_IMLS_OUTLET_ZIP,NC0031,002,,EXACT_OUTLET;TIE_FSCSKEY_SEQ,EXACT_OUTLET;NOT_USPS_VALIDITY;NO_INVENTORY
27888,ZCTA_NEAREST_ACTIVE_OUTLET,NC0066,004,8.643,ZCTA_NN;R6371;TIE_FIRST_LEX,ZCTA_NN_HAVERSINE;NOT_ELIGIBILITY;NOT_USPS_VALIDITY;NO_INVENTORY
27889,EXACT_IMLS_OUTLET_ZIP,NC0004,010,,EXACT_OUTLET;TIE_FSCSKEY_SEQ,EXACT_OUTLET;NOT_USPS_VALIDITY;NO_INVENTORY
27890,EXACT_IMLS_OUTLET_ZIP,NC0036,005,,EXACT_OUTLET;TIE_FSCSKEY_SEQ,EXACT_OUTLET;NOT_USPS_VALIDITY;NO_INVENTORY
27891,EXACT_IMLS_OUTLET_ZIP,NC0046,005,,EXACT_OUTLET;TIE_FSCSKEY_SEQ,EXACT_OUTLET;NOT_USPS_VALIDITY;NO_INVENTORY
27892,EXACT_IMLS_OUTLET_ZIP,NC0004,008,,EXACT_OUTLET;TIE_FSCSKEY_SEQ,EXACT_OUTLET;NOT_USPS_VALIDITY;NO_INVENTORY
27893,EXACT_IMLS_OUTLET_ZIP,NC0066,002,,EXACT_OUTLET;TIE_FSCSKEY_SEQ,EXACT_OUTLET;NOT_USPS_VALIDITY;NO_INVENTORY
27894,OBSERVED_REFERENCE_INDIRECT_ONLY,,,,INDIRECT_IMLS_SC;NO_FABRICATED_NEAREST,INDIRECT_IMLS_SC;NO_FABRICATED_NEAREST;NOT_REJECTED;NOT_USPS_VALIDITY;NO_INVENTORY
27895,OBSERVED_REFERENCE_INDIRECT_ONLY,,,,INDIRECT_IMLS_SC;NO_FABRICATED_NEAREST,INDIRECT_IMLS_SC;NO_FABRICATED_NEAREST;NOT_REJECTED;NOT_USPS_VALIDITY;NO_INVENTORY
27896,ZCTA_NEAREST_ACTIVE_OUTLET,NC0066,005,8.986,ZCTA_NN;R6371;TIE_FIRST_LEX,ZCTA_NN_HAVERSINE;NOT_ELIGIBILITY;NOT_USPS_VALIDITY;NO_INVENTORY
27897,ZCTA_NEAREST_ACTIVE_OUTLET,NC0001,011,13.960,ZCTA_NN;R6371;TIE_FIRST_LEX,ZCTA_NN_HAVERSINE;NOT_ELIGIBILITY;NOT_USPS_VALIDITY;NO_INVENTORY
27906,OBSERVED_REFERENCE_INDIRECT_ONLY,,,,INDIRECT_IMLS_SC;NO_FABRICATED_NEAREST,INDIRECT_IMLS_SC;NO_FABRICATED_NEAREST;NOT_REJECTED;NOT_USPS_VALIDITY;NO_INVENTORY
27907,OBSERVED_REFERENCE_INDIRECT_ONLY,,,,INDIRECT_IMLS_SC;NO_FABRICATED_NEAREST,INDIRECT_IMLS_SC;NO_FABRICATED_NEAREST;NOT_REJECTED;NOT_USPS_VALIDITY;NO_INVENTORY
27909,EXACT_IMLS_OUTLET_ZIP,NC0007,001,,EXACT_OUTLET;TIE_FSCSKEY_SEQ,EXACT_OUTLET;NOT_USPS_VALIDITY;NO_INVENTORY
27910,EXACT_IMLS_OUTLET_ZIP,NC0001,014,,EXACT_OUTLET;TIE_FSCSKEY_SEQ,EXACT_OUTLET;NOT_USPS_VALIDITY;NO_INVENTORY
27915,ZCTA_NEAREST_ACTIVE_OUTLET,NC0007,004,20.829,ZCTA_NN;R6371;TIE_FIRST_LEX,ZCTA_NN_HAVERSINE;NOT_ELIGIBILITY;NOT_USPS_VALIDITY;NO_INVENTORY
27916,ZCTA_NEAREST_ACTIVE_OUTLET,NC0007,002,6.316,ZCTA_NN;R6371;TIE_FIRST_LEX,ZCTA_NN_HAVERSINE;NOT_ELIGIBILITY;NOT_USPS_VALIDITY;NO_INVENTORY
27917,EXACT_IMLS_OUTLET_ZIP,NC0007,002,,EXACT_OUTLET;TIE_FSCSKEY_SEQ,EXACT_OUTLET;NOT_USPS_VALIDITY;NO_INVENTORY
27919,ZCTA_NEAREST_ACTIVE_OUTLET,NC0014,003,14.396,ZCTA_NN;R6371;TIE_FIRST_LEX,ZCTA_NN_HAVERSINE;NOT_ELIGIBILITY;NOT_USPS_VALIDITY;NO_INVENTORY
27920,ZCTA_NEAREST_ACTIVE_OUTLET,NC0007,004,13.469,ZCTA_NN;R6371;TIE_FIRST_LEX,ZCTA_NN_HAVERSINE;NOT_ELIGIBILITY;NOT_USPS_VALIDITY;NO_INVENTORY
27921,EXACT_IMLS_OUTLET_ZIP,NC0007,013,,EXACT_OUTLET;TIE_FSCSKEY_SEQ,EXACT_OUTLET;NOT_USPS_VALIDITY;NO_INVENTORY
27922,ZCTA_NEAREST_ACTIVE_OUTLET,NC0001,013,12.190,ZCTA_NN;R6371;TIE_FIRST_LEX,ZCTA_NN_HAVERSINE;NOT_ELIGIBILITY;NOT_USPS_VALIDITY;NO_INVENTORY
27923,ZCTA_NEAREST_ACTIVE_OUTLET,NC0007,002,3.546,ZCTA_NN;R6371;TIE_FIRST_LEX,ZCTA_NN_HAVERSINE;NOT_ELIGIBILITY;NOT_USPS_VALIDITY;NO_INVENTORY
27924,ZCTA_NEAREST_ACTIVE_OUTLET,NC0001,014,18.769,ZCTA_NN;R6371;TIE_FIRST_LEX,ZCTA_NN_HAVERSINE;NOT_ELIGIBILITY;NOT_USPS_VALIDITY;NO_INVENTORY
27925,EXACT_IMLS_OUTLET_ZIP,NC0014,004,,EXACT_OUTLET;TIE_FSCSKEY_SEQ,EXACT_OUTLET;NOT_USPS_VALIDITY;NO_INVENTORY
27926,ZCTA_NEAREST_ACTIVE_OUTLET,NC0001,012,11.507,ZCTA_NN;R6371;TIE_FIRST_LEX,ZCTA_NN_HAVERSINE;NOT_ELIGIBILITY;NOT_USPS_VALIDITY;NO_INVENTORY
27927,EXACT_IMLS_OUTLET_ZIP,NC0007,011,,EXACT_OUTLET;TIE_FSCSKEY_SEQ,EXACT_OUTLET;NOT_USPS_VALIDITY;NO_INVENTORY
27928,ZCTA_NEAREST_ACTIVE_OUTLET,NC0014,004,20.730,ZCTA_NN;R6371;TIE_FIRST_LEX,ZCTA_NN_HAVERSINE;NOT_ELIGIBILITY;NOT_USPS_VALIDITY;NO_INVENTORY
27929,ZCTA_NEAREST_ACTIVE_OUTLET,NC0007,002,8.819,ZCTA_NN;R6371;TIE_FIRST_LEX,ZCTA_NN_HAVERSINE;NOT_ELIGIBILITY;NOT_USPS_VALIDITY;NO_INVENTORY
27932,EXACT_IMLS_OUTLET_ZIP,NC0014,002,,EXACT_OUTLET;TIE_FSCSKEY_SEQ,EXACT_OUTLET;NOT_USPS_VALIDITY;NO_INVENTORY
27935,ZCTA_NEAREST_ACTIVE_OUTLET,NC0001,013,7.076,ZCTA_NN;R6371;TIE_FIRST_LEX,ZCTA_NN_HAVERSINE;NOT_ELIGIBILITY;NOT_USPS_VALIDITY;NO_INVENTORY
27936,ZCTA_NEAREST_ACTIVE_OUTLET,NC0007,004,8.843,ZCTA_NN;R6371;TIE_FIRST_LEX,ZCTA_NN_HAVERSINE;NOT_ELIGIBILITY;NOT_USPS_VALIDITY;NO_INVENTORY
27937,ZCTA_NEAREST_ACTIVE_OUTLET,NC0001,012,9.233,ZCTA_NN;R6371;TIE_FIRST_LEX,ZCTA_NN_HAVERSINE;NOT_ELIGIBILITY;NOT_USPS_VALIDITY;NO_INVENTORY
27938,EXACT_IMLS_OUTLET_ZIP,NC0001,012,,EXACT_OUTLET;TIE_FSCSKEY_SEQ,EXACT_OUTLET;NOT_USPS_VALIDITY;NO_INVENTORY
27939,ZCTA_NEAREST_ACTIVE_OUTLET,NC0007,011,16.598,ZCTA_NN;R6371;TIE_FIRST_LEX,ZCTA_NN_HAVERSINE;NOT_ELIGIBILITY;NOT_USPS_VALIDITY;NO_INVENTORY
27941,ZCTA_NEAREST_ACTIVE_OUTLET,NC0007,005,16.421,ZCTA_NN;R6371;TIE_FIRST_LEX,ZCTA_NN_HAVERSINE;NOT_ELIGIBILITY;NOT_USPS_VALIDITY;NO_INVENTORY
27942,ZCTA_NEAREST_ACTIVE_OUTLET,NC0001,012,16.985,ZCTA_NN;R6371;TIE_FIRST_LEX,ZCTA_NN_HAVERSINE;NOT_ELIGIBILITY;NOT_USPS_VALIDITY;NO_INVENTORY
27943,EXACT_IMLS_OUTLET_ZIP,NC0007,004,,EXACT_OUTLET;TIE_FSCSKEY_SEQ,EXACT_OUTLET;NOT_USPS_VALIDITY;NO_INVENTORY
27944,EXACT_IMLS_OUTLET_ZIP,NC0014,003,,EXACT_OUTLET;TIE_FSCSKEY_SEQ,EXACT_OUTLET;NOT_USPS_VALIDITY;NO_INVENTORY
27946,ZCTA_NEAREST_ACTIVE_OUTLET,NC0001,012,14.155,ZCTA_NN;R6371;TIE_FIRST_LEX,ZCTA_NN_HAVERSINE;NOT_ELIGIBILITY;NOT_USPS_VALIDITY;NO_INVENTORY
27947,ZCTA_NEAREST_ACTIVE_OUTLET,NC0007,011,23.641,ZCTA_NN;R6371;TIE_FIRST_LEX,ZCTA_NN_HAVERSINE;NOT_ELIGIBILITY;NOT_USPS_VALIDITY;NO_INVENTORY
27948,EXACT_IMLS_OUTLET_ZIP,NC0007,005,,EXACT_OUTLET;TIE_FSCSKEY_SEQ,EXACT_OUTLET;NOT_USPS_VALIDITY;NO_INVENTORY
27949,ZCTA_NEAREST_ACTIVE_OUTLET,NC0007,005,13.425,ZCTA_NN;R6371;TIE_FIRST_LEX,ZCTA_NN_HAVERSINE;NOT_ELIGIBILITY;NOT_USPS_VALIDITY;NO_INVENTORY
27950,ZCTA_NEAREST_ACTIVE_OUTLET,NC0007,012,14.176,ZCTA_NN;R6371;TIE_FIRST_LEX,ZCTA_NN_HAVERSINE;NOT_ELIGIBILITY;NOT_USPS_VALIDITY;NO_INVENTORY
27953,ZCTA_NEAREST_ACTIVE_OUTLET,NC0007,003,21.542,ZCTA_NN;R6371;TIE_FIRST_LEX,ZCTA_NN_HAVERSINE;NOT_ELIGIBILITY;NOT_USPS_VALIDITY;NO_INVENTORY
27954,EXACT_IMLS_OUTLET_ZIP,NC0007,003,,EXACT_OUTLET;TIE_FSCSKEY_SEQ,EXACT_OUTLET;NOT_USPS_VALIDITY;NO_INVENTORY
27956,ZCTA_NEAREST_ACTIVE_OUTLET,NC0007,002,4.400,ZCTA_NN;R6371;TIE_FIRST_LEX,ZCTA_NN_HAVERSINE;NOT_ELIGIBILITY;NOT_USPS_VALIDITY;NO_INVENTORY
27957,ZCTA_NEAREST_ACTIVE_OUTLET,NC0014,002,13.438,ZCTA_NN;R6371;TIE_FIRST_LEX,ZCTA_NN_HAVERSINE;NOT_ELIGIBILITY;NOT_USPS_VALIDITY;NO_INVENTORY
27958,EXACT_IMLS_OUTLET_ZIP,NC0007,012,,EXACT_OUTLET;TIE_FSCSKEY_SEQ,EXACT_OUTLET;NOT_USPS_VALIDITY;NO_INVENTORY
27959,ZCTA_NEAREST_ACTIVE_OUTLET,NC0007,003,7.671,ZCTA_NN;R6371;TIE_FIRST_LEX,ZCTA_NN_HAVERSINE;NOT_ELIGIBILITY;NOT_USPS_VALIDITY;NO_INVENTORY
27960,EXACT_IMLS_OUTLET_ZIP,NC0004,007,,EXACT_OUTLET;TIE_FSCSKEY_SEQ,EXACT_OUTLET;NOT_USPS_VALIDITY;NO_INVENTORY
27962,EXACT_IMLS_OUTLET_ZIP,NC0014,005,,EXACT_OUTLET;TIE_FSCSKEY_SEQ,EXACT_OUTLET;NOT_USPS_VALIDITY;NO_INVENTORY
27964,ZCTA_NEAREST_ACTIVE_OUTLET,NC0007,005,18.276,ZCTA_NN;R6371;TIE_FIRST_LEX,ZCTA_NN_HAVERSINE;NOT_ELIGIBILITY;NOT_USPS_VALIDITY;NO_INVENTORY
27965,ZCTA_NEAREST_ACTIVE_OUTLET,NC0007,002,9.844,ZCTA_NN;R6371;TIE_FIRST_LEX,ZCTA_NN_HAVERSINE;NOT_ELIGIBILITY;NOT_USPS_VALIDITY;NO_INVENTORY
27966,ZCTA_NEAREST_ACTIVE_OUTLET,NC0007,005,21.085,ZCTA_NN;R6371;TIE_FIRST_LEX,ZCTA_NN_HAVERSINE;NOT_ELIGIBILITY;NOT_USPS_VALIDITY;NO_INVENTORY
27967,ZCTA_NEAREST_ACTIVE_OUTLET,NC0001,014,9.709,ZCTA_NN;R6371;TIE_FIRST_LEX,ZCTA_NN_HAVERSINE;NOT_ELIGIBILITY;NOT_USPS_VALIDITY;NO_INVENTORY
27968,ZCTA_NEAREST_ACTIVE_OUTLET,NC0007,003,32.800,ZCTA_NN;R6371;TIE_FIRST_LEX,ZCTA_NN_HAVERSINE;NOT_ELIGIBILITY;NOT_USPS_VALIDITY;NO_INVENTORY
27969,ZCTA_NEAREST_ACTIVE_OUTLET,NC0001,012,8.406,ZCTA_NN;R6371;TIE_FIRST_LEX,ZCTA_NN_HAVERSINE;NOT_ELIGIBILITY;NOT_USPS_VALIDITY;NO_INVENTORY
27970,ZCTA_NEAREST_ACTIVE_OUTLET,NC0014,005,12.455,ZCTA_NN;R6371;TIE_FIRST_LEX,ZCTA_NN_HAVERSINE;NOT_ELIGIBILITY;NOT_USPS_VALIDITY;NO_INVENTORY
27972,ZCTA_NEAREST_ACTIVE_OUTLET,NC0007,004,42.104,ZCTA_NN;R6371;TIE_FIRST_LEX,ZCTA_NN_HAVERSINE;NOT_ELIGIBILITY;NOT_USPS_VALIDITY;NO_INVENTORY
27973,ZCTA_NEAREST_ACTIVE_OUTLET,NC0007,002,7.623,ZCTA_NN;R6371;TIE_FIRST_LEX,ZCTA_NN_HAVERSINE;NOT_ELIGIBILITY;NOT_USPS_VALIDITY;NO_INVENTORY
27974,ZCTA_NEAREST_ACTIVE_OUTLET,NC0007,002,13.392,ZCTA_NN;R6371;TIE_FIRST_LEX,ZCTA_NN_HAVERSINE;NOT_ELIGIBILITY;NOT_USPS_VALIDITY;NO_INVENTORY
27976,ZCTA_NEAREST_ACTIVE_OUTLET,NC0007,012,18.736,ZCTA_NN;R6371;TIE_FIRST_LEX,ZCTA_NN_HAVERSINE;NOT_ELIGIBILITY;NOT_USPS_VALIDITY;NO_INVENTORY
27978,ZCTA_NEAREST_ACTIVE_OUTLET,NC0007,003,27.994,ZCTA_NN;R6371;TIE_FIRST_LEX,ZCTA_NN_HAVERSINE;NOT_ELIGIBILITY;NOT_USPS_VALIDITY;NO_INVENTORY
27979,ZCTA_NEAREST_ACTIVE_OUTLET,NC0001,012,13.486,ZCTA_NN;R6371;TIE_FIRST_LEX,ZCTA_NN_HAVERSINE;NOT_ELIGIBILITY;NOT_USPS_VALIDITY;NO_INVENTORY
27980,ZCTA_NEAREST_ACTIVE_OUTLET,NC0014,003,15.503,ZCTA_NN;R6371;TIE_FIRST_LEX,ZCTA_NN_HAVERSINE;NOT_ELIGIBILITY;NOT_USPS_VALIDITY;NO_INVENTORY
27981,ZCTA_NEAREST_ACTIVE_OUTLET,NC0007,003,7.629,ZCTA_NN;R6371;TIE_FIRST_LEX,ZCTA_NN_HAVERSINE;NOT_ELIGIBILITY;NOT_USPS_VALIDITY;NO_INVENTORY
27982,ZCTA_NEAREST_ACTIVE_OUTLET,NC0007,003,42.547,ZCTA_NN;R6371;TIE_FIRST_LEX,ZCTA_NN_HAVERSINE;NOT_ELIGIBILITY;NOT_USPS_VALIDITY;NO_INVENTORY
27983,EXACT_IMLS_OUTLET_ZIP,NC0001,010,,EXACT_OUTLET;TIE_FSCSKEY_SEQ,EXACT_OUTLET;NOT_USPS_VALIDITY;NO_INVENTORY
27985,ZCTA_NEAREST_ACTIVE_OUTLET,NC0014,003,4.097,ZCTA_NN;R6371;TIE_FIRST_LEX,ZCTA_NN_HAVERSINE;NOT_ELIGIBILITY;NOT_USPS_VALIDITY;NO_INVENTORY
27986,EXACT_IMLS_OUTLET_ZIP,NC0001,013,,EXACT_OUTLET;TIE_FSCSKEY_SEQ,EXACT_OUTLET;NOT_USPS_VALIDITY;NO_INVENTORY
28001,EXACT_IMLS_OUTLET_ZIP,NC0059,002,,EXACT_OUTLET;TIE_FSCSKEY_SEQ,EXACT_OUTLET;NOT_USPS_VALIDITY;NO_INVENTORY
28002,OBSERVED_REFERENCE_INDIRECT_ONLY,,,,INDIRECT_IMLS_SC;NO_FABRICATED_NEAREST,INDIRECT_IMLS_SC;NO_FABRICATED_NEAREST;NOT_REJECTED;NOT_USPS_VALIDITY;NO_INVENTORY
28006,ZCTA_NEAREST_ACTIVE_OUTLET,NC0105,008,5.450,ZCTA_NN;R6371;TIE_FIRST_LEX,ZCTA_NN_HAVERSINE;NOT_ELIGIBILITY;NOT_USPS_VALIDITY;NO_INVENTORY
28007,ZCTA_NEAREST_ACTIVE_OUTLET,NC0059,004,11.641,ZCTA_NN;R6371;TIE_FIRST_LEX,ZCTA_NN_HAVERSINE;NOT_ELIGIBILITY;NOT_USPS_VALIDITY;NO_INVENTORY
28009,EXACT_IMLS_OUTLET_ZIP,NC0059,003,,EXACT_OUTLET;TIE_FSCSKEY_SEQ,EXACT_OUTLET;NOT_USPS_VALIDITY;NO_INVENTORY
28010,OBSERVED_REFERENCE_INDIRECT_ONLY,,,,INDIRECT_IMLS_SC;NO_FABRICATED_NEAREST,INDIRECT_IMLS_SC;NO_FABRICATED_NEAREST;NOT_REJECTED;NOT_USPS_VALIDITY;NO_INVENTORY
28012,EXACT_IMLS_OUTLET_ZIP,NC0105,005,,EXACT_OUTLET;TIE_FSCSKEY_SEQ,EXACT_OUTLET;NOT_USPS_VALIDITY;NO_INVENTORY
28016,EXACT_IMLS_OUTLET_ZIP,NC0105,002,,EXACT_OUTLET;TIE_FSCSKEY_SEQ,EXACT_OUTLET;NOT_USPS_VALIDITY;NO_INVENTORY
28017,ZCTA_NEAREST_ACTIVE_OUTLET,NC0056,003,11.580,ZCTA_NN;R6371;TIE_FIRST_LEX,ZCTA_NN_HAVERSINE;NOT_ELIGIBILITY;NOT_USPS_VALIDITY;NO_INVENTORY
28018,ZCTA_NEAREST_ACTIVE_OUTLET,NC0056,002,19.766,ZCTA_NN;R6371;TIE_FIRST_LEX,ZCTA_NN_HAVERSINE;NOT_ELIGIBILITY;NOT_USPS_VALIDITY;NO_INVENTORY
28019,ZCTA_NEAREST_ACTIVE_OUTLET,NC0056,003,1.490,ZCTA_NN;R6371;TIE_FIRST_LEX,ZCTA_NN_HAVERSINE;NOT_ELIGIBILITY;NOT_USPS_VALIDITY;NO_INVENTORY
28020,ZCTA_NEAREST_ACTIVE_OUTLET,NC0024,005,14.070,ZCTA_NN;R6371;TIE_FIRST_LEX,ZCTA_NN_HAVERSINE;NOT_ELIGIBILITY;NOT_USPS_VALIDITY;NO_INVENTORY
28021,EXACT_IMLS_OUTLET_ZIP,NC0105,003,,EXACT_OUTLET;TIE_FSCSKEY_SEQ,EXACT_OUTLET;NOT_USPS_VALIDITY;NO_INVENTORY
28023,ZCTA_NEAREST_ACTIVE_OUTLET,NC0055,006,0.709,ZCTA_NN;R6371;TIE_FIRST_LEX,ZCTA_NN_HAVERSINE;NOT_ELIGIBILITY;NOT_USPS_VALIDITY;NO_INVENTORY
28024,ZCTA_NEAREST_ACTIVE_OUTLET,NC0056,003,3.749,ZCTA_NN;R6371;TIE_FIRST_LEX,ZCTA_NN_HAVERSINE;NOT_ELIGIBILITY;NOT_USPS_VALIDITY;NO_INVENTORY
28025,EXACT_IMLS_OUTLET_ZIP,NC0021,002,,EXACT_OUTLET;TIE_FSCSKEY_SEQ,EXACT_OUTLET;NOT_USPS_VALIDITY;NO_INVENTORY
28026,OBSERVED_REFERENCE_INDIRECT_ONLY,,,,INDIRECT_IMLS_SC;NO_FABRICATED_NEAREST,INDIRECT_IMLS_SC;NO_FABRICATED_NEAREST;NOT_REJECTED;NOT_USPS_VALIDITY;NO_INVENTORY
28027,ZCTA_NEAREST_ACTIVE_OUTLET,NC0021,002,8.473,ZCTA_NN;R6371;TIE_FIRST_LEX,ZCTA_NN_HAVERSINE;NOT_ELIGIBILITY;NOT_USPS_VALIDITY;NO_INVENTORY
28031,EXACT_IMLS_OUTLET_ZIP,NC0045,005,,EXACT_OUTLET;TIE_FSCSKEY_SEQ,EXACT_OUTLET;NOT_USPS_VALIDITY;NO_INVENTORY
28032,ZCTA_NEAREST_ACTIVE_OUTLET,NC0105,005,3.789,ZCTA_NN;R6371;TIE_FIRST_LEX,ZCTA_NN_HAVERSINE;NOT_ELIGIBILITY;NOT_USPS_VALIDITY;NO_INVENTORY
28033,ZCTA_NEAREST_ACTIVE_OUTLET,NC0105,003,5.885,ZCTA_NN;R6371;TIE_FIRST_LEX,ZCTA_NN_HAVERSINE;NOT_ELIGIBILITY;NOT_USPS_VALIDITY;NO_INVENTORY
28034,EXACT_IMLS_OUTLET_ZIP,NC0105,004,,EXACT_OUTLET;TIE_FSCSKEY_SEQ,EXACT_OUTLET;NOT_USPS_VALIDITY;NO_INVENTORY
28035,OBSERVED_REFERENCE_INDIRECT_ONLY,,,,INDIRECT_IMLS_SC;NO_FABRICATED_NEAREST,INDIRECT_IMLS_SC;NO_FABRICATED_NEAREST;NOT_REJECTED;NOT_USPS_VALIDITY;NO_INVENTORY
28036,EXACT_IMLS_OUTLET_ZIP,NC0045,006,,EXACT_OUTLET;TIE_FSCSKEY_SEQ,EXACT_OUTLET;NOT_USPS_VALIDITY;NO_INVENTORY
28037,EXACT_IMLS_OUTLET_ZIP,NC0106,002,,EXACT_OUTLET;TIE_FSCSKEY_SEQ,EXACT_OUTLET;NOT_USPS_VALIDITY;NO_INVENTORY
28038,OBSERVED_REFERENCE_INDIRECT_ONLY,,,,INDIRECT_IMLS_SC;NO_FABRICATED_NEAREST,INDIRECT_IMLS_SC;NO_FABRICATED_NEAREST;NOT_REJECTED;NOT_USPS_VALIDITY;NO_INVENTORY
28039,ZCTA_NEAREST_ACTIVE_OUTLET,NC0055,001,3.574,ZCTA_NN;R6371;TIE_FIRST_LEX,ZCTA_NN_HAVERSINE;NOT_ELIGIBILITY;NOT_USPS_VALIDITY;NO_INVENTORY
28040,ZCTA_NEAREST_ACTIVE_OUTLET,NC0056,003,13.839,ZCTA_NN;R6371;TIE_FIRST_LEX,ZCTA_NN_HAVERSINE;NOT_ELIGIBILITY;NOT_USPS_VALIDITY;NO_INVENTORY
28041,ZCTA_NEAREST_ACTIVE_OUTLET,NC0055,003,6.480,ZCTA_NN;R6371;TIE_FIRST_LEX,ZCTA_NN_HAVERSINE;NOT_ELIGIBILITY;NOT_USPS_VALIDITY;NO_INVENTORY
28042,ZCTA_NEAREST_ACTIVE_OUTLET,NC0024,005,4.207,ZCTA_NN;R6371;TIE_FIRST_LEX,ZCTA_NN_HAVERSINE;NOT_ELIGIBILITY;NOT_USPS_VALIDITY;NO_INVENTORY
28043,ZCTA_NEAREST_ACTIVE_OUTLET,NC0056,002,5.377,ZCTA_NN;R6371;TIE_FIRST_LEX,ZCTA_NN_HAVERSINE;NOT_ELIGIBILITY;NOT_USPS_VALIDITY;NO_INVENTORY
28052,EXACT_IMLS_OUTLET_ZIP,NC0105,009,,EXACT_OUTLET;TIE_FSCSKEY_SEQ,EXACT_OUTLET;NOT_USPS_VALIDITY;NO_INVENTORY
28053,OBSERVED_REFERENCE_INDIRECT_ONLY,,,,INDIRECT_IMLS_SC;NO_FABRICATED_NEAREST,INDIRECT_IMLS_SC;NO_FABRICATED_NEAREST;NOT_REJECTED;NOT_USPS_VALIDITY;NO_INVENTORY
28054,EXACT_IMLS_OUTLET_ZIP,NC0105,001,,EXACT_OUTLET;TIE_FSCSKEY_SEQ,EXACT_OUTLET;NOT_USPS_VALIDITY;NO_INVENTORY
28055,OBSERVED_REFERENCE_INDIRECT_ONLY,,,,INDIRECT_IMLS_SC;NO_FABRICATED_NEAREST,INDIRECT_IMLS_SC;NO_FABRICATED_NEAREST;NOT_REJECTED;NOT_USPS_VALIDITY;NO_INVENTORY
28056,EXACT_IMLS_OUTLET_ZIP,NC0105,010,,EXACT_OUTLET;TIE_FSCSKEY_SEQ,EXACT_OUTLET;NOT_USPS_VALIDITY;NO_INVENTORY
28070,OBSERVED_REFERENCE_INDIRECT_ONLY,,,,INDIRECT_IMLS_SC;NO_FABRICATED_NEAREST,INDIRECT_IMLS_SC;NO_FABRICATED_NEAREST;NOT_REJECTED;NOT_USPS_VALIDITY;NO_INVENTORY
28071,ZCTA_NEAREST_ACTIVE_OUTLET,NC0055,003,9.349,ZCTA_NN;R6371;TIE_FIRST_LEX,ZCTA_NN_HAVERSINE;NOT_ELIGIBILITY;NOT_USPS_VALIDITY;NO_INVENTORY
28072,ZCTA_NEAREST_ACTIVE_OUTLET,NC0055,001,6.674,ZCTA_NN;R6371;TIE_FIRST_LEX,ZCTA_NN_HAVERSINE;NOT_ELIGIBILITY;NOT_USPS_VALIDITY;NO_INVENTORY
28073,ZCTA_NEAREST_ACTIVE_OUTLET,SC0010,002,9.310,ZCTA_NN;R6371;TIE_FIRST_LEX,ZCTA_NN_HAVERSINE;NOT_ELIGIBILITY;NOT_USPS_VALIDITY;NO_INVENTORY
28074,ZCTA_NEAREST_ACTIVE_OUTLET,NC0056,003,8.316,ZCTA_NN;R6371;TIE_FIRST_LEX,ZCTA_NN_HAVERSINE;NOT_ELIGIBILITY;NOT_USPS_VALIDITY;NO_INVENTORY
28075,EXACT_IMLS_OUTLET_ZIP,NC0021,006,,EXACT_OUTLET;TIE_FSCSKEY_SEQ,EXACT_OUTLET;NOT_USPS_VALIDITY;NO_INVENTORY
28076,ZCTA_NEAREST_ACTIVE_OUTLET,NC0056,003,2.100,ZCTA_NN;R6371;TIE_FIRST_LEX,ZCTA_NN_HAVERSINE;NOT_ELIGIBILITY;NOT_USPS_VALIDITY;NO_INVENTORY
28077,ZCTA_NEAREST_ACTIVE_OUTLET,NC0106,001,8.958,ZCTA_NN;R6371;TIE_FIRST_LEX,ZCTA_NN_HAVERSINE;NOT_ELIGIBILITY;NOT_USPS_VALIDITY;NO_INVENTORY
28078,EXACT_IMLS_OUTLET_ZIP,NC0045,026,,EXACT_OUTLET;TIE_FSCSKEY_SEQ,EXACT_OUTLET;NOT_USPS_VALIDITY;NO_INVENTORY
28079,EXACT_IMLS_OUTLET_ZIP,NC0061,003,,EXACT_OUTLET;TIE_FSCSKEY_SEQ,EXACT_OUTLET;NOT_USPS_VALIDITY;NO_INVENTORY
28080,ZCTA_NEAREST_ACTIVE_OUTLET,NC0105,008,10.139,ZCTA_NN;R6371;TIE_FIRST_LEX,ZCTA_NN_HAVERSINE;NOT_ELIGIBILITY;NOT_USPS_VALIDITY;NO_INVENTORY
28081,EXACT_IMLS_OUTLET_ZIP,NC0021,003,,EXACT_OUTLET;TIE_FSCSKEY_SEQ,EXACT_OUTLET;NOT_USPS_VALIDITY;NO_INVENTORY
28082,OBSERVED_REFERENCE_INDIRECT_ONLY,,,,INDIRECT_IMLS_SC;NO_FABRICATED_NEAREST,INDIRECT_IMLS_SC;NO_FABRICATED_NEAREST;NOT_REJECTED;NOT_USPS_VALIDITY;NO_INVENTORY
28083,ZCTA_NEAREST_ACTIVE_OUTLET,NC0021,003,5.025,ZCTA_NN;R6371;TIE_FIRST_LEX,ZCTA_NN_HAVERSINE;NOT_ELIGIBILITY;NOT_USPS_VALIDITY;NO_INVENTORY
28086,EXACT_IMLS_OUTLET_ZIP,NC0100,002,,EXACT_OUTLET;TIE_FSCSKEY_SEQ,EXACT_OUTLET;NOT_USPS_VALIDITY;NO_INVENTORY
28088,EXACT_IMLS_OUTLET_ZIP,NC0055,006,,EXACT_OUTLET;TIE_FSCSKEY_SEQ,EXACT_OUTLET;NOT_USPS_VALIDITY;NO_INVENTORY
28089,ZCTA_NEAREST_ACTIVE_OUTLET,NC0024,002,9.996,ZCTA_NN;R6371;TIE_FIRST_LEX,ZCTA_NN_HAVERSINE;NOT_ELIGIBILITY;NOT_USPS_VALIDITY;NO_INVENTORY
28090,EXACT_IMLS_OUTLET_ZIP,NC0024,005,,EXACT_OUTLET;TIE_FSCSKEY_SEQ,EXACT_OUTLET;NOT_USPS_VALIDITY;NO_INVENTORY
28091,ZCTA_NEAREST_ACTIVE_OUTLET,NC0015,002,13.342,ZCTA_NN;R6371;TIE_FIRST_LEX,ZCTA_NN_HAVERSINE;NOT_ELIGIBILITY;NOT_USPS_VALIDITY;NO_INVENTORY
28092,EXACT_IMLS_OUTLET_ZIP,NC0106,001,,EXACT_OUTLET;TIE_FSCSKEY_SEQ,EXACT_OUTLET;NOT_USPS_VALIDITY;NO_INVENTORY
28093,OBSERVED_REFERENCE_INDIRECT_ONLY,,,,INDIRECT_IMLS_SC;NO_FABRICATED_NEAREST,INDIRECT_IMLS_SC;NO_FABRICATED_NEAREST;NOT_REJECTED;NOT_USPS_VALIDITY;NO_INVENTORY
28097,EXACT_IMLS_OUTLET_ZIP,NC0059,008,,EXACT_OUTLET;TIE_FSCSKEY_SEQ,EXACT_OUTLET;NOT_USPS_VALIDITY;NO_INVENTORY
28098,EXACT_IMLS_OUTLET_ZIP,NC0105,006,,EXACT_OUTLET;TIE_FSCSKEY_SEQ,EXACT_OUTLET;NOT_USPS_VALIDITY;NO_INVENTORY
28101,ZCTA_NEAREST_ACTIVE_OUTLET,NC0105,006,2.339,ZCTA_NN;R6371;TIE_FIRST_LEX,ZCTA_NN_HAVERSINE;NOT_ELIGIBILITY;NOT_USPS_VALIDITY;NO_INVENTORY
28102,ZCTA_NEAREST_ACTIVE_OUTLET,SC0012,008,13.311,ZCTA_NN;R6371;TIE_FIRST_LEX,ZCTA_NN_HAVERSINE;NOT_ELIGIBILITY;NOT_USPS_VALIDITY;NO_INVENTORY
28103,EXACT_IMLS_OUTLET_ZIP,NC0061,004,,EXACT_OUTLET;TIE_FSCSKEY_SEQ,EXACT_OUTLET;NOT_USPS_VALIDITY;NO_INVENTORY
28104,ZCTA_NEAREST_ACTIVE_OUTLET,NC0061,003,3.673,ZCTA_NN;R6371;TIE_FIRST_LEX,ZCTA_NN_HAVERSINE;NOT_ELIGIBILITY;NOT_USPS_VALIDITY;NO_INVENTORY
28105,EXACT_IMLS_OUTLET_ZIP,NC0045,011,,EXACT_OUTLET;TIE_FSCSKEY_SEQ,EXACT_OUTLET;NOT_USPS_VALIDITY;NO_INVENTORY
28106,OBSERVED_REFERENCE_INDIRECT_ONLY,,,,INDIRECT_IMLS_SC;NO_FABRICATED_NEAREST,INDIRECT_IMLS_SC;NO_FABRICATED_NEAREST;NOT_REJECTED;NOT_USPS_VALIDITY;NO_INVENTORY
28107,EXACT_IMLS_OUTLET_ZIP,NC0021,007,,EXACT_OUTLET;TIE_FSCSKEY_SEQ,EXACT_OUTLET;NOT_USPS_VALIDITY;NO_INVENTORY
28108,ZCTA_NEAREST_ACTIVE_OUTLET,NC0061,005,6.973,ZCTA_NN;R6371;TIE_FIRST_LEX,ZCTA_NN_HAVERSINE;NOT_ELIGIBILITY;NOT_USPS_VALIDITY;NO_INVENTORY
28109,ZCTA_NEAREST_ACTIVE_OUTLET,NC0055,003,13.735,ZCTA_NN;R6371;TIE_FIRST_LEX,ZCTA_NN_HAVERSINE;NOT_ELIGIBILITY;NOT_USPS_VALIDITY;NO_INVENTORY
28110,ZCTA_NEAREST_ACTIVE_OUTLET,NC0061,002,9.989,ZCTA_NN;R6371;TIE_FIRST_LEX,ZCTA_NN_HAVERSINE;NOT_ELIGIBILITY;NOT_USPS_VALIDITY;NO_INVENTORY
28111,OBSERVED_REFERENCE_INDIRECT_ONLY,,,,INDIRECT_IMLS_SC;NO_FABRICATED_NEAREST,INDIRECT_IMLS_SC;NO_FABRICATED_NEAREST;NOT_REJECTED;NOT_USPS_VALIDITY;NO_INVENTORY
28112,EXACT_IMLS_OUTLET_ZIP,NC0061,002,,EXACT_OUTLET;TIE_FSCSKEY_SEQ,EXACT_OUTLET;NOT_USPS_VALIDITY;NO_INVENTORY
28114,EXACT_IMLS_OUTLET_ZIP,NC0056,003,,EXACT_OUTLET;TIE_FSCSKEY_SEQ,EXACT_OUTLET;NOT_USPS_VALIDITY;NO_INVENTORY
28115,EXACT_IMLS_OUTLET_ZIP,NC0083,002,,EXACT_OUTLET;TIE_FSCSKEY_SEQ,EXACT_OUTLET;NOT_USPS_VALIDITY;NO_INVENTORY
28117,EXACT_IMLS_OUTLET_ZIP,NC0083,003,,EXACT_OUTLET;TIE_FSCSKEY_SEQ,EXACT_OUTLET;NOT_USPS_VALIDITY;NO_INVENTORY
28119,ZCTA_NEAREST_ACTIVE_OUTLET,SC0012,008,14.059,ZCTA_NN;R6371;TIE_FIRST_LEX,ZCTA_NN_HAVERSINE;NOT_ELIGIBILITY;NOT_USPS_VALIDITY;NO_INVENTORY
28120,EXACT_IMLS_OUTLET_ZIP,NC0105,007,,EXACT_OUTLET;TIE_FSCSKEY_SEQ,EXACT_OUTLET;NOT_USPS_VALIDITY;NO_INVENTORY
28123,OBSERVED_REFERENCE_INDIRECT_ONLY,,,,INDIRECT_IMLS_SC;NO_FABRICATED_NEAREST,INDIRECT_IMLS_SC;NO_FABRICATED_NEAREST;NOT_REJECTED;NOT_USPS_VALIDITY;NO_INVENTORY
28124,EXACT_IMLS_OUTLET_ZIP,NC0021,005,,EXACT_OUTLET;TIE_FSCSKEY_SEQ,EXACT_OUTLET;NOT_USPS_VALIDITY;NO_INVENTORY
28125,ZCTA_NEAREST_ACTIVE_OUTLET,NC0055,007,7.970,ZCTA_NN;R6371;TIE_FIRST_LEX,ZCTA_NN_HAVERSINE;NOT_ELIGIBILITY;NOT_USPS_VALIDITY;NO_INVENTORY
28126,OBSERVED_REFERENCE_INDIRECT_ONLY,,,,INDIRECT_IMLS_SC;NO_FABRICATED_NEAREST,INDIRECT_IMLS_SC;NO_FABRICATED_NEAREST;NOT_REJECTED;NOT_USPS_VALIDITY;NO_INVENTORY
28127,ZCTA_NEAREST_ACTIVE_OUTLET,NC0059,003,7.008,ZCTA_NN;R6371;TIE_FIRST_LEX,ZCTA_NN_HAVERSINE;NOT_ELIGIBILITY;NOT_USPS_VALIDITY;NO_INVENTORY
28128,EXACT_IMLS_OUTLET_ZIP,NC0059,004,,EXACT_OUTLET;TIE_FSCSKEY_SEQ,EXACT_OUTLET;NOT_USPS_VALIDITY;NO_INVENTORY
28129,EXACT_IMLS_OUTLET_ZIP,NC0059,005,,EXACT_OUTLET;TIE_FSCSKEY_SEQ,EXACT_OUTLET;NOT_USPS_VALIDITY;NO_INVENTORY
28130,OBSERVED_REFERENCE_INDIRECT_ONLY,,,,INDIRECT_IMLS_SC;NO_FABRICATED_NEAREST,INDIRECT_IMLS_SC;NO_FABRICATED_NEAREST;NOT_REJECTED;NOT_USPS_VALIDITY;NO_INVENTORY
28133,ZCTA_NEAREST_ACTIVE_OUTLET,SC0012,004,14.223,ZCTA_NN;R6371;TIE_FIRST_LEX,ZCTA_NN_HAVERSINE;NOT_ELIGIBILITY;NOT_USPS_VALIDITY;NO_INVENTORY
28134,EXACT_IMLS_OUTLET_ZIP,NC0045,034,,EXACT_OUTLET;TIE_FSCSKEY_SEQ,EXACT_OUTLET;NOT_USPS_VALIDITY;NO_INVENTORY
28135,ZCTA_NEAREST_ACTIVE_OUTLET,NC0061,004,14.054,ZCTA_NN;R6371;TIE_FIRST_LEX,ZCTA_NN_HAVERSINE;NOT_ELIGIBILITY;NOT_USPS_VALIDITY;NO_INVENTORY
28136,ZCTA_NEAREST_ACTIVE_OUTLET,NC0024,005,8.029,ZCTA_NN;R6371;TIE_FIRST_LEX,ZCTA_NN_HAVERSINE;NOT_ELIGIBILITY;NOT_USPS_VALIDITY;NO_INVENTORY
28137,ZCTA_NEAREST_ACTIVE_OUTLET,NC0055,003,14.544,ZCTA_NN;R6371;TIE_FIRST_LEX,ZCTA_NN_HAVERSINE;NOT_ELIGIBILITY;NOT_USPS_VALIDITY;NO_INVENTORY
28138,EXACT_IMLS_OUTLET_ZIP,NC0055,003,,EXACT_OUTLET;TIE_FSCSKEY_SEQ,EXACT_OUTLET;NOT_USPS_VALIDITY;NO_INVENTORY
28139,ZCTA_NEAREST_ACTIVE_OUTLET,NC0056,002,7.622,ZCTA_NN;R6371;TIE_FIRST_LEX,ZCTA_NN_HAVERSINE;NOT_ELIGIBILITY;NOT_USPS_VALIDITY;NO_INVENTORY
28144,EXACT_IMLS_OUTLET_ZIP,NC0055,001,,EXACT_OUTLET;TIE_FSCSKEY_SEQ,EXACT_OUTLET;NOT_USPS_VALIDITY;NO_INVENTORY
28145,OBSERVED_REFERENCE_INDIRECT_ONLY,,,,INDIRECT_IMLS_SC;NO_FABRICATED_NEAREST,INDIRECT_IMLS_SC;NO_FABRICATED_NEAREST;NOT_REJECTED;NOT_USPS_VALIDITY;NO_INVENTORY
28146,ZCTA_NEAREST_ACTIVE_OUTLET,NC0055,003,7.772,ZCTA_NN;R6371;TIE_FIRST_LEX,ZCTA_NN_HAVERSINE;NOT_ELIGIBILITY;NOT_USPS_VALIDITY;NO_INVENTORY
28147,ZCTA_NEAREST_ACTIVE_OUTLET,NC0055,001,7.447,ZCTA_NN;R6371;TIE_FIRST_LEX,ZCTA_NN_HAVERSINE;NOT_ELIGIBILITY;NOT_USPS_VALIDITY;NO_INVENTORY
28150,EXACT_IMLS_OUTLET_ZIP,NC0024,002,,EXACT_OUTLET;TIE_FSCSKEY_SEQ,EXACT_OUTLET;NOT_USPS_VALIDITY;NO_INVENTORY
28151,OBSERVED_REFERENCE_INDIRECT_ONLY,,,,INDIRECT_IMLS_SC;NO_FABRICATED_NEAREST,INDIRECT_IMLS_SC;NO_FABRICATED_NEAREST;NOT_REJECTED;NOT_USPS_VALIDITY;NO_INVENTORY
28152,ZCTA_NEAREST_ACTIVE_OUTLET,NC0024,002,7.538,ZCTA_NN;R6371;TIE_FIRST_LEX,ZCTA_NN_HAVERSINE;NOT_ELIGIBILITY;NOT_USPS_VALIDITY;NO_INVENTORY
28159,ZCTA_NEAREST_ACTIVE_OUTLET,NC0055,001,4.470,ZCTA_NN;R6371;TIE_FIRST_LEX,ZCTA_NN_HAVERSINE;NOT_ELIGIBILITY;NOT_USPS_VALIDITY;NO_INVENTORY
28160,EXACT_IMLS_OUTLET_ZIP,NC0056,002,,EXACT_OUTLET;TIE_FSCSKEY_SEQ,EXACT_OUTLET;NOT_USPS_VALIDITY;NO_INVENTORY
28163,ZCTA_NEAREST_ACTIVE_OUTLET,NC0059,008,5.824,ZCTA_NN;R6371;TIE_FIRST_LEX,ZCTA_NN_HAVERSINE;NOT_ELIGIBILITY;NOT_USPS_VALIDITY;NO_INVENTORY
28164,EXACT_IMLS_OUTLET_ZIP,NC0105,008,,EXACT_OUTLET;TIE_FSCSKEY_SEQ,EXACT_OUTLET;NOT_USPS_VALIDITY;NO_INVENTORY
28166,EXACT_IMLS_OUTLET_ZIP,NC0040,005,,EXACT_OUTLET;TIE_FSCSKEY_SEQ,EXACT_OUTLET;NOT_USPS_VALIDITY;NO_INVENTORY
28167,ZCTA_NEAREST_ACTIVE_OUTLET,NC0056,002,18.184,ZCTA_NN;R6371;TIE_FIRST_LEX,ZCTA_NN_HAVERSINE;NOT_ELIGIBILITY;NOT_USPS_VALIDITY;NO_INVENTORY
28168,ZCTA_NEAREST_ACTIVE_OUTLET,NC0106,003,8.717,ZCTA_NN;R6371;TIE_FIRST_LEX,ZCTA_NN_HAVERSINE;NOT_ELIGIBILITY;NOT_USPS_VALIDITY;NO_INVENTORY
28169,ZCTA_NEAREST_ACTIVE_OUTLET,NC0105,003,5.768,ZCTA_NN;R6371;TIE_FIRST_LEX,ZCTA_NN_HAVERSINE;NOT_ELIGIBILITY;NOT_USPS_VALIDITY;NO_INVENTORY
28170,EXACT_IMLS_OUTLET_ZIP,NC0015,002,,EXACT_OUTLET;TIE_FSCSKEY_SEQ,EXACT_OUTLET;NOT_USPS_VALIDITY;NO_INVENTORY
28173,EXACT_IMLS_OUTLET_ZIP,NC0061,005,,EXACT_OUTLET;TIE_FSCSKEY_SEQ,EXACT_OUTLET;NOT_USPS_VALIDITY;NO_INVENTORY
28174,ZCTA_NEAREST_ACTIVE_OUTLET,NC0061,004,7.398,ZCTA_NN;R6371;TIE_FIRST_LEX,ZCTA_NN_HAVERSINE;NOT_ELIGIBILITY;NOT_USPS_VALIDITY;NO_INVENTORY
28201,OBSERVED_REFERENCE_INDIRECT_ONLY,,,,INDIRECT_IMLS_SC;NO_FABRICATED_NEAREST,INDIRECT_IMLS_SC;NO_FABRICATED_NEAREST;NOT_REJECTED;NOT_USPS_VALIDITY;NO_INVENTORY
28202,EXACT_IMLS_OUTLET_ZIP,NC0045,030,,EXACT_OUTLET;TIE_FSCSKEY_SEQ,EXACT_OUTLET;NOT_USPS_VALIDITY;NO_INVENTORY
28203,ZCTA_NEAREST_ACTIVE_OUTLET,NC0045,032,2.486,ZCTA_NN;R6371;TIE_FIRST_LEX,ZCTA_NN_HAVERSINE;NOT_ELIGIBILITY;NOT_USPS_VALIDITY;NO_INVENTORY
28204,ZCTA_NEAREST_ACTIVE_OUTLET,NC0045,007,1.559,ZCTA_NN;R6371;TIE_FIRST_LEX,ZCTA_NN_HAVERSINE;NOT_ELIGIBILITY;NOT_USPS_VALIDITY;NO_INVENTORY
28205,EXACT_IMLS_OUTLET_ZIP,NC0045,007,,EXACT_OUTLET;TIE_FSCSKEY_SEQ,EXACT_OUTLET;NOT_USPS_VALIDITY;NO_INVENTORY
28206,EXACT_IMLS_OUTLET_ZIP,NC0045,027,,EXACT_OUTLET;TIE_FSCSKEY_SEQ,EXACT_OUTLET;NOT_USPS_VALIDITY;NO_INVENTORY
28207,EXACT_IMLS_OUTLET_ZIP,NC0045,017,,EXACT_OUTLET;TIE_FSCSKEY_SEQ,EXACT_OUTLET;NOT_USPS_VALIDITY;NO_INVENTORY
28208,EXACT_IMLS_OUTLET_ZIP,NC0045,019,,EXACT_OUTLET;TIE_FSCSKEY_SEQ,EXACT_OUTLET;NOT_USPS_VALIDITY;NO_INVENTORY
28209,ZCTA_NEAREST_ACTIVE_OUTLET,NC0045,017,3.089,ZCTA_NN;R6371;TIE_FIRST_LEX,ZCTA_NN_HAVERSINE;NOT_ELIGIBILITY;NOT_USPS_VALIDITY;NO_INVENTORY
28210,ZCTA_NEAREST_ACTIVE_OUTLET,NC0045,016,3.855,ZCTA_NN;R6371;TIE_FIRST_LEX,ZCTA_NN_HAVERSINE;NOT_ELIGIBILITY;NOT_USPS_VALIDITY;NO_INVENTORY
28211,EXACT_IMLS_OUTLET_ZIP,NC0045,013,,EXACT_OUTLET;TIE_FSCSKEY_SEQ,EXACT_OUTLET;NOT_USPS_VALIDITY;NO_INVENTORY
28212,EXACT_IMLS_OUTLET_ZIP,NC0045,010,,EXACT_OUTLET;TIE_FSCSKEY_SEQ,EXACT_OUTLET;NOT_USPS_VALIDITY;NO_INVENTORY
28213,EXACT_IMLS_OUTLET_ZIP,NC0045,033,,EXACT_OUTLET;TIE_FSCSKEY_SEQ,EXACT_OUTLET;NOT_USPS_VALIDITY;NO_INVENTORY
28214,EXACT_IMLS_OUTLET_ZIP,NC0045,031,,EXACT_OUTLET;TIE_FSCSKEY_SEQ,EXACT_OUTLET;NOT_USPS_VALIDITY;NO_INVENTORY
28215,EXACT_IMLS_OUTLET_ZIP,NC0045,008,,EXACT_OUTLET;TIE_FSCSKEY_SEQ,EXACT_OUTLET;NOT_USPS_VALIDITY;NO_INVENTORY
28216,EXACT_IMLS_OUTLET_ZIP,NC0045,024,,EXACT_OUTLET;TIE_FSCSKEY_SEQ,EXACT_OUTLET;NOT_USPS_VALIDITY;NO_INVENTORY
28217,ZCTA_NEAREST_ACTIVE_OUTLET,NC0045,019,4.873,ZCTA_NN;R6371;TIE_FIRST_LEX,ZCTA_NN_HAVERSINE;NOT_ELIGIBILITY;NOT_USPS_VALIDITY;NO_INVENTORY
28218,OBSERVED_REFERENCE_INDIRECT_ONLY,,,,INDIRECT_IMLS_SC;NO_FABRICATED_NEAREST,INDIRECT_IMLS_SC;NO_FABRICATED_NEAREST;NOT_REJECTED;NOT_USPS_VALIDITY;NO_INVENTORY
28219,OBSERVED_REFERENCE_INDIRECT_ONLY,,,,INDIRECT_IMLS_SC;NO_FABRICATED_NEAREST,INDIRECT_IMLS_SC;NO_FABRICATED_NEAREST;NOT_REJECTED;NOT_USPS_VALIDITY;NO_INVENTORY
28220,OBSERVED_REFERENCE_INDIRECT_ONLY,,,,INDIRECT_IMLS_SC;NO_FABRICATED_NEAREST,INDIRECT_IMLS_SC;NO_FABRICATED_NEAREST;NOT_REJECTED;NOT_USPS_VALIDITY;NO_INVENTORY
28221,OBSERVED_REFERENCE_INDIRECT_ONLY,,,,INDIRECT_IMLS_SC;NO_FABRICATED_NEAREST,INDIRECT_IMLS_SC;NO_FABRICATED_NEAREST;NOT_REJECTED;NOT_USPS_VALIDITY;NO_INVENTORY
28222,OBSERVED_REFERENCE_INDIRECT_ONLY,,,,INDIRECT_IMLS_SC;NO_FABRICATED_NEAREST,INDIRECT_IMLS_SC;NO_FABRICATED_NEAREST;NOT_REJECTED;NOT_USPS_VALIDITY;NO_INVENTORY
28223,ZCTA_NEAREST_ACTIVE_OUTLET,NC0045,023,1.490,ZCTA_NN;R6371;TIE_FIRST_LEX,ZCTA_NN_HAVERSINE;NOT_ELIGIBILITY;NOT_USPS_VALIDITY;NO_INVENTORY
28224,OBSERVED_REFERENCE_INDIRECT_ONLY,,,,INDIRECT_IMLS_SC;NO_FABRICATED_NEAREST,INDIRECT_IMLS_SC;NO_FABRICATED_NEAREST;NOT_REJECTED;NOT_USPS_VALIDITY;NO_INVENTORY
28226,ZCTA_NEAREST_ACTIVE_OUTLET,NC0045,025,2.027,ZCTA_NN;R6371;TIE_FIRST_LEX,ZCTA_NN_HAVERSINE;NOT_ELIGIBILITY;NOT_USPS_VALIDITY;NO_INVENTORY
28227,EXACT_IMLS_OUTLET_ZIP,NC0045,012,,EXACT_OUTLET;TIE_FSCSKEY_SEQ,EXACT_OUTLET;NOT_USPS_VALIDITY;NO_INVENTORY
28230,OBSERVED_REFERENCE_INDIRECT_ONLY,,,,INDIRECT_IMLS_SC;NO_FABRICATED_NEAREST,INDIRECT_IMLS_SC;NO_FABRICATED_NEAREST;NOT_REJECTED;NOT_USPS_VALIDITY;NO_INVENTORY
28231,OBSERVED_REFERENCE_INDIRECT_ONLY,,,,INDIRECT_IMLS_SC;NO_FABRICATED_NEAREST,INDIRECT_IMLS_SC;NO_FABRICATED_NEAREST;NOT_REJECTED;NOT_USPS_VALIDITY;NO_INVENTORY
28232,OBSERVED_REFERENCE_INDIRECT_ONLY,,,,INDIRECT_IMLS_SC;NO_FABRICATED_NEAREST,INDIRECT_IMLS_SC;NO_FABRICATED_NEAREST;NOT_REJECTED;NOT_USPS_VALIDITY;NO_INVENTORY
28233,OBSERVED_REFERENCE_INDIRECT_ONLY,,,,INDIRECT_IMLS_SC;NO_FABRICATED_NEAREST,INDIRECT_IMLS_SC;NO_FABRICATED_NEAREST;NOT_REJECTED;NOT_USPS_VALIDITY;NO_INVENTORY
28235,OBSERVED_REFERENCE_INDIRECT_ONLY,,,,INDIRECT_IMLS_SC;NO_FABRICATED_NEAREST,INDIRECT_IMLS_SC;NO_FABRICATED_NEAREST;NOT_REJECTED;NOT_USPS_VALIDITY;NO_INVENTORY
28236,OBSERVED_REFERENCE_INDIRECT_ONLY,,,,INDIRECT_IMLS_SC;NO_FABRICATED_NEAREST,INDIRECT_IMLS_SC;NO_FABRICATED_NEAREST;NOT_REJECTED;NOT_USPS_VALIDITY;NO_INVENTORY
28237,OBSERVED_REFERENCE_INDIRECT_ONLY,,,,INDIRECT_IMLS_SC;NO_FABRICATED_NEAREST,INDIRECT_IMLS_SC;NO_FABRICATED_NEAREST;NOT_REJECTED;NOT_USPS_VALIDITY;NO_INVENTORY
28241,OBSERVED_REFERENCE_INDIRECT_ONLY,,,,INDIRECT_IMLS_SC;NO_FABRICATED_NEAREST,INDIRECT_IMLS_SC;NO_FABRICATED_NEAREST;NOT_REJECTED;NOT_USPS_VALIDITY;NO_INVENTORY
28244,ZCTA_NEAREST_ACTIVE_OUTLET,NC0045,032,0.341,ZCTA_NN;R6371;TIE_FIRST_LEX,ZCTA_NN_HAVERSINE;NOT_ELIGIBILITY;NOT_USPS_VALIDITY;NO_INVENTORY
28246,OBSERVED_REFERENCE_INDIRECT_ONLY,,,,INDIRECT_IMLS_SC;NO_FABRICATED_NEAREST,INDIRECT_IMLS_SC;NO_FABRICATED_NEAREST;NOT_REJECTED;NOT_USPS_VALIDITY;NO_INVENTORY
28247,OBSERVED_REFERENCE_INDIRECT_ONLY,,,,INDIRECT_IMLS_SC;NO_FABRICATED_NEAREST,INDIRECT_IMLS_SC;NO_FABRICATED_NEAREST;NOT_REJECTED;NOT_USPS_VALIDITY;NO_INVENTORY
28253,OBSERVED_REFERENCE_INDIRECT_ONLY,,,,INDIRECT_IMLS_SC;NO_FABRICATED_NEAREST,INDIRECT_IMLS_SC;NO_FABRICATED_NEAREST;NOT_REJECTED;NOT_USPS_VALIDITY;NO_INVENTORY
28255,OBSERVED_REFERENCE_INDIRECT_ONLY,,,,INDIRECT_IMLS_SC;NO_FABRICATED_NEAREST,INDIRECT_IMLS_SC;NO_FABRICATED_NEAREST;NOT_REJECTED;NOT_USPS_VALIDITY;NO_INVENTORY
28256,OBSERVED_REFERENCE_INDIRECT_ONLY,,,,INDIRECT_IMLS_SC;NO_FABRICATED_NEAREST,INDIRECT_IMLS_SC;NO_FABRICATED_NEAREST;NOT_REJECTED;NOT_USPS_VALIDITY;NO_INVENTORY
28260,OBSERVED_REFERENCE_INDIRECT_ONLY,,,,INDIRECT_IMLS_SC;NO_FABRICATED_NEAREST,INDIRECT_IMLS_SC;NO_FABRICATED_NEAREST;NOT_REJECTED;NOT_USPS_VALIDITY;NO_INVENTORY
28262,EXACT_IMLS_OUTLET_ZIP,NC0045,023,,EXACT_OUTLET;TIE_FSCSKEY_SEQ,EXACT_OUTLET;NOT_USPS_VALIDITY;NO_INVENTORY
28265,OBSERVED_REFERENCE_INDIRECT_ONLY,,,,INDIRECT_IMLS_SC;NO_FABRICATED_NEAREST,INDIRECT_IMLS_SC;NO_FABRICATED_NEAREST;NOT_REJECTED;NOT_USPS_VALIDITY;NO_INVENTORY
28266,OBSERVED_REFERENCE_INDIRECT_ONLY,,,,INDIRECT_IMLS_SC;NO_FABRICATED_NEAREST,INDIRECT_IMLS_SC;NO_FABRICATED_NEAREST;NOT_REJECTED;NOT_USPS_VALIDITY;NO_INVENTORY
28269,ZCTA_NEAREST_ACTIVE_OUTLET,NC0045,023,6.402,ZCTA_NN;R6371;TIE_FIRST_LEX,ZCTA_NN_HAVERSINE;NOT_ELIGIBILITY;NOT_USPS_VALIDITY;NO_INVENTORY
28270,ZCTA_NEAREST_ACTIVE_OUTLET,NC0045,011,4.196,ZCTA_NN;R6371;TIE_FIRST_LEX,ZCTA_NN_HAVERSINE;NOT_ELIGIBILITY;NOT_USPS_VALIDITY;NO_INVENTORY
28271,OBSERVED_REFERENCE_INDIRECT_ONLY,,,,INDIRECT_IMLS_SC;NO_FABRICATED_NEAREST,INDIRECT_IMLS_SC;NO_FABRICATED_NEAREST;NOT_REJECTED;NOT_USPS_VALIDITY;NO_INVENTORY
28272,OBSERVED_REFERENCE_INDIRECT_ONLY,,,,INDIRECT_IMLS_SC;NO_FABRICATED_NEAREST,INDIRECT_IMLS_SC;NO_FABRICATED_NEAREST;NOT_REJECTED;NOT_USPS_VALIDITY;NO_INVENTORY
28273,EXACT_IMLS_OUTLET_ZIP,NC0045,022,,EXACT_OUTLET;TIE_FSCSKEY_SEQ,EXACT_OUTLET;NOT_USPS_VALIDITY;NO_INVENTORY
28274,ZCTA_NEAREST_ACTIVE_OUTLET,NC0045,017,0.972,ZCTA_NN;R6371;TIE_FIRST_LEX,ZCTA_NN_HAVERSINE;NOT_ELIGIBILITY;NOT_USPS_VALIDITY;NO_INVENTORY
28277,EXACT_IMLS_OUTLET_ZIP,NC0045,025,,EXACT_OUTLET;TIE_FSCSKEY_SEQ,EXACT_OUTLET;NOT_USPS_VALIDITY;NO_INVENTORY
28278,ZCTA_NEAREST_ACTIVE_OUTLET,NC0045,022,3.494,ZCTA_NN;R6371;TIE_FIRST_LEX,ZCTA_NN_HAVERSINE;NOT_ELIGIBILITY;NOT_USPS_VALIDITY;NO_INVENTORY
28280,ZCTA_NEAREST_ACTIVE_OUTLET,NC0045,032,0.156,ZCTA_NN;R6371;TIE_FIRST_LEX,ZCTA_NN_HAVERSINE;NOT_ELIGIBILITY;NOT_USPS_VALIDITY;NO_INVENTORY
28281,OBSERVED_REFERENCE_INDIRECT_ONLY,,,,INDIRECT_IMLS_SC;NO_FABRICATED_NEAREST,INDIRECT_IMLS_SC;NO_FABRICATED_NEAREST;NOT_REJECTED;NOT_USPS_VALIDITY;NO_INVENTORY
28282,ZCTA_NEAREST_ACTIVE_OUTLET,NC0045,032,0.406,ZCTA_NN;R6371;TIE_FIRST_LEX,ZCTA_NN_HAVERSINE;NOT_ELIGIBILITY;NOT_USPS_VALIDITY;NO_INVENTORY
28284,OBSERVED_REFERENCE_INDIRECT_ONLY,,,,INDIRECT_IMLS_SC;NO_FABRICATED_NEAREST,INDIRECT_IMLS_SC;NO_FABRICATED_NEAREST;NOT_REJECTED;NOT_USPS_VALIDITY;NO_INVENTORY
28285,OBSERVED_REFERENCE_INDIRECT_ONLY,,,,INDIRECT_IMLS_SC;NO_FABRICATED_NEAREST,INDIRECT_IMLS_SC;NO_FABRICATED_NEAREST;NOT_REJECTED;NOT_USPS_VALIDITY;NO_INVENTORY
28287,OBSERVED_REFERENCE_INDIRECT_ONLY,,,,INDIRECT_IMLS_SC;NO_FABRICATED_NEAREST,INDIRECT_IMLS_SC;NO_FABRICATED_NEAREST;NOT_REJECTED;NOT_USPS_VALIDITY;NO_INVENTORY
28288,OBSERVED_REFERENCE_INDIRECT_ONLY,,,,INDIRECT_IMLS_SC;NO_FABRICATED_NEAREST,INDIRECT_IMLS_SC;NO_FABRICATED_NEAREST;NOT_REJECTED;NOT_USPS_VALIDITY;NO_INVENTORY
28297,OBSERVED_REFERENCE_INDIRECT_ONLY,,,,INDIRECT_IMLS_SC;NO_FABRICATED_NEAREST,INDIRECT_IMLS_SC;NO_FABRICATED_NEAREST;NOT_REJECTED;NOT_USPS_VALIDITY;NO_INVENTORY
28299,OBSERVED_REFERENCE_INDIRECT_ONLY,,,,INDIRECT_IMLS_SC;NO_FABRICATED_NEAREST,INDIRECT_IMLS_SC;NO_FABRICATED_NEAREST;NOT_REJECTED;NOT_USPS_VALIDITY;NO_INVENTORY
28301,EXACT_IMLS_OUTLET_ZIP,NC0026,002,,EXACT_OUTLET;TIE_FSCSKEY_SEQ,EXACT_OUTLET;NOT_USPS_VALIDITY;NO_INVENTORY
28302,OBSERVED_REFERENCE_INDIRECT_ONLY,,,,INDIRECT_IMLS_SC;NO_FABRICATED_NEAREST,INDIRECT_IMLS_SC;NO_FABRICATED_NEAREST;NOT_REJECTED;NOT_USPS_VALIDITY;NO_INVENTORY
28303,ZCTA_NEAREST_ACTIVE_OUTLET,NC0026,005,5.366,ZCTA_NN;R6371;TIE_FIRST_LEX,ZCTA_NN_HAVERSINE;NOT_ELIGIBILITY;NOT_USPS_VALIDITY;NO_INVENTORY
28304,EXACT_IMLS_OUTLET_ZIP,NC0026,003,,EXACT_OUTLET;TIE_FSCSKEY_SEQ,EXACT_OUTLET;NOT_USPS_VALIDITY;NO_INVENTORY
28305,ZCTA_NEAREST_ACTIVE_OUTLET,NC0026,002,2.382,ZCTA_NN;R6371;TIE_FIRST_LEX,ZCTA_NN_HAVERSINE;NOT_ELIGIBILITY;NOT_USPS_VALIDITY;NO_INVENTORY
28306,EXACT_IMLS_OUTLET_ZIP,NC0026,014,,EXACT_OUTLET;TIE_FSCSKEY_SEQ,EXACT_OUTLET;NOT_USPS_VALIDITY;NO_INVENTORY
28307,ZCTA_NEAREST_ACTIVE_OUTLET,NC0026,006,4.753,ZCTA_NN;R6371;TIE_FIRST_LEX,ZCTA_NN_HAVERSINE;NOT_ELIGIBILITY;NOT_USPS_VALIDITY;NO_INVENTORY
28308,ZCTA_NEAREST_ACTIVE_OUTLET,NC0026,006,2.805,ZCTA_NN;R6371;TIE_FIRST_LEX,ZCTA_NN_HAVERSINE;NOT_ELIGIBILITY;NOT_USPS_VALIDITY;NO_INVENTORY
28309,OBSERVED_REFERENCE_INDIRECT_ONLY,,,,INDIRECT_IMLS_SC;NO_FABRICATED_NEAREST,INDIRECT_IMLS_SC;NO_FABRICATED_NEAREST;NOT_REJECTED;NOT_USPS_VALIDITY;NO_INVENTORY
28310,ZCTA_NEAREST_ACTIVE_OUTLET,NC0026,005,7.874,ZCTA_NN;R6371;TIE_FIRST_LEX,ZCTA_NN_HAVERSINE;NOT_ELIGIBILITY;NOT_USPS_VALIDITY;NO_INVENTORY
28311,EXACT_IMLS_OUTLET_ZIP,NC0026,011,,EXACT_OUTLET;TIE_FSCSKEY_SEQ,EXACT_OUTLET;NOT_USPS_VALIDITY;NO_INVENTORY
28312,EXACT_IMLS_OUTLET_ZIP,NC0026,012,,EXACT_OUTLET;TIE_FSCSKEY_SEQ,EXACT_OUTLET;NOT_USPS_VALIDITY;NO_INVENTORY
28314,EXACT_IMLS_OUTLET_ZIP,NC0026,005,,EXACT_OUTLET;TIE_FSCSKEY_SEQ,EXACT_OUTLET;NOT_USPS_VALIDITY;NO_INVENTORY
28315,EXACT_IMLS_OUTLET_ZIP,NC0015,010,,EXACT_OUTLET;TIE_FSCSKEY_SEQ,EXACT_OUTLET;NOT_USPS_VALIDITY;NO_INVENTORY
28318,ZCTA_NEAREST_ACTIVE_OUTLET,NC0057,006,11.985,ZCTA_NN;R6371;TIE_FIRST_LEX,ZCTA_NN_HAVERSINE;NOT_ELIGIBILITY;NOT_USPS_VALIDITY;NO_INVENTORY
28320,EXACT_IMLS_OUTLET_ZIP,NC0017,003,,EXACT_OUTLET;TIE_FSCSKEY_SEQ,EXACT_OUTLET;NOT_USPS_VALIDITY;NO_INVENTORY
28323,EXACT_IMLS_OUTLET_ZIP,NC0037,008,,EXACT_OUTLET;TIE_FSCSKEY_SEQ,EXACT_OUTLET;NOT_USPS_VALIDITY;NO_INVENTORY
28325,ZCTA_NEAREST_ACTIVE_OUTLET,NC0029,003,5.049,ZCTA_NN;R6371;TIE_FIRST_LEX,ZCTA_NN_HAVERSINE;NOT_ELIGIBILITY;NOT_USPS_VALIDITY;NO_INVENTORY
28326,ZCTA_NEAREST_ACTIVE_OUTLET,NC0037,010,11.542,ZCTA_NN;R6371;TIE_FIRST_LEX,ZCTA_NN_HAVERSINE;NOT_ELIGIBILITY;NOT_USPS_VALIDITY;NO_INVENTORY
28327,EXACT_IMLS_OUTLET_ZIP,NC0015,009,,EXACT_OUTLET;TIE_FSCSKEY_SEQ,EXACT_OUTLET;NOT_USPS_VALIDITY;NO_INVENTORY
28328,EXACT_IMLS_OUTLET_ZIP,NC0057,007,,EXACT_OUTLET;TIE_FSCSKEY_SEQ,EXACT_OUTLET;NOT_USPS_VALIDITY;NO_INVENTORY
28329,OBSERVED_REFERENCE_INDIRECT_ONLY,,,,INDIRECT_IMLS_SC;NO_FABRICATED_NEAREST,INDIRECT_IMLS_SC;NO_FABRICATED_NEAREST;NOT_REJECTED;NOT_USPS_VALIDITY;NO_INVENTORY
28330,ZCTA_NEAREST_ACTIVE_OUTLET,NC0015,015,5.786,ZCTA_NN;R6371;TIE_FIRST_LEX,ZCTA_NN_HAVERSINE;NOT_ELIGIBILITY;NOT_USPS_VALIDITY;NO_INVENTORY
28331,ZCTA_NEAREST_ACTIVE_OUTLET,NC0037,007,12.508,ZCTA_NN;R6371;TIE_FIRST_LEX,ZCTA_NN_HAVERSINE;NOT_ELIGIBILITY;NOT_USPS_VALIDITY;NO_INVENTORY
28332,ZCTA_NEAREST_ACTIVE_OUTLET,NC0017,002,9.304,ZCTA_NN;R6371;TIE_FIRST_LEX,ZCTA_NN_HAVERSINE;NOT_ELIGIBILITY;NOT_USPS_VALIDITY;NO_INVENTORY
28333,ZCTA_NEAREST_ACTIVE_OUTLET,NC0065,008,11.024,ZCTA_NN;R6371;TIE_FIRST_LEX,ZCTA_NN_HAVERSINE;NOT_ELIGIBILITY;NOT_USPS_VALIDITY;NO_INVENTORY
28334,EXACT_IMLS_OUTLET_ZIP,NC0037,007,,EXACT_OUTLET;TIE_FSCSKEY_SEQ,EXACT_OUTLET;NOT_USPS_VALIDITY;NO_INVENTORY
28335,OBSERVED_REFERENCE_INDIRECT_ONLY,,,,INDIRECT_IMLS_SC;NO_FABRICATED_NEAREST,INDIRECT_IMLS_SC;NO_FABRICATED_NEAREST;NOT_REJECTED;NOT_USPS_VALIDITY;NO_INVENTORY
28337,EXACT_IMLS_OUTLET_ZIP,NC0017,002,,EXACT_OUTLET;TIE_FSCSKEY_SEQ,EXACT_OUTLET;NOT_USPS_VALIDITY;NO_INVENTORY
28338,EXACT_IMLS_OUTLET_ZIP,NC0015,014,,EXACT_OUTLET;TIE_FSCSKEY_SEQ,EXACT_OUTLET;NOT_USPS_VALIDITY;NO_INVENTORY
28339,EXACT_IMLS_OUTLET_ZIP,NC0037,006,,EXACT_OUTLET;TIE_FSCSKEY_SEQ,EXACT_OUTLET;NOT_USPS_VALIDITY;NO_INVENTORY
28340,EXACT_IMLS_OUTLET_ZIP,NC0053,004,,EXACT_OUTLET;TIE_FSCSKEY_SEQ,EXACT_OUTLET;NOT_USPS_VALIDITY;NO_INVENTORY
28341,EXACT_IMLS_OUTLET_ZIP,NC0029,003,,EXACT_OUTLET;TIE_FSCSKEY_SEQ,EXACT_OUTLET;NOT_USPS_VALIDITY;NO_INVENTORY
28342,ZCTA_NEAREST_ACTIVE_OUTLET,NC0037,007,13.902,ZCTA_NN;R6371;TIE_FIRST_LEX,ZCTA_NN_HAVERSINE;NOT_ELIGIBILITY;NOT_USPS_VALIDITY;NO_INVENTORY
28343,ZCTA_NEAREST_ACTIVE_OUTLET,NC0058,002,9.259,ZCTA_NN;R6371;TIE_FIRST_LEX,ZCTA_NN_HAVERSINE;NOT_ELIGIBILITY;NOT_USPS_VALIDITY;NO_INVENTORY
28344,ZCTA_NEAREST_ACTIVE_OUTLET,NC0037,007,15.407,ZCTA_NN;R6371;TIE_FIRST_LEX,ZCTA_NN_HAVERSINE;NOT_ELIGIBILITY;NOT_USPS_VALIDITY;NO_INVENTORY
28345,EXACT_IMLS_OUTLET_ZIP,NC0015,013,,EXACT_OUTLET;TIE_FSCSKEY_SEQ,EXACT_OUTLET;NOT_USPS_VALIDITY;NO_INVENTORY
28347,ZCTA_NEAREST_ACTIVE_OUTLET,NC0015,011,10.354,ZCTA_NN;R6371;TIE_FIRST_LEX,ZCTA_NN_HAVERSINE;NOT_ELIGIBILITY;NOT_USPS_VALIDITY;NO_INVENTORY
28348,EXACT_IMLS_OUTLET_ZIP,NC0026,007,,EXACT_OUTLET;TIE_FSCSKEY_SEQ,EXACT_OUTLET;NOT_USPS_VALIDITY;NO_INVENTORY
28349,EXACT_IMLS_OUTLET_ZIP,NC0029,002,,EXACT_OUTLET;TIE_FSCSKEY_SEQ,EXACT_OUTLET;NOT_USPS_VALIDITY;NO_INVENTORY
28350,ZCTA_NEAREST_ACTIVE_OUTLET,NC0015,018,3.171,ZCTA_NN;R6371;TIE_FIRST_LEX,ZCTA_NN_HAVERSINE;NOT_ELIGIBILITY;NOT_USPS_VALIDITY;NO_INVENTORY
28351,ZCTA_NEAREST_ACTIVE_OUTLET,NC0015,013,12.376,ZCTA_NN;R6371;TIE_FIRST_LEX,ZCTA_NN_HAVERSINE;NOT_ELIGIBILITY;NOT_USPS_VALIDITY;NO_INVENTORY
28352,EXACT_IMLS_OUTLET_ZIP,NC0058,002,,EXACT_OUTLET;TIE_FSCSKEY_SEQ,EXACT_OUTLET;NOT_USPS_VALIDITY;NO_INVENTORY
28353,OBSERVED_REFERENCE_INDIRECT_ONLY,,,,INDIRECT_IMLS_SC;NO_FABRICATED_NEAREST,INDIRECT_IMLS_SC;NO_FABRICATED_NEAREST;NOT_REJECTED;NOT_USPS_VALIDITY;NO_INVENTORY
28355,ZCTA_NEAREST_ACTIVE_OUTLET,NC0037,010,9.753,ZCTA_NN;R6371;TIE_FIRST_LEX,ZCTA_NN_HAVERSINE;NOT_ELIGIBILITY;NOT_USPS_VALIDITY;NO_INVENTORY
28356,ZCTA_NEAREST_ACTIVE_OUTLET,NC0037,008,12.554,ZCTA_NN;R6371;TIE_FIRST_LEX,ZCTA_NN_HAVERSINE;NOT_ELIGIBILITY;NOT_USPS_VALIDITY;NO_INVENTORY
28357,ZCTA_NEAREST_ACTIVE_OUTLET,NC0026,014,12.838,ZCTA_NN;R6371;TIE_FIRST_LEX,ZCTA_NN_HAVERSINE;NOT_ELIGIBILITY;NOT_USPS_VALIDITY;NO_INVENTORY
28358,EXACT_IMLS_OUTLET_ZIP,NC0053,002,,EXACT_OUTLET;TIE_FSCSKEY_SEQ,EXACT_OUTLET;NOT_USPS_VALIDITY;NO_INVENTORY
28359,ZCTA_NEAREST_ACTIVE_OUTLET,NC0053,002,5.485,ZCTA_NN;R6371;TIE_FIRST_LEX,ZCTA_NN_HAVERSINE;NOT_ELIGIBILITY;NOT_USPS_VALIDITY;NO_INVENTORY
28360,ZCTA_NEAREST_ACTIVE_OUTLET,NC0053,002,8.499,ZCTA_NN;R6371;TIE_FIRST_LEX,ZCTA_NN_HAVERSINE;NOT_ELIGIBILITY;NOT_USPS_VALIDITY;NO_INVENTORY
28362,ZCTA_NEAREST_ACTIVE_OUTLET,SC0016,003,4.573,ZCTA_NN;R6371;TIE_FIRST_LEX,ZCTA_NN_HAVERSINE;NOT_ELIGIBILITY;NOT_USPS_VALIDITY;NO_INVENTORY
28363,ZCTA_NEAREST_ACTIVE_OUTLET,NC0015,013,17.325,ZCTA_NN;R6371;TIE_FIRST_LEX,ZCTA_NN_HAVERSINE;NOT_ELIGIBILITY;NOT_USPS_VALIDITY;NO_INVENTORY
28364,EXACT_IMLS_OUTLET_ZIP,NC0053,003,,EXACT_OUTLET;TIE_FSCSKEY_SEQ,EXACT_OUTLET;NOT_USPS_VALIDITY;NO_INVENTORY
28365,EXACT_IMLS_OUTLET_ZIP,NC0065,008,,EXACT_OUTLET;TIE_FSCSKEY_SEQ,EXACT_OUTLET;NOT_USPS_VALIDITY;NO_INVENTORY
28366,EXACT_IMLS_OUTLET_ZIP,NC0057,003,,EXACT_OUTLET;TIE_FSCSKEY_SEQ,EXACT_OUTLET;NOT_USPS_VALIDITY;NO_INVENTORY
28367,ZCTA_NEAREST_ACTIVE_OUTLET,NC0015,014,11.250,ZCTA_NN;R6371;TIE_FIRST_LEX,ZCTA_NN_HAVERSINE;NOT_ELIGIBILITY;NOT_USPS_VALIDITY;NO_INVENTORY
28368,ZCTA_NEAREST_ACTIVE_OUTLET,NC0037,010,2.011,ZCTA_NN;R6371;TIE_FIRST_LEX,ZCTA_NN_HAVERSINE;NOT_ELIGIBILITY;NOT_USPS_VALIDITY;NO_INVENTORY
28369,ZCTA_NEAREST_ACTIVE_OUTLET,NC0053,004,10.884,ZCTA_NN;R6371;TIE_FIRST_LEX,ZCTA_NN_HAVERSINE;NOT_ELIGIBILITY;NOT_USPS_VALIDITY;NO_INVENTORY
28370,EXACT_IMLS_SYSTEM_ZIP,NC0112,,,EXACT_SYSTEM;TIE_FSCSKEY,EXACT_SYSTEM_ADMIN;NOT_NEARBY_OUTLET;NOT_USPS_VALIDITY;NO_INVENTORY
28371,ZCTA_NEAREST_ACTIVE_OUTLET,NC0026,007,7.352,ZCTA_NN;R6371;TIE_FIRST_LEX,ZCTA_NN_HAVERSINE;NOT_ELIGIBILITY;NOT_USPS_VALIDITY;NO_INVENTORY
28372,EXACT_IMLS_OUTLET_ZIP,NC0053,007,,EXACT_OUTLET;TIE_FSCSKEY_SEQ,EXACT_OUTLET;NOT_USPS_VALIDITY;NO_INVENTORY
28373,EXACT_IMLS_OUTLET_ZIP,NC0015,011,,EXACT_OUTLET;TIE_FSCSKEY_SEQ,EXACT_OUTLET;NOT_USPS_VALIDITY;NO_INVENTORY
28374,EXACT_IMLS_OUTLET_ZIP,NC0112,001,,EXACT_OUTLET;TIE_FSCSKEY_SEQ,EXACT_OUTLET;NOT_USPS_VALIDITY;NO_INVENTORY
28375,ZCTA_NEAREST_ACTIVE_OUTLET,NC0053,004,6.780,ZCTA_NN;R6371;TIE_FIRST_LEX,ZCTA_NN_HAVERSINE;NOT_ELIGIBILITY;NOT_USPS_VALIDITY;NO_INVENTORY
28376,EXACT_IMLS_OUTLET_ZIP,NC0015,003,,EXACT_OUTLET;TIE_FSCSKEY_SEQ,EXACT_OUTLET;NOT_USPS_VALIDITY;NO_INVENTORY
28377,EXACT_IMLS_OUTLET_ZIP,NC0053,009,,EXACT_OUTLET;TIE_FSCSKEY_SEQ,EXACT_OUTLET;NOT_USPS_VALIDITY;NO_INVENTORY
28378,ZCTA_NEAREST_ACTIVE_OUTLET,NC0053,006,9.109,ZCTA_NN;R6371;TIE_FIRST_LEX,ZCTA_NN_HAVERSINE;NOT_ELIGIBILITY;NOT_USPS_VALIDITY;NO_INVENTORY
28379,EXACT_IMLS_OUTLET_ZIP,NC0015,015,,EXACT_OUTLET;TIE_FSCSKEY_SEQ,EXACT_OUTLET;NOT_USPS_VALIDITY;NO_INVENTORY
28380,OBSERVED_REFERENCE_INDIRECT_ONLY,,,,INDIRECT_IMLS_SC;NO_FABRICATED_NEAREST,INDIRECT_IMLS_SC;NO_FABRICATED_NEAREST;NOT_REJECTED;NOT_USPS_VALIDITY;NO_INVENTORY
28382,EXACT_IMLS_OUTLET_ZIP,NC0057,006,,EXACT_OUTLET;TIE_FSCSKEY_SEQ,EXACT_OUTLET;NOT_USPS_VALIDITY;NO_INVENTORY
28383,EXACT_IMLS_OUTLET_ZIP,NC0053,005,,EXACT_OUTLET;TIE_FSCSKEY_SEQ,EXACT_OUTLET;NOT_USPS_VALIDITY;NO_INVENTORY
28384,EXACT_IMLS_OUTLET_ZIP,NC0053,006,,EXACT_OUTLET;TIE_FSCSKEY_SEQ,EXACT_OUTLET;NOT_USPS_VALIDITY;NO_INVENTORY
28385,ZCTA_NEAREST_ACTIVE_OUTLET,NC0057,006,10.999,ZCTA_NN;R6371;TIE_FIRST_LEX,ZCTA_NN_HAVERSINE;NOT_ELIGIBILITY;NOT_USPS_VALIDITY;NO_INVENTORY
28386,ZCTA_NEAREST_ACTIVE_OUTLET,NC0053,009,6.921,ZCTA_NN;R6371;TIE_FIRST_LEX,ZCTA_NN_HAVERSINE;NOT_ELIGIBILITY;NOT_USPS_VALIDITY;NO_INVENTORY
28387,EXACT_IMLS_OUTLET_ZIP,NC0093,002,,EXACT_OUTLET;TIE_FSCSKEY_SEQ,EXACT_OUTLET;NOT_USPS_VALIDITY;NO_INVENTORY
28388,OBSERVED_REFERENCE_INDIRECT_ONLY,,,,INDIRECT_IMLS_SC;NO_FABRICATED_NEAREST,INDIRECT_IMLS_SC;NO_FABRICATED_NEAREST;NOT_REJECTED;NOT_USPS_VALIDITY;NO_INVENTORY
28390,EXACT_IMLS_OUTLET_ZIP,NC0026,006,,EXACT_OUTLET;TIE_FSCSKEY_SEQ,EXACT_OUTLET;NOT_USPS_VALIDITY;NO_INVENTORY
28391,ZCTA_NEAREST_ACTIVE_OUTLET,NC0026,012,5.639,ZCTA_NN;R6371;TIE_FIRST_LEX,ZCTA_NN_HAVERSINE;NOT_ELIGIBILITY;NOT_USPS_VALIDITY;NO_INVENTORY
28392,ZCTA_NEAREST_ACTIVE_OUTLET,NC0053,006,18.128,ZCTA_NN;R6371;TIE_FIRST_LEX,ZCTA_NN_HAVERSINE;NOT_ELIGIBILITY;NOT_USPS_VALIDITY;NO_INVENTORY
28393,ZCTA_NEAREST_ACTIVE_OUTLET,NC0029,006,9.175,ZCTA_NN;R6371;TIE_FIRST_LEX,ZCTA_NN_HAVERSINE;NOT_ELIGIBILITY;NOT_USPS_VALIDITY;NO_INVENTORY
28394,EXACT_IMLS_OUTLET_ZIP,NC0015,018,,EXACT_OUTLET;TIE_FSCSKEY_SEQ,EXACT_OUTLET;NOT_USPS_VALIDITY;NO_INVENTORY
28395,ZCTA_NEAREST_ACTIVE_OUTLET,NC0026,012,10.871,ZCTA_NN;R6371;TIE_FIRST_LEX,ZCTA_NN_HAVERSINE;NOT_ELIGIBILITY;NOT_USPS_VALIDITY;NO_INVENTORY
28396,ZCTA_NEAREST_ACTIVE_OUTLET,NC0015,003,17.559,ZCTA_NN;R6371;TIE_FIRST_LEX,ZCTA_NN_HAVERSINE;NOT_ELIGIBILITY;NOT_USPS_VALIDITY;NO_INVENTORY
28398,EXACT_IMLS_OUTLET_ZIP,NC0029,006,,EXACT_OUTLET;TIE_FSCSKEY_SEQ,EXACT_OUTLET;NOT_USPS_VALIDITY;NO_INVENTORY
28399,ZCTA_NEAREST_ACTIVE_OUTLET,NC0017,002,18.828,ZCTA_NN;R6371;TIE_FIRST_LEX,ZCTA_NN_HAVERSINE;NOT_ELIGIBILITY;NOT_USPS_VALIDITY;NO_INVENTORY
28401,EXACT_IMLS_OUTLET_ZIP,NC0047,001,,EXACT_OUTLET;TIE_FSCSKEY_SEQ,EXACT_OUTLET;NOT_USPS_VALIDITY;NO_INVENTORY
28402,OBSERVED_REFERENCE_INDIRECT_ONLY,,,,INDIRECT_IMLS_SC;NO_FABRICATED_NEAREST,INDIRECT_IMLS_SC;NO_FABRICATED_NEAREST;NOT_REJECTED;NOT_USPS_VALIDITY;NO_INVENTORY
28403,ZCTA_NEAREST_ACTIVE_OUTLET,NC0047,009,4.921,ZCTA_NN;R6371;TIE_FIRST_LEX,ZCTA_NN_HAVERSINE;NOT_ELIGIBILITY;NOT_USPS_VALIDITY;NO_INVENTORY
28404,OBSERVED_REFERENCE_INDIRECT_ONLY,,,,INDIRECT_IMLS_SC;NO_FABRICATED_NEAREST,INDIRECT_IMLS_SC;NO_FABRICATED_NEAREST;NOT_REJECTED;NOT_USPS_VALIDITY;NO_INVENTORY
28405,EXACT_IMLS_OUTLET_ZIP,NC0047,009,,EXACT_OUTLET;TIE_FSCSKEY_SEQ,EXACT_OUTLET;NOT_USPS_VALIDITY;NO_INVENTORY
28406,OBSERVED_REFERENCE_INDIRECT_ONLY,,,,INDIRECT_IMLS_SC;NO_FABRICATED_NEAREST,INDIRECT_IMLS_SC;NO_FABRICATED_NEAREST;NOT_REJECTED;NOT_USPS_VALIDITY;NO_INVENTORY
28408,OBSERVED_REFERENCE_INDIRECT_ONLY,,,,INDIRECT_IMLS_SC;NO_FABRICATED_NEAREST,INDIRECT_IMLS_SC;NO_FABRICATED_NEAREST;NOT_REJECTED;NOT_USPS_VALIDITY;NO_INVENTORY
28409,ZCTA_NEAREST_ACTIVE_OUTLET,NC0047,011,3.842,ZCTA_NN;R6371;TIE_FIRST_LEX,ZCTA_NN_HAVERSINE;NOT_ELIGIBILITY;NOT_USPS_VALIDITY;NO_INVENTORY
28411,ZCTA_NEAREST_ACTIVE_OUTLET,NC0047,009,8.273,ZCTA_NN;R6371;TIE_FIRST_LEX,ZCTA_NN_HAVERSINE;NOT_ELIGIBILITY;NOT_USPS_VALIDITY;NO_INVENTORY
28412,EXACT_IMLS_OUTLET_ZIP,NC0047,011,,EXACT_OUTLET;TIE_FSCSKEY_SEQ,EXACT_OUTLET;NOT_USPS_VALIDITY;NO_INVENTORY
28420,ZCTA_NEAREST_ACTIVE_OUTLET,NC0018,004,11.995,ZCTA_NN;R6371;TIE_FIRST_LEX,ZCTA_NN_HAVERSINE;NOT_ELIGIBILITY;NOT_USPS_VALIDITY;NO_INVENTORY
28421,ZCTA_NEAREST_ACTIVE_OUTLET,NC0025,003,18.963,ZCTA_NN;R6371;TIE_FIRST_LEX,ZCTA_NN_HAVERSINE;NOT_ELIGIBILITY;NOT_USPS_VALIDITY;NO_INVENTORY
28422,ZCTA_NEAREST_ACTIVE_OUTLET,NC0018,005,19.331,ZCTA_NN;R6371;TIE_FIRST_LEX,ZCTA_NN_HAVERSINE;NOT_ELIGIBILITY;NOT_USPS_VALIDITY;NO_INVENTORY
28423,ZCTA_NEAREST_ACTIVE_OUTLET,NC0025,009,12.258,ZCTA_NN;R6371;TIE_FIRST_LEX,ZCTA_NN_HAVERSINE;NOT_ELIGIBILITY;NOT_USPS_VALIDITY;NO_INVENTORY
28424,ZCTA_NEAREST_ACTIVE_OUTLET,NC0025,006,5.024,ZCTA_NN;R6371;TIE_FIRST_LEX,ZCTA_NN_HAVERSINE;NOT_ELIGIBILITY;NOT_USPS_VALIDITY;NO_INVENTORY
28425,EXACT_IMLS_OUTLET_ZIP,NC0049,002,,EXACT_OUTLET;TIE_FSCSKEY_SEQ,EXACT_OUTLET;NOT_USPS_VALIDITY;NO_INVENTORY
28428,EXACT_IMLS_OUTLET_ZIP,NC0047,003,,EXACT_OUTLET;TIE_FSCSKEY_SEQ,EXACT_OUTLET;NOT_USPS_VALIDITY;NO_INVENTORY
28429,ZCTA_NEAREST_ACTIVE_OUTLET,NC0047,001,12.281,ZCTA_NN;R6371;TIE_FIRST_LEX,ZCTA_NN_HAVERSINE;NOT_ELIGIBILITY;NOT_USPS_VALIDITY;NO_INVENTORY
28430,ZCTA_NEAREST_ACTIVE_OUTLET,NC0025,004,9.612,ZCTA_NN;R6371;TIE_FIRST_LEX,ZCTA_NN_HAVERSINE;NOT_ELIGIBILITY;NOT_USPS_VALIDITY;NO_INVENTORY
28431,EXACT_IMLS_OUTLET_ZIP,NC0025,010,,EXACT_OUTLET;TIE_FSCSKEY_SEQ,EXACT_OUTLET;NOT_USPS_VALIDITY;NO_INVENTORY
28432,ZCTA_NEAREST_ACTIVE_OUTLET,NC0025,005,11.079,ZCTA_NN;R6371;TIE_FIRST_LEX,ZCTA_NN_HAVERSINE;NOT_ELIGIBILITY;NOT_USPS_VALIDITY;NO_INVENTORY
28433,EXACT_IMLS_OUTLET_ZIP,NC0017,004,,EXACT_OUTLET;TIE_FSCSKEY_SEQ,EXACT_OUTLET;NOT_USPS_VALIDITY;NO_INVENTORY
28434,ZCTA_NEAREST_ACTIVE_OUTLET,NC0017,004,17.013,ZCTA_NN;R6371;TIE_FIRST_LEX,ZCTA_NN_HAVERSINE;NOT_ELIGIBILITY;NOT_USPS_VALIDITY;NO_INVENTORY
28435,ZCTA_NEAREST_ACTIVE_OUTLET,NC0025,003,13.050,ZCTA_NN;R6371;TIE_FIRST_LEX,ZCTA_NN_HAVERSINE;NOT_ELIGIBILITY;NOT_USPS_VALIDITY;NO_INVENTORY
28436,ZCTA_NEAREST_ACTIVE_OUTLET,NC0025,003,11.787,ZCTA_NN;R6371;TIE_FIRST_LEX,ZCTA_NN_HAVERSINE;NOT_ELIGIBILITY;NOT_USPS_VALIDITY;NO_INVENTORY
28438,ZCTA_NEAREST_ACTIVE_OUTLET,NC0025,010,13.355,ZCTA_NN;R6371;TIE_FIRST_LEX,ZCTA_NN_HAVERSINE;NOT_ELIGIBILITY;NOT_USPS_VALIDITY;NO_INVENTORY
28439,EXACT_IMLS_OUTLET_ZIP,NC0025,004,,EXACT_OUTLET;TIE_FSCSKEY_SEQ,EXACT_OUTLET;NOT_USPS_VALIDITY;NO_INVENTORY
28441,EXACT_IMLS_OUTLET_ZIP,NC0057,005,,EXACT_OUTLET;TIE_FSCSKEY_SEQ,EXACT_OUTLET;NOT_USPS_VALIDITY;NO_INVENTORY
28442,ZCTA_NEAREST_ACTIVE_OUTLET,NC0025,009,7.367,ZCTA_NN;R6371;TIE_FIRST_LEX,ZCTA_NN_HAVERSINE;NOT_ELIGIBILITY;NOT_USPS_VALIDITY;NO_INVENTORY
28443,EXACT_IMLS_OUTLET_ZIP,NC0049,003,,EXACT_OUTLET;TIE_FSCSKEY_SEQ,EXACT_OUTLET;NOT_USPS_VALIDITY;NO_INVENTORY
28444,ZCTA_NEAREST_ACTIVE_OUTLET,NC0057,005,12.872,ZCTA_NN;R6371;TIE_FIRST_LEX,ZCTA_NN_HAVERSINE;NOT_ELIGIBILITY;NOT_USPS_VALIDITY;NO_INVENTORY
28445,ZCTA_NEAREST_ACTIVE_OUTLET,NC0048,004,9.241,ZCTA_NN;R6371;TIE_FIRST_LEX,ZCTA_NN_HAVERSINE;NOT_ELIGIBILITY;NOT_USPS_VALIDITY;NO_INVENTORY
28447,ZCTA_NEAREST_ACTIVE_OUTLET,NC0057,005,21.485,ZCTA_NN;R6371;TIE_FIRST_LEX,ZCTA_NN_HAVERSINE;NOT_ELIGIBILITY;NOT_USPS_VALIDITY;NO_INVENTORY
28448,ZCTA_NEAREST_ACTIVE_OUTLET,NC0025,003,22.958,ZCTA_NN;R6371;TIE_FIRST_LEX,ZCTA_NN_HAVERSINE;NOT_ELIGIBILITY;NOT_USPS_VALIDITY;NO_INVENTORY
28449,ZCTA_NEAREST_ACTIVE_OUTLET,NC0018,002,9.467,ZCTA_NN;R6371;TIE_FIRST_LEX,ZCTA_NN_HAVERSINE;NOT_ELIGIBILITY;NOT_USPS_VALIDITY;NO_INVENTORY
28450,EXACT_IMLS_OUTLET_ZIP,NC0025,009,,EXACT_OUTLET;TIE_FSCSKEY_SEQ,EXACT_OUTLET;NOT_USPS_VALIDITY;NO_INVENTORY
28451,EXACT_IMLS_OUTLET_ZIP,NC0018,003,,EXACT_OUTLET;TIE_FSCSKEY_SEQ,EXACT_OUTLET;NOT_USPS_VALIDITY;NO_INVENTORY
28452,ZCTA_NEAREST_ACTIVE_OUTLET,NC0018,006,9.419,ZCTA_NN;R6371;TIE_FIRST_LEX,ZCTA_NN_HAVERSINE;NOT_ELIGIBILITY;NOT_USPS_VALIDITY;NO_INVENTORY
28453,ZCTA_NEAREST_ACTIVE_OUTLET,NC0029,005,6.765,ZCTA_NN;R6371;TIE_FIRST_LEX,ZCTA_NN_HAVERSINE;NOT_ELIGIBILITY;NOT_USPS_VALIDITY;NO_INVENTORY
28454,ZCTA_NEAREST_ACTIVE_OUTLET,NC0048,002,24.418,ZCTA_NN;R6371;TIE_FIRST_LEX,ZCTA_NN_HAVERSINE;NOT_ELIGIBILITY;NOT_USPS_VALIDITY;NO_INVENTORY
28455,ZCTA_NEAREST_ACTIVE_OUTLET,NC0018,006,21.588,ZCTA_NN;R6371;TIE_FIRST_LEX,ZCTA_NN_HAVERSINE;NOT_ELIGIBILITY;NOT_USPS_VALIDITY;NO_INVENTORY
28456,EXACT_IMLS_OUTLET_ZIP,NC0025,003,,EXACT_OUTLET;TIE_FSCSKEY_SEQ,EXACT_OUTLET;NOT_USPS_VALIDITY;NO_INVENTORY
28457,ZCTA_NEAREST_ACTIVE_OUTLET,NC0049,002,12.369,ZCTA_NN;R6371;TIE_FIRST_LEX,ZCTA_NN_HAVERSINE;NOT_ELIGIBILITY;NOT_USPS_VALIDITY;NO_INVENTORY
28458,EXACT_IMLS_OUTLET_ZIP,NC0029,005,,EXACT_OUTLET;TIE_FSCSKEY_SEQ,EXACT_OUTLET;NOT_USPS_VALIDITY;NO_INVENTORY
28459,EXACT_IMLS_OUTLET_ZIP,NC0018,004,,EXACT_OUTLET;TIE_FSCSKEY_SEQ,EXACT_OUTLET;NOT_USPS_VALIDITY;NO_INVENTORY
28460,EXACT_IMLS_OUTLET_ZIP,NC0048,004,,EXACT_OUTLET;TIE_FSCSKEY_SEQ,EXACT_OUTLET;NOT_USPS_VALIDITY;NO_INVENTORY
28461,EXACT_IMLS_OUTLET_ZIP,NC0018,002,,EXACT_OUTLET;TIE_FSCSKEY_SEQ,EXACT_OUTLET;NOT_USPS_VALIDITY;NO_INVENTORY
28462,ZCTA_NEAREST_ACTIVE_OUTLET,NC0018,004,8.638,ZCTA_NN;R6371;TIE_FIRST_LEX,ZCTA_NN_HAVERSINE;NOT_ELIGIBILITY;NOT_USPS_VALIDITY;NO_INVENTORY
28463,EXACT_IMLS_OUTLET_ZIP,NC0025,005,,EXACT_OUTLET;TIE_FSCSKEY_SEQ,EXACT_OUTLET;NOT_USPS_VALIDITY;NO_INVENTORY
28464,ZCTA_NEAREST_ACTIVE_OUTLET,NC0029,005,4.868,ZCTA_NN;R6371;TIE_FIRST_LEX,ZCTA_NN_HAVERSINE;NOT_ELIGIBILITY;NOT_USPS_VALIDITY;NO_INVENTORY
28465,EXACT_IMLS_OUTLET_ZIP,NC0018,005,,EXACT_OUTLET;TIE_FSCSKEY_SEQ,EXACT_OUTLET;NOT_USPS_VALIDITY;NO_INVENTORY
28466,ZCTA_NEAREST_ACTIVE_OUTLET,NC0029,005,16.309,ZCTA_NN;R6371;TIE_FIRST_LEX,ZCTA_NN_HAVERSINE;NOT_ELIGIBILITY;NOT_USPS_VALIDITY;NO_INVENTORY
28467,EXACT_IMLS_OUTLET_ZIP,NC0018,006,,EXACT_OUTLET;TIE_FSCSKEY_SEQ,EXACT_OUTLET;NOT_USPS_VALIDITY;NO_INVENTORY
28468,ZCTA_NEAREST_ACTIVE_OUTLET,NC0018,006,6.117,ZCTA_NN;R6371;TIE_FIRST_LEX,ZCTA_NN_HAVERSINE;NOT_ELIGIBILITY;NOT_USPS_VALIDITY;NO_INVENTORY
28469,ZCTA_NEAREST_ACTIVE_OUTLET,NC0018,004,7.948,ZCTA_NN;R6371;TIE_FIRST_LEX,ZCTA_NN_HAVERSINE;NOT_ELIGIBILITY;NOT_USPS_VALIDITY;NO_INVENTORY
28470,ZCTA_NEAREST_ACTIVE_OUTLET,NC0018,004,0.164,ZCTA_NN;R6371;TIE_FIRST_LEX,ZCTA_NN_HAVERSINE;NOT_ELIGIBILITY;NOT_USPS_VALIDITY;NO_INVENTORY
28472,EXACT_IMLS_OUTLET_ZIP,NC0025,006,,EXACT_OUTLET;TIE_FSCSKEY_SEQ,EXACT_OUTLET;NOT_USPS_VALIDITY;NO_INVENTORY
28478,ZCTA_NEAREST_ACTIVE_OUTLET,NC0049,002,14.094,ZCTA_NN;R6371;TIE_FIRST_LEX,ZCTA_NN_HAVERSINE;NOT_ELIGIBILITY;NOT_USPS_VALIDITY;NO_INVENTORY
28479,ZCTA_NEAREST_ACTIVE_OUTLET,NC0047,003,11.927,ZCTA_NN;R6371;TIE_FIRST_LEX,ZCTA_NN_HAVERSINE;NOT_ELIGIBILITY;NOT_USPS_VALIDITY;NO_INVENTORY
28480,ZCTA_NEAREST_ACTIVE_OUTLET,NC0047,009,3.299,ZCTA_NN;R6371;TIE_FIRST_LEX,ZCTA_NN_HAVERSINE;NOT_ELIGIBILITY;NOT_USPS_VALIDITY;NO_INVENTORY
28501,EXACT_IMLS_OUTLET_ZIP,NC0012,001,,EXACT_OUTLET;TIE_FSCSKEY_SEQ,EXACT_OUTLET;NOT_USPS_VALIDITY;NO_INVENTORY
28502,OBSERVED_REFERENCE_INDIRECT_ONLY,,,,INDIRECT_IMLS_SC;NO_FABRICATED_NEAREST,INDIRECT_IMLS_SC;NO_FABRICATED_NEAREST;NOT_REJECTED;NOT_USPS_VALIDITY;NO_INVENTORY
28503,OBSERVED_REFERENCE_INDIRECT_ONLY,,,,INDIRECT_IMLS_SC;NO_FABRICATED_NEAREST,INDIRECT_IMLS_SC;NO_FABRICATED_NEAREST;NOT_REJECTED;NOT_USPS_VALIDITY;NO_INVENTORY
28504,ZCTA_NEAREST_ACTIVE_OUTLET,NC0012,001,6.567,ZCTA_NN;R6371;TIE_FIRST_LEX,ZCTA_NN_HAVERSINE;NOT_ELIGIBILITY;NOT_USPS_VALIDITY;NO_INVENTORY
28508,EXACT_IMLS_OUTLET_ZIP,NC0029,008,,EXACT_OUTLET;TIE_FSCSKEY_SEQ,EXACT_OUTLET;NOT_USPS_VALIDITY;NO_INVENTORY
28509,ZCTA_NEAREST_ACTIVE_OUTLET,NC0006,009,2.416,ZCTA_NN;R6371;TIE_FIRST_LEX,ZCTA_NN_HAVERSINE;NOT_ELIGIBILITY;NOT_USPS_VALIDITY;NO_INVENTORY
28510,ZCTA_NEAREST_ACTIVE_OUTLET,NC0006,006,14.860,ZCTA_NN;R6371;TIE_FIRST_LEX,ZCTA_NN_HAVERSINE;NOT_ELIGIBILITY;NOT_USPS_VALIDITY;NO_INVENTORY
28511,ZCTA_NEAREST_ACTIVE_OUTLET,NC0113,003,27.038,ZCTA_NN;R6371;TIE_FIRST_LEX,ZCTA_NN_HAVERSINE;NOT_ELIGIBILITY;NOT_USPS_VALIDITY;NO_INVENTORY
28512,EXACT_IMLS_OUTLET_ZIP,NC0113,001,,EXACT_OUTLET;TIE_FSCSKEY_SEQ,EXACT_OUTLET;NOT_USPS_VALIDITY;NO_INVENTORY
28513,ZCTA_NEAREST_ACTIVE_OUTLET,NC0050,006,9.509,ZCTA_NN;R6371;TIE_FIRST_LEX,ZCTA_NN_HAVERSINE;NOT_ELIGIBILITY;NOT_USPS_VALIDITY;NO_INVENTORY
28515,EXACT_IMLS_OUTLET_ZIP,NC0006,009,,EXACT_OUTLET;TIE_FSCSKEY_SEQ,EXACT_OUTLET;NOT_USPS_VALIDITY;NO_INVENTORY
28516,EXACT_IMLS_OUTLET_ZIP,NC0113,002,,EXACT_OUTLET;TIE_FSCSKEY_SEQ,EXACT_OUTLET;NOT_USPS_VALIDITY;NO_INVENTORY
28518,EXACT_IMLS_OUTLET_ZIP,NC0029,004,,EXACT_OUTLET;TIE_FSCSKEY_SEQ,EXACT_OUTLET;NOT_USPS_VALIDITY;NO_INVENTORY
28519,ZCTA_NEAREST_ACTIVE_OUTLET,NC0006,010,3.085,ZCTA_NN;R6371;TIE_FIRST_LEX,ZCTA_NN_HAVERSINE;NOT_ELIGIBILITY;NOT_USPS_VALIDITY;NO_INVENTORY
28520,ZCTA_NEAREST_ACTIVE_OUTLET,NC0113,003,30.416,ZCTA_NN;R6371;TIE_FIRST_LEX,ZCTA_NN_HAVERSINE;NOT_ELIGIBILITY;NOT_USPS_VALIDITY;NO_INVENTORY
28521,ZCTA_NEAREST_ACTIVE_OUTLET,NC0029,004,11.786,ZCTA_NN;R6371;TIE_FIRST_LEX,ZCTA_NN_HAVERSINE;NOT_ELIGIBILITY;NOT_USPS_VALIDITY;NO_INVENTORY
28523,EXACT_IMLS_OUTLET_ZIP,NC0006,005,,EXACT_OUTLET;TIE_FSCSKEY_SEQ,EXACT_OUTLET;NOT_USPS_VALIDITY;NO_INVENTORY
28524,ZCTA_NEAREST_ACTIVE_OUTLET,NC0113,003,11.115,ZCTA_NN;R6371;TIE_FIRST_LEX,ZCTA_NN_HAVERSINE;NOT_ELIGIBILITY;NOT_USPS_VALIDITY;NO_INVENTORY
28525,ZCTA_NEAREST_ACTIVE_OUTLET,NC0012,009,10.141,ZCTA_NN;R6371;TIE_FIRST_LEX,ZCTA_NN_HAVERSINE;NOT_ELIGIBILITY;NOT_USPS_VALIDITY;NO_INVENTORY
28526,ZCTA_NEAREST_ACTIVE_OUTLET,NC0006,005,10.227,ZCTA_NN;R6371;TIE_FIRST_LEX,ZCTA_NN_HAVERSINE;NOT_ELIGIBILITY;NOT_USPS_VALIDITY;NO_INVENTORY
28527,ZCTA_NEAREST_ACTIVE_OUTLET,NC0006,008,13.150,ZCTA_NN;R6371;TIE_FIRST_LEX,ZCTA_NN_HAVERSINE;NOT_ELIGIBILITY;NOT_USPS_VALIDITY;NO_INVENTORY
28528,ZCTA_NEAREST_ACTIVE_OUTLET,NC0113,003,1.973,ZCTA_NN;R6371;TIE_FIRST_LEX,ZCTA_NN_HAVERSINE;NOT_ELIGIBILITY;NOT_USPS_VALIDITY;NO_INVENTORY
28529,ZCTA_NEAREST_ACTIVE_OUTLET,NC0006,009,10.032,ZCTA_NN;R6371;TIE_FIRST_LEX,ZCTA_NN_HAVERSINE;NOT_ELIGIBILITY;NOT_USPS_VALIDITY;NO_INVENTORY
28530,ZCTA_NEAREST_ACTIVE_OUTLET,NC0050,006,17.048,ZCTA_NN;R6371;TIE_FIRST_LEX,ZCTA_NN_HAVERSINE;NOT_ELIGIBILITY;NOT_USPS_VALIDITY;NO_INVENTORY
28531,ZCTA_NEAREST_ACTIVE_OUTLET,NC0113,003,5.514,ZCTA_NN;R6371;TIE_FIRST_LEX,ZCTA_NN_HAVERSINE;NOT_ELIGIBILITY;NOT_USPS_VALIDITY;NO_INVENTORY
28532,EXACT_IMLS_OUTLET_ZIP,NC0006,006,,EXACT_OUTLET;TIE_FSCSKEY_SEQ,EXACT_OUTLET;NOT_USPS_VALIDITY;NO_INVENTORY
28533,ZCTA_NEAREST_ACTIVE_OUTLET,NC0006,006,2.427,ZCTA_NN;R6371;TIE_FIRST_LEX,ZCTA_NN_HAVERSINE;NOT_ELIGIBILITY;NOT_USPS_VALIDITY;NO_INVENTORY
28537,ZCTA_NEAREST_ACTIVE_OUTLET,NC0004,004,21.589,ZCTA_NN;R6371;TIE_FIRST_LEX,ZCTA_NN_HAVERSINE;NOT_ELIGIBILITY;NOT_USPS_VALIDITY;NO_INVENTORY
28538,ZCTA_NEAREST_ACTIVE_OUTLET,NC0012,002,11.482,ZCTA_NN;R6371;TIE_FIRST_LEX,ZCTA_NN_HAVERSINE;NOT_ELIGIBILITY;NOT_USPS_VALIDITY;NO_INVENTORY
28539,ZCTA_NEAREST_ACTIVE_OUTLET,NC0048,005,6.775,ZCTA_NN;R6371;TIE_FIRST_LEX,ZCTA_NN_HAVERSINE;NOT_ELIGIBILITY;NOT_USPS_VALIDITY;NO_INVENTORY
28540,EXACT_IMLS_OUTLET_ZIP,NC0048,002,,EXACT_OUTLET;TIE_FSCSKEY_SEQ,EXACT_OUTLET;NOT_USPS_VALIDITY;NO_INVENTORY
28541,OBSERVED_REFERENCE_INDIRECT_ONLY,,,,INDIRECT_IMLS_SC;NO_FABRICATED_NEAREST,INDIRECT_IMLS_SC;NO_FABRICATED_NEAREST;NOT_REJECTED;NOT_USPS_VALIDITY;NO_INVENTORY
28542,ZCTA_NEAREST_ACTIVE_OUTLET,NC0048,002,6.487,ZCTA_NN;R6371;TIE_FIRST_LEX,ZCTA_NN_HAVERSINE;NOT_ELIGIBILITY;NOT_USPS_VALIDITY;NO_INVENTORY
28543,ZCTA_NEAREST_ACTIVE_OUTLET,NC0048,002,4.440,ZCTA_NN;R6371;TIE_FIRST_LEX,ZCTA_NN_HAVERSINE;NOT_ELIGIBILITY;NOT_USPS_VALIDITY;NO_INVENTORY
28544,ZCTA_NEAREST_ACTIVE_OUTLET,NC0048,005,13.042,ZCTA_NN;R6371;TIE_FIRST_LEX,ZCTA_NN_HAVERSINE;NOT_ELIGIBILITY;NOT_USPS_VALIDITY;NO_INVENTORY
28545,OBSERVED_REFERENCE_INDIRECT_ONLY,,,,INDIRECT_IMLS_SC;NO_FABRICATED_NEAREST,INDIRECT_IMLS_SC;NO_FABRICATED_NEAREST;NOT_REJECTED;NOT_USPS_VALIDITY;NO_INVENTORY
28546,ZCTA_NEAREST_ACTIVE_OUTLET,NC0048,002,6.172,ZCTA_NN;R6371;TIE_FIRST_LEX,ZCTA_NN_HAVERSINE;NOT_ELIGIBILITY;NOT_USPS_VALIDITY;NO_INVENTORY
28547,ZCTA_NEAREST_ACTIVE_OUTLET,NC0048,004,15.209,ZCTA_NN;R6371;TIE_FIRST_LEX,ZCTA_NN_HAVERSINE;NOT_ELIGIBILITY;NOT_USPS_VALIDITY;NO_INVENTORY
28551,EXACT_IMLS_OUTLET_ZIP,NC0012,008,,EXACT_OUTLET;TIE_FSCSKEY_SEQ,EXACT_OUTLET;NOT_USPS_VALIDITY;NO_INVENTORY
28552,ZCTA_NEAREST_ACTIVE_OUTLET,NC0004,004,21.172,ZCTA_NN;R6371;TIE_FIRST_LEX,ZCTA_NN_HAVERSINE;NOT_ELIGIBILITY;NOT_USPS_VALIDITY;NO_INVENTORY
28553,ZCTA_NEAREST_ACTIVE_OUTLET,NC0113,003,4.622,ZCTA_NN;R6371;TIE_FIRST_LEX,ZCTA_NN_HAVERSINE;NOT_ELIGIBILITY;NOT_USPS_VALIDITY;NO_INVENTORY
28554,ZCTA_NEAREST_ACTIVE_OUTLET,NC0012,002,8.708,ZCTA_NN;R6371;TIE_FIRST_LEX,ZCTA_NN_HAVERSINE;NOT_ELIGIBILITY;NOT_USPS_VALIDITY;NO_INVENTORY
28555,EXACT_IMLS_OUTLET_ZIP,NC0012,004,,EXACT_OUTLET;TIE_FSCSKEY_SEQ,EXACT_OUTLET;NOT_USPS_VALIDITY;NO_INVENTORY
28556,ZCTA_NEAREST_ACTIVE_OUTLET,NC0006,009,12.940,ZCTA_NN;R6371;TIE_FIRST_LEX,ZCTA_NN_HAVERSINE;NOT_ELIGIBILITY;NOT_USPS_VALIDITY;NO_INVENTORY
28557,ZCTA_NEAREST_ACTIVE_OUTLET,NC0113,001,8.356,ZCTA_NN;R6371;TIE_FIRST_LEX,ZCTA_NN_HAVERSINE;NOT_ELIGIBILITY;NOT_USPS_VALIDITY;NO_INVENTORY
28560,EXACT_IMLS_OUTLET_ZIP,NC0006,010,,EXACT_OUTLET;TIE_FSCSKEY_SEQ,EXACT_OUTLET;NOT_USPS_VALIDITY;NO_INVENTORY
28561,OBSERVED_REFERENCE_INDIRECT_ONLY,,,,INDIRECT_IMLS_SC;NO_FABRICATED_NEAREST,INDIRECT_IMLS_SC;NO_FABRICATED_NEAREST;NOT_REJECTED;NOT_USPS_VALIDITY;NO_INVENTORY
28562,EXACT_IMLS_OUTLET_ZIP,NC0006,016,,EXACT_OUTLET;TIE_FSCSKEY_SEQ,EXACT_OUTLET;NOT_USPS_VALIDITY;NO_INVENTORY
28563,OBSERVED_REFERENCE_INDIRECT_ONLY,,,,INDIRECT_IMLS_SC;NO_FABRICATED_NEAREST,INDIRECT_IMLS_SC;NO_FABRICATED_NEAREST;NOT_REJECTED;NOT_USPS_VALIDITY;NO_INVENTORY
28564,OBSERVED_REFERENCE_INDIRECT_ONLY,,,,INDIRECT_IMLS_SC;NO_FABRICATED_NEAREST,INDIRECT_IMLS_SC;NO_FABRICATED_NEAREST;NOT_REJECTED;NOT_USPS_VALIDITY;NO_INVENTORY
28570,EXACT_IMLS_OUTLET_ZIP,NC0113,004,,EXACT_OUTLET;TIE_FSCSKEY_SEQ,EXACT_OUTLET;NOT_USPS_VALIDITY;NO_INVENTORY
28571,ZCTA_NEAREST_ACTIVE_OUTLET,NC0006,009,12.799,ZCTA_NN;R6371;TIE_FIRST_LEX,ZCTA_NN_HAVERSINE;NOT_ELIGIBILITY;NOT_USPS_VALIDITY;NO_INVENTORY
28572,EXACT_IMLS_OUTLET_ZIP,NC0012,009,,EXACT_OUTLET;TIE_FSCSKEY_SEQ,EXACT_OUTLET;NOT_USPS_VALIDITY;NO_INVENTORY
28573,EXACT_IMLS_OUTLET_ZIP,NC0012,005,,EXACT_OUTLET;TIE_FSCSKEY_SEQ,EXACT_OUTLET;NOT_USPS_VALIDITY;NO_INVENTORY
28574,EXACT_IMLS_OUTLET_ZIP,NC0048,003,,EXACT_OUTLET;TIE_FSCSKEY_SEQ,EXACT_OUTLET;NOT_USPS_VALIDITY;NO_INVENTORY
28575,ZCTA_NEAREST_ACTIVE_OUTLET,NC0113,001,5.169,ZCTA_NN;R6371;TIE_FIRST_LEX,ZCTA_NN_HAVERSINE;NOT_ELIGIBILITY;NOT_USPS_VALIDITY;NO_INVENTORY
28577,ZCTA_NEAREST_ACTIVE_OUTLET,NC0113,003,25.399,ZCTA_NN;R6371;TIE_FIRST_LEX,ZCTA_NN_HAVERSINE;NOT_ELIGIBILITY;NOT_USPS_VALIDITY;NO_INVENTORY
28578,ZCTA_NEAREST_ACTIVE_OUTLET,NC0029,008,9.948,ZCTA_NN;R6371;TIE_FIRST_LEX,ZCTA_NN_HAVERSINE;NOT_ELIGIBILITY;NOT_USPS_VALIDITY;NO_INVENTORY
28579,ZCTA_NEAREST_ACTIVE_OUTLET,NC0113,003,10.224,ZCTA_NN;R6371;TIE_FIRST_LEX,ZCTA_NN_HAVERSINE;NOT_ELIGIBILITY;NOT_USPS_VALIDITY;NO_INVENTORY
28580,EXACT_IMLS_OUTLET_ZIP,NC0012,002,,EXACT_OUTLET;TIE_FSCSKEY_SEQ,EXACT_OUTLET;NOT_USPS_VALIDITY;NO_INVENTORY
28581,ZCTA_NEAREST_ACTIVE_OUTLET,NC0113,003,16.780,ZCTA_NN;R6371;TIE_FIRST_LEX,ZCTA_NN_HAVERSINE;NOT_ELIGIBILITY;NOT_USPS_VALIDITY;NO_INVENTORY
28582,ZCTA_NEAREST_ACTIVE_OUTLET,NC0048,005,4.713,ZCTA_NN;R6371;TIE_FIRST_LEX,ZCTA_NN_HAVERSINE;NOT_ELIGIBILITY;NOT_USPS_VALIDITY;NO_INVENTORY
28584,EXACT_IMLS_OUTLET_ZIP,NC0048,005,,EXACT_OUTLET;TIE_FSCSKEY_SEQ,EXACT_OUTLET;NOT_USPS_VALIDITY;NO_INVENTORY
28585,EXACT_IMLS_OUTLET_ZIP,NC0012,003,,EXACT_OUTLET;TIE_FSCSKEY_SEQ,EXACT_OUTLET;NOT_USPS_VALIDITY;NO_INVENTORY
28586,EXACT_IMLS_OUTLET_ZIP,NC0006,008,,EXACT_OUTLET;TIE_FSCSKEY_SEQ,EXACT_OUTLET;NOT_USPS_VALIDITY;NO_INVENTORY
28587,ZCTA_NEAREST_ACTIVE_OUTLET,NC0006,009,11.348,ZCTA_NN;R6371;TIE_FIRST_LEX,ZCTA_NN_HAVERSINE;NOT_ELIGIBILITY;NOT_USPS_VALIDITY;NO_INVENTORY
28589,ZCTA_NEAREST_ACTIVE_OUTLET,NC0113,003,9.060,ZCTA_NN;R6371;TIE_FIRST_LEX,ZCTA_NN_HAVERSINE;NOT_ELIGIBILITY;NOT_USPS_VALIDITY;NO_INVENTORY
28590,EXACT_IMLS_OUTLET_ZIP,NC0050,006,,EXACT_OUTLET;TIE_FSCSKEY_SEQ,EXACT_OUTLET;NOT_USPS_VALIDITY;NO_INVENTORY
28594,ZCTA_NEAREST_ACTIVE_OUTLET,NC0113,005,7.658,ZCTA_NN;R6371;TIE_FIRST_LEX,ZCTA_NN_HAVERSINE;NOT_ELIGIBILITY;NOT_USPS_VALIDITY;NO_INVENTORY
28601,EXACT_IMLS_OUTLET_ZIP,NC0016,004,,EXACT_OUTLET;TIE_FSCSKEY_SEQ,EXACT_OUTLET;NOT_USPS_VALIDITY;NO_INVENTORY
28602,EXACT_IMLS_OUTLET_ZIP,NC0023,007,,EXACT_OUTLET;TIE_FSCSKEY_SEQ,EXACT_OUTLET;NOT_USPS_VALIDITY;NO_INVENTORY
28603,OBSERVED_REFERENCE_INDIRECT_ONLY,,,,INDIRECT_IMLS_SC;NO_FABRICATED_NEAREST,INDIRECT_IMLS_SC;NO_FABRICATED_NEAREST;NOT_REJECTED;NOT_USPS_VALIDITY;NO_INVENTORY
28604,ZCTA_NEAREST_ACTIVE_OUTLET,NC0003,002,11.685,ZCTA_NN;R6371;TIE_FIRST_LEX,ZCTA_NN_HAVERSINE;NOT_ELIGIBILITY;NOT_USPS_VALIDITY;NO_INVENTORY
28605,ZCTA_NEAREST_ACTIVE_OUTLET,NC0002,005,10.100,ZCTA_NN;R6371;TIE_FIRST_LEX,ZCTA_NN_HAVERSINE;NOT_ELIGIBILITY;NOT_USPS_VALIDITY;NO_INVENTORY
28606,ZCTA_NEAREST_ACTIVE_OUTLET,NC0002,008,18.625,ZCTA_NN;R6371;TIE_FIRST_LEX,ZCTA_NN_HAVERSINE;NOT_ELIGIBILITY;NOT_USPS_VALIDITY;NO_INVENTORY
28607,EXACT_IMLS_OUTLET_ZIP,NC0002,005,,EXACT_OUTLET;TIE_FSCSKEY_SEQ,EXACT_OUTLET;NOT_USPS_VALIDITY;NO_INVENTORY
28609,ZCTA_NEAREST_ACTIVE_OUTLET,NC0023,009,8.991,ZCTA_NN;R6371;TIE_FIRST_LEX,ZCTA_NN_HAVERSINE;NOT_ELIGIBILITY;NOT_USPS_VALIDITY;NO_INVENTORY
28610,EXACT_IMLS_OUTLET_ZIP,NC0023,009,,EXACT_OUTLET;TIE_FSCSKEY_SEQ,EXACT_OUTLET;NOT_USPS_VALIDITY;NO_INVENTORY
28611,ZCTA_NEAREST_ACTIVE_OUTLET,NC0003,002,19.373,ZCTA_NN;R6371;TIE_FIRST_LEX,ZCTA_NN_HAVERSINE;NOT_ELIGIBILITY;NOT_USPS_VALIDITY;NO_INVENTORY
28612,ZCTA_NEAREST_ACTIVE_OUTLET,NC0020,003,10.371,ZCTA_NN;R6371;TIE_FIRST_LEX,ZCTA_NN_HAVERSINE;NOT_ELIGIBILITY;NOT_USPS_VALIDITY;NO_INVENTORY
28613,EXACT_IMLS_OUTLET_ZIP,NC0023,008,,EXACT_OUTLET;TIE_FSCSKEY_SEQ,EXACT_OUTLET;NOT_USPS_VALIDITY;NO_INVENTORY
28615,ZCTA_NEAREST_ACTIVE_OUTLET,TN0130,002,11.922,ZCTA_NN;R6371;TIE_FIRST_LEX,ZCTA_NN_HAVERSINE;NOT_ELIGIBILITY;NOT_USPS_VALIDITY;NO_INVENTORY
28616,ZCTA_NEAREST_ACTIVE_OUTLET,NC0003,002,7.446,ZCTA_NN;R6371;TIE_FIRST_LEX,ZCTA_NN_HAVERSINE;NOT_ELIGIBILITY;NOT_USPS_VALIDITY;NO_INVENTORY
28617,ZCTA_NEAREST_ACTIVE_OUTLET,NC0002,007,14.749,ZCTA_NN;R6371;TIE_FIRST_LEX,ZCTA_NN_HAVERSINE;NOT_ELIGIBILITY;NOT_USPS_VALIDITY;NO_INVENTORY
28618,ZCTA_NEAREST_ACTIVE_OUTLET,NC0002,005,15.121,ZCTA_NN;R6371;TIE_FIRST_LEX,ZCTA_NN_HAVERSINE;NOT_ELIGIBILITY;NOT_USPS_VALIDITY;NO_INVENTORY
28619,ZCTA_NEAREST_ACTIVE_OUTLET,NC0020,003,4.616,ZCTA_NN;R6371;TIE_FIRST_LEX,ZCTA_NN_HAVERSINE;NOT_ELIGIBILITY;NOT_USPS_VALIDITY;NO_INVENTORY
28621,EXACT_IMLS_OUTLET_ZIP,NC0013,008,,EXACT_OUTLET;TIE_FSCSKEY_SEQ,EXACT_OUTLET;NOT_USPS_VALIDITY;NO_INVENTORY
28622,ZCTA_NEAREST_ACTIVE_OUTLET,NC0003,002,12.017,ZCTA_NN;R6371;TIE_FIRST_LEX,ZCTA_NN_HAVERSINE;NOT_ELIGIBILITY;NOT_USPS_VALIDITY;NO_INVENTORY
28623,ZCTA_NEAREST_ACTIVE_OUTLET,NC0013,002,12.279,ZCTA_NN;R6371;TIE_FIRST_LEX,ZCTA_NN_HAVERSINE;NOT_ELIGIBILITY;NOT_USPS_VALIDITY;NO_INVENTORY
28624,ZCTA_NEAREST_ACTIVE_OUTLET,NC0022,002,24.080,ZCTA_NN;R6371;TIE_FIRST_LEX,ZCTA_NN_HAVERSINE;NOT_ELIGIBILITY;NOT_USPS_VALIDITY;NO_INVENTORY
28625,ZCTA_NEAREST_ACTIVE_OUTLET,NC0040,002,9.106,ZCTA_NN;R6371;TIE_FIRST_LEX,ZCTA_NN_HAVERSINE;NOT_ELIGIBILITY;NOT_USPS_VALIDITY;NO_INVENTORY
28626,ZCTA_NEAREST_ACTIVE_OUTLET,NC0002,007,12.189,ZCTA_NN;R6371;TIE_FIRST_LEX,ZCTA_NN_HAVERSINE;NOT_ELIGIBILITY;NOT_USPS_VALIDITY;NO_INVENTORY
28627,ZCTA_NEAREST_ACTIVE_OUTLET,NC0013,002,11.461,ZCTA_NN;R6371;TIE_FIRST_LEX,ZCTA_NN_HAVERSINE;NOT_ELIGIBILITY;NOT_USPS_VALIDITY;NO_INVENTORY
28628,ZCTA_NEAREST_ACTIVE_OUTLET,NC0020,002,8.373,ZCTA_NN;R6371;TIE_FIRST_LEX,ZCTA_NN_HAVERSINE;NOT_ELIGIBILITY;NOT_USPS_VALIDITY;NO_INVENTORY
28629,ZCTA_NEAREST_ACTIVE_OUTLET,NC0002,007,13.181,ZCTA_NN;R6371;TIE_FIRST_LEX,ZCTA_NN_HAVERSINE;NOT_ELIGIBILITY;NOT_USPS_VALIDITY;NO_INVENTORY
28630,EXACT_IMLS_OUTLET_ZIP,NC0022,003,,EXACT_OUTLET;TIE_FSCSKEY_SEQ,EXACT_OUTLET;NOT_USPS_VALIDITY;NO_INVENTORY
28631,ZCTA_NEAREST_ACTIVE_OUTLET,NC0002,007,17.953,ZCTA_NN;R6371;TIE_FIRST_LEX,ZCTA_NN_HAVERSINE;NOT_ELIGIBILITY;NOT_USPS_VALIDITY;NO_INVENTORY
28634,EXACT_IMLS_OUTLET_ZIP,NC0040,004,,EXACT_OUTLET;TIE_FSCSKEY_SEQ,EXACT_OUTLET;NOT_USPS_VALIDITY;NO_INVENTORY
28635,ZCTA_NEAREST_ACTIVE_OUTLET,NC0002,010,6.512,ZCTA_NN;R6371;TIE_FIRST_LEX,ZCTA_NN_HAVERSINE;NOT_ELIGIBILITY;NOT_USPS_VALIDITY;NO_INVENTORY
28636,ZCTA_NEAREST_ACTIVE_OUTLET,NC0016,005,8.775,ZCTA_NN;R6371;TIE_FIRST_LEX,ZCTA_NN_HAVERSINE;NOT_ELIGIBILITY;NOT_USPS_VALIDITY;NO_INVENTORY
28637,EXACT_IMLS_OUTLET_ZIP,NC0020,005,,EXACT_OUTLET;TIE_FSCSKEY_SEQ,EXACT_OUTLET;NOT_USPS_VALIDITY;NO_INVENTORY
28638,EXACT_IMLS_OUTLET_ZIP,NC0022,004,,EXACT_OUTLET;TIE_FSCSKEY_SEQ,EXACT_OUTLET;NOT_USPS_VALIDITY;NO_INVENTORY
28640,ZCTA_NEAREST_ACTIVE_OUTLET,NC0002,007,8.411,ZCTA_NN;R6371;TIE_FIRST_LEX,ZCTA_NN_HAVERSINE;NOT_ELIGIBILITY;NOT_USPS_VALIDITY;NO_INVENTORY
28641,ZCTA_NEAREST_ACTIVE_OUTLET,NC0003,002,12.881,ZCTA_NN;R6371;TIE_FIRST_LEX,ZCTA_NN_HAVERSINE;NOT_ELIGIBILITY;NOT_USPS_VALIDITY;NO_INVENTORY
28642,EXACT_IMLS_OUTLET_ZIP,NC0013,012,,EXACT_OUTLET;TIE_FSCSKEY_SEQ,EXACT_OUTLET;NOT_USPS_VALIDITY;NO_INVENTORY
28643,ZCTA_NEAREST_ACTIVE_OUTLET,VA0087,006,11.211,ZCTA_NN;R6371;TIE_FIRST_LEX,ZCTA_NN_HAVERSINE;NOT_ELIGIBILITY;NOT_USPS_VALIDITY;NO_INVENTORY
28644,ZCTA_NEAREST_ACTIVE_OUTLET,NC0013,002,17.487,ZCTA_NN;R6371;TIE_FIRST_LEX,ZCTA_NN_HAVERSINE;NOT_ELIGIBILITY;NOT_USPS_VALIDITY;NO_INVENTORY
28645,EXACT_IMLS_OUTLET_ZIP,NC0022,002,,EXACT_OUTLET;TIE_FSCSKEY_SEQ,EXACT_OUTLET;NOT_USPS_VALIDITY;NO_INVENTORY
28646,ZCTA_NEAREST_ACTIVE_OUTLET,NC0003,002,7.379,ZCTA_NN;R6371;TIE_FIRST_LEX,ZCTA_NN_HAVERSINE;NOT_ELIGIBILITY;NOT_USPS_VALIDITY;NO_INVENTORY
28647,OBSERVED_REFERENCE_INDIRECT_ONLY,,,,INDIRECT_IMLS_SC;NO_FABRICATED_NEAREST,INDIRECT_IMLS_SC;NO_FABRICATED_NEAREST;NOT_REJECTED;NOT_USPS_VALIDITY;NO_INVENTORY
28649,ZCTA_NEAREST_ACTIVE_OUTLET,NC0002,010,14.152,ZCTA_NN;R6371;TIE_FIRST_LEX,ZCTA_NN_HAVERSINE;NOT_ELIGIBILITY;NOT_USPS_VALIDITY;NO_INVENTORY
28650,EXACT_IMLS_OUTLET_ZIP,NC0023,003,,EXACT_OUTLET;TIE_FSCSKEY_SEQ,EXACT_OUTLET;NOT_USPS_VALIDITY;NO_INVENTORY
28651,ZCTA_NEAREST_ACTIVE_OUTLET,NC0002,007,18.957,ZCTA_NN;R6371;TIE_FIRST_LEX,ZCTA_NN_HAVERSINE;NOT_ELIGIBILITY;NOT_USPS_VALIDITY;NO_INVENTORY
28652,ZCTA_NEAREST_ACTIVE_OUTLET,NC0003,002,5.362,ZCTA_NN;R6371;TIE_FIRST_LEX,ZCTA_NN_HAVERSINE;NOT_ELIGIBILITY;NOT_USPS_VALIDITY;NO_INVENTORY
28653,ZCTA_NEAREST_ACTIVE_OUTLET,NC0003,002,3.401,ZCTA_NN;R6371;TIE_FIRST_LEX,ZCTA_NN_HAVERSINE;NOT_ELIGIBILITY;NOT_USPS_VALIDITY;NO_INVENTORY
28654,ZCTA_NEAREST_ACTIVE_OUTLET,NC0002,008,11.281,ZCTA_NN;R6371;TIE_FIRST_LEX,ZCTA_NN_HAVERSINE;NOT_ELIGIBILITY;NOT_USPS_VALIDITY;NO_INVENTORY
28655,EXACT_IMLS_OUTLET_ZIP,NC0020,002,,EXACT_OUTLET;TIE_FSCSKEY_SEQ,EXACT_OUTLET;NOT_USPS_VALIDITY;NO_INVENTORY
28657,EXACT_IMLS_OUTLET_ZIP,NC0003,002,,EXACT_OUTLET;TIE_FSCSKEY_SEQ,EXACT_OUTLET;NOT_USPS_VALIDITY;NO_INVENTORY
28658,EXACT_IMLS_OUTLET_ZIP,NC0023,006,,EXACT_OUTLET;TIE_FSCSKEY_SEQ,EXACT_OUTLET;NOT_USPS_VALIDITY;NO_INVENTORY
28659,EXACT_IMLS_OUTLET_ZIP,NC0002,008,,EXACT_OUTLET;TIE_FSCSKEY_SEQ,EXACT_OUTLET;NOT_USPS_VALIDITY;NO_INVENTORY
28660,ZCTA_NEAREST_ACTIVE_OUTLET,NC0040,004,7.688,ZCTA_NN;R6371;TIE_FIRST_LEX,ZCTA_NN_HAVERSINE;NOT_ELIGIBILITY;NOT_USPS_VALIDITY;NO_INVENTORY
28661,OBSERVED_REFERENCE_INDIRECT_ONLY,,,,INDIRECT_IMLS_SC;NO_FABRICATED_NEAREST,INDIRECT_IMLS_SC;NO_FABRICATED_NEAREST;NOT_REJECTED;NOT_USPS_VALIDITY;NO_INVENTORY
28662,ZCTA_NEAREST_ACTIVE_OUTLET,NC0003,002,7.979,ZCTA_NN;R6371;TIE_FIRST_LEX,ZCTA_NN_HAVERSINE;NOT_ELIGIBILITY;NOT_USPS_VALIDITY;NO_INVENTORY
28663,ZCTA_NEAREST_ACTIVE_OUTLET,VA0087,002,15.440,ZCTA_NN;R6371;TIE_FIRST_LEX,ZCTA_NN_HAVERSINE;NOT_ELIGIBILITY;NOT_USPS_VALIDITY;NO_INVENTORY
28664,ZCTA_NEAREST_ACTIVE_OUTLET,NC0003,002,8.749,ZCTA_NN;R6371;TIE_FIRST_LEX,ZCTA_NN_HAVERSINE;NOT_ELIGIBILITY;NOT_USPS_VALIDITY;NO_INVENTORY
28665,ZCTA_NEAREST_ACTIVE_OUTLET,NC0002,008,20.996,ZCTA_NN;R6371;TIE_FIRST_LEX,ZCTA_NN_HAVERSINE;NOT_ELIGIBILITY;NOT_USPS_VALIDITY;NO_INVENTORY
28666,ZCTA_NEAREST_ACTIVE_OUTLET,NC0020,005,4.256,ZCTA_NN;R6371;TIE_FIRST_LEX,ZCTA_NN_HAVERSINE;NOT_ELIGIBILITY;NOT_USPS_VALIDITY;NO_INVENTORY
28667,ZCTA_NEAREST_ACTIVE_OUTLET,NC0022,003,2.863,ZCTA_NN;R6371;TIE_FIRST_LEX,ZCTA_NN_HAVERSINE;NOT_ELIGIBILITY;NOT_USPS_VALIDITY;NO_INVENTORY
28668,ZCTA_NEAREST_ACTIVE_OUTLET,NC0002,010,13.676,ZCTA_NN;R6371;TIE_FIRST_LEX,ZCTA_NN_HAVERSINE;NOT_ELIGIBILITY;NOT_USPS_VALIDITY;NO_INVENTORY
28669,ZCTA_NEAREST_ACTIVE_OUTLET,NC0002,010,12.108,ZCTA_NN;R6371;TIE_FIRST_LEX,ZCTA_NN_HAVERSINE;NOT_ELIGIBILITY;NOT_USPS_VALIDITY;NO_INVENTORY
28670,ZCTA_NEAREST_ACTIVE_OUTLET,NC0013,012,7.530,ZCTA_NN;R6371;TIE_FIRST_LEX,ZCTA_NN_HAVERSINE;NOT_ELIGIBILITY;NOT_USPS_VALIDITY;NO_INVENTORY
28671,ZCTA_NEAREST_ACTIVE_OUTLET,NC0020,003,3.241,ZCTA_NN;R6371;TIE_FIRST_LEX,ZCTA_NN_HAVERSINE;NOT_ELIGIBILITY;NOT_USPS_VALIDITY;NO_INVENTORY
28672,ZCTA_NEAREST_ACTIVE_OUTLET,NC0002,007,17.516,ZCTA_NN;R6371;TIE_FIRST_LEX,ZCTA_NN_HAVERSINE;NOT_ELIGIBILITY;NOT_USPS_VALIDITY;NO_INVENTORY
28673,ZCTA_NEAREST_ACTIVE_OUTLET,NC0023,004,3.401,ZCTA_NN;R6371;TIE_FIRST_LEX,ZCTA_NN_HAVERSINE;NOT_ELIGIBILITY;NOT_USPS_VALIDITY;NO_INVENTORY
28675,EXACT_IMLS_OUTLET_ZIP,NC0013,002,,EXACT_OUTLET;TIE_FSCSKEY_SEQ,EXACT_OUTLET;NOT_USPS_VALIDITY;NO_INVENTORY
28676,ZCTA_NEAREST_ACTIVE_OUTLET,NC0013,008,9.763,ZCTA_NN;R6371;TIE_FIRST_LEX,ZCTA_NN_HAVERSINE;NOT_ELIGIBILITY;NOT_USPS_VALIDITY;NO_INVENTORY
28677,EXACT_IMLS_SYSTEM_ZIP,NC0040,,,EXACT_SYSTEM;TIE_FSCSKEY,EXACT_SYSTEM_ADMIN;NOT_NEARBY_OUTLET;NOT_USPS_VALIDITY;NO_INVENTORY
28678,EXACT_IMLS_OUTLET_ZIP,NC0016,005,,EXACT_OUTLET;TIE_FSCSKEY_SEQ,EXACT_OUTLET;NOT_USPS_VALIDITY;NO_INVENTORY
28679,EXACT_IMLS_OUTLET_ZIP,NC0002,011,,EXACT_OUTLET;TIE_FSCSKEY_SEQ,EXACT_OUTLET;NOT_USPS_VALIDITY;NO_INVENTORY
28680,OBSERVED_REFERENCE_INDIRECT_ONLY,,,,INDIRECT_IMLS_SC;NO_FABRICATED_NEAREST,INDIRECT_IMLS_SC;NO_FABRICATED_NEAREST;NOT_REJECTED;NOT_USPS_VALIDITY;NO_INVENTORY
28681,EXACT_IMLS_OUTLET_ZIP,NC0016,003,,EXACT_OUTLET;TIE_FSCSKEY_SEQ,EXACT_OUTLET;NOT_USPS_VALIDITY;NO_INVENTORY
28682,EXACT_IMLS_OUTLET_ZIP,NC0023,004,,EXACT_OUTLET;TIE_FSCSKEY_SEQ,EXACT_OUTLET;NOT_USPS_VALIDITY;NO_INVENTORY
28683,ZCTA_NEAREST_ACTIVE_OUTLET,NC0002,010,15.213,ZCTA_NN;R6371;TIE_FIRST_LEX,ZCTA_NN_HAVERSINE;NOT_ELIGIBILITY;NOT_USPS_VALIDITY;NO_INVENTORY
28684,ZCTA_NEAREST_ACTIVE_OUTLET,NC0002,007,12.536,ZCTA_NN;R6371;TIE_FIRST_LEX,ZCTA_NN_HAVERSINE;NOT_ELIGIBILITY;NOT_USPS_VALIDITY;NO_INVENTORY
28685,EXACT_IMLS_OUTLET_ZIP,NC0002,010,,EXACT_OUTLET;TIE_FSCSKEY_SEQ,EXACT_OUTLET;NOT_USPS_VALIDITY;NO_INVENTORY
28687,EXACT_IMLS_OUTLET_ZIP,NC0040,002,,EXACT_OUTLET;TIE_FSCSKEY_SEQ,EXACT_OUTLET;NOT_USPS_VALIDITY;NO_INVENTORY
28688,OBSERVED_REFERENCE_INDIRECT_ONLY,,,,INDIRECT_IMLS_SC;NO_FABRICATED_NEAREST,INDIRECT_IMLS_SC;NO_FABRICATED_NEAREST;NOT_REJECTED;NOT_USPS_VALIDITY;NO_INVENTORY
28689,ZCTA_NEAREST_ACTIVE_OUTLET,NC0040,004,17.485,ZCTA_NN;R6371;TIE_FIRST_LEX,ZCTA_NN_HAVERSINE;NOT_ELIGIBILITY;NOT_USPS_VALIDITY;NO_INVENTORY
28690,EXACT_IMLS_OUTLET_ZIP,NC0020,003,,EXACT_OUTLET;TIE_FSCSKEY_SEQ,EXACT_OUTLET;NOT_USPS_VALIDITY;NO_INVENTORY
28691,OBSERVED_REFERENCE_INDIRECT_ONLY,,,,INDIRECT_IMLS_SC;NO_FABRICATED_NEAREST,INDIRECT_IMLS_SC;NO_FABRICATED_NEAREST;NOT_REJECTED;NOT_USPS_VALIDITY;NO_INVENTORY
28692,ZCTA_NEAREST_ACTIVE_OUTLET,NC0002,011,7.273,ZCTA_NN;R6371;TIE_FIRST_LEX,ZCTA_NN_HAVERSINE;NOT_ELIGIBILITY;NOT_USPS_VALIDITY;NO_INVENTORY
28693,ZCTA_NEAREST_ACTIVE_OUTLET,NC0002,007,8.707,ZCTA_NN;R6371;TIE_FIRST_LEX,ZCTA_NN_HAVERSINE;NOT_ELIGIBILITY;NOT_USPS_VALIDITY;NO_INVENTORY
28694,EXACT_IMLS_OUTLET_ZIP,NC0002,007,,EXACT_OUTLET;TIE_FSCSKEY_SEQ,EXACT_OUTLET;NOT_USPS_VALIDITY;NO_INVENTORY
28697,ZCTA_NEAREST_ACTIVE_OUTLET,NC0002,008,2.867,ZCTA_NN;R6371;TIE_FIRST_LEX,ZCTA_NN_HAVERSINE;NOT_ELIGIBILITY;NOT_USPS_VALIDITY;NO_INVENTORY
28698,ZCTA_NEAREST_ACTIVE_OUTLET,NC0002,011,5.661,ZCTA_NN;R6371;TIE_FIRST_LEX,ZCTA_NN_HAVERSINE;NOT_ELIGIBILITY;NOT_USPS_VALIDITY;NO_INVENTORY
28699,OBSERVED_REFERENCE_INDIRECT_ONLY,,,,INDIRECT_IMLS_SC;NO_FABRICATED_NEAREST,INDIRECT_IMLS_SC;NO_FABRICATED_NEAREST;NOT_REJECTED;NOT_USPS_VALIDITY;NO_INVENTORY
28701,ZCTA_NEAREST_ACTIVE_OUTLET,NC0019,003,6.905,ZCTA_NN;R6371;TIE_FIRST_LEX,ZCTA_NN_HAVERSINE;NOT_ELIGIBILITY;NOT_USPS_VALIDITY;NO_INVENTORY
28702,ZCTA_NEAREST_ACTIVE_OUTLET,NC0008,009,14.337,ZCTA_NN;R6371;TIE_FIRST_LEX,ZCTA_NN_HAVERSINE;NOT_ELIGIBILITY;NOT_USPS_VALIDITY;NO_INVENTORY
28704,ZCTA_NEAREST_ACTIVE_OUTLET,NC0019,008,4.219,ZCTA_NN;R6371;TIE_FIRST_LEX,ZCTA_NN_HAVERSINE;NOT_ELIGIBILITY;NOT_USPS_VALIDITY;NO_INVENTORY
28705,EXACT_IMLS_OUTLET_ZIP,NC0003,003,,EXACT_OUTLET;TIE_FSCSKEY_SEQ,EXACT_OUTLET;NOT_USPS_VALIDITY;NO_INVENTORY
28707,ZCTA_NEAREST_ACTIVE_OUTLET,NC0038,002,11.920,ZCTA_NN;R6371;TIE_FIRST_LEX,ZCTA_NN_HAVERSINE;NOT_ELIGIBILITY;NOT_USPS_VALIDITY;NO_INVENTORY
28708,ZCTA_NEAREST_ACTIVE_OUTLET,NC0060,002,12.131,ZCTA_NN;R6371;TIE_FIRST_LEX,ZCTA_NN_HAVERSINE;NOT_ELIGIBILITY;NOT_USPS_VALIDITY;NO_INVENTORY
28709,ZCTA_NEAREST_ACTIVE_OUTLET,NC0019,009,16.191,ZCTA_NN;R6371;TIE_FIRST_LEX,ZCTA_NN_HAVERSINE;NOT_ELIGIBILITY;NOT_USPS_VALIDITY;NO_INVENTORY
28710,ZCTA_NEAREST_ACTIVE_OUTLET,NC0039,006,9.648,ZCTA_NN;R6371;TIE_FIRST_LEX,ZCTA_NN_HAVERSINE;NOT_ELIGIBILITY;NOT_USPS_VALIDITY;NO_INVENTORY
28711,EXACT_IMLS_OUTLET_ZIP,NC0019,004,,EXACT_OUTLET;TIE_FSCSKEY_SEQ,EXACT_OUTLET;NOT_USPS_VALIDITY;NO_INVENTORY
28712,EXACT_IMLS_OUTLET_ZIP,NC0060,002,,EXACT_OUTLET;TIE_FSCSKEY_SEQ,EXACT_OUTLET;NOT_USPS_VALIDITY;NO_INVENTORY
28713,EXACT_IMLS_OUTLET_ZIP,NC0008,005,,EXACT_OUTLET;TIE_FSCSKEY_SEQ,EXACT_OUTLET;NOT_USPS_VALIDITY;NO_INVENTORY
28714,EXACT_IMLS_OUTLET_ZIP,NC0003,005,,EXACT_OUTLET;TIE_FSCSKEY_SEQ,EXACT_OUTLET;NOT_USPS_VALIDITY;NO_INVENTORY
28715,EXACT_IMLS_OUTLET_ZIP,NC0019,012,,EXACT_OUTLET;TIE_FSCSKEY_SEQ,EXACT_OUTLET;NOT_USPS_VALIDITY;NO_INVENTORY
28716,EXACT_IMLS_OUTLET_ZIP,NC0038,003,,EXACT_OUTLET;TIE_FSCSKEY_SEQ,EXACT_OUTLET;NOT_USPS_VALIDITY;NO_INVENTORY
28717,EXACT_IMLS_OUTLET_ZIP,NC0008,008,,EXACT_OUTLET;TIE_FSCSKEY_SEQ,EXACT_OUTLET;NOT_USPS_VALIDITY;NO_INVENTORY
28718,ZCTA_NEAREST_ACTIVE_OUTLET,NC0060,002,12.136,ZCTA_NN;R6371;TIE_FIRST_LEX,ZCTA_NN_HAVERSINE;NOT_ELIGIBILITY;NOT_USPS_VALIDITY;NO_INVENTORY
28719,ZCTA_NEAREST_ACTIVE_OUTLET,NC0008,005,11.650,ZCTA_NN;R6371;TIE_FIRST_LEX,ZCTA_NN_HAVERSINE;NOT_ELIGIBILITY;NOT_USPS_VALIDITY;NO_INVENTORY
28720,ZCTA_NEAREST_ACTIVE_OUTLET,NC0056,005,9.355,ZCTA_NN;R6371;TIE_FIRST_LEX,ZCTA_NN_HAVERSINE;NOT_ELIGIBILITY;NOT_USPS_VALIDITY;NO_INVENTORY
28721,EXACT_IMLS_OUTLET_ZIP,NC0038,007,,EXACT_OUTLET;TIE_FSCSKEY_SEQ,EXACT_OUTLET;NOT_USPS_VALIDITY;NO_INVENTORY
28722,EXACT_IMLS_OUTLET_ZIP,NC0051,002,,EXACT_OUTLET;TIE_FSCSKEY_SEQ,EXACT_OUTLET;NOT_USPS_VALIDITY;NO_INVENTORY
28723,ZCTA_NEAREST_ACTIVE_OUTLET,NC0008,002,18.260,ZCTA_NN;R6371;TIE_FIRST_LEX,ZCTA_NN_HAVERSINE;NOT_ELIGIBILITY;NOT_USPS_VALIDITY;NO_INVENTORY
28724,OBSERVED_REFERENCE_INDIRECT_ONLY,,,,INDIRECT_IMLS_SC;NO_FABRICATED_NEAREST,INDIRECT_IMLS_SC;NO_FABRICATED_NEAREST;NOT_REJECTED;NOT_USPS_VALIDITY;NO_INVENTORY
28725,ZCTA_NEAREST_ACTIVE_OUTLET,NC0008,002,3.731,ZCTA_NN;R6371;TIE_FIRST_LEX,ZCTA_NN_HAVERSINE;NOT_ELIGIBILITY;NOT_USPS_VALIDITY;NO_INVENTORY
28726,ZCTA_NEAREST_ACTIVE_OUTLET,NC0039,002,5.670,ZCTA_NN;R6371;TIE_FIRST_LEX,ZCTA_NN_HAVERSINE;NOT_ELIGIBILITY;NOT_USPS_VALIDITY;NO_INVENTORY
28727,OBSERVED_REFERENCE_INDIRECT_ONLY,,,,INDIRECT_IMLS_SC;NO_FABRICATED_NEAREST,INDIRECT_IMLS_SC;NO_FABRICATED_NEAREST;NOT_REJECTED;NOT_USPS_VALIDITY;NO_INVENTORY
28728,OBSERVED_REFERENCE_INDIRECT_ONLY,,,,INDIRECT_IMLS_SC;NO_FABRICATED_NEAREST,INDIRECT_IMLS_SC;NO_FABRICATED_NEAREST;NOT_REJECTED;NOT_USPS_VALIDITY;NO_INVENTORY
28729,EXACT_IMLS_OUTLET_ZIP,NC0039,003,,EXACT_OUTLET;TIE_FSCSKEY_SEQ,EXACT_OUTLET;NOT_USPS_VALIDITY;NO_INVENTORY
28730,EXACT_IMLS_OUTLET_ZIP,NC0019,013,,EXACT_OUTLET;TIE_FSCSKEY_SEQ,EXACT_OUTLET;NOT_USPS_VALIDITY;NO_INVENTORY
28731,ZCTA_NEAREST_ACTIVE_OUTLET,NC0051,004,6.954,ZCTA_NN;R6371;TIE_FIRST_LEX,ZCTA_NN_HAVERSINE;NOT_ELIGIBILITY;NOT_USPS_VALIDITY;NO_INVENTORY
28732,EXACT_IMLS_OUTLET_ZIP,NC0039,004,,EXACT_OUTLET;TIE_FSCSKEY_SEQ,EXACT_OUTLET;NOT_USPS_VALIDITY;NO_INVENTORY
28733,ZCTA_NEAREST_ACTIVE_OUTLET,NC0011,005,11.615,ZCTA_NN;R6371;TIE_FIRST_LEX,ZCTA_NN_HAVERSINE;NOT_ELIGIBILITY;NOT_USPS_VALIDITY;NO_INVENTORY
28734,EXACT_IMLS_OUTLET_ZIP,NC0008,003,,EXACT_OUTLET;TIE_FSCSKEY_SEQ,EXACT_OUTLET;NOT_USPS_VALIDITY;NO_INVENTORY
28735,ZCTA_NEAREST_ACTIVE_OUTLET,NC0019,013,8.091,ZCTA_NN;R6371;TIE_FIRST_LEX,ZCTA_NN_HAVERSINE;NOT_ELIGIBILITY;NOT_USPS_VALIDITY;NO_INVENTORY
28736,ZCTA_NEAREST_ACTIVE_OUTLET,NC0008,008,7.383,ZCTA_NN;R6371;TIE_FIRST_LEX,ZCTA_NN_HAVERSINE;NOT_ELIGIBILITY;NOT_USPS_VALIDITY;NO_INVENTORY
28738,OBSERVED_REFERENCE_INDIRECT_ONLY,,,,INDIRECT_IMLS_SC;NO_FABRICATED_NEAREST,INDIRECT_IMLS_SC;NO_FABRICATED_NEAREST;NOT_REJECTED;NOT_USPS_VALIDITY;NO_INVENTORY
28739,EXACT_IMLS_OUTLET_ZIP,NC0039,002,,EXACT_OUTLET;TIE_FSCSKEY_SEQ,EXACT_OUTLET;NOT_USPS_VALIDITY;NO_INVENTORY
28740,ZCTA_NEAREST_ACTIVE_OUTLET,NC0003,005,11.544,ZCTA_NN;R6371;TIE_FIRST_LEX,ZCTA_NN_HAVERSINE;NOT_ELIGIBILITY;NOT_USPS_VALIDITY;NO_INVENTORY
28741,EXACT_IMLS_OUTLET_ZIP,NC0008,004,,EXACT_OUTLET;TIE_FSCSKEY_SEQ,EXACT_OUTLET;NOT_USPS_VALIDITY;NO_INVENTORY
28742,ZCTA_NEAREST_ACTIVE_OUTLET,NC0039,003,8.747,ZCTA_NN;R6371;TIE_FIRST_LEX,ZCTA_NN_HAVERSINE;NOT_ELIGIBILITY;NOT_USPS_VALIDITY;NO_INVENTORY
28743,EXACT_IMLS_OUTLET_ZIP,NC0043,004,,EXACT_OUTLET;TIE_FSCSKEY_SEQ,EXACT_OUTLET;NOT_USPS_VALIDITY;NO_INVENTORY
28744,OBSERVED_REFERENCE_INDIRECT_ONLY,,,,INDIRECT_IMLS_SC;NO_FABRICATED_NEAREST,INDIRECT_IMLS_SC;NO_FABRICATED_NEAREST;NOT_REJECTED;NOT_USPS_VALIDITY;NO_INVENTORY
28745,ZCTA_NEAREST_ACTIVE_OUTLET,NC0038,002,4.220,ZCTA_NN;R6371;TIE_FIRST_LEX,ZCTA_NN_HAVERSINE;NOT_ELIGIBILITY;NOT_USPS_VALIDITY;NO_INVENTORY
28746,EXACT_IMLS_OUTLET_ZIP,NC0056,005,,EXACT_OUTLET;TIE_FSCSKEY_SEQ,EXACT_OUTLET;NOT_USPS_VALIDITY;NO_INVENTORY
28747,ZCTA_NEAREST_ACTIVE_OUTLET,NC0060,002,18.115,ZCTA_NN;R6371;TIE_FIRST_LEX,ZCTA_NN_HAVERSINE;NOT_ELIGIBILITY;NOT_USPS_VALIDITY;NO_INVENTORY
28748,EXACT_IMLS_OUTLET_ZIP,NC0019,015,,EXACT_OUTLET;TIE_FSCSKEY_SEQ,EXACT_OUTLET;NOT_USPS_VALIDITY;NO_INVENTORY
28749,ZCTA_NEAREST_ACTIVE_OUTLET,NC0003,004,8.884,ZCTA_NN;R6371;TIE_FIRST_LEX,ZCTA_NN_HAVERSINE;NOT_ELIGIBILITY;NOT_USPS_VALIDITY;NO_INVENTORY
28750,OBSERVED_REFERENCE_INDIRECT_ONLY,,,,INDIRECT_IMLS_SC;NO_FABRICATED_NEAREST,INDIRECT_IMLS_SC;NO_FABRICATED_NEAREST;NOT_REJECTED;NOT_USPS_VALIDITY;NO_INVENTORY
28751,EXACT_IMLS_OUTLET_ZIP,NC0038,004,,EXACT_OUTLET;TIE_FSCSKEY_SEQ,EXACT_OUTLET;NOT_USPS_VALIDITY;NO_INVENTORY
28752,EXACT_IMLS_OUTLET_ZIP,NC0044,002,,EXACT_OUTLET;TIE_FSCSKEY_SEQ,EXACT_OUTLET;NOT_USPS_VALIDITY;NO_INVENTORY
28753,EXACT_IMLS_OUTLET_ZIP,NC0043,002,,EXACT_OUTLET;TIE_FSCSKEY_SEQ,EXACT_OUTLET;NOT_USPS_VALIDITY;NO_INVENTORY
28754,EXACT_IMLS_OUTLET_ZIP,NC0043,003,,EXACT_OUTLET;TIE_FSCSKEY_SEQ,EXACT_OUTLET;NOT_USPS_VALIDITY;NO_INVENTORY
28755,ZCTA_NEAREST_ACTIVE_OUTLET,NC0003,006,4.102,ZCTA_NN;R6371;TIE_FIRST_LEX,ZCTA_NN_HAVERSINE;NOT_ELIGIBILITY;NOT_USPS_VALIDITY;NO_INVENTORY
28756,ZCTA_NEAREST_ACTIVE_OUTLET,NC0056,005,9.015,ZCTA_NN;R6371;TIE_FIRST_LEX,ZCTA_NN_HAVERSINE;NOT_ELIGIBILITY;NOT_USPS_VALIDITY;NO_INVENTORY
28757,ZCTA_NEAREST_ACTIVE_OUTLET,NC0019,004,4.104,ZCTA_NN;R6371;TIE_FIRST_LEX,ZCTA_NN_HAVERSINE;NOT_ELIGIBILITY;NOT_USPS_VALIDITY;NO_INVENTORY
28758,ZCTA_NEAREST_ACTIVE_OUTLET,NC0039,007,4.990,ZCTA_NN;R6371;TIE_FIRST_LEX,ZCTA_NN_HAVERSINE;NOT_ELIGIBILITY;NOT_USPS_VALIDITY;NO_INVENTORY
28759,EXACT_IMLS_OUTLET_ZIP,NC0039,007,,EXACT_OUTLET;TIE_FSCSKEY_SEQ,EXACT_OUTLET;NOT_USPS_VALIDITY;NO_INVENTORY
28760,OBSERVED_REFERENCE_INDIRECT_ONLY,,,,INDIRECT_IMLS_SC;NO_FABRICATED_NEAREST,INDIRECT_IMLS_SC;NO_FABRICATED_NEAREST;NOT_REJECTED;NOT_USPS_VALIDITY;NO_INVENTORY
28761,ZCTA_NEAREST_ACTIVE_OUTLET,NC0044,002,9.395,ZCTA_NN;R6371;TIE_FIRST_LEX,ZCTA_NN_HAVERSINE;NOT_ELIGIBILITY;NOT_USPS_VALIDITY;NO_INVENTORY
28762,EXACT_IMLS_OUTLET_ZIP,NC0044,003,,EXACT_OUTLET;TIE_FSCSKEY_SEQ,EXACT_OUTLET;NOT_USPS_VALIDITY;NO_INVENTORY
28763,ZCTA_NEAREST_ACTIVE_OUTLET,NC0008,003,16.431,ZCTA_NN;R6371;TIE_FIRST_LEX,ZCTA_NN_HAVERSINE;NOT_ELIGIBILITY;NOT_USPS_VALIDITY;NO_INVENTORY
28766,ZCTA_NEAREST_ACTIVE_OUTLET,NC0039,003,8.025,ZCTA_NN;R6371;TIE_FIRST_LEX,ZCTA_NN_HAVERSINE;NOT_ELIGIBILITY;NOT_USPS_VALIDITY;NO_INVENTORY
28768,ZCTA_NEAREST_ACTIVE_OUTLET,NC0039,003,10.190,ZCTA_NN;R6371;TIE_FIRST_LEX,ZCTA_NN_HAVERSINE;NOT_ELIGIBILITY;NOT_USPS_VALIDITY;NO_INVENTORY
28770,ZCTA_NEAREST_ACTIVE_OUTLET,NC0019,004,4.047,ZCTA_NN;R6371;TIE_FIRST_LEX,ZCTA_NN_HAVERSINE;NOT_ELIGIBILITY;NOT_USPS_VALIDITY;NO_INVENTORY
28771,EXACT_IMLS_OUTLET_ZIP,NC0011,005,,EXACT_OUTLET;TIE_FSCSKEY_SEQ,EXACT_OUTLET;NOT_USPS_VALIDITY;NO_INVENTORY
28772,ZCTA_NEAREST_ACTIVE_OUTLET,NC0060,002,13.752,ZCTA_NN;R6371;TIE_FIRST_LEX,ZCTA_NN_HAVERSINE;NOT_ELIGIBILITY;NOT_USPS_VALIDITY;NO_INVENTORY
28773,EXACT_IMLS_OUTLET_ZIP,NC0051,004,,EXACT_OUTLET;TIE_FSCSKEY_SEQ,EXACT_OUTLET;NOT_USPS_VALIDITY;NO_INVENTORY
28774,ZCTA_NEAREST_ACTIVE_OUTLET,NC0008,008,10.010,ZCTA_NN;R6371;TIE_FIRST_LEX,ZCTA_NN_HAVERSINE;NOT_ELIGIBILITY;NOT_USPS_VALIDITY;NO_INVENTORY
28775,ZCTA_NEAREST_ACTIVE_OUTLET,NC0008,004,12.093,ZCTA_NN;R6371;TIE_FIRST_LEX,ZCTA_NN_HAVERSINE;NOT_ELIGIBILITY;NOT_USPS_VALIDITY;NO_INVENTORY
28776,OBSERVED_REFERENCE_INDIRECT_ONLY,,,,INDIRECT_IMLS_SC;NO_FABRICATED_NEAREST,INDIRECT_IMLS_SC;NO_FABRICATED_NEAREST;NOT_REJECTED;NOT_USPS_VALIDITY;NO_INVENTORY
28777,EXACT_IMLS_OUTLET_ZIP,NC0003,004,,EXACT_OUTLET;TIE_FSCSKEY_SEQ,EXACT_OUTLET;NOT_USPS_VALIDITY;NO_INVENTORY
28778,EXACT_IMLS_OUTLET_ZIP,NC0019,009,,EXACT_OUTLET;TIE_FSCSKEY_SEQ,EXACT_OUTLET;NOT_USPS_VALIDITY;NO_INVENTORY
28779,EXACT_IMLS_OUTLET_ZIP,NC0008,002,,EXACT_OUTLET;TIE_FSCSKEY_SEQ,EXACT_OUTLET;NOT_USPS_VALIDITY;NO_INVENTORY
28781,EXACT_IMLS_OUTLET_ZIP,NC0008,009,,EXACT_OUTLET;TIE_FSCSKEY_SEQ,EXACT_OUTLET;NOT_USPS_VALIDITY;NO_INVENTORY
28782,ZCTA_NEAREST_ACTIVE_OUTLET,NC0051,002,6.424,ZCTA_NN;R6371;TIE_FIRST_LEX,ZCTA_NN_HAVERSINE;NOT_ELIGIBILITY;NOT_USPS_VALIDITY;NO_INVENTORY
28783,ZCTA_NEAREST_ACTIVE_OUTLET,NC0008,008,16.424,ZCTA_NN;R6371;TIE_FIRST_LEX,ZCTA_NN_HAVERSINE;NOT_ELIGIBILITY;NOT_USPS_VALIDITY;NO_INVENTORY
28785,ZCTA_NEAREST_ACTIVE_OUTLET,NC0038,004,15.610,ZCTA_NN;R6371;TIE_FIRST_LEX,ZCTA_NN_HAVERSINE;NOT_ELIGIBILITY;NOT_USPS_VALIDITY;NO_INVENTORY
28786,EXACT_IMLS_OUTLET_ZIP,NC0038,002,,EXACT_OUTLET;TIE_FSCSKEY_SEQ,EXACT_OUTLET;NOT_USPS_VALIDITY;NO_INVENTORY
28787,EXACT_IMLS_OUTLET_ZIP,NC0019,003,,EXACT_OUTLET;TIE_FSCSKEY_SEQ,EXACT_OUTLET;NOT_USPS_VALIDITY;NO_INVENTORY
28788,ZCTA_NEAREST_ACTIVE_OUTLET,NC0008,002,2.589,ZCTA_NN;R6371;TIE_FIRST_LEX,ZCTA_NN_HAVERSINE;NOT_ELIGIBILITY;NOT_USPS_VALIDITY;NO_INVENTORY
28789,ZCTA_NEAREST_ACTIVE_OUTLET,NC0008,002,8.836,ZCTA_NN;R6371;TIE_FIRST_LEX,ZCTA_NN_HAVERSINE;NOT_ELIGIBILITY;NOT_USPS_VALIDITY;NO_INVENTORY
28790,EXACT_IMLS_OUTLET_ZIP,NC0039,005,,EXACT_OUTLET;TIE_FSCSKEY_SEQ,EXACT_OUTLET;NOT_USPS_VALIDITY;NO_INVENTORY
28791,ZCTA_NEAREST_ACTIVE_OUTLET,NC0039,007,4.878,ZCTA_NN;R6371;TIE_FIRST_LEX,ZCTA_NN_HAVERSINE;NOT_ELIGIBILITY;NOT_USPS_VALIDITY;NO_INVENTORY
28792,EXACT_IMLS_OUTLET_ZIP,NC0039,006,,EXACT_OUTLET;TIE_FSCSKEY_SEQ,EXACT_OUTLET;NOT_USPS_VALIDITY;NO_INVENTORY
28793,OBSERVED_REFERENCE_INDIRECT_ONLY,,,,INDIRECT_IMLS_SC;NO_FABRICATED_NEAREST,INDIRECT_IMLS_SC;NO_FABRICATED_NEAREST;NOT_REJECTED;NOT_USPS_VALIDITY;NO_INVENTORY
28801,EXACT_IMLS_OUTLET_ZIP,NC0019,002,,EXACT_OUTLET;TIE_FSCSKEY_SEQ,EXACT_OUTLET;NOT_USPS_VALIDITY;NO_INVENTORY
28802,OBSERVED_REFERENCE_INDIRECT_ONLY,,,,INDIRECT_IMLS_SC;NO_FABRICATED_NEAREST,INDIRECT_IMLS_SC;NO_FABRICATED_NEAREST;NOT_REJECTED;NOT_USPS_VALIDITY;NO_INVENTORY
28803,EXACT_IMLS_OUTLET_ZIP,NC0019,007,,EXACT_OUTLET;TIE_FSCSKEY_SEQ,EXACT_OUTLET;NOT_USPS_VALIDITY;NO_INVENTORY
28804,EXACT_IMLS_OUTLET_ZIP,NC0019,006,,EXACT_OUTLET;TIE_FSCSKEY_SEQ,EXACT_OUTLET;NOT_USPS_VALIDITY;NO_INVENTORY
28805,EXACT_IMLS_OUTLET_ZIP,NC0019,016,,EXACT_OUTLET;TIE_FSCSKEY_SEQ,EXACT_OUTLET;NOT_USPS_VALIDITY;NO_INVENTORY
28806,EXACT_IMLS_OUTLET_ZIP,NC0019,010,,EXACT_OUTLET;TIE_FSCSKEY_SEQ,EXACT_OUTLET;NOT_USPS_VALIDITY;NO_INVENTORY
28813,OBSERVED_REFERENCE_INDIRECT_ONLY,,,,INDIRECT_IMLS_SC;NO_FABRICATED_NEAREST,INDIRECT_IMLS_SC;NO_FABRICATED_NEAREST;NOT_REJECTED;NOT_USPS_VALIDITY;NO_INVENTORY
28814,OBSERVED_REFERENCE_INDIRECT_ONLY,,,,INDIRECT_IMLS_SC;NO_FABRICATED_NEAREST,INDIRECT_IMLS_SC;NO_FABRICATED_NEAREST;NOT_REJECTED;NOT_USPS_VALIDITY;NO_INVENTORY
28815,OBSERVED_REFERENCE_INDIRECT_ONLY,,,,INDIRECT_IMLS_SC;NO_FABRICATED_NEAREST,INDIRECT_IMLS_SC;NO_FABRICATED_NEAREST;NOT_REJECTED;NOT_USPS_VALIDITY;NO_INVENTORY
28816,OBSERVED_REFERENCE_INDIRECT_ONLY,,,,INDIRECT_IMLS_SC;NO_FABRICATED_NEAREST,INDIRECT_IMLS_SC;NO_FABRICATED_NEAREST;NOT_REJECTED;NOT_USPS_VALIDITY;NO_INVENTORY
28901,EXACT_IMLS_OUTLET_ZIP,NC0011,002,,EXACT_OUTLET;TIE_FSCSKEY_SEQ,EXACT_OUTLET;NOT_USPS_VALIDITY;NO_INVENTORY
28902,ZCTA_NEAREST_ACTIVE_OUTLET,NC0011,007,9.737,ZCTA_NN;R6371;TIE_FIRST_LEX,ZCTA_NN_HAVERSINE;NOT_ELIGIBILITY;NOT_USPS_VALIDITY;NO_INVENTORY
28904,EXACT_IMLS_OUTLET_ZIP,NC0011,004,,EXACT_OUTLET;TIE_FSCSKEY_SEQ,EXACT_OUTLET;NOT_USPS_VALIDITY;NO_INVENTORY
28905,ZCTA_NEAREST_ACTIVE_OUTLET,NC0011,002,11.154,ZCTA_NN;R6371;TIE_FIRST_LEX,ZCTA_NN_HAVERSINE;NOT_ELIGIBILITY;NOT_USPS_VALIDITY;NO_INVENTORY
28906,EXACT_IMLS_OUTLET_ZIP,NC0011,003,,EXACT_OUTLET;TIE_FSCSKEY_SEQ,EXACT_OUTLET;NOT_USPS_VALIDITY;NO_INVENTORY
28909,ZCTA_NEAREST_ACTIVE_OUTLET,GA0047,002,8.568,ZCTA_NN;R6371;TIE_FIRST_LEX,ZCTA_NN_HAVERSINE;NOT_ELIGIBILITY;NOT_USPS_VALIDITY;NO_INVENTORY
29001,ZCTA_NEAREST_ACTIVE_OUTLET,SC0013,002,10.259,ZCTA_NN;R6371;TIE_FIRST_LEX,ZCTA_NN_HAVERSINE;NOT_ELIGIBILITY;NOT_USPS_VALIDITY;NO_INVENTORY
29002,OBSERVED_REFERENCE_INDIRECT_ONLY,,,,INDIRECT_IMLS_SC;NO_FABRICATED_NEAREST,INDIRECT_IMLS_SC;NO_FABRICATED_NEAREST;NOT_REJECTED;NOT_USPS_VALIDITY;NO_INVENTORY
29003,EXACT_IMLS_OUTLET_ZIP,SC0002,004,,EXACT_OUTLET;TIE_FSCSKEY_SEQ,EXACT_OUTLET;NOT_USPS_VALIDITY;NO_INVENTORY
29006,EXACT_IMLS_OUTLET_ZIP,SC0027,004,,EXACT_OUTLET;TIE_FSCSKEY_SEQ,EXACT_OUTLET;NOT_USPS_VALIDITY;NO_INVENTORY
29009,EXACT_IMLS_OUTLET_ZIP,SC0023,003,,EXACT_OUTLET;TIE_FSCSKEY_SEQ,EXACT_OUTLET;NOT_USPS_VALIDITY;NO_INVENTORY
29010,EXACT_IMLS_OUTLET_ZIP,SC0026,002,,EXACT_OUTLET;TIE_FSCSKEY_SEQ,EXACT_OUTLET;NOT_USPS_VALIDITY;NO_INVENTORY
29014,ZCTA_NEAREST_ACTIVE_OUTLET,SC0018,002,16.129,ZCTA_NN;R6371;TIE_FIRST_LEX,ZCTA_NN_HAVERSINE;NOT_ELIGIBILITY;NOT_USPS_VALIDITY;NO_INVENTORY
29015,ZCTA_NEAREST_ACTIVE_OUTLET,SC0038,005,20.226,ZCTA_NN;R6371;TIE_FIRST_LEX,ZCTA_NN_HAVERSINE;NOT_ELIGIBILITY;NOT_USPS_VALIDITY;NO_INVENTORY
29016,EXACT_IMLS_OUTLET_ZIP,SC0035,011,,EXACT_OUTLET;TIE_FSCSKEY_SEQ,EXACT_OUTLET;NOT_USPS_VALIDITY;NO_INVENTORY
29018,EXACT_IMLS_OUTLET_ZIP,SC0033,011,,EXACT_OUTLET;TIE_FSCSKEY_SEQ,EXACT_OUTLET;NOT_USPS_VALIDITY;NO_INVENTORY
29020,EXACT_IMLS_OUTLET_ZIP,SC0023,002,,EXACT_OUTLET;TIE_FSCSKEY_SEQ,EXACT_OUTLET;NOT_USPS_VALIDITY;NO_INVENTORY
29021,OBSERVED_REFERENCE_INDIRECT_ONLY,,,,INDIRECT_IMLS_SC;NO_FABRICATED_NEAREST,INDIRECT_IMLS_SC;NO_FABRICATED_NEAREST;NOT_REJECTED;NOT_USPS_VALIDITY;NO_INVENTORY
29030,ZCTA_NEAREST_ACTIVE_OUTLET,SC0033,003,8.639,ZCTA_NN;R6371;TIE_FIRST_LEX,ZCTA_NN_HAVERSINE;NOT_ELIGIBILITY;NOT_USPS_VALIDITY;NO_INVENTORY
29031,EXACT_IMLS_OUTLET_ZIP,SC0038,005,,EXACT_OUTLET;TIE_FSCSKEY_SEQ,EXACT_OUTLET;NOT_USPS_VALIDITY;NO_INVENTORY
29032,ZCTA_NEAREST_ACTIVE_OUTLET,SC0023,003,12.309,ZCTA_NN;R6371;TIE_FIRST_LEX,ZCTA_NN_HAVERSINE;NOT_ELIGIBILITY;NOT_USPS_VALIDITY;NO_INVENTORY
29033,ZCTA_NEAREST_ACTIVE_OUTLET,SC0027,003,4.581,ZCTA_NN;R6371;TIE_FIRST_LEX,ZCTA_NN_HAVERSINE;NOT_ELIGIBILITY;NOT_USPS_VALIDITY;NO_INVENTORY
29036,EXACT_IMLS_OUTLET_ZIP,SC0027,007,,EXACT_OUTLET;TIE_FSCSKEY_SEQ,EXACT_OUTLET;NOT_USPS_VALIDITY;NO_INVENTORY
29037,ZCTA_NEAREST_ACTIVE_OUTLET,SC8004,006,14.486,ZCTA_NN;R6371;TIE_FIRST_LEX,ZCTA_NN_HAVERSINE;NOT_ELIGIBILITY;NOT_USPS_VALIDITY;NO_INVENTORY
29038,ZCTA_NEAREST_ACTIVE_OUTLET,SC0002,004,10.447,ZCTA_NN;R6371;TIE_FIRST_LEX,ZCTA_NN_HAVERSINE;NOT_ELIGIBILITY;NOT_USPS_VALIDITY;NO_INVENTORY
29039,ZCTA_NEAREST_ACTIVE_OUTLET,SC0033,002,8.643,ZCTA_NN;R6371;TIE_FIRST_LEX,ZCTA_NN_HAVERSINE;NOT_ELIGIBILITY;NOT_USPS_VALIDITY;NO_INVENTORY
29040,ZCTA_NEAREST_ACTIVE_OUTLET,SC0037,004,13.158,ZCTA_NN;R6371;TIE_FIRST_LEX,ZCTA_NN_HAVERSINE;NOT_ELIGIBILITY;NOT_USPS_VALIDITY;NO_INVENTORY
29042,EXACT_IMLS_OUTLET_ZIP,SC0002,009,,EXACT_OUTLET;TIE_FSCSKEY_SEQ,EXACT_OUTLET;NOT_USPS_VALIDITY;NO_INVENTORY
29044,EXACT_IMLS_OUTLET_ZIP,SC0035,005,,EXACT_OUTLET;TIE_FSCSKEY_SEQ,EXACT_OUTLET;NOT_USPS_VALIDITY;NO_INVENTORY
29045,EXACT_IMLS_OUTLET_ZIP,SC0023,005,,EXACT_OUTLET;TIE_FSCSKEY_SEQ,EXACT_OUTLET;NOT_USPS_VALIDITY;NO_INVENTORY
29046,ZCTA_NEAREST_ACTIVE_OUTLET,SC0015,003,11.015,ZCTA_NN;R6371;TIE_FIRST_LEX,ZCTA_NN_HAVERSINE;NOT_ELIGIBILITY;NOT_USPS_VALIDITY;NO_INVENTORY
29047,EXACT_IMLS_OUTLET_ZIP,SC0033,003,,EXACT_OUTLET;TIE_FSCSKEY_SEQ,EXACT_OUTLET;NOT_USPS_VALIDITY;NO_INVENTORY
29048,ZCTA_NEAREST_ACTIVE_OUTLET,SC0033,004,13.402,ZCTA_NN;R6371;TIE_FIRST_LEX,ZCTA_NN_HAVERSINE;NOT_ELIGIBILITY;NOT_USPS_VALIDITY;NO_INVENTORY
29051,ZCTA_NEAREST_ACTIVE_OUTLET,SC0013,002,19.581,ZCTA_NN;R6371;TIE_FIRST_LEX,ZCTA_NN_HAVERSINE;NOT_ELIGIBILITY;NOT_USPS_VALIDITY;NO_INVENTORY
29052,ZCTA_NEAREST_ACTIVE_OUTLET,SC0035,005,9.770,ZCTA_NN;R6371;TIE_FIRST_LEX,ZCTA_NN_HAVERSINE;NOT_ELIGIBILITY;NOT_USPS_VALIDITY;NO_INVENTORY
29053,EXACT_IMLS_OUTLET_ZIP,SC0027,008,,EXACT_OUTLET;TIE_FSCSKEY_SEQ,EXACT_OUTLET;NOT_USPS_VALIDITY;NO_INVENTORY
29054,EXACT_IMLS_OUTLET_ZIP,SC0027,010,,EXACT_OUTLET;TIE_FSCSKEY_SEQ,EXACT_OUTLET;NOT_USPS_VALIDITY;NO_INVENTORY
29055,EXACT_IMLS_OUTLET_ZIP,SC0011,003,,EXACT_OUTLET;TIE_FSCSKEY_SEQ,EXACT_OUTLET;NOT_USPS_VALIDITY;NO_INVENTORY
29056,EXACT_IMLS_OUTLET_ZIP,SC0039,006,,EXACT_OUTLET;TIE_FSCSKEY_SEQ,EXACT_OUTLET;NOT_USPS_VALIDITY;NO_INVENTORY
29058,ZCTA_NEAREST_ACTIVE_OUTLET,SC0011,003,13.644,ZCTA_NN;R6371;TIE_FIRST_LEX,ZCTA_NN_HAVERSINE;NOT_ELIGIBILITY;NOT_USPS_VALIDITY;NO_INVENTORY
29059,EXACT_IMLS_OUTLET_ZIP,SC0033,004,,EXACT_OUTLET;TIE_FSCSKEY_SEQ,EXACT_OUTLET;NOT_USPS_VALIDITY;NO_INVENTORY
29061,EXACT_IMLS_OUTLET_ZIP,SC0035,016,,EXACT_OUTLET;TIE_FSCSKEY_SEQ,EXACT_OUTLET;NOT_USPS_VALIDITY;NO_INVENTORY
29062,ZCTA_NEAREST_ACTIVE_OUTLET,SC0035,005,16.353,ZCTA_NN;R6371;TIE_FIRST_LEX,ZCTA_NN_HAVERSINE;NOT_ELIGIBILITY;NOT_USPS_VALIDITY;NO_INVENTORY
29063,EXACT_IMLS_OUTLET_ZIP,SC0035,010,,EXACT_OUTLET;TIE_FSCSKEY_SEQ,EXACT_OUTLET;NOT_USPS_VALIDITY;NO_INVENTORY
29065,ZCTA_NEAREST_ACTIVE_OUTLET,SC0027,007,14.838,ZCTA_NN;R6371;TIE_FIRST_LEX,ZCTA_NN_HAVERSINE;NOT_ELIGIBILITY;NOT_USPS_VALIDITY;NO_INVENTORY
29067,EXACT_IMLS_OUTLET_ZIP,SC0024,003,,EXACT_OUTLET;TIE_FSCSKEY_SEQ,EXACT_OUTLET;NOT_USPS_VALIDITY;NO_INVENTORY
29069,EXACT_IMLS_OUTLET_ZIP,SC0015,003,,EXACT_OUTLET;TIE_FSCSKEY_SEQ,EXACT_OUTLET;NOT_USPS_VALIDITY;NO_INVENTORY
29070,ZCTA_NEAREST_ACTIVE_OUTLET,SC0027,010,4.488,ZCTA_NN;R6371;TIE_FIRST_LEX,ZCTA_NN_HAVERSINE;NOT_ELIGIBILITY;NOT_USPS_VALIDITY;NO_INVENTORY
29071,OBSERVED_REFERENCE_INDIRECT_ONLY,,,,INDIRECT_IMLS_SC;NO_FABRICATED_NEAREST,INDIRECT_IMLS_SC;NO_FABRICATED_NEAREST;NOT_REJECTED;NOT_USPS_VALIDITY;NO_INVENTORY
29072,EXACT_IMLS_OUTLET_ZIP,SC0027,002,,EXACT_OUTLET;TIE_FSCSKEY_SEQ,EXACT_OUTLET;NOT_USPS_VALIDITY;NO_INVENTORY
29073,ZCTA_NEAREST_ACTIVE_OUTLET,SC0027,002,9.410,ZCTA_NN;R6371;TIE_FIRST_LEX,ZCTA_NN_HAVERSINE;NOT_ELIGIBILITY;NOT_USPS_VALIDITY;NO_INVENTORY
29074,ZCTA_NEAREST_ACTIVE_OUTLET,SC0011,003,16.108,ZCTA_NN;R6371;TIE_FIRST_LEX,ZCTA_NN_HAVERSINE;NOT_ELIGIBILITY;NOT_USPS_VALIDITY;NO_INVENTORY
29075,ZCTA_NEAREST_ACTIVE_OUTLET,SC0027,007,4.305,ZCTA_NN;R6371;TIE_FIRST_LEX,ZCTA_NN_HAVERSINE;NOT_ELIGIBILITY;NOT_USPS_VALIDITY;NO_INVENTORY
29078,ZCTA_NEAREST_ACTIVE_OUTLET,SC0023,005,9.596,ZCTA_NN;R6371;TIE_FIRST_LEX,ZCTA_NN_HAVERSINE;NOT_ELIGIBILITY;NOT_USPS_VALIDITY;NO_INVENTORY
29079,ZCTA_NEAREST_ACTIVE_OUTLET,SC0015,002,10.090,ZCTA_NN;R6371;TIE_FIRST_LEX,ZCTA_NN_HAVERSINE;NOT_ELIGIBILITY;NOT_USPS_VALIDITY;NO_INVENTORY
29080,ZCTA_NEAREST_ACTIVE_OUTLET,SC0019,004,16.522,ZCTA_NN;R6371;TIE_FIRST_LEX,ZCTA_NN_HAVERSINE;NOT_ELIGIBILITY;NOT_USPS_VALIDITY;NO_INVENTORY
29081,ZCTA_NEAREST_ACTIVE_OUTLET,SC0002,004,22.730,ZCTA_NN;R6371;TIE_FIRST_LEX,ZCTA_NN_HAVERSINE;NOT_ELIGIBILITY;NOT_USPS_VALIDITY;NO_INVENTORY
29082,ZCTA_NEAREST_ACTIVE_OUTLET,SC0003,004,25.114,ZCTA_NN;R6371;TIE_FIRST_LEX,ZCTA_NN_HAVERSINE;NOT_ELIGIBILITY;NOT_USPS_VALIDITY;NO_INVENTORY
29101,EXACT_IMLS_OUTLET_ZIP,SC0012,006,,EXACT_OUTLET;TIE_FSCSKEY_SEQ,EXACT_OUTLET;NOT_USPS_VALIDITY;NO_INVENTORY
29102,EXACT_IMLS_OUTLET_ZIP,SC0013,002,,EXACT_OUTLET;TIE_FSCSKEY_SEQ,EXACT_OUTLET;NOT_USPS_VALIDITY;NO_INVENTORY
29104,ZCTA_NEAREST_ACTIVE_OUTLET,SC0037,002,14.296,ZCTA_NN;R6371;TIE_FIRST_LEX,ZCTA_NN_HAVERSINE;NOT_ELIGIBILITY;NOT_USPS_VALIDITY;NO_INVENTORY
29105,ZCTA_NEAREST_ACTIVE_OUTLET,SC8002,002,7.649,ZCTA_NN;R6371;TIE_FIRST_LEX,ZCTA_NN_HAVERSINE;NOT_ELIGIBILITY;NOT_USPS_VALIDITY;NO_INVENTORY
29107,ZCTA_NEAREST_ACTIVE_OUTLET,SC0033,005,10.415,ZCTA_NN;R6371;TIE_FIRST_LEX,ZCTA_NN_HAVERSINE;NOT_ELIGIBILITY;NOT_USPS_VALIDITY;NO_INVENTORY
29108,EXACT_IMLS_OUTLET_ZIP,SC8001,001,,EXACT_OUTLET;TIE_FSCSKEY_SEQ,EXACT_OUTLET;NOT_USPS_VALIDITY;NO_INVENTORY
29111,ZCTA_NEAREST_ACTIVE_OUTLET,SC0019,004,16.224,ZCTA_NN;R6371;TIE_FIRST_LEX,ZCTA_NN_HAVERSINE;NOT_ELIGIBILITY;NOT_USPS_VALIDITY;NO_INVENTORY
29112,EXACT_IMLS_OUTLET_ZIP,SC0033,005,,EXACT_OUTLET;TIE_FSCSKEY_SEQ,EXACT_OUTLET;NOT_USPS_VALIDITY;NO_INVENTORY
29113,ZCTA_NEAREST_ACTIVE_OUTLET,SC0002,009,12.512,ZCTA_NN;R6371;TIE_FIRST_LEX,ZCTA_NN_HAVERSINE;NOT_ELIGIBILITY;NOT_USPS_VALIDITY;NO_INVENTORY
29114,EXACT_IMLS_OUTLET_ZIP,SC0019,004,,EXACT_OUTLET;TIE_FSCSKEY_SEQ,EXACT_OUTLET;NOT_USPS_VALIDITY;NO_INVENTORY
29115,EXACT_IMLS_OUTLET_ZIP,SC0033,002,,EXACT_OUTLET;TIE_FSCSKEY_SEQ,EXACT_OUTLET;NOT_USPS_VALIDITY;NO_INVENTORY
29116,OBSERVED_REFERENCE_INDIRECT_ONLY,,,,INDIRECT_IMLS_SC;NO_FABRICATED_NEAREST,INDIRECT_IMLS_SC;NO_FABRICATED_NEAREST;NOT_REJECTED;NOT_USPS_VALIDITY;NO_INVENTORY
29117,ZCTA_NEAREST_ACTIVE_OUTLET,SC0033,002,0.935,ZCTA_NN;R6371;TIE_FIRST_LEX,ZCTA_NN_HAVERSINE;NOT_ELIGIBILITY;NOT_USPS_VALIDITY;NO_INVENTORY
29118,ZCTA_NEAREST_ACTIVE_OUTLET,SC0033,002,9.010,ZCTA_NN;R6371;TIE_FIRST_LEX,ZCTA_NN_HAVERSINE;NOT_ELIGIBILITY;NOT_USPS_VALIDITY;NO_INVENTORY
29122,ZCTA_NEAREST_ACTIVE_OUTLET,SC0027,007,8.201,ZCTA_NN;R6371;TIE_FIRST_LEX,ZCTA_NN_HAVERSINE;NOT_ELIGIBILITY;NOT_USPS_VALIDITY;NO_INVENTORY
29123,EXACT_IMLS_OUTLET_ZIP,SC0027,006,,EXACT_OUTLET;TIE_FSCSKEY_SEQ,EXACT_OUTLET;NOT_USPS_VALIDITY;NO_INVENTORY
29125,ZCTA_NEAREST_ACTIVE_OUTLET,SC0033,003,20.394,ZCTA_NN;R6371;TIE_FIRST_LEX,ZCTA_NN_HAVERSINE;NOT_ELIGIBILITY;NOT_USPS_VALIDITY;NO_INVENTORY
29126,ZCTA_NEAREST_ACTIVE_OUTLET,SC0027,007,18.768,ZCTA_NN;R6371;TIE_FIRST_LEX,ZCTA_NN_HAVERSINE;NOT_ELIGIBILITY;NOT_USPS_VALIDITY;NO_INVENTORY
29127,ZCTA_NEAREST_ACTIVE_OUTLET,SC0027,007,14.525,ZCTA_NN;R6371;TIE_FIRST_LEX,ZCTA_NN_HAVERSINE;NOT_ELIGIBILITY;NOT_USPS_VALIDITY;NO_INVENTORY
29128,ZCTA_NEAREST_ACTIVE_OUTLET,SC0023,004,18.176,ZCTA_NN;R6371;TIE_FIRST_LEX,ZCTA_NN_HAVERSINE;NOT_ELIGIBILITY;NOT_USPS_VALIDITY;NO_INVENTORY
29129,EXACT_IMLS_OUTLET_ZIP,SC8002,002,,EXACT_OUTLET;TIE_FSCSKEY_SEQ,EXACT_OUTLET;NOT_USPS_VALIDITY;NO_INVENTORY
29130,ZCTA_NEAREST_ACTIVE_OUTLET,SC0035,011,15.631,ZCTA_NN;R6371;TIE_FIRST_LEX,ZCTA_NN_HAVERSINE;NOT_ELIGIBILITY;NOT_USPS_VALIDITY;NO_INVENTORY
29133,ZCTA_NEAREST_ACTIVE_OUTLET,SC0033,011,11.322,ZCTA_NN;R6371;TIE_FIRST_LEX,ZCTA_NN_HAVERSINE;NOT_ELIGIBILITY;NOT_USPS_VALIDITY;NO_INVENTORY
29135,EXACT_IMLS_OUTLET_ZIP,SC0007,002,,EXACT_OUTLET;TIE_FSCSKEY_SEQ,EXACT_OUTLET;NOT_USPS_VALIDITY;NO_INVENTORY
29137,ZCTA_NEAREST_ACTIVE_OUTLET,SC0002,013,6.915,ZCTA_NN;R6371;TIE_FIRST_LEX,ZCTA_NN_HAVERSINE;NOT_ELIGIBILITY;NOT_USPS_VALIDITY;NO_INVENTORY
29138,EXACT_IMLS_OUTLET_ZIP,SC8002,001,,EXACT_OUTLET;TIE_FSCSKEY_SEQ,EXACT_OUTLET;NOT_USPS_VALIDITY;NO_INVENTORY
29142,EXACT_IMLS_OUTLET_ZIP,SC0033,009,,EXACT_OUTLET;TIE_FSCSKEY_SEQ,EXACT_OUTLET;NOT_USPS_VALIDITY;NO_INVENTORY
29145,ZCTA_NEAREST_ACTIVE_OUTLET,SC8001,001,18.299,ZCTA_NN;R6371;TIE_FIRST_LEX,ZCTA_NN_HAVERSINE;NOT_ELIGIBILITY;NOT_USPS_VALIDITY;NO_INVENTORY
29146,ZCTA_NEAREST_ACTIVE_OUTLET,SC0002,014,16.344,ZCTA_NN;R6371;TIE_FIRST_LEX,ZCTA_NN_HAVERSINE;NOT_ELIGIBILITY;NOT_USPS_VALIDITY;NO_INVENTORY
29148,ZCTA_NEAREST_ACTIVE_OUTLET,SC0033,009,15.433,ZCTA_NN;R6371;TIE_FIRST_LEX,ZCTA_NN_HAVERSINE;NOT_ELIGIBILITY;NOT_USPS_VALIDITY;NO_INVENTORY
29150,EXACT_IMLS_OUTLET_ZIP,SC0037,002,,EXACT_OUTLET;TIE_FSCSKEY_SEQ,EXACT_OUTLET;NOT_USPS_VALIDITY;NO_INVENTORY
29151,OBSERVED_REFERENCE_INDIRECT_ONLY,,,,INDIRECT_IMLS_SC;NO_FABRICATED_NEAREST,INDIRECT_IMLS_SC;NO_FABRICATED_NEAREST;NOT_REJECTED;NOT_USPS_VALIDITY;NO_INVENTORY
29152,ZCTA_NEAREST_ACTIVE_OUTLET,SC0037,004,8.015,ZCTA_NN;R6371;TIE_FIRST_LEX,ZCTA_NN_HAVERSINE;NOT_ELIGIBILITY;NOT_USPS_VALIDITY;NO_INVENTORY
29153,ZCTA_NEAREST_ACTIVE_OUTLET,SC0037,002,6.219,ZCTA_NN;R6371;TIE_FIRST_LEX,ZCTA_NN_HAVERSINE;NOT_ELIGIBILITY;NOT_USPS_VALIDITY;NO_INVENTORY
29154,ZCTA_NEAREST_ACTIVE_OUTLET,SC0037,005,13.622,ZCTA_NN;R6371;TIE_FIRST_LEX,ZCTA_NN_HAVERSINE;NOT_ELIGIBILITY;NOT_USPS_VALIDITY;NO_INVENTORY
29160,EXACT_IMLS_OUTLET_ZIP,SC0027,009,,EXACT_OUTLET;TIE_FSCSKEY_SEQ,EXACT_OUTLET;NOT_USPS_VALIDITY;NO_INVENTORY
29161,EXACT_IMLS_OUTLET_ZIP,SC0019,006,,EXACT_OUTLET;TIE_FSCSKEY_SEQ,EXACT_OUTLET;NOT_USPS_VALIDITY;NO_INVENTORY
29162,ZCTA_NEAREST_ACTIVE_OUTLET,SC0019,004,9.066,ZCTA_NN;R6371;TIE_FIRST_LEX,ZCTA_NN_HAVERSINE;NOT_ELIGIBILITY;NOT_USPS_VALIDITY;NO_INVENTORY
29163,ZCTA_NEAREST_ACTIVE_OUTLET,SC0033,009,7.254,ZCTA_NN;R6371;TIE_FIRST_LEX,ZCTA_NN_HAVERSINE;NOT_ELIGIBILITY;NOT_USPS_VALIDITY;NO_INVENTORY
29164,EXACT_IMLS_OUTLET_ZIP,SC0002,013,,EXACT_OUTLET;TIE_FSCSKEY_SEQ,EXACT_OUTLET;NOT_USPS_VALIDITY;NO_INVENTORY
29166,ZCTA_NEAREST_ACTIVE_OUTLET,SC8002,002,7.399,ZCTA_NN;R6371;TIE_FIRST_LEX,ZCTA_NN_HAVERSINE;NOT_ELIGIBILITY;NOT_USPS_VALIDITY;NO_INVENTORY
29168,ZCTA_NEAREST_ACTIVE_OUTLET,SC0035,005,14.579,ZCTA_NN;R6371;TIE_FIRST_LEX,ZCTA_NN_HAVERSINE;NOT_ELIGIBILITY;NOT_USPS_VALIDITY;NO_INVENTORY
29169,EXACT_IMLS_OUTLET_ZIP,SC0027,003,,EXACT_OUTLET;TIE_FSCSKEY_SEQ,EXACT_OUTLET;NOT_USPS_VALIDITY;NO_INVENTORY
29170,ZCTA_NEAREST_ACTIVE_OUTLET,SC0027,012,3.381,ZCTA_NN;R6371;TIE_FIRST_LEX,ZCTA_NN_HAVERSINE;NOT_ELIGIBILITY;NOT_USPS_VALIDITY;NO_INVENTORY
29171,OBSERVED_REFERENCE_INDIRECT_ONLY,,,,INDIRECT_IMLS_SC;NO_FABRICATED_NEAREST,INDIRECT_IMLS_SC;NO_FABRICATED_NEAREST;NOT_REJECTED;NOT_USPS_VALIDITY;NO_INVENTORY
29172,EXACT_IMLS_OUTLET_ZIP,SC0027,012,,EXACT_OUTLET;TIE_FSCSKEY_SEQ,EXACT_OUTLET;NOT_USPS_VALIDITY;NO_INVENTORY
29175,ZCTA_NEAREST_ACTIVE_OUTLET,SC0024,003,12.004,ZCTA_NN;R6371;TIE_FIRST_LEX,ZCTA_NN_HAVERSINE;NOT_ELIGIBILITY;NOT_USPS_VALIDITY;NO_INVENTORY
29177,ZCTA_NEAREST_ACTIVE_OUTLET,SC0035,010,4.076,ZCTA_NN;R6371;TIE_FIRST_LEX,ZCTA_NN_HAVERSINE;NOT_ELIGIBILITY;NOT_USPS_VALIDITY;NO_INVENTORY
29178,EXACT_IMLS_OUTLET_ZIP,SC8001,002,,EXACT_OUTLET;TIE_FSCSKEY_SEQ,EXACT_OUTLET;NOT_USPS_VALIDITY;NO_INVENTORY
29180,EXACT_IMLS_OUTLET_ZIP,SC0018,002,,EXACT_OUTLET;TIE_FSCSKEY_SEQ,EXACT_OUTLET;NOT_USPS_VALIDITY;NO_INVENTORY
29201,EXACT_IMLS_OUTLET_ZIP,SC0035,002,,EXACT_OUTLET;TIE_FSCSKEY_SEQ,EXACT_OUTLET;NOT_USPS_VALIDITY;NO_INVENTORY
29202,OBSERVED_REFERENCE_INDIRECT_ONLY,,,,INDIRECT_IMLS_SC;NO_FABRICATED_NEAREST,INDIRECT_IMLS_SC;NO_FABRICATED_NEAREST;NOT_REJECTED;NOT_USPS_VALIDITY;NO_INVENTORY
29203,EXACT_IMLS_OUTLET_ZIP,SC0035,008,,EXACT_OUTLET;TIE_FSCSKEY_SEQ,EXACT_OUTLET;NOT_USPS_VALIDITY;NO_INVENTORY
29204,EXACT_IMLS_OUTLET_ZIP,SC0035,014,,EXACT_OUTLET;TIE_FSCSKEY_SEQ,EXACT_OUTLET;NOT_USPS_VALIDITY;NO_INVENTORY
29205,EXACT_IMLS_OUTLET_ZIP,SC0035,004,,EXACT_OUTLET;TIE_FSCSKEY_SEQ,EXACT_OUTLET;NOT_USPS_VALIDITY;NO_INVENTORY
29206,EXACT_IMLS_OUTLET_ZIP,SC0035,003,,EXACT_OUTLET;TIE_FSCSKEY_SEQ,EXACT_OUTLET;NOT_USPS_VALIDITY;NO_INVENTORY
29207,ZCTA_NEAREST_ACTIVE_OUTLET,SC0035,012,10.025,ZCTA_NN;R6371;TIE_FIRST_LEX,ZCTA_NN_HAVERSINE;NOT_ELIGIBILITY;NOT_USPS_VALIDITY;NO_INVENTORY
29208,ZCTA_NEAREST_ACTIVE_OUTLET,SC0035,002,1.208,ZCTA_NN;R6371;TIE_FIRST_LEX,ZCTA_NN_HAVERSINE;NOT_ELIGIBILITY;NOT_USPS_VALIDITY;NO_INVENTORY
29209,EXACT_IMLS_OUTLET_ZIP,SC0035,006,,EXACT_OUTLET;TIE_FSCSKEY_SEQ,EXACT_OUTLET;NOT_USPS_VALIDITY;NO_INVENTORY
29210,EXACT_IMLS_OUTLET_ZIP,SC0035,009,,EXACT_OUTLET;TIE_FSCSKEY_SEQ,EXACT_OUTLET;NOT_USPS_VALIDITY;NO_INVENTORY
29211,OBSERVED_REFERENCE_INDIRECT_ONLY,,,,INDIRECT_IMLS_SC;NO_FABRICATED_NEAREST,INDIRECT_IMLS_SC;NO_FABRICATED_NEAREST;NOT_REJECTED;NOT_USPS_VALIDITY;NO_INVENTORY
29212,EXACT_IMLS_OUTLET_ZIP,SC0027,005,,EXACT_OUTLET;TIE_FSCSKEY_SEQ,EXACT_OUTLET;NOT_USPS_VALIDITY;NO_INVENTORY
29219,OBSERVED_REFERENCE_INDIRECT_ONLY,,,,INDIRECT_IMLS_SC;NO_FABRICATED_NEAREST,INDIRECT_IMLS_SC;NO_FABRICATED_NEAREST;NOT_REJECTED;NOT_USPS_VALIDITY;NO_INVENTORY
29220,OBSERVED_REFERENCE_INDIRECT_ONLY,,,,INDIRECT_IMLS_SC;NO_FABRICATED_NEAREST,INDIRECT_IMLS_SC;NO_FABRICATED_NEAREST;NOT_REJECTED;NOT_USPS_VALIDITY;NO_INVENTORY
29221,OBSERVED_REFERENCE_INDIRECT_ONLY,,,,INDIRECT_IMLS_SC;NO_FABRICATED_NEAREST,INDIRECT_IMLS_SC;NO_FABRICATED_NEAREST;NOT_REJECTED;NOT_USPS_VALIDITY;NO_INVENTORY
29223,EXACT_IMLS_OUTLET_ZIP,SC0035,007,,EXACT_OUTLET;TIE_FSCSKEY_SEQ,EXACT_OUTLET;NOT_USPS_VALIDITY;NO_INVENTORY
29224,OBSERVED_REFERENCE_INDIRECT_ONLY,,,,INDIRECT_IMLS_SC;NO_FABRICATED_NEAREST,INDIRECT_IMLS_SC;NO_FABRICATED_NEAREST;NOT_REJECTED;NOT_USPS_VALIDITY;NO_INVENTORY
29225,ZCTA_NEAREST_ACTIVE_OUTLET,SC0035,002,1.182,ZCTA_NN;R6371;TIE_FIRST_LEX,ZCTA_NN_HAVERSINE;NOT_ELIGIBILITY;NOT_USPS_VALIDITY;NO_INVENTORY
29226,OBSERVED_REFERENCE_INDIRECT_ONLY,,,,INDIRECT_IMLS_SC;NO_FABRICATED_NEAREST,INDIRECT_IMLS_SC;NO_FABRICATED_NEAREST;NOT_REJECTED;NOT_USPS_VALIDITY;NO_INVENTORY
29229,EXACT_IMLS_OUTLET_ZIP,SC0035,012,,EXACT_OUTLET;TIE_FSCSKEY_SEQ,EXACT_OUTLET;NOT_USPS_VALIDITY;NO_INVENTORY
29230,OBSERVED_REFERENCE_INDIRECT_ONLY,,,,INDIRECT_IMLS_SC;NO_FABRICATED_NEAREST,INDIRECT_IMLS_SC;NO_FABRICATED_NEAREST;NOT_REJECTED;NOT_USPS_VALIDITY;NO_INVENTORY
29240,OBSERVED_REFERENCE_INDIRECT_ONLY,,,,INDIRECT_IMLS_SC;NO_FABRICATED_NEAREST,INDIRECT_IMLS_SC;NO_FABRICATED_NEAREST;NOT_REJECTED;NOT_USPS_VALIDITY;NO_INVENTORY
29250,OBSERVED_REFERENCE_INDIRECT_ONLY,,,,INDIRECT_IMLS_SC;NO_FABRICATED_NEAREST,INDIRECT_IMLS_SC;NO_FABRICATED_NEAREST;NOT_REJECTED;NOT_USPS_VALIDITY;NO_INVENTORY
29260,OBSERVED_REFERENCE_INDIRECT_ONLY,,,,INDIRECT_IMLS_SC;NO_FABRICATED_NEAREST,INDIRECT_IMLS_SC;NO_FABRICATED_NEAREST;NOT_REJECTED;NOT_USPS_VALIDITY;NO_INVENTORY
29290,OBSERVED_REFERENCE_INDIRECT_ONLY,,,,INDIRECT_IMLS_SC;NO_FABRICATED_NEAREST,INDIRECT_IMLS_SC;NO_FABRICATED_NEAREST;NOT_REJECTED;NOT_USPS_VALIDITY;NO_INVENTORY
29301,EXACT_IMLS_OUTLET_ZIP,SC0036,008,,EXACT_OUTLET;TIE_FSCSKEY_SEQ,EXACT_OUTLET;NOT_USPS_VALIDITY;NO_INVENTORY
29302,ZCTA_NEAREST_ACTIVE_OUTLET,SC0036,012,7.189,ZCTA_NN;R6371;TIE_FIRST_LEX,ZCTA_NN_HAVERSINE;NOT_ELIGIBILITY;NOT_USPS_VALIDITY;NO_INVENTORY
29303,ZCTA_NEAREST_ACTIVE_OUTLET,SC0036,003,5.157,ZCTA_NN;R6371;TIE_FIRST_LEX,ZCTA_NN_HAVERSINE;NOT_ELIGIBILITY;NOT_USPS_VALIDITY;NO_INVENTORY
29304,OBSERVED_REFERENCE_INDIRECT_ONLY,,,,INDIRECT_IMLS_SC;NO_FABRICATED_NEAREST,INDIRECT_IMLS_SC;NO_FABRICATED_NEAREST;NOT_REJECTED;NOT_USPS_VALIDITY;NO_INVENTORY
29305,OBSERVED_REFERENCE_INDIRECT_ONLY,,,,INDIRECT_IMLS_SC;NO_FABRICATED_NEAREST,INDIRECT_IMLS_SC;NO_FABRICATED_NEAREST;NOT_REJECTED;NOT_USPS_VALIDITY;NO_INVENTORY
29306,EXACT_IMLS_OUTLET_ZIP,SC0036,002,,EXACT_OUTLET;TIE_FSCSKEY_SEQ,EXACT_OUTLET;NOT_USPS_VALIDITY;NO_INVENTORY
29307,ZCTA_NEAREST_ACTIVE_OUTLET,SC0036,013,4.870,ZCTA_NN;R6371;TIE_FIRST_LEX,ZCTA_NN_HAVERSINE;NOT_ELIGIBILITY;NOT_USPS_VALIDITY;NO_INVENTORY
29316,EXACT_IMLS_OUTLET_ZIP,SC0036,003,,EXACT_OUTLET;TIE_FSCSKEY_SEQ,EXACT_OUTLET;NOT_USPS_VALIDITY;NO_INVENTORY
29319,OBSERVED_REFERENCE_INDIRECT_ONLY,,,,INDIRECT_IMLS_SC;NO_FABRICATED_NEAREST,INDIRECT_IMLS_SC;NO_FABRICATED_NEAREST;NOT_REJECTED;NOT_USPS_VALIDITY;NO_INVENTORY
29320,ZCTA_NEAREST_ACTIVE_OUTLET,SC0036,008,3.929,ZCTA_NN;R6371;TIE_FIRST_LEX,ZCTA_NN_HAVERSINE;NOT_ELIGIBILITY;NOT_USPS_VALIDITY;NO_INVENTORY
29321,ZCTA_NEAREST_ACTIVE_OUTLET,SC0038,002,11.010,ZCTA_NN;R6371;TIE_FIRST_LEX,ZCTA_NN_HAVERSINE;NOT_ELIGIBILITY;NOT_USPS_VALIDITY;NO_INVENTORY
29322,ZCTA_NEAREST_ACTIVE_OUTLET,SC0036,006,7.560,ZCTA_NN;R6371;TIE_FIRST_LEX,ZCTA_NN_HAVERSINE;NOT_ELIGIBILITY;NOT_USPS_VALIDITY;NO_INVENTORY
29323,EXACT_IMLS_OUTLET_ZIP,SC0036,004,,EXACT_OUTLET;TIE_FSCSKEY_SEQ,EXACT_OUTLET;NOT_USPS_VALIDITY;NO_INVENTORY
29324,ZCTA_NEAREST_ACTIVE_OUTLET,SC0036,013,3.703,ZCTA_NN;R6371;TIE_FIRST_LEX,ZCTA_NN_HAVERSINE;NOT_ELIGIBILITY;NOT_USPS_VALIDITY;NO_INVENTORY
29325,EXACT_IMLS_OUTLET_ZIP,SC0025,003,,EXACT_OUTLET;TIE_FSCSKEY_SEQ,EXACT_OUTLET;NOT_USPS_VALIDITY;NO_INVENTORY
29329,ZCTA_NEAREST_ACTIVE_OUTLET,SC0036,013,4.267,ZCTA_NN;R6371;TIE_FIRST_LEX,ZCTA_NN_HAVERSINE;NOT_ELIGIBILITY;NOT_USPS_VALIDITY;NO_INVENTORY
29330,EXACT_IMLS_OUTLET_ZIP,SC0036,013,,EXACT_OUTLET;TIE_FSCSKEY_SEQ,EXACT_OUTLET;NOT_USPS_VALIDITY;NO_INVENTORY
29331,ZCTA_NEAREST_ACTIVE_OUTLET,SC0036,009,19.330,ZCTA_NN;R6371;TIE_FIRST_LEX,ZCTA_NN_HAVERSINE;NOT_ELIGIBILITY;NOT_USPS_VALIDITY;NO_INVENTORY
29332,ZCTA_NEAREST_ACTIVE_OUTLET,SC8004,006,12.630,ZCTA_NN;R6371;TIE_FIRST_LEX,ZCTA_NN_HAVERSINE;NOT_ELIGIBILITY;NOT_USPS_VALIDITY;NO_INVENTORY
29333,ZCTA_NEAREST_ACTIVE_OUTLET,SC0036,002,3.148,ZCTA_NN;R6371;TIE_FIRST_LEX,ZCTA_NN_HAVERSINE;NOT_ELIGIBILITY;NOT_USPS_VALIDITY;NO_INVENTORY
29334,ZCTA_NEAREST_ACTIVE_OUTLET,SC0036,007,3.766,ZCTA_NN;R6371;TIE_FIRST_LEX,ZCTA_NN_HAVERSINE;NOT_ELIGIBILITY;NOT_USPS_VALIDITY;NO_INVENTORY
29335,ZCTA_NEAREST_ACTIVE_OUTLET,SC0036,009,14.731,ZCTA_NN;R6371;TIE_FIRST_LEX,ZCTA_NN_HAVERSINE;NOT_ELIGIBILITY;NOT_USPS_VALIDITY;NO_INVENTORY
29336,OBSERVED_REFERENCE_INDIRECT_ONLY,,,,INDIRECT_IMLS_SC;NO_FABRICATED_NEAREST,INDIRECT_IMLS_SC;NO_FABRICATED_NEAREST;NOT_REJECTED;NOT_USPS_VALIDITY;NO_INVENTORY
29338,ZCTA_NEAREST_ACTIVE_OUTLET,SC0036,003,10.347,ZCTA_NN;R6371;TIE_FIRST_LEX,ZCTA_NN_HAVERSINE;NOT_ELIGIBILITY;NOT_USPS_VALIDITY;NO_INVENTORY
29340,EXACT_IMLS_OUTLET_ZIP,SC0010,003,,EXACT_OUTLET;TIE_FSCSKEY_SEQ,EXACT_OUTLET;NOT_USPS_VALIDITY;NO_INVENTORY
29341,ZCTA_NEAREST_ACTIVE_OUTLET,SC0010,003,8.193,ZCTA_NN;R6371;TIE_FIRST_LEX,ZCTA_NN_HAVERSINE;NOT_ELIGIBILITY;NOT_USPS_VALIDITY;NO_INVENTORY
29342,OBSERVED_REFERENCE_INDIRECT_ONLY,,,,INDIRECT_IMLS_SC;NO_FABRICATED_NEAREST,INDIRECT_IMLS_SC;NO_FABRICATED_NEAREST;NOT_REJECTED;NOT_USPS_VALIDITY;NO_INVENTORY
29346,ZCTA_NEAREST_ACTIVE_OUTLET,SC0036,012,7.880,ZCTA_NN;R6371;TIE_FIRST_LEX,ZCTA_NN_HAVERSINE;NOT_ELIGIBILITY;NOT_USPS_VALIDITY;NO_INVENTORY
29348,OBSERVED_REFERENCE_INDIRECT_ONLY,,,,INDIRECT_IMLS_SC;NO_FABRICATED_NEAREST,INDIRECT_IMLS_SC;NO_FABRICATED_NEAREST;NOT_REJECTED;NOT_USPS_VALIDITY;NO_INVENTORY
29349,EXACT_IMLS_OUTLET_ZIP,SC0036,005,,EXACT_OUTLET;TIE_FSCSKEY_SEQ,EXACT_OUTLET;NOT_USPS_VALIDITY;NO_INVENTORY
29351,ZCTA_NEAREST_ACTIVE_OUTLET,SC0025,003,7.588,ZCTA_NN;R6371;TIE_FIRST_LEX,ZCTA_NN_HAVERSINE;NOT_ELIGIBILITY;NOT_USPS_VALIDITY;NO_INVENTORY
29353,EXACT_IMLS_OUTLET_ZIP,SC0038,004,,EXACT_OUTLET;TIE_FSCSKEY_SEQ,EXACT_OUTLET;NOT_USPS_VALIDITY;NO_INVENTORY
29355,ZCTA_NEAREST_ACTIVE_OUTLET,SC8001,001,15.418,ZCTA_NN;R6371;TIE_FIRST_LEX,ZCTA_NN_HAVERSINE;NOT_ELIGIBILITY;NOT_USPS_VALIDITY;NO_INVENTORY
29356,EXACT_IMLS_OUTLET_ZIP,SC0036,006,,EXACT_OUTLET;TIE_FSCSKEY_SEQ,EXACT_OUTLET;NOT_USPS_VALIDITY;NO_INVENTORY
29360,EXACT_IMLS_OUTLET_ZIP,SC0025,002,,EXACT_OUTLET;TIE_FSCSKEY_SEQ,EXACT_OUTLET;NOT_USPS_VALIDITY;NO_INVENTORY
29364,EXACT_IMLS_OUTLET_ZIP,SC0038,006,,EXACT_OUTLET;TIE_FSCSKEY_SEQ,EXACT_OUTLET;NOT_USPS_VALIDITY;NO_INVENTORY
29365,EXACT_IMLS_OUTLET_ZIP,SC0036,007,,EXACT_OUTLET;TIE_FSCSKEY_SEQ,EXACT_OUTLET;NOT_USPS_VALIDITY;NO_INVENTORY
29368,ZCTA_NEAREST_ACTIVE_OUTLET,SC0036,004,6.203,ZCTA_NN;R6371;TIE_FIRST_LEX,ZCTA_NN_HAVERSINE;NOT_ELIGIBILITY;NOT_USPS_VALIDITY;NO_INVENTORY
29369,ZCTA_NEAREST_ACTIVE_OUTLET,SC0036,008,6.695,ZCTA_NN;R6371;TIE_FIRST_LEX,ZCTA_NN_HAVERSINE;NOT_ELIGIBILITY;NOT_USPS_VALIDITY;NO_INVENTORY
29370,ZCTA_NEAREST_ACTIVE_OUTLET,SC0025,003,13.140,ZCTA_NN;R6371;TIE_FIRST_LEX,ZCTA_NN_HAVERSINE;NOT_ELIGIBILITY;NOT_USPS_VALIDITY;NO_INVENTORY
29372,EXACT_IMLS_OUTLET_ZIP,SC0036,012,,EXACT_OUTLET;TIE_FSCSKEY_SEQ,EXACT_OUTLET;NOT_USPS_VALIDITY;NO_INVENTORY
29373,ZCTA_NEAREST_ACTIVE_OUTLET,SC0036,012,3.366,ZCTA_NN;R6371;TIE_FIRST_LEX,ZCTA_NN_HAVERSINE;NOT_ELIGIBILITY;NOT_USPS_VALIDITY;NO_INVENTORY
29374,ZCTA_NEAREST_ACTIVE_OUTLET,SC0036,012,14.389,ZCTA_NN;R6371;TIE_FIRST_LEX,ZCTA_NN_HAVERSINE;NOT_ELIGIBILITY;NOT_USPS_VALIDITY;NO_INVENTORY
29375,ZCTA_NEAREST_ACTIVE_OUTLET,SC0036,007,8.800,ZCTA_NN;R6371;TIE_FIRST_LEX,ZCTA_NN_HAVERSINE;NOT_ELIGIBILITY;NOT_USPS_VALIDITY;NO_INVENTORY
29376,ZCTA_NEAREST_ACTIVE_OUTLET,SC0036,009,11.510,ZCTA_NN;R6371;TIE_FIRST_LEX,ZCTA_NN_HAVERSINE;NOT_ELIGIBILITY;NOT_USPS_VALIDITY;NO_INVENTORY
29377,ZCTA_NEAREST_ACTIVE_OUTLET,SC0036,007,2.545,ZCTA_NN;R6371;TIE_FIRST_LEX,ZCTA_NN_HAVERSINE;NOT_ELIGIBILITY;NOT_USPS_VALIDITY;NO_INVENTORY
29378,ZCTA_NEAREST_ACTIVE_OUTLET,SC0036,002,4.043,ZCTA_NN;R6371;TIE_FIRST_LEX,ZCTA_NN_HAVERSINE;NOT_ELIGIBILITY;NOT_USPS_VALIDITY;NO_INVENTORY
29379,EXACT_IMLS_OUTLET_ZIP,SC0038,002,,EXACT_OUTLET;TIE_FSCSKEY_SEQ,EXACT_OUTLET;NOT_USPS_VALIDITY;NO_INVENTORY
29384,ZCTA_NEAREST_ACTIVE_OUTLET,SC8004,007,14.712,ZCTA_NN;R6371;TIE_FIRST_LEX,ZCTA_NN_HAVERSINE;NOT_ELIGIBILITY;NOT_USPS_VALIDITY;NO_INVENTORY
29385,ZCTA_NEAREST_ACTIVE_OUTLET,SC0036,007,4.189,ZCTA_NN;R6371;TIE_FIRST_LEX,ZCTA_NN_HAVERSINE;NOT_ELIGIBILITY;NOT_USPS_VALIDITY;NO_INVENTORY
29388,EXACT_IMLS_OUTLET_ZIP,SC0036,009,,EXACT_OUTLET;TIE_FSCSKEY_SEQ,EXACT_OUTLET;NOT_USPS_VALIDITY;NO_INVENTORY
29401,EXACT_IMLS_OUTLET_ZIP,SC0009,012,,EXACT_OUTLET;TIE_FSCSKEY_SEQ,EXACT_OUTLET;NOT_USPS_VALIDITY;NO_INVENTORY
29402,OBSERVED_REFERENCE_INDIRECT_ONLY,,,,INDIRECT_IMLS_SC;NO_FABRICATED_NEAREST,INDIRECT_IMLS_SC;NO_FABRICATED_NEAREST;NOT_REJECTED;NOT_USPS_VALIDITY;NO_INVENTORY
29403,EXACT_IMLS_OUTLET_ZIP,SC0009,009,,EXACT_OUTLET;TIE_FSCSKEY_SEQ,EXACT_OUTLET;NOT_USPS_VALIDITY;NO_INVENTORY
29404,ZCTA_NEAREST_ACTIVE_OUTLET,SC0009,014,2.639,ZCTA_NN;R6371;TIE_FIRST_LEX,ZCTA_NN_HAVERSINE;NOT_ELIGIBILITY;NOT_USPS_VALIDITY;NO_INVENTORY
29405,EXACT_IMLS_OUTLET_ZIP,SC0009,003,,EXACT_OUTLET;TIE_FSCSKEY_SEQ,EXACT_OUTLET;NOT_USPS_VALIDITY;NO_INVENTORY
29406,EXACT_IMLS_OUTLET_ZIP,SC0006,002,,EXACT_OUTLET;TIE_FSCSKEY_SEQ,EXACT_OUTLET;NOT_USPS_VALIDITY;NO_INVENTORY
29407,EXACT_IMLS_OUTLET_ZIP,SC0009,011,,EXACT_OUTLET;TIE_FSCSKEY_SEQ,EXACT_OUTLET;NOT_USPS_VALIDITY;NO_INVENTORY
29409,ZCTA_NEAREST_ACTIVE_OUTLET,SC0009,009,1.315,ZCTA_NN;R6371;TIE_FIRST_LEX,ZCTA_NN_HAVERSINE;NOT_ELIGIBILITY;NOT_USPS_VALIDITY;NO_INVENTORY
29410,ZCTA_NEAREST_ACTIVE_OUTLET,SC0006,002,2.296,ZCTA_NN;R6371;TIE_FIRST_LEX,ZCTA_NN_HAVERSINE;NOT_ELIGIBILITY;NOT_USPS_VALIDITY;NO_INVENTORY
29412,EXACT_IMLS_OUTLET_ZIP,SC0009,020,,EXACT_OUTLET;TIE_FSCSKEY_SEQ,EXACT_OUTLET;NOT_USPS_VALIDITY;NO_INVENTORY
29413,OBSERVED_REFERENCE_INDIRECT_ONLY,,,,INDIRECT_IMLS_SC;NO_FABRICATED_NEAREST,INDIRECT_IMLS_SC;NO_FABRICATED_NEAREST;NOT_REJECTED;NOT_USPS_VALIDITY;NO_INVENTORY
29414,EXACT_IMLS_OUTLET_ZIP,SC0009,022,,EXACT_OUTLET;TIE_FSCSKEY_SEQ,EXACT_OUTLET;NOT_USPS_VALIDITY;NO_INVENTORY
29415,OBSERVED_REFERENCE_INDIRECT_ONLY,,,,INDIRECT_IMLS_SC;NO_FABRICATED_NEAREST,INDIRECT_IMLS_SC;NO_FABRICATED_NEAREST;NOT_REJECTED;NOT_USPS_VALIDITY;NO_INVENTORY
29416,OBSERVED_REFERENCE_INDIRECT_ONLY,,,,INDIRECT_IMLS_SC;NO_FABRICATED_NEAREST,INDIRECT_IMLS_SC;NO_FABRICATED_NEAREST;NOT_REJECTED;NOT_USPS_VALIDITY;NO_INVENTORY
29417,OBSERVED_REFERENCE_INDIRECT_ONLY,,,,INDIRECT_IMLS_SC;NO_FABRICATED_NEAREST,INDIRECT_IMLS_SC;NO_FABRICATED_NEAREST;NOT_REJECTED;NOT_USPS_VALIDITY;NO_INVENTORY
29418,EXACT_IMLS_OUTLET_ZIP,SC0009,014,,EXACT_OUTLET;TIE_FSCSKEY_SEQ,EXACT_OUTLET;NOT_USPS_VALIDITY;NO_INVENTORY
29419,OBSERVED_REFERENCE_INDIRECT_ONLY,,,,INDIRECT_IMLS_SC;NO_FABRICATED_NEAREST,INDIRECT_IMLS_SC;NO_FABRICATED_NEAREST;NOT_REJECTED;NOT_USPS_VALIDITY;NO_INVENTORY
29420,EXACT_IMLS_OUTLET_ZIP,SC0017,007,,EXACT_OUTLET;TIE_FSCSKEY_SEQ,EXACT_OUTLET;NOT_USPS_VALIDITY;NO_INVENTORY
29422,OBSERVED_REFERENCE_INDIRECT_ONLY,,,,INDIRECT_IMLS_SC;NO_FABRICATED_NEAREST,INDIRECT_IMLS_SC;NO_FABRICATED_NEAREST;NOT_REJECTED;NOT_USPS_VALIDITY;NO_INVENTORY
29423,OBSERVED_REFERENCE_INDIRECT_ONLY,,,,INDIRECT_IMLS_SC;NO_FABRICATED_NEAREST,INDIRECT_IMLS_SC;NO_FABRICATED_NEAREST;NOT_REJECTED;NOT_USPS_VALIDITY;NO_INVENTORY
29424,ZCTA_NEAREST_ACTIVE_OUTLET,SC0009,012,0.733,ZCTA_NN;R6371;TIE_FIRST_LEX,ZCTA_NN_HAVERSINE;NOT_ELIGIBILITY;NOT_USPS_VALIDITY;NO_INVENTORY
29425,ZCTA_NEAREST_ACTIVE_OUTLET,SC0009,012,1.664,ZCTA_NN;R6371;TIE_FIRST_LEX,ZCTA_NN_HAVERSINE;NOT_ELIGIBILITY;NOT_USPS_VALIDITY;NO_INVENTORY
29426,ZCTA_NEAREST_ACTIVE_OUTLET,SC0009,008,13.279,ZCTA_NN;R6371;TIE_FIRST_LEX,ZCTA_NN_HAVERSINE;NOT_ELIGIBILITY;NOT_USPS_VALIDITY;NO_INVENTORY
29429,ZCTA_NEAREST_ACTIVE_OUTLET,SC0009,019,12.945,ZCTA_NN;R6371;TIE_FIRST_LEX,ZCTA_NN_HAVERSINE;NOT_ELIGIBILITY;NOT_USPS_VALIDITY;NO_INVENTORY
29431,ZCTA_NEAREST_ACTIVE_OUTLET,SC0006,007,14.479,ZCTA_NN;R6371;TIE_FIRST_LEX,ZCTA_NN_HAVERSINE;NOT_ELIGIBILITY;NOT_USPS_VALIDITY;NO_INVENTORY
29432,ZCTA_NEAREST_ACTIVE_OUTLET,SC0002,004,17.351,ZCTA_NN;R6371;TIE_FIRST_LEX,ZCTA_NN_HAVERSINE;NOT_ELIGIBILITY;NOT_USPS_VALIDITY;NO_INVENTORY
29434,ZCTA_NEAREST_ACTIVE_OUTLET,SC0006,007,15.458,ZCTA_NN;R6371;TIE_FIRST_LEX,ZCTA_NN_HAVERSINE;NOT_ELIGIBILITY;NOT_USPS_VALIDITY;NO_INVENTORY
29435,EXACT_IMLS_OUTLET_ZIP,SC0014,005,,EXACT_OUTLET;TIE_FSCSKEY_SEQ,EXACT_OUTLET;NOT_USPS_VALIDITY;NO_INVENTORY
29436,ZCTA_NEAREST_ACTIVE_OUTLET,SC0033,004,21.279,ZCTA_NN;R6371;TIE_FIRST_LEX,ZCTA_NN_HAVERSINE;NOT_ELIGIBILITY;NOT_USPS_VALIDITY;NO_INVENTORY
29437,ZCTA_NEAREST_ACTIVE_OUTLET,SC0017,003,15.493,ZCTA_NN;R6371;TIE_FIRST_LEX,ZCTA_NN_HAVERSINE;NOT_ELIGIBILITY;NOT_USPS_VALIDITY;NO_INVENTORY
29438,EXACT_IMLS_OUTLET_ZIP,SC0009,004,,EXACT_OUTLET;TIE_FSCSKEY_SEQ,EXACT_OUTLET;NOT_USPS_VALIDITY;NO_INVENTORY
29439,EXACT_IMLS_OUTLET_ZIP,SC0009,007,,EXACT_OUTLET;TIE_FSCSKEY_SEQ,EXACT_OUTLET;NOT_USPS_VALIDITY;NO_INVENTORY
29440,EXACT_IMLS_OUTLET_ZIP,SC0020,002,,EXACT_OUTLET;TIE_FSCSKEY_SEQ,EXACT_OUTLET;NOT_USPS_VALIDITY;NO_INVENTORY
29442,OBSERVED_REFERENCE_INDIRECT_ONLY,,,,INDIRECT_IMLS_SC;NO_FABRICATED_NEAREST,INDIRECT_IMLS_SC;NO_FABRICATED_NEAREST;NOT_REJECTED;NOT_USPS_VALIDITY;NO_INVENTORY
29445,EXACT_IMLS_OUTLET_ZIP,SC0006,006,,EXACT_OUTLET;TIE_FSCSKEY_SEQ,EXACT_OUTLET;NOT_USPS_VALIDITY;NO_INVENTORY
29446,ZCTA_NEAREST_ACTIVE_OUTLET,SC0014,003,21.258,ZCTA_NN;R6371;TIE_FIRST_LEX,ZCTA_NN_HAVERSINE;NOT_ELIGIBILITY;NOT_USPS_VALIDITY;NO_INVENTORY
29448,ZCTA_NEAREST_ACTIVE_OUTLET,SC0033,004,8.399,ZCTA_NN;R6371;TIE_FIRST_LEX,ZCTA_NN_HAVERSINE;NOT_ELIGIBILITY;NOT_USPS_VALIDITY;NO_INVENTORY
29449,EXACT_IMLS_OUTLET_ZIP,SC0009,008,,EXACT_OUTLET;TIE_FSCSKEY_SEQ,EXACT_OUTLET;NOT_USPS_VALIDITY;NO_INVENTORY
29450,ZCTA_NEAREST_ACTIVE_OUTLET,SC0009,019,22.483,ZCTA_NN;R6371;TIE_FIRST_LEX,ZCTA_NN_HAVERSINE;NOT_ELIGIBILITY;NOT_USPS_VALIDITY;NO_INVENTORY
29451,ZCTA_NEAREST_ACTIVE_OUTLET,SC0009,019,6.664,ZCTA_NN;R6371;TIE_FIRST_LEX,ZCTA_NN_HAVERSINE;NOT_ELIGIBILITY;NOT_USPS_VALIDITY;NO_INVENTORY
29452,ZCTA_NEAREST_ACTIVE_OUTLET,SC0009,008,21.536,ZCTA_NN;R6371;TIE_FIRST_LEX,ZCTA_NN_HAVERSINE;NOT_ELIGIBILITY;NOT_USPS_VALIDITY;NO_INVENTORY
29453,ZCTA_NEAREST_ACTIVE_OUTLET,SC0020,008,16.152,ZCTA_NN;R6371;TIE_FIRST_LEX,ZCTA_NN_HAVERSINE;NOT_ELIGIBILITY;NOT_USPS_VALIDITY;NO_INVENTORY
29455,EXACT_IMLS_OUTLET_ZIP,SC0009,018,,EXACT_OUTLET;TIE_FSCSKEY_SEQ,EXACT_OUTLET;NOT_USPS_VALIDITY;NO_INVENTORY
29456,ZCTA_NEAREST_ACTIVE_OUTLET,SC0006,009,5.152,ZCTA_NN;R6371;TIE_FIRST_LEX,ZCTA_NN_HAVERSINE;NOT_ELIGIBILITY;NOT_USPS_VALIDITY;NO_INVENTORY
29457,OBSERVED_REFERENCE_INDIRECT_ONLY,,,,INDIRECT_IMLS_SC;NO_FABRICATED_NEAREST,INDIRECT_IMLS_SC;NO_FABRICATED_NEAREST;NOT_REJECTED;NOT_USPS_VALIDITY;NO_INVENTORY
29458,EXACT_IMLS_OUTLET_ZIP,SC0009,006,,EXACT_OUTLET;TIE_FSCSKEY_SEQ,EXACT_OUTLET;NOT_USPS_VALIDITY;NO_INVENTORY
29461,EXACT_IMLS_OUTLET_ZIP,SC0006,007,,EXACT_OUTLET;TIE_FSCSKEY_SEQ,EXACT_OUTLET;NOT_USPS_VALIDITY;NO_INVENTORY
29464,EXACT_IMLS_OUTLET_ZIP,SC0009,002,,EXACT_OUTLET;TIE_FSCSKEY_SEQ,EXACT_OUTLET;NOT_USPS_VALIDITY;NO_INVENTORY
29465,OBSERVED_REFERENCE_INDIRECT_ONLY,,,,INDIRECT_IMLS_SC;NO_FABRICATED_NEAREST,INDIRECT_IMLS_SC;NO_FABRICATED_NEAREST;NOT_REJECTED;NOT_USPS_VALIDITY;NO_INVENTORY
29466,EXACT_IMLS_OUTLET_ZIP,SC0009,019,,EXACT_OUTLET;TIE_FSCSKEY_SEQ,EXACT_OUTLET;NOT_USPS_VALIDITY;NO_INVENTORY
29468,ZCTA_NEAREST_ACTIVE_OUTLET,SC0006,005,14.803,ZCTA_NN;R6371;TIE_FIRST_LEX,ZCTA_NN_HAVERSINE;NOT_ELIGIBILITY;NOT_USPS_VALIDITY;NO_INVENTORY
29469,ZCTA_NEAREST_ACTIVE_OUTLET,SC0006,010,12.578,ZCTA_NN;R6371;TIE_FIRST_LEX,ZCTA_NN_HAVERSINE;NOT_ELIGIBILITY;NOT_USPS_VALIDITY;NO_INVENTORY
29470,ZCTA_NEAREST_ACTIVE_OUTLET,SC0009,008,10.000,ZCTA_NN;R6371;TIE_FIRST_LEX,ZCTA_NN_HAVERSINE;NOT_ELIGIBILITY;NOT_USPS_VALIDITY;NO_INVENTORY
29471,ZCTA_NEAREST_ACTIVE_OUTLET,SC0017,003,9.236,ZCTA_NN;R6371;TIE_FIRST_LEX,ZCTA_NN_HAVERSINE;NOT_ELIGIBILITY;NOT_USPS_VALIDITY;NO_INVENTORY
29472,ZCTA_NEAREST_ACTIVE_OUTLET,SC0017,002,14.751,ZCTA_NN;R6371;TIE_FIRST_LEX,ZCTA_NN_HAVERSINE;NOT_ELIGIBILITY;NOT_USPS_VALIDITY;NO_INVENTORY
29474,ZCTA_NEAREST_ACTIVE_OUTLET,SC0014,005,5.256,ZCTA_NN;R6371;TIE_FIRST_LEX,ZCTA_NN_HAVERSINE;NOT_ELIGIBILITY;NOT_USPS_VALIDITY;NO_INVENTORY
29475,ZCTA_NEAREST_ACTIVE_OUTLET,SC0014,002,16.820,ZCTA_NN;R6371;TIE_FIRST_LEX,ZCTA_NN_HAVERSINE;NOT_ELIGIBILITY;NOT_USPS_VALIDITY;NO_INVENTORY
29477,EXACT_IMLS_OUTLET_ZIP,SC0017,003,,EXACT_OUTLET;TIE_FSCSKEY_SEQ,EXACT_OUTLET;NOT_USPS_VALIDITY;NO_INVENTORY
29479,EXACT_IMLS_OUTLET_ZIP,SC0006,005,,EXACT_OUTLET;TIE_FSCSKEY_SEQ,EXACT_OUTLET;NOT_USPS_VALIDITY;NO_INVENTORY
29481,ZCTA_NEAREST_ACTIVE_OUTLET,SC0017,003,22.010,ZCTA_NN;R6371;TIE_FIRST_LEX,ZCTA_NN_HAVERSINE;NOT_ELIGIBILITY;NOT_USPS_VALIDITY;NO_INVENTORY
29482,EXACT_IMLS_OUTLET_ZIP,SC0009,005,,EXACT_OUTLET;TIE_FSCSKEY_SEQ,EXACT_OUTLET;NOT_USPS_VALIDITY;NO_INVENTORY
29483,EXACT_IMLS_OUTLET_ZIP,SC0006,009,,EXACT_OUTLET;TIE_FSCSKEY_SEQ,EXACT_OUTLET;NOT_USPS_VALIDITY;NO_INVENTORY
29484,OBSERVED_REFERENCE_INDIRECT_ONLY,,,,INDIRECT_IMLS_SC;NO_FABRICATED_NEAREST,INDIRECT_IMLS_SC;NO_FABRICATED_NEAREST;NOT_REJECTED;NOT_USPS_VALIDITY;NO_INVENTORY
29485,EXACT_IMLS_OUTLET_ZIP,SC0017,002,,EXACT_OUTLET;TIE_FSCSKEY_SEQ,EXACT_OUTLET;NOT_USPS_VALIDITY;NO_INVENTORY
29486,EXACT_IMLS_OUTLET_ZIP,SC0006,011,,EXACT_OUTLET;TIE_FSCSKEY_SEQ,EXACT_OUTLET;NOT_USPS_VALIDITY;NO_INVENTORY
29487,ZCTA_NEAREST_ACTIVE_OUTLET,SC0009,008,10.101,ZCTA_NN;R6371;TIE_FIRST_LEX,ZCTA_NN_HAVERSINE;NOT_ELIGIBILITY;NOT_USPS_VALIDITY;NO_INVENTORY
29488,EXACT_IMLS_OUTLET_ZIP,SC0014,002,,EXACT_OUTLET;TIE_FSCSKEY_SEQ,EXACT_OUTLET;NOT_USPS_VALIDITY;NO_INVENTORY
29492,EXACT_IMLS_OUTLET_ZIP,SC0006,008,,EXACT_OUTLET;TIE_FSCSKEY_SEQ,EXACT_OUTLET;NOT_USPS_VALIDITY;NO_INVENTORY
29493,ZCTA_NEAREST_ACTIVE_OUTLET,SC0014,002,23.585,ZCTA_NN;R6371;TIE_FIRST_LEX,ZCTA_NN_HAVERSINE;NOT_ELIGIBILITY;NOT_USPS_VALIDITY;NO_INVENTORY
29501,ZCTA_NEAREST_ACTIVE_OUTLET,SC0019,007,5.897,ZCTA_NN;R6371;TIE_FIRST_LEX,ZCTA_NN_HAVERSINE;NOT_ELIGIBILITY;NOT_USPS_VALIDITY;NO_INVENTORY
29502,OBSERVED_REFERENCE_INDIRECT_ONLY,,,,INDIRECT_IMLS_SC;NO_FABRICATED_NEAREST,INDIRECT_IMLS_SC;NO_FABRICATED_NEAREST;NOT_REJECTED;NOT_USPS_VALIDITY;NO_INVENTORY
29503,OBSERVED_REFERENCE_INDIRECT_ONLY,,,,INDIRECT_IMLS_SC;NO_FABRICATED_NEAREST,INDIRECT_IMLS_SC;NO_FABRICATED_NEAREST;NOT_REJECTED;NOT_USPS_VALIDITY;NO_INVENTORY
29504,OBSERVED_REFERENCE_INDIRECT_ONLY,,,,INDIRECT_IMLS_SC;NO_FABRICATED_NEAREST,INDIRECT_IMLS_SC;NO_FABRICATED_NEAREST;NOT_REJECTED;NOT_USPS_VALIDITY;NO_INVENTORY
29505,ZCTA_NEAREST_ACTIVE_OUTLET,SC0019,007,10.378,ZCTA_NN;R6371;TIE_FIRST_LEX,ZCTA_NN_HAVERSINE;NOT_ELIGIBILITY;NOT_USPS_VALIDITY;NO_INVENTORY
29506,EXACT_IMLS_OUTLET_ZIP,SC0019,007,,EXACT_OUTLET;TIE_FSCSKEY_SEQ,EXACT_OUTLET;NOT_USPS_VALIDITY;NO_INVENTORY
29510,EXACT_IMLS_OUTLET_ZIP,SC0020,003,,EXACT_OUTLET;TIE_FSCSKEY_SEQ,EXACT_OUTLET;NOT_USPS_VALIDITY;NO_INVENTORY
29511,EXACT_IMLS_OUTLET_ZIP,SC0022,003,,EXACT_OUTLET;TIE_FSCSKEY_SEQ,EXACT_OUTLET;NOT_USPS_VALIDITY;NO_INVENTORY
29512,EXACT_IMLS_OUTLET_ZIP,SC0030,002,,EXACT_OUTLET;TIE_FSCSKEY_SEQ,EXACT_OUTLET;NOT_USPS_VALIDITY;NO_INVENTORY
29516,ZCTA_NEAREST_ACTIVE_OUTLET,SC0030,002,20.036,ZCTA_NN;R6371;TIE_FIRST_LEX,ZCTA_NN_HAVERSINE;NOT_ELIGIBILITY;NOT_USPS_VALIDITY;NO_INVENTORY
29518,ZCTA_NEAREST_ACTIVE_OUTLET,SC0019,003,12.191,ZCTA_NN;R6371;TIE_FIRST_LEX,ZCTA_NN_HAVERSINE;NOT_ELIGIBILITY;NOT_USPS_VALIDITY;NO_INVENTORY
29519,ZCTA_NEAREST_ACTIVE_OUTLET,SC0022,003,14.909,ZCTA_NN;R6371;TIE_FIRST_LEX,ZCTA_NN_HAVERSINE;NOT_ELIGIBILITY;NOT_USPS_VALIDITY;NO_INVENTORY
29520,EXACT_IMLS_OUTLET_ZIP,SC0012,003,,EXACT_OUTLET;TIE_FSCSKEY_SEQ,EXACT_OUTLET;NOT_USPS_VALIDITY;NO_INVENTORY
29525,ZCTA_NEAREST_ACTIVE_OUTLET,SC0030,002,16.280,ZCTA_NN;R6371;TIE_FIRST_LEX,ZCTA_NN_HAVERSINE;NOT_ELIGIBILITY;NOT_USPS_VALIDITY;NO_INVENTORY
29526,EXACT_IMLS_OUTLET_ZIP,SC0022,002,,EXACT_OUTLET;TIE_FSCSKEY_SEQ,EXACT_OUTLET;NOT_USPS_VALIDITY;NO_INVENTORY
29527,EXACT_IMLS_OUTLET_ZIP,SC0022,009,,EXACT_OUTLET;TIE_FSCSKEY_SEQ,EXACT_OUTLET;NOT_USPS_VALIDITY;NO_INVENTORY
29528,OBSERVED_REFERENCE_INDIRECT_ONLY,,,,INDIRECT_IMLS_SC;NO_FABRICATED_NEAREST,INDIRECT_IMLS_SC;NO_FABRICATED_NEAREST;NOT_REJECTED;NOT_USPS_VALIDITY;NO_INVENTORY
29530,ZCTA_NEAREST_ACTIVE_OUTLET,SC0019,003,13.916,ZCTA_NN;R6371;TIE_FIRST_LEX,ZCTA_NN_HAVERSINE;NOT_ELIGIBILITY;NOT_USPS_VALIDITY;NO_INVENTORY
29532,EXACT_IMLS_OUTLET_ZIP,SC0015,005,,EXACT_OUTLET;TIE_FSCSKEY_SEQ,EXACT_OUTLET;NOT_USPS_VALIDITY;NO_INVENTORY
29536,EXACT_IMLS_OUTLET_ZIP,SC0016,005,,EXACT_OUTLET;TIE_FSCSKEY_SEQ,EXACT_OUTLET;NOT_USPS_VALIDITY;NO_INVENTORY
29540,ZCTA_NEAREST_ACTIVE_OUTLET,SC0015,005,8.952,ZCTA_NN;R6371;TIE_FIRST_LEX,ZCTA_NN_HAVERSINE;NOT_ELIGIBILITY;NOT_USPS_VALIDITY;NO_INVENTORY
29541,ZCTA_NEAREST_ACTIVE_OUTLET,SC0019,007,14.057,ZCTA_NN;R6371;TIE_FIRST_LEX,ZCTA_NN_HAVERSINE;NOT_ELIGIBILITY;NOT_USPS_VALIDITY;NO_INVENTORY
29543,ZCTA_NEAREST_ACTIVE_OUTLET,SC0029,003,9.020,ZCTA_NN;R6371;TIE_FIRST_LEX,ZCTA_NN_HAVERSINE;NOT_ELIGIBILITY;NOT_USPS_VALIDITY;NO_INVENTORY
29544,ZCTA_NEAREST_ACTIVE_OUTLET,SC0022,003,1.933,ZCTA_NN;R6371;TIE_FIRST_LEX,ZCTA_NN_HAVERSINE;NOT_ELIGIBILITY;NOT_USPS_VALIDITY;NO_INVENTORY
29545,EXACT_IMLS_OUTLET_ZIP,SC0022,011,,EXACT_OUTLET;TIE_FSCSKEY_SEQ,EXACT_OUTLET;NOT_USPS_VALIDITY;NO_INVENTORY
29546,ZCTA_NEAREST_ACTIVE_OUTLET,SC0019,002,11.420,ZCTA_NN;R6371;TIE_FIRST_LEX,ZCTA_NN_HAVERSINE;NOT_ELIGIBILITY;NOT_USPS_VALIDITY;NO_INVENTORY
29547,ZCTA_NEAREST_ACTIVE_OUTLET,NC0053,005,6.357,ZCTA_NN;R6371;TIE_FIRST_LEX,ZCTA_NN_HAVERSINE;NOT_ELIGIBILITY;NOT_USPS_VALIDITY;NO_INVENTORY
29550,EXACT_IMLS_OUTLET_ZIP,SC0015,002,,EXACT_OUTLET;TIE_FSCSKEY_SEQ,EXACT_OUTLET;NOT_USPS_VALIDITY;NO_INVENTORY
29551,OBSERVED_REFERENCE_INDIRECT_ONLY,,,,INDIRECT_IMLS_SC;NO_FABRICATED_NEAREST,INDIRECT_IMLS_SC;NO_FABRICATED_NEAREST;NOT_REJECTED;NOT_USPS_VALIDITY;NO_INVENTORY
29554,EXACT_IMLS_OUTLET_ZIP,SC0020,007,,EXACT_OUTLET;TIE_FSCSKEY_SEQ,EXACT_OUTLET;NOT_USPS_VALIDITY;NO_INVENTORY
29555,EXACT_IMLS_OUTLET_ZIP,SC0019,002,,EXACT_OUTLET;TIE_FSCSKEY_SEQ,EXACT_OUTLET;NOT_USPS_VALIDITY;NO_INVENTORY
29556,EXACT_IMLS_OUTLET_ZIP,SC0039,002,,EXACT_OUTLET;TIE_FSCSKEY_SEQ,EXACT_OUTLET;NOT_USPS_VALIDITY;NO_INVENTORY
29560,EXACT_IMLS_OUTLET_ZIP,SC0019,003,,EXACT_OUTLET;TIE_FSCSKEY_SEQ,EXACT_OUTLET;NOT_USPS_VALIDITY;NO_INVENTORY
29563,EXACT_IMLS_OUTLET_ZIP,SC0016,003,,EXACT_OUTLET;TIE_FSCSKEY_SEQ,EXACT_OUTLET;NOT_USPS_VALIDITY;NO_INVENTORY
29564,ZCTA_NEAREST_ACTIVE_OUTLET,SC0006,005,10.487,ZCTA_NN;R6371;TIE_FIRST_LEX,ZCTA_NN_HAVERSINE;NOT_ELIGIBILITY;NOT_USPS_VALIDITY;NO_INVENTORY
29565,ZCTA_NEAREST_ACTIVE_OUTLET,SC0029,006,8.845,ZCTA_NN;R6371;TIE_FIRST_LEX,ZCTA_NN_HAVERSINE;NOT_ELIGIBILITY;NOT_USPS_VALIDITY;NO_INVENTORY
29566,EXACT_IMLS_OUTLET_ZIP,SC0022,010,,EXACT_OUTLET;TIE_FSCSKEY_SEQ,EXACT_OUTLET;NOT_USPS_VALIDITY;NO_INVENTORY
29567,ZCTA_NEAREST_ACTIVE_OUTLET,NC0053,005,13.152,ZCTA_NN;R6371;TIE_FIRST_LEX,ZCTA_NN_HAVERSINE;NOT_ELIGIBILITY;NOT_USPS_VALIDITY;NO_INVENTORY
29568,ZCTA_NEAREST_ACTIVE_OUTLET,SC0022,010,6.801,ZCTA_NN;R6371;TIE_FIRST_LEX,ZCTA_NN_HAVERSINE;NOT_ELIGIBILITY;NOT_USPS_VALIDITY;NO_INVENTORY
29569,EXACT_IMLS_OUTLET_ZIP,SC0022,005,,EXACT_OUTLET;TIE_FSCSKEY_SEQ,EXACT_OUTLET;NOT_USPS_VALIDITY;NO_INVENTORY
29570,ZCTA_NEAREST_ACTIVE_OUTLET,SC0030,002,12.446,ZCTA_NN;R6371;TIE_FIRST_LEX,ZCTA_NN_HAVERSINE;NOT_ELIGIBILITY;NOT_USPS_VALIDITY;NO_INVENTORY
29571,EXACT_IMLS_OUTLET_ZIP,SC0029,002,,EXACT_OUTLET;TIE_FSCSKEY_SEQ,EXACT_OUTLET;NOT_USPS_VALIDITY;NO_INVENTORY
29572,ZCTA_NEAREST_ACTIVE_OUTLET,SC0022,012,9.203,ZCTA_NN;R6371;TIE_FIRST_LEX,ZCTA_NN_HAVERSINE;NOT_ELIGIBILITY;NOT_USPS_VALIDITY;NO_INVENTORY
29574,EXACT_IMLS_OUTLET_ZIP,SC0029,003,,EXACT_OUTLET;TIE_FSCSKEY_SEQ,EXACT_OUTLET;NOT_USPS_VALIDITY;NO_INVENTORY
29575,EXACT_IMLS_OUTLET_ZIP,SC0022,006,,EXACT_OUTLET;TIE_FSCSKEY_SEQ,EXACT_OUTLET;NOT_USPS_VALIDITY;NO_INVENTORY
29576,ZCTA_NEAREST_ACTIVE_OUTLET,SC0022,006,8.388,ZCTA_NN;R6371;TIE_FIRST_LEX,ZCTA_NN_HAVERSINE;NOT_ELIGIBILITY;NOT_USPS_VALIDITY;NO_INVENTORY
29577,EXACT_IMLS_OUTLET_ZIP,SC0008,002,,EXACT_OUTLET;TIE_FSCSKEY_SEQ,EXACT_OUTLET;NOT_USPS_VALIDITY;NO_INVENTORY
29578,OBSERVED_REFERENCE_INDIRECT_ONLY,,,,INDIRECT_IMLS_SC;NO_FABRICATED_NEAREST,INDIRECT_IMLS_SC;NO_FABRICATED_NEAREST;NOT_REJECTED;NOT_USPS_VALIDITY;NO_INVENTORY
29579,EXACT_IMLS_OUTLET_ZIP,SC0022,012,,EXACT_OUTLET;TIE_FSCSKEY_SEQ,EXACT_OUTLET;NOT_USPS_VALIDITY;NO_INVENTORY
29580,ZCTA_NEAREST_ACTIVE_OUTLET,SC0039,003,15.085,ZCTA_NN;R6371;TIE_FIRST_LEX,ZCTA_NN_HAVERSINE;NOT_ELIGIBILITY;NOT_USPS_VALIDITY;NO_INVENTORY
29581,EXACT_IMLS_OUTLET_ZIP,SC0029,004,,EXACT_OUTLET;TIE_FSCSKEY_SEQ,EXACT_OUTLET;NOT_USPS_VALIDITY;NO_INVENTORY
29582,EXACT_IMLS_OUTLET_ZIP,SC0022,004,,EXACT_OUTLET;TIE_FSCSKEY_SEQ,EXACT_OUTLET;NOT_USPS_VALIDITY;NO_INVENTORY
29583,EXACT_IMLS_OUTLET_ZIP,SC0019,010,,EXACT_OUTLET;TIE_FSCSKEY_SEQ,EXACT_OUTLET;NOT_USPS_VALIDITY;NO_INVENTORY
29584,ZCTA_NEAREST_ACTIVE_OUTLET,SC0012,008,17.971,ZCTA_NN;R6371;TIE_FIRST_LEX,ZCTA_NN_HAVERSINE;NOT_ELIGIBILITY;NOT_USPS_VALIDITY;NO_INVENTORY
29585,EXACT_IMLS_OUTLET_ZIP,SC0020,005,,EXACT_OUTLET;TIE_FSCSKEY_SEQ,EXACT_OUTLET;NOT_USPS_VALIDITY;NO_INVENTORY
29587,OBSERVED_REFERENCE_INDIRECT_ONLY,,,,INDIRECT_IMLS_SC;NO_FABRICATED_NEAREST,INDIRECT_IMLS_SC;NO_FABRICATED_NEAREST;NOT_REJECTED;NOT_USPS_VALIDITY;NO_INVENTORY
29588,EXACT_IMLS_OUTLET_ZIP,SC0022,007,,EXACT_OUTLET;TIE_FSCSKEY_SEQ,EXACT_OUTLET;NOT_USPS_VALIDITY;NO_INVENTORY
29589,ZCTA_NEAREST_ACTIVE_OUTLET,SC0029,002,11.303,ZCTA_NN;R6371;TIE_FIRST_LEX,ZCTA_NN_HAVERSINE;NOT_ELIGIBILITY;NOT_USPS_VALIDITY;NO_INVENTORY
29590,ZCTA_NEAREST_ACTIVE_OUTLET,SC0039,002,10.864,ZCTA_NN;R6371;TIE_FIRST_LEX,ZCTA_NN_HAVERSINE;NOT_ELIGIBILITY;NOT_USPS_VALIDITY;NO_INVENTORY
29591,ZCTA_NEAREST_ACTIVE_OUTLET,SC0019,003,7.477,ZCTA_NN;R6371;TIE_FIRST_LEX,ZCTA_NN_HAVERSINE;NOT_ELIGIBILITY;NOT_USPS_VALIDITY;NO_INVENTORY
29592,EXACT_IMLS_OUTLET_ZIP,SC0029,006,,EXACT_OUTLET;TIE_FSCSKEY_SEQ,EXACT_OUTLET;NOT_USPS_VALIDITY;NO_INVENTORY
29593,EXACT_IMLS_OUTLET_ZIP,SC0015,004,,EXACT_OUTLET;TIE_FSCSKEY_SEQ,EXACT_OUTLET;NOT_USPS_VALIDITY;NO_INVENTORY
29594,ZCTA_NEAREST_ACTIVE_OUTLET,SC0030,002,10.038,ZCTA_NN;R6371;TIE_FIRST_LEX,ZCTA_NN_HAVERSINE;NOT_ELIGIBILITY;NOT_USPS_VALIDITY;NO_INVENTORY
29596,ZCTA_NEAREST_ACTIVE_OUTLET,SC0012,003,5.782,ZCTA_NN;R6371;TIE_FIRST_LEX,ZCTA_NN_HAVERSINE;NOT_ELIGIBILITY;NOT_USPS_VALIDITY;NO_INVENTORY
29597,OBSERVED_REFERENCE_INDIRECT_ONLY,,,,INDIRECT_IMLS_SC;NO_FABRICATED_NEAREST,INDIRECT_IMLS_SC;NO_FABRICATED_NEAREST;NOT_REJECTED;NOT_USPS_VALIDITY;NO_INVENTORY
29598,OBSERVED_REFERENCE_INDIRECT_ONLY,,,,INDIRECT_IMLS_SC;NO_FABRICATED_NEAREST,INDIRECT_IMLS_SC;NO_FABRICATED_NEAREST;NOT_REJECTED;NOT_USPS_VALIDITY;NO_INVENTORY
29601,EXACT_IMLS_OUTLET_ZIP,SC0021,002,,EXACT_OUTLET;TIE_FSCSKEY_SEQ,EXACT_OUTLET;NOT_USPS_VALIDITY;NO_INVENTORY
29602,OBSERVED_REFERENCE_INDIRECT_ONLY,,,,INDIRECT_IMLS_SC;NO_FABRICATED_NEAREST,INDIRECT_IMLS_SC;NO_FABRICATED_NEAREST;NOT_REJECTED;NOT_USPS_VALIDITY;NO_INVENTORY
29603,OBSERVED_REFERENCE_INDIRECT_ONLY,,,,INDIRECT_IMLS_SC;NO_FABRICATED_NEAREST,INDIRECT_IMLS_SC;NO_FABRICATED_NEAREST;NOT_REJECTED;NOT_USPS_VALIDITY;NO_INVENTORY
29604,OBSERVED_REFERENCE_INDIRECT_ONLY,,,,INDIRECT_IMLS_SC;NO_FABRICATED_NEAREST,INDIRECT_IMLS_SC;NO_FABRICATED_NEAREST;NOT_REJECTED;NOT_USPS_VALIDITY;NO_INVENTORY
29605,EXACT_IMLS_OUTLET_ZIP,SC0021,003,,EXACT_OUTLET;TIE_FSCSKEY_SEQ,EXACT_OUTLET;NOT_USPS_VALIDITY;NO_INVENTORY
29606,OBSERVED_REFERENCE_INDIRECT_ONLY,,,,INDIRECT_IMLS_SC;NO_FABRICATED_NEAREST,INDIRECT_IMLS_SC;NO_FABRICATED_NEAREST;NOT_REJECTED;NOT_USPS_VALIDITY;NO_INVENTORY
29607,EXACT_IMLS_OUTLET_ZIP,SC0021,008,,EXACT_OUTLET;TIE_FSCSKEY_SEQ,EXACT_OUTLET;NOT_USPS_VALIDITY;NO_INVENTORY
29608,OBSERVED_REFERENCE_INDIRECT_ONLY,,,,INDIRECT_IMLS_SC;NO_FABRICATED_NEAREST,INDIRECT_IMLS_SC;NO_FABRICATED_NEAREST;NOT_REJECTED;NOT_USPS_VALIDITY;NO_INVENTORY
29609,ZCTA_NEAREST_ACTIVE_OUTLET,SC0021,002,6.352,ZCTA_NN;R6371;TIE_FIRST_LEX,ZCTA_NN_HAVERSINE;NOT_ELIGIBILITY;NOT_USPS_VALIDITY;NO_INVENTORY
29610,OBSERVED_REFERENCE_INDIRECT_ONLY,,,,INDIRECT_IMLS_SC;NO_FABRICATED_NEAREST,INDIRECT_IMLS_SC;NO_FABRICATED_NEAREST;NOT_REJECTED;NOT_USPS_VALIDITY;NO_INVENTORY
29611,EXACT_IMLS_OUTLET_ZIP,SC0021,012,,EXACT_OUTLET;TIE_FSCSKEY_SEQ,EXACT_OUTLET;NOT_USPS_VALIDITY;NO_INVENTORY
29613,ZCTA_NEAREST_ACTIVE_OUTLET,SC0021,004,1.821,ZCTA_NN;R6371;TIE_FIRST_LEX,ZCTA_NN_HAVERSINE;NOT_ELIGIBILITY;NOT_USPS_VALIDITY;NO_INVENTORY
29614,ZCTA_NEAREST_ACTIVE_OUTLET,SC0021,002,4.014,ZCTA_NN;R6371;TIE_FIRST_LEX,ZCTA_NN_HAVERSINE;NOT_ELIGIBILITY;NOT_USPS_VALIDITY;NO_INVENTORY
29615,EXACT_IMLS_OUTLET_ZIP,SC0021,005,,EXACT_OUTLET;TIE_FSCSKEY_SEQ,EXACT_OUTLET;NOT_USPS_VALIDITY;NO_INVENTORY
29616,OBSERVED_REFERENCE_INDIRECT_ONLY,,,,INDIRECT_IMLS_SC;NO_FABRICATED_NEAREST,INDIRECT_IMLS_SC;NO_FABRICATED_NEAREST;NOT_REJECTED;NOT_USPS_VALIDITY;NO_INVENTORY
29617,EXACT_IMLS_OUTLET_ZIP,SC0021,004,,EXACT_OUTLET;TIE_FSCSKEY_SEQ,EXACT_OUTLET;NOT_USPS_VALIDITY;NO_INVENTORY
29620,EXACT_IMLS_OUTLET_ZIP,SC8003,004,,EXACT_OUTLET;TIE_FSCSKEY_SEQ,EXACT_OUTLET;NOT_USPS_VALIDITY;NO_INVENTORY
29621,EXACT_IMLS_OUTLET_ZIP,SC0004,002,,EXACT_OUTLET;TIE_FSCSKEY_SEQ,EXACT_OUTLET;NOT_USPS_VALIDITY;NO_INVENTORY
29622,OBSERVED_REFERENCE_INDIRECT_ONLY,,,,INDIRECT_IMLS_SC;NO_FABRICATED_NEAREST,INDIRECT_IMLS_SC;NO_FABRICATED_NEAREST;NOT_REJECTED;NOT_USPS_VALIDITY;NO_INVENTORY
29623,OBSERVED_REFERENCE_INDIRECT_ONLY,,,,INDIRECT_IMLS_SC;NO_FABRICATED_NEAREST,INDIRECT_IMLS_SC;NO_FABRICATED_NEAREST;NOT_REJECTED;NOT_USPS_VALIDITY;NO_INVENTORY
29624,EXACT_IMLS_OUTLET_ZIP,SC0004,012,,EXACT_OUTLET;TIE_FSCSKEY_SEQ,EXACT_OUTLET;NOT_USPS_VALIDITY;NO_INVENTORY
29625,ZCTA_NEAREST_ACTIVE_OUTLET,SC0004,006,9.797,ZCTA_NN;R6371;TIE_FIRST_LEX,ZCTA_NN_HAVERSINE;NOT_ELIGIBILITY;NOT_USPS_VALIDITY;NO_INVENTORY
29626,ZCTA_NEAREST_ACTIVE_OUTLET,SC0004,012,9.350,ZCTA_NN;R6371;TIE_FIRST_LEX,ZCTA_NN_HAVERSINE;NOT_ELIGIBILITY;NOT_USPS_VALIDITY;NO_INVENTORY
29627,EXACT_IMLS_OUTLET_ZIP,SC0004,004,,EXACT_OUTLET;TIE_FSCSKEY_SEQ,EXACT_OUTLET;NOT_USPS_VALIDITY;NO_INVENTORY
29628,EXACT_IMLS_OUTLET_ZIP,SC8003,006,,EXACT_OUTLET;TIE_FSCSKEY_SEQ,EXACT_OUTLET;NOT_USPS_VALIDITY;NO_INVENTORY
29630,EXACT_IMLS_OUTLET_ZIP,SC0034,008,,EXACT_OUTLET;TIE_FSCSKEY_SEQ,EXACT_OUTLET;NOT_USPS_VALIDITY;NO_INVENTORY
29631,ZCTA_NEAREST_ACTIVE_OUTLET,SC0034,008,4.414,ZCTA_NN;R6371;TIE_FIRST_LEX,ZCTA_NN_HAVERSINE;NOT_ELIGIBILITY;NOT_USPS_VALIDITY;NO_INVENTORY
29633,OBSERVED_REFERENCE_INDIRECT_ONLY,,,,INDIRECT_IMLS_SC;NO_FABRICATED_NEAREST,INDIRECT_IMLS_SC;NO_FABRICATED_NEAREST;NOT_REJECTED;NOT_USPS_VALIDITY;NO_INVENTORY
29634,ZCTA_NEAREST_ACTIVE_OUTLET,SC0034,008,5.978,ZCTA_NN;R6371;TIE_FIRST_LEX,ZCTA_NN_HAVERSINE;NOT_ELIGIBILITY;NOT_USPS_VALIDITY;NO_INVENTORY
29635,ZCTA_NEAREST_ACTIVE_OUTLET,NC0060,002,19.454,ZCTA_NN;R6371;TIE_FIRST_LEX,ZCTA_NN_HAVERSINE;NOT_ELIGIBILITY;NOT_USPS_VALIDITY;NO_INVENTORY
29638,EXACT_IMLS_OUTLET_ZIP,SC8003,005,,EXACT_OUTLET;TIE_FSCSKEY_SEQ,EXACT_OUTLET;NOT_USPS_VALIDITY;NO_INVENTORY
29639,ZCTA_NEAREST_ACTIVE_OUTLET,SC8003,005,10.034,ZCTA_NN;R6371;TIE_FIRST_LEX,ZCTA_NN_HAVERSINE;NOT_ELIGIBILITY;NOT_USPS_VALIDITY;NO_INVENTORY
29640,EXACT_IMLS_OUTLET_ZIP,SC0034,002,,EXACT_OUTLET;TIE_FSCSKEY_SEQ,EXACT_OUTLET;NOT_USPS_VALIDITY;NO_INVENTORY
29641,OBSERVED_REFERENCE_INDIRECT_ONLY,,,,INDIRECT_IMLS_SC;NO_FABRICATED_NEAREST,INDIRECT_IMLS_SC;NO_FABRICATED_NEAREST;NOT_REJECTED;NOT_USPS_VALIDITY;NO_INVENTORY
29642,EXACT_IMLS_OUTLET_ZIP,SC0004,007,,EXACT_OUTLET;TIE_FSCSKEY_SEQ,EXACT_OUTLET;NOT_USPS_VALIDITY;NO_INVENTORY
29643,ZCTA_NEAREST_ACTIVE_OUTLET,GA0011,010,14.240,ZCTA_NN;R6371;TIE_FIRST_LEX,ZCTA_NN_HAVERSINE;NOT_ELIGIBILITY;NOT_USPS_VALIDITY;NO_INVENTORY
29644,EXACT_IMLS_OUTLET_ZIP,SC0021,006,,EXACT_OUTLET;TIE_FSCSKEY_SEQ,EXACT_OUTLET;NOT_USPS_VALIDITY;NO_INVENTORY
29645,ZCTA_NEAREST_ACTIVE_OUTLET,SC0025,005,12.812,ZCTA_NN;R6371;TIE_FIRST_LEX,ZCTA_NN_HAVERSINE;NOT_ELIGIBILITY;NOT_USPS_VALIDITY;NO_INVENTORY
29646,EXACT_IMLS_OUTLET_ZIP,SC8004,005,,EXACT_OUTLET;TIE_FSCSKEY_SEQ,EXACT_OUTLET;NOT_USPS_VALIDITY;NO_INVENTORY
29648,OBSERVED_REFERENCE_INDIRECT_ONLY,,,,INDIRECT_IMLS_SC;NO_FABRICATED_NEAREST,INDIRECT_IMLS_SC;NO_FABRICATED_NEAREST;NOT_REJECTED;NOT_USPS_VALIDITY;NO_INVENTORY
29649,ZCTA_NEAREST_ACTIVE_OUTLET,SC8004,005,5.926,ZCTA_NN;R6371;TIE_FIRST_LEX,ZCTA_NN_HAVERSINE;NOT_ELIGIBILITY;NOT_USPS_VALIDITY;NO_INVENTORY
29650,EXACT_IMLS_OUTLET_ZIP,SC0021,007,,EXACT_OUTLET;TIE_FSCSKEY_SEQ,EXACT_OUTLET;NOT_USPS_VALIDITY;NO_INVENTORY
29651,ZCTA_NEAREST_ACTIVE_OUTLET,SC0021,007,9.706,ZCTA_NN;R6371;TIE_FIRST_LEX,ZCTA_NN_HAVERSINE;NOT_ELIGIBILITY;NOT_USPS_VALIDITY;NO_INVENTORY
29652,OBSERVED_REFERENCE_INDIRECT_ONLY,,,,INDIRECT_IMLS_SC;NO_FABRICATED_NEAREST,INDIRECT_IMLS_SC;NO_FABRICATED_NEAREST;NOT_REJECTED;NOT_USPS_VALIDITY;NO_INVENTORY
29653,ZCTA_NEAREST_ACTIVE_OUTLET,SC8004,007,9.684,ZCTA_NN;R6371;TIE_FIRST_LEX,ZCTA_NN_HAVERSINE;NOT_ELIGIBILITY;NOT_USPS_VALIDITY;NO_INVENTORY
29654,EXACT_IMLS_OUTLET_ZIP,SC0004,003,,EXACT_OUTLET;TIE_FSCSKEY_SEQ,EXACT_OUTLET;NOT_USPS_VALIDITY;NO_INVENTORY
29655,EXACT_IMLS_OUTLET_ZIP,SC0004,009,,EXACT_OUTLET;TIE_FSCSKEY_SEQ,EXACT_OUTLET;NOT_USPS_VALIDITY;NO_INVENTORY
29656,OBSERVED_REFERENCE_INDIRECT_ONLY,,,,INDIRECT_IMLS_SC;NO_FABRICATED_NEAREST,INDIRECT_IMLS_SC;NO_FABRICATED_NEAREST;NOT_REJECTED;NOT_USPS_VALIDITY;NO_INVENTORY
29657,EXACT_IMLS_OUTLET_ZIP,SC0034,004,,EXACT_OUTLET;TIE_FSCSKEY_SEQ,EXACT_OUTLET;NOT_USPS_VALIDITY;NO_INVENTORY
29658,ZCTA_NEAREST_ACTIVE_OUTLET,GA0026,004,15.194,ZCTA_NN;R6371;TIE_FIRST_LEX,ZCTA_NN_HAVERSINE;NOT_ELIGIBILITY;NOT_USPS_VALIDITY;NO_INVENTORY
29659,ZCTA_NEAREST_ACTIVE_OUTLET,SC0004,009,10.482,ZCTA_NN;R6371;TIE_FIRST_LEX,ZCTA_NN_HAVERSINE;NOT_ELIGIBILITY;NOT_USPS_VALIDITY;NO_INVENTORY
29661,ZCTA_NEAREST_ACTIVE_OUTLET,SC0021,010,14.312,ZCTA_NN;R6371;TIE_FIRST_LEX,ZCTA_NN_HAVERSINE;NOT_ELIGIBILITY;NOT_USPS_VALIDITY;NO_INVENTORY
29662,ZCTA_NEAREST_ACTIVE_OUTLET,SC0021,008,2.180,ZCTA_NN;R6371;TIE_FIRST_LEX,ZCTA_NN_HAVERSINE;NOT_ELIGIBILITY;NOT_USPS_VALIDITY;NO_INVENTORY
29664,ZCTA_NEAREST_ACTIVE_OUTLET,SC0032,002,13.157,ZCTA_NN;R6371;TIE_FIRST_LEX,ZCTA_NN_HAVERSINE;NOT_ELIGIBILITY;NOT_USPS_VALIDITY;NO_INVENTORY
29665,ZCTA_NEAREST_ACTIVE_OUTLET,SC0032,003,5.756,ZCTA_NN;R6371;TIE_FIRST_LEX,ZCTA_NN_HAVERSINE;NOT_ELIGIBILITY;NOT_USPS_VALIDITY;NO_INVENTORY
29666,EXACT_IMLS_OUTLET_ZIP,SC8004,006,,EXACT_OUTLET;TIE_FSCSKEY_SEQ,EXACT_OUTLET;NOT_USPS_VALIDITY;NO_INVENTORY
29667,ZCTA_NEAREST_ACTIVE_OUTLET,SC0034,004,6.137,ZCTA_NN;R6371;TIE_FIRST_LEX,ZCTA_NN_HAVERSINE;NOT_ELIGIBILITY;NOT_USPS_VALIDITY;NO_INVENTORY
29669,ZCTA_NEAREST_ACTIVE_OUTLET,SC0004,005,5.217,ZCTA_NN;R6371;TIE_FIRST_LEX,ZCTA_NN_HAVERSINE;NOT_ELIGIBILITY;NOT_USPS_VALIDITY;NO_INVENTORY
29670,EXACT_IMLS_OUTLET_ZIP,SC0004,006,,EXACT_OUTLET;TIE_FSCSKEY_SEQ,EXACT_OUTLET;NOT_USPS_VALIDITY;NO_INVENTORY
29671,EXACT_IMLS_OUTLET_ZIP,SC0034,003,,EXACT_OUTLET;TIE_FSCSKEY_SEQ,EXACT_OUTLET;NOT_USPS_VALIDITY;NO_INVENTORY
29672,ZCTA_NEAREST_ACTIVE_OUTLET,SC0032,003,7.886,ZCTA_NN;R6371;TIE_FIRST_LEX,ZCTA_NN_HAVERSINE;NOT_ELIGIBILITY;NOT_USPS_VALIDITY;NO_INVENTORY
29673,EXACT_IMLS_OUTLET_ZIP,SC0004,008,,EXACT_OUTLET;TIE_FSCSKEY_SEQ,EXACT_OUTLET;NOT_USPS_VALIDITY;NO_INVENTORY
29676,EXACT_IMLS_OUTLET_ZIP,SC0032,005,,EXACT_OUTLET;TIE_FSCSKEY_SEQ,EXACT_OUTLET;NOT_USPS_VALIDITY;NO_INVENTORY
29677,OBSERVED_REFERENCE_INDIRECT_ONLY,,,,INDIRECT_IMLS_SC;NO_FABRICATED_NEAREST,INDIRECT_IMLS_SC;NO_FABRICATED_NEAREST;NOT_REJECTED;NOT_USPS_VALIDITY;NO_INVENTORY
29678,EXACT_IMLS_OUTLET_ZIP,SC0032,003,,EXACT_OUTLET;TIE_FSCSKEY_SEQ,EXACT_OUTLET;NOT_USPS_VALIDITY;NO_INVENTORY
29679,OBSERVED_REFERENCE_INDIRECT_ONLY,,,,INDIRECT_IMLS_SC;NO_FABRICATED_NEAREST,INDIRECT_IMLS_SC;NO_FABRICATED_NEAREST;NOT_REJECTED;NOT_USPS_VALIDITY;NO_INVENTORY
29680,ZCTA_NEAREST_ACTIVE_OUTLET,SC0021,009,7.579,ZCTA_NN;R6371;TIE_FIRST_LEX,ZCTA_NN_HAVERSINE;NOT_ELIGIBILITY;NOT_USPS_VALIDITY;NO_INVENTORY
29681,EXACT_IMLS_OUTLET_ZIP,SC0021,009,,EXACT_OUTLET;TIE_FSCSKEY_SEQ,EXACT_OUTLET;NOT_USPS_VALIDITY;NO_INVENTORY
29682,ZCTA_NEAREST_ACTIVE_OUTLET,SC0032,005,12.729,ZCTA_NN;R6371;TIE_FIRST_LEX,ZCTA_NN_HAVERSINE;NOT_ELIGIBILITY;NOT_USPS_VALIDITY;NO_INVENTORY
29683,ZCTA_NEAREST_ACTIVE_OUTLET,SC0021,010,8.312,ZCTA_NN;R6371;TIE_FIRST_LEX,ZCTA_NN_HAVERSINE;NOT_ELIGIBILITY;NOT_USPS_VALIDITY;NO_INVENTORY
29684,ZCTA_NEAREST_ACTIVE_OUTLET,SC0004,009,9.357,ZCTA_NN;R6371;TIE_FIRST_LEX,ZCTA_NN_HAVERSINE;NOT_ELIGIBILITY;NOT_USPS_VALIDITY;NO_INVENTORY
29685,ZCTA_NEAREST_ACTIVE_OUTLET,SC0032,005,15.712,ZCTA_NN;R6371;TIE_FIRST_LEX,ZCTA_NN_HAVERSINE;NOT_ELIGIBILITY;NOT_USPS_VALIDITY;NO_INVENTORY
29686,ZCTA_NEAREST_ACTIVE_OUTLET,SC0032,005,10.248,ZCTA_NN;R6371;TIE_FIRST_LEX,ZCTA_NN_HAVERSINE;NOT_ELIGIBILITY;NOT_USPS_VALIDITY;NO_INVENTORY
29687,EXACT_IMLS_OUTLET_ZIP,SC0021,011,,EXACT_OUTLET;TIE_FSCSKEY_SEQ,EXACT_OUTLET;NOT_USPS_VALIDITY;NO_INVENTORY
29688,OBSERVED_REFERENCE_INDIRECT_ONLY,,,,INDIRECT_IMLS_SC;NO_FABRICATED_NEAREST,INDIRECT_IMLS_SC;NO_FABRICATED_NEAREST;NOT_REJECTED;NOT_USPS_VALIDITY;NO_INVENTORY
29689,ZCTA_NEAREST_ACTIVE_OUTLET,SC0004,006,14.572,ZCTA_NN;R6371;TIE_FIRST_LEX,ZCTA_NN_HAVERSINE;NOT_ELIGIBILITY;NOT_USPS_VALIDITY;NO_INVENTORY
29690,EXACT_IMLS_OUTLET_ZIP,SC0021,010,,EXACT_OUTLET;TIE_FSCSKEY_SEQ,EXACT_OUTLET;NOT_USPS_VALIDITY;NO_INVENTORY
29691,EXACT_IMLS_OUTLET_ZIP,SC0032,002,,EXACT_OUTLET;TIE_FSCSKEY_SEQ,EXACT_OUTLET;NOT_USPS_VALIDITY;NO_INVENTORY
29692,EXACT_IMLS_OUTLET_ZIP,SC8004,007,,EXACT_OUTLET;TIE_FSCSKEY_SEQ,EXACT_OUTLET;NOT_USPS_VALIDITY;NO_INVENTORY
29693,EXACT_IMLS_OUTLET_ZIP,SC0032,004,,EXACT_OUTLET;TIE_FSCSKEY_SEQ,EXACT_OUTLET;NOT_USPS_VALIDITY;NO_INVENTORY
29696,ZCTA_NEAREST_ACTIVE_OUTLET,SC0032,002,6.182,ZCTA_NN;R6371;TIE_FIRST_LEX,ZCTA_NN_HAVERSINE;NOT_ELIGIBILITY;NOT_USPS_VALIDITY;NO_INVENTORY
29697,EXACT_IMLS_OUTLET_ZIP,SC0004,005,,EXACT_OUTLET;TIE_FSCSKEY_SEQ,EXACT_OUTLET;NOT_USPS_VALIDITY;NO_INVENTORY
29702,EXACT_IMLS_OUTLET_ZIP,SC0010,002,,EXACT_OUTLET;TIE_FSCSKEY_SEQ,EXACT_OUTLET;NOT_USPS_VALIDITY;NO_INVENTORY
29703,OBSERVED_REFERENCE_INDIRECT_ONLY,,,,INDIRECT_IMLS_SC;NO_FABRICATED_NEAREST,INDIRECT_IMLS_SC;NO_FABRICATED_NEAREST;NOT_REJECTED;NOT_USPS_VALIDITY;NO_INVENTORY
29704,ZCTA_NEAREST_ACTIVE_OUTLET,SC0024,005,13.202,ZCTA_NN;R6371;TIE_FIRST_LEX,ZCTA_NN_HAVERSINE;NOT_ELIGIBILITY;NOT_USPS_VALIDITY;NO_INVENTORY
29706,EXACT_IMLS_OUTLET_ZIP,SC0011,002,,EXACT_OUTLET;TIE_FSCSKEY_SEQ,EXACT_OUTLET;NOT_USPS_VALIDITY;NO_INVENTORY
29707,EXACT_IMLS_OUTLET_ZIP,SC0024,005,,EXACT_OUTLET;TIE_FSCSKEY_SEQ,EXACT_OUTLET;NOT_USPS_VALIDITY;NO_INVENTORY
29708,EXACT_IMLS_OUTLET_ZIP,SC0040,004,,EXACT_OUTLET;TIE_FSCSKEY_SEQ,EXACT_OUTLET;NOT_USPS_VALIDITY;NO_INVENTORY
29709,EXACT_IMLS_OUTLET_ZIP,SC0012,007,,EXACT_OUTLET;TIE_FSCSKEY_SEQ,EXACT_OUTLET;NOT_USPS_VALIDITY;NO_INVENTORY
29710,EXACT_IMLS_OUTLET_ZIP,SC0040,003,,EXACT_OUTLET;TIE_FSCSKEY_SEQ,EXACT_OUTLET;NOT_USPS_VALIDITY;NO_INVENTORY
29712,ZCTA_NEAREST_ACTIVE_OUTLET,SC0011,005,9.330,ZCTA_NN;R6371;TIE_FIRST_LEX,ZCTA_NN_HAVERSINE;NOT_ELIGIBILITY;NOT_USPS_VALIDITY;NO_INVENTORY
29714,ZCTA_NEAREST_ACTIVE_OUTLET,SC0011,005,8.864,ZCTA_NN;R6371;TIE_FIRST_LEX,ZCTA_NN_HAVERSINE;NOT_ELIGIBILITY;NOT_USPS_VALIDITY;NO_INVENTORY
29715,ZCTA_NEAREST_ACTIVE_OUTLET,SC0040,004,4.245,ZCTA_NN;R6371;TIE_FIRST_LEX,ZCTA_NN_HAVERSINE;NOT_ELIGIBILITY;NOT_USPS_VALIDITY;NO_INVENTORY
29716,OBSERVED_REFERENCE_INDIRECT_ONLY,,,,INDIRECT_IMLS_SC;NO_FABRICATED_NEAREST,INDIRECT_IMLS_SC;NO_FABRICATED_NEAREST;NOT_REJECTED;NOT_USPS_VALIDITY;NO_INVENTORY
29717,ZCTA_NEAREST_ACTIVE_OUTLET,SC0038,006,17.913,ZCTA_NN;R6371;TIE_FIRST_LEX,ZCTA_NN_HAVERSINE;NOT_ELIGIBILITY;NOT_USPS_VALIDITY;NO_INVENTORY
29718,EXACT_IMLS_OUTLET_ZIP,SC0012,005,,EXACT_OUTLET;TIE_FSCSKEY_SEQ,EXACT_OUTLET;NOT_USPS_VALIDITY;NO_INVENTORY
29720,EXACT_IMLS_OUTLET_ZIP,SC0024,002,,EXACT_OUTLET;TIE_FSCSKEY_SEQ,EXACT_OUTLET;NOT_USPS_VALIDITY;NO_INVENTORY
29721,OBSERVED_REFERENCE_INDIRECT_ONLY,,,,INDIRECT_IMLS_SC;NO_FABRICATED_NEAREST,INDIRECT_IMLS_SC;NO_FABRICATED_NEAREST;NOT_REJECTED;NOT_USPS_VALIDITY;NO_INVENTORY
29724,ZCTA_NEAREST_ACTIVE_OUTLET,SC0011,005,6.166,ZCTA_NN;R6371;TIE_FIRST_LEX,ZCTA_NN_HAVERSINE;NOT_ELIGIBILITY;NOT_USPS_VALIDITY;NO_INVENTORY
29726,ZCTA_NEAREST_ACTIVE_OUTLET,SC0040,006,14.816,ZCTA_NN;R6371;TIE_FIRST_LEX,ZCTA_NN_HAVERSINE;NOT_ELIGIBILITY;NOT_USPS_VALIDITY;NO_INVENTORY
29727,ZCTA_NEAREST_ACTIVE_OUTLET,SC0012,004,12.860,ZCTA_NN;R6371;TIE_FIRST_LEX,ZCTA_NN_HAVERSINE;NOT_ELIGIBILITY;NOT_USPS_VALIDITY;NO_INVENTORY
29728,EXACT_IMLS_OUTLET_ZIP,SC0012,004,,EXACT_OUTLET;TIE_FSCSKEY_SEQ,EXACT_OUTLET;NOT_USPS_VALIDITY;NO_INVENTORY
29729,EXACT_IMLS_OUTLET_ZIP,SC0011,005,,EXACT_OUTLET;TIE_FSCSKEY_SEQ,EXACT_OUTLET;NOT_USPS_VALIDITY;NO_INVENTORY
29730,EXACT_IMLS_OUTLET_ZIP,SC0040,002,,EXACT_OUTLET;TIE_FSCSKEY_SEQ,EXACT_OUTLET;NOT_USPS_VALIDITY;NO_INVENTORY
29731,OBSERVED_REFERENCE_INDIRECT_ONLY,,,,INDIRECT_IMLS_SC;NO_FABRICATED_NEAREST,INDIRECT_IMLS_SC;NO_FABRICATED_NEAREST;NOT_REJECTED;NOT_USPS_VALIDITY;NO_INVENTORY
29732,ZCTA_NEAREST_ACTIVE_OUTLET,SC0040,002,6.937,ZCTA_NN;R6371;TIE_FIRST_LEX,ZCTA_NN_HAVERSINE;NOT_ELIGIBILITY;NOT_USPS_VALIDITY;NO_INVENTORY
29733,ZCTA_NEAREST_ACTIVE_OUTLET,SC0040,002,1.633,ZCTA_NN;R6371;TIE_FIRST_LEX,ZCTA_NN_HAVERSINE;NOT_ELIGIBILITY;NOT_USPS_VALIDITY;NO_INVENTORY
29741,ZCTA_NEAREST_ACTIVE_OUTLET,SC0012,007,10.349,ZCTA_NN;R6371;TIE_FIRST_LEX,ZCTA_NN_HAVERSINE;NOT_ELIGIBILITY;NOT_USPS_VALIDITY;NO_INVENTORY
29742,ZCTA_NEAREST_ACTIVE_OUTLET,SC0038,006,10.855,ZCTA_NN;R6371;TIE_FIRST_LEX,ZCTA_NN_HAVERSINE;NOT_ELIGIBILITY;NOT_USPS_VALIDITY;NO_INVENTORY
29743,ZCTA_NEAREST_ACTIVE_OUTLET,SC0010,002,13.366,ZCTA_NN;R6371;TIE_FIRST_LEX,ZCTA_NN_HAVERSINE;NOT_ELIGIBILITY;NOT_USPS_VALIDITY;NO_INVENTORY
29744,OBSERVED_REFERENCE_INDIRECT_ONLY,,,,INDIRECT_IMLS_SC;NO_FABRICATED_NEAREST,INDIRECT_IMLS_SC;NO_FABRICATED_NEAREST;NOT_REJECTED;NOT_USPS_VALIDITY;NO_INVENTORY
29745,EXACT_IMLS_OUTLET_ZIP,SC0040,006,,EXACT_OUTLET;TIE_FSCSKEY_SEQ,EXACT_OUTLET;NOT_USPS_VALIDITY;NO_INVENTORY
29801,EXACT_IMLS_OUTLET_ZIP,SC0002,002,,EXACT_OUTLET;TIE_FSCSKEY_SEQ,EXACT_OUTLET;NOT_USPS_VALIDITY;NO_INVENTORY
29802,OBSERVED_REFERENCE_INDIRECT_ONLY,,,,INDIRECT_IMLS_SC;NO_FABRICATED_NEAREST,INDIRECT_IMLS_SC;NO_FABRICATED_NEAREST;NOT_REJECTED;NOT_USPS_VALIDITY;NO_INVENTORY
29803,ZCTA_NEAREST_ACTIVE_OUTLET,SC0002,011,4.002,ZCTA_NN;R6371;TIE_FIRST_LEX,ZCTA_NN_HAVERSINE;NOT_ELIGIBILITY;NOT_USPS_VALIDITY;NO_INVENTORY
29804,OBSERVED_REFERENCE_INDIRECT_ONLY,,,,INDIRECT_IMLS_SC;NO_FABRICATED_NEAREST,INDIRECT_IMLS_SC;NO_FABRICATED_NEAREST;NOT_REJECTED;NOT_USPS_VALIDITY;NO_INVENTORY
29805,ZCTA_NEAREST_ACTIVE_OUTLET,SC0002,002,13.773,ZCTA_NN;R6371;TIE_FIRST_LEX,ZCTA_NN_HAVERSINE;NOT_ELIGIBILITY;NOT_USPS_VALIDITY;NO_INVENTORY
29808,OBSERVED_REFERENCE_INDIRECT_ONLY,,,,INDIRECT_IMLS_SC;NO_FABRICATED_NEAREST,INDIRECT_IMLS_SC;NO_FABRICATED_NEAREST;NOT_REJECTED;NOT_USPS_VALIDITY;NO_INVENTORY
29809,EXACT_IMLS_OUTLET_ZIP,SC0002,011,,EXACT_OUTLET;TIE_FSCSKEY_SEQ,EXACT_OUTLET;NOT_USPS_VALIDITY;NO_INVENTORY
29810,EXACT_IMLS_OUTLET_ZIP,SC0003,002,,EXACT_OUTLET;TIE_FSCSKEY_SEQ,EXACT_OUTLET;NOT_USPS_VALIDITY;NO_INVENTORY
29812,EXACT_IMLS_OUTLET_ZIP,SC0002,005,,EXACT_OUTLET;TIE_FSCSKEY_SEQ,EXACT_OUTLET;NOT_USPS_VALIDITY;NO_INVENTORY
29816,ZCTA_NEAREST_ACTIVE_OUTLET,SC0002,016,2.591,ZCTA_NN;R6371;TIE_FIRST_LEX,ZCTA_NN_HAVERSINE;NOT_ELIGIBILITY;NOT_USPS_VALIDITY;NO_INVENTORY
29817,EXACT_IMLS_OUTLET_ZIP,SC0002,008,,EXACT_OUTLET;TIE_FSCSKEY_SEQ,EXACT_OUTLET;NOT_USPS_VALIDITY;NO_INVENTORY
29819,ZCTA_NEAREST_ACTIVE_OUTLET,SC0028,002,15.757,ZCTA_NN;R6371;TIE_FIRST_LEX,ZCTA_NN_HAVERSINE;NOT_ELIGIBILITY;NOT_USPS_VALIDITY;NO_INVENTORY
29821,ZCTA_NEAREST_ACTIVE_OUTLET,GA0066,001,10.097,ZCTA_NN;R6371;TIE_FIRST_LEX,ZCTA_NN_HAVERSINE;NOT_ELIGIBILITY;NOT_USPS_VALIDITY;NO_INVENTORY
29822,OBSERVED_REFERENCE_INDIRECT_ONLY,,,,INDIRECT_IMLS_SC;NO_FABRICATED_NEAREST,INDIRECT_IMLS_SC;NO_FABRICATED_NEAREST;NOT_REJECTED;NOT_USPS_VALIDITY;NO_INVENTORY
29824,EXACT_IMLS_OUTLET_ZIP,SC0002,006,,EXACT_OUTLET;TIE_FSCSKEY_SEQ,EXACT_OUTLET;NOT_USPS_VALIDITY;NO_INVENTORY
29826,ZCTA_NEAREST_ACTIVE_OUTLET,SC0002,014,5.846,ZCTA_NN;R6371;TIE_FIRST_LEX,ZCTA_NN_HAVERSINE;NOT_ELIGIBILITY;NOT_USPS_VALIDITY;NO_INVENTORY
29827,ZCTA_NEAREST_ACTIVE_OUTLET,SC0003,002,7.493,ZCTA_NN;R6371;TIE_FIRST_LEX,ZCTA_NN_HAVERSINE;NOT_ELIGIBILITY;NOT_USPS_VALIDITY;NO_INVENTORY
29828,ZCTA_NEAREST_ACTIVE_OUTLET,SC0002,016,2.047,ZCTA_NN;R6371;TIE_FIRST_LEX,ZCTA_NN_HAVERSINE;NOT_ELIGIBILITY;NOT_USPS_VALIDITY;NO_INVENTORY
29829,ZCTA_NEAREST_ACTIVE_OUTLET,SC0002,016,6.765,ZCTA_NN;R6371;TIE_FIRST_LEX,ZCTA_NN_HAVERSINE;NOT_ELIGIBILITY;NOT_USPS_VALIDITY;NO_INVENTORY
29831,EXACT_IMLS_OUTLET_ZIP,SC0002,015,,EXACT_OUTLET;TIE_FSCSKEY_SEQ,EXACT_OUTLET;NOT_USPS_VALIDITY;NO_INVENTORY
29832,EXACT_IMLS_OUTLET_ZIP,SC0002,010,,EXACT_OUTLET;TIE_FSCSKEY_SEQ,EXACT_OUTLET;NOT_USPS_VALIDITY;NO_INVENTORY
29834,EXACT_IMLS_OUTLET_ZIP,SC0002,016,,EXACT_OUTLET;TIE_FSCSKEY_SEQ,EXACT_OUTLET;NOT_USPS_VALIDITY;NO_INVENTORY
29835,EXACT_IMLS_OUTLET_ZIP,SC0028,002,,EXACT_OUTLET;TIE_FSCSKEY_SEQ,EXACT_OUTLET;NOT_USPS_VALIDITY;NO_INVENTORY
29836,ZCTA_NEAREST_ACTIVE_OUTLET,SC0003,002,19.506,ZCTA_NN;R6371;TIE_FIRST_LEX,ZCTA_NN_HAVERSINE;NOT_ELIGIBILITY;NOT_USPS_VALIDITY;NO_INVENTORY
29838,ZCTA_NEAREST_ACTIVE_OUTLET,SC0002,006,21.035,ZCTA_NN;R6371;TIE_FIRST_LEX,ZCTA_NN_HAVERSINE;NOT_ELIGIBILITY;NOT_USPS_VALIDITY;NO_INVENTORY
29840,ZCTA_NEAREST_ACTIVE_OUTLET,SC8003,006,12.252,ZCTA_NN;R6371;TIE_FIRST_LEX,ZCTA_NN_HAVERSINE;NOT_ELIGIBILITY;NOT_USPS_VALIDITY;NO_INVENTORY
29841,EXACT_IMLS_OUTLET_ZIP,SC0002,007,,EXACT_OUTLET;TIE_FSCSKEY_SEQ,EXACT_OUTLET;NOT_USPS_VALIDITY;NO_INVENTORY
29842,ZCTA_NEAREST_ACTIVE_OUTLET,SC0002,016,6.460,ZCTA_NN;R6371;TIE_FIRST_LEX,ZCTA_NN_HAVERSINE;NOT_ELIGIBILITY;NOT_USPS_VALIDITY;NO_INVENTORY
29843,ZCTA_NEAREST_ACTIVE_OUTLET,SC0002,009,15.680,ZCTA_NN;R6371;TIE_FIRST_LEX,ZCTA_NN_HAVERSINE;NOT_ELIGIBILITY;NOT_USPS_VALIDITY;NO_INVENTORY
29844,ZCTA_NEAREST_ACTIVE_OUTLET,SC0028,002,16.229,ZCTA_NN;R6371;TIE_FIRST_LEX,ZCTA_NN_HAVERSINE;NOT_ELIGIBILITY;NOT_USPS_VALIDITY;NO_INVENTORY
29845,ZCTA_NEAREST_ACTIVE_OUTLET,SC0028,002,12.436,ZCTA_NN;R6371;TIE_FIRST_LEX,ZCTA_NN_HAVERSINE;NOT_ELIGIBILITY;NOT_USPS_VALIDITY;NO_INVENTORY
29846,OBSERVED_REFERENCE_INDIRECT_ONLY,,,,INDIRECT_IMLS_SC;NO_FABRICATED_NEAREST,INDIRECT_IMLS_SC;NO_FABRICATED_NEAREST;NOT_REJECTED;NOT_USPS_VALIDITY;NO_INVENTORY
29847,ZCTA_NEAREST_ACTIVE_OUTLET,SC0002,006,12.152,ZCTA_NN;R6371;TIE_FIRST_LEX,ZCTA_NN_HAVERSINE;NOT_ELIGIBILITY;NOT_USPS_VALIDITY;NO_INVENTORY
29848,ZCTA_NEAREST_ACTIVE_OUTLET,SC8004,006,22.666,ZCTA_NN;R6371;TIE_FIRST_LEX,ZCTA_NN_HAVERSINE;NOT_ELIGIBILITY;NOT_USPS_VALIDITY;NO_INVENTORY
29849,ZCTA_NEAREST_ACTIVE_OUTLET,SC0003,002,12.265,ZCTA_NN;R6371;TIE_FIRST_LEX,ZCTA_NN_HAVERSINE;NOT_ELIGIBILITY;NOT_USPS_VALIDITY;NO_INVENTORY
29851,ZCTA_NEAREST_ACTIVE_OUTLET,SC0002,016,3.488,ZCTA_NN;R6371;TIE_FIRST_LEX,ZCTA_NN_HAVERSINE;NOT_ELIGIBILITY;NOT_USPS_VALIDITY;NO_INVENTORY
29853,EXACT_IMLS_OUTLET_ZIP,SC0002,014,,EXACT_OUTLET;TIE_FSCSKEY_SEQ,EXACT_OUTLET;NOT_USPS_VALIDITY;NO_INVENTORY
29856,ZCTA_NEAREST_ACTIVE_OUTLET,SC0002,014,12.538,ZCTA_NN;R6371;TIE_FIRST_LEX,ZCTA_NN_HAVERSINE;NOT_ELIGIBILITY;NOT_USPS_VALIDITY;NO_INVENTORY
29860,ZCTA_NEAREST_ACTIVE_OUTLET,SC0002,007,10.549,ZCTA_NN;R6371;TIE_FIRST_LEX,ZCTA_NN_HAVERSINE;NOT_ELIGIBILITY;NOT_USPS_VALIDITY;NO_INVENTORY
29861,OBSERVED_REFERENCE_INDIRECT_ONLY,,,,INDIRECT_IMLS_SC;NO_FABRICATED_NEAREST,INDIRECT_IMLS_SC;NO_FABRICATED_NEAREST;NOT_REJECTED;NOT_USPS_VALIDITY;NO_INVENTORY
29899,ZCTA_NEAREST_ACTIVE_OUTLET,SC0028,002,4.424,ZCTA_NN;R6371;TIE_FIRST_LEX,ZCTA_NN_HAVERSINE;NOT_ELIGIBILITY;NOT_USPS_VALIDITY;NO_INVENTORY
29901,OBSERVED_REFERENCE_INDIRECT_ONLY,,,,INDIRECT_IMLS_SC;NO_FABRICATED_NEAREST,INDIRECT_IMLS_SC;NO_FABRICATED_NEAREST;NOT_REJECTED;NOT_USPS_VALIDITY;NO_INVENTORY
29902,EXACT_IMLS_OUTLET_ZIP,SC0005,002,,EXACT_OUTLET;TIE_FSCSKEY_SEQ,EXACT_OUTLET;NOT_USPS_VALIDITY;NO_INVENTORY
29903,OBSERVED_REFERENCE_INDIRECT_ONLY,,,,INDIRECT_IMLS_SC;NO_FABRICATED_NEAREST,INDIRECT_IMLS_SC;NO_FABRICATED_NEAREST;NOT_REJECTED;NOT_USPS_VALIDITY;NO_INVENTORY
29904,ZCTA_NEAREST_ACTIVE_OUTLET,SC0005,002,7.058,ZCTA_NN;R6371;TIE_FIRST_LEX,ZCTA_NN_HAVERSINE;NOT_ELIGIBILITY;NOT_USPS_VALIDITY;NO_INVENTORY
29905,ZCTA_NEAREST_ACTIVE_OUTLET,SC0005,002,9.065,ZCTA_NN;R6371;TIE_FIRST_LEX,ZCTA_NN_HAVERSINE;NOT_ELIGIBILITY;NOT_USPS_VALIDITY;NO_INVENTORY
29906,ZCTA_NEAREST_ACTIVE_OUTLET,SC0005,002,7.831,ZCTA_NN;R6371;TIE_FIRST_LEX,ZCTA_NN_HAVERSINE;NOT_ELIGIBILITY;NOT_USPS_VALIDITY;NO_INVENTORY
29907,ZCTA_NEAREST_ACTIVE_OUTLET,SC0005,007,9.304,ZCTA_NN;R6371;TIE_FIRST_LEX,ZCTA_NN_HAVERSINE;NOT_ELIGIBILITY;NOT_USPS_VALIDITY;NO_INVENTORY
29909,ZCTA_NEAREST_ACTIVE_OUTLET,SC0005,003,10.634,ZCTA_NN;R6371;TIE_FIRST_LEX,ZCTA_NN_HAVERSINE;NOT_ELIGIBILITY;NOT_USPS_VALIDITY;NO_INVENTORY
29910,EXACT_IMLS_OUTLET_ZIP,SC0005,003,,EXACT_OUTLET;TIE_FSCSKEY_SEQ,EXACT_OUTLET;NOT_USPS_VALIDITY;NO_INVENTORY
29911,ZCTA_NEAREST_ACTIVE_OUTLET,SC0003,004,8.221,ZCTA_NN;R6371;TIE_FIRST_LEX,ZCTA_NN_HAVERSINE;NOT_ELIGIBILITY;NOT_USPS_VALIDITY;NO_INVENTORY
29912,ZCTA_NEAREST_ACTIVE_OUTLET,SC0003,005,12.386,ZCTA_NN;R6371;TIE_FIRST_LEX,ZCTA_NN_HAVERSINE;NOT_ELIGIBILITY;NOT_USPS_VALIDITY;NO_INVENTORY
29915,ZCTA_NEAREST_ACTIVE_OUTLET,GA0008,018,12.516,ZCTA_NN;R6371;TIE_FIRST_LEX,ZCTA_NN_HAVERSINE;NOT_ELIGIBILITY;NOT_USPS_VALIDITY;NO_INVENTORY
29916,ZCTA_NEAREST_ACTIVE_OUTLET,SC0003,004,20.768,ZCTA_NN;R6371;TIE_FIRST_LEX,ZCTA_NN_HAVERSINE;NOT_ELIGIBILITY;NOT_USPS_VALIDITY;NO_INVENTORY
29918,EXACT_IMLS_OUTLET_ZIP,SC0003,009,,EXACT_OUTLET;TIE_FSCSKEY_SEQ,EXACT_OUTLET;NOT_USPS_VALIDITY;NO_INVENTORY
29920,EXACT_IMLS_OUTLET_ZIP,SC0005,007,,EXACT_OUTLET;TIE_FSCSKEY_SEQ,EXACT_OUTLET;NOT_USPS_VALIDITY;NO_INVENTORY
29921,ZCTA_NEAREST_ACTIVE_OUTLET,SC0003,009,9.257,ZCTA_NN;R6371;TIE_FIRST_LEX,ZCTA_NN_HAVERSINE;NOT_ELIGIBILITY;NOT_USPS_VALIDITY;NO_INVENTORY
29922,ZCTA_NEAREST_ACTIVE_OUTLET,SC0003,009,18.946,ZCTA_NN;R6371;TIE_FIRST_LEX,ZCTA_NN_HAVERSINE;NOT_ELIGIBILITY;NOT_USPS_VALIDITY;NO_INVENTORY
29923,ZCTA_NEAREST_ACTIVE_OUTLET,SC0003,009,10.392,ZCTA_NN;R6371;TIE_FIRST_LEX,ZCTA_NN_HAVERSINE;NOT_ELIGIBILITY;NOT_USPS_VALIDITY;NO_INVENTORY
29924,EXACT_IMLS_OUTLET_ZIP,SC0003,004,,EXACT_OUTLET;TIE_FSCSKEY_SEQ,EXACT_OUTLET;NOT_USPS_VALIDITY;NO_INVENTORY
29925,OBSERVED_REFERENCE_INDIRECT_ONLY,,,,INDIRECT_IMLS_SC;NO_FABRICATED_NEAREST,INDIRECT_IMLS_SC;NO_FABRICATED_NEAREST;NOT_REJECTED;NOT_USPS_VALIDITY;NO_INVENTORY
29926,EXACT_IMLS_OUTLET_ZIP,SC0005,004,,EXACT_OUTLET;TIE_FSCSKEY_SEQ,EXACT_OUTLET;NOT_USPS_VALIDITY;NO_INVENTORY
29927,EXACT_IMLS_OUTLET_ZIP,SC0003,006,,EXACT_OUTLET;TIE_FSCSKEY_SEQ,EXACT_OUTLET;NOT_USPS_VALIDITY;NO_INVENTORY
29928,ZCTA_NEAREST_ACTIVE_OUTLET,SC0005,004,5.895,ZCTA_NN;R6371;TIE_FIRST_LEX,ZCTA_NN_HAVERSINE;NOT_ELIGIBILITY;NOT_USPS_VALIDITY;NO_INVENTORY
29929,ZCTA_NEAREST_ACTIVE_OUTLET,SC0003,004,20.194,ZCTA_NN;R6371;TIE_FIRST_LEX,ZCTA_NN_HAVERSINE;NOT_ELIGIBILITY;NOT_USPS_VALIDITY;NO_INVENTORY
29931,EXACT_IMLS_OUTLET_ZIP,SC0005,006,,EXACT_OUTLET;TIE_FSCSKEY_SEQ,EXACT_OUTLET;NOT_USPS_VALIDITY;NO_INVENTORY
29932,ZCTA_NEAREST_ACTIVE_OUTLET,SC0003,009,13.319,ZCTA_NN;R6371;TIE_FIRST_LEX,ZCTA_NN_HAVERSINE;NOT_ELIGIBILITY;NOT_USPS_VALIDITY;NO_INVENTORY
29934,ZCTA_NEAREST_ACTIVE_OUTLET,SC0003,005,17.868,ZCTA_NN;R6371;TIE_FIRST_LEX,ZCTA_NN_HAVERSINE;NOT_ELIGIBILITY;NOT_USPS_VALIDITY;NO_INVENTORY
29935,ZCTA_NEAREST_ACTIVE_OUTLET,SC0005,002,5.989,ZCTA_NN;R6371;TIE_FIRST_LEX,ZCTA_NN_HAVERSINE;NOT_ELIGIBILITY;NOT_USPS_VALIDITY;NO_INVENTORY
29936,EXACT_IMLS_OUTLET_ZIP,SC0003,005,,EXACT_OUTLET;TIE_FSCSKEY_SEQ,EXACT_OUTLET;NOT_USPS_VALIDITY;NO_INVENTORY
29938,OBSERVED_REFERENCE_INDIRECT_ONLY,,,,INDIRECT_IMLS_SC;NO_FABRICATED_NEAREST,INDIRECT_IMLS_SC;NO_FABRICATED_NEAREST;NOT_REJECTED;NOT_USPS_VALIDITY;NO_INVENTORY
29939,ZCTA_NEAREST_ACTIVE_OUTLET,SC0003,009,8.214,ZCTA_NN;R6371;TIE_FIRST_LEX,ZCTA_NN_HAVERSINE;NOT_ELIGIBILITY;NOT_USPS_VALIDITY;NO_INVENTORY
29940,ZCTA_NEAREST_ACTIVE_OUTLET,SC0005,006,6.298,ZCTA_NN;R6371;TIE_FIRST_LEX,ZCTA_NN_HAVERSINE;NOT_ELIGIBILITY;NOT_USPS_VALIDITY;NO_INVENTORY
29941,ZCTA_NEAREST_ACTIVE_OUTLET,SC0005,006,7.378,ZCTA_NN;R6371;TIE_FIRST_LEX,ZCTA_NN_HAVERSINE;NOT_ELIGIBILITY;NOT_USPS_VALIDITY;NO_INVENTORY
29943,ZCTA_NEAREST_ACTIVE_OUTLET,SC0003,005,15.870,ZCTA_NN;R6371;TIE_FIRST_LEX,ZCTA_NN_HAVERSINE;NOT_ELIGIBILITY;NOT_USPS_VALIDITY;NO_INVENTORY
29944,ZCTA_NEAREST_ACTIVE_OUTLET,SC0003,004,10.506,ZCTA_NN;R6371;TIE_FIRST_LEX,ZCTA_NN_HAVERSINE;NOT_ELIGIBILITY;NOT_USPS_VALIDITY;NO_INVENTORY
29945,ZCTA_NEAREST_ACTIVE_OUTLET,SC0005,006,14.815,ZCTA_NN;R6371;TIE_FIRST_LEX,ZCTA_NN_HAVERSINE;NOT_ELIGIBILITY;NOT_USPS_VALIDITY;NO_INVENTORY
30002,ZCTA_NEAREST_ACTIVE_OUTLET,GA0017,005,1.168,ZCTA_NN;R6371;TIE_FIRST_LEX,ZCTA_NN_HAVERSINE;NOT_ELIGIBILITY;NOT_USPS_VALIDITY;NO_INVENTORY
30003,OBSERVED_REFERENCE_INDIRECT_ONLY,,,,INDIRECT_IMLS_SC;NO_FABRICATED_NEAREST,INDIRECT_IMLS_SC;NO_FABRICATED_NEAREST;NOT_REJECTED;NOT_USPS_VALIDITY;NO_INVENTORY
30004,ZCTA_NEAREST_ACTIVE_OUTLET,GA0022,014,7.104,ZCTA_NN;R6371;TIE_FIRST_LEX,ZCTA_NN_HAVERSINE;NOT_ELIGIBILITY;NOT_USPS_VALIDITY;NO_INVENTORY
30005,EXACT_IMLS_OUTLET_ZIP,GA0022,049,,EXACT_OUTLET;TIE_FSCSKEY_SEQ,EXACT_OUTLET;NOT_USPS_VALIDITY;NO_INVENTORY
30006,OBSERVED_REFERENCE_INDIRECT_ONLY,,,,INDIRECT_IMLS_SC;NO_FABRICATED_NEAREST,INDIRECT_IMLS_SC;NO_FABRICATED_NEAREST;NOT_REJECTED;NOT_USPS_VALIDITY;NO_INVENTORY
30007,OBSERVED_REFERENCE_INDIRECT_ONLY,,,,INDIRECT_IMLS_SC;NO_FABRICATED_NEAREST,INDIRECT_IMLS_SC;NO_FABRICATED_NEAREST;NOT_REJECTED;NOT_USPS_VALIDITY;NO_INVENTORY
30008,ZCTA_NEAREST_ACTIVE_OUTLET,GA0013,015,1.974,ZCTA_NN;R6371;TIE_FIRST_LEX,ZCTA_NN_HAVERSINE;NOT_ELIGIBILITY;NOT_USPS_VALIDITY;NO_INVENTORY
30009,EXACT_IMLS_OUTLET_ZIP,GA0022,014,,EXACT_OUTLET;TIE_FSCSKEY_SEQ,EXACT_OUTLET;NOT_USPS_VALIDITY;NO_INVENTORY
30010,OBSERVED_REFERENCE_INDIRECT_ONLY,,,,INDIRECT_IMLS_SC;NO_FABRICATED_NEAREST,INDIRECT_IMLS_SC;NO_FABRICATED_NEAREST;NOT_REJECTED;NOT_USPS_VALIDITY;NO_INVENTORY
30011,EXACT_IMLS_OUTLET_ZIP,GA0001,011,,EXACT_OUTLET;TIE_FSCSKEY_SEQ,EXACT_OUTLET;NOT_USPS_VALIDITY;NO_INVENTORY
30012,EXACT_IMLS_OUTLET_ZIP,GA0040,002,,EXACT_OUTLET;TIE_FSCSKEY_SEQ,EXACT_OUTLET;NOT_USPS_VALIDITY;NO_INVENTORY
30013,ZCTA_NEAREST_ACTIVE_OUTLET,GA0040,002,4.898,ZCTA_NN;R6371;TIE_FIRST_LEX,ZCTA_NN_HAVERSINE;NOT_ELIGIBILITY;NOT_USPS_VALIDITY;NO_INVENTORY
30014,EXACT_IMLS_OUTLET_ZIP,GA0037,003,,EXACT_OUTLET;TIE_FSCSKEY_SEQ,EXACT_OUTLET;NOT_USPS_VALIDITY;NO_INVENTORY
30015,OBSERVED_REFERENCE_INDIRECT_ONLY,,,,INDIRECT_IMLS_SC;NO_FABRICATED_NEAREST,INDIRECT_IMLS_SC;NO_FABRICATED_NEAREST;NOT_REJECTED;NOT_USPS_VALIDITY;NO_INVENTORY
30016,EXACT_IMLS_OUTLET_ZIP,GA0037,005,,EXACT_OUTLET;TIE_FSCSKEY_SEQ,EXACT_OUTLET;NOT_USPS_VALIDITY;NO_INVENTORY
30017,EXACT_IMLS_OUTLET_ZIP,GA0025,019,,EXACT_OUTLET;TIE_FSCSKEY_SEQ,EXACT_OUTLET;NOT_USPS_VALIDITY;NO_INVENTORY
30018,ZCTA_NEAREST_ACTIVE_OUTLET,GA0035,011,5.560,ZCTA_NN;R6371;TIE_FIRST_LEX,ZCTA_NN_HAVERSINE;NOT_ELIGIBILITY;NOT_USPS_VALIDITY;NO_INVENTORY
30019,EXACT_IMLS_OUTLET_ZIP,GA0025,018,,EXACT_OUTLET;TIE_FSCSKEY_SEQ,EXACT_OUTLET;NOT_USPS_VALIDITY;NO_INVENTORY
30021,EXACT_IMLS_OUTLET_ZIP,GA0017,023,,EXACT_OUTLET;TIE_FSCSKEY_SEQ,EXACT_OUTLET;NOT_USPS_VALIDITY;NO_INVENTORY
30022,EXACT_IMLS_OUTLET_ZIP,GA0022,042,,EXACT_OUTLET;TIE_FSCSKEY_SEQ,EXACT_OUTLET;NOT_USPS_VALIDITY;NO_INVENTORY
30023,OBSERVED_REFERENCE_INDIRECT_ONLY,,,,INDIRECT_IMLS_SC;NO_FABRICATED_NEAREST,INDIRECT_IMLS_SC;NO_FABRICATED_NEAREST;NOT_REJECTED;NOT_USPS_VALIDITY;NO_INVENTORY
30024,EXACT_IMLS_OUTLET_ZIP,GA0025,016,,EXACT_OUTLET;TIE_FSCSKEY_SEQ,EXACT_OUTLET;NOT_USPS_VALIDITY;NO_INVENTORY
30025,EXACT_IMLS_OUTLET_ZIP,GA0035,008,,EXACT_OUTLET;TIE_FSCSKEY_SEQ,EXACT_OUTLET;NOT_USPS_VALIDITY;NO_INVENTORY
30028,ZCTA_NEAREST_ACTIVE_OUTLET,GA0058,002,8.944,ZCTA_NN;R6371;TIE_FIRST_LEX,ZCTA_NN_HAVERSINE;NOT_ELIGIBILITY;NOT_USPS_VALIDITY;NO_INVENTORY
30030,EXACT_IMLS_OUTLET_ZIP,GA0017,002,,EXACT_OUTLET;TIE_FSCSKEY_SEQ,EXACT_OUTLET;NOT_USPS_VALIDITY;NO_INVENTORY
30031,OBSERVED_REFERENCE_INDIRECT_ONLY,,,,INDIRECT_IMLS_SC;NO_FABRICATED_NEAREST,INDIRECT_IMLS_SC;NO_FABRICATED_NEAREST;NOT_REJECTED;NOT_USPS_VALIDITY;NO_INVENTORY
30032,EXACT_IMLS_OUTLET_ZIP,GA0017,005,,EXACT_OUTLET;TIE_FSCSKEY_SEQ,EXACT_OUTLET;NOT_USPS_VALIDITY;NO_INVENTORY
30033,EXACT_IMLS_OUTLET_ZIP,GA0017,006,,EXACT_OUTLET;TIE_FSCSKEY_SEQ,EXACT_OUTLET;NOT_USPS_VALIDITY;NO_INVENTORY
30034,EXACT_IMLS_OUTLET_ZIP,GA0017,019,,EXACT_OUTLET;TIE_FSCSKEY_SEQ,EXACT_OUTLET;NOT_USPS_VALIDITY;NO_INVENTORY
30035,ZCTA_NEAREST_ACTIVE_OUTLET,GA0017,019,2.732,ZCTA_NN;R6371;TIE_FIRST_LEX,ZCTA_NN_HAVERSINE;NOT_ELIGIBILITY;NOT_USPS_VALIDITY;NO_INVENTORY
30036,OBSERVED_REFERENCE_INDIRECT_ONLY,,,,INDIRECT_IMLS_SC;NO_FABRICATED_NEAREST,INDIRECT_IMLS_SC;NO_FABRICATED_NEAREST;NOT_REJECTED;NOT_USPS_VALIDITY;NO_INVENTORY
30037,OBSERVED_REFERENCE_INDIRECT_ONLY,,,,INDIRECT_IMLS_SC;NO_FABRICATED_NEAREST,INDIRECT_IMLS_SC;NO_FABRICATED_NEAREST;NOT_REJECTED;NOT_USPS_VALIDITY;NO_INVENTORY
30038,EXACT_IMLS_OUTLET_ZIP,GA0017,014,,EXACT_OUTLET;TIE_FSCSKEY_SEQ,EXACT_OUTLET;NOT_USPS_VALIDITY;NO_INVENTORY
30039,EXACT_IMLS_OUTLET_ZIP,GA0025,017,,EXACT_OUTLET;TIE_FSCSKEY_SEQ,EXACT_OUTLET;NOT_USPS_VALIDITY;NO_INVENTORY
30040,EXACT_IMLS_OUTLET_ZIP,GA0058,002,,EXACT_OUTLET;TIE_FSCSKEY_SEQ,EXACT_OUTLET;NOT_USPS_VALIDITY;NO_INVENTORY
30041,EXACT_IMLS_OUTLET_ZIP,GA0058,003,,EXACT_OUTLET;TIE_FSCSKEY_SEQ,EXACT_OUTLET;NOT_USPS_VALIDITY;NO_INVENTORY
30042,OBSERVED_REFERENCE_INDIRECT_ONLY,,,,INDIRECT_IMLS_SC;NO_FABRICATED_NEAREST,INDIRECT_IMLS_SC;NO_FABRICATED_NEAREST;NOT_REJECTED;NOT_USPS_VALIDITY;NO_INVENTORY
30043,EXACT_IMLS_OUTLET_ZIP,GA0025,013,,EXACT_OUTLET;TIE_FSCSKEY_SEQ,EXACT_OUTLET;NOT_USPS_VALIDITY;NO_INVENTORY
30044,EXACT_IMLS_OUTLET_ZIP,GA0025,012,,EXACT_OUTLET;TIE_FSCSKEY_SEQ,EXACT_OUTLET;NOT_USPS_VALIDITY;NO_INVENTORY
30045,ZCTA_NEAREST_ACTIVE_OUTLET,GA0025,019,6.292,ZCTA_NN;R6371;TIE_FIRST_LEX,ZCTA_NN_HAVERSINE;NOT_ELIGIBILITY;NOT_USPS_VALIDITY;NO_INVENTORY
30046,EXACT_IMLS_OUTLET_ZIP,GA0025,014,,EXACT_OUTLET;TIE_FSCSKEY_SEQ,EXACT_OUTLET;NOT_USPS_VALIDITY;NO_INVENTORY
30047,EXACT_IMLS_OUTLET_ZIP,GA0025,004,,EXACT_OUTLET;TIE_FSCSKEY_SEQ,EXACT_OUTLET;NOT_USPS_VALIDITY;NO_INVENTORY
30048,OBSERVED_REFERENCE_INDIRECT_ONLY,,,,INDIRECT_IMLS_SC;NO_FABRICATED_NEAREST,INDIRECT_IMLS_SC;NO_FABRICATED_NEAREST;NOT_REJECTED;NOT_USPS_VALIDITY;NO_INVENTORY
30049,OBSERVED_REFERENCE_INDIRECT_ONLY,,,,INDIRECT_IMLS_SC;NO_FABRICATED_NEAREST,INDIRECT_IMLS_SC;NO_FABRICATED_NEAREST;NOT_REJECTED;NOT_USPS_VALIDITY;NO_INVENTORY
30052,EXACT_IMLS_OUTLET_ZIP,GA0035,006,,EXACT_OUTLET;TIE_FSCSKEY_SEQ,EXACT_OUTLET;NOT_USPS_VALIDITY;NO_INVENTORY
30054,ZCTA_NEAREST_ACTIVE_OUTLET,GA0035,011,8.157,ZCTA_NN;R6371;TIE_FIRST_LEX,ZCTA_NN_HAVERSINE;NOT_ELIGIBILITY;NOT_USPS_VALIDITY;NO_INVENTORY
30055,ZCTA_NEAREST_ACTIVE_OUTLET,GA0037,003,14.112,ZCTA_NN;R6371;TIE_FIRST_LEX,ZCTA_NN_HAVERSINE;NOT_ELIGIBILITY;NOT_USPS_VALIDITY;NO_INVENTORY
30056,ZCTA_NEAREST_ACTIVE_OUTLET,GA0035,008,19.914,ZCTA_NN;R6371;TIE_FIRST_LEX,ZCTA_NN_HAVERSINE;NOT_ELIGIBILITY;NOT_USPS_VALIDITY;NO_INVENTORY
30058,EXACT_IMLS_OUTLET_ZIP,GA0017,012,,EXACT_OUTLET;TIE_FSCSKEY_SEQ,EXACT_OUTLET;NOT_USPS_VALIDITY;NO_INVENTORY
30060,EXACT_IMLS_OUTLET_ZIP,GA0013,002,,EXACT_OUTLET;TIE_FSCSKEY_SEQ,EXACT_OUTLET;NOT_USPS_VALIDITY;NO_INVENTORY
30061,OBSERVED_REFERENCE_INDIRECT_ONLY,,,,INDIRECT_IMLS_SC;NO_FABRICATED_NEAREST,INDIRECT_IMLS_SC;NO_FABRICATED_NEAREST;NOT_REJECTED;NOT_USPS_VALIDITY;NO_INVENTORY
30062,ZCTA_NEAREST_ACTIVE_OUTLET,GA0013,011,2.893,ZCTA_NN;R6371;TIE_FIRST_LEX,ZCTA_NN_HAVERSINE;NOT_ELIGIBILITY;NOT_USPS_VALIDITY;NO_INVENTORY
30063,OBSERVED_REFERENCE_INDIRECT_ONLY,,,,INDIRECT_IMLS_SC;NO_FABRICATED_NEAREST,INDIRECT_IMLS_SC;NO_FABRICATED_NEAREST;NOT_REJECTED;NOT_USPS_VALIDITY;NO_INVENTORY
30064,EXACT_IMLS_OUTLET_ZIP,GA0013,007,,EXACT_OUTLET;TIE_FSCSKEY_SEQ,EXACT_OUTLET;NOT_USPS_VALIDITY;NO_INVENTORY
30065,OBSERVED_REFERENCE_INDIRECT_ONLY,,,,INDIRECT_IMLS_SC;NO_FABRICATED_NEAREST,INDIRECT_IMLS_SC;NO_FABRICATED_NEAREST;NOT_REJECTED;NOT_USPS_VALIDITY;NO_INVENTORY
30066,EXACT_IMLS_OUTLET_ZIP,GA0013,011,,EXACT_OUTLET;TIE_FSCSKEY_SEQ,EXACT_OUTLET;NOT_USPS_VALIDITY;NO_INVENTORY
30067,ZCTA_NEAREST_ACTIVE_OUTLET,GA0013,004,3.339,ZCTA_NN;R6371;TIE_FIRST_LEX,ZCTA_NN_HAVERSINE;NOT_ELIGIBILITY;NOT_USPS_VALIDITY;NO_INVENTORY
30068,EXACT_IMLS_OUTLET_ZIP,GA0013,004,,EXACT_OUTLET;TIE_FSCSKEY_SEQ,EXACT_OUTLET;NOT_USPS_VALIDITY;NO_INVENTORY
30069,OBSERVED_REFERENCE_INDIRECT_ONLY,,,,INDIRECT_IMLS_SC;NO_FABRICATED_NEAREST,INDIRECT_IMLS_SC;NO_FABRICATED_NEAREST;NOT_REJECTED;NOT_USPS_VALIDITY;NO_INVENTORY
30070,ZCTA_NEAREST_ACTIVE_OUTLET,GA0037,003,5.982,ZCTA_NN;R6371;TIE_FIRST_LEX,ZCTA_NN_HAVERSINE;NOT_ELIGIBILITY;NOT_USPS_VALIDITY;NO_INVENTORY
30071,EXACT_IMLS_OUTLET_ZIP,GA0025,007,,EXACT_OUTLET;TIE_FSCSKEY_SEQ,EXACT_OUTLET;NOT_USPS_VALIDITY;NO_INVENTORY
30072,ZCTA_NEAREST_ACTIVE_OUTLET,GA0017,023,3.501,ZCTA_NN;R6371;TIE_FIRST_LEX,ZCTA_NN_HAVERSINE;NOT_ELIGIBILITY;NOT_USPS_VALIDITY;NO_INVENTORY
30074,OBSERVED_REFERENCE_INDIRECT_ONLY,,,,INDIRECT_IMLS_SC;NO_FABRICATED_NEAREST,INDIRECT_IMLS_SC;NO_FABRICATED_NEAREST;NOT_REJECTED;NOT_USPS_VALIDITY;NO_INVENTORY
30075,EXACT_IMLS_OUTLET_ZIP,GA0022,028,,EXACT_OUTLET;TIE_FSCSKEY_SEQ,EXACT_OUTLET;NOT_USPS_VALIDITY;NO_INVENTORY
30076,EXACT_IMLS_OUTLET_ZIP,GA0022,052,,EXACT_OUTLET;TIE_FSCSKEY_SEQ,EXACT_OUTLET;NOT_USPS_VALIDITY;NO_INVENTORY
30077,OBSERVED_REFERENCE_INDIRECT_ONLY,,,,INDIRECT_IMLS_SC;NO_FABRICATED_NEAREST,INDIRECT_IMLS_SC;NO_FABRICATED_NEAREST;NOT_REJECTED;NOT_USPS_VALIDITY;NO_INVENTORY
30078,EXACT_IMLS_OUTLET_ZIP,GA0025,009,,EXACT_OUTLET;TIE_FSCSKEY_SEQ,EXACT_OUTLET;NOT_USPS_VALIDITY;NO_INVENTORY
30079,EXACT_IMLS_OUTLET_ZIP,GA0017,018,,EXACT_OUTLET;TIE_FSCSKEY_SEQ,EXACT_OUTLET;NOT_USPS_VALIDITY;NO_INVENTORY
30080,EXACT_IMLS_OUTLET_ZIP,GA0013,009,,EXACT_OUTLET;TIE_FSCSKEY_SEQ,EXACT_OUTLET;NOT_USPS_VALIDITY;NO_INVENTORY
30081,OBSERVED_REFERENCE_INDIRECT_ONLY,,,,INDIRECT_IMLS_SC;NO_FABRICATED_NEAREST,INDIRECT_IMLS_SC;NO_FABRICATED_NEAREST;NOT_REJECTED;NOT_USPS_VALIDITY;NO_INVENTORY
30082,ZCTA_NEAREST_ACTIVE_OUTLET,GA0013,009,4.035,ZCTA_NN;R6371;TIE_FIRST_LEX,ZCTA_NN_HAVERSINE;NOT_ELIGIBILITY;NOT_USPS_VALIDITY;NO_INVENTORY
30083,EXACT_IMLS_OUTLET_ZIP,GA0017,017,,EXACT_OUTLET;TIE_FSCSKEY_SEQ,EXACT_OUTLET;NOT_USPS_VALIDITY;NO_INVENTORY
30084,EXACT_IMLS_OUTLET_ZIP,GA0017,013,,EXACT_OUTLET;TIE_FSCSKEY_SEQ,EXACT_OUTLET;NOT_USPS_VALIDITY;NO_INVENTORY
30085,OBSERVED_REFERENCE_INDIRECT_ONLY,,,,INDIRECT_IMLS_SC;NO_FABRICATED_NEAREST,INDIRECT_IMLS_SC;NO_FABRICATED_NEAREST;NOT_REJECTED;NOT_USPS_VALIDITY;NO_INVENTORY
30086,OBSERVED_REFERENCE_INDIRECT_ONLY,,,,INDIRECT_IMLS_SC;NO_FABRICATED_NEAREST,INDIRECT_IMLS_SC;NO_FABRICATED_NEAREST;NOT_REJECTED;NOT_USPS_VALIDITY;NO_INVENTORY
30087,ZCTA_NEAREST_ACTIVE_OUTLET,GA0025,017,5.096,ZCTA_NN;R6371;TIE_FIRST_LEX,ZCTA_NN_HAVERSINE;NOT_ELIGIBILITY;NOT_USPS_VALIDITY;NO_INVENTORY
30088,EXACT_IMLS_OUTLET_ZIP,GA0017,011,,EXACT_OUTLET;TIE_FSCSKEY_SEQ,EXACT_OUTLET;NOT_USPS_VALIDITY;NO_INVENTORY
30090,ZCTA_NEAREST_ACTIVE_OUTLET,GA0013,002,0.469,ZCTA_NN;R6371;TIE_FIRST_LEX,ZCTA_NN_HAVERSINE;NOT_ELIGIBILITY;NOT_USPS_VALIDITY;NO_INVENTORY
30091,OBSERVED_REFERENCE_INDIRECT_ONLY,,,,INDIRECT_IMLS_SC;NO_FABRICATED_NEAREST,INDIRECT_IMLS_SC;NO_FABRICATED_NEAREST;NOT_REJECTED;NOT_USPS_VALIDITY;NO_INVENTORY
30092,EXACT_IMLS_OUTLET_ZIP,GA0025,005,,EXACT_OUTLET;TIE_FSCSKEY_SEQ,EXACT_OUTLET;NOT_USPS_VALIDITY;NO_INVENTORY
30093,ZCTA_NEAREST_ACTIVE_OUTLET,GA0025,004,3.861,ZCTA_NN;R6371;TIE_FIRST_LEX,ZCTA_NN_HAVERSINE;NOT_ELIGIBILITY;NOT_USPS_VALIDITY;NO_INVENTORY
30094,ZCTA_NEAREST_ACTIVE_OUTLET,GA0040,002,6.678,ZCTA_NN;R6371;TIE_FIRST_LEX,ZCTA_NN_HAVERSINE;NOT_ELIGIBILITY;NOT_USPS_VALIDITY;NO_INVENTORY
30095,OBSERVED_REFERENCE_INDIRECT_ONLY,,,,INDIRECT_IMLS_SC;NO_FABRICATED_NEAREST,INDIRECT_IMLS_SC;NO_FABRICATED_NEAREST;NOT_REJECTED;NOT_USPS_VALIDITY;NO_INVENTORY
30096,EXACT_IMLS_OUTLET_ZIP,GA0025,002,,EXACT_OUTLET;TIE_FSCSKEY_SEQ,EXACT_OUTLET;NOT_USPS_VALIDITY;NO_INVENTORY
30097,ZCTA_NEAREST_ACTIVE_OUTLET,GA0025,002,2.895,ZCTA_NN;R6371;TIE_FIRST_LEX,ZCTA_NN_HAVERSINE;NOT_ELIGIBILITY;NOT_USPS_VALIDITY;NO_INVENTORY
30098,OBSERVED_REFERENCE_INDIRECT_ONLY,,,,INDIRECT_IMLS_SC;NO_FABRICATED_NEAREST,INDIRECT_IMLS_SC;NO_FABRICATED_NEAREST;NOT_REJECTED;NOT_USPS_VALIDITY;NO_INVENTORY
30099,OBSERVED_REFERENCE_INDIRECT_ONLY,,,,INDIRECT_IMLS_SC;NO_FABRICATED_NEAREST,INDIRECT_IMLS_SC;NO_FABRICATED_NEAREST;NOT_REJECTED;NOT_USPS_VALIDITY;NO_INVENTORY
30101,EXACT_IMLS_OUTLET_ZIP,GA0007,018,,EXACT_OUTLET;TIE_FSCSKEY_SEQ,EXACT_OUTLET;NOT_USPS_VALIDITY;NO_INVENTORY
30102,ZCTA_NEAREST_ACTIVE_OUTLET,GA0013,022,6.910,ZCTA_NN;R6371;TIE_FIRST_LEX,ZCTA_NN_HAVERSINE;NOT_ELIGIBILITY;NOT_USPS_VALIDITY;NO_INVENTORY
30103,EXACT_IMLS_OUTLET_ZIP,GA0002,004,,EXACT_OUTLET;TIE_FSCSKEY_SEQ,EXACT_OUTLET;NOT_USPS_VALIDITY;NO_INVENTORY
30104,ZCTA_NEAREST_ACTIVE_OUTLET,GA0021,004,10.381,ZCTA_NN;R6371;TIE_FIRST_LEX,ZCTA_NN_HAVERSINE;NOT_ELIGIBILITY;NOT_USPS_VALIDITY;NO_INVENTORY
30105,ZCTA_NEAREST_ACTIVE_OUTLET,GA0021,013,16.015,ZCTA_NN;R6371;TIE_FIRST_LEX,ZCTA_NN_HAVERSINE;NOT_ELIGIBILITY;NOT_USPS_VALIDITY;NO_INVENTORY
30106,EXACT_IMLS_OUTLET_ZIP,GA0013,016,,EXACT_OUTLET;TIE_FSCSKEY_SEQ,EXACT_OUTLET;NOT_USPS_VALIDITY;NO_INVENTORY
30107,EXACT_IMLS_OUTLET_ZIP,GA0010,010,,EXACT_OUTLET;TIE_FSCSKEY_SEQ,EXACT_OUTLET;NOT_USPS_VALIDITY;NO_INVENTORY
30108,EXACT_IMLS_OUTLET_ZIP,GA0007,003,,EXACT_OUTLET;TIE_FSCSKEY_SEQ,EXACT_OUTLET;NOT_USPS_VALIDITY;NO_INVENTORY
30110,EXACT_IMLS_OUTLET_ZIP,GA0007,006,,EXACT_OUTLET;TIE_FSCSKEY_SEQ,EXACT_OUTLET;NOT_USPS_VALIDITY;NO_INVENTORY
30111,ZCTA_NEAREST_ACTIVE_OUTLET,GA0013,016,0.159,ZCTA_NN;R6371;TIE_FIRST_LEX,ZCTA_NN_HAVERSINE;NOT_ELIGIBILITY;NOT_USPS_VALIDITY;NO_INVENTORY
30112,OBSERVED_REFERENCE_INDIRECT_ONLY,,,,INDIRECT_IMLS_SC;NO_FABRICATED_NEAREST,INDIRECT_IMLS_SC;NO_FABRICATED_NEAREST;NOT_REJECTED;NOT_USPS_VALIDITY;NO_INVENTORY
30113,EXACT_IMLS_OUTLET_ZIP,GA0007,015,,EXACT_OUTLET;TIE_FSCSKEY_SEQ,EXACT_OUTLET;NOT_USPS_VALIDITY;NO_INVENTORY
30114,EXACT_IMLS_OUTLET_ZIP,GA0010,006,,EXACT_OUTLET;TIE_FSCSKEY_SEQ,EXACT_OUTLET;NOT_USPS_VALIDITY;NO_INVENTORY
30115,ZCTA_NEAREST_ACTIVE_OUTLET,GA0010,006,6.630,ZCTA_NN;R6371;TIE_FIRST_LEX,ZCTA_NN_HAVERSINE;NOT_ELIGIBILITY;NOT_USPS_VALIDITY;NO_INVENTORY
30116,ZCTA_NEAREST_ACTIVE_OUTLET,GA0007,016,8.772,ZCTA_NN;R6371;TIE_FIRST_LEX,ZCTA_NN_HAVERSINE;NOT_ELIGIBILITY;NOT_USPS_VALIDITY;NO_INVENTORY
30117,EXACT_IMLS_OUTLET_ZIP,GA0007,011,,EXACT_OUTLET;TIE_FSCSKEY_SEQ,EXACT_OUTLET;NOT_USPS_VALIDITY;NO_INVENTORY
30118,ZCTA_NEAREST_ACTIVE_OUTLET,GA0007,022,2.667,ZCTA_NN;R6371;TIE_FIRST_LEX,ZCTA_NN_HAVERSINE;NOT_ELIGIBILITY;NOT_USPS_VALIDITY;NO_INVENTORY
30119,OBSERVED_REFERENCE_INDIRECT_ONLY,,,,INDIRECT_IMLS_SC;NO_FABRICATED_NEAREST,INDIRECT_IMLS_SC;NO_FABRICATED_NEAREST;NOT_REJECTED;NOT_USPS_VALIDITY;NO_INVENTORY
30120,EXACT_IMLS_OUTLET_ZIP,GA0002,002,,EXACT_OUTLET;TIE_FSCSKEY_SEQ,EXACT_OUTLET;NOT_USPS_VALIDITY;NO_INVENTORY
30121,ZCTA_NEAREST_ACTIVE_OUTLET,GA0002,002,7.417,ZCTA_NN;R6371;TIE_FIRST_LEX,ZCTA_NN_HAVERSINE;NOT_ELIGIBILITY;NOT_USPS_VALIDITY;NO_INVENTORY
30122,EXACT_IMLS_OUTLET_ZIP,GA0007,005,,EXACT_OUTLET;TIE_FSCSKEY_SEQ,EXACT_OUTLET;NOT_USPS_VALIDITY;NO_INVENTORY
30123,OBSERVED_REFERENCE_INDIRECT_ONLY,,,,INDIRECT_IMLS_SC;NO_FABRICATED_NEAREST,INDIRECT_IMLS_SC;NO_FABRICATED_NEAREST;NOT_REJECTED;NOT_USPS_VALIDITY;NO_INVENTORY
30124,EXACT_IMLS_OUTLET_ZIP,GA0021,002,,EXACT_OUTLET;TIE_FSCSKEY_SEQ,EXACT_OUTLET;NOT_USPS_VALIDITY;NO_INVENTORY
30125,EXACT_IMLS_OUTLET_ZIP,GA0021,003,,EXACT_OUTLET;TIE_FSCSKEY_SEQ,EXACT_OUTLET;NOT_USPS_VALIDITY;NO_INVENTORY
30126,EXACT_IMLS_OUTLET_ZIP,GA0013,014,,EXACT_OUTLET;TIE_FSCSKEY_SEQ,EXACT_OUTLET;NOT_USPS_VALIDITY;NO_INVENTORY
30127,EXACT_IMLS_OUTLET_ZIP,GA0013,012,,EXACT_OUTLET;TIE_FSCSKEY_SEQ,EXACT_OUTLET;NOT_USPS_VALIDITY;NO_INVENTORY
30129,OBSERVED_REFERENCE_INDIRECT_ONLY,,,,INDIRECT_IMLS_SC;NO_FABRICATED_NEAREST,INDIRECT_IMLS_SC;NO_FABRICATED_NEAREST;NOT_REJECTED;NOT_USPS_VALIDITY;NO_INVENTORY
30132,EXACT_IMLS_OUTLET_ZIP,GA0007,009,,EXACT_OUTLET;TIE_FSCSKEY_SEQ,EXACT_OUTLET;NOT_USPS_VALIDITY;NO_INVENTORY
30133,OBSERVED_REFERENCE_INDIRECT_ONLY,,,,INDIRECT_IMLS_SC;NO_FABRICATED_NEAREST,INDIRECT_IMLS_SC;NO_FABRICATED_NEAREST;NOT_REJECTED;NOT_USPS_VALIDITY;NO_INVENTORY
30134,EXACT_IMLS_OUTLET_ZIP,GA0007,002,,EXACT_OUTLET;TIE_FSCSKEY_SEQ,EXACT_OUTLET;NOT_USPS_VALIDITY;NO_INVENTORY
30135,EXACT_IMLS_OUTLET_ZIP,GA0007,019,,EXACT_OUTLET;TIE_FSCSKEY_SEQ,EXACT_OUTLET;NOT_USPS_VALIDITY;NO_INVENTORY
30137,ZCTA_NEAREST_ACTIVE_OUTLET,GA0002,002,6.346,ZCTA_NN;R6371;TIE_FIRST_LEX,ZCTA_NN_HAVERSINE;NOT_ELIGIBILITY;NOT_USPS_VALIDITY;NO_INVENTORY
30139,ZCTA_NEAREST_ACTIVE_OUTLET,GA0002,004,22.091,ZCTA_NN;R6371;TIE_FIRST_LEX,ZCTA_NN_HAVERSINE;NOT_ELIGIBILITY;NOT_USPS_VALIDITY;NO_INVENTORY
30141,EXACT_IMLS_OUTLET_ZIP,GA0007,012,,EXACT_OUTLET;TIE_FSCSKEY_SEQ,EXACT_OUTLET;NOT_USPS_VALIDITY;NO_INVENTORY
30142,OBSERVED_REFERENCE_INDIRECT_ONLY,,,,INDIRECT_IMLS_SC;NO_FABRICATED_NEAREST,INDIRECT_IMLS_SC;NO_FABRICATED_NEAREST;NOT_REJECTED;NOT_USPS_VALIDITY;NO_INVENTORY
30143,EXACT_IMLS_OUTLET_ZIP,GA0010,005,,EXACT_OUTLET;TIE_FSCSKEY_SEQ,EXACT_OUTLET;NOT_USPS_VALIDITY;NO_INVENTORY
30144,EXACT_IMLS_OUTLET_ZIP,GA0013,022,,EXACT_OUTLET;TIE_FSCSKEY_SEQ,EXACT_OUTLET;NOT_USPS_VALIDITY;NO_INVENTORY
30145,ZCTA_NEAREST_ACTIVE_OUTLET,GA0002,005,12.405,ZCTA_NN;R6371;TIE_FIRST_LEX,ZCTA_NN_HAVERSINE;NOT_ELIGIBILITY;NOT_USPS_VALIDITY;NO_INVENTORY
30146,OBSERVED_REFERENCE_INDIRECT_ONLY,,,,INDIRECT_IMLS_SC;NO_FABRICATED_NEAREST,INDIRECT_IMLS_SC;NO_FABRICATED_NEAREST;NOT_REJECTED;NOT_USPS_VALIDITY;NO_INVENTORY
30147,ZCTA_NEAREST_ACTIVE_OUTLET,GA0021,002,10.951,ZCTA_NN;R6371;TIE_FIRST_LEX,ZCTA_NN_HAVERSINE;NOT_ELIGIBILITY;NOT_USPS_VALIDITY;NO_INVENTORY
30148,ZCTA_NEAREST_ACTIVE_OUTLET,GA0027,008,14.914,ZCTA_NN;R6371;TIE_FIRST_LEX,ZCTA_NN_HAVERSINE;NOT_ELIGIBILITY;NOT_USPS_VALIDITY;NO_INVENTORY
30149,ZCTA_NEAREST_ACTIVE_OUTLET,GA0021,006,8.054,ZCTA_NN;R6371;TIE_FIRST_LEX,ZCTA_NN_HAVERSINE;NOT_ELIGIBILITY;NOT_USPS_VALIDITY;NO_INVENTORY
30151,OBSERVED_REFERENCE_INDIRECT_ONLY,,,,INDIRECT_IMLS_SC;NO_FABRICATED_NEAREST,INDIRECT_IMLS_SC;NO_FABRICATED_NEAREST;NOT_REJECTED;NOT_USPS_VALIDITY;NO_INVENTORY
30152,EXACT_IMLS_OUTLET_ZIP,GA0013,018,,EXACT_OUTLET;TIE_FSCSKEY_SEQ,EXACT_OUTLET;NOT_USPS_VALIDITY;NO_INVENTORY
30153,EXACT_IMLS_OUTLET_ZIP,GA0021,004,,EXACT_OUTLET;TIE_FSCSKEY_SEQ,EXACT_OUTLET;NOT_USPS_VALIDITY;NO_INVENTORY
30154,OBSERVED_REFERENCE_INDIRECT_ONLY,,,,INDIRECT_IMLS_SC;NO_FABRICATED_NEAREST,INDIRECT_IMLS_SC;NO_FABRICATED_NEAREST;NOT_REJECTED;NOT_USPS_VALIDITY;NO_INVENTORY
30156,OBSERVED_REFERENCE_INDIRECT_ONLY,,,,INDIRECT_IMLS_SC;NO_FABRICATED_NEAREST,INDIRECT_IMLS_SC;NO_FABRICATED_NEAREST;NOT_REJECTED;NOT_USPS_VALIDITY;NO_INVENTORY
30157,EXACT_IMLS_OUTLET_ZIP,GA0007,013,,EXACT_OUTLET;TIE_FSCSKEY_SEQ,EXACT_OUTLET;NOT_USPS_VALIDITY;NO_INVENTORY
30160,OBSERVED_REFERENCE_INDIRECT_ONLY,,,,INDIRECT_IMLS_SC;NO_FABRICATED_NEAREST,INDIRECT_IMLS_SC;NO_FABRICATED_NEAREST;NOT_REJECTED;NOT_USPS_VALIDITY;NO_INVENTORY
30161,EXACT_IMLS_OUTLET_ZIP,GA0021,006,,EXACT_OUTLET;TIE_FSCSKEY_SEQ,EXACT_OUTLET;NOT_USPS_VALIDITY;NO_INVENTORY
30162,OBSERVED_REFERENCE_INDIRECT_ONLY,,,,INDIRECT_IMLS_SC;NO_FABRICATED_NEAREST,INDIRECT_IMLS_SC;NO_FABRICATED_NEAREST;NOT_REJECTED;NOT_USPS_VALIDITY;NO_INVENTORY
30164,OBSERVED_REFERENCE_INDIRECT_ONLY,,,,INDIRECT_IMLS_SC;NO_FABRICATED_NEAREST,INDIRECT_IMLS_SC;NO_FABRICATED_NEAREST;NOT_REJECTED;NOT_USPS_VALIDITY;NO_INVENTORY
30165,ZCTA_NEAREST_ACTIVE_OUTLET,GA0021,006,13.282,ZCTA_NN;R6371;TIE_FIRST_LEX,ZCTA_NN_HAVERSINE;NOT_ELIGIBILITY;NOT_USPS_VALIDITY;NO_INVENTORY
30168,ZCTA_NEAREST_ACTIVE_OUTLET,GA0013,014,4.771,ZCTA_NN;R6371;TIE_FIRST_LEX,ZCTA_NN_HAVERSINE;NOT_ELIGIBILITY;NOT_USPS_VALIDITY;NO_INVENTORY
30169,OBSERVED_REFERENCE_INDIRECT_ONLY,,,,INDIRECT_IMLS_SC;NO_FABRICATED_NEAREST,INDIRECT_IMLS_SC;NO_FABRICATED_NEAREST;NOT_REJECTED;NOT_USPS_VALIDITY;NO_INVENTORY
30170,EXACT_IMLS_OUTLET_ZIP,GA0007,017,,EXACT_OUTLET;TIE_FSCSKEY_SEQ,EXACT_OUTLET;NOT_USPS_VALIDITY;NO_INVENTORY
30171,ZCTA_NEAREST_ACTIVE_OUTLET,GA0002,004,19.036,ZCTA_NN;R6371;TIE_FIRST_LEX,ZCTA_NN_HAVERSINE;NOT_ELIGIBILITY;NOT_USPS_VALIDITY;NO_INVENTORY
30172,OBSERVED_REFERENCE_INDIRECT_ONLY,,,,INDIRECT_IMLS_SC;NO_FABRICATED_NEAREST,INDIRECT_IMLS_SC;NO_FABRICATED_NEAREST;NOT_REJECTED;NOT_USPS_VALIDITY;NO_INVENTORY
30173,ZCTA_NEAREST_ACTIVE_OUTLET,GA0021,006,14.006,ZCTA_NN;R6371;TIE_FIRST_LEX,ZCTA_NN_HAVERSINE;NOT_ELIGIBILITY;NOT_USPS_VALIDITY;NO_INVENTORY
30175,ZCTA_NEAREST_ACTIVE_OUTLET,GA0010,005,11.351,ZCTA_NN;R6371;TIE_FIRST_LEX,ZCTA_NN_HAVERSINE;NOT_ELIGIBILITY;NOT_USPS_VALIDITY;NO_INVENTORY
30176,EXACT_IMLS_OUTLET_ZIP,GA0007,007,,EXACT_OUTLET;TIE_FSCSKEY_SEQ,EXACT_OUTLET;NOT_USPS_VALIDITY;NO_INVENTORY
30177,ZCTA_NEAREST_ACTIVE_OUTLET,GA0010,010,7.441,ZCTA_NN;R6371;TIE_FIRST_LEX,ZCTA_NN_HAVERSINE;NOT_ELIGIBILITY;NOT_USPS_VALIDITY;NO_INVENTORY
30178,ZCTA_NEAREST_ACTIVE_OUTLET,GA0002,005,6.437,ZCTA_NN;R6371;TIE_FIRST_LEX,ZCTA_NN_HAVERSINE;NOT_ELIGIBILITY;NOT_USPS_VALIDITY;NO_INVENTORY
30179,EXACT_IMLS_OUTLET_ZIP,GA0007,020,,EXACT_OUTLET;TIE_FSCSKEY_SEQ,EXACT_OUTLET;NOT_USPS_VALIDITY;NO_INVENTORY
30180,EXACT_IMLS_OUTLET_ZIP,GA0007,004,,EXACT_OUTLET;TIE_FSCSKEY_SEQ,EXACT_OUTLET;NOT_USPS_VALIDITY;NO_INVENTORY
30182,ZCTA_NEAREST_ACTIVE_OUTLET,GA0007,014,6.318,ZCTA_NN;R6371;TIE_FIRST_LEX,ZCTA_NN_HAVERSINE;NOT_ELIGIBILITY;NOT_USPS_VALIDITY;NO_INVENTORY
30183,ZCTA_NEAREST_ACTIVE_OUTLET,GA0010,009,14.556,ZCTA_NN;R6371;TIE_FIRST_LEX,ZCTA_NN_HAVERSINE;NOT_ELIGIBILITY;NOT_USPS_VALIDITY;NO_INVENTORY
30184,ZCTA_NEAREST_ACTIVE_OUTLET,GA0002,002,11.523,ZCTA_NN;R6371;TIE_FIRST_LEX,ZCTA_NN_HAVERSINE;NOT_ELIGIBILITY;NOT_USPS_VALIDITY;NO_INVENTORY
30185,EXACT_IMLS_OUTLET_ZIP,GA0007,016,,EXACT_OUTLET;TIE_FSCSKEY_SEQ,EXACT_OUTLET;NOT_USPS_VALIDITY;NO_INVENTORY
30187,ZCTA_NEAREST_ACTIVE_OUTLET,GA0007,019,3.127,ZCTA_NN;R6371;TIE_FIRST_LEX,ZCTA_NN_HAVERSINE;NOT_ELIGIBILITY;NOT_USPS_VALIDITY;NO_INVENTORY
30188,EXACT_IMLS_OUTLET_ZIP,GA0010,003,,EXACT_OUTLET;TIE_FSCSKEY_SEQ,EXACT_OUTLET;NOT_USPS_VALIDITY;NO_INVENTORY
30189,EXACT_IMLS_OUTLET_ZIP,GA0010,007,,EXACT_OUTLET;TIE_FSCSKEY_SEQ,EXACT_OUTLET;NOT_USPS_VALIDITY;NO_INVENTORY
30204,EXACT_IMLS_OUTLET_ZIP,GA0042,004,,EXACT_OUTLET;TIE_FSCSKEY_SEQ,EXACT_OUTLET;NOT_USPS_VALIDITY;NO_INVENTORY
30205,ZCTA_NEAREST_ACTIVE_OUTLET,GA0063,004,8.681,ZCTA_NN;R6371;TIE_FIRST_LEX,ZCTA_NN_HAVERSINE;NOT_ELIGIBILITY;NOT_USPS_VALIDITY;NO_INVENTORY
30206,ZCTA_NEAREST_ACTIVE_OUTLET,GA0042,011,10.548,ZCTA_NN;R6371;TIE_FIRST_LEX,ZCTA_NN_HAVERSINE;NOT_ELIGIBILITY;NOT_USPS_VALIDITY;NO_INVENTORY
30212,OBSERVED_REFERENCE_INDIRECT_ONLY,,,,INDIRECT_IMLS_SC;NO_FABRICATED_NEAREST,INDIRECT_IMLS_SC;NO_FABRICATED_NEAREST;NOT_REJECTED;NOT_USPS_VALIDITY;NO_INVENTORY
30213,EXACT_IMLS_OUTLET_ZIP,GA0022,022,,EXACT_OUTLET;TIE_FSCSKEY_SEQ,EXACT_OUTLET;NOT_USPS_VALIDITY;NO_INVENTORY
30214,EXACT_IMLS_OUTLET_ZIP,GA0042,008,,EXACT_OUTLET;TIE_FSCSKEY_SEQ,EXACT_OUTLET;NOT_USPS_VALIDITY;NO_INVENTORY
30215,ZCTA_NEAREST_ACTIVE_OUTLET,GA0042,008,6.108,ZCTA_NN;R6371;TIE_FIRST_LEX,ZCTA_NN_HAVERSINE;NOT_ELIGIBILITY;NOT_USPS_VALIDITY;NO_INVENTORY
30216,ZCTA_NEAREST_ACTIVE_OUTLET,GA0042,010,10.164,ZCTA_NN;R6371;TIE_FIRST_LEX,ZCTA_NN_HAVERSINE;NOT_ELIGIBILITY;NOT_USPS_VALIDITY;NO_INVENTORY
30217,EXACT_IMLS_OUTLET_ZIP,GA0007,008,,EXACT_OUTLET;TIE_FSCSKEY_SEQ,EXACT_OUTLET;NOT_USPS_VALIDITY;NO_INVENTORY
30218,ZCTA_NEAREST_ACTIVE_OUTLET,GA0033,003,15.471,ZCTA_NN;R6371;TIE_FIRST_LEX,ZCTA_NN_HAVERSINE;NOT_ELIGIBILITY;NOT_USPS_VALIDITY;NO_INVENTORY
30220,EXACT_IMLS_OUTLET_ZIP,GA0063,003,,EXACT_OUTLET;TIE_FSCSKEY_SEQ,EXACT_OUTLET;NOT_USPS_VALIDITY;NO_INVENTORY
30222,EXACT_IMLS_OUTLET_ZIP,GA0033,003,,EXACT_OUTLET;TIE_FSCSKEY_SEQ,EXACT_OUTLET;NOT_USPS_VALIDITY;NO_INVENTORY
30223,EXACT_IMLS_OUTLET_ZIP,GA0042,002,,EXACT_OUTLET;TIE_FSCSKEY_SEQ,EXACT_OUTLET;NOT_USPS_VALIDITY;NO_INVENTORY
30224,ZCTA_NEAREST_ACTIVE_OUTLET,GA0042,002,4.733,ZCTA_NN;R6371;TIE_FIRST_LEX,ZCTA_NN_HAVERSINE;NOT_ELIGIBILITY;NOT_USPS_VALIDITY;NO_INVENTORY
30228,EXACT_IMLS_OUTLET_ZIP,GA0012,007,,EXACT_OUTLET;TIE_FSCSKEY_SEQ,EXACT_OUTLET;NOT_USPS_VALIDITY;NO_INVENTORY
30229,ZCTA_NEAREST_ACTIVE_OUTLET,GA0063,004,7.722,ZCTA_NN;R6371;TIE_FIRST_LEX,ZCTA_NN_HAVERSINE;NOT_ELIGIBILITY;NOT_USPS_VALIDITY;NO_INVENTORY
30230,EXACT_IMLS_OUTLET_ZIP,GA0048,004,,EXACT_OUTLET;TIE_FSCSKEY_SEQ,EXACT_OUTLET;NOT_USPS_VALIDITY;NO_INVENTORY
30233,EXACT_IMLS_OUTLET_ZIP,GA0042,010,,EXACT_OUTLET;TIE_FSCSKEY_SEQ,EXACT_OUTLET;NOT_USPS_VALIDITY;NO_INVENTORY
30234,ZCTA_NEAREST_ACTIVE_OUTLET,GA0042,010,7.290,ZCTA_NN;R6371;TIE_FIRST_LEX,ZCTA_NN_HAVERSINE;NOT_ELIGIBILITY;NOT_USPS_VALIDITY;NO_INVENTORY
30236,EXACT_IMLS_OUTLET_ZIP,GA0012,006,,EXACT_OUTLET;TIE_FSCSKEY_SEQ,EXACT_OUTLET;NOT_USPS_VALIDITY;NO_INVENTORY
30237,OBSERVED_REFERENCE_INDIRECT_ONLY,,,,INDIRECT_IMLS_SC;NO_FABRICATED_NEAREST,INDIRECT_IMLS_SC;NO_FABRICATED_NEAREST;NOT_REJECTED;NOT_USPS_VALIDITY;NO_INVENTORY
30238,ZCTA_NEAREST_ACTIVE_OUTLET,GA0012,006,5.983,ZCTA_NN;R6371;TIE_FIRST_LEX,ZCTA_NN_HAVERSINE;NOT_ELIGIBILITY;NOT_USPS_VALIDITY;NO_INVENTORY
30240,EXACT_IMLS_OUTLET_ZIP,GA0048,002,,EXACT_OUTLET;TIE_FSCSKEY_SEQ,EXACT_OUTLET;NOT_USPS_VALIDITY;NO_INVENTORY
30241,ZCTA_NEAREST_ACTIVE_OUTLET,GA0048,002,7.825,ZCTA_NN;R6371;TIE_FIRST_LEX,ZCTA_NN_HAVERSINE;NOT_ELIGIBILITY;NOT_USPS_VALIDITY;NO_INVENTORY
30248,ZCTA_NEAREST_ACTIVE_OUTLET,GA0054,004,1.498,ZCTA_NN;R6371;TIE_FIRST_LEX,ZCTA_NN_HAVERSINE;NOT_ELIGIBILITY;NOT_USPS_VALIDITY;NO_INVENTORY
30250,ZCTA_NEAREST_ACTIVE_OUTLET,GA0012,007,3.144,ZCTA_NN;R6371;TIE_FIRST_LEX,ZCTA_NN_HAVERSINE;NOT_ELIGIBILITY;NOT_USPS_VALIDITY;NO_INVENTORY
30251,ZCTA_NEAREST_ACTIVE_OUTLET,GA0063,003,13.977,ZCTA_NN;R6371;TIE_FIRST_LEX,ZCTA_NN_HAVERSINE;NOT_ELIGIBILITY;NOT_USPS_VALIDITY;NO_INVENTORY
30252,EXACT_IMLS_OUTLET_ZIP,GA0054,006,,EXACT_OUTLET;TIE_FSCSKEY_SEQ,EXACT_OUTLET;NOT_USPS_VALIDITY;NO_INVENTORY
30253,ZCTA_NEAREST_ACTIVE_OUTLET,GA0054,006,5.891,ZCTA_NN;R6371;TIE_FIRST_LEX,ZCTA_NN_HAVERSINE;NOT_ELIGIBILITY;NOT_USPS_VALIDITY;NO_INVENTORY
30256,ZCTA_NEAREST_ACTIVE_OUTLET,GA0042,011,9.242,ZCTA_NN;R6371;TIE_FIRST_LEX,ZCTA_NN_HAVERSINE;NOT_ELIGIBILITY;NOT_USPS_VALIDITY;NO_INVENTORY
30257,EXACT_IMLS_OUTLET_ZIP,GA0042,016,,EXACT_OUTLET;TIE_FSCSKEY_SEQ,EXACT_OUTLET;NOT_USPS_VALIDITY;NO_INVENTORY
30258,ZCTA_NEAREST_ACTIVE_OUTLET,GA0042,011,15.608,ZCTA_NN;R6371;TIE_FIRST_LEX,ZCTA_NN_HAVERSINE;NOT_ELIGIBILITY;NOT_USPS_VALIDITY;NO_INVENTORY
30259,ZCTA_NEAREST_ACTIVE_OUTLET,GA0063,003,9.606,ZCTA_NN;R6371;TIE_FIRST_LEX,ZCTA_NN_HAVERSINE;NOT_ELIGIBILITY;NOT_USPS_VALIDITY;NO_INVENTORY
30260,EXACT_IMLS_OUTLET_ZIP,GA0012,004,,EXACT_OUTLET;TIE_FSCSKEY_SEQ,EXACT_OUTLET;NOT_USPS_VALIDITY;NO_INVENTORY
30263,EXACT_IMLS_OUTLET_ZIP,GA0063,001,,EXACT_OUTLET;TIE_FSCSKEY_SEQ,EXACT_OUTLET;NOT_USPS_VALIDITY;NO_INVENTORY
30264,OBSERVED_REFERENCE_INDIRECT_ONLY,,,,INDIRECT_IMLS_SC;NO_FABRICATED_NEAREST,INDIRECT_IMLS_SC;NO_FABRICATED_NEAREST;NOT_REJECTED;NOT_USPS_VALIDITY;NO_INVENTORY
30265,EXACT_IMLS_OUTLET_ZIP,GA0063,002,,EXACT_OUTLET;TIE_FSCSKEY_SEQ,EXACT_OUTLET;NOT_USPS_VALIDITY;NO_INVENTORY
30266,OBSERVED_REFERENCE_INDIRECT_ONLY,,,,INDIRECT_IMLS_SC;NO_FABRICATED_NEAREST,INDIRECT_IMLS_SC;NO_FABRICATED_NEAREST;NOT_REJECTED;NOT_USPS_VALIDITY;NO_INVENTORY
30268,EXACT_IMLS_OUTLET_ZIP,GA0022,053,,EXACT_OUTLET;TIE_FSCSKEY_SEQ,EXACT_OUTLET;NOT_USPS_VALIDITY;NO_INVENTORY
30269,EXACT_IMLS_OUTLET_ZIP,GA0042,014,,EXACT_OUTLET;TIE_FSCSKEY_SEQ,EXACT_OUTLET;NOT_USPS_VALIDITY;NO_INVENTORY
30271,OBSERVED_REFERENCE_INDIRECT_ONLY,,,,INDIRECT_IMLS_SC;NO_FABRICATED_NEAREST,INDIRECT_IMLS_SC;NO_FABRICATED_NEAREST;NOT_REJECTED;NOT_USPS_VALIDITY;NO_INVENTORY
30272,ZCTA_NEAREST_ACTIVE_OUTLET,GA0022,043,4.321,ZCTA_NN;R6371;TIE_FIRST_LEX,ZCTA_NN_HAVERSINE;NOT_ELIGIBILITY;NOT_USPS_VALIDITY;NO_INVENTORY
30273,ZCTA_NEAREST_ACTIVE_OUTLET,GA0012,004,3.952,ZCTA_NN;R6371;TIE_FIRST_LEX,ZCTA_NN_HAVERSINE;NOT_ELIGIBILITY;NOT_USPS_VALIDITY;NO_INVENTORY
30274,EXACT_IMLS_OUTLET_ZIP,GA0012,005,,EXACT_OUTLET;TIE_FSCSKEY_SEQ,EXACT_OUTLET;NOT_USPS_VALIDITY;NO_INVENTORY
30275,ZCTA_NEAREST_ACTIVE_OUTLET,GA0063,001,6.653,ZCTA_NN;R6371;TIE_FIRST_LEX,ZCTA_NN_HAVERSINE;NOT_ELIGIBILITY;NOT_USPS_VALIDITY;NO_INVENTORY
30276,EXACT_IMLS_OUTLET_ZIP,GA0063,004,,EXACT_OUTLET;TIE_FSCSKEY_SEQ,EXACT_OUTLET;NOT_USPS_VALIDITY;NO_INVENTORY
30277,ZCTA_NEAREST_ACTIVE_OUTLET,GA0063,002,2.254,ZCTA_NN;R6371;TIE_FIRST_LEX,ZCTA_NN_HAVERSINE;NOT_ELIGIBILITY;NOT_USPS_VALIDITY;NO_INVENTORY
30281,EXACT_IMLS_OUTLET_ZIP,GA0054,002,,EXACT_OUTLET;TIE_FSCSKEY_SEQ,EXACT_OUTLET;NOT_USPS_VALIDITY;NO_INVENTORY
30284,ZCTA_NEAREST_ACTIVE_OUTLET,GA0054,003,4.906,ZCTA_NN;R6371;TIE_FIRST_LEX,ZCTA_NN_HAVERSINE;NOT_ELIGIBILITY;NOT_USPS_VALIDITY;NO_INVENTORY
30285,ZCTA_NEAREST_ACTIVE_OUTLET,GA0042,004,11.808,ZCTA_NN;R6371;TIE_FIRST_LEX,ZCTA_NN_HAVERSINE;NOT_ELIGIBILITY;NOT_USPS_VALIDITY;NO_INVENTORY
30286,EXACT_IMLS_OUTLET_ZIP,GA0033,007,,EXACT_OUTLET;TIE_FSCSKEY_SEQ,EXACT_OUTLET;NOT_USPS_VALIDITY;NO_INVENTORY
30287,OBSERVED_REFERENCE_INDIRECT_ONLY,,,,INDIRECT_IMLS_SC;NO_FABRICATED_NEAREST,INDIRECT_IMLS_SC;NO_FABRICATED_NEAREST;NOT_REJECTED;NOT_USPS_VALIDITY;NO_INVENTORY
30288,ZCTA_NEAREST_ACTIVE_OUTLET,GA0012,002,5.038,ZCTA_NN;R6371;TIE_FIRST_LEX,ZCTA_NN_HAVERSINE;NOT_ELIGIBILITY;NOT_USPS_VALIDITY;NO_INVENTORY
30289,ZCTA_NEAREST_ACTIVE_OUTLET,GA0063,004,7.319,ZCTA_NN;R6371;TIE_FIRST_LEX,ZCTA_NN_HAVERSINE;NOT_ELIGIBILITY;NOT_USPS_VALIDITY;NO_INVENTORY
30290,EXACT_IMLS_OUTLET_ZIP,GA0042,015,,EXACT_OUTLET;TIE_FSCSKEY_SEQ,EXACT_OUTLET;NOT_USPS_VALIDITY;NO_INVENTORY
30291,EXACT_IMLS_OUTLET_ZIP,GA0022,043,,EXACT_OUTLET;TIE_FSCSKEY_SEQ,EXACT_OUTLET;NOT_USPS_VALIDITY;NO_INVENTORY
30292,ZCTA_NEAREST_ACTIVE_OUTLET,GA0042,011,10.093,ZCTA_NN;R6371;TIE_FIRST_LEX,ZCTA_NN_HAVERSINE;NOT_ELIGIBILITY;NOT_USPS_VALIDITY;NO_INVENTORY
30293,ZCTA_NEAREST_ACTIVE_OUTLET,GA0033,003,11.821,ZCTA_NN;R6371;TIE_FIRST_LEX,ZCTA_NN_HAVERSINE;NOT_ELIGIBILITY;NOT_USPS_VALIDITY;NO_INVENTORY
30294,EXACT_IMLS_OUTLET_ZIP,GA0017,032,,EXACT_OUTLET;TIE_FSCSKEY_SEQ,EXACT_OUTLET;NOT_USPS_VALIDITY;NO_INVENTORY
30295,EXACT_IMLS_OUTLET_ZIP,GA0042,011,,EXACT_OUTLET;TIE_FSCSKEY_SEQ,EXACT_OUTLET;NOT_USPS_VALIDITY;NO_INVENTORY
30296,ZCTA_NEAREST_ACTIVE_OUTLET,GA0012,008,3.191,ZCTA_NN;R6371;TIE_FIRST_LEX,ZCTA_NN_HAVERSINE;NOT_ELIGIBILITY;NOT_USPS_VALIDITY;NO_INVENTORY
30297,EXACT_IMLS_OUTLET_ZIP,GA0012,002,,EXACT_OUTLET;TIE_FSCSKEY_SEQ,EXACT_OUTLET;NOT_USPS_VALIDITY;NO_INVENTORY
30298,OBSERVED_REFERENCE_INDIRECT_ONLY,,,,INDIRECT_IMLS_SC;NO_FABRICATED_NEAREST,INDIRECT_IMLS_SC;NO_FABRICATED_NEAREST;NOT_REJECTED;NOT_USPS_VALIDITY;NO_INVENTORY
30301,OBSERVED_REFERENCE_INDIRECT_ONLY,,,,INDIRECT_IMLS_SC;NO_FABRICATED_NEAREST,INDIRECT_IMLS_SC;NO_FABRICATED_NEAREST;NOT_REJECTED;NOT_USPS_VALIDITY;NO_INVENTORY
30302,OBSERVED_REFERENCE_INDIRECT_ONLY,,,,INDIRECT_IMLS_SC;NO_FABRICATED_NEAREST,INDIRECT_IMLS_SC;NO_FABRICATED_NEAREST;NOT_REJECTED;NOT_USPS_VALIDITY;NO_INVENTORY
30303,EXACT_IMLS_OUTLET_ZIP,GA0022,002,,EXACT_OUTLET;TIE_FSCSKEY_SEQ,EXACT_OUTLET;NOT_USPS_VALIDITY;NO_INVENTORY
30304,OBSERVED_REFERENCE_INDIRECT_ONLY,,,,INDIRECT_IMLS_SC;NO_FABRICATED_NEAREST,INDIRECT_IMLS_SC;NO_FABRICATED_NEAREST;NOT_REJECTED;NOT_USPS_VALIDITY;NO_INVENTORY
30305,EXACT_IMLS_OUTLET_ZIP,GA0022,015,,EXACT_OUTLET;TIE_FSCSKEY_SEQ,EXACT_OUTLET;NOT_USPS_VALIDITY;NO_INVENTORY
30306,EXACT_IMLS_OUTLET_ZIP,GA0022,027,,EXACT_OUTLET;TIE_FSCSKEY_SEQ,EXACT_OUTLET;NOT_USPS_VALIDITY;NO_INVENTORY
30307,ZCTA_NEAREST_ACTIVE_OUTLET,GA0022,027,2.014,ZCTA_NN;R6371;TIE_FIRST_LEX,ZCTA_NN_HAVERSINE;NOT_ELIGIBILITY;NOT_USPS_VALIDITY;NO_INVENTORY
30308,ZCTA_NEAREST_ACTIVE_OUTLET,GA0022,048,1.392,ZCTA_NN;R6371;TIE_FIRST_LEX,ZCTA_NN_HAVERSINE;NOT_ELIGIBILITY;NOT_USPS_VALIDITY;NO_INVENTORY
30309,EXACT_IMLS_OUTLET_ZIP,GA0022,026,,EXACT_OUTLET;TIE_FSCSKEY_SEQ,EXACT_OUTLET;NOT_USPS_VALIDITY;NO_INVENTORY
30310,EXACT_IMLS_OUTLET_ZIP,GA0022,032,,EXACT_OUTLET;TIE_FSCSKEY_SEQ,EXACT_OUTLET;NOT_USPS_VALIDITY;NO_INVENTORY
30311,EXACT_IMLS_OUTLET_ZIP,GA0022,012,,EXACT_OUTLET;TIE_FSCSKEY_SEQ,EXACT_OUTLET;NOT_USPS_VALIDITY;NO_INVENTORY
30312,EXACT_IMLS_OUTLET_ZIP,GA0022,045,,EXACT_OUTLET;TIE_FSCSKEY_SEQ,EXACT_OUTLET;NOT_USPS_VALIDITY;NO_INVENTORY
30313,ZCTA_NEAREST_ACTIVE_OUTLET,GA0022,002,1.125,ZCTA_NN;R6371;TIE_FIRST_LEX,ZCTA_NN_HAVERSINE;NOT_ELIGIBILITY;NOT_USPS_VALIDITY;NO_INVENTORY
30314,EXACT_IMLS_OUTLET_ZIP,GA0022,033,,EXACT_OUTLET;TIE_FSCSKEY_SEQ,EXACT_OUTLET;NOT_USPS_VALIDITY;NO_INVENTORY
30315,EXACT_IMLS_OUTLET_ZIP,GA0022,058,,EXACT_OUTLET;TIE_FSCSKEY_SEQ,EXACT_OUTLET;NOT_USPS_VALIDITY;NO_INVENTORY
30316,EXACT_IMLS_OUTLET_ZIP,GA0017,029,,EXACT_OUTLET;TIE_FSCSKEY_SEQ,EXACT_OUTLET;NOT_USPS_VALIDITY;NO_INVENTORY
30317,EXACT_IMLS_OUTLET_ZIP,GA0022,023,,EXACT_OUTLET;TIE_FSCSKEY_SEQ,EXACT_OUTLET;NOT_USPS_VALIDITY;NO_INVENTORY
30318,EXACT_IMLS_OUTLET_ZIP,GA0022,017,,EXACT_OUTLET;TIE_FSCSKEY_SEQ,EXACT_OUTLET;NOT_USPS_VALIDITY;NO_INVENTORY
30319,EXACT_IMLS_OUTLET_ZIP,GA0017,003,,EXACT_OUTLET;TIE_FSCSKEY_SEQ,EXACT_OUTLET;NOT_USPS_VALIDITY;NO_INVENTORY
30320,OBSERVED_REFERENCE_INDIRECT_ONLY,,,,INDIRECT_IMLS_SC;NO_FABRICATED_NEAREST,INDIRECT_IMLS_SC;NO_FABRICATED_NEAREST;NOT_REJECTED;NOT_USPS_VALIDITY;NO_INVENTORY
30321,OBSERVED_REFERENCE_INDIRECT_ONLY,,,,INDIRECT_IMLS_SC;NO_FABRICATED_NEAREST,INDIRECT_IMLS_SC;NO_FABRICATED_NEAREST;NOT_REJECTED;NOT_USPS_VALIDITY;NO_INVENTORY
30322,ZCTA_NEAREST_ACTIVE_OUTLET,GA0017,006,2.293,ZCTA_NN;R6371;TIE_FIRST_LEX,ZCTA_NN_HAVERSINE;NOT_ELIGIBILITY;NOT_USPS_VALIDITY;NO_INVENTORY
30324,ZCTA_NEAREST_ACTIVE_OUTLET,GA0022,015,2.944,ZCTA_NN;R6371;TIE_FIRST_LEX,ZCTA_NN_HAVERSINE;NOT_ELIGIBILITY;NOT_USPS_VALIDITY;NO_INVENTORY
30325,OBSERVED_REFERENCE_INDIRECT_ONLY,,,,INDIRECT_IMLS_SC;NO_FABRICATED_NEAREST,INDIRECT_IMLS_SC;NO_FABRICATED_NEAREST;NOT_REJECTED;NOT_USPS_VALIDITY;NO_INVENTORY
30326,ZCTA_NEAREST_ACTIVE_OUTLET,GA0022,015,1.943,ZCTA_NN;R6371;TIE_FIRST_LEX,ZCTA_NN_HAVERSINE;NOT_ELIGIBILITY;NOT_USPS_VALIDITY;NO_INVENTORY
30327,EXACT_IMLS_OUTLET_ZIP,GA0022,025,,EXACT_OUTLET;TIE_FSCSKEY_SEQ,EXACT_OUTLET;NOT_USPS_VALIDITY;NO_INVENTORY
30328,EXACT_IMLS_OUTLET_ZIP,GA0022,029,,EXACT_OUTLET;TIE_FSCSKEY_SEQ,EXACT_OUTLET;NOT_USPS_VALIDITY;NO_INVENTORY
30329,ZCTA_NEAREST_ACTIVE_OUTLET,GA0017,006,2.400,ZCTA_NN;R6371;TIE_FIRST_LEX,ZCTA_NN_HAVERSINE;NOT_ELIGIBILITY;NOT_USPS_VALIDITY;NO_INVENTORY
30331,EXACT_IMLS_OUTLET_ZIP,GA0022,013,,EXACT_OUTLET;TIE_FSCSKEY_SEQ,EXACT_OUTLET;NOT_USPS_VALIDITY;NO_INVENTORY
30332,ZCTA_NEAREST_ACTIVE_OUTLET,GA0022,026,2.290,ZCTA_NN;R6371;TIE_FIRST_LEX,ZCTA_NN_HAVERSINE;NOT_ELIGIBILITY;NOT_USPS_VALIDITY;NO_INVENTORY
30333,OBSERVED_REFERENCE_INDIRECT_ONLY,,,,INDIRECT_IMLS_SC;NO_FABRICATED_NEAREST,INDIRECT_IMLS_SC;NO_FABRICATED_NEAREST;NOT_REJECTED;NOT_USPS_VALIDITY;NO_INVENTORY
30334,EXACT_IMLS_OUTLET_ZIP,GA0022,040,,EXACT_OUTLET;TIE_FSCSKEY_SEQ,EXACT_OUTLET;NOT_USPS_VALIDITY;NO_INVENTORY
30336,ZCTA_NEAREST_ACTIVE_OUTLET,GA0022,030,5.887,ZCTA_NN;R6371;TIE_FIRST_LEX,ZCTA_NN_HAVERSINE;NOT_ELIGIBILITY;NOT_USPS_VALIDITY;NO_INVENTORY
30337,EXACT_IMLS_OUTLET_ZIP,GA0022,016,,EXACT_OUTLET;TIE_FSCSKEY_SEQ,EXACT_OUTLET;NOT_USPS_VALIDITY;NO_INVENTORY
30338,EXACT_IMLS_OUTLET_ZIP,GA0017,007,,EXACT_OUTLET;TIE_FSCSKEY_SEQ,EXACT_OUTLET;NOT_USPS_VALIDITY;NO_INVENTORY
30339,EXACT_IMLS_OUTLET_ZIP,GA0013,017,,EXACT_OUTLET;TIE_FSCSKEY_SEQ,EXACT_OUTLET;NOT_USPS_VALIDITY;NO_INVENTORY
30340,EXACT_IMLS_OUTLET_ZIP,GA0017,009,,EXACT_OUTLET;TIE_FSCSKEY_SEQ,EXACT_OUTLET;NOT_USPS_VALIDITY;NO_INVENTORY
30341,EXACT_IMLS_OUTLET_ZIP,GA0017,008,,EXACT_OUTLET;TIE_FSCSKEY_SEQ,EXACT_OUTLET;NOT_USPS_VALIDITY;NO_INVENTORY
30342,ZCTA_NEAREST_ACTIVE_OUTLET,GA0022,029,4.411,ZCTA_NN;R6371;TIE_FIRST_LEX,ZCTA_NN_HAVERSINE;NOT_ELIGIBILITY;NOT_USPS_VALIDITY;NO_INVENTORY
30343,OBSERVED_REFERENCE_INDIRECT_ONLY,,,,INDIRECT_IMLS_SC;NO_FABRICATED_NEAREST,INDIRECT_IMLS_SC;NO_FABRICATED_NEAREST;NOT_REJECTED;NOT_USPS_VALIDITY;NO_INVENTORY
30344,ZCTA_NEAREST_ACTIVE_OUTLET,GA0022,040,1.981,ZCTA_NN;R6371;TIE_FIRST_LEX,ZCTA_NN_HAVERSINE;NOT_ELIGIBILITY;NOT_USPS_VALIDITY;NO_INVENTORY
30345,ZCTA_NEAREST_ACTIVE_OUTLET,GA0017,026,2.325,ZCTA_NN;R6371;TIE_FIRST_LEX,ZCTA_NN_HAVERSINE;NOT_ELIGIBILITY;NOT_USPS_VALIDITY;NO_INVENTORY
30346,ZCTA_NEAREST_ACTIVE_OUTLET,GA0017,007,2.311,ZCTA_NN;R6371;TIE_FIRST_LEX,ZCTA_NN_HAVERSINE;NOT_ELIGIBILITY;NOT_USPS_VALIDITY;NO_INVENTORY
30348,OBSERVED_REFERENCE_INDIRECT_ONLY,,,,INDIRECT_IMLS_SC;NO_FABRICATED_NEAREST,INDIRECT_IMLS_SC;NO_FABRICATED_NEAREST;NOT_REJECTED;NOT_USPS_VALIDITY;NO_INVENTORY
30349,ZCTA_NEAREST_ACTIVE_OUTLET,GA0022,043,4.316,ZCTA_NN;R6371;TIE_FIRST_LEX,ZCTA_NN_HAVERSINE;NOT_ELIGIBILITY;NOT_USPS_VALIDITY;NO_INVENTORY
30350,ZCTA_NEAREST_ACTIVE_OUTLET,GA0017,007,3.975,ZCTA_NN;R6371;TIE_FIRST_LEX,ZCTA_NN_HAVERSINE;NOT_ELIGIBILITY;NOT_USPS_VALIDITY;NO_INVENTORY
30354,EXACT_IMLS_OUTLET_ZIP,GA0022,021,,EXACT_OUTLET;TIE_FSCSKEY_SEQ,EXACT_OUTLET;NOT_USPS_VALIDITY;NO_INVENTORY
30355,OBSERVED_REFERENCE_INDIRECT_ONLY,,,,INDIRECT_IMLS_SC;NO_FABRICATED_NEAREST,INDIRECT_IMLS_SC;NO_FABRICATED_NEAREST;NOT_REJECTED;NOT_USPS_VALIDITY;NO_INVENTORY
30356,OBSERVED_REFERENCE_INDIRECT_ONLY,,,,INDIRECT_IMLS_SC;NO_FABRICATED_NEAREST,INDIRECT_IMLS_SC;NO_FABRICATED_NEAREST;NOT_REJECTED;NOT_USPS_VALIDITY;NO_INVENTORY
30357,OBSERVED_REFERENCE_INDIRECT_ONLY,,,,INDIRECT_IMLS_SC;NO_FABRICATED_NEAREST,INDIRECT_IMLS_SC;NO_FABRICATED_NEAREST;NOT_REJECTED;NOT_USPS_VALIDITY;NO_INVENTORY
30358,OBSERVED_REFERENCE_INDIRECT_ONLY,,,,INDIRECT_IMLS_SC;NO_FABRICATED_NEAREST,INDIRECT_IMLS_SC;NO_FABRICATED_NEAREST;NOT_REJECTED;NOT_USPS_VALIDITY;NO_INVENTORY
30359,OBSERVED_REFERENCE_INDIRECT_ONLY,,,,INDIRECT_IMLS_SC;NO_FABRICATED_NEAREST,INDIRECT_IMLS_SC;NO_FABRICATED_NEAREST;NOT_REJECTED;NOT_USPS_VALIDITY;NO_INVENTORY
30360,ZCTA_NEAREST_ACTIVE_OUTLET,GA0017,009,3.550,ZCTA_NN;R6371;TIE_FIRST_LEX,ZCTA_NN_HAVERSINE;NOT_ELIGIBILITY;NOT_USPS_VALIDITY;NO_INVENTORY
30361,OBSERVED_REFERENCE_INDIRECT_ONLY,,,,INDIRECT_IMLS_SC;NO_FABRICATED_NEAREST,INDIRECT_IMLS_SC;NO_FABRICATED_NEAREST;NOT_REJECTED;NOT_USPS_VALIDITY;NO_INVENTORY
30362,OBSERVED_REFERENCE_INDIRECT_ONLY,,,,INDIRECT_IMLS_SC;NO_FABRICATED_NEAREST,INDIRECT_IMLS_SC;NO_FABRICATED_NEAREST;NOT_REJECTED;NOT_USPS_VALIDITY;NO_INVENTORY
30363,ZCTA_NEAREST_ACTIVE_OUTLET,GA0022,026,1.291,ZCTA_NN;R6371;TIE_FIRST_LEX,ZCTA_NN_HAVERSINE;NOT_ELIGIBILITY;NOT_USPS_VALIDITY;NO_INVENTORY
30364,OBSERVED_REFERENCE_INDIRECT_ONLY,,,,INDIRECT_IMLS_SC;NO_FABRICATED_NEAREST,INDIRECT_IMLS_SC;NO_FABRICATED_NEAREST;NOT_REJECTED;NOT_USPS_VALIDITY;NO_INVENTORY
30366,OBSERVED_REFERENCE_INDIRECT_ONLY,,,,INDIRECT_IMLS_SC;NO_FABRICATED_NEAREST,INDIRECT_IMLS_SC;NO_FABRICATED_NEAREST;NOT_REJECTED;NOT_USPS_VALIDITY;NO_INVENTORY
30374,OBSERVED_REFERENCE_INDIRECT_ONLY,,,,INDIRECT_IMLS_SC;NO_FABRICATED_NEAREST,INDIRECT_IMLS_SC;NO_FABRICATED_NEAREST;NOT_REJECTED;NOT_USPS_VALIDITY;NO_INVENTORY
30375,OBSERVED_REFERENCE_INDIRECT_ONLY,,,,INDIRECT_IMLS_SC;NO_FABRICATED_NEAREST,INDIRECT_IMLS_SC;NO_FABRICATED_NEAREST;NOT_REJECTED;NOT_USPS_VALIDITY;NO_INVENTORY
30380,OBSERVED_REFERENCE_INDIRECT_ONLY,,,,INDIRECT_IMLS_SC;NO_FABRICATED_NEAREST,INDIRECT_IMLS_SC;NO_FABRICATED_NEAREST;NOT_REJECTED;NOT_USPS_VALIDITY;NO_INVENTORY
30396,OBSERVED_REFERENCE_INDIRECT_ONLY,,,,INDIRECT_IMLS_SC;NO_FABRICATED_NEAREST,INDIRECT_IMLS_SC;NO_FABRICATED_NEAREST;NOT_REJECTED;NOT_USPS_VALIDITY;NO_INVENTORY
30401,EXACT_IMLS_OUTLET_ZIP,GA0006,013,,EXACT_OUTLET;TIE_FSCSKEY_SEQ,EXACT_OUTLET;NOT_USPS_VALIDITY;NO_INVENTORY
30410,ZCTA_NEAREST_ACTIVE_OUTLET,GA0052,004,7.794,ZCTA_NN;R6371;TIE_FIRST_LEX,ZCTA_NN_HAVERSINE;NOT_ELIGIBILITY;NOT_USPS_VALIDITY;NO_INVENTORY
30411,EXACT_IMLS_OUTLET_ZIP,GA0018,010,,EXACT_OUTLET;TIE_FSCSKEY_SEQ,EXACT_OUTLET;NOT_USPS_VALIDITY;NO_INVENTORY
30412,ZCTA_NEAREST_ACTIVE_OUTLET,GA0052,004,14.807,ZCTA_NN;R6371;TIE_FIRST_LEX,ZCTA_NN_HAVERSINE;NOT_ELIGIBILITY;NOT_USPS_VALIDITY;NO_INVENTORY
30413,ZCTA_NEAREST_ACTIVE_OUTLET,GA0030,004,10.214,ZCTA_NN;R6371;TIE_FIRST_LEX,ZCTA_NN_HAVERSINE;NOT_ELIGIBILITY;NOT_USPS_VALIDITY;NO_INVENTORY
30414,ZCTA_NEAREST_ACTIVE_OUTLET,GA0006,014,6.943,ZCTA_NN;R6371;TIE_FIRST_LEX,ZCTA_NN_HAVERSINE;NOT_ELIGIBILITY;NOT_USPS_VALIDITY;NO_INVENTORY
30415,ZCTA_NEAREST_ACTIVE_OUTLET,GA0006,010,19.749,ZCTA_NN;R6371;TIE_FIRST_LEX,ZCTA_NN_HAVERSINE;NOT_ELIGIBILITY;NOT_USPS_VALIDITY;NO_INVENTORY
30417,EXACT_IMLS_OUTLET_ZIP,GA0006,014,,EXACT_OUTLET;TIE_FSCSKEY_SEQ,EXACT_OUTLET;NOT_USPS_VALIDITY;NO_INVENTORY
30420,ZCTA_NEAREST_ACTIVE_OUTLET,GA0006,012,11.814,ZCTA_NN;R6371;TIE_FIRST_LEX,ZCTA_NN_HAVERSINE;NOT_ELIGIBILITY;NOT_USPS_VALIDITY;NO_INVENTORY
30421,ZCTA_NEAREST_ACTIVE_OUTLET,GA0052,003,11.392,ZCTA_NN;R6371;TIE_FIRST_LEX,ZCTA_NN_HAVERSINE;NOT_ELIGIBILITY;NOT_USPS_VALIDITY;NO_INVENTORY
30423,ZCTA_NEAREST_ACTIVE_OUTLET,GA0006,014,9.563,ZCTA_NN;R6371;TIE_FIRST_LEX,ZCTA_NN_HAVERSINE;NOT_ELIGIBILITY;NOT_USPS_VALIDITY;NO_INVENTORY
30425,ZCTA_NEAREST_ACTIVE_OUTLET,GA0041,003,19.883,ZCTA_NN;R6371;TIE_FIRST_LEX,ZCTA_NN_HAVERSINE;NOT_ELIGIBILITY;NOT_USPS_VALIDITY;NO_INVENTORY
30426,ZCTA_NEAREST_ACTIVE_OUTLET,GA0066,007,12.954,ZCTA_NN;R6371;TIE_FIRST_LEX,ZCTA_NN_HAVERSINE;NOT_ELIGIBILITY;NOT_USPS_VALIDITY;NO_INVENTORY
30427,EXACT_IMLS_OUTLET_ZIP,GA0052,005,,EXACT_OUTLET;TIE_FSCSKEY_SEQ,EXACT_OUTLET;NOT_USPS_VALIDITY;NO_INVENTORY
30428,EXACT_IMLS_OUTLET_ZIP,GA0054,004,,EXACT_OUTLET;TIE_FSCSKEY_SEQ,EXACT_OUTLET;NOT_USPS_VALIDITY;NO_INVENTORY
30429,ZCTA_NEAREST_ACTIVE_OUTLET,GA0006,014,1.806,ZCTA_NN;R6371;TIE_FIRST_LEX,ZCTA_NN_HAVERSINE;NOT_ELIGIBILITY;NOT_USPS_VALIDITY;NO_INVENTORY
30434,EXACT_IMLS_OUTLET_ZIP,GA0030,002,,EXACT_OUTLET;TIE_FSCSKEY_SEQ,EXACT_OUTLET;NOT_USPS_VALIDITY;NO_INVENTORY
30436,EXACT_IMLS_OUTLET_ZIP,GA0052,007,,EXACT_OUTLET;TIE_FSCSKEY_SEQ,EXACT_OUTLET;NOT_USPS_VALIDITY;NO_INVENTORY
30439,EXACT_IMLS_OUTLET_ZIP,GA0006,012,,EXACT_OUTLET;TIE_FSCSKEY_SEQ,EXACT_OUTLET;NOT_USPS_VALIDITY;NO_INVENTORY
30441,EXACT_IMLS_OUTLET_ZIP,GA0066,008,,EXACT_OUTLET;TIE_FSCSKEY_SEQ,EXACT_OUTLET;NOT_USPS_VALIDITY;NO_INVENTORY
30442,EXACT_IMLS_OUTLET_ZIP,GA0041,003,,EXACT_OUTLET;TIE_FSCSKEY_SEQ,EXACT_OUTLET;NOT_USPS_VALIDITY;NO_INVENTORY
30445,EXACT_IMLS_OUTLET_ZIP,GA0052,004,,EXACT_OUTLET;TIE_FSCSKEY_SEQ,EXACT_OUTLET;NOT_USPS_VALIDITY;NO_INVENTORY
30446,ZCTA_NEAREST_ACTIVE_OUTLET,GA0008,005,25.723,ZCTA_NN;R6371;TIE_FIRST_LEX,ZCTA_NN_HAVERSINE;NOT_ELIGIBILITY;NOT_USPS_VALIDITY;NO_INVENTORY
30448,ZCTA_NEAREST_ACTIVE_OUTLET,GA0006,013,11.911,ZCTA_NN;R6371;TIE_FIRST_LEX,ZCTA_NN_HAVERSINE;NOT_ELIGIBILITY;NOT_USPS_VALIDITY;NO_INVENTORY
30449,ZCTA_NEAREST_ACTIVE_OUTLET,GA0006,009,25.001,ZCTA_NN;R6371;TIE_FIRST_LEX,ZCTA_NN_HAVERSINE;NOT_ELIGIBILITY;NOT_USPS_VALIDITY;NO_INVENTORY
30450,ZCTA_NEAREST_ACTIVE_OUTLET,GA0006,009,18.223,ZCTA_NN;R6371;TIE_FIRST_LEX,ZCTA_NN_HAVERSINE;NOT_ELIGIBILITY;NOT_USPS_VALIDITY;NO_INVENTORY
30451,ZCTA_NEAREST_ACTIVE_OUTLET,GA0006,012,10.030,ZCTA_NN;R6371;TIE_FIRST_LEX,ZCTA_NN_HAVERSINE;NOT_ELIGIBILITY;NOT_USPS_VALIDITY;NO_INVENTORY
30452,ZCTA_NEAREST_ACTIVE_OUTLET,GA0006,014,17.466,ZCTA_NN;R6371;TIE_FIRST_LEX,ZCTA_NN_HAVERSINE;NOT_ELIGIBILITY;NOT_USPS_VALIDITY;NO_INVENTORY
30453,EXACT_IMLS_OUTLET_ZIP,GA0052,003,,EXACT_OUTLET;TIE_FSCSKEY_SEQ,EXACT_OUTLET;NOT_USPS_VALIDITY;NO_INVENTORY
30454,ZCTA_NEAREST_ACTIVE_OUTLET,GA0031,007,14.460,ZCTA_NN;R6371;TIE_FIRST_LEX,ZCTA_NN_HAVERSINE;NOT_ELIGIBILITY;NOT_USPS_VALIDITY;NO_INVENTORY
30455,ZCTA_NEAREST_ACTIVE_OUTLET,GA0041,002,16.557,ZCTA_NN;R6371;TIE_FIRST_LEX,ZCTA_NN_HAVERSINE;NOT_ELIGIBILITY;NOT_USPS_VALIDITY;NO_INVENTORY
30456,EXACT_IMLS_OUTLET_ZIP,GA0066,007,,EXACT_OUTLET;TIE_FSCSKEY_SEQ,EXACT_OUTLET;NOT_USPS_VALIDITY;NO_INVENTORY
30457,EXACT_IMLS_OUTLET_ZIP,GA0031,007,,EXACT_OUTLET;TIE_FSCSKEY_SEQ,EXACT_OUTLET;NOT_USPS_VALIDITY;NO_INVENTORY
30458,EXACT_IMLS_OUTLET_ZIP,GA0006,009,,EXACT_OUTLET;TIE_FSCSKEY_SEQ,EXACT_OUTLET;NOT_USPS_VALIDITY;NO_INVENTORY
30459,OBSERVED_REFERENCE_INDIRECT_ONLY,,,,INDIRECT_IMLS_SC;NO_FABRICATED_NEAREST,INDIRECT_IMLS_SC;NO_FABRICATED_NEAREST;NOT_REJECTED;NOT_USPS_VALIDITY;NO_INVENTORY
30460,ZCTA_NEAREST_ACTIVE_OUTLET,GA0006,009,2.056,ZCTA_NN;R6371;TIE_FIRST_LEX,ZCTA_NN_HAVERSINE;NOT_ELIGIBILITY;NOT_USPS_VALIDITY;NO_INVENTORY
30461,ZCTA_NEAREST_ACTIVE_OUTLET,GA0006,009,8.058,ZCTA_NN;R6371;TIE_FIRST_LEX,ZCTA_NN_HAVERSINE;NOT_ELIGIBILITY;NOT_USPS_VALIDITY;NO_INVENTORY
30464,ZCTA_NEAREST_ACTIVE_OUTLET,GA0006,012,15.877,ZCTA_NN;R6371;TIE_FIRST_LEX,ZCTA_NN_HAVERSINE;NOT_ELIGIBILITY;NOT_USPS_VALIDITY;NO_INVENTORY
30467,EXACT_IMLS_OUTLET_ZIP,GA0041,002,,EXACT_OUTLET;TIE_FSCSKEY_SEQ,EXACT_OUTLET;NOT_USPS_VALIDITY;NO_INVENTORY
30470,ZCTA_NEAREST_ACTIVE_OUTLET,GA0031,007,9.226,ZCTA_NN;R6371;TIE_FIRST_LEX,ZCTA_NN_HAVERSINE;NOT_ELIGIBILITY;NOT_USPS_VALIDITY;NO_INVENTORY
30471,ZCTA_NEAREST_ACTIVE_OUTLET,GA0006,013,16.003,ZCTA_NN;R6371;TIE_FIRST_LEX,ZCTA_NN_HAVERSINE;NOT_ELIGIBILITY;NOT_USPS_VALIDITY;NO_INVENTORY
30473,ZCTA_NEAREST_ACTIVE_OUTLET,GA0052,009,19.846,ZCTA_NN;R6371;TIE_FIRST_LEX,ZCTA_NN_HAVERSINE;NOT_ELIGIBILITY;NOT_USPS_VALIDITY;NO_INVENTORY
30474,EXACT_IMLS_OUTLET_ZIP,GA0052,006,,EXACT_OUTLET;TIE_FSCSKEY_SEQ,EXACT_OUTLET;NOT_USPS_VALIDITY;NO_INVENTORY
30475,OBSERVED_REFERENCE_INDIRECT_ONLY,,,,INDIRECT_IMLS_SC;NO_FABRICATED_NEAREST,INDIRECT_IMLS_SC;NO_FABRICATED_NEAREST;NOT_REJECTED;NOT_USPS_VALIDITY;NO_INVENTORY
30477,EXACT_IMLS_OUTLET_ZIP,GA0030,004,,EXACT_OUTLET;TIE_FSCSKEY_SEQ,EXACT_OUTLET;NOT_USPS_VALIDITY;NO_INVENTORY
30501,EXACT_IMLS_OUTLET_ZIP,GA0060,006,,EXACT_OUTLET;TIE_FSCSKEY_SEQ,EXACT_OUTLET;NOT_USPS_VALIDITY;NO_INVENTORY
30503,OBSERVED_REFERENCE_INDIRECT_ONLY,,,,INDIRECT_IMLS_SC;NO_FABRICATED_NEAREST,INDIRECT_IMLS_SC;NO_FABRICATED_NEAREST;NOT_REJECTED;NOT_USPS_VALIDITY;NO_INVENTORY
30504,ZCTA_NEAREST_ACTIVE_OUTLET,GA0060,001,5.193,ZCTA_NN;R6371;TIE_FIRST_LEX,ZCTA_NN_HAVERSINE;NOT_ELIGIBILITY;NOT_USPS_VALIDITY;NO_INVENTORY
30506,EXACT_IMLS_OUTLET_ZIP,GA0060,004,,EXACT_OUTLET;TIE_FSCSKEY_SEQ,EXACT_OUTLET;NOT_USPS_VALIDITY;NO_INVENTORY
30507,EXACT_IMLS_OUTLET_ZIP,GA0060,001,,EXACT_OUTLET;TIE_FSCSKEY_SEQ,EXACT_OUTLET;NOT_USPS_VALIDITY;NO_INVENTORY
30510,ZCTA_NEAREST_ACTIVE_OUTLET,GA0026,008,8.626,ZCTA_NN;R6371;TIE_FIRST_LEX,ZCTA_NN_HAVERSINE;NOT_ELIGIBILITY;NOT_USPS_VALIDITY;NO_INVENTORY
30511,ZCTA_NEAREST_ACTIVE_OUTLET,GA0026,008,8.099,ZCTA_NN;R6371;TIE_FIRST_LEX,ZCTA_NN_HAVERSINE;NOT_ELIGIBILITY;NOT_USPS_VALIDITY;NO_INVENTORY
30512,EXACT_IMLS_OUTLET_ZIP,GA0047,005,,EXACT_OUTLET;TIE_FSCSKEY_SEQ,EXACT_OUTLET;NOT_USPS_VALIDITY;NO_INVENTORY
30513,EXACT_IMLS_OUTLET_ZIP,GA0047,003,,EXACT_OUTLET;TIE_FSCSKEY_SEQ,EXACT_OUTLET;NOT_USPS_VALIDITY;NO_INVENTORY
30514,OBSERVED_REFERENCE_INDIRECT_ONLY,,,,INDIRECT_IMLS_SC;NO_FABRICATED_NEAREST,INDIRECT_IMLS_SC;NO_FABRICATED_NEAREST;NOT_REJECTED;NOT_USPS_VALIDITY;NO_INVENTORY
30515,OBSERVED_REFERENCE_INDIRECT_ONLY,,,,INDIRECT_IMLS_SC;NO_FABRICATED_NEAREST,INDIRECT_IMLS_SC;NO_FABRICATED_NEAREST;NOT_REJECTED;NOT_USPS_VALIDITY;NO_INVENTORY
30516,ZCTA_NEAREST_ACTIVE_OUTLET,GA0011,010,8.960,ZCTA_NN;R6371;TIE_FIRST_LEX,ZCTA_NN_HAVERSINE;NOT_ELIGIBILITY;NOT_USPS_VALIDITY;NO_INVENTORY
30517,EXACT_IMLS_OUTLET_ZIP,GA0001,013,,EXACT_OUTLET;TIE_FSCSKEY_SEQ,EXACT_OUTLET;NOT_USPS_VALIDITY;NO_INVENTORY
30518,EXACT_IMLS_OUTLET_ZIP,GA0025,006,,EXACT_OUTLET;TIE_FSCSKEY_SEQ,EXACT_OUTLET;NOT_USPS_VALIDITY;NO_INVENTORY
30519,ZCTA_NEAREST_ACTIVE_OUTLET,GA0025,020,4.336,ZCTA_NN;R6371;TIE_FIRST_LEX,ZCTA_NN_HAVERSINE;NOT_ELIGIBILITY;NOT_USPS_VALIDITY;NO_INVENTORY
30520,ZCTA_NEAREST_ACTIVE_OUTLET,GA0011,009,7.180,ZCTA_NN;R6371;TIE_FIRST_LEX,ZCTA_NN_HAVERSINE;NOT_ELIGIBILITY;NOT_USPS_VALIDITY;NO_INVENTORY
30521,ZCTA_NEAREST_ACTIVE_OUTLET,GA0011,009,17.909,ZCTA_NN;R6371;TIE_FIRST_LEX,ZCTA_NN_HAVERSINE;NOT_ELIGIBILITY;NOT_USPS_VALIDITY;NO_INVENTORY
30522,ZCTA_NEAREST_ACTIVE_OUTLET,GA0047,003,9.053,ZCTA_NN;R6371;TIE_FIRST_LEX,ZCTA_NN_HAVERSINE;NOT_ELIGIBILITY;NOT_USPS_VALIDITY;NO_INVENTORY
30523,EXACT_IMLS_OUTLET_ZIP,GA0026,002,,EXACT_OUTLET;TIE_FSCSKEY_SEQ,EXACT_OUTLET;NOT_USPS_VALIDITY;NO_INVENTORY
30525,EXACT_IMLS_OUTLET_ZIP,GA0026,004,,EXACT_OUTLET;TIE_FSCSKEY_SEQ,EXACT_OUTLET;NOT_USPS_VALIDITY;NO_INVENTORY
30527,ZCTA_NEAREST_ACTIVE_OUTLET,GA0060,008,8.643,ZCTA_NN;R6371;TIE_FIRST_LEX,ZCTA_NN_HAVERSINE;NOT_ELIGIBILITY;NOT_USPS_VALIDITY;NO_INVENTORY
