88321,ZCTA_NEAREST_ACTIVE_OUTLET,NM0136,001,54.074,ZCTA_NN;R6371;TIE_FIRST_LEX,ZCTA_NN_HAVERSINE;NOT_ELIGIBILITY;NOT_USPS_VALIDITY;NO_INVENTORY
88323,ZCTA_NEAREST_ACTIVE_OUTLET,NM0100,001,6.637,ZCTA_NN;R6371;TIE_FIRST_LEX,ZCTA_NN_HAVERSINE;NOT_ELIGIBILITY;NOT_USPS_VALIDITY;NO_INVENTORY
88324,ZCTA_NEAREST_ACTIVE_OUTLET,NM0100,001,14.217,ZCTA_NN;R6371;TIE_FIRST_LEX,ZCTA_NN_HAVERSINE;NOT_ELIGIBILITY;NOT_USPS_VALIDITY;NO_INVENTORY
88325,ZCTA_NEAREST_ACTIVE_OUTLET,NM0001,002,9.786,ZCTA_NN;R6371;TIE_FIRST_LEX,ZCTA_NN_HAVERSINE;NOT_ELIGIBILITY;NOT_USPS_VALIDITY;NO_INVENTORY
88330,ZCTA_NEAREST_ACTIVE_OUTLET,NM0001,002,14.669,ZCTA_NN;R6371;TIE_FIRST_LEX,ZCTA_NN_HAVERSINE;NOT_ELIGIBILITY;NOT_USPS_VALIDITY;NO_INVENTORY
88336,ZCTA_NEAREST_ACTIVE_OUTLET,NM0032,002,35.933,ZCTA_NN;R6371;TIE_FIRST_LEX,ZCTA_NN_HAVERSINE;NOT_ELIGIBILITY;NOT_USPS_VALIDITY;NO_INVENTORY
88337,ZCTA_NEAREST_ACTIVE_OUTLET,NM0001,002,12.155,ZCTA_NN;R6371;TIE_FIRST_LEX,ZCTA_NN_HAVERSINE;NOT_ELIGIBILITY;NOT_USPS_VALIDITY;NO_INVENTORY
88338,ZCTA_NEAREST_ACTIVE_OUTLET,NM0100,001,17.390,ZCTA_NN;R6371;TIE_FIRST_LEX,ZCTA_NN_HAVERSINE;NOT_ELIGIBILITY;NOT_USPS_VALIDITY;NO_INVENTORY
88339,ZCTA_NEAREST_ACTIVE_OUTLET,NM0109,001,39.131,ZCTA_NN;R6371;TIE_FIRST_LEX,ZCTA_NN_HAVERSINE;NOT_ELIGIBILITY;NOT_USPS_VALIDITY;NO_INVENTORY
88340,EXACT_IMLS_OUTLET_ZIP,NM0119,001,,EXACT_OUTLET;TIE_FSCSKEY_SEQ,EXACT_OUTLET;NOT_USPS_VALIDITY;NO_INVENTORY
88341,ZCTA_NEAREST_ACTIVE_OUTLET,NM0141,001,19.061,ZCTA_NN;R6371;TIE_FIRST_LEX,ZCTA_NN_HAVERSINE;NOT_ELIGIBILITY;NOT_USPS_VALIDITY;NO_INVENTORY
88342,ZCTA_NEAREST_ACTIVE_OUTLET,NM0022,006,55.473,ZCTA_NN;R6371;TIE_FIRST_LEX,ZCTA_NN_HAVERSINE;NOT_ELIGIBILITY;NOT_USPS_VALIDITY;NO_INVENTORY
88343,ZCTA_NEAREST_ACTIVE_OUTLET,NM0031,002,53.425,ZCTA_NN;R6371;TIE_FIRST_LEX,ZCTA_NN_HAVERSINE;NOT_ELIGIBILITY;NOT_USPS_VALIDITY;NO_INVENTORY
88344,ZCTA_NEAREST_ACTIVE_OUTLET,NM0109,001,69.949,ZCTA_NN;R6371;TIE_FIRST_LEX,ZCTA_NN_HAVERSINE;NOT_ELIGIBILITY;NOT_USPS_VALIDITY;NO_INVENTORY
88345,EXACT_IMLS_OUTLET_ZIP,NM0032,002,,EXACT_OUTLET;TIE_FSCSKEY_SEQ,EXACT_OUTLET;NOT_USPS_VALIDITY;NO_INVENTORY
88346,ZCTA_NEAREST_ACTIVE_OUTLET,NM0032,002,11.210,ZCTA_NN;R6371;TIE_FIRST_LEX,ZCTA_NN_HAVERSINE;NOT_ELIGIBILITY;NOT_USPS_VALIDITY;NO_INVENTORY
88347,ZCTA_NEAREST_ACTIVE_OUTLET,NM0109,001,23.103,ZCTA_NN;R6371;TIE_FIRST_LEX,ZCTA_NN_HAVERSINE;NOT_ELIGIBILITY;NOT_USPS_VALIDITY;NO_INVENTORY
88348,ZCTA_NEAREST_ACTIVE_OUTLET,NM0100,001,21.363,ZCTA_NN;R6371;TIE_FIRST_LEX,ZCTA_NN_HAVERSINE;NOT_ELIGIBILITY;NOT_USPS_VALIDITY;NO_INVENTORY
88349,ZCTA_NEAREST_ACTIVE_OUTLET,NM0001,002,17.535,ZCTA_NN;R6371;TIE_FIRST_LEX,ZCTA_NN_HAVERSINE;NOT_ELIGIBILITY;NOT_USPS_VALIDITY;NO_INVENTORY
88350,ZCTA_NEAREST_ACTIVE_OUTLET,NM0109,001,39.060,ZCTA_NN;R6371;TIE_FIRST_LEX,ZCTA_NN_HAVERSINE;NOT_ELIGIBILITY;NOT_USPS_VALIDITY;NO_INVENTORY
88351,ZCTA_NEAREST_ACTIVE_OUTLET,NM0100,001,44.730,ZCTA_NN;R6371;TIE_FIRST_LEX,ZCTA_NN_HAVERSINE;NOT_ELIGIBILITY;NOT_USPS_VALIDITY;NO_INVENTORY
88352,EXACT_IMLS_OUTLET_ZIP,NM0130,001,,EXACT_OUTLET;TIE_FSCSKEY_SEQ,EXACT_OUTLET;NOT_USPS_VALIDITY;NO_INVENTORY
88353,ZCTA_NEAREST_ACTIVE_OUTLET,NM0131,001,53.154,ZCTA_NN;R6371;TIE_FIRST_LEX,ZCTA_NN_HAVERSINE;NOT_ELIGIBILITY;NOT_USPS_VALIDITY;NO_INVENTORY
88354,ZCTA_NEAREST_ACTIVE_OUTLET,NM0109,001,33.553,ZCTA_NN;R6371;TIE_FIRST_LEX,ZCTA_NN_HAVERSINE;NOT_ELIGIBILITY;NOT_USPS_VALIDITY;NO_INVENTORY
88355,ZCTA_NEAREST_ACTIVE_OUTLET,NM0032,002,1.554,ZCTA_NN;R6371;TIE_FIRST_LEX,ZCTA_NN_HAVERSINE;NOT_ELIGIBILITY;NOT_USPS_VALIDITY;NO_INVENTORY
88401,EXACT_IMLS_OUTLET_ZIP,NM0040,002,,EXACT_OUTLET;TIE_FSCSKEY_SEQ,EXACT_OUTLET;NOT_USPS_VALIDITY;NO_INVENTORY
88410,ZCTA_NEAREST_ACTIVE_OUTLET,NM0009,003,63.035,ZCTA_NN;R6371;TIE_FIRST_LEX,ZCTA_NN_HAVERSINE;NOT_ELIGIBILITY;NOT_USPS_VALIDITY;NO_INVENTORY
88411,ZCTA_NEAREST_ACTIVE_OUTLET,NM0040,002,50.609,ZCTA_NN;R6371;TIE_FIRST_LEX,ZCTA_NN_HAVERSINE;NOT_ELIGIBILITY;NOT_USPS_VALIDITY;NO_INVENTORY
88414,ZCTA_NEAREST_ACTIVE_OUTLET,NM0029,002,38.819,ZCTA_NN;R6371;TIE_FIRST_LEX,ZCTA_NN_HAVERSINE;NOT_ELIGIBILITY;NOT_USPS_VALIDITY;NO_INVENTORY
88415,EXACT_IMLS_OUTLET_ZIP,NM0009,003,,EXACT_OUTLET;TIE_FSCSKEY_SEQ,EXACT_OUTLET;NOT_USPS_VALIDITY;NO_INVENTORY
88416,ZCTA_NEAREST_ACTIVE_OUTLET,NM0040,002,55.345,ZCTA_NN;R6371;TIE_FIRST_LEX,ZCTA_NN_HAVERSINE;NOT_ELIGIBILITY;NOT_USPS_VALIDITY;NO_INVENTORY
88417,ZCTA_NEAREST_ACTIVE_OUTLET,NM0034,002,40.203,ZCTA_NN;R6371;TIE_FIRST_LEX,ZCTA_NN_HAVERSINE;NOT_ELIGIBILITY;NOT_USPS_VALIDITY;NO_INVENTORY
88418,ZCTA_NEAREST_ACTIVE_OUTLET,NM0009,003,52.585,ZCTA_NN;R6371;TIE_FIRST_LEX,ZCTA_NN_HAVERSINE;NOT_ELIGIBILITY;NOT_USPS_VALIDITY;NO_INVENTORY
88419,ZCTA_NEAREST_ACTIVE_OUTLET,NM0009,003,59.009,ZCTA_NN;R6371;TIE_FIRST_LEX,ZCTA_NN_HAVERSINE;NOT_ELIGIBILITY;NOT_USPS_VALIDITY;NO_INVENTORY
88421,ZCTA_NEAREST_ACTIVE_OUTLET,NM0034,002,46.146,ZCTA_NN;R6371;TIE_FIRST_LEX,ZCTA_NN_HAVERSINE;NOT_ELIGIBILITY;NOT_USPS_VALIDITY;NO_INVENTORY
88422,ZCTA_NEAREST_ACTIVE_OUTLET,NM0037,002,54.276,ZCTA_NN;R6371;TIE_FIRST_LEX,ZCTA_NN_HAVERSINE;NOT_ELIGIBILITY;NOT_USPS_VALIDITY;NO_INVENTORY
88424,ZCTA_NEAREST_ACTIVE_OUTLET,NM0009,003,42.889,ZCTA_NN;R6371;TIE_FIRST_LEX,ZCTA_NN_HAVERSINE;NOT_ELIGIBILITY;NOT_USPS_VALIDITY;NO_INVENTORY
88426,ZCTA_NEAREST_ACTIVE_OUTLET,NM0040,002,45.911,ZCTA_NN;R6371;TIE_FIRST_LEX,ZCTA_NN_HAVERSINE;NOT_ELIGIBILITY;NOT_USPS_VALIDITY;NO_INVENTORY
88427,ZCTA_NEAREST_ACTIVE_OUTLET,NM0040,002,43.707,ZCTA_NN;R6371;TIE_FIRST_LEX,ZCTA_NN_HAVERSINE;NOT_ELIGIBILITY;NOT_USPS_VALIDITY;NO_INVENTORY
88430,ZCTA_NEAREST_ACTIVE_OUTLET,NM0040,002,72.409,ZCTA_NN;R6371;TIE_FIRST_LEX,ZCTA_NN_HAVERSINE;NOT_ELIGIBILITY;NOT_USPS_VALIDITY;NO_INVENTORY
88431,ZCTA_NEAREST_ACTIVE_OUTLET,NM0034,002,43.756,ZCTA_NN;R6371;TIE_FIRST_LEX,ZCTA_NN_HAVERSINE;NOT_ELIGIBILITY;NOT_USPS_VALIDITY;NO_INVENTORY
88434,ZCTA_NEAREST_ACTIVE_OUTLET,NM0040,002,36.009,ZCTA_NN;R6371;TIE_FIRST_LEX,ZCTA_NN_HAVERSINE;NOT_ELIGIBILITY;NOT_USPS_VALIDITY;NO_INVENTORY
88435,EXACT_IMLS_OUTLET_ZIP,NM0034,002,,EXACT_OUTLET;TIE_FSCSKEY_SEQ,EXACT_OUTLET;NOT_USPS_VALIDITY;NO_INVENTORY
88436,ZCTA_NEAREST_ACTIVE_OUTLET,NM0009,003,32.752,ZCTA_NN;R6371;TIE_FIRST_LEX,ZCTA_NN_HAVERSINE;NOT_ELIGIBILITY;NOT_USPS_VALIDITY;NO_INVENTORY
88439,ZCTA_NEAREST_ACTIVE_OUTLET,NM0034,002,67.458,ZCTA_NN;R6371;TIE_FIRST_LEX,ZCTA_NN_HAVERSINE;NOT_ELIGIBILITY;NOT_USPS_VALIDITY;NO_INVENTORY
88901,OBSERVED_REFERENCE_INDIRECT_ONLY,,,,INDIRECT_IMLS_SC;NO_FABRICATED_NEAREST,INDIRECT_IMLS_SC;NO_FABRICATED_NEAREST;NOT_REJECTED;NOT_USPS_VALIDITY;NO_INVENTORY
89001,EXACT_IMLS_OUTLET_ZIP,NV0014,007,,EXACT_OUTLET;TIE_FSCSKEY_SEQ,EXACT_OUTLET;NOT_USPS_VALIDITY;NO_INVENTORY
89002,ZCTA_NEAREST_ACTIVE_OUTLET,NV0012,015,3.983,ZCTA_NN;R6371;TIE_FIRST_LEX,ZCTA_NN_HAVERSINE;NOT_ELIGIBILITY;NOT_USPS_VALIDITY;NO_INVENTORY
89003,EXACT_IMLS_OUTLET_ZIP,NV0002,002,,EXACT_OUTLET;TIE_FSCSKEY_SEQ,EXACT_OUTLET;NOT_USPS_VALIDITY;NO_INVENTORY
89004,EXACT_IMLS_OUTLET_ZIP,NV0008,003,,EXACT_OUTLET;TIE_FSCSKEY_SEQ,EXACT_OUTLET;NOT_USPS_VALIDITY;NO_INVENTORY
89005,EXACT_IMLS_OUTLET_ZIP,NV0003,002,,EXACT_OUTLET;TIE_FSCSKEY_SEQ,EXACT_OUTLET;NOT_USPS_VALIDITY;NO_INVENTORY
89006,OBSERVED_REFERENCE_INDIRECT_ONLY,,,,INDIRECT_IMLS_SC;NO_FABRICATED_NEAREST,INDIRECT_IMLS_SC;NO_FABRICATED_NEAREST;NOT_REJECTED;NOT_USPS_VALIDITY;NO_INVENTORY
89007,EXACT_IMLS_OUTLET_ZIP,NV0008,004,,EXACT_OUTLET;TIE_FSCSKEY_SEQ,EXACT_OUTLET;NOT_USPS_VALIDITY;NO_INVENTORY
89008,ZCTA_NEAREST_ACTIVE_OUTLET,NV0014,007,58.261,ZCTA_NN;R6371;TIE_FIRST_LEX,ZCTA_NN_HAVERSINE;NOT_ELIGIBILITY;NOT_USPS_VALIDITY;NO_INVENTORY
89009,OBSERVED_REFERENCE_INDIRECT_ONLY,,,,INDIRECT_IMLS_SC;NO_FABRICATED_NEAREST,INDIRECT_IMLS_SC;NO_FABRICATED_NEAREST;NOT_REJECTED;NOT_USPS_VALIDITY;NO_INVENTORY
89010,EXACT_IMLS_OUTLET_ZIP,NV0027,002,,EXACT_OUTLET;TIE_FSCSKEY_SEQ,EXACT_OUTLET;NOT_USPS_VALIDITY;NO_INVENTORY
89011,ZCTA_NEAREST_ACTIVE_OUTLET,NV0012,002,5.497,ZCTA_NN;R6371;TIE_FIRST_LEX,ZCTA_NN_HAVERSINE;NOT_ELIGIBILITY;NOT_USPS_VALIDITY;NO_INVENTORY
89012,EXACT_IMLS_OUTLET_ZIP,NV0012,006,,EXACT_OUTLET;TIE_FSCSKEY_SEQ,EXACT_OUTLET;NOT_USPS_VALIDITY;NO_INVENTORY
89013,EXACT_IMLS_OUTLET_ZIP,NV0027,003,,EXACT_OUTLET;TIE_FSCSKEY_SEQ,EXACT_OUTLET;NOT_USPS_VALIDITY;NO_INVENTORY
89014,EXACT_IMLS_OUTLET_ZIP,NV0012,014,,EXACT_OUTLET;TIE_FSCSKEY_SEQ,EXACT_OUTLET;NOT_USPS_VALIDITY;NO_INVENTORY
89015,EXACT_IMLS_OUTLET_ZIP,NV0012,002,,EXACT_OUTLET;TIE_FSCSKEY_SEQ,EXACT_OUTLET;NOT_USPS_VALIDITY;NO_INVENTORY
89016,OBSERVED_REFERENCE_INDIRECT_ONLY,,,,INDIRECT_IMLS_SC;NO_FABRICATED_NEAREST,INDIRECT_IMLS_SC;NO_FABRICATED_NEAREST;NOT_REJECTED;NOT_USPS_VALIDITY;NO_INVENTORY
89017,ZCTA_NEAREST_ACTIVE_OUTLET,NV0014,007,40.359,ZCTA_NN;R6371;TIE_FIRST_LEX,ZCTA_NN_HAVERSINE;NOT_ELIGIBILITY;NOT_USPS_VALIDITY;NO_INVENTORY
89018,EXACT_IMLS_OUTLET_ZIP,NV0008,010,,EXACT_OUTLET;TIE_FSCSKEY_SEQ,EXACT_OUTLET;NOT_USPS_VALIDITY;NO_INVENTORY
89019,EXACT_IMLS_OUTLET_ZIP,NV0008,009,,EXACT_OUTLET;TIE_FSCSKEY_SEQ,EXACT_OUTLET;NOT_USPS_VALIDITY;NO_INVENTORY
89020,EXACT_IMLS_OUTLET_ZIP,NV0001,002,,EXACT_OUTLET;TIE_FSCSKEY_SEQ,EXACT_OUTLET;NOT_USPS_VALIDITY;NO_INVENTORY
89021,ZCTA_NEAREST_ACTIVE_OUTLET,NV0008,015,10.720,ZCTA_NN;R6371;TIE_FIRST_LEX,ZCTA_NN_HAVERSINE;NOT_ELIGIBILITY;NOT_USPS_VALIDITY;NO_INVENTORY
89022,EXACT_IMLS_OUTLET_ZIP,NV0028,004,,EXACT_OUTLET;TIE_FSCSKEY_SEQ,EXACT_OUTLET;NOT_USPS_VALIDITY;NO_INVENTORY
89024,OBSERVED_REFERENCE_INDIRECT_ONLY,,,,INDIRECT_IMLS_SC;NO_FABRICATED_NEAREST,INDIRECT_IMLS_SC;NO_FABRICATED_NEAREST;NOT_REJECTED;NOT_USPS_VALIDITY;NO_INVENTORY
89025,EXACT_IMLS_OUTLET_ZIP,NV0008,014,,EXACT_OUTLET;TIE_FSCSKEY_SEQ,EXACT_OUTLET;NOT_USPS_VALIDITY;NO_INVENTORY
89026,ZCTA_NEAREST_ACTIVE_OUTLET,NV0008,009,16.409,ZCTA_NN;R6371;TIE_FIRST_LEX,ZCTA_NN_HAVERSINE;NOT_ELIGIBILITY;NOT_USPS_VALIDITY;NO_INVENTORY
89027,EXACT_IMLS_OUTLET_ZIP,NV0008,026,,EXACT_OUTLET;TIE_FSCSKEY_SEQ,EXACT_OUTLET;NOT_USPS_VALIDITY;NO_INVENTORY
89028,EXACT_IMLS_OUTLET_ZIP,NV0008,011,,EXACT_OUTLET;TIE_FSCSKEY_SEQ,EXACT_OUTLET;NOT_USPS_VALIDITY;NO_INVENTORY
89029,ZCTA_NEAREST_ACTIVE_OUTLET,NV0008,011,3.252,ZCTA_NN;R6371;TIE_FIRST_LEX,ZCTA_NN_HAVERSINE;NOT_ELIGIBILITY;NOT_USPS_VALIDITY;NO_INVENTORY
89030,EXACT_IMLS_OUTLET_ZIP,NV0018,002,,EXACT_OUTLET;TIE_FSCSKEY_SEQ,EXACT_OUTLET;NOT_USPS_VALIDITY;NO_INVENTORY
89031,ZCTA_NEAREST_ACTIVE_OUTLET,NV0018,003,2.888,ZCTA_NN;R6371;TIE_FIRST_LEX,ZCTA_NN_HAVERSINE;NOT_ELIGIBILITY;NOT_USPS_VALIDITY;NO_INVENTORY
89032,EXACT_IMLS_OUTLET_ZIP,NV0018,004,,EXACT_OUTLET;TIE_FSCSKEY_SEQ,EXACT_OUTLET;NOT_USPS_VALIDITY;NO_INVENTORY
89033,OBSERVED_REFERENCE_INDIRECT_ONLY,,,,INDIRECT_IMLS_SC;NO_FABRICATED_NEAREST,INDIRECT_IMLS_SC;NO_FABRICATED_NEAREST;NOT_REJECTED;NOT_USPS_VALIDITY;NO_INVENTORY
89034,ZCTA_NEAREST_ACTIVE_OUTLET,NV0008,004,4.455,ZCTA_NN;R6371;TIE_FIRST_LEX,ZCTA_NN_HAVERSINE;NOT_ELIGIBILITY;NOT_USPS_VALIDITY;NO_INVENTORY
89036,OBSERVED_REFERENCE_INDIRECT_ONLY,,,,INDIRECT_IMLS_SC;NO_FABRICATED_NEAREST,INDIRECT_IMLS_SC;NO_FABRICATED_NEAREST;NOT_REJECTED;NOT_USPS_VALIDITY;NO_INVENTORY
89039,ZCTA_NEAREST_ACTIVE_OUTLET,NV0008,020,22.738,ZCTA_NN;R6371;TIE_FIRST_LEX,ZCTA_NN_HAVERSINE;NOT_ELIGIBILITY;NOT_USPS_VALIDITY;NO_INVENTORY
89040,EXACT_IMLS_OUTLET_ZIP,NV0008,015,,EXACT_OUTLET;TIE_FSCSKEY_SEQ,EXACT_OUTLET;NOT_USPS_VALIDITY;NO_INVENTORY
89041,EXACT_IMLS_OUTLET_ZIP,NV0005,002,,EXACT_OUTLET;TIE_FSCSKEY_SEQ,EXACT_OUTLET;NOT_USPS_VALIDITY;NO_INVENTORY
89042,ZCTA_NEAREST_ACTIVE_OUTLET,NV0014,006,17.486,ZCTA_NN;R6371;TIE_FIRST_LEX,ZCTA_NN_HAVERSINE;NOT_ELIGIBILITY;NOT_USPS_VALIDITY;NO_INVENTORY
89043,EXACT_IMLS_OUTLET_ZIP,NV0014,006,,EXACT_OUTLET;TIE_FSCSKEY_SEQ,EXACT_OUTLET;NOT_USPS_VALIDITY;NO_INVENTORY
89044,EXACT_IMLS_OUTLET_ZIP,NV0012,017,,EXACT_OUTLET;TIE_FSCSKEY_SEQ,EXACT_OUTLET;NOT_USPS_VALIDITY;NO_INVENTORY
89045,EXACT_IMLS_OUTLET_ZIP,NV0028,003,,EXACT_OUTLET;TIE_FSCSKEY_SEQ,EXACT_OUTLET;NOT_USPS_VALIDITY;NO_INVENTORY
89046,EXACT_IMLS_OUTLET_ZIP,NV0008,020,,EXACT_OUTLET;TIE_FSCSKEY_SEQ,EXACT_OUTLET;NOT_USPS_VALIDITY;NO_INVENTORY
89047,EXACT_IMLS_SYSTEM_ZIP,NV0027,,,EXACT_SYSTEM;TIE_FSCSKEY,EXACT_SYSTEM_ADMIN;NOT_NEARBY_OUTLET;NOT_USPS_VALIDITY;NO_INVENTORY
89048,EXACT_IMLS_SYSTEM_ZIP,NV0005,,,EXACT_SYSTEM;TIE_FSCSKEY,EXACT_SYSTEM_ADMIN;NOT_NEARBY_OUTLET;NOT_USPS_VALIDITY;NO_INVENTORY
89049,EXACT_IMLS_OUTLET_ZIP,NV0024,002,,EXACT_OUTLET;TIE_FSCSKEY_SEQ,EXACT_OUTLET;NOT_USPS_VALIDITY;NO_INVENTORY
89052,ZCTA_NEAREST_ACTIVE_OUTLET,NV0012,017,4.892,ZCTA_NN;R6371;TIE_FIRST_LEX,ZCTA_NN_HAVERSINE;NOT_ELIGIBILITY;NOT_USPS_VALIDITY;NO_INVENTORY
89053,OBSERVED_REFERENCE_INDIRECT_ONLY,,,,INDIRECT_IMLS_SC;NO_FABRICATED_NEAREST,INDIRECT_IMLS_SC;NO_FABRICATED_NEAREST;NOT_REJECTED;NOT_USPS_VALIDITY;NO_INVENTORY
89054,ZCTA_NEAREST_ACTIVE_OUTLET,NV0012,017,5.803,ZCTA_NN;R6371;TIE_FIRST_LEX,ZCTA_NN_HAVERSINE;NOT_ELIGIBILITY;NOT_USPS_VALIDITY;NO_INVENTORY
89060,ZCTA_NEAREST_ACTIVE_OUTLET,NV0005,002,21.063,ZCTA_NN;R6371;TIE_FIRST_LEX,ZCTA_NN_HAVERSINE;NOT_ELIGIBILITY;NOT_USPS_VALIDITY;NO_INVENTORY
89061,ZCTA_NEAREST_ACTIVE_OUTLET,NV0005,002,17.309,ZCTA_NN;R6371;TIE_FIRST_LEX,ZCTA_NN_HAVERSINE;NOT_ELIGIBILITY;NOT_USPS_VALIDITY;NO_INVENTORY
89070,ZCTA_NEAREST_ACTIVE_OUTLET,NV0008,010,8.395,ZCTA_NN;R6371;TIE_FIRST_LEX,ZCTA_NN_HAVERSINE;NOT_ELIGIBILITY;NOT_USPS_VALIDITY;NO_INVENTORY
89074,ZCTA_NEAREST_ACTIVE_OUTLET,NV0012,006,2.060,ZCTA_NN;R6371;TIE_FIRST_LEX,ZCTA_NN_HAVERSINE;NOT_ELIGIBILITY;NOT_USPS_VALIDITY;NO_INVENTORY
89077,OBSERVED_REFERENCE_INDIRECT_ONLY,,,,INDIRECT_IMLS_SC;NO_FABRICATED_NEAREST,INDIRECT_IMLS_SC;NO_FABRICATED_NEAREST;NOT_REJECTED;NOT_USPS_VALIDITY;NO_INVENTORY
89081,ZCTA_NEAREST_ACTIVE_OUTLET,NV0018,004,5.916,ZCTA_NN;R6371;TIE_FIRST_LEX,ZCTA_NN_HAVERSINE;NOT_ELIGIBILITY;NOT_USPS_VALIDITY;NO_INVENTORY
89084,EXACT_IMLS_OUTLET_ZIP,NV0018,003,,EXACT_OUTLET;TIE_FSCSKEY_SEQ,EXACT_OUTLET;NOT_USPS_VALIDITY;NO_INVENTORY
89085,ZCTA_NEAREST_ACTIVE_OUTLET,NV0018,003,3.485,ZCTA_NN;R6371;TIE_FIRST_LEX,ZCTA_NN_HAVERSINE;NOT_ELIGIBILITY;NOT_USPS_VALIDITY;NO_INVENTORY
89086,ZCTA_NEAREST_ACTIVE_OUTLET,NV0018,003,5.875,ZCTA_NN;R6371;TIE_FIRST_LEX,ZCTA_NN_HAVERSINE;NOT_ELIGIBILITY;NOT_USPS_VALIDITY;NO_INVENTORY
89101,EXACT_IMLS_OUTLET_ZIP,NV0008,032,,EXACT_OUTLET;TIE_FSCSKEY_SEQ,EXACT_OUTLET;NOT_USPS_VALIDITY;NO_INVENTORY
89102,EXACT_IMLS_OUTLET_ZIP,NV0008,029,,EXACT_OUTLET;TIE_FSCSKEY_SEQ,EXACT_OUTLET;NOT_USPS_VALIDITY;NO_INVENTORY
89103,EXACT_IMLS_OUTLET_ZIP,NV0008,021,,EXACT_OUTLET;TIE_FSCSKEY_SEQ,EXACT_OUTLET;NOT_USPS_VALIDITY;NO_INVENTORY
89104,ZCTA_NEAREST_ACTIVE_OUTLET,NV0008,032,2.508,ZCTA_NN;R6371;TIE_FIRST_LEX,ZCTA_NN_HAVERSINE;NOT_ELIGIBILITY;NOT_USPS_VALIDITY;NO_INVENTORY
89105,OBSERVED_REFERENCE_INDIRECT_ONLY,,,,INDIRECT_IMLS_SC;NO_FABRICATED_NEAREST,INDIRECT_IMLS_SC;NO_FABRICATED_NEAREST;NOT_REJECTED;NOT_USPS_VALIDITY;NO_INVENTORY
89106,EXACT_IMLS_OUTLET_ZIP,NV0008,024,,EXACT_OUTLET;TIE_FSCSKEY_SEQ,EXACT_OUTLET;NOT_USPS_VALIDITY;NO_INVENTORY
89107,ZCTA_NEAREST_ACTIVE_OUTLET,NV0008,005,2.375,ZCTA_NN;R6371;TIE_FIRST_LEX,ZCTA_NN_HAVERSINE;NOT_ELIGIBILITY;NOT_USPS_VALIDITY;NO_INVENTORY
89108,ZCTA_NEAREST_ACTIVE_OUTLET,NV0008,017,3.555,ZCTA_NN;R6371;TIE_FIRST_LEX,ZCTA_NN_HAVERSINE;NOT_ELIGIBILITY;NOT_USPS_VALIDITY;NO_INVENTORY
89109,ZCTA_NEAREST_ACTIVE_OUTLET,NV0008,029,1.966,ZCTA_NN;R6371;TIE_FIRST_LEX,ZCTA_NN_HAVERSINE;NOT_ELIGIBILITY;NOT_USPS_VALIDITY;NO_INVENTORY
89110,EXACT_IMLS_OUTLET_ZIP,NV0008,022,,EXACT_OUTLET;TIE_FSCSKEY_SEQ,EXACT_OUTLET;NOT_USPS_VALIDITY;NO_INVENTORY
89111,OBSERVED_REFERENCE_INDIRECT_ONLY,,,,INDIRECT_IMLS_SC;NO_FABRICATED_NEAREST,INDIRECT_IMLS_SC;NO_FABRICATED_NEAREST;NOT_REJECTED;NOT_USPS_VALIDITY;NO_INVENTORY
89112,OBSERVED_REFERENCE_INDIRECT_ONLY,,,,INDIRECT_IMLS_SC;NO_FABRICATED_NEAREST,INDIRECT_IMLS_SC;NO_FABRICATED_NEAREST;NOT_REJECTED;NOT_USPS_VALIDITY;NO_INVENTORY
89113,EXACT_IMLS_OUTLET_ZIP,NV0008,031,,EXACT_OUTLET;TIE_FSCSKEY_SEQ,EXACT_OUTLET;NOT_USPS_VALIDITY;NO_INVENTORY
89114,OBSERVED_REFERENCE_INDIRECT_ONLY,,,,INDIRECT_IMLS_SC;NO_FABRICATED_NEAREST,INDIRECT_IMLS_SC;NO_FABRICATED_NEAREST;NOT_REJECTED;NOT_USPS_VALIDITY;NO_INVENTORY
89115,ZCTA_NEAREST_ACTIVE_OUTLET,NV0008,022,8.510,ZCTA_NN;R6371;TIE_FIRST_LEX,ZCTA_NN_HAVERSINE;NOT_ELIGIBILITY;NOT_USPS_VALIDITY;NO_INVENTORY
89116,OBSERVED_REFERENCE_INDIRECT_ONLY,,,,INDIRECT_IMLS_SC;NO_FABRICATED_NEAREST,INDIRECT_IMLS_SC;NO_FABRICATED_NEAREST;NOT_REJECTED;NOT_USPS_VALIDITY;NO_INVENTORY
89117,EXACT_IMLS_OUTLET_ZIP,NV0008,025,,EXACT_OUTLET;TIE_FSCSKEY_SEQ,EXACT_OUTLET;NOT_USPS_VALIDITY;NO_INVENTORY
89118,ZCTA_NEAREST_ACTIVE_OUTLET,NV0008,021,3.882,ZCTA_NN;R6371;TIE_FIRST_LEX,ZCTA_NN_HAVERSINE;NOT_ELIGIBILITY;NOT_USPS_VALIDITY;NO_INVENTORY
89119,EXACT_IMLS_OUTLET_ZIP,NV0008,006,,EXACT_OUTLET;TIE_FSCSKEY_SEQ,EXACT_OUTLET;NOT_USPS_VALIDITY;NO_INVENTORY
89120,ZCTA_NEAREST_ACTIVE_OUTLET,NV0012,014,1.650,ZCTA_NN;R6371;TIE_FIRST_LEX,ZCTA_NN_HAVERSINE;NOT_ELIGIBILITY;NOT_USPS_VALIDITY;NO_INVENTORY
89121,ZCTA_NEAREST_ACTIVE_OUTLET,NV0008,028,3.649,ZCTA_NN;R6371;TIE_FIRST_LEX,ZCTA_NN_HAVERSINE;NOT_ELIGIBILITY;NOT_USPS_VALIDITY;NO_INVENTORY
89122,EXACT_IMLS_OUTLET_ZIP,NV0008,028,,EXACT_OUTLET;TIE_FSCSKEY_SEQ,EXACT_OUTLET;NOT_USPS_VALIDITY;NO_INVENTORY
89123,EXACT_IMLS_OUTLET_ZIP,NV0008,007,,EXACT_OUTLET;TIE_FSCSKEY_SEQ,EXACT_OUTLET;NOT_USPS_VALIDITY;NO_INVENTORY
89124,EXACT_IMLS_OUTLET_ZIP,NV0008,016,,EXACT_OUTLET;TIE_FSCSKEY_SEQ,EXACT_OUTLET;NOT_USPS_VALIDITY;NO_INVENTORY
89125,OBSERVED_REFERENCE_INDIRECT_ONLY,,,,INDIRECT_IMLS_SC;NO_FABRICATED_NEAREST,INDIRECT_IMLS_SC;NO_FABRICATED_NEAREST;NOT_REJECTED;NOT_USPS_VALIDITY;NO_INVENTORY
89126,OBSERVED_REFERENCE_INDIRECT_ONLY,,,,INDIRECT_IMLS_SC;NO_FABRICATED_NEAREST,INDIRECT_IMLS_SC;NO_FABRICATED_NEAREST;NOT_REJECTED;NOT_USPS_VALIDITY;NO_INVENTORY
89127,OBSERVED_REFERENCE_INDIRECT_ONLY,,,,INDIRECT_IMLS_SC;NO_FABRICATED_NEAREST,INDIRECT_IMLS_SC;NO_FABRICATED_NEAREST;NOT_REJECTED;NOT_USPS_VALIDITY;NO_INVENTORY
89128,EXACT_IMLS_OUTLET_ZIP,NV0008,017,,EXACT_OUTLET;TIE_FSCSKEY_SEQ,EXACT_OUTLET;NOT_USPS_VALIDITY;NO_INVENTORY
89129,ZCTA_NEAREST_ACTIVE_OUTLET,NV0008,017,3.220,ZCTA_NN;R6371;TIE_FIRST_LEX,ZCTA_NN_HAVERSINE;NOT_ELIGIBILITY;NOT_USPS_VALIDITY;NO_INVENTORY
89130,ZCTA_NEAREST_ACTIVE_OUTLET,NV0008,030,4.501,ZCTA_NN;R6371;TIE_FIRST_LEX,ZCTA_NN_HAVERSINE;NOT_ELIGIBILITY;NOT_USPS_VALIDITY;NO_INVENTORY
89131,EXACT_IMLS_OUTLET_ZIP,NV0008,030,,EXACT_OUTLET;TIE_FSCSKEY_SEQ,EXACT_OUTLET;NOT_USPS_VALIDITY;NO_INVENTORY
89132,OBSERVED_REFERENCE_INDIRECT_ONLY,,,,INDIRECT_IMLS_SC;NO_FABRICATED_NEAREST,INDIRECT_IMLS_SC;NO_FABRICATED_NEAREST;NOT_REJECTED;NOT_USPS_VALIDITY;NO_INVENTORY
89133,OBSERVED_REFERENCE_INDIRECT_ONLY,,,,INDIRECT_IMLS_SC;NO_FABRICATED_NEAREST,INDIRECT_IMLS_SC;NO_FABRICATED_NEAREST;NOT_REJECTED;NOT_USPS_VALIDITY;NO_INVENTORY
89134,EXACT_IMLS_OUTLET_ZIP,NV0008,027,,EXACT_OUTLET;TIE_FSCSKEY_SEQ,EXACT_OUTLET;NOT_USPS_VALIDITY;NO_INVENTORY
89135,ZCTA_NEAREST_ACTIVE_OUTLET,NV0008,003,6.266,ZCTA_NN;R6371;TIE_FIRST_LEX,ZCTA_NN_HAVERSINE;NOT_ELIGIBILITY;NOT_USPS_VALIDITY;NO_INVENTORY
89136,OBSERVED_REFERENCE_INDIRECT_ONLY,,,,INDIRECT_IMLS_SC;NO_FABRICATED_NEAREST,INDIRECT_IMLS_SC;NO_FABRICATED_NEAREST;NOT_REJECTED;NOT_USPS_VALIDITY;NO_INVENTORY
89137,OBSERVED_REFERENCE_INDIRECT_ONLY,,,,INDIRECT_IMLS_SC;NO_FABRICATED_NEAREST,INDIRECT_IMLS_SC;NO_FABRICATED_NEAREST;NOT_REJECTED;NOT_USPS_VALIDITY;NO_INVENTORY
89138,ZCTA_NEAREST_ACTIVE_OUTLET,NV0008,027,5.794,ZCTA_NN;R6371;TIE_FIRST_LEX,ZCTA_NN_HAVERSINE;NOT_ELIGIBILITY;NOT_USPS_VALIDITY;NO_INVENTORY
89139,ZCTA_NEAREST_ACTIVE_OUTLET,NV0008,031,3.253,ZCTA_NN;R6371;TIE_FIRST_LEX,ZCTA_NN_HAVERSINE;NOT_ELIGIBILITY;NOT_USPS_VALIDITY;NO_INVENTORY
89140,OBSERVED_REFERENCE_INDIRECT_ONLY,,,,INDIRECT_IMLS_SC;NO_FABRICATED_NEAREST,INDIRECT_IMLS_SC;NO_FABRICATED_NEAREST;NOT_REJECTED;NOT_USPS_VALIDITY;NO_INVENTORY
89141,ZCTA_NEAREST_ACTIVE_OUTLET,NV0008,007,6.419,ZCTA_NN;R6371;TIE_FIRST_LEX,ZCTA_NN_HAVERSINE;NOT_ELIGIBILITY;NOT_USPS_VALIDITY;NO_INVENTORY
89142,ZCTA_NEAREST_ACTIVE_OUTLET,NV0008,022,3.942,ZCTA_NN;R6371;TIE_FIRST_LEX,ZCTA_NN_HAVERSINE;NOT_ELIGIBILITY;NOT_USPS_VALIDITY;NO_INVENTORY
89143,ZCTA_NEAREST_ACTIVE_OUTLET,NV0008,030,5.153,ZCTA_NN;R6371;TIE_FIRST_LEX,ZCTA_NN_HAVERSINE;NOT_ELIGIBILITY;NOT_USPS_VALIDITY;NO_INVENTORY
89144,ZCTA_NEAREST_ACTIVE_OUTLET,NV0008,027,2.260,ZCTA_NN;R6371;TIE_FIRST_LEX,ZCTA_NN_HAVERSINE;NOT_ELIGIBILITY;NOT_USPS_VALIDITY;NO_INVENTORY
89145,ZCTA_NEAREST_ACTIVE_OUTLET,NV0008,027,3.546,ZCTA_NN;R6371;TIE_FIRST_LEX,ZCTA_NN_HAVERSINE;NOT_ELIGIBILITY;NOT_USPS_VALIDITY;NO_INVENTORY
89146,EXACT_IMLS_OUTLET_ZIP,NV0008,005,,EXACT_OUTLET;TIE_FSCSKEY_SEQ,EXACT_OUTLET;NOT_USPS_VALIDITY;NO_INVENTORY
89147,ZCTA_NEAREST_ACTIVE_OUTLET,NV0008,025,4.191,ZCTA_NN;R6371;TIE_FIRST_LEX,ZCTA_NN_HAVERSINE;NOT_ELIGIBILITY;NOT_USPS_VALIDITY;NO_INVENTORY
89148,ZCTA_NEAREST_ACTIVE_OUTLET,NV0008,031,5.161,ZCTA_NN;R6371;TIE_FIRST_LEX,ZCTA_NN_HAVERSINE;NOT_ELIGIBILITY;NOT_USPS_VALIDITY;NO_INVENTORY
89149,ZCTA_NEAREST_ACTIVE_OUTLET,NV0008,030,3.353,ZCTA_NN;R6371;TIE_FIRST_LEX,ZCTA_NN_HAVERSINE;NOT_ELIGIBILITY;NOT_USPS_VALIDITY;NO_INVENTORY
89154,OBSERVED_REFERENCE_INDIRECT_ONLY,,,,INDIRECT_IMLS_SC;NO_FABRICATED_NEAREST,INDIRECT_IMLS_SC;NO_FABRICATED_NEAREST;NOT_REJECTED;NOT_USPS_VALIDITY;NO_INVENTORY
89155,OBSERVED_REFERENCE_INDIRECT_ONLY,,,,INDIRECT_IMLS_SC;NO_FABRICATED_NEAREST,INDIRECT_IMLS_SC;NO_FABRICATED_NEAREST;NOT_REJECTED;NOT_USPS_VALIDITY;NO_INVENTORY
89156,ZCTA_NEAREST_ACTIVE_OUTLET,NV0008,022,6.900,ZCTA_NN;R6371;TIE_FIRST_LEX,ZCTA_NN_HAVERSINE;NOT_ELIGIBILITY;NOT_USPS_VALIDITY;NO_INVENTORY
89158,ZCTA_NEAREST_ACTIVE_OUTLET,NV0008,006,3.904,ZCTA_NN;R6371;TIE_FIRST_LEX,ZCTA_NN_HAVERSINE;NOT_ELIGIBILITY;NOT_USPS_VALIDITY;NO_INVENTORY
89161,ZCTA_NEAREST_ACTIVE_OUTLET,NV0008,003,9.011,ZCTA_NN;R6371;TIE_FIRST_LEX,ZCTA_NN_HAVERSINE;NOT_ELIGIBILITY;NOT_USPS_VALIDITY;NO_INVENTORY
89165,OBSERVED_REFERENCE_INDIRECT_ONLY,,,,INDIRECT_IMLS_SC;NO_FABRICATED_NEAREST,INDIRECT_IMLS_SC;NO_FABRICATED_NEAREST;NOT_REJECTED;NOT_USPS_VALIDITY;NO_INVENTORY
89166,ZCTA_NEAREST_ACTIVE_OUTLET,NV0008,016,18.113,ZCTA_NN;R6371;TIE_FIRST_LEX,ZCTA_NN_HAVERSINE;NOT_ELIGIBILITY;NOT_USPS_VALIDITY;NO_INVENTORY
89169,ZCTA_NEAREST_ACTIVE_OUTLET,NV0008,006,1.238,ZCTA_NN;R6371;TIE_FIRST_LEX,ZCTA_NN_HAVERSINE;NOT_ELIGIBILITY;NOT_USPS_VALIDITY;NO_INVENTORY
89170,OBSERVED_REFERENCE_INDIRECT_ONLY,,,,INDIRECT_IMLS_SC;NO_FABRICATED_NEAREST,INDIRECT_IMLS_SC;NO_FABRICATED_NEAREST;NOT_REJECTED;NOT_USPS_VALIDITY;NO_INVENTORY
89173,OBSERVED_REFERENCE_INDIRECT_ONLY,,,,INDIRECT_IMLS_SC;NO_FABRICATED_NEAREST,INDIRECT_IMLS_SC;NO_FABRICATED_NEAREST;NOT_REJECTED;NOT_USPS_VALIDITY;NO_INVENTORY
89177,OBSERVED_REFERENCE_INDIRECT_ONLY,,,,INDIRECT_IMLS_SC;NO_FABRICATED_NEAREST,INDIRECT_IMLS_SC;NO_FABRICATED_NEAREST;NOT_REJECTED;NOT_USPS_VALIDITY;NO_INVENTORY
89178,ZCTA_NEAREST_ACTIVE_OUTLET,NV0008,031,7.397,ZCTA_NN;R6371;TIE_FIRST_LEX,ZCTA_NN_HAVERSINE;NOT_ELIGIBILITY;NOT_USPS_VALIDITY;NO_INVENTORY
89179,ZCTA_NEAREST_ACTIVE_OUTLET,NV0008,009,11.769,ZCTA_NN;R6371;TIE_FIRST_LEX,ZCTA_NN_HAVERSINE;NOT_ELIGIBILITY;NOT_USPS_VALIDITY;NO_INVENTORY
89180,OBSERVED_REFERENCE_INDIRECT_ONLY,,,,INDIRECT_IMLS_SC;NO_FABRICATED_NEAREST,INDIRECT_IMLS_SC;NO_FABRICATED_NEAREST;NOT_REJECTED;NOT_USPS_VALIDITY;NO_INVENTORY
89183,ZCTA_NEAREST_ACTIVE_OUTLET,NV0008,007,4.861,ZCTA_NN;R6371;TIE_FIRST_LEX,ZCTA_NN_HAVERSINE;NOT_ELIGIBILITY;NOT_USPS_VALIDITY;NO_INVENTORY
89191,ZCTA_NEAREST_ACTIVE_OUTLET,NV0008,022,8.972,ZCTA_NN;R6371;TIE_FIRST_LEX,ZCTA_NN_HAVERSINE;NOT_ELIGIBILITY;NOT_USPS_VALIDITY;NO_INVENTORY
89193,OBSERVED_REFERENCE_INDIRECT_ONLY,,,,INDIRECT_IMLS_SC;NO_FABRICATED_NEAREST,INDIRECT_IMLS_SC;NO_FABRICATED_NEAREST;NOT_REJECTED;NOT_USPS_VALIDITY;NO_INVENTORY
89199,OBSERVED_REFERENCE_INDIRECT_ONLY,,,,INDIRECT_IMLS_SC;NO_FABRICATED_NEAREST,INDIRECT_IMLS_SC;NO_FABRICATED_NEAREST;NOT_REJECTED;NOT_USPS_VALIDITY;NO_INVENTORY
89301,EXACT_IMLS_OUTLET_ZIP,NV0026,002,,EXACT_OUTLET;TIE_FSCSKEY_SEQ,EXACT_OUTLET;NOT_USPS_VALIDITY;NO_INVENTORY
89310,ZCTA_NEAREST_ACTIVE_OUTLET,NV0028,003,86.668,ZCTA_NN;R6371;TIE_FIRST_LEX,ZCTA_NN_HAVERSINE;NOT_ELIGIBILITY;NOT_USPS_VALIDITY;NO_INVENTORY
89311,ZCTA_NEAREST_ACTIVE_OUTLET,NV0026,002,64.308,ZCTA_NN;R6371;TIE_FIRST_LEX,ZCTA_NN_HAVERSINE;NOT_ELIGIBILITY;NOT_USPS_VALIDITY;NO_INVENTORY
89314,ZCTA_NEAREST_ACTIVE_OUTLET,NV0007,006,77.204,ZCTA_NN;R6371;TIE_FIRST_LEX,ZCTA_NN_HAVERSINE;NOT_ELIGIBILITY;NOT_USPS_VALIDITY;NO_INVENTORY
89315,ZCTA_NEAREST_ACTIVE_OUTLET,NV0026,002,7.865,ZCTA_NN;R6371;TIE_FIRST_LEX,ZCTA_NN_HAVERSINE;NOT_ELIGIBILITY;NOT_USPS_VALIDITY;NO_INVENTORY
89316,EXACT_IMLS_OUTLET_ZIP,NV0007,006,,EXACT_OUTLET;TIE_FSCSKEY_SEQ,EXACT_OUTLET;NOT_USPS_VALIDITY;NO_INVENTORY
89317,ZCTA_NEAREST_ACTIVE_OUTLET,NV0026,002,39.799,ZCTA_NN;R6371;TIE_FIRST_LEX,ZCTA_NN_HAVERSINE;NOT_ELIGIBILITY;NOT_USPS_VALIDITY;NO_INVENTORY
89318,ZCTA_NEAREST_ACTIVE_OUTLET,NV0026,002,22.015,ZCTA_NN;R6371;TIE_FIRST_LEX,ZCTA_NN_HAVERSINE;NOT_ELIGIBILITY;NOT_USPS_VALIDITY;NO_INVENTORY
89319,ZCTA_NEAREST_ACTIVE_OUTLET,NV0026,002,9.284,ZCTA_NN;R6371;TIE_FIRST_LEX,ZCTA_NN_HAVERSINE;NOT_ELIGIBILITY;NOT_USPS_VALIDITY;NO_INVENTORY
89402,ZCTA_NEAREST_ACTIVE_OUTLET,CA0009,007,2.555,ZCTA_NN;R6371;TIE_FIRST_LEX,ZCTA_NN_HAVERSINE;NOT_ELIGIBILITY;NOT_USPS_VALIDITY;NO_INVENTORY
89403,EXACT_IMLS_OUTLET_ZIP,NV0015,003,,EXACT_OUTLET;TIE_FSCSKEY_SEQ,EXACT_OUTLET;NOT_USPS_VALIDITY;NO_INVENTORY
89404,EXACT_IMLS_OUTLET_ZIP,NV0013,003,,EXACT_OUTLET;TIE_FSCSKEY_SEQ,EXACT_OUTLET;NOT_USPS_VALIDITY;NO_INVENTORY
89405,ZCTA_NEAREST_ACTIVE_OUTLET,NV0025,003,24.515,ZCTA_NN;R6371;TIE_FIRST_LEX,ZCTA_NN_HAVERSINE;NOT_ELIGIBILITY;NOT_USPS_VALIDITY;NO_INVENTORY
89406,EXACT_IMLS_OUTLET_ZIP,NV0004,002,,EXACT_OUTLET;TIE_FSCSKEY_SEQ,EXACT_OUTLET;NOT_USPS_VALIDITY;NO_INVENTORY
89407,EXACT_IMLS_OUTLET_ZIP,NV0027,004,,EXACT_OUTLET;TIE_FSCSKEY_SEQ,EXACT_OUTLET;NOT_USPS_VALIDITY;NO_INVENTORY
89408,EXACT_IMLS_OUTLET_ZIP,NV0015,004,,EXACT_OUTLET;TIE_FSCSKEY_SEQ,EXACT_OUTLET;NOT_USPS_VALIDITY;NO_INVENTORY
89409,ZCTA_NEAREST_ACTIVE_OUTLET,NV0017,003,40.020,ZCTA_NN;R6371;TIE_FIRST_LEX,ZCTA_NN_HAVERSINE;NOT_ELIGIBILITY;NOT_USPS_VALIDITY;NO_INVENTORY
89410,ZCTA_NEAREST_ACTIVE_OUTLET,NV0015,005,20.092,ZCTA_NN;R6371;TIE_FIRST_LEX,ZCTA_NN_HAVERSINE;NOT_ELIGIBILITY;NOT_USPS_VALIDITY;NO_INVENTORY
89411,ZCTA_NEAREST_ACTIVE_OUTLET,NV0006,003,7.946,ZCTA_NN;R6371;TIE_FIRST_LEX,ZCTA_NN_HAVERSINE;NOT_ELIGIBILITY;NOT_USPS_VALIDITY;NO_INVENTORY
89412,EXACT_IMLS_OUTLET_ZIP,NV0025,003,,EXACT_OUTLET;TIE_FSCSKEY_SEQ,EXACT_OUTLET;NOT_USPS_VALIDITY;NO_INVENTORY
89413,ZCTA_NEAREST_ACTIVE_OUTLET,NV0006,003,7.230,ZCTA_NN;R6371;TIE_FIRST_LEX,ZCTA_NN_HAVERSINE;NOT_ELIGIBILITY;NOT_USPS_VALIDITY;NO_INVENTORY
89414,ZCTA_NEAREST_ACTIVE_OUTLET,NV0013,002,44.043,ZCTA_NN;R6371;TIE_FIRST_LEX,ZCTA_NN_HAVERSINE;NOT_ELIGIBILITY;NOT_USPS_VALIDITY;NO_INVENTORY
89415,EXACT_IMLS_OUTLET_ZIP,NV0017,002,,EXACT_OUTLET;TIE_FSCSKEY_SEQ,EXACT_OUTLET;NOT_USPS_VALIDITY;NO_INVENTORY
89418,ZCTA_NEAREST_ACTIVE_OUTLET,NV0013,002,51.365,ZCTA_NN;R6371;TIE_FIRST_LEX,ZCTA_NN_HAVERSINE;NOT_ELIGIBILITY;NOT_USPS_VALIDITY;NO_INVENTORY
89419,EXACT_IMLS_OUTLET_ZIP,NV0020,002,,EXACT_OUTLET;TIE_FSCSKEY_SEQ,EXACT_OUTLET;NOT_USPS_VALIDITY;NO_INVENTORY
89420,ZCTA_NEAREST_ACTIVE_OUTLET,NV0017,003,14.455,ZCTA_NN;R6371;TIE_FIRST_LEX,ZCTA_NN_HAVERSINE;NOT_ELIGIBILITY;NOT_USPS_VALIDITY;NO_INVENTORY
89421,EXACT_IMLS_OUTLET_ZIP,NV0013,004,,EXACT_OUTLET;TIE_FSCSKEY_SEQ,EXACT_OUTLET;NOT_USPS_VALIDITY;NO_INVENTORY
89422,EXACT_IMLS_OUTLET_ZIP,NV0017,003,,EXACT_OUTLET;TIE_FSCSKEY_SEQ,EXACT_OUTLET;NOT_USPS_VALIDITY;NO_INVENTORY
89423,EXACT_IMLS_OUTLET_ZIP,NV0006,002,,EXACT_OUTLET;TIE_FSCSKEY_SEQ,EXACT_OUTLET;NOT_USPS_VALIDITY;NO_INVENTORY
89424,ZCTA_NEAREST_ACTIVE_OUTLET,NV0015,004,58.632,ZCTA_NN;R6371;TIE_FIRST_LEX,ZCTA_NN_HAVERSINE;NOT_ELIGIBILITY;NOT_USPS_VALIDITY;NO_INVENTORY
89425,ZCTA_NEAREST_ACTIVE_OUTLET,NV0013,004,40.030,ZCTA_NN;R6371;TIE_FIRST_LEX,ZCTA_NN_HAVERSINE;NOT_ELIGIBILITY;NOT_USPS_VALIDITY;NO_INVENTORY
89426,ZCTA_NEAREST_ACTIVE_OUTLET,NV0013,002,56.965,ZCTA_NN;R6371;TIE_FIRST_LEX,ZCTA_NN_HAVERSINE;NOT_ELIGIBILITY;NOT_USPS_VALIDITY;NO_INVENTORY
89427,ZCTA_NEAREST_ACTIVE_OUTLET,NV0017,002,42.470,ZCTA_NN;R6371;TIE_FIRST_LEX,ZCTA_NN_HAVERSINE;NOT_ELIGIBILITY;NOT_USPS_VALIDITY;NO_INVENTORY
89428,ZCTA_NEAREST_ACTIVE_OUTLET,NV0015,003,4.953,ZCTA_NN;R6371;TIE_FIRST_LEX,ZCTA_NN_HAVERSINE;NOT_ELIGIBILITY;NOT_USPS_VALIDITY;NO_INVENTORY
89429,EXACT_IMLS_OUTLET_ZIP,NV0015,006,,EXACT_OUTLET;TIE_FSCSKEY_SEQ,EXACT_OUTLET;NOT_USPS_VALIDITY;NO_INVENTORY
89430,EXACT_IMLS_OUTLET_ZIP,NV0015,005,,EXACT_OUTLET;TIE_FSCSKEY_SEQ,EXACT_OUTLET;NOT_USPS_VALIDITY;NO_INVENTORY
89431,EXACT_IMLS_OUTLET_ZIP,NV0025,008,,EXACT_OUTLET;TIE_FSCSKEY_SEQ,EXACT_OUTLET;NOT_USPS_VALIDITY;NO_INVENTORY
89432,OBSERVED_REFERENCE_INDIRECT_ONLY,,,,INDIRECT_IMLS_SC;NO_FABRICATED_NEAREST,INDIRECT_IMLS_SC;NO_FABRICATED_NEAREST;NOT_REJECTED;NOT_USPS_VALIDITY;NO_INVENTORY
89433,ZCTA_NEAREST_ACTIVE_OUTLET,NV0025,018,3.774,ZCTA_NN;R6371;TIE_FIRST_LEX,ZCTA_NN_HAVERSINE;NOT_ELIGIBILITY;NOT_USPS_VALIDITY;NO_INVENTORY
89434,ZCTA_NEAREST_ACTIVE_OUTLET,NV0025,018,17.737,ZCTA_NN;R6371;TIE_FIRST_LEX,ZCTA_NN_HAVERSINE;NOT_ELIGIBILITY;NOT_USPS_VALIDITY;NO_INVENTORY
89435,OBSERVED_REFERENCE_INDIRECT_ONLY,,,,INDIRECT_IMLS_SC;NO_FABRICATED_NEAREST,INDIRECT_IMLS_SC;NO_FABRICATED_NEAREST;NOT_REJECTED;NOT_USPS_VALIDITY;NO_INVENTORY
89436,EXACT_IMLS_OUTLET_ZIP,NV0025,018,,EXACT_OUTLET;TIE_FSCSKEY_SEQ,EXACT_OUTLET;NOT_USPS_VALIDITY;NO_INVENTORY
89437,ZCTA_NEAREST_ACTIVE_OUTLET,NV0015,006,19.872,ZCTA_NN;R6371;TIE_FIRST_LEX,ZCTA_NN_HAVERSINE;NOT_ELIGIBILITY;NOT_USPS_VALIDITY;NO_INVENTORY
89438,ZCTA_NEAREST_ACTIVE_OUTLET,NV0013,002,54.227,ZCTA_NN;R6371;TIE_FIRST_LEX,ZCTA_NN_HAVERSINE;NOT_ELIGIBILITY;NOT_USPS_VALIDITY;NO_INVENTORY
89439,EXACT_IMLS_OUTLET_ZIP,NV0025,009,,EXACT_OUTLET;TIE_FSCSKEY_SEQ,EXACT_OUTLET;NOT_USPS_VALIDITY;NO_INVENTORY
89440,ZCTA_NEAREST_ACTIVE_OUTLET,NV0015,003,9.573,ZCTA_NN;R6371;TIE_FIRST_LEX,ZCTA_NN_HAVERSINE;NOT_ELIGIBILITY;NOT_USPS_VALIDITY;NO_INVENTORY
89441,ZCTA_NEAREST_ACTIVE_OUTLET,NV0025,018,9.630,ZCTA_NN;R6371;TIE_FIRST_LEX,ZCTA_NN_HAVERSINE;NOT_ELIGIBILITY;NOT_USPS_VALIDITY;NO_INVENTORY
89442,ZCTA_NEAREST_ACTIVE_OUTLET,NV0015,004,13.164,ZCTA_NN;R6371;TIE_FIRST_LEX,ZCTA_NN_HAVERSINE;NOT_ELIGIBILITY;NOT_USPS_VALIDITY;NO_INVENTORY
89444,ZCTA_NEAREST_ACTIVE_OUTLET,NV0015,005,8.424,ZCTA_NN;R6371;TIE_FIRST_LEX,ZCTA_NN_HAVERSINE;NOT_ELIGIBILITY;NOT_USPS_VALIDITY;NO_INVENTORY
89445,EXACT_IMLS_OUTLET_ZIP,NV0013,002,,EXACT_OUTLET;TIE_FSCSKEY_SEQ,EXACT_OUTLET;NOT_USPS_VALIDITY;NO_INVENTORY
89446,ZCTA_NEAREST_ACTIVE_OUTLET,NV0013,002,21.289,ZCTA_NN;R6371;TIE_FIRST_LEX,ZCTA_NN_HAVERSINE;NOT_ELIGIBILITY;NOT_USPS_VALIDITY;NO_INVENTORY
89447,EXACT_IMLS_OUTLET_ZIP,NV0015,002,,EXACT_OUTLET;TIE_FSCSKEY_SEQ,EXACT_OUTLET;NOT_USPS_VALIDITY;NO_INVENTORY
89448,EXACT_IMLS_OUTLET_ZIP,NV0006,003,,EXACT_OUTLET;TIE_FSCSKEY_SEQ,EXACT_OUTLET;NOT_USPS_VALIDITY;NO_INVENTORY
89449,ZCTA_NEAREST_ACTIVE_OUTLET,CA0036,003,5.437,ZCTA_NN;R6371;TIE_FIRST_LEX,ZCTA_NN_HAVERSINE;NOT_ELIGIBILITY;NOT_USPS_VALIDITY;NO_INVENTORY
89450,ZCTA_NEAREST_ACTIVE_OUTLET,NV0025,004,1.967,ZCTA_NN;R6371;TIE_FIRST_LEX,ZCTA_NN_HAVERSINE;NOT_ELIGIBILITY;NOT_USPS_VALIDITY;NO_INVENTORY
89451,EXACT_IMLS_OUTLET_ZIP,NV0025,004,,EXACT_OUTLET;TIE_FSCSKEY_SEQ,EXACT_OUTLET;NOT_USPS_VALIDITY;NO_INVENTORY
89452,OBSERVED_REFERENCE_INDIRECT_ONLY,,,,INDIRECT_IMLS_SC;NO_FABRICATED_NEAREST,INDIRECT_IMLS_SC;NO_FABRICATED_NEAREST;NOT_REJECTED;NOT_USPS_VALIDITY;NO_INVENTORY
89460,ZCTA_NEAREST_ACTIVE_OUTLET,NV0006,002,6.035,ZCTA_NN;R6371;TIE_FIRST_LEX,ZCTA_NN_HAVERSINE;NOT_ELIGIBILITY;NOT_USPS_VALIDITY;NO_INVENTORY
89496,ZCTA_NEAREST_ACTIVE_OUTLET,NV0004,002,34.882,ZCTA_NN;R6371;TIE_FIRST_LEX,ZCTA_NN_HAVERSINE;NOT_ELIGIBILITY;NOT_USPS_VALIDITY;NO_INVENTORY
89501,EXACT_IMLS_OUTLET_ZIP,NV0025,002,,EXACT_OUTLET;TIE_FSCSKEY_SEQ,EXACT_OUTLET;NOT_USPS_VALIDITY;NO_INVENTORY
89502,EXACT_IMLS_OUTLET_ZIP,NV0025,006,,EXACT_OUTLET;TIE_FSCSKEY_SEQ,EXACT_OUTLET;NOT_USPS_VALIDITY;NO_INVENTORY
89503,ZCTA_NEAREST_ACTIVE_OUTLET,NV0025,002,3.287,ZCTA_NN;R6371;TIE_FIRST_LEX,ZCTA_NN_HAVERSINE;NOT_ELIGIBILITY;NOT_USPS_VALIDITY;NO_INVENTORY
89504,OBSERVED_REFERENCE_INDIRECT_ONLY,,,,INDIRECT_IMLS_SC;NO_FABRICATED_NEAREST,INDIRECT_IMLS_SC;NO_FABRICATED_NEAREST;NOT_REJECTED;NOT_USPS_VALIDITY;NO_INVENTORY
89505,EXACT_IMLS_SYSTEM_ZIP,NV0025,,,EXACT_SYSTEM;TIE_FSCSKEY,EXACT_SYSTEM_ADMIN;NOT_NEARBY_OUTLET;NOT_USPS_VALIDITY;NO_INVENTORY
89506,EXACT_IMLS_OUTLET_ZIP,NV0025,005,,EXACT_OUTLET;TIE_FSCSKEY_SEQ,EXACT_OUTLET;NOT_USPS_VALIDITY;NO_INVENTORY
89507,OBSERVED_REFERENCE_INDIRECT_ONLY,,,,INDIRECT_IMLS_SC;NO_FABRICATED_NEAREST,INDIRECT_IMLS_SC;NO_FABRICATED_NEAREST;NOT_REJECTED;NOT_USPS_VALIDITY;NO_INVENTORY
89508,ZCTA_NEAREST_ACTIVE_OUTLET,NV0025,019,20.621,ZCTA_NN;R6371;TIE_FIRST_LEX,ZCTA_NN_HAVERSINE;NOT_ELIGIBILITY;NOT_USPS_VALIDITY;NO_INVENTORY
89509,ZCTA_NEAREST_ACTIVE_OUTLET,NV0025,006,2.906,ZCTA_NN;R6371;TIE_FIRST_LEX,ZCTA_NN_HAVERSINE;NOT_ELIGIBILITY;NOT_USPS_VALIDITY;NO_INVENTORY
89510,ZCTA_NEAREST_ACTIVE_OUTLET,NV0025,018,35.770,ZCTA_NN;R6371;TIE_FIRST_LEX,ZCTA_NN_HAVERSINE;NOT_ELIGIBILITY;NOT_USPS_VALIDITY;NO_INVENTORY
89511,EXACT_IMLS_OUTLET_ZIP,NV0025,017,,EXACT_OUTLET;TIE_FSCSKEY_SEQ,EXACT_OUTLET;NOT_USPS_VALIDITY;NO_INVENTORY
89512,EXACT_IMLS_OUTLET_ZIP,NV0025,007,,EXACT_OUTLET;TIE_FSCSKEY_SEQ,EXACT_OUTLET;NOT_USPS_VALIDITY;NO_INVENTORY
89513,OBSERVED_REFERENCE_INDIRECT_ONLY,,,,INDIRECT_IMLS_SC;NO_FABRICATED_NEAREST,INDIRECT_IMLS_SC;NO_FABRICATED_NEAREST;NOT_REJECTED;NOT_USPS_VALIDITY;NO_INVENTORY
89515,OBSERVED_REFERENCE_INDIRECT_ONLY,,,,INDIRECT_IMLS_SC;NO_FABRICATED_NEAREST,INDIRECT_IMLS_SC;NO_FABRICATED_NEAREST;NOT_REJECTED;NOT_USPS_VALIDITY;NO_INVENTORY
89519,ZCTA_NEAREST_ACTIVE_OUTLET,NV0025,006,5.318,ZCTA_NN;R6371;TIE_FIRST_LEX,ZCTA_NN_HAVERSINE;NOT_ELIGIBILITY;NOT_USPS_VALIDITY;NO_INVENTORY
89520,OBSERVED_REFERENCE_INDIRECT_ONLY,,,,INDIRECT_IMLS_SC;NO_FABRICATED_NEAREST,INDIRECT_IMLS_SC;NO_FABRICATED_NEAREST;NOT_REJECTED;NOT_USPS_VALIDITY;NO_INVENTORY
89521,ZCTA_NEAREST_ACTIVE_OUTLET,NV0025,017,8.073,ZCTA_NN;R6371;TIE_FIRST_LEX,ZCTA_NN_HAVERSINE;NOT_ELIGIBILITY;NOT_USPS_VALIDITY;NO_INVENTORY
89523,EXACT_IMLS_OUTLET_ZIP,NV0025,014,,EXACT_OUTLET;TIE_FSCSKEY_SEQ,EXACT_OUTLET;NOT_USPS_VALIDITY;NO_INVENTORY
89533,OBSERVED_REFERENCE_INDIRECT_ONLY,,,,INDIRECT_IMLS_SC;NO_FABRICATED_NEAREST,INDIRECT_IMLS_SC;NO_FABRICATED_NEAREST;NOT_REJECTED;NOT_USPS_VALIDITY;NO_INVENTORY
89557,ZCTA_NEAREST_ACTIVE_OUTLET,NV0025,007,1.502,ZCTA_NN;R6371;TIE_FIRST_LEX,ZCTA_NN_HAVERSINE;NOT_ELIGIBILITY;NOT_USPS_VALIDITY;NO_INVENTORY
89570,OBSERVED_REFERENCE_INDIRECT_ONLY,,,,INDIRECT_IMLS_SC;NO_FABRICATED_NEAREST,INDIRECT_IMLS_SC;NO_FABRICATED_NEAREST;NOT_REJECTED;NOT_USPS_VALIDITY;NO_INVENTORY
89595,OBSERVED_REFERENCE_INDIRECT_ONLY,,,,INDIRECT_IMLS_SC;NO_FABRICATED_NEAREST,INDIRECT_IMLS_SC;NO_FABRICATED_NEAREST;NOT_REJECTED;NOT_USPS_VALIDITY;NO_INVENTORY
89701,EXACT_IMLS_OUTLET_ZIP,NV0019,002,,EXACT_OUTLET;TIE_FSCSKEY_SEQ,EXACT_OUTLET;NOT_USPS_VALIDITY;NO_INVENTORY
89702,OBSERVED_REFERENCE_INDIRECT_ONLY,,,,INDIRECT_IMLS_SC;NO_FABRICATED_NEAREST,INDIRECT_IMLS_SC;NO_FABRICATED_NEAREST;NOT_REJECTED;NOT_USPS_VALIDITY;NO_INVENTORY
89703,ZCTA_NEAREST_ACTIVE_OUTLET,NV0019,002,10.048,ZCTA_NN;R6371;TIE_FIRST_LEX,ZCTA_NN_HAVERSINE;NOT_ELIGIBILITY;NOT_USPS_VALIDITY;NO_INVENTORY
89704,ZCTA_NEAREST_ACTIVE_OUTLET,NV0019,002,12.006,ZCTA_NN;R6371;TIE_FIRST_LEX,ZCTA_NN_HAVERSINE;NOT_ELIGIBILITY;NOT_USPS_VALIDITY;NO_INVENTORY
89705,ZCTA_NEAREST_ACTIVE_OUTLET,NV0019,002,10.966,ZCTA_NN;R6371;TIE_FIRST_LEX,ZCTA_NN_HAVERSINE;NOT_ELIGIBILITY;NOT_USPS_VALIDITY;NO_INVENTORY
89706,ZCTA_NEAREST_ACTIVE_OUTLET,NV0019,002,7.856,ZCTA_NN;R6371;TIE_FIRST_LEX,ZCTA_NN_HAVERSINE;NOT_ELIGIBILITY;NOT_USPS_VALIDITY;NO_INVENTORY
89721,OBSERVED_REFERENCE_INDIRECT_ONLY,,,,INDIRECT_IMLS_SC;NO_FABRICATED_NEAREST,INDIRECT_IMLS_SC;NO_FABRICATED_NEAREST;NOT_REJECTED;NOT_USPS_VALIDITY;NO_INVENTORY
89801,EXACT_IMLS_OUTLET_ZIP,NV0007,002,,EXACT_OUTLET;TIE_FSCSKEY_SEQ,EXACT_OUTLET;NOT_USPS_VALIDITY;NO_INVENTORY
89802,OBSERVED_REFERENCE_INDIRECT_ONLY,,,,INDIRECT_IMLS_SC;NO_FABRICATED_NEAREST,INDIRECT_IMLS_SC;NO_FABRICATED_NEAREST;NOT_REJECTED;NOT_USPS_VALIDITY;NO_INVENTORY
89803,OBSERVED_REFERENCE_INDIRECT_ONLY,,,,INDIRECT_IMLS_SC;NO_FABRICATED_NEAREST,INDIRECT_IMLS_SC;NO_FABRICATED_NEAREST;NOT_REJECTED;NOT_USPS_VALIDITY;NO_INVENTORY
89815,ZCTA_NEAREST_ACTIVE_OUTLET,NV0007,002,33.122,ZCTA_NN;R6371;TIE_FIRST_LEX,ZCTA_NN_HAVERSINE;NOT_ELIGIBILITY;NOT_USPS_VALIDITY;NO_INVENTORY
89820,ZCTA_NEAREST_ACTIVE_OUTLET,NV0007,012,32.062,ZCTA_NN;R6371;TIE_FIRST_LEX,ZCTA_NN_HAVERSINE;NOT_ELIGIBILITY;NOT_USPS_VALIDITY;NO_INVENTORY
89821,EXACT_IMLS_OUTLET_ZIP,NV0007,012,,EXACT_OUTLET;TIE_FSCSKEY_SEQ,EXACT_OUTLET;NOT_USPS_VALIDITY;NO_INVENTORY
89822,EXACT_IMLS_OUTLET_ZIP,NV0007,011,,EXACT_OUTLET;TIE_FSCSKEY_SEQ,EXACT_OUTLET;NOT_USPS_VALIDITY;NO_INVENTORY
89823,ZCTA_NEAREST_ACTIVE_OUTLET,NV0007,008,23.578,ZCTA_NN;R6371;TIE_FIRST_LEX,ZCTA_NN_HAVERSINE;NOT_ELIGIBILITY;NOT_USPS_VALIDITY;NO_INVENTORY
89825,EXACT_IMLS_OUTLET_ZIP,NV0007,013,,EXACT_OUTLET;TIE_FSCSKEY_SEQ,EXACT_OUTLET;NOT_USPS_VALIDITY;NO_INVENTORY
89826,ZCTA_NEAREST_ACTIVE_OUTLET,NV0007,013,61.720,ZCTA_NN;R6371;TIE_FIRST_LEX,ZCTA_NN_HAVERSINE;NOT_ELIGIBILITY;NOT_USPS_VALIDITY;NO_INVENTORY
89828,ZCTA_NEAREST_ACTIVE_OUTLET,NV0007,002,36.887,ZCTA_NN;R6371;TIE_FIRST_LEX,ZCTA_NN_HAVERSINE;NOT_ELIGIBILITY;NOT_USPS_VALIDITY;NO_INVENTORY
89830,ZCTA_NEAREST_ACTIVE_OUTLET,NV0007,009,66.017,ZCTA_NN;R6371;TIE_FIRST_LEX,ZCTA_NN_HAVERSINE;NOT_ELIGIBILITY;NOT_USPS_VALIDITY;NO_INVENTORY
89831,ZCTA_NEAREST_ACTIVE_OUTLET,NV0007,007,45.795,ZCTA_NN;R6371;TIE_FIRST_LEX,ZCTA_NN_HAVERSINE;NOT_ELIGIBILITY;NOT_USPS_VALIDITY;NO_INVENTORY
89832,ZCTA_NEAREST_ACTIVE_OUTLET,NV0007,007,73.870,ZCTA_NN;R6371;TIE_FIRST_LEX,ZCTA_NN_HAVERSINE;NOT_ELIGIBILITY;NOT_USPS_VALIDITY;NO_INVENTORY
89833,ZCTA_NEAREST_ACTIVE_OUTLET,NV0007,002,53.386,ZCTA_NN;R6371;TIE_FIRST_LEX,ZCTA_NN_HAVERSINE;NOT_ELIGIBILITY;NOT_USPS_VALIDITY;NO_INVENTORY
89834,EXACT_IMLS_OUTLET_ZIP,NV0007,007,,EXACT_OUTLET;TIE_FSCSKEY_SEQ,EXACT_OUTLET;NOT_USPS_VALIDITY;NO_INVENTORY
89835,EXACT_IMLS_OUTLET_ZIP,NV0007,008,,EXACT_OUTLET;TIE_FSCSKEY_SEQ,EXACT_OUTLET;NOT_USPS_VALIDITY;NO_INVENTORY
89883,EXACT_IMLS_OUTLET_ZIP,NV0007,009,,EXACT_OUTLET;TIE_FSCSKEY_SEQ,EXACT_OUTLET;NOT_USPS_VALIDITY;NO_INVENTORY
90001,EXACT_IMLS_OUTLET_ZIP,CA0062,035,,EXACT_OUTLET;TIE_FSCSKEY_SEQ,EXACT_OUTLET;NOT_USPS_VALIDITY;NO_INVENTORY
90002,EXACT_IMLS_OUTLET_ZIP,CA0063,057,,EXACT_OUTLET;TIE_FSCSKEY_SEQ,EXACT_OUTLET;NOT_USPS_VALIDITY;NO_INVENTORY
90003,EXACT_IMLS_OUTLET_ZIP,CA0063,005,,EXACT_OUTLET;TIE_FSCSKEY_SEQ,EXACT_OUTLET;NOT_USPS_VALIDITY;NO_INVENTORY
90004,EXACT_IMLS_OUTLET_ZIP,CA0063,063,,EXACT_OUTLET;TIE_FSCSKEY_SEQ,EXACT_OUTLET;NOT_USPS_VALIDITY;NO_INVENTORY
90005,EXACT_IMLS_OUTLET_ZIP,CA0063,042,,EXACT_OUTLET;TIE_FSCSKEY_SEQ,EXACT_OUTLET;NOT_USPS_VALIDITY;NO_INVENTORY
90006,EXACT_IMLS_OUTLET_ZIP,CA0063,076,,EXACT_OUTLET;TIE_FSCSKEY_SEQ,EXACT_OUTLET;NOT_USPS_VALIDITY;NO_INVENTORY
90007,ZCTA_NEAREST_ACTIVE_OUTLET,CA0063,076,2.564,ZCTA_NN;R6371;TIE_FIRST_LEX,ZCTA_NN_HAVERSINE;NOT_ELIGIBILITY;NOT_USPS_VALIDITY;NO_INVENTORY
90008,ZCTA_NEAREST_ACTIVE_OUTLET,CA0062,044,1.975,ZCTA_NN;R6371;TIE_FIRST_LEX,ZCTA_NN_HAVERSINE;NOT_ELIGIBILITY;NOT_USPS_VALIDITY;NO_INVENTORY
90009,OBSERVED_REFERENCE_INDIRECT_ONLY,,,,INDIRECT_IMLS_SC;NO_FABRICATED_NEAREST,INDIRECT_IMLS_SC;NO_FABRICATED_NEAREST;NOT_REJECTED;NOT_USPS_VALIDITY;NO_INVENTORY
90010,ZCTA_NEAREST_ACTIVE_OUTLET,CA0063,042,0.737,ZCTA_NN;R6371;TIE_FIRST_LEX,ZCTA_NN_HAVERSINE;NOT_ELIGIBILITY;NOT_USPS_VALIDITY;NO_INVENTORY
90011,EXACT_IMLS_OUTLET_ZIP,CA0063,055,,EXACT_OUTLET;TIE_FSCSKEY_SEQ,EXACT_OUTLET;NOT_USPS_VALIDITY;NO_INVENTORY
90012,EXACT_IMLS_OUTLET_ZIP,CA0063,013,,EXACT_OUTLET;TIE_FSCSKEY_SEQ,EXACT_OUTLET;NOT_USPS_VALIDITY;NO_INVENTORY
90013,ZCTA_NEAREST_ACTIVE_OUTLET,CA0063,065,0.681,ZCTA_NN;R6371;TIE_FIRST_LEX,ZCTA_NN_HAVERSINE;NOT_ELIGIBILITY;NOT_USPS_VALIDITY;NO_INVENTORY
90014,ZCTA_NEAREST_ACTIVE_OUTLET,CA0063,002,0.862,ZCTA_NN;R6371;TIE_FIRST_LEX,ZCTA_NN_HAVERSINE;NOT_ELIGIBILITY;NOT_USPS_VALIDITY;NO_INVENTORY
90015,ZCTA_NEAREST_ACTIVE_OUTLET,CA0063,002,1.609,ZCTA_NN;R6371;TIE_FIRST_LEX,ZCTA_NN_HAVERSINE;NOT_ELIGIBILITY;NOT_USPS_VALIDITY;NO_INVENTORY
90016,EXACT_IMLS_OUTLET_ZIP,CA0063,007,,EXACT_OUTLET;TIE_FSCSKEY_SEQ,EXACT_OUTLET;NOT_USPS_VALIDITY;NO_INVENTORY
90017,ZCTA_NEAREST_ACTIVE_OUTLET,CA0063,002,0.933,ZCTA_NN;R6371;TIE_FIRST_LEX,ZCTA_NN_HAVERSINE;NOT_ELIGIBILITY;NOT_USPS_VALIDITY;NO_INVENTORY
90018,EXACT_IMLS_OUTLET_ZIP,CA0063,025,,EXACT_OUTLET;TIE_FSCSKEY_SEQ,EXACT_OUTLET;NOT_USPS_VALIDITY;NO_INVENTORY
90019,EXACT_IMLS_OUTLET_ZIP,CA0063,035,,EXACT_OUTLET;TIE_FSCSKEY_SEQ,EXACT_OUTLET;NOT_USPS_VALIDITY;NO_INVENTORY
90020,ZCTA_NEAREST_ACTIVE_OUTLET,CA0063,042,0.729,ZCTA_NN;R6371;TIE_FIRST_LEX,ZCTA_NN_HAVERSINE;NOT_ELIGIBILITY;NOT_USPS_VALIDITY;NO_INVENTORY
90021,ZCTA_NEAREST_ACTIVE_OUTLET,CA0063,065,2.398,ZCTA_NN;R6371;TIE_FIRST_LEX,ZCTA_NN_HAVERSINE;NOT_ELIGIBILITY;NOT_USPS_VALIDITY;NO_INVENTORY
90022,EXACT_IMLS_OUTLET_ZIP,CA0062,068,,EXACT_OUTLET;TIE_FSCSKEY_SEQ,EXACT_OUTLET;NOT_USPS_VALIDITY;NO_INVENTORY
90023,EXACT_IMLS_OUTLET_ZIP,CA0062,069,,EXACT_OUTLET;TIE_FSCSKEY_SEQ,EXACT_OUTLET;NOT_USPS_VALIDITY;NO_INVENTORY
90024,EXACT_IMLS_OUTLET_ZIP,CA0063,079,,EXACT_OUTLET;TIE_FSCSKEY_SEQ,EXACT_OUTLET;NOT_USPS_VALIDITY;NO_INVENTORY
90025,EXACT_IMLS_OUTLET_ZIP,CA0063,059,,EXACT_OUTLET;TIE_FSCSKEY_SEQ,EXACT_OUTLET;NOT_USPS_VALIDITY;NO_INVENTORY
90026,EXACT_IMLS_OUTLET_ZIP,CA0063,016,,EXACT_OUTLET;TIE_FSCSKEY_SEQ,EXACT_OUTLET;NOT_USPS_VALIDITY;NO_INVENTORY
90027,EXACT_IMLS_OUTLET_ZIP,CA0063,030,,EXACT_OUTLET;TIE_FSCSKEY_SEQ,EXACT_OUTLET;NOT_USPS_VALIDITY;NO_INVENTORY
90028,EXACT_IMLS_OUTLET_ZIP,CA0063,022,,EXACT_OUTLET;TIE_FSCSKEY_SEQ,EXACT_OUTLET;NOT_USPS_VALIDITY;NO_INVENTORY
90029,EXACT_IMLS_OUTLET_ZIP,CA0063,010,,EXACT_OUTLET;TIE_FSCSKEY_SEQ,EXACT_OUTLET;NOT_USPS_VALIDITY;NO_INVENTORY
90030,OBSERVED_REFERENCE_INDIRECT_ONLY,,,,INDIRECT_IMLS_SC;NO_FABRICATED_NEAREST,INDIRECT_IMLS_SC;NO_FABRICATED_NEAREST;NOT_REJECTED;NOT_USPS_VALIDITY;NO_INVENTORY
90031,EXACT_IMLS_OUTLET_ZIP,CA0063,029,,EXACT_OUTLET;TIE_FSCSKEY_SEQ,EXACT_OUTLET;NOT_USPS_VALIDITY;NO_INVENTORY
90032,EXACT_IMLS_OUTLET_ZIP,CA0063,017,,EXACT_OUTLET;TIE_FSCSKEY_SEQ,EXACT_OUTLET;NOT_USPS_VALIDITY;NO_INVENTORY
90033,EXACT_IMLS_OUTLET_ZIP,CA0063,008,,EXACT_OUTLET;TIE_FSCSKEY_SEQ,EXACT_OUTLET;NOT_USPS_VALIDITY;NO_INVENTORY
90034,ZCTA_NEAREST_ACTIVE_OUTLET,CA0063,040,1.750,ZCTA_NN;R6371;TIE_FIRST_LEX,ZCTA_NN_HAVERSINE;NOT_ELIGIBILITY;NOT_USPS_VALIDITY;NO_INVENTORY
90035,EXACT_IMLS_OUTLET_ZIP,CA0063,044,,EXACT_OUTLET;TIE_FSCSKEY_SEQ,EXACT_OUTLET;NOT_USPS_VALIDITY;NO_INVENTORY
90036,EXACT_IMLS_OUTLET_ZIP,CA0063,020,,EXACT_OUTLET;TIE_FSCSKEY_SEQ,EXACT_OUTLET;NOT_USPS_VALIDITY;NO_INVENTORY
90037,EXACT_IMLS_OUTLET_ZIP,CA0063,028,,EXACT_OUTLET;TIE_FSCSKEY_SEQ,EXACT_OUTLET;NOT_USPS_VALIDITY;NO_INVENTORY
90038,EXACT_IMLS_OUTLET_ZIP,CA0063,026,,EXACT_OUTLET;TIE_FSCSKEY_SEQ,EXACT_OUTLET;NOT_USPS_VALIDITY;NO_INVENTORY
90039,EXACT_IMLS_OUTLET_ZIP,CA0063,006,,EXACT_OUTLET;TIE_FSCSKEY_SEQ,EXACT_OUTLET;NOT_USPS_VALIDITY;NO_INVENTORY
90040,EXACT_IMLS_OUTLET_ZIP,CA0027,002,,EXACT_OUTLET;TIE_FSCSKEY_SEQ,EXACT_OUTLET;NOT_USPS_VALIDITY;NO_INVENTORY
90041,EXACT_IMLS_OUTLET_ZIP,CA0063,015,,EXACT_OUTLET;TIE_FSCSKEY_SEQ,EXACT_OUTLET;NOT_USPS_VALIDITY;NO_INVENTORY
90042,EXACT_IMLS_OUTLET_ZIP,CA0063,004,,EXACT_OUTLET;TIE_FSCSKEY_SEQ,EXACT_OUTLET;NOT_USPS_VALIDITY;NO_INVENTORY
90043,EXACT_IMLS_OUTLET_ZIP,CA0062,044,,EXACT_OUTLET;TIE_FSCSKEY_SEQ,EXACT_OUTLET;NOT_USPS_VALIDITY;NO_INVENTORY
90044,EXACT_IMLS_OUTLET_ZIP,CA0062,046,,EXACT_OUTLET;TIE_FSCSKEY_SEQ,EXACT_OUTLET;NOT_USPS_VALIDITY;NO_INVENTORY
90045,EXACT_IMLS_OUTLET_ZIP,CA0063,061,,EXACT_OUTLET;TIE_FSCSKEY_SEQ,EXACT_OUTLET;NOT_USPS_VALIDITY;NO_INVENTORY
90046,EXACT_IMLS_OUTLET_ZIP,CA0063,058,,EXACT_OUTLET;TIE_FSCSKEY_SEQ,EXACT_OUTLET;NOT_USPS_VALIDITY;NO_INVENTORY
90047,ZCTA_NEAREST_ACTIVE_OUTLET,CA0062,046,1.929,ZCTA_NN;R6371;TIE_FIRST_LEX,ZCTA_NN_HAVERSINE;NOT_ELIGIBILITY;NOT_USPS_VALIDITY;NO_INVENTORY
90048,ZCTA_NEAREST_ACTIVE_OUTLET,CA0062,043,1.440,ZCTA_NN;R6371;TIE_FIRST_LEX,ZCTA_NN_HAVERSINE;NOT_ELIGIBILITY;NOT_USPS_VALIDITY;NO_INVENTORY
90049,EXACT_IMLS_OUTLET_ZIP,CA0063,009,,EXACT_OUTLET;TIE_FSCSKEY_SEQ,EXACT_OUTLET;NOT_USPS_VALIDITY;NO_INVENTORY
90050,OBSERVED_REFERENCE_INDIRECT_ONLY,,,,INDIRECT_IMLS_SC;NO_FABRICATED_NEAREST,INDIRECT_IMLS_SC;NO_FABRICATED_NEAREST;NOT_REJECTED;NOT_USPS_VALIDITY;NO_INVENTORY
90051,OBSERVED_REFERENCE_INDIRECT_ONLY,,,,INDIRECT_IMLS_SC;NO_FABRICATED_NEAREST,INDIRECT_IMLS_SC;NO_FABRICATED_NEAREST;NOT_REJECTED;NOT_USPS_VALIDITY;NO_INVENTORY
90052,ZCTA_NEAREST_ACTIVE_OUTLET,CA0062,035,1.337,ZCTA_NN;R6371;TIE_FIRST_LEX,ZCTA_NN_HAVERSINE;NOT_ELIGIBILITY;NOT_USPS_VALIDITY;NO_INVENTORY
90054,OBSERVED_REFERENCE_INDIRECT_ONLY,,,,INDIRECT_IMLS_SC;NO_FABRICATED_NEAREST,INDIRECT_IMLS_SC;NO_FABRICATED_NEAREST;NOT_REJECTED;NOT_USPS_VALIDITY;NO_INVENTORY
90055,OBSERVED_REFERENCE_INDIRECT_ONLY,,,,INDIRECT_IMLS_SC;NO_FABRICATED_NEAREST,INDIRECT_IMLS_SC;NO_FABRICATED_NEAREST;NOT_REJECTED;NOT_USPS_VALIDITY;NO_INVENTORY
90056,ZCTA_NEAREST_ACTIVE_OUTLET,CA0062,044,2.556,ZCTA_NN;R6371;TIE_FIRST_LEX,ZCTA_NN_HAVERSINE;NOT_ELIGIBILITY;NOT_USPS_VALIDITY;NO_INVENTORY
90057,EXACT_IMLS_OUTLET_ZIP,CA0063,021,,EXACT_OUTLET;TIE_FSCSKEY_SEQ,EXACT_OUTLET;NOT_USPS_VALIDITY;NO_INVENTORY
90058,ZCTA_NEAREST_ACTIVE_OUTLET,CA0062,039,2.514,ZCTA_NN;R6371;TIE_FIRST_LEX,ZCTA_NN_HAVERSINE;NOT_ELIGIBILITY;NOT_USPS_VALIDITY;NO_INVENTORY
90059,EXACT_IMLS_OUTLET_ZIP,CA0062,030,,EXACT_OUTLET;TIE_FSCSKEY_SEQ,EXACT_OUTLET;NOT_USPS_VALIDITY;NO_INVENTORY
90060,OBSERVED_REFERENCE_INDIRECT_ONLY,,,,INDIRECT_IMLS_SC;NO_FABRICATED_NEAREST,INDIRECT_IMLS_SC;NO_FABRICATED_NEAREST;NOT_REJECTED;NOT_USPS_VALIDITY;NO_INVENTORY
90061,EXACT_IMLS_OUTLET_ZIP,CA0062,103,,EXACT_OUTLET;TIE_FSCSKEY_SEQ,EXACT_OUTLET;NOT_USPS_VALIDITY;NO_INVENTORY
90062,EXACT_IMLS_OUTLET_ZIP,CA0063,019,,EXACT_OUTLET;TIE_FSCSKEY_SEQ,EXACT_OUTLET;NOT_USPS_VALIDITY;NO_INVENTORY
90063,EXACT_IMLS_OUTLET_ZIP,CA0062,064,,EXACT_OUTLET;TIE_FSCSKEY_SEQ,EXACT_OUTLET;NOT_USPS_VALIDITY;NO_INVENTORY
90064,EXACT_IMLS_OUTLET_ZIP,CA0063,040,,EXACT_OUTLET;TIE_FSCSKEY_SEQ,EXACT_OUTLET;NOT_USPS_VALIDITY;NO_INVENTORY
90065,EXACT_IMLS_OUTLET_ZIP,CA0063,014,,EXACT_OUTLET;TIE_FSCSKEY_SEQ,EXACT_OUTLET;NOT_USPS_VALIDITY;NO_INVENTORY
90066,EXACT_IMLS_OUTLET_ZIP,CA0063,033,,EXACT_OUTLET;TIE_FSCSKEY_SEQ,EXACT_OUTLET;NOT_USPS_VALIDITY;NO_INVENTORY
90067,ZCTA_NEAREST_ACTIVE_OUTLET,CA0012,004,0.791,ZCTA_NN;R6371;TIE_FIRST_LEX,ZCTA_NN_HAVERSINE;NOT_ELIGIBILITY;NOT_USPS_VALIDITY;NO_INVENTORY
90068,ZCTA_NEAREST_ACTIVE_OUTLET,CA0063,022,2.616,ZCTA_NN;R6371;TIE_FIRST_LEX,ZCTA_NN_HAVERSINE;NOT_ELIGIBILITY;NOT_USPS_VALIDITY;NO_INVENTORY
90069,EXACT_IMLS_OUTLET_ZIP,CA0062,043,,EXACT_OUTLET;TIE_FSCSKEY_SEQ,EXACT_OUTLET;NOT_USPS_VALIDITY;NO_INVENTORY
90071,EXACT_IMLS_OUTLET_ZIP,CA0063,002,,EXACT_OUTLET;TIE_FSCSKEY_SEQ,EXACT_OUTLET;NOT_USPS_VALIDITY;NO_INVENTORY
90073,ZCTA_NEAREST_ACTIVE_OUTLET,CA0063,009,0.977,ZCTA_NN;R6371;TIE_FIRST_LEX,ZCTA_NN_HAVERSINE;NOT_ELIGIBILITY;NOT_USPS_VALIDITY;NO_INVENTORY
90075,OBSERVED_REFERENCE_INDIRECT_ONLY,,,,INDIRECT_IMLS_SC;NO_FABRICATED_NEAREST,INDIRECT_IMLS_SC;NO_FABRICATED_NEAREST;NOT_REJECTED;NOT_USPS_VALIDITY;NO_INVENTORY
90077,ZCTA_NEAREST_ACTIVE_OUTLET,CA0063,046,4.933,ZCTA_NN;R6371;TIE_FIRST_LEX,ZCTA_NN_HAVERSINE;NOT_ELIGIBILITY;NOT_USPS_VALIDITY;NO_INVENTORY
90078,OBSERVED_REFERENCE_INDIRECT_ONLY,,,,INDIRECT_IMLS_SC;NO_FABRICATED_NEAREST,INDIRECT_IMLS_SC;NO_FABRICATED_NEAREST;NOT_REJECTED;NOT_USPS_VALIDITY;NO_INVENTORY
90079,ZCTA_NEAREST_ACTIVE_OUTLET,CA0063,002,1.084,ZCTA_NN;R6371;TIE_FIRST_LEX,ZCTA_NN_HAVERSINE;NOT_ELIGIBILITY;NOT_USPS_VALIDITY;NO_INVENTORY
90086,OBSERVED_REFERENCE_INDIRECT_ONLY,,,,INDIRECT_IMLS_SC;NO_FABRICATED_NEAREST,INDIRECT_IMLS_SC;NO_FABRICATED_NEAREST;NOT_REJECTED;NOT_USPS_VALIDITY;NO_INVENTORY
90089,ZCTA_NEAREST_ACTIVE_OUTLET,CA0063,019,2.288,ZCTA_NN;R6371;TIE_FIRST_LEX,ZCTA_NN_HAVERSINE;NOT_ELIGIBILITY;NOT_USPS_VALIDITY;NO_INVENTORY
90091,OBSERVED_REFERENCE_INDIRECT_ONLY,,,,INDIRECT_IMLS_SC;NO_FABRICATED_NEAREST,INDIRECT_IMLS_SC;NO_FABRICATED_NEAREST;NOT_REJECTED;NOT_USPS_VALIDITY;NO_INVENTORY
90093,OBSERVED_REFERENCE_INDIRECT_ONLY,,,,INDIRECT_IMLS_SC;NO_FABRICATED_NEAREST,INDIRECT_IMLS_SC;NO_FABRICATED_NEAREST;NOT_REJECTED;NOT_USPS_VALIDITY;NO_INVENTORY
90094,EXACT_IMLS_OUTLET_ZIP,CA0063,077,,EXACT_OUTLET;TIE_FSCSKEY_SEQ,EXACT_OUTLET;NOT_USPS_VALIDITY;NO_INVENTORY
90095,ZCTA_NEAREST_ACTIVE_OUTLET,CA0063,079,1.490,ZCTA_NN;R6371;TIE_FIRST_LEX,ZCTA_NN_HAVERSINE;NOT_ELIGIBILITY;NOT_USPS_VALIDITY;NO_INVENTORY
90201,EXACT_IMLS_OUTLET_ZIP,CA0062,031,,EXACT_OUTLET;TIE_FSCSKEY_SEQ,EXACT_OUTLET;NOT_USPS_VALIDITY;NO_INVENTORY
90202,OBSERVED_REFERENCE_INDIRECT_ONLY,,,,INDIRECT_IMLS_SC;NO_FABRICATED_NEAREST,INDIRECT_IMLS_SC;NO_FABRICATED_NEAREST;NOT_REJECTED;NOT_USPS_VALIDITY;NO_INVENTORY
90209,OBSERVED_REFERENCE_INDIRECT_ONLY,,,,INDIRECT_IMLS_SC;NO_FABRICATED_NEAREST,INDIRECT_IMLS_SC;NO_FABRICATED_NEAREST;NOT_REJECTED;NOT_USPS_VALIDITY;NO_INVENTORY
90210,EXACT_IMLS_OUTLET_ZIP,CA0012,002,,EXACT_OUTLET;TIE_FSCSKEY_SEQ,EXACT_OUTLET;NOT_USPS_VALIDITY;NO_INVENTORY
90211,ZCTA_NEAREST_ACTIVE_OUTLET,CA0012,002,1.770,ZCTA_NN;R6371;TIE_FIRST_LEX,ZCTA_NN_HAVERSINE;NOT_ELIGIBILITY;NOT_USPS_VALIDITY;NO_INVENTORY
90212,EXACT_IMLS_OUTLET_ZIP,CA0012,004,,EXACT_OUTLET;TIE_FSCSKEY_SEQ,EXACT_OUTLET;NOT_USPS_VALIDITY;NO_INVENTORY
90213,OBSERVED_REFERENCE_INDIRECT_ONLY,,,,INDIRECT_IMLS_SC;NO_FABRICATED_NEAREST,INDIRECT_IMLS_SC;NO_FABRICATED_NEAREST;NOT_REJECTED;NOT_USPS_VALIDITY;NO_INVENTORY
90220,EXACT_IMLS_OUTLET_ZIP,CA0062,018,,EXACT_OUTLET;TIE_FSCSKEY_SEQ,EXACT_OUTLET;NOT_USPS_VALIDITY;NO_INVENTORY
90221,EXACT_IMLS_OUTLET_ZIP,CA0062,020,,EXACT_OUTLET;TIE_FSCSKEY_SEQ,EXACT_OUTLET;NOT_USPS_VALIDITY;NO_INVENTORY
90222,ZCTA_NEAREST_ACTIVE_OUTLET,CA0062,030,1.630,ZCTA_NN;R6371;TIE_FIRST_LEX,ZCTA_NN_HAVERSINE;NOT_ELIGIBILITY;NOT_USPS_VALIDITY;NO_INVENTORY
90223,OBSERVED_REFERENCE_INDIRECT_ONLY,,,,INDIRECT_IMLS_SC;NO_FABRICATED_NEAREST,INDIRECT_IMLS_SC;NO_FABRICATED_NEAREST;NOT_REJECTED;NOT_USPS_VALIDITY;NO_INVENTORY
90224,OBSERVED_REFERENCE_INDIRECT_ONLY,,,,INDIRECT_IMLS_SC;NO_FABRICATED_NEAREST,INDIRECT_IMLS_SC;NO_FABRICATED_NEAREST;NOT_REJECTED;NOT_USPS_VALIDITY;NO_INVENTORY
90230,EXACT_IMLS_OUTLET_ZIP,CA0062,034,,EXACT_OUTLET;TIE_FSCSKEY_SEQ,EXACT_OUTLET;NOT_USPS_VALIDITY;NO_INVENTORY
90231,OBSERVED_REFERENCE_INDIRECT_ONLY,,,,INDIRECT_IMLS_SC;NO_FABRICATED_NEAREST,INDIRECT_IMLS_SC;NO_FABRICATED_NEAREST;NOT_REJECTED;NOT_USPS_VALIDITY;NO_INVENTORY
90232,ZCTA_NEAREST_ACTIVE_OUTLET,CA0062,034,1.354,ZCTA_NN;R6371;TIE_FIRST_LEX,ZCTA_NN_HAVERSINE;NOT_ELIGIBILITY;NOT_USPS_VALIDITY;NO_INVENTORY
90239,OBSERVED_REFERENCE_INDIRECT_ONLY,,,,INDIRECT_IMLS_SC;NO_FABRICATED_NEAREST,INDIRECT_IMLS_SC;NO_FABRICATED_NEAREST;NOT_REJECTED;NOT_USPS_VALIDITY;NO_INVENTORY
90240,ZCTA_NEAREST_ACTIVE_OUTLET,CA0034,002,1.962,ZCTA_NN;R6371;TIE_FIRST_LEX,ZCTA_NN_HAVERSINE;NOT_ELIGIBILITY;NOT_USPS_VALIDITY;NO_INVENTORY
90241,EXACT_IMLS_OUTLET_ZIP,CA0034,002,,EXACT_OUTLET;TIE_FSCSKEY_SEQ,EXACT_OUTLET;NOT_USPS_VALIDITY;NO_INVENTORY
90242,ZCTA_NEAREST_ACTIVE_OUTLET,CA0034,002,2.333,ZCTA_NN;R6371;TIE_FIRST_LEX,ZCTA_NN_HAVERSINE;NOT_ELIGIBILITY;NOT_USPS_VALIDITY;NO_INVENTORY
90245,EXACT_IMLS_OUTLET_ZIP,CA0037,002,,EXACT_OUTLET;TIE_FSCSKEY_SEQ,EXACT_OUTLET;NOT_USPS_VALIDITY;NO_INVENTORY
90247,EXACT_IMLS_OUTLET_ZIP,CA0062,021,,EXACT_OUTLET;TIE_FSCSKEY_SEQ,EXACT_OUTLET;NOT_USPS_VALIDITY;NO_INVENTORY
90248,ZCTA_NEAREST_ACTIVE_OUTLET,CA0062,028,1.884,ZCTA_NN;R6371;TIE_FIRST_LEX,ZCTA_NN_HAVERSINE;NOT_ELIGIBILITY;NOT_USPS_VALIDITY;NO_INVENTORY
90249,EXACT_IMLS_OUTLET_ZIP,CA0062,113,,EXACT_OUTLET;TIE_FSCSKEY_SEQ,EXACT_OUTLET;NOT_USPS_VALIDITY;NO_INVENTORY
90250,EXACT_IMLS_OUTLET_ZIP,CA0062,037,,EXACT_OUTLET;TIE_FSCSKEY_SEQ,EXACT_OUTLET;NOT_USPS_VALIDITY;NO_INVENTORY
90254,EXACT_IMLS_OUTLET_ZIP,CA0062,022,,EXACT_OUTLET;TIE_FSCSKEY_SEQ,EXACT_OUTLET;NOT_USPS_VALIDITY;NO_INVENTORY
90255,EXACT_IMLS_OUTLET_ZIP,CA0062,039,,EXACT_OUTLET;TIE_FSCSKEY_SEQ,EXACT_OUTLET;NOT_USPS_VALIDITY;NO_INVENTORY
90260,EXACT_IMLS_OUTLET_ZIP,CA0062,023,,EXACT_OUTLET;TIE_FSCSKEY_SEQ,EXACT_OUTLET;NOT_USPS_VALIDITY;NO_INVENTORY
90261,OBSERVED_REFERENCE_INDIRECT_ONLY,,,,INDIRECT_IMLS_SC;NO_FABRICATED_NEAREST,INDIRECT_IMLS_SC;NO_FABRICATED_NEAREST;NOT_REJECTED;NOT_USPS_VALIDITY;NO_INVENTORY
90262,EXACT_IMLS_OUTLET_ZIP,CA0062,057,,EXACT_OUTLET;TIE_FSCSKEY_SEQ,EXACT_OUTLET;NOT_USPS_VALIDITY;NO_INVENTORY
90263,ZCTA_NEAREST_ACTIVE_OUTLET,CA0062,009,1.877,ZCTA_NN;R6371;TIE_FIRST_LEX,ZCTA_NN_HAVERSINE;NOT_ELIGIBILITY;NOT_USPS_VALIDITY;NO_INVENTORY
90264,OBSERVED_REFERENCE_INDIRECT_ONLY,,,,INDIRECT_IMLS_SC;NO_FABRICATED_NEAREST,INDIRECT_IMLS_SC;NO_FABRICATED_NEAREST;NOT_REJECTED;NOT_USPS_VALIDITY;NO_INVENTORY
90265,EXACT_IMLS_OUTLET_ZIP,CA0062,009,,EXACT_OUTLET;TIE_FSCSKEY_SEQ,EXACT_OUTLET;NOT_USPS_VALIDITY;NO_INVENTORY
90266,EXACT_IMLS_OUTLET_ZIP,CA0062,025,,EXACT_OUTLET;TIE_FSCSKEY_SEQ,EXACT_OUTLET;NOT_USPS_VALIDITY;NO_INVENTORY
90267,OBSERVED_REFERENCE_INDIRECT_ONLY,,,,INDIRECT_IMLS_SC;NO_FABRICATED_NEAREST,INDIRECT_IMLS_SC;NO_FABRICATED_NEAREST;NOT_REJECTED;NOT_USPS_VALIDITY;NO_INVENTORY
90270,EXACT_IMLS_OUTLET_ZIP,CA0062,042,,EXACT_OUTLET;TIE_FSCSKEY_SEQ,EXACT_OUTLET;NOT_USPS_VALIDITY;NO_INVENTORY
90272,EXACT_IMLS_OUTLET_ZIP,CA0063,039,,EXACT_OUTLET;TIE_FSCSKEY_SEQ,EXACT_OUTLET;NOT_USPS_VALIDITY;NO_INVENTORY
90274,EXACT_IMLS_OUTLET_ZIP,CA0092,002,,EXACT_OUTLET;TIE_FSCSKEY_SEQ,EXACT_OUTLET;NOT_USPS_VALIDITY;NO_INVENTORY
90275,EXACT_IMLS_OUTLET_ZIP,CA0092,004,,EXACT_OUTLET;TIE_FSCSKEY_SEQ,EXACT_OUTLET;NOT_USPS_VALIDITY;NO_INVENTORY
90277,EXACT_IMLS_OUTLET_ZIP,CA0100,002,,EXACT_OUTLET;TIE_FSCSKEY_SEQ,EXACT_OUTLET;NOT_USPS_VALIDITY;NO_INVENTORY
90278,EXACT_IMLS_OUTLET_ZIP,CA0100,003,,EXACT_OUTLET;TIE_FSCSKEY_SEQ,EXACT_OUTLET;NOT_USPS_VALIDITY;NO_INVENTORY
90280,EXACT_IMLS_OUTLET_ZIP,CA0062,053,,EXACT_OUTLET;TIE_FSCSKEY_SEQ,EXACT_OUTLET;NOT_USPS_VALIDITY;NO_INVENTORY
90290,EXACT_IMLS_OUTLET_ZIP,CA0062,111,,EXACT_OUTLET;TIE_FSCSKEY_SEQ,EXACT_OUTLET;NOT_USPS_VALIDITY;NO_INVENTORY
90291,EXACT_IMLS_OUTLET_ZIP,CA0063,053,,EXACT_OUTLET;TIE_FSCSKEY_SEQ,EXACT_OUTLET;NOT_USPS_VALIDITY;NO_INVENTORY
90292,EXACT_IMLS_OUTLET_ZIP,CA0062,041,,EXACT_OUTLET;TIE_FSCSKEY_SEQ,EXACT_OUTLET;NOT_USPS_VALIDITY;NO_INVENTORY
90293,ZCTA_NEAREST_ACTIVE_OUTLET,CA0063,061,2.502,ZCTA_NN;R6371;TIE_FIRST_LEX,ZCTA_NN_HAVERSINE;NOT_ELIGIBILITY;NOT_USPS_VALIDITY;NO_INVENTORY
90294,OBSERVED_REFERENCE_INDIRECT_ONLY,,,,INDIRECT_IMLS_SC;NO_FABRICATED_NEAREST,INDIRECT_IMLS_SC;NO_FABRICATED_NEAREST;NOT_REJECTED;NOT_USPS_VALIDITY;NO_INVENTORY
90295,OBSERVED_REFERENCE_INDIRECT_ONLY,,,,INDIRECT_IMLS_SC;NO_FABRICATED_NEAREST,INDIRECT_IMLS_SC;NO_FABRICATED_NEAREST;NOT_REJECTED;NOT_USPS_VALIDITY;NO_INVENTORY
90296,OBSERVED_REFERENCE_INDIRECT_ONLY,,,,INDIRECT_IMLS_SC;NO_FABRICATED_NEAREST,INDIRECT_IMLS_SC;NO_FABRICATED_NEAREST;NOT_REJECTED;NOT_USPS_VALIDITY;NO_INVENTORY
90301,EXACT_IMLS_OUTLET_ZIP,CA0049,002,,EXACT_OUTLET;TIE_FSCSKEY_SEQ,EXACT_OUTLET;NOT_USPS_VALIDITY;NO_INVENTORY
90302,ZCTA_NEAREST_ACTIVE_OUTLET,CA0049,002,1.508,ZCTA_NN;R6371;TIE_FIRST_LEX,ZCTA_NN_HAVERSINE;NOT_ELIGIBILITY;NOT_USPS_VALIDITY;NO_INVENTORY
90303,EXACT_IMLS_OUTLET_ZIP,CA0049,004,,EXACT_OUTLET;TIE_FSCSKEY_SEQ,EXACT_OUTLET;NOT_USPS_VALIDITY;NO_INVENTORY
90304,EXACT_IMLS_OUTLET_ZIP,CA0062,040,,EXACT_OUTLET;TIE_FSCSKEY_SEQ,EXACT_OUTLET;NOT_USPS_VALIDITY;NO_INVENTORY
90305,ZCTA_NEAREST_ACTIVE_OUTLET,CA0063,024,2.182,ZCTA_NN;R6371;TIE_FIRST_LEX,ZCTA_NN_HAVERSINE;NOT_ELIGIBILITY;NOT_USPS_VALIDITY;NO_INVENTORY
90401,EXACT_IMLS_OUTLET_ZIP,CA0130,002,,EXACT_OUTLET;TIE_FSCSKEY_SEQ,EXACT_OUTLET;NOT_USPS_VALIDITY;NO_INVENTORY
90402,ZCTA_NEAREST_ACTIVE_OUTLET,CA0130,003,1.101,ZCTA_NN;R6371;TIE_FIRST_LEX,ZCTA_NN_HAVERSINE;NOT_ELIGIBILITY;NOT_USPS_VALIDITY;NO_INVENTORY
90403,EXACT_IMLS_OUTLET_ZIP,CA0130,003,,EXACT_OUTLET;TIE_FSCSKEY_SEQ,EXACT_OUTLET;NOT_USPS_VALIDITY;NO_INVENTORY
90404,ZCTA_NEAREST_ACTIVE_OUTLET,CA0130,006,0.806,ZCTA_NN;R6371;TIE_FIRST_LEX,ZCTA_NN_HAVERSINE;NOT_ELIGIBILITY;NOT_USPS_VALIDITY;NO_INVENTORY
90405,EXACT_IMLS_OUTLET_ZIP,CA0130,004,,EXACT_OUTLET;TIE_FSCSKEY_SEQ,EXACT_OUTLET;NOT_USPS_VALIDITY;NO_INVENTORY
90406,OBSERVED_REFERENCE_INDIRECT_ONLY,,,,INDIRECT_IMLS_SC;NO_FABRICATED_NEAREST,INDIRECT_IMLS_SC;NO_FABRICATED_NEAREST;NOT_REJECTED;NOT_USPS_VALIDITY;NO_INVENTORY
90407,OBSERVED_REFERENCE_INDIRECT_ONLY,,,,INDIRECT_IMLS_SC;NO_FABRICATED_NEAREST,INDIRECT_IMLS_SC;NO_FABRICATED_NEAREST;NOT_REJECTED;NOT_USPS_VALIDITY;NO_INVENTORY
90408,OBSERVED_REFERENCE_INDIRECT_ONLY,,,,INDIRECT_IMLS_SC;NO_FABRICATED_NEAREST,INDIRECT_IMLS_SC;NO_FABRICATED_NEAREST;NOT_REJECTED;NOT_USPS_VALIDITY;NO_INVENTORY
90409,OBSERVED_REFERENCE_INDIRECT_ONLY,,,,INDIRECT_IMLS_SC;NO_FABRICATED_NEAREST,INDIRECT_IMLS_SC;NO_FABRICATED_NEAREST;NOT_REJECTED;NOT_USPS_VALIDITY;NO_INVENTORY
90501,EXACT_IMLS_OUTLET_ZIP,CA0146,003,,EXACT_OUTLET;TIE_FSCSKEY_SEQ,EXACT_OUTLET;NOT_USPS_VALIDITY;NO_INVENTORY
90502,ZCTA_NEAREST_ACTIVE_OUTLET,CA0062,017,1.459,ZCTA_NN;R6371;TIE_FIRST_LEX,ZCTA_NN_HAVERSINE;NOT_ELIGIBILITY;NOT_USPS_VALIDITY;NO_INVENTORY
90503,EXACT_IMLS_OUTLET_ZIP,CA0146,002,,EXACT_OUTLET;TIE_FSCSKEY_SEQ,EXACT_OUTLET;NOT_USPS_VALIDITY;NO_INVENTORY
90504,EXACT_IMLS_OUTLET_ZIP,CA0146,006,,EXACT_OUTLET;TIE_FSCSKEY_SEQ,EXACT_OUTLET;NOT_USPS_VALIDITY;NO_INVENTORY
90505,EXACT_IMLS_OUTLET_ZIP,CA0146,007,,EXACT_OUTLET;TIE_FSCSKEY_SEQ,EXACT_OUTLET;NOT_USPS_VALIDITY;NO_INVENTORY
90506,ZCTA_NEAREST_ACTIVE_OUTLET,CA0146,006,1.420,ZCTA_NN;R6371;TIE_FIRST_LEX,ZCTA_NN_HAVERSINE;NOT_ELIGIBILITY;NOT_USPS_VALIDITY;NO_INVENTORY
90508,OBSERVED_REFERENCE_INDIRECT_ONLY,,,,INDIRECT_IMLS_SC;NO_FABRICATED_NEAREST,INDIRECT_IMLS_SC;NO_FABRICATED_NEAREST;NOT_REJECTED;NOT_USPS_VALIDITY;NO_INVENTORY
90509,OBSERVED_REFERENCE_INDIRECT_ONLY,,,,INDIRECT_IMLS_SC;NO_FABRICATED_NEAREST,INDIRECT_IMLS_SC;NO_FABRICATED_NEAREST;NOT_REJECTED;NOT_USPS_VALIDITY;NO_INVENTORY
90510,OBSERVED_REFERENCE_INDIRECT_ONLY,,,,INDIRECT_IMLS_SC;NO_FABRICATED_NEAREST,INDIRECT_IMLS_SC;NO_FABRICATED_NEAREST;NOT_REJECTED;NOT_USPS_VALIDITY;NO_INVENTORY
90601,ZCTA_NEAREST_ACTIVE_OUTLET,CA0154,002,3.796,ZCTA_NN;R6371;TIE_FIRST_LEX,ZCTA_NN_HAVERSINE;NOT_ELIGIBILITY;NOT_USPS_VALIDITY;NO_INVENTORY
90602,EXACT_IMLS_OUTLET_ZIP,CA0154,002,,EXACT_OUTLET;TIE_FSCSKEY_SEQ,EXACT_OUTLET;NOT_USPS_VALIDITY;NO_INVENTORY
90603,EXACT_IMLS_OUTLET_ZIP,CA0154,003,,EXACT_OUTLET;TIE_FSCSKEY_SEQ,EXACT_OUTLET;NOT_USPS_VALIDITY;NO_INVENTORY
90604,EXACT_IMLS_OUTLET_ZIP,CA0062,063,,EXACT_OUTLET;TIE_FSCSKEY_SEQ,EXACT_OUTLET;NOT_USPS_VALIDITY;NO_INVENTORY
90605,ZCTA_NEAREST_ACTIVE_OUTLET,CA0154,002,2.711,ZCTA_NN;R6371;TIE_FIRST_LEX,ZCTA_NN_HAVERSINE;NOT_ELIGIBILITY;NOT_USPS_VALIDITY;NO_INVENTORY
90606,EXACT_IMLS_OUTLET_ZIP,CA0062,056,,EXACT_OUTLET;TIE_FSCSKEY_SEQ,EXACT_OUTLET;NOT_USPS_VALIDITY;NO_INVENTORY
90607,OBSERVED_REFERENCE_INDIRECT_ONLY,,,,INDIRECT_IMLS_SC;NO_FABRICATED_NEAREST,INDIRECT_IMLS_SC;NO_FABRICATED_NEAREST;NOT_REJECTED;NOT_USPS_VALIDITY;NO_INVENTORY
90608,OBSERVED_REFERENCE_INDIRECT_ONLY,,,,INDIRECT_IMLS_SC;NO_FABRICATED_NEAREST,INDIRECT_IMLS_SC;NO_FABRICATED_NEAREST;NOT_REJECTED;NOT_USPS_VALIDITY;NO_INVENTORY
90609,OBSERVED_REFERENCE_INDIRECT_ONLY,,,,INDIRECT_IMLS_SC;NO_FABRICATED_NEAREST,INDIRECT_IMLS_SC;NO_FABRICATED_NEAREST;NOT_REJECTED;NOT_USPS_VALIDITY;NO_INVENTORY
90620,EXACT_IMLS_OUTLET_ZIP,CA0014,002,,EXACT_OUTLET;TIE_FSCSKEY_SEQ,EXACT_OUTLET;NOT_USPS_VALIDITY;NO_INVENTORY
90621,ZCTA_NEAREST_ACTIVE_OUTLET,CA0014,002,3.381,ZCTA_NN;R6371;TIE_FIRST_LEX,ZCTA_NN_HAVERSINE;NOT_ELIGIBILITY;NOT_USPS_VALIDITY;NO_INVENTORY
90622,OBSERVED_REFERENCE_INDIRECT_ONLY,,,,INDIRECT_IMLS_SC;NO_FABRICATED_NEAREST,INDIRECT_IMLS_SC;NO_FABRICATED_NEAREST;NOT_REJECTED;NOT_USPS_VALIDITY;NO_INVENTORY
90623,EXACT_IMLS_OUTLET_ZIP,CA0084,017,,EXACT_OUTLET;TIE_FSCSKEY_SEQ,EXACT_OUTLET;NOT_USPS_VALIDITY;NO_INVENTORY
90630,EXACT_IMLS_OUTLET_ZIP,CA0084,006,,EXACT_OUTLET;TIE_FSCSKEY_SEQ,EXACT_OUTLET;NOT_USPS_VALIDITY;NO_INVENTORY
90631,EXACT_IMLS_OUTLET_ZIP,CA0084,016,,EXACT_OUTLET;TIE_FSCSKEY_SEQ,EXACT_OUTLET;NOT_USPS_VALIDITY;NO_INVENTORY
90632,OBSERVED_REFERENCE_INDIRECT_ONLY,,,,INDIRECT_IMLS_SC;NO_FABRICATED_NEAREST,INDIRECT_IMLS_SC;NO_FABRICATED_NEAREST;NOT_REJECTED;NOT_USPS_VALIDITY;NO_INVENTORY
90633,OBSERVED_REFERENCE_INDIRECT_ONLY,,,,INDIRECT_IMLS_SC;NO_FABRICATED_NEAREST,INDIRECT_IMLS_SC;NO_FABRICATED_NEAREST;NOT_REJECTED;NOT_USPS_VALIDITY;NO_INVENTORY
90637,OBSERVED_REFERENCE_INDIRECT_ONLY,,,,INDIRECT_IMLS_SC;NO_FABRICATED_NEAREST,INDIRECT_IMLS_SC;NO_FABRICATED_NEAREST;NOT_REJECTED;NOT_USPS_VALIDITY;NO_INVENTORY
90638,EXACT_IMLS_OUTLET_ZIP,CA0062,054,,EXACT_OUTLET;TIE_FSCSKEY_SEQ,EXACT_OUTLET;NOT_USPS_VALIDITY;NO_INVENTORY
90639,ZCTA_NEAREST_ACTIVE_OUTLET,CA0062,054,0.299,ZCTA_NN;R6371;TIE_FIRST_LEX,ZCTA_NN_HAVERSINE;NOT_ELIGIBILITY;NOT_USPS_VALIDITY;NO_INVENTORY
90640,EXACT_IMLS_OUTLET_ZIP,CA0062,065,,EXACT_OUTLET;TIE_FSCSKEY_SEQ,EXACT_OUTLET;NOT_USPS_VALIDITY;NO_INVENTORY
90650,EXACT_IMLS_OUTLET_ZIP,CA0062,047,,EXACT_OUTLET;TIE_FSCSKEY_SEQ,EXACT_OUTLET;NOT_USPS_VALIDITY;NO_INVENTORY
90651,OBSERVED_REFERENCE_INDIRECT_ONLY,,,,INDIRECT_IMLS_SC;NO_FABRICATED_NEAREST,INDIRECT_IMLS_SC;NO_FABRICATED_NEAREST;NOT_REJECTED;NOT_USPS_VALIDITY;NO_INVENTORY
90660,EXACT_IMLS_OUTLET_ZIP,CA0062,060,,EXACT_OUTLET;TIE_FSCSKEY_SEQ,EXACT_OUTLET;NOT_USPS_VALIDITY;NO_INVENTORY
90670,EXACT_IMLS_OUTLET_ZIP,CA0128,002,,EXACT_OUTLET;TIE_FSCSKEY_SEQ,EXACT_OUTLET;NOT_USPS_VALIDITY;NO_INVENTORY
90680,EXACT_IMLS_OUTLET_ZIP,CA0084,028,,EXACT_OUTLET;TIE_FSCSKEY_SEQ,EXACT_OUTLET;NOT_USPS_VALIDITY;NO_INVENTORY
90701,EXACT_IMLS_OUTLET_ZIP,CA0062,049,,EXACT_OUTLET;TIE_FSCSKEY_SEQ,EXACT_OUTLET;NOT_USPS_VALIDITY;NO_INVENTORY
90702,OBSERVED_REFERENCE_INDIRECT_ONLY,,,,INDIRECT_IMLS_SC;NO_FABRICATED_NEAREST,INDIRECT_IMLS_SC;NO_FABRICATED_NEAREST;NOT_REJECTED;NOT_USPS_VALIDITY;NO_INVENTORY
90703,EXACT_IMLS_OUTLET_ZIP,CA0022,002,,EXACT_OUTLET;TIE_FSCSKEY_SEQ,EXACT_OUTLET;NOT_USPS_VALIDITY;NO_INVENTORY
90704,EXACT_IMLS_OUTLET_ZIP,CA0062,016,,EXACT_OUTLET;TIE_FSCSKEY_SEQ,EXACT_OUTLET;NOT_USPS_VALIDITY;NO_INVENTORY
90706,EXACT_IMLS_OUTLET_ZIP,CA0062,050,,EXACT_OUTLET;TIE_FSCSKEY_SEQ,EXACT_OUTLET;NOT_USPS_VALIDITY;NO_INVENTORY
90707,OBSERVED_REFERENCE_INDIRECT_ONLY,,,,INDIRECT_IMLS_SC;NO_FABRICATED_NEAREST,INDIRECT_IMLS_SC;NO_FABRICATED_NEAREST;NOT_REJECTED;NOT_USPS_VALIDITY;NO_INVENTORY
90710,EXACT_IMLS_OUTLET_ZIP,CA0063,074,,EXACT_OUTLET;TIE_FSCSKEY_SEQ,EXACT_OUTLET;NOT_USPS_VALIDITY;NO_INVENTORY
90712,EXACT_IMLS_OUTLET_ZIP,CA0062,048,,EXACT_OUTLET;TIE_FSCSKEY_SEQ,EXACT_OUTLET;NOT_USPS_VALIDITY;NO_INVENTORY
90713,EXACT_IMLS_OUTLET_ZIP,CA0062,051,,EXACT_OUTLET;TIE_FSCSKEY_SEQ,EXACT_OUTLET;NOT_USPS_VALIDITY;NO_INVENTORY
90714,OBSERVED_REFERENCE_INDIRECT_ONLY,,,,INDIRECT_IMLS_SC;NO_FABRICATED_NEAREST,INDIRECT_IMLS_SC;NO_FABRICATED_NEAREST;NOT_REJECTED;NOT_USPS_VALIDITY;NO_INVENTORY
90715,ZCTA_NEAREST_ACTIVE_OUTLET,CA0062,052,1.078,ZCTA_NN;R6371;TIE_FIRST_LEX,ZCTA_NN_HAVERSINE;NOT_ELIGIBILITY;NOT_USPS_VALIDITY;NO_INVENTORY
90716,EXACT_IMLS_OUTLET_ZIP,CA0062,052,,EXACT_OUTLET;TIE_FSCSKEY_SEQ,EXACT_OUTLET;NOT_USPS_VALIDITY;NO_INVENTORY
90717,EXACT_IMLS_OUTLET_ZIP,CA0062,024,,EXACT_OUTLET;TIE_FSCSKEY_SEQ,EXACT_OUTLET;NOT_USPS_VALIDITY;NO_INVENTORY
90720,ZCTA_NEAREST_ACTIVE_OUTLET,CA0084,018,2.017,ZCTA_NN;R6371;TIE_FIRST_LEX,ZCTA_NN_HAVERSINE;NOT_ELIGIBILITY;NOT_USPS_VALIDITY;NO_INVENTORY
90721,OBSERVED_REFERENCE_INDIRECT_ONLY,,,,INDIRECT_IMLS_SC;NO_FABRICATED_NEAREST,INDIRECT_IMLS_SC;NO_FABRICATED_NEAREST;NOT_REJECTED;NOT_USPS_VALIDITY;NO_INVENTORY
90723,EXACT_IMLS_OUTLET_ZIP,CA0062,059,,EXACT_OUTLET;TIE_FSCSKEY_SEQ,EXACT_OUTLET;NOT_USPS_VALIDITY;NO_INVENTORY
90731,EXACT_IMLS_OUTLET_ZIP,CA0063,045,,EXACT_OUTLET;TIE_FSCSKEY_SEQ,EXACT_OUTLET;NOT_USPS_VALIDITY;NO_INVENTORY
90732,ZCTA_NEAREST_ACTIVE_OUTLET,CA0063,045,1.957,ZCTA_NN;R6371;TIE_FIRST_LEX,ZCTA_NN_HAVERSINE;NOT_ELIGIBILITY;NOT_USPS_VALIDITY;NO_INVENTORY
90733,OBSERVED_REFERENCE_INDIRECT_ONLY,,,,INDIRECT_IMLS_SC;NO_FABRICATED_NEAREST,INDIRECT_IMLS_SC;NO_FABRICATED_NEAREST;NOT_REJECTED;NOT_USPS_VALIDITY;NO_INVENTORY
90734,OBSERVED_REFERENCE_INDIRECT_ONLY,,,,INDIRECT_IMLS_SC;NO_FABRICATED_NEAREST,INDIRECT_IMLS_SC;NO_FABRICATED_NEAREST;NOT_REJECTED;NOT_USPS_VALIDITY;NO_INVENTORY
90740,EXACT_IMLS_OUTLET_ZIP,CA0084,018,,EXACT_OUTLET;TIE_FSCSKEY_SEQ,EXACT_OUTLET;NOT_USPS_VALIDITY;NO_INVENTORY
90742,ZCTA_NEAREST_ACTIVE_OUTLET,CA0046,005,3.987,ZCTA_NN;R6371;TIE_FIRST_LEX,ZCTA_NN_HAVERSINE;NOT_ELIGIBILITY;NOT_USPS_VALIDITY;NO_INVENTORY
90743,ZCTA_NEAREST_ACTIVE_OUTLET,CA0084,023,1.949,ZCTA_NN;R6371;TIE_FIRST_LEX,ZCTA_NN_HAVERSINE;NOT_ELIGIBILITY;NOT_USPS_VALIDITY;NO_INVENTORY
90744,EXACT_IMLS_OUTLET_ZIP,CA0063,062,,EXACT_OUTLET;TIE_FSCSKEY_SEQ,EXACT_OUTLET;NOT_USPS_VALIDITY;NO_INVENTORY
90745,EXACT_IMLS_OUTLET_ZIP,CA0062,017,,EXACT_OUTLET;TIE_FSCSKEY_SEQ,EXACT_OUTLET;NOT_USPS_VALIDITY;NO_INVENTORY
90746,EXACT_IMLS_OUTLET_ZIP,CA0062,028,,EXACT_OUTLET;TIE_FSCSKEY_SEQ,EXACT_OUTLET;NOT_USPS_VALIDITY;NO_INVENTORY
90747,ZCTA_NEAREST_ACTIVE_OUTLET,CA0062,028,1.421,ZCTA_NN;R6371;TIE_FIRST_LEX,ZCTA_NN_HAVERSINE;NOT_ELIGIBILITY;NOT_USPS_VALIDITY;NO_INVENTORY
90748,OBSERVED_REFERENCE_INDIRECT_ONLY,,,,INDIRECT_IMLS_SC;NO_FABRICATED_NEAREST,INDIRECT_IMLS_SC;NO_FABRICATED_NEAREST;NOT_REJECTED;NOT_USPS_VALIDITY;NO_INVENTORY
90749,OBSERVED_REFERENCE_INDIRECT_ONLY,,,,INDIRECT_IMLS_SC;NO_FABRICATED_NEAREST,INDIRECT_IMLS_SC;NO_FABRICATED_NEAREST;NOT_REJECTED;NOT_USPS_VALIDITY;NO_INVENTORY
90755,EXACT_IMLS_OUTLET_ZIP,CA0166,002,,EXACT_OUTLET;TIE_FSCSKEY_SEQ,EXACT_OUTLET;NOT_USPS_VALIDITY;NO_INVENTORY
90801,OBSERVED_REFERENCE_INDIRECT_ONLY,,,,INDIRECT_IMLS_SC;NO_FABRICATED_NEAREST,INDIRECT_IMLS_SC;NO_FABRICATED_NEAREST;NOT_REJECTED;NOT_USPS_VALIDITY;NO_INVENTORY
90802,EXACT_IMLS_OUTLET_ZIP,CA0061,002,,EXACT_OUTLET;TIE_FSCSKEY_SEQ,EXACT_OUTLET;NOT_USPS_VALIDITY;NO_INVENTORY
90803,EXACT_IMLS_OUTLET_ZIP,CA0061,005,,EXACT_OUTLET;TIE_FSCSKEY_SEQ,EXACT_OUTLET;NOT_USPS_VALIDITY;NO_INVENTORY
90804,EXACT_IMLS_OUTLET_ZIP,CA0061,006,,EXACT_OUTLET;TIE_FSCSKEY_SEQ,EXACT_OUTLET;NOT_USPS_VALIDITY;NO_INVENTORY
90805,EXACT_IMLS_OUTLET_ZIP,CA0061,017,,EXACT_OUTLET;TIE_FSCSKEY_SEQ,EXACT_OUTLET;NOT_USPS_VALIDITY;NO_INVENTORY
90806,EXACT_IMLS_OUTLET_ZIP,CA0061,007,,EXACT_OUTLET;TIE_FSCSKEY_SEQ,EXACT_OUTLET;NOT_USPS_VALIDITY;NO_INVENTORY
90807,EXACT_IMLS_OUTLET_ZIP,CA0061,008,,EXACT_OUTLET;TIE_FSCSKEY_SEQ,EXACT_OUTLET;NOT_USPS_VALIDITY;NO_INVENTORY
90808,EXACT_IMLS_OUTLET_ZIP,CA0061,004,,EXACT_OUTLET;TIE_FSCSKEY_SEQ,EXACT_OUTLET;NOT_USPS_VALIDITY;NO_INVENTORY
90809,OBSERVED_REFERENCE_INDIRECT_ONLY,,,,INDIRECT_IMLS_SC;NO_FABRICATED_NEAREST,INDIRECT_IMLS_SC;NO_FABRICATED_NEAREST;NOT_REJECTED;NOT_USPS_VALIDITY;NO_INVENTORY
90810,EXACT_IMLS_OUTLET_ZIP,CA0061,010,,EXACT_OUTLET;TIE_FSCSKEY_SEQ,EXACT_OUTLET;NOT_USPS_VALIDITY;NO_INVENTORY
90813,EXACT_IMLS_OUTLET_ZIP,CA0061,012,,EXACT_OUTLET;TIE_FSCSKEY_SEQ,EXACT_OUTLET;NOT_USPS_VALIDITY;NO_INVENTORY
90814,ZCTA_NEAREST_ACTIVE_OUTLET,CA0061,006,1.231,ZCTA_NN;R6371;TIE_FIRST_LEX,ZCTA_NN_HAVERSINE;NOT_ELIGIBILITY;NOT_USPS_VALIDITY;NO_INVENTORY
90815,EXACT_IMLS_OUTLET_ZIP,CA0061,009,,EXACT_OUTLET;TIE_FSCSKEY_SEQ,EXACT_OUTLET;NOT_USPS_VALIDITY;NO_INVENTORY
90822,ZCTA_NEAREST_ACTIVE_OUTLET,CA0061,011,1.713,ZCTA_NN;R6371;TIE_FIRST_LEX,ZCTA_NN_HAVERSINE;NOT_ELIGIBILITY;NOT_USPS_VALIDITY;NO_INVENTORY
90831,ZCTA_NEAREST_ACTIVE_OUTLET,CA0230,003,0.300,ZCTA_NN;R6371;TIE_FIRST_LEX,ZCTA_NN_HAVERSINE;NOT_ELIGIBILITY;NOT_USPS_VALIDITY;NO_INVENTORY
90840,ZCTA_NEAREST_ACTIVE_OUTLET,CA0061,011,1.001,ZCTA_NN;R6371;TIE_FIRST_LEX,ZCTA_NN_HAVERSINE;NOT_ELIGIBILITY;NOT_USPS_VALIDITY;NO_INVENTORY
90853,OBSERVED_REFERENCE_INDIRECT_ONLY,,,,INDIRECT_IMLS_SC;NO_FABRICATED_NEAREST,INDIRECT_IMLS_SC;NO_FABRICATED_NEAREST;NOT_REJECTED;NOT_USPS_VALIDITY;NO_INVENTORY
90895,OBSERVED_REFERENCE_INDIRECT_ONLY,,,,INDIRECT_IMLS_SC;NO_FABRICATED_NEAREST,INDIRECT_IMLS_SC;NO_FABRICATED_NEAREST;NOT_REJECTED;NOT_USPS_VALIDITY;NO_INVENTORY
91001,EXACT_IMLS_OUTLET_ZIP,CA0005,002,,EXACT_OUTLET;TIE_FSCSKEY_SEQ,EXACT_OUTLET;NOT_USPS_VALIDITY;NO_INVENTORY
91003,OBSERVED_REFERENCE_INDIRECT_ONLY,,,,INDIRECT_IMLS_SC;NO_FABRICATED_NEAREST,INDIRECT_IMLS_SC;NO_FABRICATED_NEAREST;NOT_REJECTED;NOT_USPS_VALIDITY;NO_INVENTORY
91006,EXACT_IMLS_OUTLET_ZIP,CA0008,002,,EXACT_OUTLET;TIE_FSCSKEY_SEQ,EXACT_OUTLET;NOT_USPS_VALIDITY;NO_INVENTORY
91007,ZCTA_NEAREST_ACTIVE_OUTLET,CA0008,002,1.413,ZCTA_NN;R6371;TIE_FIRST_LEX,ZCTA_NN_HAVERSINE;NOT_ELIGIBILITY;NOT_USPS_VALIDITY;NO_INVENTORY
91008,ZCTA_NEAREST_ACTIVE_OUTLET,CA0062,083,1.855,ZCTA_NN;R6371;TIE_FIRST_LEX,ZCTA_NN_HAVERSINE;NOT_ELIGIBILITY;NOT_USPS_VALIDITY;NO_INVENTORY
91009,OBSERVED_REFERENCE_INDIRECT_ONLY,,,,INDIRECT_IMLS_SC;NO_FABRICATED_NEAREST,INDIRECT_IMLS_SC;NO_FABRICATED_NEAREST;NOT_REJECTED;NOT_USPS_VALIDITY;NO_INVENTORY
91010,EXACT_IMLS_OUTLET_ZIP,CA0062,083,,EXACT_OUTLET;TIE_FSCSKEY_SEQ,EXACT_OUTLET;NOT_USPS_VALIDITY;NO_INVENTORY
91011,EXACT_IMLS_OUTLET_ZIP,CA0062,004,,EXACT_OUTLET;TIE_FSCSKEY_SEQ,EXACT_OUTLET;NOT_USPS_VALIDITY;NO_INVENTORY
91012,OBSERVED_REFERENCE_INDIRECT_ONLY,,,,INDIRECT_IMLS_SC;NO_FABRICATED_NEAREST,INDIRECT_IMLS_SC;NO_FABRICATED_NEAREST;NOT_REJECTED;NOT_USPS_VALIDITY;NO_INVENTORY
91016,EXACT_IMLS_OUTLET_ZIP,CA0072,002,,EXACT_OUTLET;TIE_FSCSKEY_SEQ,EXACT_OUTLET;NOT_USPS_VALIDITY;NO_INVENTORY
91017,OBSERVED_REFERENCE_INDIRECT_ONLY,,,,INDIRECT_IMLS_SC;NO_FABRICATED_NEAREST,INDIRECT_IMLS_SC;NO_FABRICATED_NEAREST;NOT_REJECTED;NOT_USPS_VALIDITY;NO_INVENTORY
91020,EXACT_IMLS_OUTLET_ZIP,CA0042,004,,EXACT_OUTLET;TIE_FSCSKEY_SEQ,EXACT_OUTLET;NOT_USPS_VALIDITY;NO_INVENTORY
91021,OBSERVED_REFERENCE_INDIRECT_ONLY,,,,INDIRECT_IMLS_SC;NO_FABRICATED_NEAREST,INDIRECT_IMLS_SC;NO_FABRICATED_NEAREST;NOT_REJECTED;NOT_USPS_VALIDITY;NO_INVENTORY
91024,EXACT_IMLS_OUTLET_ZIP,CA0134,002,,EXACT_OUTLET;TIE_FSCSKEY_SEQ,EXACT_OUTLET;NOT_USPS_VALIDITY;NO_INVENTORY
91025,OBSERVED_REFERENCE_INDIRECT_ONLY,,,,INDIRECT_IMLS_SC;NO_FABRICATED_NEAREST,INDIRECT_IMLS_SC;NO_FABRICATED_NEAREST;NOT_REJECTED;NOT_USPS_VALIDITY;NO_INVENTORY
91030,EXACT_IMLS_OUTLET_ZIP,CA0138,002,,EXACT_OUTLET;TIE_FSCSKEY_SEQ,EXACT_OUTLET;NOT_USPS_VALIDITY;NO_INVENTORY
91031,OBSERVED_REFERENCE_INDIRECT_ONLY,,,,INDIRECT_IMLS_SC;NO_FABRICATED_NEAREST,INDIRECT_IMLS_SC;NO_FABRICATED_NEAREST;NOT_REJECTED;NOT_USPS_VALIDITY;NO_INVENTORY
91040,ZCTA_NEAREST_ACTIVE_OUTLET,CA0063,049,3.388,ZCTA_NN;R6371;TIE_FIRST_LEX,ZCTA_NN_HAVERSINE;NOT_ELIGIBILITY;NOT_USPS_VALIDITY;NO_INVENTORY
91041,OBSERVED_REFERENCE_INDIRECT_ONLY,,,,INDIRECT_IMLS_SC;NO_FABRICATED_NEAREST,INDIRECT_IMLS_SC;NO_FABRICATED_NEAREST;NOT_REJECTED;NOT_USPS_VALIDITY;NO_INVENTORY
91042,EXACT_IMLS_OUTLET_ZIP,CA0063,049,,EXACT_OUTLET;TIE_FSCSKEY_SEQ,EXACT_OUTLET;NOT_USPS_VALIDITY;NO_INVENTORY
91043,OBSERVED_REFERENCE_INDIRECT_ONLY,,,,INDIRECT_IMLS_SC;NO_FABRICATED_NEAREST,INDIRECT_IMLS_SC;NO_FABRICATED_NEAREST;NOT_REJECTED;NOT_USPS_VALIDITY;NO_INVENTORY
91046,ZCTA_NEAREST_ACTIVE_OUTLET,CA0042,004,0.876,ZCTA_NN;R6371;TIE_FIRST_LEX,ZCTA_NN_HAVERSINE;NOT_ELIGIBILITY;NOT_USPS_VALIDITY;NO_INVENTORY
91066,OBSERVED_REFERENCE_INDIRECT_ONLY,,,,INDIRECT_IMLS_SC;NO_FABRICATED_NEAREST,INDIRECT_IMLS_SC;NO_FABRICATED_NEAREST;NOT_REJECTED;NOT_USPS_VALIDITY;NO_INVENTORY
91101,EXACT_IMLS_OUTLET_ZIP,CA0094,012,,EXACT_OUTLET;TIE_FSCSKEY_SEQ,EXACT_OUTLET;NOT_USPS_VALIDITY;NO_INVENTORY
91102,OBSERVED_REFERENCE_INDIRECT_ONLY,,,,INDIRECT_IMLS_SC;NO_FABRICATED_NEAREST,INDIRECT_IMLS_SC;NO_FABRICATED_NEAREST;NOT_REJECTED;NOT_USPS_VALIDITY;NO_INVENTORY
91103,EXACT_IMLS_OUTLET_ZIP,CA0094,007,,EXACT_OUTLET;TIE_FSCSKEY_SEQ,EXACT_OUTLET;NOT_USPS_VALIDITY;NO_INVENTORY
91104,EXACT_IMLS_OUTLET_ZIP,CA0094,010,,EXACT_OUTLET;TIE_FSCSKEY_SEQ,EXACT_OUTLET;NOT_USPS_VALIDITY;NO_INVENTORY
91105,EXACT_IMLS_OUTLET_ZIP,CA0094,009,,EXACT_OUTLET;TIE_FSCSKEY_SEQ,EXACT_OUTLET;NOT_USPS_VALIDITY;NO_INVENTORY
91106,EXACT_IMLS_OUTLET_ZIP,CA0094,003,,EXACT_OUTLET;TIE_FSCSKEY_SEQ,EXACT_OUTLET;NOT_USPS_VALIDITY;NO_INVENTORY
91107,EXACT_IMLS_OUTLET_ZIP,CA0094,004,,EXACT_OUTLET;TIE_FSCSKEY_SEQ,EXACT_OUTLET;NOT_USPS_VALIDITY;NO_INVENTORY
91108,EXACT_IMLS_OUTLET_ZIP,CA0119,002,,EXACT_OUTLET;TIE_FSCSKEY_SEQ,EXACT_OUTLET;NOT_USPS_VALIDITY;NO_INVENTORY
91109,OBSERVED_REFERENCE_INDIRECT_ONLY,,,,INDIRECT_IMLS_SC;NO_FABRICATED_NEAREST,INDIRECT_IMLS_SC;NO_FABRICATED_NEAREST;NOT_REJECTED;NOT_USPS_VALIDITY;NO_INVENTORY
91117,OBSERVED_REFERENCE_INDIRECT_ONLY,,,,INDIRECT_IMLS_SC;NO_FABRICATED_NEAREST,INDIRECT_IMLS_SC;NO_FABRICATED_NEAREST;NOT_REJECTED;NOT_USPS_VALIDITY;NO_INVENTORY
91118,OBSERVED_REFERENCE_INDIRECT_ONLY,,,,INDIRECT_IMLS_SC;NO_FABRICATED_NEAREST,INDIRECT_IMLS_SC;NO_FABRICATED_NEAREST;NOT_REJECTED;NOT_USPS_VALIDITY;NO_INVENTORY
91124,OBSERVED_REFERENCE_INDIRECT_ONLY,,,,INDIRECT_IMLS_SC;NO_FABRICATED_NEAREST,INDIRECT_IMLS_SC;NO_FABRICATED_NEAREST;NOT_REJECTED;NOT_USPS_VALIDITY;NO_INVENTORY
91125,ZCTA_NEAREST_ACTIVE_OUTLET,CA0094,005,0.891,ZCTA_NN;R6371;TIE_FIRST_LEX,ZCTA_NN_HAVERSINE;NOT_ELIGIBILITY;NOT_USPS_VALIDITY;NO_INVENTORY
91182,OBSERVED_REFERENCE_INDIRECT_ONLY,,,,INDIRECT_IMLS_SC;NO_FABRICATED_NEAREST,INDIRECT_IMLS_SC;NO_FABRICATED_NEAREST;NOT_REJECTED;NOT_USPS_VALIDITY;NO_INVENTORY
91188,OBSERVED_REFERENCE_INDIRECT_ONLY,,,,INDIRECT_IMLS_SC;NO_FABRICATED_NEAREST,INDIRECT_IMLS_SC;NO_FABRICATED_NEAREST;NOT_REJECTED;NOT_USPS_VALIDITY;NO_INVENTORY
91201,EXACT_IMLS_OUTLET_ZIP,CA0042,003,,EXACT_OUTLET;TIE_FSCSKEY_SEQ,EXACT_OUTLET;NOT_USPS_VALIDITY;NO_INVENTORY
91202,EXACT_IMLS_OUTLET_ZIP,CA0042,005,,EXACT_OUTLET;TIE_FSCSKEY_SEQ,EXACT_OUTLET;NOT_USPS_VALIDITY;NO_INVENTORY
91203,ZCTA_NEAREST_ACTIVE_OUTLET,CA0042,005,1.317,ZCTA_NN;R6371;TIE_FIRST_LEX,ZCTA_NN_HAVERSINE;NOT_ELIGIBILITY;NOT_USPS_VALIDITY;NO_INVENTORY
91204,EXACT_IMLS_OUTLET_ZIP,CA0042,009,,EXACT_OUTLET;TIE_FSCSKEY_SEQ,EXACT_OUTLET;NOT_USPS_VALIDITY;NO_INVENTORY
91205,EXACT_IMLS_OUTLET_ZIP,CA0042,002,,EXACT_OUTLET;TIE_FSCSKEY_SEQ,EXACT_OUTLET;NOT_USPS_VALIDITY;NO_INVENTORY
91206,EXACT_IMLS_OUTLET_ZIP,CA0042,007,,EXACT_OUTLET;TIE_FSCSKEY_SEQ,EXACT_OUTLET;NOT_USPS_VALIDITY;NO_INVENTORY
91207,ZCTA_NEAREST_ACTIVE_OUTLET,CA0042,005,1.129,ZCTA_NN;R6371;TIE_FIRST_LEX,ZCTA_NN_HAVERSINE;NOT_ELIGIBILITY;NOT_USPS_VALIDITY;NO_INVENTORY
91208,ZCTA_NEAREST_ACTIVE_OUTLET,CA0042,004,2.479,ZCTA_NN;R6371;TIE_FIRST_LEX,ZCTA_NN_HAVERSINE;NOT_ELIGIBILITY;NOT_USPS_VALIDITY;NO_INVENTORY
91209,OBSERVED_REFERENCE_INDIRECT_ONLY,,,,INDIRECT_IMLS_SC;NO_FABRICATED_NEAREST,INDIRECT_IMLS_SC;NO_FABRICATED_NEAREST;NOT_REJECTED;NOT_USPS_VALIDITY;NO_INVENTORY
91210,ZCTA_NEAREST_ACTIVE_OUTLET,CA0042,002,0.445,ZCTA_NN;R6371;TIE_FIRST_LEX,ZCTA_NN_HAVERSINE;NOT_ELIGIBILITY;NOT_USPS_VALIDITY;NO_INVENTORY
91214,EXACT_IMLS_OUTLET_ZIP,CA0062,005,,EXACT_OUTLET;TIE_FSCSKEY_SEQ,EXACT_OUTLET;NOT_USPS_VALIDITY;NO_INVENTORY
91221,OBSERVED_REFERENCE_INDIRECT_ONLY,,,,INDIRECT_IMLS_SC;NO_FABRICATED_NEAREST,INDIRECT_IMLS_SC;NO_FABRICATED_NEAREST;NOT_REJECTED;NOT_USPS_VALIDITY;NO_INVENTORY
91222,OBSERVED_REFERENCE_INDIRECT_ONLY,,,,INDIRECT_IMLS_SC;NO_FABRICATED_NEAREST,INDIRECT_IMLS_SC;NO_FABRICATED_NEAREST;NOT_REJECTED;NOT_USPS_VALIDITY;NO_INVENTORY
91224,OBSERVED_REFERENCE_INDIRECT_ONLY,,,,INDIRECT_IMLS_SC;NO_FABRICATED_NEAREST,INDIRECT_IMLS_SC;NO_FABRICATED_NEAREST;NOT_REJECTED;NOT_USPS_VALIDITY;NO_INVENTORY
91225,OBSERVED_REFERENCE_INDIRECT_ONLY,,,,INDIRECT_IMLS_SC;NO_FABRICATED_NEAREST,INDIRECT_IMLS_SC;NO_FABRICATED_NEAREST;NOT_REJECTED;NOT_USPS_VALIDITY;NO_INVENTORY
91226,OBSERVED_REFERENCE_INDIRECT_ONLY,,,,INDIRECT_IMLS_SC;NO_FABRICATED_NEAREST,INDIRECT_IMLS_SC;NO_FABRICATED_NEAREST;NOT_REJECTED;NOT_USPS_VALIDITY;NO_INVENTORY
91301,EXACT_IMLS_OUTLET_ZIP,CA0062,007,,EXACT_OUTLET;TIE_FSCSKEY_SEQ,EXACT_OUTLET;NOT_USPS_VALIDITY;NO_INVENTORY
91302,EXACT_IMLS_OUTLET_ZIP,CA0201,001,,EXACT_OUTLET;TIE_FSCSKEY_SEQ,EXACT_OUTLET;NOT_USPS_VALIDITY;NO_INVENTORY
91303,EXACT_IMLS_OUTLET_ZIP,CA0063,011,,EXACT_OUTLET;TIE_FSCSKEY_SEQ,EXACT_OUTLET;NOT_USPS_VALIDITY;NO_INVENTORY
91304,ZCTA_NEAREST_ACTIVE_OUTLET,CA0063,068,4.596,ZCTA_NN;R6371;TIE_FIRST_LEX,ZCTA_NN_HAVERSINE;NOT_ELIGIBILITY;NOT_USPS_VALIDITY;NO_INVENTORY
91305,OBSERVED_REFERENCE_INDIRECT_ONLY,,,,INDIRECT_IMLS_SC;NO_FABRICATED_NEAREST,INDIRECT_IMLS_SC;NO_FABRICATED_NEAREST;NOT_REJECTED;NOT_USPS_VALIDITY;NO_INVENTORY
91306,ZCTA_NEAREST_ACTIVE_OUTLET,CA0063,011,1.461,ZCTA_NN;R6371;TIE_FIRST_LEX,ZCTA_NN_HAVERSINE;NOT_ELIGIBILITY;NOT_USPS_VALIDITY;NO_INVENTORY
91307,ZCTA_NEAREST_ACTIVE_OUTLET,CA0063,068,2.669,ZCTA_NN;R6371;TIE_FIRST_LEX,ZCTA_NN_HAVERSINE;NOT_ELIGIBILITY;NOT_USPS_VALIDITY;NO_INVENTORY
91308,OBSERVED_REFERENCE_INDIRECT_ONLY,,,,INDIRECT_IMLS_SC;NO_FABRICATED_NEAREST,INDIRECT_IMLS_SC;NO_FABRICATED_NEAREST;NOT_REJECTED;NOT_USPS_VALIDITY;NO_INVENTORY
91309,OBSERVED_REFERENCE_INDIRECT_ONLY,,,,INDIRECT_IMLS_SC;NO_FABRICATED_NEAREST,INDIRECT_IMLS_SC;NO_FABRICATED_NEAREST;NOT_REJECTED;NOT_USPS_VALIDITY;NO_INVENTORY
91310,OBSERVED_REFERENCE_INDIRECT_ONLY,,,,INDIRECT_IMLS_SC;NO_FABRICATED_NEAREST,INDIRECT_IMLS_SC;NO_FABRICATED_NEAREST;NOT_REJECTED;NOT_USPS_VALIDITY;NO_INVENTORY
91311,EXACT_IMLS_OUTLET_ZIP,CA0063,012,,EXACT_OUTLET;TIE_FSCSKEY_SEQ,EXACT_OUTLET;NOT_USPS_VALIDITY;NO_INVENTORY
91313,OBSERVED_REFERENCE_INDIRECT_ONLY,,,,INDIRECT_IMLS_SC;NO_FABRICATED_NEAREST,INDIRECT_IMLS_SC;NO_FABRICATED_NEAREST;NOT_REJECTED;NOT_USPS_VALIDITY;NO_INVENTORY
91316,ZCTA_NEAREST_ACTIVE_OUTLET,CA0063,018,1.517,ZCTA_NN;R6371;TIE_FIRST_LEX,ZCTA_NN_HAVERSINE;NOT_ELIGIBILITY;NOT_USPS_VALIDITY;NO_INVENTORY
91319,OBSERVED_REFERENCE_INDIRECT_ONLY,,,,INDIRECT_IMLS_SC;NO_FABRICATED_NEAREST,INDIRECT_IMLS_SC;NO_FABRICATED_NEAREST;NOT_REJECTED;NOT_USPS_VALIDITY;NO_INVENTORY
91320,EXACT_IMLS_OUTLET_ZIP,CA0169,004,,EXACT_OUTLET;TIE_FSCSKEY_SEQ,EXACT_OUTLET;NOT_USPS_VALIDITY;NO_INVENTORY
91321,EXACT_IMLS_OUTLET_ZIP,CA0210,002,,EXACT_OUTLET;TIE_FSCSKEY_SEQ,EXACT_OUTLET;NOT_USPS_VALIDITY;NO_INVENTORY
91322,OBSERVED_REFERENCE_INDIRECT_ONLY,,,,INDIRECT_IMLS_SC;NO_FABRICATED_NEAREST,INDIRECT_IMLS_SC;NO_FABRICATED_NEAREST;NOT_REJECTED;NOT_USPS_VALIDITY;NO_INVENTORY
91324,ZCTA_NEAREST_ACTIVE_OUTLET,CA0063,037,1.547,ZCTA_NN;R6371;TIE_FIRST_LEX,ZCTA_NN_HAVERSINE;NOT_ELIGIBILITY;NOT_USPS_VALIDITY;NO_INVENTORY
91325,EXACT_IMLS_OUTLET_ZIP,CA0063,037,,EXACT_OUTLET;TIE_FSCSKEY_SEQ,EXACT_OUTLET;NOT_USPS_VALIDITY;NO_INVENTORY
91326,EXACT_IMLS_OUTLET_ZIP,CA0063,069,,EXACT_OUTLET;TIE_FSCSKEY_SEQ,EXACT_OUTLET;NOT_USPS_VALIDITY;NO_INVENTORY
91327,OBSERVED_REFERENCE_INDIRECT_ONLY,,,,INDIRECT_IMLS_SC;NO_FABRICATED_NEAREST,INDIRECT_IMLS_SC;NO_FABRICATED_NEAREST;NOT_REJECTED;NOT_USPS_VALIDITY;NO_INVENTORY
91328,OBSERVED_REFERENCE_INDIRECT_ONLY,,,,INDIRECT_IMLS_SC;NO_FABRICATED_NEAREST,INDIRECT_IMLS_SC;NO_FABRICATED_NEAREST;NOT_REJECTED;NOT_USPS_VALIDITY;NO_INVENTORY
91329,OBSERVED_REFERENCE_INDIRECT_ONLY,,,,INDIRECT_IMLS_SC;NO_FABRICATED_NEAREST,INDIRECT_IMLS_SC;NO_FABRICATED_NEAREST;NOT_REJECTED;NOT_USPS_VALIDITY;NO_INVENTORY
91330,ZCTA_NEAREST_ACTIVE_OUTLET,CA0063,037,1.233,ZCTA_NN;R6371;TIE_FIRST_LEX,ZCTA_NN_HAVERSINE;NOT_ELIGIBILITY;NOT_USPS_VALIDITY;NO_INVENTORY
91331,EXACT_IMLS_OUTLET_ZIP,CA0063,038,,EXACT_OUTLET;TIE_FSCSKEY_SEQ,EXACT_OUTLET;NOT_USPS_VALIDITY;NO_INVENTORY
91335,EXACT_IMLS_OUTLET_ZIP,CA0063,060,,EXACT_OUTLET;TIE_FSCSKEY_SEQ,EXACT_OUTLET;NOT_USPS_VALIDITY;NO_INVENTORY
91337,OBSERVED_REFERENCE_INDIRECT_ONLY,,,,INDIRECT_IMLS_SC;NO_FABRICATED_NEAREST,INDIRECT_IMLS_SC;NO_FABRICATED_NEAREST;NOT_REJECTED;NOT_USPS_VALIDITY;NO_INVENTORY
91340,EXACT_IMLS_OUTLET_ZIP,CA0062,013,,EXACT_OUTLET;TIE_FSCSKEY_SEQ,EXACT_OUTLET;NOT_USPS_VALIDITY;NO_INVENTORY
91341,OBSERVED_REFERENCE_INDIRECT_ONLY,,,,INDIRECT_IMLS_SC;NO_FABRICATED_NEAREST,INDIRECT_IMLS_SC;NO_FABRICATED_NEAREST;NOT_REJECTED;NOT_USPS_VALIDITY;NO_INVENTORY
91342,EXACT_IMLS_OUTLET_ZIP,CA0063,050,,EXACT_OUTLET;TIE_FSCSKEY_SEQ,EXACT_OUTLET;NOT_USPS_VALIDITY;NO_INVENTORY
91343,EXACT_IMLS_OUTLET_ZIP,CA0063,070,,EXACT_OUTLET;TIE_FSCSKEY_SEQ,EXACT_OUTLET;NOT_USPS_VALIDITY;NO_INVENTORY
91344,EXACT_IMLS_OUTLET_ZIP,CA0063,023,,EXACT_OUTLET;TIE_FSCSKEY_SEQ,EXACT_OUTLET;NOT_USPS_VALIDITY;NO_INVENTORY
91345,ZCTA_NEAREST_ACTIVE_OUTLET,CA0063,038,2.600,ZCTA_NN;R6371;TIE_FIRST_LEX,ZCTA_NN_HAVERSINE;NOT_ELIGIBILITY;NOT_USPS_VALIDITY;NO_INVENTORY
91346,OBSERVED_REFERENCE_INDIRECT_ONLY,,,,INDIRECT_IMLS_SC;NO_FABRICATED_NEAREST,INDIRECT_IMLS_SC;NO_FABRICATED_NEAREST;NOT_REJECTED;NOT_USPS_VALIDITY;NO_INVENTORY
91350,ZCTA_NEAREST_ACTIVE_OUTLET,CA0210,001,4.277,ZCTA_NN;R6371;TIE_FIRST_LEX,ZCTA_NN_HAVERSINE;NOT_ELIGIBILITY;NOT_USPS_VALIDITY;NO_INVENTORY
91351,EXACT_IMLS_OUTLET_ZIP,CA0210,001,,EXACT_OUTLET;TIE_FSCSKEY_SEQ,EXACT_OUTLET;NOT_USPS_VALIDITY;NO_INVENTORY
91352,EXACT_IMLS_OUTLET_ZIP,CA0063,048,,EXACT_OUTLET;TIE_FSCSKEY_SEQ,EXACT_OUTLET;NOT_USPS_VALIDITY;NO_INVENTORY
91353,OBSERVED_REFERENCE_INDIRECT_ONLY,,,,INDIRECT_IMLS_SC;NO_FABRICATED_NEAREST,INDIRECT_IMLS_SC;NO_FABRICATED_NEAREST;NOT_REJECTED;NOT_USPS_VALIDITY;NO_INVENTORY
91354,ZCTA_NEAREST_ACTIVE_OUTLET,CA0210,003,4.195,ZCTA_NN;R6371;TIE_FIRST_LEX,ZCTA_NN_HAVERSINE;NOT_ELIGIBILITY;NOT_USPS_VALIDITY;NO_INVENTORY
91355,EXACT_IMLS_OUTLET_ZIP,CA0210,003,,EXACT_OUTLET;TIE_FSCSKEY_SEQ,EXACT_OUTLET;NOT_USPS_VALIDITY;NO_INVENTORY
91356,EXACT_IMLS_OUTLET_ZIP,CA0063,018,,EXACT_OUTLET;TIE_FSCSKEY_SEQ,EXACT_OUTLET;NOT_USPS_VALIDITY;NO_INVENTORY
91357,OBSERVED_REFERENCE_INDIRECT_ONLY,,,,INDIRECT_IMLS_SC;NO_FABRICATED_NEAREST,INDIRECT_IMLS_SC;NO_FABRICATED_NEAREST;NOT_REJECTED;NOT_USPS_VALIDITY;NO_INVENTORY
91358,OBSERVED_REFERENCE_INDIRECT_ONLY,,,,INDIRECT_IMLS_SC;NO_FABRICATED_NEAREST,INDIRECT_IMLS_SC;NO_FABRICATED_NEAREST;NOT_REJECTED;NOT_USPS_VALIDITY;NO_INVENTORY
91359,OBSERVED_REFERENCE_INDIRECT_ONLY,,,,INDIRECT_IMLS_SC;NO_FABRICATED_NEAREST,INDIRECT_IMLS_SC;NO_FABRICATED_NEAREST;NOT_REJECTED;NOT_USPS_VALIDITY;NO_INVENTORY
91360,ZCTA_NEAREST_ACTIVE_OUTLET,CA0169,002,2.406,ZCTA_NN;R6371;TIE_FIRST_LEX,ZCTA_NN_HAVERSINE;NOT_ELIGIBILITY;NOT_USPS_VALIDITY;NO_INVENTORY
91361,EXACT_IMLS_OUTLET_ZIP,CA0062,101,,EXACT_OUTLET;TIE_FSCSKEY_SEQ,EXACT_OUTLET;NOT_USPS_VALIDITY;NO_INVENTORY
91362,EXACT_IMLS_OUTLET_ZIP,CA0169,002,,EXACT_OUTLET;TIE_FSCSKEY_SEQ,EXACT_OUTLET;NOT_USPS_VALIDITY;NO_INVENTORY
91364,EXACT_IMLS_OUTLET_ZIP,CA0063,064,,EXACT_OUTLET;TIE_FSCSKEY_SEQ,EXACT_OUTLET;NOT_USPS_VALIDITY;NO_INVENTORY
91365,OBSERVED_REFERENCE_INDIRECT_ONLY,,,,INDIRECT_IMLS_SC;NO_FABRICATED_NEAREST,INDIRECT_IMLS_SC;NO_FABRICATED_NEAREST;NOT_REJECTED;NOT_USPS_VALIDITY;NO_INVENTORY
91367,EXACT_IMLS_OUTLET_ZIP,CA0063,068,,EXACT_OUTLET;TIE_FSCSKEY_SEQ,EXACT_OUTLET;NOT_USPS_VALIDITY;NO_INVENTORY
91371,ZCTA_NEAREST_ACTIVE_OUTLET,CA0063,011,2.195,ZCTA_NN;R6371;TIE_FIRST_LEX,ZCTA_NN_HAVERSINE;NOT_ELIGIBILITY;NOT_USPS_VALIDITY;NO_INVENTORY
91372,OBSERVED_REFERENCE_INDIRECT_ONLY,,,,INDIRECT_IMLS_SC;NO_FABRICATED_NEAREST,INDIRECT_IMLS_SC;NO_FABRICATED_NEAREST;NOT_REJECTED;NOT_USPS_VALIDITY;NO_INVENTORY
91376,OBSERVED_REFERENCE_INDIRECT_ONLY,,,,INDIRECT_IMLS_SC;NO_FABRICATED_NEAREST,INDIRECT_IMLS_SC;NO_FABRICATED_NEAREST;NOT_REJECTED;NOT_USPS_VALIDITY;NO_INVENTORY
91377,EXACT_IMLS_OUTLET_ZIP,CA0152,007,,EXACT_OUTLET;TIE_FSCSKEY_SEQ,EXACT_OUTLET;NOT_USPS_VALIDITY;NO_INVENTORY
91380,OBSERVED_REFERENCE_INDIRECT_ONLY,,,,INDIRECT_IMLS_SC;NO_FABRICATED_NEAREST,INDIRECT_IMLS_SC;NO_FABRICATED_NEAREST;NOT_REJECTED;NOT_USPS_VALIDITY;NO_INVENTORY
91381,EXACT_IMLS_OUTLET_ZIP,CA0062,112,,EXACT_OUTLET;TIE_FSCSKEY_SEQ,EXACT_OUTLET;NOT_USPS_VALIDITY;NO_INVENTORY
91384,EXACT_IMLS_OUTLET_ZIP,CA0062,109,,EXACT_OUTLET;TIE_FSCSKEY_SEQ,EXACT_OUTLET;NOT_USPS_VALIDITY;NO_INVENTORY
91385,OBSERVED_REFERENCE_INDIRECT_ONLY,,,,INDIRECT_IMLS_SC;NO_FABRICATED_NEAREST,INDIRECT_IMLS_SC;NO_FABRICATED_NEAREST;NOT_REJECTED;NOT_USPS_VALIDITY;NO_INVENTORY
91386,OBSERVED_REFERENCE_INDIRECT_ONLY,,,,INDIRECT_IMLS_SC;NO_FABRICATED_NEAREST,INDIRECT_IMLS_SC;NO_FABRICATED_NEAREST;NOT_REJECTED;NOT_USPS_VALIDITY;NO_INVENTORY
91387,ZCTA_NEAREST_ACTIVE_OUTLET,CA0210,001,8.895,ZCTA_NN;R6371;TIE_FIRST_LEX,ZCTA_NN_HAVERSINE;NOT_ELIGIBILITY;NOT_USPS_VALIDITY;NO_INVENTORY
91390,ZCTA_NEAREST_ACTIVE_OUTLET,CA0062,109,15.232,ZCTA_NN;R6371;TIE_FIRST_LEX,ZCTA_NN_HAVERSINE;NOT_ELIGIBILITY;NOT_USPS_VALIDITY;NO_INVENTORY
91392,OBSERVED_REFERENCE_INDIRECT_ONLY,,,,INDIRECT_IMLS_SC;NO_FABRICATED_NEAREST,INDIRECT_IMLS_SC;NO_FABRICATED_NEAREST;NOT_REJECTED;NOT_USPS_VALIDITY;NO_INVENTORY
91396,OBSERVED_REFERENCE_INDIRECT_ONLY,,,,INDIRECT_IMLS_SC;NO_FABRICATED_NEAREST,INDIRECT_IMLS_SC;NO_FABRICATED_NEAREST;NOT_REJECTED;NOT_USPS_VALIDITY;NO_INVENTORY
91401,EXACT_IMLS_OUTLET_ZIP,CA0063,051,,EXACT_OUTLET;TIE_FSCSKEY_SEQ,EXACT_OUTLET;NOT_USPS_VALIDITY;NO_INVENTORY
91402,EXACT_IMLS_OUTLET_ZIP,CA0063,041,,EXACT_OUTLET;TIE_FSCSKEY_SEQ,EXACT_OUTLET;NOT_USPS_VALIDITY;NO_INVENTORY
91403,ZCTA_NEAREST_ACTIVE_OUTLET,CA0063,046,1.967,ZCTA_NN;R6371;TIE_FIRST_LEX,ZCTA_NN_HAVERSINE;NOT_ELIGIBILITY;NOT_USPS_VALIDITY;NO_INVENTORY
91404,OBSERVED_REFERENCE_INDIRECT_ONLY,,,,INDIRECT_IMLS_SC;NO_FABRICATED_NEAREST,INDIRECT_IMLS_SC;NO_FABRICATED_NEAREST;NOT_REJECTED;NOT_USPS_VALIDITY;NO_INVENTORY
91405,ZCTA_NEAREST_ACTIVE_OUTLET,CA0063,051,2.097,ZCTA_NN;R6371;TIE_FIRST_LEX,ZCTA_NN_HAVERSINE;NOT_ELIGIBILITY;NOT_USPS_VALIDITY;NO_INVENTORY
91406,ZCTA_NEAREST_ACTIVE_OUTLET,CA0063,051,4.198,ZCTA_NN;R6371;TIE_FIRST_LEX,ZCTA_NN_HAVERSINE;NOT_ELIGIBILITY;NOT_USPS_VALIDITY;NO_INVENTORY
91409,OBSERVED_REFERENCE_INDIRECT_ONLY,,,,INDIRECT_IMLS_SC;NO_FABRICATED_NEAREST,INDIRECT_IMLS_SC;NO_FABRICATED_NEAREST;NOT_REJECTED;NOT_USPS_VALIDITY;NO_INVENTORY
91411,ZCTA_NEAREST_ACTIVE_OUTLET,CA0063,051,1.338,ZCTA_NN;R6371;TIE_FIRST_LEX,ZCTA_NN_HAVERSINE;NOT_ELIGIBILITY;NOT_USPS_VALIDITY;NO_INVENTORY
91413,OBSERVED_REFERENCE_INDIRECT_ONLY,,,,INDIRECT_IMLS_SC;NO_FABRICATED_NEAREST,INDIRECT_IMLS_SC;NO_FABRICATED_NEAREST;NOT_REJECTED;NOT_USPS_VALIDITY;NO_INVENTORY
91416,OBSERVED_REFERENCE_INDIRECT_ONLY,,,,INDIRECT_IMLS_SC;NO_FABRICATED_NEAREST,INDIRECT_IMLS_SC;NO_FABRICATED_NEAREST;NOT_REJECTED;NOT_USPS_VALIDITY;NO_INVENTORY
91423,EXACT_IMLS_OUTLET_ZIP,CA0063,046,,EXACT_OUTLET;TIE_FSCSKEY_SEQ,EXACT_OUTLET;NOT_USPS_VALIDITY;NO_INVENTORY
91426,OBSERVED_REFERENCE_INDIRECT_ONLY,,,,INDIRECT_IMLS_SC;NO_FABRICATED_NEAREST,INDIRECT_IMLS_SC;NO_FABRICATED_NEAREST;NOT_REJECTED;NOT_USPS_VALIDITY;NO_INVENTORY
91436,ZCTA_NEAREST_ACTIVE_OUTLET,CA0063,018,4.158,ZCTA_NN;R6371;TIE_FIRST_LEX,ZCTA_NN_HAVERSINE;NOT_ELIGIBILITY;NOT_USPS_VALIDITY;NO_INVENTORY
91501,ZCTA_NEAREST_ACTIVE_OUTLET,CA0015,002,1.609,ZCTA_NN;R6371;TIE_FIRST_LEX,ZCTA_NN_HAVERSINE;NOT_ELIGIBILITY;NOT_USPS_VALIDITY;NO_INVENTORY
91502,EXACT_IMLS_OUTLET_ZIP,CA0015,002,,EXACT_OUTLET;TIE_FSCSKEY_SEQ,EXACT_OUTLET;NOT_USPS_VALIDITY;NO_INVENTORY
91503,OBSERVED_REFERENCE_INDIRECT_ONLY,,,,INDIRECT_IMLS_SC;NO_FABRICATED_NEAREST,INDIRECT_IMLS_SC;NO_FABRICATED_NEAREST;NOT_REJECTED;NOT_USPS_VALIDITY;NO_INVENTORY
91504,ZCTA_NEAREST_ACTIVE_OUTLET,CA0015,002,3.431,ZCTA_NN;R6371;TIE_FIRST_LEX,ZCTA_NN_HAVERSINE;NOT_ELIGIBILITY;NOT_USPS_VALIDITY;NO_INVENTORY
91505,EXACT_IMLS_OUTLET_ZIP,CA0015,003,,EXACT_OUTLET;TIE_FSCSKEY_SEQ,EXACT_OUTLET;NOT_USPS_VALIDITY;NO_INVENTORY
91506,ZCTA_NEAREST_ACTIVE_OUTLET,CA0015,003,0.934,ZCTA_NN;R6371;TIE_FIRST_LEX,ZCTA_NN_HAVERSINE;NOT_ELIGIBILITY;NOT_USPS_VALIDITY;NO_INVENTORY
91510,OBSERVED_REFERENCE_INDIRECT_ONLY,,,,INDIRECT_IMLS_SC;NO_FABRICATED_NEAREST,INDIRECT_IMLS_SC;NO_FABRICATED_NEAREST;NOT_REJECTED;NOT_USPS_VALIDITY;NO_INVENTORY
91521,OBSERVED_REFERENCE_INDIRECT_ONLY,,,,INDIRECT_IMLS_SC;NO_FABRICATED_NEAREST,INDIRECT_IMLS_SC;NO_FABRICATED_NEAREST;NOT_REJECTED;NOT_USPS_VALIDITY;NO_INVENTORY
91522,OBSERVED_REFERENCE_INDIRECT_ONLY,,,,INDIRECT_IMLS_SC;NO_FABRICATED_NEAREST,INDIRECT_IMLS_SC;NO_FABRICATED_NEAREST;NOT_REJECTED;NOT_USPS_VALIDITY;NO_INVENTORY
91523,OBSERVED_REFERENCE_INDIRECT_ONLY,,,,INDIRECT_IMLS_SC;NO_FABRICATED_NEAREST,INDIRECT_IMLS_SC;NO_FABRICATED_NEAREST;NOT_REJECTED;NOT_USPS_VALIDITY;NO_INVENTORY
91601,EXACT_IMLS_OUTLET_ZIP,CA0063,036,,EXACT_OUTLET;TIE_FSCSKEY_SEQ,EXACT_OUTLET;NOT_USPS_VALIDITY;NO_INVENTORY
91602,ZCTA_NEAREST_ACTIVE_OUTLET,CA0063,036,1.927,ZCTA_NN;R6371;TIE_FIRST_LEX,ZCTA_NN_HAVERSINE;NOT_ELIGIBILITY;NOT_USPS_VALIDITY;NO_INVENTORY
91603,OBSERVED_REFERENCE_INDIRECT_ONLY,,,,INDIRECT_IMLS_SC;NO_FABRICATED_NEAREST,INDIRECT_IMLS_SC;NO_FABRICATED_NEAREST;NOT_REJECTED;NOT_USPS_VALIDITY;NO_INVENTORY
91604,EXACT_IMLS_OUTLET_ZIP,CA0063,047,,EXACT_OUTLET;TIE_FSCSKEY_SEQ,EXACT_OUTLET;NOT_USPS_VALIDITY;NO_INVENTORY
91605,EXACT_IMLS_OUTLET_ZIP,CA0063,052,,EXACT_OUTLET;TIE_FSCSKEY_SEQ,EXACT_OUTLET;NOT_USPS_VALIDITY;NO_INVENTORY
91606,ZCTA_NEAREST_ACTIVE_OUTLET,CA0063,052,1.535,ZCTA_NN;R6371;TIE_FIRST_LEX,ZCTA_NN_HAVERSINE;NOT_ELIGIBILITY;NOT_USPS_VALIDITY;NO_INVENTORY
91607,ZCTA_NEAREST_ACTIVE_OUTLET,CA0063,047,1.792,ZCTA_NN;R6371;TIE_FIRST_LEX,ZCTA_NN_HAVERSINE;NOT_ELIGIBILITY;NOT_USPS_VALIDITY;NO_INVENTORY
91608,ZCTA_NEAREST_ACTIVE_OUTLET,CA0015,003,3.415,ZCTA_NN;R6371;TIE_FIRST_LEX,ZCTA_NN_HAVERSINE;NOT_ELIGIBILITY;NOT_USPS_VALIDITY;NO_INVENTORY
91609,OBSERVED_REFERENCE_INDIRECT_ONLY,,,,INDIRECT_IMLS_SC;NO_FABRICATED_NEAREST,INDIRECT_IMLS_SC;NO_FABRICATED_NEAREST;NOT_REJECTED;NOT_USPS_VALIDITY;NO_INVENTORY
91610,OBSERVED_REFERENCE_INDIRECT_ONLY,,,,INDIRECT_IMLS_SC;NO_FABRICATED_NEAREST,INDIRECT_IMLS_SC;NO_FABRICATED_NEAREST;NOT_REJECTED;NOT_USPS_VALIDITY;NO_INVENTORY
91614,OBSERVED_REFERENCE_INDIRECT_ONLY,,,,INDIRECT_IMLS_SC;NO_FABRICATED_NEAREST,INDIRECT_IMLS_SC;NO_FABRICATED_NEAREST;NOT_REJECTED;NOT_USPS_VALIDITY;NO_INVENTORY
91617,OBSERVED_REFERENCE_INDIRECT_ONLY,,,,INDIRECT_IMLS_SC;NO_FABRICATED_NEAREST,INDIRECT_IMLS_SC;NO_FABRICATED_NEAREST;NOT_REJECTED;NOT_USPS_VALIDITY;NO_INVENTORY
91637,EXACT_IMLS_OUTLET_ZIP,CA0084,038,,EXACT_OUTLET;TIE_FSCSKEY_SEQ,EXACT_OUTLET;NOT_USPS_VALIDITY;NO_INVENTORY
91701,ZCTA_NEAREST_ACTIVE_OUTLET,CA0194,002,2.059,ZCTA_NN;R6371;TIE_FIRST_LEX,ZCTA_NN_HAVERSINE;NOT_ELIGIBILITY;NOT_USPS_VALIDITY;NO_INVENTORY
91702,EXACT_IMLS_OUTLET_ZIP,CA0010,002,,EXACT_OUTLET;TIE_FSCSKEY_SEQ,EXACT_OUTLET;NOT_USPS_VALIDITY;NO_INVENTORY
91706,EXACT_IMLS_OUTLET_ZIP,CA0062,079,,EXACT_OUTLET;TIE_FSCSKEY_SEQ,EXACT_OUTLET;NOT_USPS_VALIDITY;NO_INVENTORY
91708,EXACT_IMLS_OUTLET_ZIP,CA0109,040,,EXACT_OUTLET;TIE_FSCSKEY_SEQ,EXACT_OUTLET;NOT_USPS_VALIDITY;NO_INVENTORY
91709,EXACT_IMLS_OUTLET_ZIP,CA0109,032,,EXACT_OUTLET;TIE_FSCSKEY_SEQ,EXACT_OUTLET;NOT_USPS_VALIDITY;NO_INVENTORY
91710,EXACT_IMLS_OUTLET_ZIP,CA0109,008,,EXACT_OUTLET;TIE_FSCSKEY_SEQ,EXACT_OUTLET;NOT_USPS_VALIDITY;NO_INVENTORY
91711,EXACT_IMLS_OUTLET_ZIP,CA0062,081,,EXACT_OUTLET;TIE_FSCSKEY_SEQ,EXACT_OUTLET;NOT_USPS_VALIDITY;NO_INVENTORY
91715,OBSERVED_REFERENCE_INDIRECT_ONLY,,,,INDIRECT_IMLS_SC;NO_FABRICATED_NEAREST,INDIRECT_IMLS_SC;NO_FABRICATED_NEAREST;NOT_REJECTED;NOT_USPS_VALIDITY;NO_INVENTORY
91716,OBSERVED_REFERENCE_INDIRECT_ONLY,,,,INDIRECT_IMLS_SC;NO_FABRICATED_NEAREST,INDIRECT_IMLS_SC;NO_FABRICATED_NEAREST;NOT_REJECTED;NOT_USPS_VALIDITY;NO_INVENTORY
91722,ZCTA_NEAREST_ACTIVE_OUTLET,CA0030,002,2.008,ZCTA_NN;R6371;TIE_FIRST_LEX,ZCTA_NN_HAVERSINE;NOT_ELIGIBILITY;NOT_USPS_VALIDITY;NO_INVENTORY
91723,EXACT_IMLS_OUTLET_ZIP,CA0030,002,,EXACT_OUTLET;TIE_FSCSKEY_SEQ,EXACT_OUTLET;NOT_USPS_VALIDITY;NO_INVENTORY
91724,EXACT_IMLS_OUTLET_ZIP,CA0062,080,,EXACT_OUTLET;TIE_FSCSKEY_SEQ,EXACT_OUTLET;NOT_USPS_VALIDITY;NO_INVENTORY
91729,OBSERVED_REFERENCE_INDIRECT_ONLY,,,,INDIRECT_IMLS_SC;NO_FABRICATED_NEAREST,INDIRECT_IMLS_SC;NO_FABRICATED_NEAREST;NOT_REJECTED;NOT_USPS_VALIDITY;NO_INVENTORY
91730,EXACT_IMLS_OUTLET_ZIP,CA0194,002,,EXACT_OUTLET;TIE_FSCSKEY_SEQ,EXACT_OUTLET;NOT_USPS_VALIDITY;NO_INVENTORY
91731,EXACT_IMLS_OUTLET_ZIP,CA0062,070,,EXACT_OUTLET;TIE_FSCSKEY_SEQ,EXACT_OUTLET;NOT_USPS_VALIDITY;NO_INVENTORY
91732,EXACT_IMLS_OUTLET_ZIP,CA0062,073,,EXACT_OUTLET;TIE_FSCSKEY_SEQ,EXACT_OUTLET;NOT_USPS_VALIDITY;NO_INVENTORY
91733,EXACT_IMLS_OUTLET_ZIP,CA0062,076,,EXACT_OUTLET;TIE_FSCSKEY_SEQ,EXACT_OUTLET;NOT_USPS_VALIDITY;NO_INVENTORY
91737,ZCTA_NEAREST_ACTIVE_OUTLET,CA0194,002,4.147,ZCTA_NN;R6371;TIE_FIRST_LEX,ZCTA_NN_HAVERSINE;NOT_ELIGIBILITY;NOT_USPS_VALIDITY;NO_INVENTORY
91739,EXACT_IMLS_OUTLET_ZIP,CA0194,004,,EXACT_OUTLET;TIE_FSCSKEY_SEQ,EXACT_OUTLET;NOT_USPS_VALIDITY;NO_INVENTORY
91740,ZCTA_NEAREST_ACTIVE_OUTLET,CA0062,080,1.439,ZCTA_NN;R6371;TIE_FIRST_LEX,ZCTA_NN_HAVERSINE;NOT_ELIGIBILITY;NOT_USPS_VALIDITY;NO_INVENTORY
91741,EXACT_IMLS_OUTLET_ZIP,CA0043,002,,EXACT_OUTLET;TIE_FSCSKEY_SEQ,EXACT_OUTLET;NOT_USPS_VALIDITY;NO_INVENTORY
91743,OBSERVED_REFERENCE_INDIRECT_ONLY,,,,INDIRECT_IMLS_SC;NO_FABRICATED_NEAREST,INDIRECT_IMLS_SC;NO_FABRICATED_NEAREST;NOT_REJECTED;NOT_USPS_VALIDITY;NO_INVENTORY
91744,EXACT_IMLS_OUTLET_ZIP,CA0062,086,,EXACT_OUTLET;TIE_FSCSKEY_SEQ,EXACT_OUTLET;NOT_USPS_VALIDITY;NO_INVENTORY
91745,EXACT_IMLS_OUTLET_ZIP,CA0062,085,,EXACT_OUTLET;TIE_FSCSKEY_SEQ,EXACT_OUTLET;NOT_USPS_VALIDITY;NO_INVENTORY
91746,EXACT_IMLS_OUTLET_ZIP,CA0062,090,,EXACT_OUTLET;TIE_FSCSKEY_SEQ,EXACT_OUTLET;NOT_USPS_VALIDITY;NO_INVENTORY
91747,OBSERVED_REFERENCE_INDIRECT_ONLY,,,,INDIRECT_IMLS_SC;NO_FABRICATED_NEAREST,INDIRECT_IMLS_SC;NO_FABRICATED_NEAREST;NOT_REJECTED;NOT_USPS_VALIDITY;NO_INVENTORY
91748,EXACT_IMLS_OUTLET_ZIP,CA0062,088,,EXACT_OUTLET;TIE_FSCSKEY_SEQ,EXACT_OUTLET;NOT_USPS_VALIDITY;NO_INVENTORY
91749,OBSERVED_REFERENCE_INDIRECT_ONLY,,,,INDIRECT_IMLS_SC;NO_FABRICATED_NEAREST,INDIRECT_IMLS_SC;NO_FABRICATED_NEAREST;NOT_REJECTED;NOT_USPS_VALIDITY;NO_INVENTORY
91750,EXACT_IMLS_OUTLET_ZIP,CA0062,087,,EXACT_OUTLET;TIE_FSCSKEY_SEQ,EXACT_OUTLET;NOT_USPS_VALIDITY;NO_INVENTORY
91752,ZCTA_NEAREST_ACTIVE_OUTLET,CA0083,003,4.119,ZCTA_NN;R6371;TIE_FIRST_LEX,ZCTA_NN_HAVERSINE;NOT_ELIGIBILITY;NOT_USPS_VALIDITY;NO_INVENTORY
91754,EXACT_IMLS_OUTLET_ZIP,CA0075,002,,EXACT_OUTLET;TIE_FSCSKEY_SEQ,EXACT_OUTLET;NOT_USPS_VALIDITY;NO_INVENTORY
91755,ZCTA_NEAREST_ACTIVE_OUTLET,CA0075,002,1.419,ZCTA_NN;R6371;TIE_FIRST_LEX,ZCTA_NN_HAVERSINE;NOT_ELIGIBILITY;NOT_USPS_VALIDITY;NO_INVENTORY
91758,OBSERVED_REFERENCE_INDIRECT_ONLY,,,,INDIRECT_IMLS_SC;NO_FABRICATED_NEAREST,INDIRECT_IMLS_SC;NO_FABRICATED_NEAREST;NOT_REJECTED;NOT_USPS_VALIDITY;NO_INVENTORY
91759,ZCTA_NEAREST_ACTIVE_OUTLET,CA0109,027,12.228,ZCTA_NN;R6371;TIE_FIRST_LEX,ZCTA_NN_HAVERSINE;NOT_ELIGIBILITY;NOT_USPS_VALIDITY;NO_INVENTORY
91761,EXACT_IMLS_OUTLET_ZIP,CA0083,003,,EXACT_OUTLET;TIE_FSCSKEY_SEQ,EXACT_OUTLET;NOT_USPS_VALIDITY;NO_INVENTORY
91762,ZCTA_NEAREST_ACTIVE_OUTLET,CA0083,002,1.937,ZCTA_NN;R6371;TIE_FIRST_LEX,ZCTA_NN_HAVERSINE;NOT_ELIGIBILITY;NOT_USPS_VALIDITY;NO_INVENTORY
91763,EXACT_IMLS_OUTLET_ZIP,CA0109,019,,EXACT_OUTLET;TIE_FSCSKEY_SEQ,EXACT_OUTLET;NOT_USPS_VALIDITY;NO_INVENTORY
91764,EXACT_IMLS_OUTLET_ZIP,CA0083,002,,EXACT_OUTLET;TIE_FSCSKEY_SEQ,EXACT_OUTLET;NOT_USPS_VALIDITY;NO_INVENTORY
91765,EXACT_IMLS_OUTLET_ZIP,CA0062,082,,EXACT_OUTLET;TIE_FSCSKEY_SEQ,EXACT_OUTLET;NOT_USPS_VALIDITY;NO_INVENTORY
91766,EXACT_IMLS_OUTLET_ZIP,CA0098,002,,EXACT_OUTLET;TIE_FSCSKEY_SEQ,EXACT_OUTLET;NOT_USPS_VALIDITY;NO_INVENTORY
91767,ZCTA_NEAREST_ACTIVE_OUTLET,CA0062,081,2.449,ZCTA_NN;R6371;TIE_FIRST_LEX,ZCTA_NN_HAVERSINE;NOT_ELIGIBILITY;NOT_USPS_VALIDITY;NO_INVENTORY
91768,ZCTA_NEAREST_ACTIVE_OUTLET,CA0098,002,3.941,ZCTA_NN;R6371;TIE_FIRST_LEX,ZCTA_NN_HAVERSINE;NOT_ELIGIBILITY;NOT_USPS_VALIDITY;NO_INVENTORY
91769,OBSERVED_REFERENCE_INDIRECT_ONLY,,,,INDIRECT_IMLS_SC;NO_FABRICATED_NEAREST,INDIRECT_IMLS_SC;NO_FABRICATED_NEAREST;NOT_REJECTED;NOT_USPS_VALIDITY;NO_INVENTORY
91770,EXACT_IMLS_OUTLET_ZIP,CA0062,074,,EXACT_OUTLET;TIE_FSCSKEY_SEQ,EXACT_OUTLET;NOT_USPS_VALIDITY;NO_INVENTORY
91773,EXACT_IMLS_OUTLET_ZIP,CA0062,089,,EXACT_OUTLET;TIE_FSCSKEY_SEQ,EXACT_OUTLET;NOT_USPS_VALIDITY;NO_INVENTORY
91775,ZCTA_NEAREST_ACTIVE_OUTLET,CA0119,002,2.305,ZCTA_NN;R6371;TIE_FIRST_LEX,ZCTA_NN_HAVERSINE;NOT_ELIGIBILITY;NOT_USPS_VALIDITY;NO_INVENTORY
91776,EXACT_IMLS_OUTLET_ZIP,CA0062,075,,EXACT_OUTLET;TIE_FSCSKEY_SEQ,EXACT_OUTLET;NOT_USPS_VALIDITY;NO_INVENTORY
91778,OBSERVED_REFERENCE_INDIRECT_ONLY,,,,INDIRECT_IMLS_SC;NO_FABRICATED_NEAREST,INDIRECT_IMLS_SC;NO_FABRICATED_NEAREST;NOT_REJECTED;NOT_USPS_VALIDITY;NO_INVENTORY
91780,EXACT_IMLS_OUTLET_ZIP,CA0062,078,,EXACT_OUTLET;TIE_FSCSKEY_SEQ,EXACT_OUTLET;NOT_USPS_VALIDITY;NO_INVENTORY
91784,ZCTA_NEAREST_ACTIVE_OUTLET,CA0151,002,4.730,ZCTA_NN;R6371;TIE_FIRST_LEX,ZCTA_NN_HAVERSINE;NOT_ELIGIBILITY;NOT_USPS_VALIDITY;NO_INVENTORY
91785,OBSERVED_REFERENCE_INDIRECT_ONLY,,,,INDIRECT_IMLS_SC;NO_FABRICATED_NEAREST,INDIRECT_IMLS_SC;NO_FABRICATED_NEAREST;NOT_REJECTED;NOT_USPS_VALIDITY;NO_INVENTORY
91786,EXACT_IMLS_OUTLET_ZIP,CA0151,002,,EXACT_OUTLET;TIE_FSCSKEY_SEQ,EXACT_OUTLET;NOT_USPS_VALIDITY;NO_INVENTORY
91788,OBSERVED_REFERENCE_INDIRECT_ONLY,,,,INDIRECT_IMLS_SC;NO_FABRICATED_NEAREST,INDIRECT_IMLS_SC;NO_FABRICATED_NEAREST;NOT_REJECTED;NOT_USPS_VALIDITY;NO_INVENTORY
91789,EXACT_IMLS_OUTLET_ZIP,CA0062,091,,EXACT_OUTLET;TIE_FSCSKEY_SEQ,EXACT_OUTLET;NOT_USPS_VALIDITY;NO_INVENTORY
91790,EXACT_IMLS_OUTLET_ZIP,CA0062,092,,EXACT_OUTLET;TIE_FSCSKEY_SEQ,EXACT_OUTLET;NOT_USPS_VALIDITY;NO_INVENTORY
91791,ZCTA_NEAREST_ACTIVE_OUTLET,CA0030,002,2.986,ZCTA_NN;R6371;TIE_FIRST_LEX,ZCTA_NN_HAVERSINE;NOT_ELIGIBILITY;NOT_USPS_VALIDITY;NO_INVENTORY
91792,ZCTA_NEAREST_ACTIVE_OUTLET,CA0062,088,4.430,ZCTA_NN;R6371;TIE_FIRST_LEX,ZCTA_NN_HAVERSINE;NOT_ELIGIBILITY;NOT_USPS_VALIDITY;NO_INVENTORY
91793,OBSERVED_REFERENCE_INDIRECT_ONLY,,,,INDIRECT_IMLS_SC;NO_FABRICATED_NEAREST,INDIRECT_IMLS_SC;NO_FABRICATED_NEAREST;NOT_REJECTED;NOT_USPS_VALIDITY;NO_INVENTORY
91801,EXACT_IMLS_OUTLET_ZIP,CA0003,002,,EXACT_OUTLET;TIE_FSCSKEY_SEQ,EXACT_OUTLET;NOT_USPS_VALIDITY;NO_INVENTORY
91802,OBSERVED_REFERENCE_INDIRECT_ONLY,,,,INDIRECT_IMLS_SC;NO_FABRICATED_NEAREST,INDIRECT_IMLS_SC;NO_FABRICATED_NEAREST;NOT_REJECTED;NOT_USPS_VALIDITY;NO_INVENTORY
91803,ZCTA_NEAREST_ACTIVE_OUTLET,CA0075,002,2.564,ZCTA_NN;R6371;TIE_FIRST_LEX,ZCTA_NN_HAVERSINE;NOT_ELIGIBILITY;NOT_USPS_VALIDITY;NO_INVENTORY
91901,EXACT_IMLS_OUTLET_ZIP,CA0112,003,,EXACT_OUTLET;TIE_FSCSKEY_SEQ,EXACT_OUTLET;NOT_USPS_VALIDITY;NO_INVENTORY
91902,EXACT_IMLS_OUTLET_ZIP,CA0112,004,,EXACT_OUTLET;TIE_FSCSKEY_SEQ,EXACT_OUTLET;NOT_USPS_VALIDITY;NO_INVENTORY
91903,OBSERVED_REFERENCE_INDIRECT_ONLY,,,,INDIRECT_IMLS_SC;NO_FABRICATED_NEAREST,INDIRECT_IMLS_SC;NO_FABRICATED_NEAREST;NOT_REJECTED;NOT_USPS_VALIDITY;NO_INVENTORY
91905,ZCTA_NEAREST_ACTIVE_OUTLET,CA0112,018,13.203,ZCTA_NN;R6371;TIE_FIRST_LEX,ZCTA_NN_HAVERSINE;NOT_ELIGIBILITY;NOT_USPS_VALIDITY;NO_INVENTORY
91906,EXACT_IMLS_OUTLET_ZIP,CA0112,006,,EXACT_OUTLET;TIE_FSCSKEY_SEQ,EXACT_OUTLET;NOT_USPS_VALIDITY;NO_INVENTORY
91908,OBSERVED_REFERENCE_INDIRECT_ONLY,,,,INDIRECT_IMLS_SC;NO_FABRICATED_NEAREST,INDIRECT_IMLS_SC;NO_FABRICATED_NEAREST;NOT_REJECTED;NOT_USPS_VALIDITY;NO_INVENTORY
91910,EXACT_IMLS_OUTLET_ZIP,CA0023,002,,EXACT_OUTLET;TIE_FSCSKEY_SEQ,EXACT_OUTLET;NOT_USPS_VALIDITY;NO_INVENTORY
91911,EXACT_IMLS_OUTLET_ZIP,CA0023,007,,EXACT_OUTLET;TIE_FSCSKEY_SEQ,EXACT_OUTLET;NOT_USPS_VALIDITY;NO_INVENTORY
91912,OBSERVED_REFERENCE_INDIRECT_ONLY,,,,INDIRECT_IMLS_SC;NO_FABRICATED_NEAREST,INDIRECT_IMLS_SC;NO_FABRICATED_NEAREST;NOT_REJECTED;NOT_USPS_VALIDITY;NO_INVENTORY
91913,ZCTA_NEAREST_ACTIVE_OUTLET,CA0023,008,1.683,ZCTA_NN;R6371;TIE_FIRST_LEX,ZCTA_NN_HAVERSINE;NOT_ELIGIBILITY;NOT_USPS_VALIDITY;NO_INVENTORY
91914,ZCTA_NEAREST_ACTIVE_OUTLET,CA0023,008,5.183,ZCTA_NN;R6371;TIE_FIRST_LEX,ZCTA_NN_HAVERSINE;NOT_ELIGIBILITY;NOT_USPS_VALIDITY;NO_INVENTORY
91915,EXACT_IMLS_OUTLET_ZIP,CA0023,008,,EXACT_OUTLET;TIE_FSCSKEY_SEQ,EXACT_OUTLET;NOT_USPS_VALIDITY;NO_INVENTORY
91916,EXACT_IMLS_OUTLET_ZIP,CA0112,011,,EXACT_OUTLET;TIE_FSCSKEY_SEQ,EXACT_OUTLET;NOT_USPS_VALIDITY;NO_INVENTORY
91917,ZCTA_NEAREST_ACTIVE_OUTLET,CA0112,025,13.596,ZCTA_NN;R6371;TIE_FIRST_LEX,ZCTA_NN_HAVERSINE;NOT_ELIGIBILITY;NOT_USPS_VALIDITY;NO_INVENTORY
91921,OBSERVED_REFERENCE_INDIRECT_ONLY,,,,INDIRECT_IMLS_SC;NO_FABRICATED_NEAREST,INDIRECT_IMLS_SC;NO_FABRICATED_NEAREST;NOT_REJECTED;NOT_USPS_VALIDITY;NO_INVENTORY
91931,ZCTA_NEAREST_ACTIVE_OUTLET,CA0112,011,3.945,ZCTA_NN;R6371;TIE_FIRST_LEX,ZCTA_NN_HAVERSINE;NOT_ELIGIBILITY;NOT_USPS_VALIDITY;NO_INVENTORY
91932,EXACT_IMLS_OUTLET_ZIP,CA0112,017,,EXACT_OUTLET;TIE_FSCSKEY_SEQ,EXACT_OUTLET;NOT_USPS_VALIDITY;NO_INVENTORY
91933,OBSERVED_REFERENCE_INDIRECT_ONLY,,,,INDIRECT_IMLS_SC;NO_FABRICATED_NEAREST,INDIRECT_IMLS_SC;NO_FABRICATED_NEAREST;NOT_REJECTED;NOT_USPS_VALIDITY;NO_INVENTORY
91934,EXACT_IMLS_OUTLET_ZIP,CA0112,018,,EXACT_OUTLET;TIE_FSCSKEY_SEQ,EXACT_OUTLET;NOT_USPS_VALIDITY;NO_INVENTORY
91935,ZCTA_NEAREST_ACTIVE_OUTLET,CA0112,009,15.030,ZCTA_NN;R6371;TIE_FIRST_LEX,ZCTA_NN_HAVERSINE;NOT_ELIGIBILITY;NOT_USPS_VALIDITY;NO_INVENTORY
91941,ZCTA_NEAREST_ACTIVE_OUTLET,CA0112,008,1.646,ZCTA_NN;R6371;TIE_FIRST_LEX,ZCTA_NN_HAVERSINE;NOT_ELIGIBILITY;NOT_USPS_VALIDITY;NO_INVENTORY
91942,EXACT_IMLS_OUTLET_ZIP,CA0112,021,,EXACT_OUTLET;TIE_FSCSKEY_SEQ,EXACT_OUTLET;NOT_USPS_VALIDITY;NO_INVENTORY
91943,OBSERVED_REFERENCE_INDIRECT_ONLY,,,,INDIRECT_IMLS_SC;NO_FABRICATED_NEAREST,INDIRECT_IMLS_SC;NO_FABRICATED_NEAREST;NOT_REJECTED;NOT_USPS_VALIDITY;NO_INVENTORY
91944,OBSERVED_REFERENCE_INDIRECT_ONLY,,,,INDIRECT_IMLS_SC;NO_FABRICATED_NEAREST,INDIRECT_IMLS_SC;NO_FABRICATED_NEAREST;NOT_REJECTED;NOT_USPS_VALIDITY;NO_INVENTORY
91945,EXACT_IMLS_OUTLET_ZIP,CA0112,022,,EXACT_OUTLET;TIE_FSCSKEY_SEQ,EXACT_OUTLET;NOT_USPS_VALIDITY;NO_INVENTORY
91946,OBSERVED_REFERENCE_INDIRECT_ONLY,,,,INDIRECT_IMLS_SC;NO_FABRICATED_NEAREST,INDIRECT_IMLS_SC;NO_FABRICATED_NEAREST;NOT_REJECTED;NOT_USPS_VALIDITY;NO_INVENTORY
91948,ZCTA_NEAREST_ACTIVE_OUTLET,CA0112,024,7.201,ZCTA_NN;R6371;TIE_FIRST_LEX,ZCTA_NN_HAVERSINE;NOT_ELIGIBILITY;NOT_USPS_VALIDITY;NO_INVENTORY
91950,EXACT_IMLS_OUTLET_ZIP,CA0078,002,,EXACT_OUTLET;TIE_FSCSKEY_SEQ,EXACT_OUTLET;NOT_USPS_VALIDITY;NO_INVENTORY
91951,OBSERVED_REFERENCE_INDIRECT_ONLY,,,,INDIRECT_IMLS_SC;NO_FABRICATED_NEAREST,INDIRECT_IMLS_SC;NO_FABRICATED_NEAREST;NOT_REJECTED;NOT_USPS_VALIDITY;NO_INVENTORY
91962,EXACT_IMLS_OUTLET_ZIP,CA0112,024,,EXACT_OUTLET;TIE_FSCSKEY_SEQ,EXACT_OUTLET;NOT_USPS_VALIDITY;NO_INVENTORY
91963,EXACT_IMLS_OUTLET_ZIP,CA0112,025,,EXACT_OUTLET;TIE_FSCSKEY_SEQ,EXACT_OUTLET;NOT_USPS_VALIDITY;NO_INVENTORY
91977,EXACT_IMLS_OUTLET_ZIP,CA0112,008,,EXACT_OUTLET;TIE_FSCSKEY_SEQ,EXACT_OUTLET;NOT_USPS_VALIDITY;NO_INVENTORY
91978,ZCTA_NEAREST_ACTIVE_OUTLET,CA0112,038,5.169,ZCTA_NN;R6371;TIE_FIRST_LEX,ZCTA_NN_HAVERSINE;NOT_ELIGIBILITY;NOT_USPS_VALIDITY;NO_INVENTORY
91979,OBSERVED_REFERENCE_INDIRECT_ONLY,,,,INDIRECT_IMLS_SC;NO_FABRICATED_NEAREST,INDIRECT_IMLS_SC;NO_FABRICATED_NEAREST;NOT_REJECTED;NOT_USPS_VALIDITY;NO_INVENTORY
91980,ZCTA_NEAREST_ACTIVE_OUTLET,CA0112,025,3.418,ZCTA_NN;R6371;TIE_FIRST_LEX,ZCTA_NN_HAVERSINE;NOT_ELIGIBILITY;NOT_USPS_VALIDITY;NO_INVENTORY
92003,ZCTA_NEAREST_ACTIVE_OUTLET,CA0112,034,9.843,ZCTA_NN;R6371;TIE_FIRST_LEX,ZCTA_NN_HAVERSINE;NOT_ELIGIBILITY;NOT_USPS_VALIDITY;NO_INVENTORY
92004,EXACT_IMLS_OUTLET_ZIP,CA0112,005,,EXACT_OUTLET;TIE_FSCSKEY_SEQ,EXACT_OUTLET;NOT_USPS_VALIDITY;NO_INVENTORY
92007,EXACT_IMLS_OUTLET_ZIP,CA0112,007,,EXACT_OUTLET;TIE_FSCSKEY_SEQ,EXACT_OUTLET;NOT_USPS_VALIDITY;NO_INVENTORY
92008,EXACT_IMLS_OUTLET_ZIP,CA0020,002,,EXACT_OUTLET;TIE_FSCSKEY_SEQ,EXACT_OUTLET;NOT_USPS_VALIDITY;NO_INVENTORY
92009,ZCTA_NEAREST_ACTIVE_OUTLET,CA0020,005,2.489,ZCTA_NN;R6371;TIE_FIRST_LEX,ZCTA_NN_HAVERSINE;NOT_ELIGIBILITY;NOT_USPS_VALIDITY;NO_INVENTORY
92010,ZCTA_NEAREST_ACTIVE_OUTLET,CA0082,010,3.313,ZCTA_NN;R6371;TIE_FIRST_LEX,ZCTA_NN_HAVERSINE;NOT_ELIGIBILITY;NOT_USPS_VALIDITY;NO_INVENTORY
92011,EXACT_IMLS_OUTLET_ZIP,CA0020,005,,EXACT_OUTLET;TIE_FSCSKEY_SEQ,EXACT_OUTLET;NOT_USPS_VALIDITY;NO_INVENTORY
92013,OBSERVED_REFERENCE_INDIRECT_ONLY,,,,INDIRECT_IMLS_SC;NO_FABRICATED_NEAREST,INDIRECT_IMLS_SC;NO_FABRICATED_NEAREST;NOT_REJECTED;NOT_USPS_VALIDITY;NO_INVENTORY
92014,EXACT_IMLS_OUTLET_ZIP,CA0112,010,,EXACT_OUTLET;TIE_FSCSKEY_SEQ,EXACT_OUTLET;NOT_USPS_VALIDITY;NO_INVENTORY
92018,OBSERVED_REFERENCE_INDIRECT_ONLY,,,,INDIRECT_IMLS_SC;NO_FABRICATED_NEAREST,INDIRECT_IMLS_SC;NO_FABRICATED_NEAREST;NOT_REJECTED;NOT_USPS_VALIDITY;NO_INVENTORY
92019,EXACT_IMLS_OUTLET_ZIP,CA0112,038,,EXACT_OUTLET;TIE_FSCSKEY_SEQ,EXACT_OUTLET;NOT_USPS_VALIDITY;NO_INVENTORY
92020,EXACT_IMLS_OUTLET_ZIP,CA0112,012,,EXACT_OUTLET;TIE_FSCSKEY_SEQ,EXACT_OUTLET;NOT_USPS_VALIDITY;NO_INVENTORY
92021,EXACT_IMLS_OUTLET_ZIP,CA0112,009,,EXACT_OUTLET;TIE_FSCSKEY_SEQ,EXACT_OUTLET;NOT_USPS_VALIDITY;NO_INVENTORY
92022,OBSERVED_REFERENCE_INDIRECT_ONLY,,,,INDIRECT_IMLS_SC;NO_FABRICATED_NEAREST,INDIRECT_IMLS_SC;NO_FABRICATED_NEAREST;NOT_REJECTED;NOT_USPS_VALIDITY;NO_INVENTORY
92023,OBSERVED_REFERENCE_INDIRECT_ONLY,,,,INDIRECT_IMLS_SC;NO_FABRICATED_NEAREST,INDIRECT_IMLS_SC;NO_FABRICATED_NEAREST;NOT_REJECTED;NOT_USPS_VALIDITY;NO_INVENTORY
92024,EXACT_IMLS_OUTLET_ZIP,CA0112,041,,EXACT_OUTLET;TIE_FSCSKEY_SEQ,EXACT_OUTLET;NOT_USPS_VALIDITY;NO_INVENTORY
92025,EXACT_IMLS_OUTLET_ZIP,CA0038,002,,EXACT_OUTLET;TIE_FSCSKEY_SEQ,EXACT_OUTLET;NOT_USPS_VALIDITY;NO_INVENTORY
92026,ZCTA_NEAREST_ACTIVE_OUTLET,CA0112,029,8.444,ZCTA_NN;R6371;TIE_FIRST_LEX,ZCTA_NN_HAVERSINE;NOT_ELIGIBILITY;NOT_USPS_VALIDITY;NO_INVENTORY
92027,ZCTA_NEAREST_ACTIVE_OUTLET,CA0038,004,9.513,ZCTA_NN;R6371;TIE_FIRST_LEX,ZCTA_NN_HAVERSINE;NOT_ELIGIBILITY;NOT_USPS_VALIDITY;NO_INVENTORY
92028,EXACT_IMLS_OUTLET_ZIP,CA0112,014,,EXACT_OUTLET;TIE_FSCSKEY_SEQ,EXACT_OUTLET;NOT_USPS_VALIDITY;NO_INVENTORY
92029,ZCTA_NEAREST_ACTIVE_OUTLET,CA0038,002,5.700,ZCTA_NN;R6371;TIE_FIRST_LEX,ZCTA_NN_HAVERSINE;NOT_ELIGIBILITY;NOT_USPS_VALIDITY;NO_INVENTORY
92030,OBSERVED_REFERENCE_INDIRECT_ONLY,,,,INDIRECT_IMLS_SC;NO_FABRICATED_NEAREST,INDIRECT_IMLS_SC;NO_FABRICATED_NEAREST;NOT_REJECTED;NOT_USPS_VALIDITY;NO_INVENTORY
92033,OBSERVED_REFERENCE_INDIRECT_ONLY,,,,INDIRECT_IMLS_SC;NO_FABRICATED_NEAREST,INDIRECT_IMLS_SC;NO_FABRICATED_NEAREST;NOT_REJECTED;NOT_USPS_VALIDITY;NO_INVENTORY
92036,EXACT_IMLS_OUTLET_ZIP,CA0112,019,,EXACT_OUTLET;TIE_FSCSKEY_SEQ,EXACT_OUTLET;NOT_USPS_VALIDITY;NO_INVENTORY
92037,EXACT_IMLS_OUTLET_ZIP,CA0113,009,,EXACT_OUTLET;TIE_FSCSKEY_SEQ,EXACT_OUTLET;NOT_USPS_VALIDITY;NO_INVENTORY
92038,OBSERVED_REFERENCE_INDIRECT_ONLY,,,,INDIRECT_IMLS_SC;NO_FABRICATED_NEAREST,INDIRECT_IMLS_SC;NO_FABRICATED_NEAREST;NOT_REJECTED;NOT_USPS_VALIDITY;NO_INVENTORY
92039,OBSERVED_REFERENCE_INDIRECT_ONLY,,,,INDIRECT_IMLS_SC;NO_FABRICATED_NEAREST,INDIRECT_IMLS_SC;NO_FABRICATED_NEAREST;NOT_REJECTED;NOT_USPS_VALIDITY;NO_INVENTORY
92040,EXACT_IMLS_OUTLET_ZIP,CA0112,020,,EXACT_OUTLET;TIE_FSCSKEY_SEQ,EXACT_OUTLET;NOT_USPS_VALIDITY;NO_INVENTORY
92046,OBSERVED_REFERENCE_INDIRECT_ONLY,,,,INDIRECT_IMLS_SC;NO_FABRICATED_NEAREST,INDIRECT_IMLS_SC;NO_FABRICATED_NEAREST;NOT_REJECTED;NOT_USPS_VALIDITY;NO_INVENTORY
92049,OBSERVED_REFERENCE_INDIRECT_ONLY,,,,INDIRECT_IMLS_SC;NO_FABRICATED_NEAREST,INDIRECT_IMLS_SC;NO_FABRICATED_NEAREST;NOT_REJECTED;NOT_USPS_VALIDITY;NO_INVENTORY
92052,OBSERVED_REFERENCE_INDIRECT_ONLY,,,,INDIRECT_IMLS_SC;NO_FABRICATED_NEAREST,INDIRECT_IMLS_SC;NO_FABRICATED_NEAREST;NOT_REJECTED;NOT_USPS_VALIDITY;NO_INVENTORY
92054,EXACT_IMLS_OUTLET_ZIP,CA0082,002,,EXACT_OUTLET;TIE_FSCSKEY_SEQ,EXACT_OUTLET;NOT_USPS_VALIDITY;NO_INVENTORY
92055,ZCTA_NEAREST_ACTIVE_OUTLET,CA0084,020,16.644,ZCTA_NN;R6371;TIE_FIRST_LEX,ZCTA_NN_HAVERSINE;NOT_ELIGIBILITY;NOT_USPS_VALIDITY;NO_INVENTORY
92056,EXACT_IMLS_OUTLET_ZIP,CA0082,010,,EXACT_OUTLET;TIE_FSCSKEY_SEQ,EXACT_OUTLET;NOT_USPS_VALIDITY;NO_INVENTORY
92057,ZCTA_NEAREST_ACTIVE_OUTLET,CA0082,003,5.023,ZCTA_NN;R6371;TIE_FIRST_LEX,ZCTA_NN_HAVERSINE;NOT_ELIGIBILITY;NOT_USPS_VALIDITY;NO_INVENTORY
92058,ZCTA_NEAREST_ACTIVE_OUTLET,CA0082,003,4.747,ZCTA_NN;R6371;TIE_FIRST_LEX,ZCTA_NN_HAVERSINE;NOT_ELIGIBILITY;NOT_USPS_VALIDITY;NO_INVENTORY
92059,ZCTA_NEAREST_ACTIVE_OUTLET,CA0199,032,14.265,ZCTA_NN;R6371;TIE_FIRST_LEX,ZCTA_NN_HAVERSINE;NOT_ELIGIBILITY;NOT_USPS_VALIDITY;NO_INVENTORY
92060,ZCTA_NEAREST_ACTIVE_OUTLET,CA0112,033,19.043,ZCTA_NN;R6371;TIE_FIRST_LEX,ZCTA_NN_HAVERSINE;NOT_ELIGIBILITY;NOT_USPS_VALIDITY;NO_INVENTORY
92061,ZCTA_NEAREST_ACTIVE_OUTLET,CA0112,033,10.781,ZCTA_NN;R6371;TIE_FIRST_LEX,ZCTA_NN_HAVERSINE;NOT_ELIGIBILITY;NOT_USPS_VALIDITY;NO_INVENTORY
92064,EXACT_IMLS_OUTLET_ZIP,CA0112,026,,EXACT_OUTLET;TIE_FSCSKEY_SEQ,EXACT_OUTLET;NOT_USPS_VALIDITY;NO_INVENTORY
92065,EXACT_IMLS_OUTLET_ZIP,CA0112,027,,EXACT_OUTLET;TIE_FSCSKEY_SEQ,EXACT_OUTLET;NOT_USPS_VALIDITY;NO_INVENTORY
92066,ZCTA_NEAREST_ACTIVE_OUTLET,CA0112,005,15.144,ZCTA_NN;R6371;TIE_FIRST_LEX,ZCTA_NN_HAVERSINE;NOT_ELIGIBILITY;NOT_USPS_VALIDITY;NO_INVENTORY
92067,EXACT_IMLS_OUTLET_ZIP,CA0112,028,,EXACT_OUTLET;TIE_FSCSKEY_SEQ,EXACT_OUTLET;NOT_USPS_VALIDITY;NO_INVENTORY
92068,OBSERVED_REFERENCE_INDIRECT_ONLY,,,,INDIRECT_IMLS_SC;NO_FABRICATED_NEAREST,INDIRECT_IMLS_SC;NO_FABRICATED_NEAREST;NOT_REJECTED;NOT_USPS_VALIDITY;NO_INVENTORY
92069,EXACT_IMLS_OUTLET_ZIP,CA0112,029,,EXACT_OUTLET;TIE_FSCSKEY_SEQ,EXACT_OUTLET;NOT_USPS_VALIDITY;NO_INVENTORY
92070,ZCTA_NEAREST_ACTIVE_OUTLET,CA0112,019,18.456,ZCTA_NN;R6371;TIE_FIRST_LEX,ZCTA_NN_HAVERSINE;NOT_ELIGIBILITY;NOT_USPS_VALIDITY;NO_INVENTORY
92071,EXACT_IMLS_OUTLET_ZIP,CA0112,030,,EXACT_OUTLET;TIE_FSCSKEY_SEQ,EXACT_OUTLET;NOT_USPS_VALIDITY;NO_INVENTORY
92072,OBSERVED_REFERENCE_INDIRECT_ONLY,,,,INDIRECT_IMLS_SC;NO_FABRICATED_NEAREST,INDIRECT_IMLS_SC;NO_FABRICATED_NEAREST;NOT_REJECTED;NOT_USPS_VALIDITY;NO_INVENTORY
92074,OBSERVED_REFERENCE_INDIRECT_ONLY,,,,INDIRECT_IMLS_SC;NO_FABRICATED_NEAREST,INDIRECT_IMLS_SC;NO_FABRICATED_NEAREST;NOT_REJECTED;NOT_USPS_VALIDITY;NO_INVENTORY
92075,EXACT_IMLS_OUTLET_ZIP,CA0112,031,,EXACT_OUTLET;TIE_FSCSKEY_SEQ,EXACT_OUTLET;NOT_USPS_VALIDITY;NO_INVENTORY
92078,ZCTA_NEAREST_ACTIVE_OUTLET,CA0112,029,3.412,ZCTA_NN;R6371;TIE_FIRST_LEX,ZCTA_NN_HAVERSINE;NOT_ELIGIBILITY;NOT_USPS_VALIDITY;NO_INVENTORY
92079,OBSERVED_REFERENCE_INDIRECT_ONLY,,,,INDIRECT_IMLS_SC;NO_FABRICATED_NEAREST,INDIRECT_IMLS_SC;NO_FABRICATED_NEAREST;NOT_REJECTED;NOT_USPS_VALIDITY;NO_INVENTORY
92081,ZCTA_NEAREST_ACTIVE_OUTLET,CA0112,034,4.205,ZCTA_NN;R6371;TIE_FIRST_LEX,ZCTA_NN_HAVERSINE;NOT_ELIGIBILITY;NOT_USPS_VALIDITY;NO_INVENTORY
92082,EXACT_IMLS_OUTLET_ZIP,CA0112,033,,EXACT_OUTLET;TIE_FSCSKEY_SEQ,EXACT_OUTLET;NOT_USPS_VALIDITY;NO_INVENTORY
92083,ZCTA_NEAREST_ACTIVE_OUTLET,CA0112,034,1.470,ZCTA_NN;R6371;TIE_FIRST_LEX,ZCTA_NN_HAVERSINE;NOT_ELIGIBILITY;NOT_USPS_VALIDITY;NO_INVENTORY
92084,EXACT_IMLS_OUTLET_ZIP,CA0112,034,,EXACT_OUTLET;TIE_FSCSKEY_SEQ,EXACT_OUTLET;NOT_USPS_VALIDITY;NO_INVENTORY
92085,OBSERVED_REFERENCE_INDIRECT_ONLY,,,,INDIRECT_IMLS_SC;NO_FABRICATED_NEAREST,INDIRECT_IMLS_SC;NO_FABRICATED_NEAREST;NOT_REJECTED;NOT_USPS_VALIDITY;NO_INVENTORY
92086,ZCTA_NEAREST_ACTIVE_OUTLET,CA0112,005,24.289,ZCTA_NN;R6371;TIE_FIRST_LEX,ZCTA_NN_HAVERSINE;NOT_ELIGIBILITY;NOT_USPS_VALIDITY;NO_INVENTORY
92088,OBSERVED_REFERENCE_INDIRECT_ONLY,,,,INDIRECT_IMLS_SC;NO_FABRICATED_NEAREST,INDIRECT_IMLS_SC;NO_FABRICATED_NEAREST;NOT_REJECTED;NOT_USPS_VALIDITY;NO_INVENTORY
92091,ZCTA_NEAREST_ACTIVE_OUTLET,CA0112,028,4.057,ZCTA_NN;R6371;TIE_FIRST_LEX,ZCTA_NN_HAVERSINE;NOT_ELIGIBILITY;NOT_USPS_VALIDITY;NO_INVENTORY
92092,ZCTA_NEAREST_ACTIVE_OUTLET,CA0113,041,3.607,ZCTA_NN;R6371;TIE_FIRST_LEX,ZCTA_NN_HAVERSINE;NOT_ELIGIBILITY;NOT_USPS_VALIDITY;NO_INVENTORY
92093,ZCTA_NEAREST_ACTIVE_OUTLET,CA0113,041,3.917,ZCTA_NN;R6371;TIE_FIRST_LEX,ZCTA_NN_HAVERSINE;NOT_ELIGIBILITY;NOT_USPS_VALIDITY;NO_INVENTORY
92096,ZCTA_NEAREST_ACTIVE_OUTLET,CA0112,029,1.504,ZCTA_NN;R6371;TIE_FIRST_LEX,ZCTA_NN_HAVERSINE;NOT_ELIGIBILITY;NOT_USPS_VALIDITY;NO_INVENTORY
92101,EXACT_IMLS_OUTLET_ZIP,CA0113,002,,EXACT_OUTLET;TIE_FSCSKEY_SEQ,EXACT_OUTLET;NOT_USPS_VALIDITY;NO_INVENTORY
92102,ZCTA_NEAREST_ACTIVE_OUTLET,CA0113,011,2.335,ZCTA_NN;R6371;TIE_FIRST_LEX,ZCTA_NN_HAVERSINE;NOT_ELIGIBILITY;NOT_USPS_VALIDITY;NO_INVENTORY
92103,EXACT_IMLS_OUTLET_ZIP,CA0113,013,,EXACT_OUTLET;TIE_FSCSKEY_SEQ,EXACT_OUTLET;NOT_USPS_VALIDITY;NO_INVENTORY
92104,EXACT_IMLS_OUTLET_ZIP,CA0113,016,,EXACT_OUTLET;TIE_FSCSKEY_SEQ,EXACT_OUTLET;NOT_USPS_VALIDITY;NO_INVENTORY
92105,EXACT_IMLS_OUTLET_ZIP,CA0113,008,,EXACT_OUTLET;TIE_FSCSKEY_SEQ,EXACT_OUTLET;NOT_USPS_VALIDITY;NO_INVENTORY
92106,ZCTA_NEAREST_ACTIVE_OUTLET,CA0113,022,3.475,ZCTA_NN;R6371;TIE_FIRST_LEX,ZCTA_NN_HAVERSINE;NOT_ELIGIBILITY;NOT_USPS_VALIDITY;NO_INVENTORY
92107,EXACT_IMLS_OUTLET_ZIP,CA0113,018,,EXACT_OUTLET;TIE_FSCSKEY_SEQ,EXACT_OUTLET;NOT_USPS_VALIDITY;NO_INVENTORY
92108,EXACT_IMLS_OUTLET_ZIP,CA0113,039,,EXACT_OUTLET;TIE_FSCSKEY_SEQ,EXACT_OUTLET;NOT_USPS_VALIDITY;NO_INVENTORY
92109,EXACT_IMLS_OUTLET_ZIP,CA0113,020,,EXACT_OUTLET;TIE_FSCSKEY_SEQ,EXACT_OUTLET;NOT_USPS_VALIDITY;NO_INVENTORY
92110,EXACT_IMLS_OUTLET_ZIP,CA0113,006,,EXACT_OUTLET;TIE_FSCSKEY_SEQ,EXACT_OUTLET;NOT_USPS_VALIDITY;NO_INVENTORY
92111,EXACT_IMLS_OUTLET_ZIP,CA0113,010,,EXACT_OUTLET;TIE_FSCSKEY_SEQ,EXACT_OUTLET;NOT_USPS_VALIDITY;NO_INVENTORY
92112,OBSERVED_REFERENCE_INDIRECT_ONLY,,,,INDIRECT_IMLS_SC;NO_FABRICATED_NEAREST,INDIRECT_IMLS_SC;NO_FABRICATED_NEAREST;NOT_REJECTED;NOT_USPS_VALIDITY;NO_INVENTORY
92113,EXACT_IMLS_OUTLET_ZIP,CA0113,004,,EXACT_OUTLET;TIE_FSCSKEY_SEQ,EXACT_OUTLET;NOT_USPS_VALIDITY;NO_INVENTORY
92114,EXACT_IMLS_OUTLET_ZIP,CA0113,033,,EXACT_OUTLET;TIE_FSCSKEY_SEQ,EXACT_OUTLET;NOT_USPS_VALIDITY;NO_INVENTORY
92115,EXACT_IMLS_OUTLET_ZIP,CA0113,007,,EXACT_OUTLET;TIE_FSCSKEY_SEQ,EXACT_OUTLET;NOT_USPS_VALIDITY;NO_INVENTORY
92116,EXACT_IMLS_OUTLET_ZIP,CA0113,014,,EXACT_OUTLET;TIE_FSCSKEY_SEQ,EXACT_OUTLET;NOT_USPS_VALIDITY;NO_INVENTORY
92117,EXACT_IMLS_OUTLET_ZIP,CA0113,003,,EXACT_OUTLET;TIE_FSCSKEY_SEQ,EXACT_OUTLET;NOT_USPS_VALIDITY;NO_INVENTORY
92118,EXACT_IMLS_OUTLET_ZIP,CA0160,002,,EXACT_OUTLET;TIE_FSCSKEY_SEQ,EXACT_OUTLET;NOT_USPS_VALIDITY;NO_INVENTORY
92119,EXACT_IMLS_OUTLET_ZIP,CA0113,025,,EXACT_OUTLET;TIE_FSCSKEY_SEQ,EXACT_OUTLET;NOT_USPS_VALIDITY;NO_INVENTORY
92120,EXACT_IMLS_OUTLET_ZIP,CA0113,005,,EXACT_OUTLET;TIE_FSCSKEY_SEQ,EXACT_OUTLET;NOT_USPS_VALIDITY;NO_INVENTORY
92121,ZCTA_NEAREST_ACTIVE_OUTLET,CA0113,041,3.217,ZCTA_NN;R6371;TIE_FIRST_LEX,ZCTA_NN_HAVERSINE;NOT_ELIGIBILITY;NOT_USPS_VALIDITY;NO_INVENTORY
92122,EXACT_IMLS_OUTLET_ZIP,CA0113,031,,EXACT_OUTLET;TIE_FSCSKEY_SEQ,EXACT_OUTLET;NOT_USPS_VALIDITY;NO_INVENTORY
92123,EXACT_IMLS_OUTLET_ZIP,CA0113,028,,EXACT_OUTLET;TIE_FSCSKEY_SEQ,EXACT_OUTLET;NOT_USPS_VALIDITY;NO_INVENTORY
92124,EXACT_IMLS_OUTLET_ZIP,CA0113,030,,EXACT_OUTLET;TIE_FSCSKEY_SEQ,EXACT_OUTLET;NOT_USPS_VALIDITY;NO_INVENTORY
92126,EXACT_IMLS_OUTLET_ZIP,CA0113,012,,EXACT_OUTLET;TIE_FSCSKEY_SEQ,EXACT_OUTLET;NOT_USPS_VALIDITY;NO_INVENTORY
92127,EXACT_IMLS_OUTLET_ZIP,CA0112,040,,EXACT_OUTLET;TIE_FSCSKEY_SEQ,EXACT_OUTLET;NOT_USPS_VALIDITY;NO_INVENTORY
92128,EXACT_IMLS_OUTLET_ZIP,CA0113,023,,EXACT_OUTLET;TIE_FSCSKEY_SEQ,EXACT_OUTLET;NOT_USPS_VALIDITY;NO_INVENTORY
92129,EXACT_IMLS_OUTLET_ZIP,CA0113,024,,EXACT_OUTLET;TIE_FSCSKEY_SEQ,EXACT_OUTLET;NOT_USPS_VALIDITY;NO_INVENTORY
92130,EXACT_IMLS_OUTLET_ZIP,CA0113,037,,EXACT_OUTLET;TIE_FSCSKEY_SEQ,EXACT_OUTLET;NOT_USPS_VALIDITY;NO_INVENTORY
92131,EXACT_IMLS_OUTLET_ZIP,CA0113,027,,EXACT_OUTLET;TIE_FSCSKEY_SEQ,EXACT_OUTLET;NOT_USPS_VALIDITY;NO_INVENTORY
92132,ZCTA_NEAREST_ACTIVE_OUTLET,CA0248,001,0.796,ZCTA_NN;R6371;TIE_FIRST_LEX,ZCTA_NN_HAVERSINE;NOT_ELIGIBILITY;NOT_USPS_VALIDITY;NO_INVENTORY
92134,ZCTA_NEAREST_ACTIVE_OUTLET,CA0113,002,1.575,ZCTA_NN;R6371;TIE_FIRST_LEX,ZCTA_NN_HAVERSINE;NOT_ELIGIBILITY;NOT_USPS_VALIDITY;NO_INVENTORY
92135,ZCTA_NEAREST_ACTIVE_OUTLET,CA0160,002,1.676,ZCTA_NN;R6371;TIE_FIRST_LEX,ZCTA_NN_HAVERSINE;NOT_ELIGIBILITY;NOT_USPS_VALIDITY;NO_INVENTORY
92136,ZCTA_NEAREST_ACTIVE_OUTLET,CA0113,011,2.154,ZCTA_NN;R6371;TIE_FIRST_LEX,ZCTA_NN_HAVERSINE;NOT_ELIGIBILITY;NOT_USPS_VALIDITY;NO_INVENTORY
92138,OBSERVED_REFERENCE_INDIRECT_ONLY,,,,INDIRECT_IMLS_SC;NO_FABRICATED_NEAREST,INDIRECT_IMLS_SC;NO_FABRICATED_NEAREST;NOT_REJECTED;NOT_USPS_VALIDITY;NO_INVENTORY
92139,EXACT_IMLS_OUTLET_ZIP,CA0113,021,,EXACT_OUTLET;TIE_FSCSKEY_SEQ,EXACT_OUTLET;NOT_USPS_VALIDITY;NO_INVENTORY
92140,ZCTA_NEAREST_ACTIVE_OUTLET,CA0113,013,2.588,ZCTA_NN;R6371;TIE_FIRST_LEX,ZCTA_NN_HAVERSINE;NOT_ELIGIBILITY;NOT_USPS_VALIDITY;NO_INVENTORY
92142,OBSERVED_REFERENCE_INDIRECT_ONLY,,,,INDIRECT_IMLS_SC;NO_FABRICATED_NEAREST,INDIRECT_IMLS_SC;NO_FABRICATED_NEAREST;NOT_REJECTED;NOT_USPS_VALIDITY;NO_INVENTORY
92143,OBSERVED_REFERENCE_INDIRECT_ONLY,,,,INDIRECT_IMLS_SC;NO_FABRICATED_NEAREST,INDIRECT_IMLS_SC;NO_FABRICATED_NEAREST;NOT_REJECTED;NOT_USPS_VALIDITY;NO_INVENTORY
92145,ZCTA_NEAREST_ACTIVE_OUTLET,CA0113,012,5.295,ZCTA_NN;R6371;TIE_FIRST_LEX,ZCTA_NN_HAVERSINE;NOT_ELIGIBILITY;NOT_USPS_VALIDITY;NO_INVENTORY
92147,ZCTA_NEAREST_ACTIVE_OUTLET,CA0113,022,1.991,ZCTA_NN;R6371;TIE_FIRST_LEX,ZCTA_NN_HAVERSINE;NOT_ELIGIBILITY;NOT_USPS_VALIDITY;NO_INVENTORY
92150,OBSERVED_REFERENCE_INDIRECT_ONLY,,,,INDIRECT_IMLS_SC;NO_FABRICATED_NEAREST,INDIRECT_IMLS_SC;NO_FABRICATED_NEAREST;NOT_REJECTED;NOT_USPS_VALIDITY;NO_INVENTORY
92152,OBSERVED_REFERENCE_INDIRECT_ONLY,,,,INDIRECT_IMLS_SC;NO_FABRICATED_NEAREST,INDIRECT_IMLS_SC;NO_FABRICATED_NEAREST;NOT_REJECTED;NOT_USPS_VALIDITY;NO_INVENTORY
92154,EXACT_IMLS_OUTLET_ZIP,CA0113,019,,EXACT_OUTLET;TIE_FSCSKEY_SEQ,EXACT_OUTLET;NOT_USPS_VALIDITY;NO_INVENTORY
92155,ZCTA_NEAREST_ACTIVE_OUTLET,CA0160,002,4.209,ZCTA_NN;R6371;TIE_FIRST_LEX,ZCTA_NN_HAVERSINE;NOT_ELIGIBILITY;NOT_USPS_VALIDITY;NO_INVENTORY
92159,OBSERVED_REFERENCE_INDIRECT_ONLY,,,,INDIRECT_IMLS_SC;NO_FABRICATED_NEAREST,INDIRECT_IMLS_SC;NO_FABRICATED_NEAREST;NOT_REJECTED;NOT_USPS_VALIDITY;NO_INVENTORY
92160,OBSERVED_REFERENCE_INDIRECT_ONLY,,,,INDIRECT_IMLS_SC;NO_FABRICATED_NEAREST,INDIRECT_IMLS_SC;NO_FABRICATED_NEAREST;NOT_REJECTED;NOT_USPS_VALIDITY;NO_INVENTORY
92161,ZCTA_NEAREST_ACTIVE_OUTLET,CA0113,041,3.154,ZCTA_NN;R6371;TIE_FIRST_LEX,ZCTA_NN_HAVERSINE;NOT_ELIGIBILITY;NOT_USPS_VALIDITY;NO_INVENTORY
92163,OBSERVED_REFERENCE_INDIRECT_ONLY,,,,INDIRECT_IMLS_SC;NO_FABRICATED_NEAREST,INDIRECT_IMLS_SC;NO_FABRICATED_NEAREST;NOT_REJECTED;NOT_USPS_VALIDITY;NO_INVENTORY
92165,OBSERVED_REFERENCE_INDIRECT_ONLY,,,,INDIRECT_IMLS_SC;NO_FABRICATED_NEAREST,INDIRECT_IMLS_SC;NO_FABRICATED_NEAREST;NOT_REJECTED;NOT_USPS_VALIDITY;NO_INVENTORY
92166,OBSERVED_REFERENCE_INDIRECT_ONLY,,,,INDIRECT_IMLS_SC;NO_FABRICATED_NEAREST,INDIRECT_IMLS_SC;NO_FABRICATED_NEAREST;NOT_REJECTED;NOT_USPS_VALIDITY;NO_INVENTORY
92167,OBSERVED_REFERENCE_INDIRECT_ONLY,,,,INDIRECT_IMLS_SC;NO_FABRICATED_NEAREST,INDIRECT_IMLS_SC;NO_FABRICATED_NEAREST;NOT_REJECTED;NOT_USPS_VALIDITY;NO_INVENTORY
92169,OBSERVED_REFERENCE_INDIRECT_ONLY,,,,INDIRECT_IMLS_SC;NO_FABRICATED_NEAREST,INDIRECT_IMLS_SC;NO_FABRICATED_NEAREST;NOT_REJECTED;NOT_USPS_VALIDITY;NO_INVENTORY
92171,OBSERVED_REFERENCE_INDIRECT_ONLY,,,,INDIRECT_IMLS_SC;NO_FABRICATED_NEAREST,INDIRECT_IMLS_SC;NO_FABRICATED_NEAREST;NOT_REJECTED;NOT_USPS_VALIDITY;NO_INVENTORY
92172,OBSERVED_REFERENCE_INDIRECT_ONLY,,,,INDIRECT_IMLS_SC;NO_FABRICATED_NEAREST,INDIRECT_IMLS_SC;NO_FABRICATED_NEAREST;NOT_REJECTED;NOT_USPS_VALIDITY;NO_INVENTORY
92173,EXACT_IMLS_OUTLET_ZIP,CA0113,026,,EXACT_OUTLET;TIE_FSCSKEY_SEQ,EXACT_OUTLET;NOT_USPS_VALIDITY;NO_INVENTORY
92174,OBSERVED_REFERENCE_INDIRECT_ONLY,,,,INDIRECT_IMLS_SC;NO_FABRICATED_NEAREST,INDIRECT_IMLS_SC;NO_FABRICATED_NEAREST;NOT_REJECTED;NOT_USPS_VALIDITY;NO_INVENTORY
92176,OBSERVED_REFERENCE_INDIRECT_ONLY,,,,INDIRECT_IMLS_SC;NO_FABRICATED_NEAREST,INDIRECT_IMLS_SC;NO_FABRICATED_NEAREST;NOT_REJECTED;NOT_USPS_VALIDITY;NO_INVENTORY
92177,OBSERVED_REFERENCE_INDIRECT_ONLY,,,,INDIRECT_IMLS_SC;NO_FABRICATED_NEAREST,INDIRECT_IMLS_SC;NO_FABRICATED_NEAREST;NOT_REJECTED;NOT_USPS_VALIDITY;NO_INVENTORY
92178,OBSERVED_REFERENCE_INDIRECT_ONLY,,,,INDIRECT_IMLS_SC;NO_FABRICATED_NEAREST,INDIRECT_IMLS_SC;NO_FABRICATED_NEAREST;NOT_REJECTED;NOT_USPS_VALIDITY;NO_INVENTORY
92179,ZCTA_NEAREST_ACTIVE_OUTLET,CA0023,008,5.313,ZCTA_NN;R6371;TIE_FIRST_LEX,ZCTA_NN_HAVERSINE;NOT_ELIGIBILITY;NOT_USPS_VALIDITY;NO_INVENTORY
92182,ZCTA_NEAREST_ACTIVE_OUTLET,CA0113,007,1.813,ZCTA_NN;R6371;TIE_FIRST_LEX,ZCTA_NN_HAVERSINE;NOT_ELIGIBILITY;NOT_USPS_VALIDITY;NO_INVENTORY
92186,OBSERVED_REFERENCE_INDIRECT_ONLY,,,,INDIRECT_IMLS_SC;NO_FABRICATED_NEAREST,INDIRECT_IMLS_SC;NO_FABRICATED_NEAREST;NOT_REJECTED;NOT_USPS_VALIDITY;NO_INVENTORY
92191,OBSERVED_REFERENCE_INDIRECT_ONLY,,,,INDIRECT_IMLS_SC;NO_FABRICATED_NEAREST,INDIRECT_IMLS_SC;NO_FABRICATED_NEAREST;NOT_REJECTED;NOT_USPS_VALIDITY;NO_INVENTORY
92192,OBSERVED_REFERENCE_INDIRECT_ONLY,,,,INDIRECT_IMLS_SC;NO_FABRICATED_NEAREST,INDIRECT_IMLS_SC;NO_FABRICATED_NEAREST;NOT_REJECTED;NOT_USPS_VALIDITY;NO_INVENTORY
92193,OBSERVED_REFERENCE_INDIRECT_ONLY,,,,INDIRECT_IMLS_SC;NO_FABRICATED_NEAREST,INDIRECT_IMLS_SC;NO_FABRICATED_NEAREST;NOT_REJECTED;NOT_USPS_VALIDITY;NO_INVENTORY
92195,OBSERVED_REFERENCE_INDIRECT_ONLY,,,,INDIRECT_IMLS_SC;NO_FABRICATED_NEAREST,INDIRECT_IMLS_SC;NO_FABRICATED_NEAREST;NOT_REJECTED;NOT_USPS_VALIDITY;NO_INVENTORY
92196,OBSERVED_REFERENCE_INDIRECT_ONLY,,,,INDIRECT_IMLS_SC;NO_FABRICATED_NEAREST,INDIRECT_IMLS_SC;NO_FABRICATED_NEAREST;NOT_REJECTED;NOT_USPS_VALIDITY;NO_INVENTORY
92198,OBSERVED_REFERENCE_INDIRECT_ONLY,,,,INDIRECT_IMLS_SC;NO_FABRICATED_NEAREST,INDIRECT_IMLS_SC;NO_FABRICATED_NEAREST;NOT_REJECTED;NOT_USPS_VALIDITY;NO_INVENTORY
92201,EXACT_IMLS_OUTLET_ZIP,CA0199,011,,EXACT_OUTLET;TIE_FSCSKEY_SEQ,EXACT_OUTLET;NOT_USPS_VALIDITY;NO_INVENTORY
92202,OBSERVED_REFERENCE_INDIRECT_ONLY,,,,INDIRECT_IMLS_SC;NO_FABRICATED_NEAREST,INDIRECT_IMLS_SC;NO_FABRICATED_NEAREST;NOT_REJECTED;NOT_USPS_VALIDITY;NO_INVENTORY
92203,ZCTA_NEAREST_ACTIVE_OUTLET,CA0199,011,4.185,ZCTA_NN;R6371;TIE_FIRST_LEX,ZCTA_NN_HAVERSINE;NOT_ELIGIBILITY;NOT_USPS_VALIDITY;NO_INVENTORY
92210,ZCTA_NEAREST_ACTIVE_OUTLET,CA0199,009,4.116,ZCTA_NN;R6371;TIE_FIRST_LEX,ZCTA_NN_HAVERSINE;NOT_ELIGIBILITY;NOT_USPS_VALIDITY;NO_INVENTORY
92211,ZCTA_NEAREST_ACTIVE_OUTLET,CA0199,015,6.234,ZCTA_NN;R6371;TIE_FIRST_LEX,ZCTA_NN_HAVERSINE;NOT_ELIGIBILITY;NOT_USPS_VALIDITY;NO_INVENTORY
92220,EXACT_IMLS_OUTLET_ZIP,CA0167,002,,EXACT_OUTLET;TIE_FSCSKEY_SEQ,EXACT_OUTLET;NOT_USPS_VALIDITY;NO_INVENTORY
92222,ZCTA_NEAREST_ACTIVE_OUTLET,AZ0082,010,9.822,ZCTA_NN;R6371;TIE_FIRST_LEX,ZCTA_NN_HAVERSINE;NOT_ELIGIBILITY;NOT_USPS_VALIDITY;NO_INVENTORY
92223,EXACT_IMLS_OUTLET_ZIP,CA0168,002,,EXACT_OUTLET;TIE_FSCSKEY_SEQ,EXACT_OUTLET;NOT_USPS_VALIDITY;NO_INVENTORY
92225,EXACT_IMLS_OUTLET_ZIP,CA0093,002,,EXACT_OUTLET;TIE_FSCSKEY_SEQ,EXACT_OUTLET;NOT_USPS_VALIDITY;NO_INVENTORY
92226,OBSERVED_REFERENCE_INDIRECT_ONLY,,,,INDIRECT_IMLS_SC;NO_FABRICATED_NEAREST,INDIRECT_IMLS_SC;NO_FABRICATED_NEAREST;NOT_REJECTED;NOT_USPS_VALIDITY;NO_INVENTORY
92227,EXACT_IMLS_OUTLET_ZIP,CA0013,002,,EXACT_OUTLET;TIE_FSCSKEY_SEQ,EXACT_OUTLET;NOT_USPS_VALIDITY;NO_INVENTORY
92230,EXACT_IMLS_OUTLET_ZIP,CA0199,036,,EXACT_OUTLET;TIE_FSCSKEY_SEQ,EXACT_OUTLET;NOT_USPS_VALIDITY;NO_INVENTORY
92231,EXACT_IMLS_OUTLET_ZIP,CA0019,002,,EXACT_OUTLET;TIE_FSCSKEY_SEQ,EXACT_OUTLET;NOT_USPS_VALIDITY;NO_INVENTORY
92233,EXACT_IMLS_OUTLET_ZIP,CA0047,003,,EXACT_OUTLET;TIE_FSCSKEY_SEQ,EXACT_OUTLET;NOT_USPS_VALIDITY;NO_INVENTORY
92234,EXACT_IMLS_OUTLET_ZIP,CA0199,003,,EXACT_OUTLET;TIE_FSCSKEY_SEQ,EXACT_OUTLET;NOT_USPS_VALIDITY;NO_INVENTORY
92235,OBSERVED_REFERENCE_INDIRECT_ONLY,,,,INDIRECT_IMLS_SC;NO_FABRICATED_NEAREST,INDIRECT_IMLS_SC;NO_FABRICATED_NEAREST;NOT_REJECTED;NOT_USPS_VALIDITY;NO_INVENTORY
92236,EXACT_IMLS_OUTLET_ZIP,CA0199,004,,EXACT_OUTLET;TIE_FSCSKEY_SEQ,EXACT_OUTLET;NOT_USPS_VALIDITY;NO_INVENTORY
92239,EXACT_IMLS_OUTLET_ZIP,CA0199,010,,EXACT_OUTLET;TIE_FSCSKEY_SEQ,EXACT_OUTLET;NOT_USPS_VALIDITY;NO_INVENTORY
92240,EXACT_IMLS_OUTLET_ZIP,CA0199,005,,EXACT_OUTLET;TIE_FSCSKEY_SEQ,EXACT_OUTLET;NOT_USPS_VALIDITY;NO_INVENTORY
92241,ZCTA_NEAREST_ACTIVE_OUTLET,CA0199,025,10.841,ZCTA_NN;R6371;TIE_FIRST_LEX,ZCTA_NN_HAVERSINE;NOT_ELIGIBILITY;NOT_USPS_VALIDITY;NO_INVENTORY
92242,ZCTA_NEAREST_ACTIVE_OUTLET,AZ0027,004,3.730,ZCTA_NN;R6371;TIE_FIRST_LEX,ZCTA_NN_HAVERSINE;NOT_ELIGIBILITY;NOT_USPS_VALIDITY;NO_INVENTORY
92243,EXACT_IMLS_OUTLET_ZIP,CA0035,002,,EXACT_OUTLET;TIE_FSCSKEY_SEQ,EXACT_OUTLET;NOT_USPS_VALIDITY;NO_INVENTORY
92244,OBSERVED_REFERENCE_INDIRECT_ONLY,,,,INDIRECT_IMLS_SC;NO_FABRICATED_NEAREST,INDIRECT_IMLS_SC;NO_FABRICATED_NEAREST;NOT_REJECTED;NOT_USPS_VALIDITY;NO_INVENTORY
92248,OBSERVED_REFERENCE_INDIRECT_ONLY,,,,INDIRECT_IMLS_SC;NO_FABRICATED_NEAREST,INDIRECT_IMLS_SC;NO_FABRICATED_NEAREST;NOT_REJECTED;NOT_USPS_VALIDITY;NO_INVENTORY
92249,EXACT_IMLS_OUTLET_ZIP,CA0047,005,,EXACT_OUTLET;TIE_FSCSKEY_SEQ,EXACT_OUTLET;NOT_USPS_VALIDITY;NO_INVENTORY
92250,EXACT_IMLS_OUTLET_ZIP,CA0047,006,,EXACT_OUTLET;TIE_FSCSKEY_SEQ,EXACT_OUTLET;NOT_USPS_VALIDITY;NO_INVENTORY
92251,EXACT_IMLS_OUTLET_ZIP,CA0048,002,,EXACT_OUTLET;TIE_FSCSKEY_SEQ,EXACT_OUTLET;NOT_USPS_VALIDITY;NO_INVENTORY
92252,EXACT_IMLS_OUTLET_ZIP,CA0109,014,,EXACT_OUTLET;TIE_FSCSKEY_SEQ,EXACT_OUTLET;NOT_USPS_VALIDITY;NO_INVENTORY
92253,EXACT_IMLS_OUTLET_ZIP,CA0199,009,,EXACT_OUTLET;TIE_FSCSKEY_SEQ,EXACT_OUTLET;NOT_USPS_VALIDITY;NO_INVENTORY
92254,EXACT_IMLS_OUTLET_ZIP,CA0199,012,,EXACT_OUTLET;TIE_FSCSKEY_SEQ,EXACT_OUTLET;NOT_USPS_VALIDITY;NO_INVENTORY
92255,OBSERVED_REFERENCE_INDIRECT_ONLY,,,,INDIRECT_IMLS_SC;NO_FABRICATED_NEAREST,INDIRECT_IMLS_SC;NO_FABRICATED_NEAREST;NOT_REJECTED;NOT_USPS_VALIDITY;NO_INVENTORY
92256,ZCTA_NEAREST_ACTIVE_OUTLET,CA0199,005,17.856,ZCTA_NN;R6371;TIE_FIRST_LEX,ZCTA_NN_HAVERSINE;NOT_ELIGIBILITY;NOT_USPS_VALIDITY;NO_INVENTORY
92257,ZCTA_NEAREST_ACTIVE_OUTLET,CA0047,003,23.483,ZCTA_NN;R6371;TIE_FIRST_LEX,ZCTA_NN_HAVERSINE;NOT_ELIGIBILITY;NOT_USPS_VALIDITY;NO_INVENTORY
92258,ZCTA_NEAREST_ACTIVE_OUTLET,CA0199,005,5.907,ZCTA_NN;R6371;TIE_FIRST_LEX,ZCTA_NN_HAVERSINE;NOT_ELIGIBILITY;NOT_USPS_VALIDITY;NO_INVENTORY
92259,ZCTA_NEAREST_ACTIVE_OUTLET,CA0112,018,26.028,ZCTA_NN;R6371;TIE_FIRST_LEX,ZCTA_NN_HAVERSINE;NOT_ELIGIBILITY;NOT_USPS_VALIDITY;NO_INVENTORY
92260,EXACT_IMLS_OUTLET_ZIP,CA0199,015,,EXACT_OUTLET;TIE_FSCSKEY_SEQ,EXACT_OUTLET;NOT_USPS_VALIDITY;NO_INVENTORY
92261,OBSERVED_REFERENCE_INDIRECT_ONLY,,,,INDIRECT_IMLS_SC;NO_FABRICATED_NEAREST,INDIRECT_IMLS_SC;NO_FABRICATED_NEAREST;NOT_REJECTED;NOT_USPS_VALIDITY;NO_INVENTORY
92262,EXACT_IMLS_OUTLET_ZIP,CA0090,002,,EXACT_OUTLET;TIE_FSCSKEY_SEQ,EXACT_OUTLET;NOT_USPS_VALIDITY;NO_INVENTORY
92263,OBSERVED_REFERENCE_INDIRECT_ONLY,,,,INDIRECT_IMLS_SC;NO_FABRICATED_NEAREST,INDIRECT_IMLS_SC;NO_FABRICATED_NEAREST;NOT_REJECTED;NOT_USPS_VALIDITY;NO_INVENTORY
92264,ZCTA_NEAREST_ACTIVE_OUTLET,CA0196,031,8.041,ZCTA_NN;R6371;TIE_FIRST_LEX,ZCTA_NN_HAVERSINE;NOT_ELIGIBILITY;NOT_USPS_VALIDITY;NO_INVENTORY
92266,ZCTA_NEAREST_ACTIVE_OUTLET,CA0093,002,55.070,ZCTA_NN;R6371;TIE_FIRST_LEX,ZCTA_NN_HAVERSINE;NOT_ELIGIBILITY;NOT_USPS_VALIDITY;NO_INVENTORY
92267,ZCTA_NEAREST_ACTIVE_OUTLET,AZ0027,004,18.541,ZCTA_NN;R6371;TIE_FIRST_LEX,ZCTA_NN_HAVERSINE;NOT_ELIGIBILITY;NOT_USPS_VALIDITY;NO_INVENTORY
92268,ZCTA_NEAREST_ACTIVE_OUTLET,CA0109,029,12.828,ZCTA_NN;R6371;TIE_FIRST_LEX,ZCTA_NN_HAVERSINE;NOT_ELIGIBILITY;NOT_USPS_VALIDITY;NO_INVENTORY
92270,EXACT_IMLS_OUTLET_ZIP,CA0196,031,,EXACT_OUTLET;TIE_FSCSKEY_SEQ,EXACT_OUTLET;NOT_USPS_VALIDITY;NO_INVENTORY
92273,ZCTA_NEAREST_ACTIVE_OUTLET,CA0035,002,11.937,ZCTA_NN;R6371;TIE_FIRST_LEX,ZCTA_NN_HAVERSINE;NOT_ELIGIBILITY;NOT_USPS_VALIDITY;NO_INVENTORY
92274,ZCTA_NEAREST_ACTIVE_OUTLET,CA0199,012,11.622,ZCTA_NN;R6371;TIE_FIRST_LEX,ZCTA_NN_HAVERSINE;NOT_ELIGIBILITY;NOT_USPS_VALIDITY;NO_INVENTORY
92275,EXACT_IMLS_OUTLET_ZIP,CA0047,010,,EXACT_OUTLET;TIE_FSCSKEY_SEQ,EXACT_OUTLET;NOT_USPS_VALIDITY;NO_INVENTORY
92276,EXACT_IMLS_OUTLET_ZIP,CA0199,025,,EXACT_OUTLET;TIE_FSCSKEY_SEQ,EXACT_OUTLET;NOT_USPS_VALIDITY;NO_INVENTORY
92277,EXACT_IMLS_OUTLET_ZIP,CA0109,025,,EXACT_OUTLET;TIE_FSCSKEY_SEQ,EXACT_OUTLET;NOT_USPS_VALIDITY;NO_INVENTORY
92278,ZCTA_NEAREST_ACTIVE_OUTLET,CA0109,025,10.203,ZCTA_NN;R6371;TIE_FIRST_LEX,ZCTA_NN_HAVERSINE;NOT_ELIGIBILITY;NOT_USPS_VALIDITY;NO_INVENTORY
92280,ZCTA_NEAREST_ACTIVE_OUTLET,CA0199,010,57.474,ZCTA_NN;R6371;TIE_FIRST_LEX,ZCTA_NN_HAVERSINE;NOT_ELIGIBILITY;NOT_USPS_VALIDITY;NO_INVENTORY
92281,ZCTA_NEAREST_ACTIVE_OUTLET,CA0013,002,10.779,ZCTA_NN;R6371;TIE_FIRST_LEX,ZCTA_NN_HAVERSINE;NOT_ELIGIBILITY;NOT_USPS_VALIDITY;NO_INVENTORY
92282,ZCTA_NEAREST_ACTIVE_OUTLET,CA0199,036,12.759,ZCTA_NN;R6371;TIE_FIRST_LEX,ZCTA_NN_HAVERSINE;NOT_ELIGIBILITY;NOT_USPS_VALIDITY;NO_INVENTORY
92283,ZCTA_NEAREST_ACTIVE_OUTLET,AZ0082,010,23.593,ZCTA_NN;R6371;TIE_FIRST_LEX,ZCTA_NN_HAVERSINE;NOT_ELIGIBILITY;NOT_USPS_VALIDITY;NO_INVENTORY
92284,EXACT_IMLS_OUTLET_ZIP,CA0109,029,,EXACT_OUTLET;TIE_FSCSKEY_SEQ,EXACT_OUTLET;NOT_USPS_VALIDITY;NO_INVENTORY
92285,ZCTA_NEAREST_ACTIVE_OUTLET,CA0109,029,25.339,ZCTA_NN;R6371;TIE_FIRST_LEX,ZCTA_NN_HAVERSINE;NOT_ELIGIBILITY;NOT_USPS_VALIDITY;NO_INVENTORY
92286,OBSERVED_REFERENCE_INDIRECT_ONLY,,,,INDIRECT_IMLS_SC;NO_FABRICATED_NEAREST,INDIRECT_IMLS_SC;NO_FABRICATED_NEAREST;NOT_REJECTED;NOT_USPS_VALIDITY;NO_INVENTORY
92301,EXACT_IMLS_OUTLET_ZIP,CA0109,003,,EXACT_OUTLET;TIE_FSCSKEY_SEQ,EXACT_OUTLET;NOT_USPS_VALIDITY;NO_INVENTORY
92304,ZCTA_NEAREST_ACTIVE_OUTLET,CA0109,025,56.087,ZCTA_NN;R6371;TIE_FIRST_LEX,ZCTA_NN_HAVERSINE;NOT_ELIGIBILITY;NOT_USPS_VALIDITY;NO_INVENTORY
92305,ZCTA_NEAREST_ACTIVE_OUTLET,CA0109,006,11.594,ZCTA_NN;R6371;TIE_FIRST_LEX,ZCTA_NN_HAVERSINE;NOT_ELIGIBILITY;NOT_USPS_VALIDITY;NO_INVENTORY
92307,EXACT_IMLS_OUTLET_ZIP,CA0109,004,,EXACT_OUTLET;TIE_FSCSKEY_SEQ,EXACT_OUTLET;NOT_USPS_VALIDITY;NO_INVENTORY
92308,ZCTA_NEAREST_ACTIVE_OUTLET,CA0109,004,12.856,ZCTA_NN;R6371;TIE_FIRST_LEX,ZCTA_NN_HAVERSINE;NOT_ELIGIBILITY;NOT_USPS_VALIDITY;NO_INVENTORY
92309,ZCTA_NEAREST_ACTIVE_OUTLET,CA0050,008,69.515,ZCTA_NN;R6371;TIE_FIRST_LEX,ZCTA_NN_HAVERSINE;NOT_ELIGIBILITY;NOT_USPS_VALIDITY;NO_INVENTORY
92310,ZCTA_NEAREST_ACTIVE_OUTLET,CA0109,005,54.277,ZCTA_NN;R6371;TIE_FIRST_LEX,ZCTA_NN_HAVERSINE;NOT_ELIGIBILITY;NOT_USPS_VALIDITY;NO_INVENTORY
92311,EXACT_IMLS_OUTLET_ZIP,CA0109,005,,EXACT_OUTLET;TIE_FSCSKEY_SEQ,EXACT_OUTLET;NOT_USPS_VALIDITY;NO_INVENTORY
92312,OBSERVED_REFERENCE_INDIRECT_ONLY,,,,INDIRECT_IMLS_SC;NO_FABRICATED_NEAREST,INDIRECT_IMLS_SC;NO_FABRICATED_NEAREST;NOT_REJECTED;NOT_USPS_VALIDITY;NO_INVENTORY
92313,EXACT_IMLS_OUTLET_ZIP,CA0109,012,,EXACT_OUTLET;TIE_FSCSKEY_SEQ,EXACT_OUTLET;NOT_USPS_VALIDITY;NO_INVENTORY
92314,ZCTA_NEAREST_ACTIVE_OUTLET,CA0109,006,8.562,ZCTA_NN;R6371;TIE_FIRST_LEX,ZCTA_NN_HAVERSINE;NOT_ELIGIBILITY;NOT_USPS_VALIDITY;NO_INVENTORY
92315,EXACT_IMLS_OUTLET_ZIP,CA0109,006,,EXACT_OUTLET;TIE_FSCSKEY_SEQ,EXACT_OUTLET;NOT_USPS_VALIDITY;NO_INVENTORY
92316,EXACT_IMLS_OUTLET_ZIP,CA0109,007,,EXACT_OUTLET;TIE_FSCSKEY_SEQ,EXACT_OUTLET;NOT_USPS_VALIDITY;NO_INVENTORY
92317,EXACT_IMLS_OUTLET_ZIP,CA0109,015,,EXACT_OUTLET;TIE_FSCSKEY_SEQ,EXACT_OUTLET;NOT_USPS_VALIDITY;NO_INVENTORY
92318,OBSERVED_REFERENCE_INDIRECT_ONLY,,,,INDIRECT_IMLS_SC;NO_FABRICATED_NEAREST,INDIRECT_IMLS_SC;NO_FABRICATED_NEAREST;NOT_REJECTED;NOT_USPS_VALIDITY;NO_INVENTORY
92320,EXACT_IMLS_OUTLET_ZIP,CA0199,024,,EXACT_OUTLET;TIE_FSCSKEY_SEQ,EXACT_OUTLET;NOT_USPS_VALIDITY;NO_INVENTORY
92321,ZCTA_NEAREST_ACTIVE_OUTLET,CA0109,015,6.696,ZCTA_NN;R6371;TIE_FIRST_LEX,ZCTA_NN_HAVERSINE;NOT_ELIGIBILITY;NOT_USPS_VALIDITY;NO_INVENTORY
92322,ZCTA_NEAREST_ACTIVE_OUTLET,CA0109,009,4.437,ZCTA_NN;R6371;TIE_FIRST_LEX,ZCTA_NN_HAVERSINE;NOT_ELIGIBILITY;NOT_USPS_VALIDITY;NO_INVENTORY
92324,EXACT_IMLS_OUTLET_ZIP,CA0025,002,,EXACT_OUTLET;TIE_FSCSKEY_SEQ,EXACT_OUTLET;NOT_USPS_VALIDITY;NO_INVENTORY
92325,EXACT_IMLS_OUTLET_ZIP,CA0109,009,,EXACT_OUTLET;TIE_FSCSKEY_SEQ,EXACT_OUTLET;NOT_USPS_VALIDITY;NO_INVENTORY
92327,ZCTA_NEAREST_ACTIVE_OUTLET,CA0109,005,16.695,ZCTA_NN;R6371;TIE_FIRST_LEX,ZCTA_NN_HAVERSINE;NOT_ELIGIBILITY;NOT_USPS_VALIDITY;NO_INVENTORY
92328,EXACT_IMLS_OUTLET_ZIP,CA0050,007,,EXACT_OUTLET;TIE_FSCSKEY_SEQ,EXACT_OUTLET;NOT_USPS_VALIDITY;NO_INVENTORY
92329,OBSERVED_REFERENCE_INDIRECT_ONLY,,,,INDIRECT_IMLS_SC;NO_FABRICATED_NEAREST,INDIRECT_IMLS_SC;NO_FABRICATED_NEAREST;NOT_REJECTED;NOT_USPS_VALIDITY;NO_INVENTORY
92331,OBSERVED_REFERENCE_INDIRECT_ONLY,,,,INDIRECT_IMLS_SC;NO_FABRICATED_NEAREST,INDIRECT_IMLS_SC;NO_FABRICATED_NEAREST;NOT_REJECTED;NOT_USPS_VALIDITY;NO_INVENTORY
92332,ZCTA_NEAREST_ACTIVE_OUTLET,CA0109,020,68.547,ZCTA_NN;R6371;TIE_FIRST_LEX,ZCTA_NN_HAVERSINE;NOT_ELIGIBILITY;NOT_USPS_VALIDITY;NO_INVENTORY
92333,ZCTA_NEAREST_ACTIVE_OUTLET,CA0109,006,8.859,ZCTA_NN;R6371;TIE_FIRST_LEX,ZCTA_NN_HAVERSINE;NOT_ELIGIBILITY;NOT_USPS_VALIDITY;NO_INVENTORY
92334,OBSERVED_REFERENCE_INDIRECT_ONLY,,,,INDIRECT_IMLS_SC;NO_FABRICATED_NEAREST,INDIRECT_IMLS_SC;NO_FABRICATED_NEAREST;NOT_REJECTED;NOT_USPS_VALIDITY;NO_INVENTORY
92335,EXACT_IMLS_OUTLET_ZIP,CA0109,011,,EXACT_OUTLET;TIE_FSCSKEY_SEQ,EXACT_OUTLET;NOT_USPS_VALIDITY;NO_INVENTORY
92336,EXACT_IMLS_OUTLET_ZIP,CA0109,039,,EXACT_OUTLET;TIE_FSCSKEY_SEQ,EXACT_OUTLET;NOT_USPS_VALIDITY;NO_INVENTORY
92337,EXACT_IMLS_OUTLET_ZIP,CA0109,034,,EXACT_OUTLET;TIE_FSCSKEY_SEQ,EXACT_OUTLET;NOT_USPS_VALIDITY;NO_INVENTORY
92338,ZCTA_NEAREST_ACTIVE_OUTLET,CA0109,005,71.567,ZCTA_NN;R6371;TIE_FIRST_LEX,ZCTA_NN_HAVERSINE;NOT_ELIGIBILITY;NOT_USPS_VALIDITY;NO_INVENTORY
92339,ZCTA_NEAREST_ACTIVE_OUTLET,CA0167,002,17.617,ZCTA_NN;R6371;TIE_FIRST_LEX,ZCTA_NN_HAVERSINE;NOT_ELIGIBILITY;NOT_USPS_VALIDITY;NO_INVENTORY
92340,OBSERVED_REFERENCE_INDIRECT_ONLY,,,,INDIRECT_IMLS_SC;NO_FABRICATED_NEAREST,INDIRECT_IMLS_SC;NO_FABRICATED_NEAREST;NOT_REJECTED;NOT_USPS_VALIDITY;NO_INVENTORY
92341,ZCTA_NEAREST_ACTIVE_OUTLET,CA0109,023,4.098,ZCTA_NN;R6371;TIE_FIRST_LEX,ZCTA_NN_HAVERSINE;NOT_ELIGIBILITY;NOT_USPS_VALIDITY;NO_INVENTORY
92342,ZCTA_NEAREST_ACTIVE_OUTLET,CA0109,003,21.387,ZCTA_NN;R6371;TIE_FIRST_LEX,ZCTA_NN_HAVERSINE;NOT_ELIGIBILITY;NOT_USPS_VALIDITY;NO_INVENTORY
92344,ZCTA_NEAREST_ACTIVE_OUTLET,CA0109,013,9.212,ZCTA_NN;R6371;TIE_FIRST_LEX,ZCTA_NN_HAVERSINE;NOT_ELIGIBILITY;NOT_USPS_VALIDITY;NO_INVENTORY
92345,EXACT_IMLS_OUTLET_ZIP,CA0109,013,,EXACT_OUTLET;TIE_FSCSKEY_SEQ,EXACT_OUTLET;NOT_USPS_VALIDITY;NO_INVENTORY
92346,EXACT_IMLS_OUTLET_ZIP,CA0109,010,,EXACT_OUTLET;TIE_FSCSKEY_SEQ,EXACT_OUTLET;NOT_USPS_VALIDITY;NO_INVENTORY
92347,ZCTA_NEAREST_ACTIVE_OUTLET,CA0109,005,22.153,ZCTA_NN;R6371;TIE_FIRST_LEX,ZCTA_NN_HAVERSINE;NOT_ELIGIBILITY;NOT_USPS_VALIDITY;NO_INVENTORY
92350,ZCTA_NEAREST_ACTIVE_OUTLET,CA0109,016,1.515,ZCTA_NN;R6371;TIE_FIRST_LEX,ZCTA_NN_HAVERSINE;NOT_ELIGIBILITY;NOT_USPS_VALIDITY;NO_INVENTORY
92352,ZCTA_NEAREST_ACTIVE_OUTLET,CA0109,015,3.153,ZCTA_NN;R6371;TIE_FIRST_LEX,ZCTA_NN_HAVERSINE;NOT_ELIGIBILITY;NOT_USPS_VALIDITY;NO_INVENTORY
92354,EXACT_IMLS_OUTLET_ZIP,CA0109,016,,EXACT_OUTLET;TIE_FSCSKEY_SEQ,EXACT_OUTLET;NOT_USPS_VALIDITY;NO_INVENTORY
92356,EXACT_IMLS_OUTLET_ZIP,CA0109,017,,EXACT_OUTLET;TIE_FSCSKEY_SEQ,EXACT_OUTLET;NOT_USPS_VALIDITY;NO_INVENTORY
92357,OBSERVED_REFERENCE_INDIRECT_ONLY,,,,INDIRECT_IMLS_SC;NO_FABRICATED_NEAREST,INDIRECT_IMLS_SC;NO_FABRICATED_NEAREST;NOT_REJECTED;NOT_USPS_VALIDITY;NO_INVENTORY
92358,ZCTA_NEAREST_ACTIVE_OUTLET,CA0109,027,14.080,ZCTA_NN;R6371;TIE_FIRST_LEX,ZCTA_NN_HAVERSINE;NOT_ELIGIBILITY;NOT_USPS_VALIDITY;NO_INVENTORY
92359,EXACT_IMLS_OUTLET_ZIP,CA0109,018,,EXACT_OUTLET;TIE_FSCSKEY_SEQ,EXACT_OUTLET;NOT_USPS_VALIDITY;NO_INVENTORY
92363,EXACT_IMLS_OUTLET_ZIP,CA0109,020,,EXACT_OUTLET;TIE_FSCSKEY_SEQ,EXACT_OUTLET;NOT_USPS_VALIDITY;NO_INVENTORY
92364,ZCTA_NEAREST_ACTIVE_OUTLET,NV0008,020,49.643,ZCTA_NN;R6371;TIE_FIRST_LEX,ZCTA_NN_HAVERSINE;NOT_ELIGIBILITY;NOT_USPS_VALIDITY;NO_INVENTORY
92365,ZCTA_NEAREST_ACTIVE_OUTLET,CA0109,005,45.648,ZCTA_NN;R6371;TIE_FIRST_LEX,ZCTA_NN_HAVERSINE;NOT_ELIGIBILITY;NOT_USPS_VALIDITY;NO_INVENTORY
92368,ZCTA_NEAREST_ACTIVE_OUTLET,CA0109,003,13.017,ZCTA_NN;R6371;TIE_FIRST_LEX,ZCTA_NN_HAVERSINE;NOT_ELIGIBILITY;NOT_USPS_VALIDITY;NO_INVENTORY
92369,ZCTA_NEAREST_ACTIVE_OUTLET,CA0109,010,3.210,ZCTA_NN;R6371;TIE_FIRST_LEX,ZCTA_NN_HAVERSINE;NOT_ELIGIBILITY;NOT_USPS_VALIDITY;NO_INVENTORY
92371,EXACT_IMLS_OUTLET_ZIP,CA0109,037,,EXACT_OUTLET;TIE_FSCSKEY_SEQ,EXACT_OUTLET;NOT_USPS_VALIDITY;NO_INVENTORY
92372,ZCTA_NEAREST_ACTIVE_OUTLET,CA0109,037,5.948,ZCTA_NN;R6371;TIE_FIRST_LEX,ZCTA_NN_HAVERSINE;NOT_ELIGIBILITY;NOT_USPS_VALIDITY;NO_INVENTORY
92373,EXACT_IMLS_OUTLET_ZIP,CA0165,002,,EXACT_OUTLET;TIE_FSCSKEY_SEQ,EXACT_OUTLET;NOT_USPS_VALIDITY;NO_INVENTORY
92374,ZCTA_NEAREST_ACTIVE_OUTLET,CA0165,002,1.736,ZCTA_NN;R6371;TIE_FIRST_LEX,ZCTA_NN_HAVERSINE;NOT_ELIGIBILITY;NOT_USPS_VALIDITY;NO_INVENTORY
92375,OBSERVED_REFERENCE_INDIRECT_ONLY,,,,INDIRECT_IMLS_SC;NO_FABRICATED_NEAREST,INDIRECT_IMLS_SC;NO_FABRICATED_NEAREST;NOT_REJECTED;NOT_USPS_VALIDITY;NO_INVENTORY
92376,EXACT_IMLS_OUTLET_ZIP,CA0109,022,,EXACT_OUTLET;TIE_FSCSKEY_SEQ,EXACT_OUTLET;NOT_USPS_VALIDITY;NO_INVENTORY
92377,EXACT_IMLS_OUTLET_ZIP,CA0109,038,,EXACT_OUTLET;TIE_FSCSKEY_SEQ,EXACT_OUTLET;NOT_USPS_VALIDITY;NO_INVENTORY
92378,ZCTA_NEAREST_ACTIVE_OUTLET,CA0109,015,2.144,ZCTA_NN;R6371;TIE_FIRST_LEX,ZCTA_NN_HAVERSINE;NOT_ELIGIBILITY;NOT_USPS_VALIDITY;NO_INVENTORY
92382,EXACT_IMLS_OUTLET_ZIP,CA0109,023,,EXACT_OUTLET;TIE_FSCSKEY_SEQ,EXACT_OUTLET;NOT_USPS_VALIDITY;NO_INVENTORY
92384,ZCTA_NEAREST_ACTIVE_OUTLET,CA0050,008,19.787,ZCTA_NN;R6371;TIE_FIRST_LEX,ZCTA_NN_HAVERSINE;NOT_ELIGIBILITY;NOT_USPS_VALIDITY;NO_INVENTORY
92385,ZCTA_NEAREST_ACTIVE_OUTLET,CA0109,015,4.156,ZCTA_NN;R6371;TIE_FIRST_LEX,ZCTA_NN_HAVERSINE;NOT_ELIGIBILITY;NOT_USPS_VALIDITY;NO_INVENTORY
92386,ZCTA_NEAREST_ACTIVE_OUTLET,CA0109,006,5.789,ZCTA_NN;R6371;TIE_FIRST_LEX,ZCTA_NN_HAVERSINE;NOT_ELIGIBILITY;NOT_USPS_VALIDITY;NO_INVENTORY
92389,EXACT_IMLS_OUTLET_ZIP,CA0050,008,,EXACT_OUTLET;TIE_FSCSKEY_SEQ,EXACT_OUTLET;NOT_USPS_VALIDITY;NO_INVENTORY
92391,ZCTA_NEAREST_ACTIVE_OUTLET,CA0109,015,2.606,ZCTA_NN;R6371;TIE_FIRST_LEX,ZCTA_NN_HAVERSINE;NOT_ELIGIBILITY;NOT_USPS_VALIDITY;NO_INVENTORY
92392,EXACT_IMLS_OUTLET_ZIP,CA0247,003,,EXACT_OUTLET;TIE_FSCSKEY_SEQ,EXACT_OUTLET;NOT_USPS_VALIDITY;NO_INVENTORY
92393,OBSERVED_REFERENCE_INDIRECT_ONLY,,,,INDIRECT_IMLS_SC;NO_FABRICATED_NEAREST,INDIRECT_IMLS_SC;NO_FABRICATED_NEAREST;NOT_REJECTED;NOT_USPS_VALIDITY;NO_INVENTORY
92394,ZCTA_NEAREST_ACTIVE_OUTLET,CA0109,003,4.924,ZCTA_NN;R6371;TIE_FIRST_LEX,ZCTA_NN_HAVERSINE;NOT_ELIGIBILITY;NOT_USPS_VALIDITY;NO_INVENTORY
92395,EXACT_IMLS_OUTLET_ZIP,CA0207,001,,EXACT_OUTLET;TIE_FSCSKEY_SEQ,EXACT_OUTLET;NOT_USPS_VALIDITY;NO_INVENTORY
92397,EXACT_IMLS_OUTLET_ZIP,CA0109,027,,EXACT_OUTLET;TIE_FSCSKEY_SEQ,EXACT_OUTLET;NOT_USPS_VALIDITY;NO_INVENTORY
92398,ZCTA_NEAREST_ACTIVE_OUTLET,CA0109,005,21.735,ZCTA_NN;R6371;TIE_FIRST_LEX,ZCTA_NN_HAVERSINE;NOT_ELIGIBILITY;NOT_USPS_VALIDITY;NO_INVENTORY
92399,EXACT_IMLS_OUTLET_ZIP,CA0109,028,,EXACT_OUTLET;TIE_FSCSKEY_SEQ,EXACT_OUTLET;NOT_USPS_VALIDITY;NO_INVENTORY
92401,EXACT_IMLS_OUTLET_ZIP,CA0247,001,,EXACT_OUTLET;TIE_FSCSKEY_SEQ,EXACT_OUTLET;NOT_USPS_VALIDITY;NO_INVENTORY
92402,OBSERVED_REFERENCE_INDIRECT_ONLY,,,,INDIRECT_IMLS_SC;NO_FABRICATED_NEAREST,INDIRECT_IMLS_SC;NO_FABRICATED_NEAREST;NOT_REJECTED;NOT_USPS_VALIDITY;NO_INVENTORY
92404,EXACT_IMLS_OUTLET_ZIP,CA0110,003,,EXACT_OUTLET;TIE_FSCSKEY_SEQ,EXACT_OUTLET;NOT_USPS_VALIDITY;NO_INVENTORY
92405,ZCTA_NEAREST_ACTIVE_OUTLET,CA0110,003,1.663,ZCTA_NN;R6371;TIE_FIRST_LEX,ZCTA_NN_HAVERSINE;NOT_ELIGIBILITY;NOT_USPS_VALIDITY;NO_INVENTORY
92406,OBSERVED_REFERENCE_INDIRECT_ONLY,,,,INDIRECT_IMLS_SC;NO_FABRICATED_NEAREST,INDIRECT_IMLS_SC;NO_FABRICATED_NEAREST;NOT_REJECTED;NOT_USPS_VALIDITY;NO_INVENTORY
92407,EXACT_IMLS_OUTLET_ZIP,CA0109,041,,EXACT_OUTLET;TIE_FSCSKEY_SEQ,EXACT_OUTLET;NOT_USPS_VALIDITY;NO_INVENTORY
92408,ZCTA_NEAREST_ACTIVE_OUTLET,CA0247,001,3.353,ZCTA_NN;R6371;TIE_FIRST_LEX,ZCTA_NN_HAVERSINE;NOT_ELIGIBILITY;NOT_USPS_VALIDITY;NO_INVENTORY
92410,EXACT_IMLS_OUTLET_ZIP,CA0110,002,,EXACT_OUTLET;TIE_FSCSKEY_SEQ,EXACT_OUTLET;NOT_USPS_VALIDITY;NO_INVENTORY
92411,EXACT_IMLS_OUTLET_ZIP,CA0110,005,,EXACT_OUTLET;TIE_FSCSKEY_SEQ,EXACT_OUTLET;NOT_USPS_VALIDITY;NO_INVENTORY
92415,EXACT_IMLS_SYSTEM_ZIP,CA0109,,,EXACT_SYSTEM;TIE_FSCSKEY,EXACT_SYSTEM_ADMIN;NOT_NEARBY_OUTLET;NOT_USPS_VALIDITY;NO_INVENTORY
92423,OBSERVED_REFERENCE_INDIRECT_ONLY,,,,INDIRECT_IMLS_SC;NO_FABRICATED_NEAREST,INDIRECT_IMLS_SC;NO_FABRICATED_NEAREST;NOT_REJECTED;NOT_USPS_VALIDITY;NO_INVENTORY
92427,OBSERVED_REFERENCE_INDIRECT_ONLY,,,,INDIRECT_IMLS_SC;NO_FABRICATED_NEAREST,INDIRECT_IMLS_SC;NO_FABRICATED_NEAREST;NOT_REJECTED;NOT_USPS_VALIDITY;NO_INVENTORY
92501,EXACT_IMLS_OUTLET_ZIP,CA0103,002,,EXACT_OUTLET;TIE_FSCSKEY_SEQ,EXACT_OUTLET;NOT_USPS_VALIDITY;NO_INVENTORY
92502,OBSERVED_REFERENCE_INDIRECT_ONLY,,,,INDIRECT_IMLS_SC;NO_FABRICATED_NEAREST,INDIRECT_IMLS_SC;NO_FABRICATED_NEAREST;NOT_REJECTED;NOT_USPS_VALIDITY;NO_INVENTORY
92503,EXACT_IMLS_OUTLET_ZIP,CA0103,003,,EXACT_OUTLET;TIE_FSCSKEY_SEQ,EXACT_OUTLET;NOT_USPS_VALIDITY;NO_INVENTORY
92504,EXACT_IMLS_OUTLET_ZIP,CA0103,004,,EXACT_OUTLET;TIE_FSCSKEY_SEQ,EXACT_OUTLET;NOT_USPS_VALIDITY;NO_INVENTORY
92505,EXACT_IMLS_OUTLET_ZIP,CA0103,005,,EXACT_OUTLET;TIE_FSCSKEY_SEQ,EXACT_OUTLET;NOT_USPS_VALIDITY;NO_INVENTORY
92506,EXACT_IMLS_OUTLET_ZIP,CA0103,006,,EXACT_OUTLET;TIE_FSCSKEY_SEQ,EXACT_OUTLET;NOT_USPS_VALIDITY;NO_INVENTORY
92507,EXACT_IMLS_OUTLET_ZIP,CA0103,031,,EXACT_OUTLET;TIE_FSCSKEY_SEQ,EXACT_OUTLET;NOT_USPS_VALIDITY;NO_INVENTORY
92508,EXACT_IMLS_OUTLET_ZIP,CA0103,032,,EXACT_OUTLET;TIE_FSCSKEY_SEQ,EXACT_OUTLET;NOT_USPS_VALIDITY;NO_INVENTORY
92509,EXACT_IMLS_OUTLET_ZIP,CA0199,006,,EXACT_OUTLET;TIE_FSCSKEY_SEQ,EXACT_OUTLET;NOT_USPS_VALIDITY;NO_INVENTORY
92513,OBSERVED_REFERENCE_INDIRECT_ONLY,,,,INDIRECT_IMLS_SC;NO_FABRICATED_NEAREST,INDIRECT_IMLS_SC;NO_FABRICATED_NEAREST;NOT_REJECTED;NOT_USPS_VALIDITY;NO_INVENTORY
92514,OBSERVED_REFERENCE_INDIRECT_ONLY,,,,INDIRECT_IMLS_SC;NO_FABRICATED_NEAREST,INDIRECT_IMLS_SC;NO_FABRICATED_NEAREST;NOT_REJECTED;NOT_USPS_VALIDITY;NO_INVENTORY
92516,OBSERVED_REFERENCE_INDIRECT_ONLY,,,,INDIRECT_IMLS_SC;NO_FABRICATED_NEAREST,INDIRECT_IMLS_SC;NO_FABRICATED_NEAREST;NOT_REJECTED;NOT_USPS_VALIDITY;NO_INVENTORY
92517,OBSERVED_REFERENCE_INDIRECT_ONLY,,,,INDIRECT_IMLS_SC;NO_FABRICATED_NEAREST,INDIRECT_IMLS_SC;NO_FABRICATED_NEAREST;NOT_REJECTED;NOT_USPS_VALIDITY;NO_INVENTORY
92518,ZCTA_NEAREST_ACTIVE_OUTLET,CA0103,032,3.148,ZCTA_NN;R6371;TIE_FIRST_LEX,ZCTA_NN_HAVERSINE;NOT_ELIGIBILITY;NOT_USPS_VALIDITY;NO_INVENTORY
92519,OBSERVED_REFERENCE_INDIRECT_ONLY,,,,INDIRECT_IMLS_SC;NO_FABRICATED_NEAREST,INDIRECT_IMLS_SC;NO_FABRICATED_NEAREST;NOT_REJECTED;NOT_USPS_VALIDITY;NO_INVENTORY
92521,ZCTA_NEAREST_ACTIVE_OUTLET,CA0103,031,2.488,ZCTA_NN;R6371;TIE_FIRST_LEX,ZCTA_NN_HAVERSINE;NOT_ELIGIBILITY;NOT_USPS_VALIDITY;NO_INVENTORY
92530,EXACT_IMLS_OUTLET_ZIP,CA0199,001,,EXACT_OUTLET;TIE_FSCSKEY_SEQ,EXACT_OUTLET;NOT_USPS_VALIDITY;NO_INVENTORY
92531,OBSERVED_REFERENCE_INDIRECT_ONLY,,,,INDIRECT_IMLS_SC;NO_FABRICATED_NEAREST,INDIRECT_IMLS_SC;NO_FABRICATED_NEAREST;NOT_REJECTED;NOT_USPS_VALIDITY;NO_INVENTORY
92532,ZCTA_NEAREST_ACTIVE_OUTLET,CA0199,001,3.733,ZCTA_NN;R6371;TIE_FIRST_LEX,ZCTA_NN_HAVERSINE;NOT_ELIGIBILITY;NOT_USPS_VALIDITY;NO_INVENTORY
92536,ZCTA_NEAREST_ACTIVE_OUTLET,CA0199,023,16.959,ZCTA_NN;R6371;TIE_FIRST_LEX,ZCTA_NN_HAVERSINE;NOT_ELIGIBILITY;NOT_USPS_VALIDITY;NO_INVENTORY
92539,EXACT_IMLS_OUTLET_ZIP,CA0199,023,,EXACT_OUTLET;TIE_FSCSKEY_SEQ,EXACT_OUTLET;NOT_USPS_VALIDITY;NO_INVENTORY
92543,EXACT_IMLS_OUTLET_ZIP,CA0045,002,,EXACT_OUTLET;TIE_FSCSKEY_SEQ,EXACT_OUTLET;NOT_USPS_VALIDITY;NO_INVENTORY
92544,EXACT_IMLS_OUTLET_ZIP,CA0199,021,,EXACT_OUTLET;TIE_FSCSKEY_SEQ,EXACT_OUTLET;NOT_USPS_VALIDITY;NO_INVENTORY
92545,ZCTA_NEAREST_ACTIVE_OUTLET,CA0045,002,6.470,ZCTA_NN;R6371;TIE_FIRST_LEX,ZCTA_NN_HAVERSINE;NOT_ELIGIBILITY;NOT_USPS_VALIDITY;NO_INVENTORY
92546,OBSERVED_REFERENCE_INDIRECT_ONLY,,,,INDIRECT_IMLS_SC;NO_FABRICATED_NEAREST,INDIRECT_IMLS_SC;NO_FABRICATED_NEAREST;NOT_REJECTED;NOT_USPS_VALIDITY;NO_INVENTORY
92548,ZCTA_NEAREST_ACTIVE_OUTLET,CA0199,014,6.907,ZCTA_NN;R6371;TIE_FIRST_LEX,ZCTA_NN_HAVERSINE;NOT_ELIGIBILITY;NOT_USPS_VALIDITY;NO_INVENTORY
92549,EXACT_IMLS_OUTLET_ZIP,CA0199,008,,EXACT_OUTLET;TIE_FSCSKEY_SEQ,EXACT_OUTLET;NOT_USPS_VALIDITY;NO_INVENTORY
92551,EXACT_IMLS_OUTLET_ZIP,CA0200,005,,EXACT_OUTLET;TIE_FSCSKEY_SEQ,EXACT_OUTLET;NOT_USPS_VALIDITY;NO_INVENTORY
92552,OBSERVED_REFERENCE_INDIRECT_ONLY,,,,INDIRECT_IMLS_SC;NO_FABRICATED_NEAREST,INDIRECT_IMLS_SC;NO_FABRICATED_NEAREST;NOT_REJECTED;NOT_USPS_VALIDITY;NO_INVENTORY
92553,EXACT_IMLS_OUTLET_ZIP,CA0200,001,,EXACT_OUTLET;TIE_FSCSKEY_SEQ,EXACT_OUTLET;NOT_USPS_VALIDITY;NO_INVENTORY
92554,OBSERVED_REFERENCE_INDIRECT_ONLY,,,,INDIRECT_IMLS_SC;NO_FABRICATED_NEAREST,INDIRECT_IMLS_SC;NO_FABRICATED_NEAREST;NOT_REJECTED;NOT_USPS_VALIDITY;NO_INVENTORY
92555,ZCTA_NEAREST_ACTIVE_OUTLET,CA0200,001,9.624,ZCTA_NN;R6371;TIE_FIRST_LEX,ZCTA_NN_HAVERSINE;NOT_ELIGIBILITY;NOT_USPS_VALIDITY;NO_INVENTORY
92556,OBSERVED_REFERENCE_INDIRECT_ONLY,,,,INDIRECT_IMLS_SC;NO_FABRICATED_NEAREST,INDIRECT_IMLS_SC;NO_FABRICATED_NEAREST;NOT_REJECTED;NOT_USPS_VALIDITY;NO_INVENTORY
92557,ZCTA_NEAREST_ACTIVE_OUTLET,CA0200,004,3.750,ZCTA_NN;R6371;TIE_FIRST_LEX,ZCTA_NN_HAVERSINE;NOT_ELIGIBILITY;NOT_USPS_VALIDITY;NO_INVENTORY
92561,ZCTA_NEAREST_ACTIVE_OUTLET,CA0199,023,12.135,ZCTA_NN;R6371;TIE_FIRST_LEX,ZCTA_NN_HAVERSINE;NOT_ELIGIBILITY;NOT_USPS_VALIDITY;NO_INVENTORY
92562,EXACT_IMLS_OUTLET_ZIP,CA0202,001,,EXACT_OUTLET;TIE_FSCSKEY_SEQ,EXACT_OUTLET;NOT_USPS_VALIDITY;NO_INVENTORY
92563,ZCTA_NEAREST_ACTIVE_OUTLET,CA0199,038,3.914,ZCTA_NN;R6371;TIE_FIRST_LEX,ZCTA_NN_HAVERSINE;NOT_ELIGIBILITY;NOT_USPS_VALIDITY;NO_INVENTORY
92564,OBSERVED_REFERENCE_INDIRECT_ONLY,,,,INDIRECT_IMLS_SC;NO_FABRICATED_NEAREST,INDIRECT_IMLS_SC;NO_FABRICATED_NEAREST;NOT_REJECTED;NOT_USPS_VALIDITY;NO_INVENTORY
92567,EXACT_IMLS_OUTLET_ZIP,CA0199,014,,EXACT_OUTLET;TIE_FSCSKEY_SEQ,EXACT_OUTLET;NOT_USPS_VALIDITY;NO_INVENTORY
92570,EXACT_IMLS_OUTLET_ZIP,CA0199,016,,EXACT_OUTLET;TIE_FSCSKEY_SEQ,EXACT_OUTLET;NOT_USPS_VALIDITY;NO_INVENTORY
92571,ZCTA_NEAREST_ACTIVE_OUTLET,CA0200,005,5.631,ZCTA_NN;R6371;TIE_FIRST_LEX,ZCTA_NN_HAVERSINE;NOT_ELIGIBILITY;NOT_USPS_VALIDITY;NO_INVENTORY
92572,OBSERVED_REFERENCE_INDIRECT_ONLY,,,,INDIRECT_IMLS_SC;NO_FABRICATED_NEAREST,INDIRECT_IMLS_SC;NO_FABRICATED_NEAREST;NOT_REJECTED;NOT_USPS_VALIDITY;NO_INVENTORY
92581,OBSERVED_REFERENCE_INDIRECT_ONLY,,,,INDIRECT_IMLS_SC;NO_FABRICATED_NEAREST,INDIRECT_IMLS_SC;NO_FABRICATED_NEAREST;NOT_REJECTED;NOT_USPS_VALIDITY;NO_INVENTORY
92582,ZCTA_NEAREST_ACTIVE_OUTLET,CA0199,018,5.923,ZCTA_NN;R6371;TIE_FIRST_LEX,ZCTA_NN_HAVERSINE;NOT_ELIGIBILITY;NOT_USPS_VALIDITY;NO_INVENTORY
92583,EXACT_IMLS_OUTLET_ZIP,CA0199,018,,EXACT_OUTLET;TIE_FSCSKEY_SEQ,EXACT_OUTLET;NOT_USPS_VALIDITY;NO_INVENTORY
92584,EXACT_IMLS_OUTLET_ZIP,CA0199,039,,EXACT_OUTLET;TIE_FSCSKEY_SEQ,EXACT_OUTLET;NOT_USPS_VALIDITY;NO_INVENTORY
92585,ZCTA_NEAREST_ACTIVE_OUTLET,CA0199,019,4.001,ZCTA_NN;R6371;TIE_FIRST_LEX,ZCTA_NN_HAVERSINE;NOT_ELIGIBILITY;NOT_USPS_VALIDITY;NO_INVENTORY
92586,EXACT_IMLS_OUTLET_ZIP,CA0199,019,,EXACT_OUTLET;TIE_FSCSKEY_SEQ,EXACT_OUTLET;NOT_USPS_VALIDITY;NO_INVENTORY
92587,EXACT_IMLS_OUTLET_ZIP,CA0199,002,,EXACT_OUTLET;TIE_FSCSKEY_SEQ,EXACT_OUTLET;NOT_USPS_VALIDITY;NO_INVENTORY
92589,OBSERVED_REFERENCE_INDIRECT_ONLY,,,,INDIRECT_IMLS_SC;NO_FABRICATED_NEAREST,INDIRECT_IMLS_SC;NO_FABRICATED_NEAREST;NOT_REJECTED;NOT_USPS_VALIDITY;NO_INVENTORY
92590,ZCTA_NEAREST_ACTIVE_OUTLET,CA0199,020,7.790,ZCTA_NN;R6371;TIE_FIRST_LEX,ZCTA_NN_HAVERSINE;NOT_ELIGIBILITY;NOT_USPS_VALIDITY;NO_INVENTORY
92591,EXACT_IMLS_OUTLET_ZIP,CA0199,020,,EXACT_OUTLET;TIE_FSCSKEY_SEQ,EXACT_OUTLET;NOT_USPS_VALIDITY;NO_INVENTORY
92592,EXACT_IMLS_OUTLET_ZIP,CA0199,032,,EXACT_OUTLET;TIE_FSCSKEY_SEQ,EXACT_OUTLET;NOT_USPS_VALIDITY;NO_INVENTORY
92593,OBSERVED_REFERENCE_INDIRECT_ONLY,,,,INDIRECT_IMLS_SC;NO_FABRICATED_NEAREST,INDIRECT_IMLS_SC;NO_FABRICATED_NEAREST;NOT_REJECTED;NOT_USPS_VALIDITY;NO_INVENTORY
92595,EXACT_IMLS_OUTLET_ZIP,CA0199,027,,EXACT_OUTLET;TIE_FSCSKEY_SEQ,EXACT_OUTLET;NOT_USPS_VALIDITY;NO_INVENTORY
92596,EXACT_IMLS_OUTLET_ZIP,CA0199,038,,EXACT_OUTLET;TIE_FSCSKEY_SEQ,EXACT_OUTLET;NOT_USPS_VALIDITY;NO_INVENTORY
92602,EXACT_IMLS_OUTLET_ZIP,CA0084,035,,EXACT_OUTLET;TIE_FSCSKEY_SEQ,EXACT_OUTLET;NOT_USPS_VALIDITY;NO_INVENTORY
92603,ZCTA_NEAREST_ACTIVE_OUTLET,CA0084,014,4.270,ZCTA_NN;R6371;TIE_FIRST_LEX,ZCTA_NN_HAVERSINE;NOT_ELIGIBILITY;NOT_USPS_VALIDITY;NO_INVENTORY
92604,EXACT_IMLS_OUTLET_ZIP,CA0084,013,,EXACT_OUTLET;TIE_FSCSKEY_SEQ,EXACT_OUTLET;NOT_USPS_VALIDITY;NO_INVENTORY
92605,OBSERVED_REFERENCE_INDIRECT_ONLY,,,,INDIRECT_IMLS_SC;NO_FABRICATED_NEAREST,INDIRECT_IMLS_SC;NO_FABRICATED_NEAREST;NOT_REJECTED;NOT_USPS_VALIDITY;NO_INVENTORY
92606,ZCTA_NEAREST_ACTIVE_OUTLET,CA0084,014,3.672,ZCTA_NN;R6371;TIE_FIRST_LEX,ZCTA_NN_HAVERSINE;NOT_ELIGIBILITY;NOT_USPS_VALIDITY;NO_INVENTORY
92607,OBSERVED_REFERENCE_INDIRECT_ONLY,,,,INDIRECT_IMLS_SC;NO_FABRICATED_NEAREST,INDIRECT_IMLS_SC;NO_FABRICATED_NEAREST;NOT_REJECTED;NOT_USPS_VALIDITY;NO_INVENTORY
92609,OBSERVED_REFERENCE_INDIRECT_ONLY,,,,INDIRECT_IMLS_SC;NO_FABRICATED_NEAREST,INDIRECT_IMLS_SC;NO_FABRICATED_NEAREST;NOT_REJECTED;NOT_USPS_VALIDITY;NO_INVENTORY
92610,EXACT_IMLS_OUTLET_ZIP,CA0084,033,,EXACT_OUTLET;TIE_FSCSKEY_SEQ,EXACT_OUTLET;NOT_USPS_VALIDITY;NO_INVENTORY
92612,EXACT_IMLS_OUTLET_ZIP,CA0084,014,,EXACT_OUTLET;TIE_FSCSKEY_SEQ,EXACT_OUTLET;NOT_USPS_VALIDITY;NO_INVENTORY
92614,ZCTA_NEAREST_ACTIVE_OUTLET,CA0084,014,2.315,ZCTA_NN;R6371;TIE_FIRST_LEX,ZCTA_NN_HAVERSINE;NOT_ELIGIBILITY;NOT_USPS_VALIDITY;NO_INVENTORY
92615,OBSERVED_REFERENCE_INDIRECT_ONLY,,,,INDIRECT_IMLS_SC;NO_FABRICATED_NEAREST,INDIRECT_IMLS_SC;NO_FABRICATED_NEAREST;NOT_REJECTED;NOT_USPS_VALIDITY;NO_INVENTORY
92616,OBSERVED_REFERENCE_INDIRECT_ONLY,,,,INDIRECT_IMLS_SC;NO_FABRICATED_NEAREST,INDIRECT_IMLS_SC;NO_FABRICATED_NEAREST;NOT_REJECTED;NOT_USPS_VALIDITY;NO_INVENTORY
92617,ZCTA_NEAREST_ACTIVE_OUTLET,CA0084,014,2.818,ZCTA_NN;R6371;TIE_FIRST_LEX,ZCTA_NN_HAVERSINE;NOT_ELIGIBILITY;NOT_USPS_VALIDITY;NO_INVENTORY
92618,ZCTA_NEAREST_ACTIVE_OUTLET,CA0084,013,5.383,ZCTA_NN;R6371;TIE_FIRST_LEX,ZCTA_NN_HAVERSINE;NOT_ELIGIBILITY;NOT_USPS_VALIDITY;NO_INVENTORY
92619,OBSERVED_REFERENCE_INDIRECT_ONLY,,,,INDIRECT_IMLS_SC;NO_FABRICATED_NEAREST,INDIRECT_IMLS_SC;NO_FABRICATED_NEAREST;NOT_REJECTED;NOT_USPS_VALIDITY;NO_INVENTORY
92620,ZCTA_NEAREST_ACTIVE_OUTLET,CA0084,013,2.102,ZCTA_NN;R6371;TIE_FIRST_LEX,ZCTA_NN_HAVERSINE;NOT_ELIGIBILITY;NOT_USPS_VALIDITY;NO_INVENTORY
92623,OBSERVED_REFERENCE_INDIRECT_ONLY,,,,INDIRECT_IMLS_SC;NO_FABRICATED_NEAREST,INDIRECT_IMLS_SC;NO_FABRICATED_NEAREST;NOT_REJECTED;NOT_USPS_VALIDITY;NO_INVENTORY
92624,ZCTA_NEAREST_ACTIVE_OUTLET,CA0084,007,5.044,ZCTA_NN;R6371;TIE_FIRST_LEX,ZCTA_NN_HAVERSINE;NOT_ELIGIBILITY;NOT_USPS_VALIDITY;NO_INVENTORY
92625,EXACT_IMLS_OUTLET_ZIP,CA0080,003,,EXACT_OUTLET;TIE_FSCSKEY_SEQ,EXACT_OUTLET;NOT_USPS_VALIDITY;NO_INVENTORY
92626,EXACT_IMLS_OUTLET_ZIP,CA0084,005,,EXACT_OUTLET;TIE_FSCSKEY_SEQ,EXACT_OUTLET;NOT_USPS_VALIDITY;NO_INVENTORY
92627,EXACT_IMLS_OUTLET_ZIP,CA0084,004,,EXACT_OUTLET;TIE_FSCSKEY_SEQ,EXACT_OUTLET;NOT_USPS_VALIDITY;NO_INVENTORY
92628,OBSERVED_REFERENCE_INDIRECT_ONLY,,,,INDIRECT_IMLS_SC;NO_FABRICATED_NEAREST,INDIRECT_IMLS_SC;NO_FABRICATED_NEAREST;NOT_REJECTED;NOT_USPS_VALIDITY;NO_INVENTORY
92629,EXACT_IMLS_OUTLET_ZIP,CA0084,007,,EXACT_OUTLET;TIE_FSCSKEY_SEQ,EXACT_OUTLET;NOT_USPS_VALIDITY;NO_INVENTORY
92630,EXACT_IMLS_OUTLET_ZIP,CA0084,008,,EXACT_OUTLET;TIE_FSCSKEY_SEQ,EXACT_OUTLET;NOT_USPS_VALIDITY;NO_INVENTORY
92637,ZCTA_NEAREST_ACTIVE_OUTLET,CA0084,038,0.378,ZCTA_NN;R6371;TIE_FIRST_LEX,ZCTA_NN_HAVERSINE;NOT_ELIGIBILITY;NOT_USPS_VALIDITY;NO_INVENTORY
92646,EXACT_IMLS_OUTLET_ZIP,CA0046,004,,EXACT_OUTLET;TIE_FSCSKEY_SEQ,EXACT_OUTLET;NOT_USPS_VALIDITY;NO_INVENTORY
92647,EXACT_IMLS_OUTLET_ZIP,CA0046,006,,EXACT_OUTLET;TIE_FSCSKEY_SEQ,EXACT_OUTLET;NOT_USPS_VALIDITY;NO_INVENTORY
92648,EXACT_IMLS_OUTLET_ZIP,CA0046,002,,EXACT_OUTLET;TIE_FSCSKEY_SEQ,EXACT_OUTLET;NOT_USPS_VALIDITY;NO_INVENTORY
92649,EXACT_IMLS_OUTLET_ZIP,CA0046,005,,EXACT_OUTLET;TIE_FSCSKEY_SEQ,EXACT_OUTLET;NOT_USPS_VALIDITY;NO_INVENTORY
92651,EXACT_IMLS_OUTLET_ZIP,CA0084,015,,EXACT_OUTLET;TIE_FSCSKEY_SEQ,EXACT_OUTLET;NOT_USPS_VALIDITY;NO_INVENTORY
92652,OBSERVED_REFERENCE_INDIRECT_ONLY,,,,INDIRECT_IMLS_SC;NO_FABRICATED_NEAREST,INDIRECT_IMLS_SC;NO_FABRICATED_NEAREST;NOT_REJECTED;NOT_USPS_VALIDITY;NO_INVENTORY
92653,EXACT_IMLS_OUTLET_ZIP,CA0084,037,,EXACT_OUTLET;TIE_FSCSKEY_SEQ,EXACT_OUTLET;NOT_USPS_VALIDITY;NO_INVENTORY
92654,OBSERVED_REFERENCE_INDIRECT_ONLY,,,,INDIRECT_IMLS_SC;NO_FABRICATED_NEAREST,INDIRECT_IMLS_SC;NO_FABRICATED_NEAREST;NOT_REJECTED;NOT_USPS_VALIDITY;NO_INVENTORY
92655,ZCTA_NEAREST_ACTIVE_OUTLET,CA0084,027,1.073,ZCTA_NN;R6371;TIE_FIRST_LEX,ZCTA_NN_HAVERSINE;NOT_ELIGIBILITY;NOT_USPS_VALIDITY;NO_INVENTORY
92656,EXACT_IMLS_OUTLET_ZIP,CA0084,030,,EXACT_OUTLET;TIE_FSCSKEY_SEQ,EXACT_OUTLET;NOT_USPS_VALIDITY;NO_INVENTORY
92657,ZCTA_NEAREST_ACTIVE_OUTLET,CA0080,003,3.761,ZCTA_NN;R6371;TIE_FIRST_LEX,ZCTA_NN_HAVERSINE;NOT_ELIGIBILITY;NOT_USPS_VALIDITY;NO_INVENTORY
92658,OBSERVED_REFERENCE_INDIRECT_ONLY,,,,INDIRECT_IMLS_SC;NO_FABRICATED_NEAREST,INDIRECT_IMLS_SC;NO_FABRICATED_NEAREST;NOT_REJECTED;NOT_USPS_VALIDITY;NO_INVENTORY
92659,OBSERVED_REFERENCE_INDIRECT_ONLY,,,,INDIRECT_IMLS_SC;NO_FABRICATED_NEAREST,INDIRECT_IMLS_SC;NO_FABRICATED_NEAREST;NOT_REJECTED;NOT_USPS_VALIDITY;NO_INVENTORY
92660,EXACT_IMLS_OUTLET_ZIP,CA0080,002,,EXACT_OUTLET;TIE_FSCSKEY_SEQ,EXACT_OUTLET;NOT_USPS_VALIDITY;NO_INVENTORY
92661,EXACT_IMLS_OUTLET_ZIP,CA0080,005,,EXACT_OUTLET;TIE_FSCSKEY_SEQ,EXACT_OUTLET;NOT_USPS_VALIDITY;NO_INVENTORY
92662,ZCTA_NEAREST_ACTIVE_OUTLET,CA0080,005,1.294,ZCTA_NN;R6371;TIE_FIRST_LEX,ZCTA_NN_HAVERSINE;NOT_ELIGIBILITY;NOT_USPS_VALIDITY;NO_INVENTORY
92663,ZCTA_NEAREST_ACTIVE_OUTLET,CA0084,004,1.983,ZCTA_NN;R6371;TIE_FIRST_LEX,ZCTA_NN_HAVERSINE;NOT_ELIGIBILITY;NOT_USPS_VALIDITY;NO_INVENTORY
92672,EXACT_IMLS_OUTLET_ZIP,CA0084,020,,EXACT_OUTLET;TIE_FSCSKEY_SEQ,EXACT_OUTLET;NOT_USPS_VALIDITY;NO_INVENTORY
92673,ZCTA_NEAREST_ACTIVE_OUTLET,CA0084,020,4.567,ZCTA_NN;R6371;TIE_FIRST_LEX,ZCTA_NN_HAVERSINE;NOT_ELIGIBILITY;NOT_USPS_VALIDITY;NO_INVENTORY
92674,OBSERVED_REFERENCE_INDIRECT_ONLY,,,,INDIRECT_IMLS_SC;NO_FABRICATED_NEAREST,INDIRECT_IMLS_SC;NO_FABRICATED_NEAREST;NOT_REJECTED;NOT_USPS_VALIDITY;NO_INVENTORY
92675,EXACT_IMLS_OUTLET_ZIP,CA0084,021,,EXACT_OUTLET;TIE_FSCSKEY_SEQ,EXACT_OUTLET;NOT_USPS_VALIDITY;NO_INVENTORY
92676,EXACT_IMLS_OUTLET_ZIP,CA0084,024,,EXACT_OUTLET;TIE_FSCSKEY_SEQ,EXACT_OUTLET;NOT_USPS_VALIDITY;NO_INVENTORY
92677,EXACT_IMLS_OUTLET_ZIP,CA0084,029,,EXACT_OUTLET;TIE_FSCSKEY_SEQ,EXACT_OUTLET;NOT_USPS_VALIDITY;NO_INVENTORY
92678,ZCTA_NEAREST_ACTIVE_OUTLET,CA0084,002,7.945,ZCTA_NN;R6371;TIE_FIRST_LEX,ZCTA_NN_HAVERSINE;NOT_ELIGIBILITY;NOT_USPS_VALIDITY;NO_INVENTORY
92679,ZCTA_NEAREST_ACTIVE_OUTLET,CA0084,002,2.980,ZCTA_NN;R6371;TIE_FIRST_LEX,ZCTA_NN_HAVERSINE;NOT_ELIGIBILITY;NOT_USPS_VALIDITY;NO_INVENTORY
92683,EXACT_IMLS_OUTLET_ZIP,CA0084,027,,EXACT_OUTLET;TIE_FSCSKEY_SEQ,EXACT_OUTLET;NOT_USPS_VALIDITY;NO_INVENTORY
92684,OBSERVED_REFERENCE_INDIRECT_ONLY,,,,INDIRECT_IMLS_SC;NO_FABRICATED_NEAREST,INDIRECT_IMLS_SC;NO_FABRICATED_NEAREST;NOT_REJECTED;NOT_USPS_VALIDITY;NO_INVENTORY
92685,OBSERVED_REFERENCE_INDIRECT_ONLY,,,,INDIRECT_IMLS_SC;NO_FABRICATED_NEAREST,INDIRECT_IMLS_SC;NO_FABRICATED_NEAREST;NOT_REJECTED;NOT_USPS_VALIDITY;NO_INVENTORY
92688,EXACT_IMLS_OUTLET_ZIP,CA0084,002,,EXACT_OUTLET;TIE_FSCSKEY_SEQ,EXACT_OUTLET;NOT_USPS_VALIDITY;NO_INVENTORY
92690,OBSERVED_REFERENCE_INDIRECT_ONLY,,,,INDIRECT_IMLS_SC;NO_FABRICATED_NEAREST,INDIRECT_IMLS_SC;NO_FABRICATED_NEAREST;NOT_REJECTED;NOT_USPS_VALIDITY;NO_INVENTORY
92691,EXACT_IMLS_OUTLET_ZIP,CA0198,001,,EXACT_OUTLET;TIE_FSCSKEY_SEQ,EXACT_OUTLET;NOT_USPS_VALIDITY;NO_INVENTORY
92692,ZCTA_NEAREST_ACTIVE_OUTLET,CA0198,001,2.770,ZCTA_NN;R6371;TIE_FIRST_LEX,ZCTA_NN_HAVERSINE;NOT_ELIGIBILITY;NOT_USPS_VALIDITY;NO_INVENTORY
92693,OBSERVED_REFERENCE_INDIRECT_ONLY,,,,INDIRECT_IMLS_SC;NO_FABRICATED_NEAREST,INDIRECT_IMLS_SC;NO_FABRICATED_NEAREST;NOT_REJECTED;NOT_USPS_VALIDITY;NO_INVENTORY
92694,EXACT_IMLS_OUTLET_ZIP,CA0084,034,,EXACT_OUTLET;TIE_FSCSKEY_SEQ,EXACT_OUTLET;NOT_USPS_VALIDITY;NO_INVENTORY
92697,ZCTA_NEAREST_ACTIVE_OUTLET,CA0084,014,2.910,ZCTA_NN;R6371;TIE_FIRST_LEX,ZCTA_NN_HAVERSINE;NOT_ELIGIBILITY;NOT_USPS_VALIDITY;NO_INVENTORY
92698,OBSERVED_REFERENCE_INDIRECT_ONLY,,,,INDIRECT_IMLS_SC;NO_FABRICATED_NEAREST,INDIRECT_IMLS_SC;NO_FABRICATED_NEAREST;NOT_REJECTED;NOT_USPS_VALIDITY;NO_INVENTORY
92701,EXACT_IMLS_OUTLET_ZIP,CA0123,007,,EXACT_OUTLET;TIE_FSCSKEY_SEQ,EXACT_OUTLET;NOT_USPS_VALIDITY;NO_INVENTORY
92702,OBSERVED_REFERENCE_INDIRECT_ONLY,,,,INDIRECT_IMLS_SC;NO_FABRICATED_NEAREST,INDIRECT_IMLS_SC;NO_FABRICATED_NEAREST;NOT_REJECTED;NOT_USPS_VALIDITY;NO_INVENTORY
92703,EXACT_IMLS_OUTLET_ZIP,CA0123,004,,EXACT_OUTLET;TIE_FSCSKEY_SEQ,EXACT_OUTLET;NOT_USPS_VALIDITY;NO_INVENTORY
92704,ZCTA_NEAREST_ACTIVE_OUTLET,CA0123,004,3.517,ZCTA_NN;R6371;TIE_FIRST_LEX,ZCTA_NN_HAVERSINE;NOT_ELIGIBILITY;NOT_USPS_VALIDITY;NO_INVENTORY
92705,EXACT_IMLS_SYSTEM_ZIP,CA0084,,,EXACT_SYSTEM;TIE_FSCSKEY,EXACT_SYSTEM_ADMIN;NOT_NEARBY_OUTLET;NOT_USPS_VALIDITY;NO_INVENTORY
92706,ZCTA_NEAREST_ACTIVE_OUTLET,CA0123,007,1.819,ZCTA_NN;R6371;TIE_FIRST_LEX,ZCTA_NN_HAVERSINE;NOT_ELIGIBILITY;NOT_USPS_VALIDITY;NO_INVENTORY
92707,ZCTA_NEAREST_ACTIVE_OUTLET,CA0241,001,4.412,ZCTA_NN;R6371;TIE_FIRST_LEX,ZCTA_NN_HAVERSINE;NOT_ELIGIBILITY;NOT_USPS_VALIDITY;NO_INVENTORY
92708,EXACT_IMLS_OUTLET_ZIP,CA0084,009,,EXACT_OUTLET;TIE_FSCSKEY_SEQ,EXACT_OUTLET;NOT_USPS_VALIDITY;NO_INVENTORY
92711,OBSERVED_REFERENCE_INDIRECT_ONLY,,,,INDIRECT_IMLS_SC;NO_FABRICATED_NEAREST,INDIRECT_IMLS_SC;NO_FABRICATED_NEAREST;NOT_REJECTED;NOT_USPS_VALIDITY;NO_INVENTORY
92728,OBSERVED_REFERENCE_INDIRECT_ONLY,,,,INDIRECT_IMLS_SC;NO_FABRICATED_NEAREST,INDIRECT_IMLS_SC;NO_FABRICATED_NEAREST;NOT_REJECTED;NOT_USPS_VALIDITY;NO_INVENTORY
92780,EXACT_IMLS_OUTLET_ZIP,CA0084,025,,EXACT_OUTLET;TIE_FSCSKEY_SEQ,EXACT_OUTLET;NOT_USPS_VALIDITY;NO_INVENTORY
92781,OBSERVED_REFERENCE_INDIRECT_ONLY,,,,INDIRECT_IMLS_SC;NO_FABRICATED_NEAREST,INDIRECT_IMLS_SC;NO_FABRICATED_NEAREST;NOT_REJECTED;NOT_USPS_VALIDITY;NO_INVENTORY
92782,ZCTA_NEAREST_ACTIVE_OUTLET,CA0084,035,1.116,ZCTA_NN;R6371;TIE_FIRST_LEX,ZCTA_NN_HAVERSINE;NOT_ELIGIBILITY;NOT_USPS_VALIDITY;NO_INVENTORY
92799,OBSERVED_REFERENCE_INDIRECT_ONLY,,,,INDIRECT_IMLS_SC;NO_FABRICATED_NEAREST,INDIRECT_IMLS_SC;NO_FABRICATED_NEAREST;NOT_REJECTED;NOT_USPS_VALIDITY;NO_INVENTORY
92801,ZCTA_NEAREST_ACTIVE_OUTLET,CA0041,003,2.692,ZCTA_NN;R6371;TIE_FIRST_LEX,ZCTA_NN_HAVERSINE;NOT_ELIGIBILITY;NOT_USPS_VALIDITY;NO_INVENTORY
92802,EXACT_IMLS_OUTLET_ZIP,CA0007,005,,EXACT_OUTLET;TIE_FSCSKEY_SEQ,EXACT_OUTLET;NOT_USPS_VALIDITY;NO_INVENTORY
92803,OBSERVED_REFERENCE_INDIRECT_ONLY,,,,INDIRECT_IMLS_SC;NO_FABRICATED_NEAREST,INDIRECT_IMLS_SC;NO_FABRICATED_NEAREST;NOT_REJECTED;NOT_USPS_VALIDITY;NO_INVENTORY
92804,EXACT_IMLS_OUTLET_ZIP,CA0007,003,,EXACT_OUTLET;TIE_FSCSKEY_SEQ,EXACT_OUTLET;NOT_USPS_VALIDITY;NO_INVENTORY
92805,EXACT_IMLS_OUTLET_ZIP,CA0007,002,,EXACT_OUTLET;TIE_FSCSKEY_SEQ,EXACT_OUTLET;NOT_USPS_VALIDITY;NO_INVENTORY
92806,EXACT_IMLS_OUTLET_ZIP,CA0007,006,,EXACT_OUTLET;TIE_FSCSKEY_SEQ,EXACT_OUTLET;NOT_USPS_VALIDITY;NO_INVENTORY
92807,EXACT_IMLS_OUTLET_ZIP,CA0007,004,,EXACT_OUTLET;TIE_FSCSKEY_SEQ,EXACT_OUTLET;NOT_USPS_VALIDITY;NO_INVENTORY
92808,EXACT_IMLS_OUTLET_ZIP,CA0007,009,,EXACT_OUTLET;TIE_FSCSKEY_SEQ,EXACT_OUTLET;NOT_USPS_VALIDITY;NO_INVENTORY
92809,OBSERVED_REFERENCE_INDIRECT_ONLY,,,,INDIRECT_IMLS_SC;NO_FABRICATED_NEAREST,INDIRECT_IMLS_SC;NO_FABRICATED_NEAREST;NOT_REJECTED;NOT_USPS_VALIDITY;NO_INVENTORY
92811,OBSERVED_REFERENCE_INDIRECT_ONLY,,,,INDIRECT_IMLS_SC;NO_FABRICATED_NEAREST,INDIRECT_IMLS_SC;NO_FABRICATED_NEAREST;NOT_REJECTED;NOT_USPS_VALIDITY;NO_INVENTORY
92812,OBSERVED_REFERENCE_INDIRECT_ONLY,,,,INDIRECT_IMLS_SC;NO_FABRICATED_NEAREST,INDIRECT_IMLS_SC;NO_FABRICATED_NEAREST;NOT_REJECTED;NOT_USPS_VALIDITY;NO_INVENTORY
92816,OBSERVED_REFERENCE_INDIRECT_ONLY,,,,INDIRECT_IMLS_SC;NO_FABRICATED_NEAREST,INDIRECT_IMLS_SC;NO_FABRICATED_NEAREST;NOT_REJECTED;NOT_USPS_VALIDITY;NO_INVENTORY
92817,OBSERVED_REFERENCE_INDIRECT_ONLY,,,,INDIRECT_IMLS_SC;NO_FABRICATED_NEAREST,INDIRECT_IMLS_SC;NO_FABRICATED_NEAREST;NOT_REJECTED;NOT_USPS_VALIDITY;NO_INVENTORY
92821,EXACT_IMLS_OUTLET_ZIP,CA0084,003,,EXACT_OUTLET;TIE_FSCSKEY_SEQ,EXACT_OUTLET;NOT_USPS_VALIDITY;NO_INVENTORY
92822,OBSERVED_REFERENCE_INDIRECT_ONLY,,,,INDIRECT_IMLS_SC;NO_FABRICATED_NEAREST,INDIRECT_IMLS_SC;NO_FABRICATED_NEAREST;NOT_REJECTED;NOT_USPS_VALIDITY;NO_INVENTORY
92823,ZCTA_NEAREST_ACTIVE_OUTLET,CA0158,002,4.445,ZCTA_NN;R6371;TIE_FIRST_LEX,ZCTA_NN_HAVERSINE;NOT_ELIGIBILITY;NOT_USPS_VALIDITY;NO_INVENTORY
92825,OBSERVED_REFERENCE_INDIRECT_ONLY,,,,INDIRECT_IMLS_SC;NO_FABRICATED_NEAREST,INDIRECT_IMLS_SC;NO_FABRICATED_NEAREST;NOT_REJECTED;NOT_USPS_VALIDITY;NO_INVENTORY
92831,ZCTA_NEAREST_ACTIVE_OUTLET,CA0041,002,3.352,ZCTA_NN;R6371;TIE_FIRST_LEX,ZCTA_NN_HAVERSINE;NOT_ELIGIBILITY;NOT_USPS_VALIDITY;NO_INVENTORY
92832,EXACT_IMLS_OUTLET_ZIP,CA0041,002,,EXACT_OUTLET;TIE_FSCSKEY_SEQ,EXACT_OUTLET;NOT_USPS_VALIDITY;NO_INVENTORY
92833,EXACT_IMLS_OUTLET_ZIP,CA0041,003,,EXACT_OUTLET;TIE_FSCSKEY_SEQ,EXACT_OUTLET;NOT_USPS_VALIDITY;NO_INVENTORY
92834,OBSERVED_REFERENCE_INDIRECT_ONLY,,,,INDIRECT_IMLS_SC;NO_FABRICATED_NEAREST,INDIRECT_IMLS_SC;NO_FABRICATED_NEAREST;NOT_REJECTED;NOT_USPS_VALIDITY;NO_INVENTORY
92835,ZCTA_NEAREST_ACTIVE_OUTLET,CA0084,003,3.021,ZCTA_NN;R6371;TIE_FIRST_LEX,ZCTA_NN_HAVERSINE;NOT_ELIGIBILITY;NOT_USPS_VALIDITY;NO_INVENTORY
92836,OBSERVED_REFERENCE_INDIRECT_ONLY,,,,INDIRECT_IMLS_SC;NO_FABRICATED_NEAREST,INDIRECT_IMLS_SC;NO_FABRICATED_NEAREST;NOT_REJECTED;NOT_USPS_VALIDITY;NO_INVENTORY
92837,OBSERVED_REFERENCE_INDIRECT_ONLY,,,,INDIRECT_IMLS_SC;NO_FABRICATED_NEAREST,INDIRECT_IMLS_SC;NO_FABRICATED_NEAREST;NOT_REJECTED;NOT_USPS_VALIDITY;NO_INVENTORY
92838,OBSERVED_REFERENCE_INDIRECT_ONLY,,,,INDIRECT_IMLS_SC;NO_FABRICATED_NEAREST,INDIRECT_IMLS_SC;NO_FABRICATED_NEAREST;NOT_REJECTED;NOT_USPS_VALIDITY;NO_INVENTORY
92840,EXACT_IMLS_OUTLET_ZIP,CA0084,011,,EXACT_OUTLET;TIE_FSCSKEY_SEQ,EXACT_OUTLET;NOT_USPS_VALIDITY;NO_INVENTORY
92841,EXACT_IMLS_OUTLET_ZIP,CA0084,010,,EXACT_OUTLET;TIE_FSCSKEY_SEQ,EXACT_OUTLET;NOT_USPS_VALIDITY;NO_INVENTORY
92842,OBSERVED_REFERENCE_INDIRECT_ONLY,,,,INDIRECT_IMLS_SC;NO_FABRICATED_NEAREST,INDIRECT_IMLS_SC;NO_FABRICATED_NEAREST;NOT_REJECTED;NOT_USPS_VALIDITY;NO_INVENTORY
92843,ZCTA_NEAREST_ACTIVE_OUTLET,CA0084,011,1.623,ZCTA_NN;R6371;TIE_FIRST_LEX,ZCTA_NN_HAVERSINE;NOT_ELIGIBILITY;NOT_USPS_VALIDITY;NO_INVENTORY
92844,ZCTA_NEAREST_ACTIVE_OUTLET,CA0084,027,1.921,ZCTA_NN;R6371;TIE_FIRST_LEX,ZCTA_NN_HAVERSINE;NOT_ELIGIBILITY;NOT_USPS_VALIDITY;NO_INVENTORY
92845,EXACT_IMLS_OUTLET_ZIP,CA0084,012,,EXACT_OUTLET;TIE_FSCSKEY_SEQ,EXACT_OUTLET;NOT_USPS_VALIDITY;NO_INVENTORY
92846,OBSERVED_REFERENCE_INDIRECT_ONLY,,,,INDIRECT_IMLS_SC;NO_FABRICATED_NEAREST,INDIRECT_IMLS_SC;NO_FABRICATED_NEAREST;NOT_REJECTED;NOT_USPS_VALIDITY;NO_INVENTORY
92856,OBSERVED_REFERENCE_INDIRECT_ONLY,,,,INDIRECT_IMLS_SC;NO_FABRICATED_NEAREST,INDIRECT_IMLS_SC;NO_FABRICATED_NEAREST;NOT_REJECTED;NOT_USPS_VALIDITY;NO_INVENTORY
92859,OBSERVED_REFERENCE_INDIRECT_ONLY,,,,INDIRECT_IMLS_SC;NO_FABRICATED_NEAREST,INDIRECT_IMLS_SC;NO_FABRICATED_NEAREST;NOT_REJECTED;NOT_USPS_VALIDITY;NO_INVENTORY
92860,EXACT_IMLS_OUTLET_ZIP,CA0199,013,,EXACT_OUTLET;TIE_FSCSKEY_SEQ,EXACT_OUTLET;NOT_USPS_VALIDITY;NO_INVENTORY
92861,EXACT_IMLS_OUTLET_ZIP,CA0084,026,,EXACT_OUTLET;TIE_FSCSKEY_SEQ,EXACT_OUTLET;NOT_USPS_VALIDITY;NO_INVENTORY
92863,OBSERVED_REFERENCE_INDIRECT_ONLY,,,,INDIRECT_IMLS_SC;NO_FABRICATED_NEAREST,INDIRECT_IMLS_SC;NO_FABRICATED_NEAREST;NOT_REJECTED;NOT_USPS_VALIDITY;NO_INVENTORY
92865,EXACT_IMLS_OUTLET_ZIP,CA0085,004,,EXACT_OUTLET;TIE_FSCSKEY_SEQ,EXACT_OUTLET;NOT_USPS_VALIDITY;NO_INVENTORY
92866,EXACT_IMLS_OUTLET_ZIP,CA0085,002,,EXACT_OUTLET;TIE_FSCSKEY_SEQ,EXACT_OUTLET;NOT_USPS_VALIDITY;NO_INVENTORY
92867,ZCTA_NEAREST_ACTIVE_OUTLET,CA0084,026,1.943,ZCTA_NN;R6371;TIE_FIRST_LEX,ZCTA_NN_HAVERSINE;NOT_ELIGIBILITY;NOT_USPS_VALIDITY;NO_INVENTORY
92868,ZCTA_NEAREST_ACTIVE_OUTLET,CA0085,002,2.467,ZCTA_NN;R6371;TIE_FIRST_LEX,ZCTA_NN_HAVERSINE;NOT_ELIGIBILITY;NOT_USPS_VALIDITY;NO_INVENTORY
92869,EXACT_IMLS_OUTLET_ZIP,CA0085,003,,EXACT_OUTLET;TIE_FSCSKEY_SEQ,EXACT_OUTLET;NOT_USPS_VALIDITY;NO_INVENTORY
92870,EXACT_IMLS_OUTLET_ZIP,CA0096,002,,EXACT_OUTLET;TIE_FSCSKEY_SEQ,EXACT_OUTLET;NOT_USPS_VALIDITY;NO_INVENTORY
92871,OBSERVED_REFERENCE_INDIRECT_ONLY,,,,INDIRECT_IMLS_SC;NO_FABRICATED_NEAREST,INDIRECT_IMLS_SC;NO_FABRICATED_NEAREST;NOT_REJECTED;NOT_USPS_VALIDITY;NO_INVENTORY
92877,OBSERVED_REFERENCE_INDIRECT_ONLY,,,,INDIRECT_IMLS_SC;NO_FABRICATED_NEAREST,INDIRECT_IMLS_SC;NO_FABRICATED_NEAREST;NOT_REJECTED;NOT_USPS_VALIDITY;NO_INVENTORY
92878,OBSERVED_REFERENCE_INDIRECT_ONLY,,,,INDIRECT_IMLS_SC;NO_FABRICATED_NEAREST,INDIRECT_IMLS_SC;NO_FABRICATED_NEAREST;NOT_REJECTED;NOT_USPS_VALIDITY;NO_INVENTORY
92879,EXACT_IMLS_OUTLET_ZIP,CA0199,033,,EXACT_OUTLET;TIE_FSCSKEY_SEQ,EXACT_OUTLET;NOT_USPS_VALIDITY;NO_INVENTORY
92880,EXACT_IMLS_OUTLET_ZIP,CA0199,034,,EXACT_OUTLET;TIE_FSCSKEY_SEQ,EXACT_OUTLET;NOT_USPS_VALIDITY;NO_INVENTORY
92881,EXACT_IMLS_OUTLET_ZIP,CA0199,029,,EXACT_OUTLET;TIE_FSCSKEY_SEQ,EXACT_OUTLET;NOT_USPS_VALIDITY;NO_INVENTORY
92882,EXACT_IMLS_OUTLET_ZIP,CA0029,002,,EXACT_OUTLET;TIE_FSCSKEY_SEQ,EXACT_OUTLET;NOT_USPS_VALIDITY;NO_INVENTORY
92883,ZCTA_NEAREST_ACTIVE_OUTLET,CA0199,029,9.910,ZCTA_NN;R6371;TIE_FIRST_LEX,ZCTA_NN_HAVERSINE;NOT_ELIGIBILITY;NOT_USPS_VALIDITY;NO_INVENTORY
92885,OBSERVED_REFERENCE_INDIRECT_ONLY,,,,INDIRECT_IMLS_SC;NO_FABRICATED_NEAREST,INDIRECT_IMLS_SC;NO_FABRICATED_NEAREST;NOT_REJECTED;NOT_USPS_VALIDITY;NO_INVENTORY
92886,EXACT_IMLS_OUTLET_ZIP,CA0158,002,,EXACT_OUTLET;TIE_FSCSKEY_SEQ,EXACT_OUTLET;NOT_USPS_VALIDITY;NO_INVENTORY
92887,ZCTA_NEAREST_ACTIVE_OUTLET,CA0007,009,2.374,ZCTA_NN;R6371;TIE_FIRST_LEX,ZCTA_NN_HAVERSINE;NOT_ELIGIBILITY;NOT_USPS_VALIDITY;NO_INVENTORY
93001,EXACT_IMLS_OUTLET_ZIP,CA0152,002,,EXACT_OUTLET;TIE_FSCSKEY_SEQ,EXACT_OUTLET;NOT_USPS_VALIDITY;NO_INVENTORY
93002,OBSERVED_REFERENCE_INDIRECT_ONLY,,,,INDIRECT_IMLS_SC;NO_FABRICATED_NEAREST,INDIRECT_IMLS_SC;NO_FABRICATED_NEAREST;NOT_REJECTED;NOT_USPS_VALIDITY;NO_INVENTORY
93003,EXACT_IMLS_OUTLET_ZIP,CA0152,021,,EXACT_OUTLET;TIE_FSCSKEY_SEQ,EXACT_OUTLET;NOT_USPS_VALIDITY;NO_INVENTORY
93004,EXACT_IMLS_OUTLET_ZIP,CA0152,019,,EXACT_OUTLET;TIE_FSCSKEY_SEQ,EXACT_OUTLET;NOT_USPS_VALIDITY;NO_INVENTORY
93006,OBSERVED_REFERENCE_INDIRECT_ONLY,,,,INDIRECT_IMLS_SC;NO_FABRICATED_NEAREST,INDIRECT_IMLS_SC;NO_FABRICATED_NEAREST;NOT_REJECTED;NOT_USPS_VALIDITY;NO_INVENTORY
93009,EXACT_IMLS_OUTLET_ZIP,CA0267,001,,EXACT_OUTLET;TIE_FSCSKEY_SEQ,EXACT_OUTLET;NOT_USPS_VALIDITY;NO_INVENTORY
93010,EXACT_IMLS_OUTLET_ZIP,CA0209,001,,EXACT_OUTLET;TIE_FSCSKEY_SEQ,EXACT_OUTLET;NOT_USPS_VALIDITY;NO_INVENTORY
93011,OBSERVED_REFERENCE_INDIRECT_ONLY,,,,INDIRECT_IMLS_SC;NO_FABRICATED_NEAREST,INDIRECT_IMLS_SC;NO_FABRICATED_NEAREST;NOT_REJECTED;NOT_USPS_VALIDITY;NO_INVENTORY
93012,ZCTA_NEAREST_ACTIVE_OUTLET,CA0209,001,4.829,ZCTA_NN;R6371;TIE_FIRST_LEX,ZCTA_NN_HAVERSINE;NOT_ELIGIBILITY;NOT_USPS_VALIDITY;NO_INVENTORY
93013,EXACT_IMLS_OUTLET_ZIP,CA0273,001,,EXACT_OUTLET;TIE_FSCSKEY_SEQ,EXACT_OUTLET;NOT_USPS_VALIDITY;NO_INVENTORY
93014,OBSERVED_REFERENCE_INDIRECT_ONLY,,,,INDIRECT_IMLS_SC;NO_FABRICATED_NEAREST,INDIRECT_IMLS_SC;NO_FABRICATED_NEAREST;NOT_REJECTED;NOT_USPS_VALIDITY;NO_INVENTORY
93015,EXACT_IMLS_OUTLET_ZIP,CA0152,005,,EXACT_OUTLET;TIE_FSCSKEY_SEQ,EXACT_OUTLET;NOT_USPS_VALIDITY;NO_INVENTORY
93016,OBSERVED_REFERENCE_INDIRECT_ONLY,,,,INDIRECT_IMLS_SC;NO_FABRICATED_NEAREST,INDIRECT_IMLS_SC;NO_FABRICATED_NEAREST;NOT_REJECTED;NOT_USPS_VALIDITY;NO_INVENTORY
93020,OBSERVED_REFERENCE_INDIRECT_ONLY,,,,INDIRECT_IMLS_SC;NO_FABRICATED_NEAREST,INDIRECT_IMLS_SC;NO_FABRICATED_NEAREST;NOT_REJECTED;NOT_USPS_VALIDITY;NO_INVENTORY
93021,EXACT_IMLS_OUTLET_ZIP,CA0208,001,,EXACT_OUTLET;TIE_FSCSKEY_SEQ,EXACT_OUTLET;NOT_USPS_VALIDITY;NO_INVENTORY
93022,EXACT_IMLS_OUTLET_ZIP,CA0152,008,,EXACT_OUTLET;TIE_FSCSKEY_SEQ,EXACT_OUTLET;NOT_USPS_VALIDITY;NO_INVENTORY
93023,EXACT_IMLS_OUTLET_ZIP,CA0152,009,,EXACT_OUTLET;TIE_FSCSKEY_SEQ,EXACT_OUTLET;NOT_USPS_VALIDITY;NO_INVENTORY
93030,EXACT_IMLS_OUTLET_ZIP,CA0087,002,,EXACT_OUTLET;TIE_FSCSKEY_SEQ,EXACT_OUTLET;NOT_USPS_VALIDITY;NO_INVENTORY
93031,OBSERVED_REFERENCE_INDIRECT_ONLY,,,,INDIRECT_IMLS_SC;NO_FABRICATED_NEAREST,INDIRECT_IMLS_SC;NO_FABRICATED_NEAREST;NOT_REJECTED;NOT_USPS_VALIDITY;NO_INVENTORY
93032,OBSERVED_REFERENCE_INDIRECT_ONLY,,,,INDIRECT_IMLS_SC;NO_FABRICATED_NEAREST,INDIRECT_IMLS_SC;NO_FABRICATED_NEAREST;NOT_REJECTED;NOT_USPS_VALIDITY;NO_INVENTORY
93033,EXACT_IMLS_OUTLET_ZIP,CA0087,004,,EXACT_OUTLET;TIE_FSCSKEY_SEQ,EXACT_OUTLET;NOT_USPS_VALIDITY;NO_INVENTORY
93034,OBSERVED_REFERENCE_INDIRECT_ONLY,,,,INDIRECT_IMLS_SC;NO_FABRICATED_NEAREST,INDIRECT_IMLS_SC;NO_FABRICATED_NEAREST;NOT_REJECTED;NOT_USPS_VALIDITY;NO_INVENTORY
93035,ZCTA_NEAREST_ACTIVE_OUTLET,CA0152,010,4.700,ZCTA_NN;R6371;TIE_FIRST_LEX,ZCTA_NN_HAVERSINE;NOT_ELIGIBILITY;NOT_USPS_VALIDITY;NO_INVENTORY
93036,EXACT_IMLS_OUTLET_ZIP,CA0152,004,,EXACT_OUTLET;TIE_FSCSKEY_SEQ,EXACT_OUTLET;NOT_USPS_VALIDITY;NO_INVENTORY
93040,EXACT_IMLS_OUTLET_ZIP,CA0152,015,,EXACT_OUTLET;TIE_FSCSKEY_SEQ,EXACT_OUTLET;NOT_USPS_VALIDITY;NO_INVENTORY
93041,EXACT_IMLS_OUTLET_ZIP,CA0152,010,,EXACT_OUTLET;TIE_FSCSKEY_SEQ,EXACT_OUTLET;NOT_USPS_VALIDITY;NO_INVENTORY
93042,ZCTA_NEAREST_ACTIVE_OUTLET,CA0152,010,104.231,ZCTA_NN;R6371;TIE_FIRST_LEX,ZCTA_NN_HAVERSINE;NOT_ELIGIBILITY;NOT_USPS_VALIDITY;NO_INVENTORY
93043,ZCTA_NEAREST_ACTIVE_OUTLET,CA0152,010,1.741,ZCTA_NN;R6371;TIE_FIRST_LEX,ZCTA_NN_HAVERSINE;NOT_ELIGIBILITY;NOT_USPS_VALIDITY;NO_INVENTORY
93044,OBSERVED_REFERENCE_INDIRECT_ONLY,,,,INDIRECT_IMLS_SC;NO_FABRICATED_NEAREST,INDIRECT_IMLS_SC;NO_FABRICATED_NEAREST;NOT_REJECTED;NOT_USPS_VALIDITY;NO_INVENTORY
93060,EXACT_IMLS_OUTLET_ZIP,CA0131,002,,EXACT_OUTLET;TIE_FSCSKEY_SEQ,EXACT_OUTLET;NOT_USPS_VALIDITY;NO_INVENTORY
93061,OBSERVED_REFERENCE_INDIRECT_ONLY,,,,INDIRECT_IMLS_SC;NO_FABRICATED_NEAREST,INDIRECT_IMLS_SC;NO_FABRICATED_NEAREST;NOT_REJECTED;NOT_USPS_VALIDITY;NO_INVENTORY
93062,OBSERVED_REFERENCE_INDIRECT_ONLY,,,,INDIRECT_IMLS_SC;NO_FABRICATED_NEAREST,INDIRECT_IMLS_SC;NO_FABRICATED_NEAREST;NOT_REJECTED;NOT_USPS_VALIDITY;NO_INVENTORY
93063,EXACT_IMLS_OUTLET_ZIP,CA0211,001,,EXACT_OUTLET;TIE_FSCSKEY_SEQ,EXACT_OUTLET;NOT_USPS_VALIDITY;NO_INVENTORY
93064,ZCTA_NEAREST_ACTIVE_OUTLET,CA0211,001,5.168,ZCTA_NN;R6371;TIE_FIRST_LEX,ZCTA_NN_HAVERSINE;NOT_ELIGIBILITY;NOT_USPS_VALIDITY;NO_INVENTORY
93065,ZCTA_NEAREST_ACTIVE_OUTLET,CA0211,001,5.835,ZCTA_NN;R6371;TIE_FIRST_LEX,ZCTA_NN_HAVERSINE;NOT_ELIGIBILITY;NOT_USPS_VALIDITY;NO_INVENTORY
93066,ZCTA_NEAREST_ACTIVE_OUTLET,CA0209,001,6.115,ZCTA_NN;R6371;TIE_FIRST_LEX,ZCTA_NN_HAVERSINE;NOT_ELIGIBILITY;NOT_USPS_VALIDITY;NO_INVENTORY
93067,ZCTA_NEAREST_ACTIVE_OUTLET,CA0124,007,3.762,ZCTA_NN;R6371;TIE_FIRST_LEX,ZCTA_NN_HAVERSINE;NOT_ELIGIBILITY;NOT_USPS_VALIDITY;NO_INVENTORY
93094,OBSERVED_REFERENCE_INDIRECT_ONLY,,,,INDIRECT_IMLS_SC;NO_FABRICATED_NEAREST,INDIRECT_IMLS_SC;NO_FABRICATED_NEAREST;NOT_REJECTED;NOT_USPS_VALIDITY;NO_INVENTORY
93101,EXACT_IMLS_OUTLET_ZIP,CA0124,002,,EXACT_OUTLET;TIE_FSCSKEY_SEQ,EXACT_OUTLET;NOT_USPS_VALIDITY;NO_INVENTORY
93102,OBSERVED_REFERENCE_INDIRECT_ONLY,,,,INDIRECT_IMLS_SC;NO_FABRICATED_NEAREST,INDIRECT_IMLS_SC;NO_FABRICATED_NEAREST;NOT_REJECTED;NOT_USPS_VALIDITY;NO_INVENTORY
93103,EXACT_IMLS_OUTLET_ZIP,CA0124,005,,EXACT_OUTLET;TIE_FSCSKEY_SEQ,EXACT_OUTLET;NOT_USPS_VALIDITY;NO_INVENTORY
93105,ZCTA_NEAREST_ACTIVE_OUTLET,CA0271,001,10.678,ZCTA_NN;R6371;TIE_FIRST_LEX,ZCTA_NN_HAVERSINE;NOT_ELIGIBILITY;NOT_USPS_VALIDITY;NO_INVENTORY
93106,ZCTA_NEAREST_ACTIVE_OUTLET,CA0271,008,1.701,ZCTA_NN;R6371;TIE_FIRST_LEX,ZCTA_NN_HAVERSINE;NOT_ELIGIBILITY;NOT_USPS_VALIDITY;NO_INVENTORY
93108,EXACT_IMLS_OUTLET_ZIP,CA0124,007,,EXACT_OUTLET;TIE_FSCSKEY_SEQ,EXACT_OUTLET;NOT_USPS_VALIDITY;NO_INVENTORY
93109,ZCTA_NEAREST_ACTIVE_OUTLET,CA0124,002,2.915,ZCTA_NN;R6371;TIE_FIRST_LEX,ZCTA_NN_HAVERSINE;NOT_ELIGIBILITY;NOT_USPS_VALIDITY;NO_INVENTORY
93110,ZCTA_NEAREST_ACTIVE_OUTLET,CA0271,001,5.818,ZCTA_NN;R6371;TIE_FIRST_LEX,ZCTA_NN_HAVERSINE;NOT_ELIGIBILITY;NOT_USPS_VALIDITY;NO_INVENTORY
93111,ZCTA_NEAREST_ACTIVE_OUTLET,CA0271,001,2.368,ZCTA_NN;R6371;TIE_FIRST_LEX,ZCTA_NN_HAVERSINE;NOT_ELIGIBILITY;NOT_USPS_VALIDITY;NO_INVENTORY
93116,OBSERVED_REFERENCE_INDIRECT_ONLY,,,,INDIRECT_IMLS_SC;NO_FABRICATED_NEAREST,INDIRECT_IMLS_SC;NO_FABRICATED_NEAREST;NOT_REJECTED;NOT_USPS_VALIDITY;NO_INVENTORY
93117,EXACT_IMLS_OUTLET_ZIP,CA0271,001,,EXACT_OUTLET;TIE_FSCSKEY_SEQ,EXACT_OUTLET;NOT_USPS_VALIDITY;NO_INVENTORY
93120,OBSERVED_REFERENCE_INDIRECT_ONLY,,,,INDIRECT_IMLS_SC;NO_FABRICATED_NEAREST,INDIRECT_IMLS_SC;NO_FABRICATED_NEAREST;NOT_REJECTED;NOT_USPS_VALIDITY;NO_INVENTORY
93130,OBSERVED_REFERENCE_INDIRECT_ONLY,,,,INDIRECT_IMLS_SC;NO_FABRICATED_NEAREST,INDIRECT_IMLS_SC;NO_FABRICATED_NEAREST;NOT_REJECTED;NOT_USPS_VALIDITY;NO_INVENTORY
93140,OBSERVED_REFERENCE_INDIRECT_ONLY,,,,INDIRECT_IMLS_SC;NO_FABRICATED_NEAREST,INDIRECT_IMLS_SC;NO_FABRICATED_NEAREST;NOT_REJECTED;NOT_USPS_VALIDITY;NO_INVENTORY
93150,OBSERVED_REFERENCE_INDIRECT_ONLY,,,,INDIRECT_IMLS_SC;NO_FABRICATED_NEAREST,INDIRECT_IMLS_SC;NO_FABRICATED_NEAREST;NOT_REJECTED;NOT_USPS_VALIDITY;NO_INVENTORY
93160,OBSERVED_REFERENCE_INDIRECT_ONLY,,,,INDIRECT_IMLS_SC;NO_FABRICATED_NEAREST,INDIRECT_IMLS_SC;NO_FABRICATED_NEAREST;NOT_REJECTED;NOT_USPS_VALIDITY;NO_INVENTORY
93190,OBSERVED_REFERENCE_INDIRECT_ONLY,,,,INDIRECT_IMLS_SC;NO_FABRICATED_NEAREST,INDIRECT_IMLS_SC;NO_FABRICATED_NEAREST;NOT_REJECTED;NOT_USPS_VALIDITY;NO_INVENTORY
93201,EXACT_IMLS_OUTLET_ZIP,CA0148,003,,EXACT_OUTLET;TIE_FSCSKEY_SEQ,EXACT_OUTLET;NOT_USPS_VALIDITY;NO_INVENTORY
93202,EXACT_IMLS_OUTLET_ZIP,CA0053,009,,EXACT_OUTLET;TIE_FSCSKEY_SEQ,EXACT_OUTLET;NOT_USPS_VALIDITY;NO_INVENTORY
93203,EXACT_IMLS_OUTLET_ZIP,CA0051,003,,EXACT_OUTLET;TIE_FSCSKEY_SEQ,EXACT_OUTLET;NOT_USPS_VALIDITY;NO_INVENTORY
93204,EXACT_IMLS_OUTLET_ZIP,CA0053,003,,EXACT_OUTLET;TIE_FSCSKEY_SEQ,EXACT_OUTLET;NOT_USPS_VALIDITY;NO_INVENTORY
93205,ZCTA_NEAREST_ACTIVE_OUTLET,CA0051,014,7.359,ZCTA_NN;R6371;TIE_FIRST_LEX,ZCTA_NN_HAVERSINE;NOT_ELIGIBILITY;NOT_USPS_VALIDITY;NO_INVENTORY
93206,EXACT_IMLS_OUTLET_ZIP,CA0051,007,,EXACT_OUTLET;TIE_FSCSKEY_SEQ,EXACT_OUTLET;NOT_USPS_VALIDITY;NO_INVENTORY
93207,ZCTA_NEAREST_ACTIVE_OUTLET,CA0051,014,30.911,ZCTA_NN;R6371;TIE_FIRST_LEX,ZCTA_NN_HAVERSINE;NOT_ELIGIBILITY;NOT_USPS_VALIDITY;NO_INVENTORY
93208,ZCTA_NEAREST_ACTIVE_OUTLET,CA0148,014,15.798,ZCTA_NN;R6371;TIE_FIRST_LEX,ZCTA_NN_HAVERSINE;NOT_ELIGIBILITY;NOT_USPS_VALIDITY;NO_INVENTORY
93210,EXACT_IMLS_OUTLET_ZIP,CA0024,002,,EXACT_OUTLET;TIE_FSCSKEY_SEQ,EXACT_OUTLET;NOT_USPS_VALIDITY;NO_INVENTORY
93212,EXACT_IMLS_OUTLET_ZIP,CA0053,004,,EXACT_OUTLET;TIE_FSCSKEY_SEQ,EXACT_OUTLET;NOT_USPS_VALIDITY;NO_INVENTORY
93215,EXACT_IMLS_OUTLET_ZIP,CA0051,009,,EXACT_OUTLET;TIE_FSCSKEY_SEQ,EXACT_OUTLET;NOT_USPS_VALIDITY;NO_INVENTORY
93216,OBSERVED_REFERENCE_INDIRECT_ONLY,,,,INDIRECT_IMLS_SC;NO_FABRICATED_NEAREST,INDIRECT_IMLS_SC;NO_FABRICATED_NEAREST;NOT_REJECTED;NOT_USPS_VALIDITY;NO_INVENTORY
93218,ZCTA_NEAREST_ACTIVE_OUTLET,CA0148,016,11.102,ZCTA_NN;R6371;TIE_FIRST_LEX,ZCTA_NN_HAVERSINE;NOT_ELIGIBILITY;NOT_USPS_VALIDITY;NO_INVENTORY
93219,EXACT_IMLS_OUTLET_ZIP,CA0148,006,,EXACT_OUTLET;TIE_FSCSKEY_SEQ,EXACT_OUTLET;NOT_USPS_VALIDITY;NO_INVENTORY
93220,ZCTA_NEAREST_ACTIVE_OUTLET,CA0051,018,15.312,ZCTA_NN;R6371;TIE_FIRST_LEX,ZCTA_NN_HAVERSINE;NOT_ELIGIBILITY;NOT_USPS_VALIDITY;NO_INVENTORY
93221,EXACT_IMLS_OUTLET_ZIP,CA0148,007,,EXACT_OUTLET;TIE_FSCSKEY_SEQ,EXACT_OUTLET;NOT_USPS_VALIDITY;NO_INVENTORY
93222,ZCTA_NEAREST_ACTIVE_OUTLET,CA0051,011,26.003,ZCTA_NN;R6371;TIE_FIRST_LEX,ZCTA_NN_HAVERSINE;NOT_ELIGIBILITY;NOT_USPS_VALIDITY;NO_INVENTORY
93223,EXACT_IMLS_OUTLET_ZIP,CA0148,020,,EXACT_OUTLET;TIE_FSCSKEY_SEQ,EXACT_OUTLET;NOT_USPS_VALIDITY;NO_INVENTORY
93224,ZCTA_NEAREST_ACTIVE_OUTLET,CA0051,024,19.163,ZCTA_NN;R6371;TIE_FIRST_LEX,ZCTA_NN_HAVERSINE;NOT_ELIGIBILITY;NOT_USPS_VALIDITY;NO_INVENTORY
93225,EXACT_IMLS_OUTLET_ZIP,CA0051,011,,EXACT_OUTLET;TIE_FSCSKEY_SEQ,EXACT_OUTLET;NOT_USPS_VALIDITY;NO_INVENTORY
93226,ZCTA_NEAREST_ACTIVE_OUTLET,CA0051,014,26.844,ZCTA_NN;R6371;TIE_FIRST_LEX,ZCTA_NN_HAVERSINE;NOT_ELIGIBILITY;NOT_USPS_VALIDITY;NO_INVENTORY
93227,ZCTA_NEAREST_ACTIVE_OUTLET,CA0265,001,9.513,ZCTA_NN;R6371;TIE_FIRST_LEX,ZCTA_NN_HAVERSINE;NOT_ELIGIBILITY;NOT_USPS_VALIDITY;NO_INVENTORY
93230,EXACT_IMLS_OUTLET_ZIP,CA0053,002,,EXACT_OUTLET;TIE_FSCSKEY_SEQ,EXACT_OUTLET;NOT_USPS_VALIDITY;NO_INVENTORY
93232,OBSERVED_REFERENCE_INDIRECT_ONLY,,,,INDIRECT_IMLS_SC;NO_FABRICATED_NEAREST,INDIRECT_IMLS_SC;NO_FABRICATED_NEAREST;NOT_REJECTED;NOT_USPS_VALIDITY;NO_INVENTORY
93234,EXACT_IMLS_OUTLET_ZIP,CA0024,003,,EXACT_OUTLET;TIE_FSCSKEY_SEQ,EXACT_OUTLET;NOT_USPS_VALIDITY;NO_INVENTORY
93235,EXACT_IMLS_OUTLET_ZIP,CA0148,010,,EXACT_OUTLET;TIE_FSCSKEY_SEQ,EXACT_OUTLET;NOT_USPS_VALIDITY;NO_INVENTORY
93237,ZCTA_NEAREST_ACTIVE_OUTLET,CA0148,017,3.482,ZCTA_NN;R6371;TIE_FIRST_LEX,ZCTA_NN_HAVERSINE;NOT_ELIGIBILITY;NOT_USPS_VALIDITY;NO_INVENTORY
93238,ZCTA_NEAREST_ACTIVE_OUTLET,CA0051,014,23.856,ZCTA_NN;R6371;TIE_FIRST_LEX,ZCTA_NN_HAVERSINE;NOT_ELIGIBILITY;NOT_USPS_VALIDITY;NO_INVENTORY
93239,EXACT_IMLS_OUTLET_ZIP,CA0053,006,,EXACT_OUTLET;TIE_FSCSKEY_SEQ,EXACT_OUTLET;NOT_USPS_VALIDITY;NO_INVENTORY
93240,EXACT_IMLS_OUTLET_ZIP,CA0051,014,,EXACT_OUTLET;TIE_FSCSKEY_SEQ,EXACT_OUTLET;NOT_USPS_VALIDITY;NO_INVENTORY
93241,EXACT_IMLS_OUTLET_ZIP,CA0051,015,,EXACT_OUTLET;TIE_FSCSKEY_SEQ,EXACT_OUTLET;NOT_USPS_VALIDITY;NO_INVENTORY
93242,EXACT_IMLS_OUTLET_ZIP,CA0040,018,,EXACT_OUTLET;TIE_FSCSKEY_SEQ,EXACT_OUTLET;NOT_USPS_VALIDITY;NO_INVENTORY
93243,ZCTA_NEAREST_ACTIVE_OUTLET,CA0051,011,12.306,ZCTA_NN;R6371;TIE_FIRST_LEX,ZCTA_NN_HAVERSINE;NOT_ELIGIBILITY;NOT_USPS_VALIDITY;NO_INVENTORY
93244,ZCTA_NEAREST_ACTIVE_OUTLET,CA0148,017,10.118,ZCTA_NN;R6371;TIE_FIRST_LEX,ZCTA_NN_HAVERSINE;NOT_ELIGIBILITY;NOT_USPS_VALIDITY;NO_INVENTORY
93245,EXACT_IMLS_OUTLET_ZIP,CA0053,005,,EXACT_OUTLET;TIE_FSCSKEY_SEQ,EXACT_OUTLET;NOT_USPS_VALIDITY;NO_INVENTORY
93246,ZCTA_NEAREST_ACTIVE_OUTLET,CA0053,005,12.689,ZCTA_NN;R6371;TIE_FIRST_LEX,ZCTA_NN_HAVERSINE;NOT_ELIGIBILITY;NOT_USPS_VALIDITY;NO_INVENTORY
93247,EXACT_IMLS_OUTLET_ZIP,CA0148,011,,EXACT_OUTLET;TIE_FSCSKEY_SEQ,EXACT_OUTLET;NOT_USPS_VALIDITY;NO_INVENTORY
93249,ZCTA_NEAREST_ACTIVE_OUTLET,CA0053,006,43.373,ZCTA_NN;R6371;TIE_FIRST_LEX,ZCTA_NN_HAVERSINE;NOT_ELIGIBILITY;NOT_USPS_VALIDITY;NO_INVENTORY
93250,EXACT_IMLS_OUTLET_ZIP,CA0051,016,,EXACT_OUTLET;TIE_FSCSKEY_SEQ,EXACT_OUTLET;NOT_USPS_VALIDITY;NO_INVENTORY
93251,ZCTA_NEAREST_ACTIVE_OUTLET,CA0051,007,20.899,ZCTA_NN;R6371;TIE_FIRST_LEX,ZCTA_NN_HAVERSINE;NOT_ELIGIBILITY;NOT_USPS_VALIDITY;NO_INVENTORY
93252,ZCTA_NEAREST_ACTIVE_OUTLET,CA0129,003,33.535,ZCTA_NN;R6371;TIE_FIRST_LEX,ZCTA_NN_HAVERSINE;NOT_ELIGIBILITY;NOT_USPS_VALIDITY;NO_INVENTORY
93254,EXACT_IMLS_OUTLET_ZIP,CA0129,003,,EXACT_OUTLET;TIE_FSCSKEY_SEQ,EXACT_OUTLET;NOT_USPS_VALIDITY;NO_INVENTORY
93255,ZCTA_NEAREST_ACTIVE_OUTLET,CA0051,014,33.308,ZCTA_NN;R6371;TIE_FIRST_LEX,ZCTA_NN_HAVERSINE;NOT_ELIGIBILITY;NOT_USPS_VALIDITY;NO_INVENTORY
93256,EXACT_IMLS_OUTLET_ZIP,CA0148,013,,EXACT_OUTLET;TIE_FSCSKEY_SEQ,EXACT_OUTLET;NOT_USPS_VALIDITY;NO_INVENTORY
93257,EXACT_IMLS_OUTLET_ZIP,CA0099,002,,EXACT_OUTLET;TIE_FSCSKEY_SEQ,EXACT_OUTLET;NOT_USPS_VALIDITY;NO_INVENTORY
93258,ZCTA_NEAREST_ACTIVE_OUTLET,CA0099,002,12.124,ZCTA_NN;R6371;TIE_FIRST_LEX,ZCTA_NN_HAVERSINE;NOT_ELIGIBILITY;NOT_USPS_VALIDITY;NO_INVENTORY
93260,ZCTA_NEAREST_ACTIVE_OUTLET,CA0051,014,26.732,ZCTA_NN;R6371;TIE_FIRST_LEX,ZCTA_NN_HAVERSINE;NOT_ELIGIBILITY;NOT_USPS_VALIDITY;NO_INVENTORY
93261,ZCTA_NEAREST_ACTIVE_OUTLET,CA0051,009,12.457,ZCTA_NN;R6371;TIE_FIRST_LEX,ZCTA_NN_HAVERSINE;NOT_ELIGIBILITY;NOT_USPS_VALIDITY;NO_INVENTORY
93262,ZCTA_NEAREST_ACTIVE_OUTLET,CA0148,017,20.266,ZCTA_NN;R6371;TIE_FIRST_LEX,ZCTA_NN_HAVERSINE;NOT_ELIGIBILITY;NOT_USPS_VALIDITY;NO_INVENTORY
93263,EXACT_IMLS_OUTLET_ZIP,CA0272,013,,EXACT_OUTLET;TIE_FSCSKEY_SEQ,EXACT_OUTLET;NOT_USPS_VALIDITY;NO_INVENTORY
93265,EXACT_IMLS_OUTLET_ZIP,CA0148,014,,EXACT_OUTLET;TIE_FSCSKEY_SEQ,EXACT_OUTLET;NOT_USPS_VALIDITY;NO_INVENTORY
93266,EXACT_IMLS_OUTLET_ZIP,CA0053,007,,EXACT_OUTLET;TIE_FSCSKEY_SEQ,EXACT_OUTLET;NOT_USPS_VALIDITY;NO_INVENTORY
93267,EXACT_IMLS_OUTLET_ZIP,CA0148,015,,EXACT_OUTLET;TIE_FSCSKEY_SEQ,EXACT_OUTLET;NOT_USPS_VALIDITY;NO_INVENTORY
93268,EXACT_IMLS_OUTLET_ZIP,CA0051,024,,EXACT_OUTLET;TIE_FSCSKEY_SEQ,EXACT_OUTLET;NOT_USPS_VALIDITY;NO_INVENTORY
93270,EXACT_IMLS_OUTLET_ZIP,CA0148,016,,EXACT_OUTLET;TIE_FSCSKEY_SEQ,EXACT_OUTLET;NOT_USPS_VALIDITY;NO_INVENTORY
93271,EXACT_IMLS_OUTLET_ZIP,CA0148,017,,EXACT_OUTLET;TIE_FSCSKEY_SEQ,EXACT_OUTLET;NOT_USPS_VALIDITY;NO_INVENTORY
93272,EXACT_IMLS_OUTLET_ZIP,CA0148,018,,EXACT_OUTLET;TIE_FSCSKEY_SEQ,EXACT_OUTLET;NOT_USPS_VALIDITY;NO_INVENTORY
93274,EXACT_IMLS_OUTLET_ZIP,CA0149,002,,EXACT_OUTLET;TIE_FSCSKEY_SEQ,EXACT_OUTLET;NOT_USPS_VALIDITY;NO_INVENTORY
93275,OBSERVED_REFERENCE_INDIRECT_ONLY,,,,INDIRECT_IMLS_SC;NO_FABRICATED_NEAREST,INDIRECT_IMLS_SC;NO_FABRICATED_NEAREST;NOT_REJECTED;NOT_USPS_VALIDITY;NO_INVENTORY
93276,ZCTA_NEAREST_ACTIVE_OUTLET,CA0051,007,10.738,ZCTA_NN;R6371;TIE_FIRST_LEX,ZCTA_NN_HAVERSINE;NOT_ELIGIBILITY;NOT_USPS_VALIDITY;NO_INVENTORY
93277,ZCTA_NEAREST_ACTIVE_OUTLET,CA0265,001,6.032,ZCTA_NN;R6371;TIE_FIRST_LEX,ZCTA_NN_HAVERSINE;NOT_ELIGIBILITY;NOT_USPS_VALIDITY;NO_INVENTORY
93278,OBSERVED_REFERENCE_INDIRECT_ONLY,,,,INDIRECT_IMLS_SC;NO_FABRICATED_NEAREST,INDIRECT_IMLS_SC;NO_FABRICATED_NEAREST;NOT_REJECTED;NOT_USPS_VALIDITY;NO_INVENTORY
93279,OBSERVED_REFERENCE_INDIRECT_ONLY,,,,INDIRECT_IMLS_SC;NO_FABRICATED_NEAREST,INDIRECT_IMLS_SC;NO_FABRICATED_NEAREST;NOT_REJECTED;NOT_USPS_VALIDITY;NO_INVENTORY
93280,EXACT_IMLS_OUTLET_ZIP,CA0051,026,,EXACT_OUTLET;TIE_FSCSKEY_SEQ,EXACT_OUTLET;NOT_USPS_VALIDITY;NO_INVENTORY
93283,ZCTA_NEAREST_ACTIVE_OUTLET,CA0051,014,16.108,ZCTA_NN;R6371;TIE_FIRST_LEX,ZCTA_NN_HAVERSINE;NOT_ELIGIBILITY;NOT_USPS_VALIDITY;NO_INVENTORY
93285,ZCTA_NEAREST_ACTIVE_OUTLET,CA0051,014,12.363,ZCTA_NN;R6371;TIE_FIRST_LEX,ZCTA_NN_HAVERSINE;NOT_ELIGIBILITY;NOT_USPS_VALIDITY;NO_INVENTORY
93286,EXACT_IMLS_OUTLET_ZIP,CA0148,019,,EXACT_OUTLET;TIE_FSCSKEY_SEQ,EXACT_OUTLET;NOT_USPS_VALIDITY;NO_INVENTORY
93287,ZCTA_NEAREST_ACTIVE_OUTLET,CA0148,016,28.050,ZCTA_NN;R6371;TIE_FIRST_LEX,ZCTA_NN_HAVERSINE;NOT_ELIGIBILITY;NOT_USPS_VALIDITY;NO_INVENTORY
93290,OBSERVED_REFERENCE_INDIRECT_ONLY,,,,INDIRECT_IMLS_SC;NO_FABRICATED_NEAREST,INDIRECT_IMLS_SC;NO_FABRICATED_NEAREST;NOT_REJECTED;NOT_USPS_VALIDITY;NO_INVENTORY
93291,EXACT_IMLS_OUTLET_ZIP,CA0148,002,,EXACT_OUTLET;TIE_FSCSKEY_SEQ,EXACT_OUTLET;NOT_USPS_VALIDITY;NO_INVENTORY
93292,EXACT_IMLS_OUTLET_ZIP,CA0148,025,,EXACT_OUTLET;TIE_FSCSKEY_SEQ,EXACT_OUTLET;NOT_USPS_VALIDITY;NO_INVENTORY
93301,EXACT_IMLS_OUTLET_ZIP,CA0051,002,,EXACT_OUTLET;TIE_FSCSKEY_SEQ,EXACT_OUTLET;NOT_USPS_VALIDITY;NO_INVENTORY
93303,OBSERVED_REFERENCE_INDIRECT_ONLY,,,,INDIRECT_IMLS_SC;NO_FABRICATED_NEAREST,INDIRECT_IMLS_SC;NO_FABRICATED_NEAREST;NOT_REJECTED;NOT_USPS_VALIDITY;NO_INVENTORY
93304,EXACT_IMLS_OUTLET_ZIP,CA0051,027,,EXACT_OUTLET;TIE_FSCSKEY_SEQ,EXACT_OUTLET;NOT_USPS_VALIDITY;NO_INVENTORY
93305,EXACT_IMLS_OUTLET_ZIP,CA0051,004,,EXACT_OUTLET;TIE_FSCSKEY_SEQ,EXACT_OUTLET;NOT_USPS_VALIDITY;NO_INVENTORY
93306,EXACT_IMLS_OUTLET_ZIP,CA0051,018,,EXACT_OUTLET;TIE_FSCSKEY_SEQ,EXACT_OUTLET;NOT_USPS_VALIDITY;NO_INVENTORY
93307,EXACT_IMLS_OUTLET_ZIP,CA0051,012,,EXACT_OUTLET;TIE_FSCSKEY_SEQ,EXACT_OUTLET;NOT_USPS_VALIDITY;NO_INVENTORY
93308,EXACT_IMLS_OUTLET_ZIP,CA0051,019,,EXACT_OUTLET;TIE_FSCSKEY_SEQ,EXACT_OUTLET;NOT_USPS_VALIDITY;NO_INVENTORY
93309,ZCTA_NEAREST_ACTIVE_OUTLET,CA0051,023,2.790,ZCTA_NN;R6371;TIE_FIRST_LEX,ZCTA_NN_HAVERSINE;NOT_ELIGIBILITY;NOT_USPS_VALIDITY;NO_INVENTORY
93311,EXACT_IMLS_OUTLET_ZIP,CA0051,023,,EXACT_OUTLET;TIE_FSCSKEY_SEQ,EXACT_OUTLET;NOT_USPS_VALIDITY;NO_INVENTORY
93312,ZCTA_NEAREST_ACTIVE_OUTLET,CA0051,023,6.201,ZCTA_NN;R6371;TIE_FIRST_LEX,ZCTA_NN_HAVERSINE;NOT_ELIGIBILITY;NOT_USPS_VALIDITY;NO_INVENTORY
93313,ZCTA_NEAREST_ACTIVE_OUTLET,CA0051,015,15.851,ZCTA_NN;R6371;TIE_FIRST_LEX,ZCTA_NN_HAVERSINE;NOT_ELIGIBILITY;NOT_USPS_VALIDITY;NO_INVENTORY
93314,ZCTA_NEAREST_ACTIVE_OUTLET,CA0272,013,12.580,ZCTA_NN;R6371;TIE_FIRST_LEX,ZCTA_NN_HAVERSINE;NOT_ELIGIBILITY;NOT_USPS_VALIDITY;NO_INVENTORY
93380,OBSERVED_REFERENCE_INDIRECT_ONLY,,,,INDIRECT_IMLS_SC;NO_FABRICATED_NEAREST,INDIRECT_IMLS_SC;NO_FABRICATED_NEAREST;NOT_REJECTED;NOT_USPS_VALIDITY;NO_INVENTORY
93384,OBSERVED_REFERENCE_INDIRECT_ONLY,,,,INDIRECT_IMLS_SC;NO_FABRICATED_NEAREST,INDIRECT_IMLS_SC;NO_FABRICATED_NEAREST;NOT_REJECTED;NOT_USPS_VALIDITY;NO_INVENTORY
93386,OBSERVED_REFERENCE_INDIRECT_ONLY,,,,INDIRECT_IMLS_SC;NO_FABRICATED_NEAREST,INDIRECT_IMLS_SC;NO_FABRICATED_NEAREST;NOT_REJECTED;NOT_USPS_VALIDITY;NO_INVENTORY
93387,OBSERVED_REFERENCE_INDIRECT_ONLY,,,,INDIRECT_IMLS_SC;NO_FABRICATED_NEAREST,INDIRECT_IMLS_SC;NO_FABRICATED_NEAREST;NOT_REJECTED;NOT_USPS_VALIDITY;NO_INVENTORY
93389,OBSERVED_REFERENCE_INDIRECT_ONLY,,,,INDIRECT_IMLS_SC;NO_FABRICATED_NEAREST,INDIRECT_IMLS_SC;NO_FABRICATED_NEAREST;NOT_REJECTED;NOT_USPS_VALIDITY;NO_INVENTORY
93390,OBSERVED_REFERENCE_INDIRECT_ONLY,,,,INDIRECT_IMLS_SC;NO_FABRICATED_NEAREST,INDIRECT_IMLS_SC;NO_FABRICATED_NEAREST;NOT_REJECTED;NOT_USPS_VALIDITY;NO_INVENTORY
93401,EXACT_IMLS_OUTLET_ZIP,CA0118,002,,EXACT_OUTLET;TIE_FSCSKEY_SEQ,EXACT_OUTLET;NOT_USPS_VALIDITY;NO_INVENTORY
93402,EXACT_IMLS_OUTLET_ZIP,CA0118,015,,EXACT_OUTLET;TIE_FSCSKEY_SEQ,EXACT_OUTLET;NOT_USPS_VALIDITY;NO_INVENTORY
93403,OBSERVED_REFERENCE_INDIRECT_ONLY,,,,INDIRECT_IMLS_SC;NO_FABRICATED_NEAREST,INDIRECT_IMLS_SC;NO_FABRICATED_NEAREST;NOT_REJECTED;NOT_USPS_VALIDITY;NO_INVENTORY
93405,ZCTA_NEAREST_ACTIVE_OUTLET,CA0118,002,6.874,ZCTA_NN;R6371;TIE_FIRST_LEX,ZCTA_NN_HAVERSINE;NOT_ELIGIBILITY;NOT_USPS_VALIDITY;NO_INVENTORY
93406,OBSERVED_REFERENCE_INDIRECT_ONLY,,,,INDIRECT_IMLS_SC;NO_FABRICATED_NEAREST,INDIRECT_IMLS_SC;NO_FABRICATED_NEAREST;NOT_REJECTED;NOT_USPS_VALIDITY;NO_INVENTORY
93407,ZCTA_NEAREST_ACTIVE_OUTLET,CA0118,002,2.752,ZCTA_NN;R6371;TIE_FIRST_LEX,ZCTA_NN_HAVERSINE;NOT_ELIGIBILITY;NOT_USPS_VALIDITY;NO_INVENTORY
93408,EXACT_IMLS_OUTLET_ZIP,CA0251,001,,EXACT_OUTLET;TIE_FSCSKEY_SEQ,EXACT_OUTLET;NOT_USPS_VALIDITY;NO_INVENTORY
93409,ZCTA_NEAREST_ACTIVE_OUTLET,CA0118,002,5.561,ZCTA_NN;R6371;TIE_FIRST_LEX,ZCTA_NN_HAVERSINE;NOT_ELIGIBILITY;NOT_USPS_VALIDITY;NO_INVENTORY
93410,ZCTA_NEAREST_ACTIVE_OUTLET,CA0118,002,2.489,ZCTA_NN;R6371;TIE_FIRST_LEX,ZCTA_NN_HAVERSINE;NOT_ELIGIBILITY;NOT_USPS_VALIDITY;NO_INVENTORY
93412,OBSERVED_REFERENCE_INDIRECT_ONLY,,,,INDIRECT_IMLS_SC;NO_FABRICATED_NEAREST,INDIRECT_IMLS_SC;NO_FABRICATED_NEAREST;NOT_REJECTED;NOT_USPS_VALIDITY;NO_INVENTORY
93420,EXACT_IMLS_OUTLET_ZIP,CA0118,016,,EXACT_OUTLET;TIE_FSCSKEY_SEQ,EXACT_OUTLET;NOT_USPS_VALIDITY;NO_INVENTORY
93421,OBSERVED_REFERENCE_INDIRECT_ONLY,,,,INDIRECT_IMLS_SC;NO_FABRICATED_NEAREST,INDIRECT_IMLS_SC;NO_FABRICATED_NEAREST;NOT_REJECTED;NOT_USPS_VALIDITY;NO_INVENTORY
93422,EXACT_IMLS_OUTLET_ZIP,CA0118,003,,EXACT_OUTLET;TIE_FSCSKEY_SEQ,EXACT_OUTLET;NOT_USPS_VALIDITY;NO_INVENTORY
93423,OBSERVED_REFERENCE_INDIRECT_ONLY,,,,INDIRECT_IMLS_SC;NO_FABRICATED_NEAREST,INDIRECT_IMLS_SC;NO_FABRICATED_NEAREST;NOT_REJECTED;NOT_USPS_VALIDITY;NO_INVENTORY
93424,ZCTA_NEAREST_ACTIVE_OUTLET,CA0118,013,11.671,ZCTA_NN;R6371;TIE_FIRST_LEX,ZCTA_NN_HAVERSINE;NOT_ELIGIBILITY;NOT_USPS_VALIDITY;NO_INVENTORY
93426,ZCTA_NEAREST_ACTIVE_OUTLET,CA0073,011,20.788,ZCTA_NN;R6371;TIE_FIRST_LEX,ZCTA_NN_HAVERSINE;NOT_ELIGIBILITY;NOT_USPS_VALIDITY;NO_INVENTORY
93427,EXACT_IMLS_OUTLET_ZIP,CA0271,006,,EXACT_OUTLET;TIE_FSCSKEY_SEQ,EXACT_OUTLET;NOT_USPS_VALIDITY;NO_INVENTORY
93428,EXACT_IMLS_OUTLET_ZIP,CA0118,004,,EXACT_OUTLET;TIE_FSCSKEY_SEQ,EXACT_OUTLET;NOT_USPS_VALIDITY;NO_INVENTORY
93429,ZCTA_NEAREST_ACTIVE_OUTLET,CA0129,005,8.458,ZCTA_NN;R6371;TIE_FIRST_LEX,ZCTA_NN_HAVERSINE;NOT_ELIGIBILITY;NOT_USPS_VALIDITY;NO_INVENTORY
93430,EXACT_IMLS_OUTLET_ZIP,CA0118,005,,EXACT_OUTLET;TIE_FSCSKEY_SEQ,EXACT_OUTLET;NOT_USPS_VALIDITY;NO_INVENTORY
93432,EXACT_IMLS_OUTLET_ZIP,CA0118,006,,EXACT_OUTLET;TIE_FSCSKEY_SEQ,EXACT_OUTLET;NOT_USPS_VALIDITY;NO_INVENTORY
93433,ZCTA_NEAREST_ACTIVE_OUTLET,CA0118,018,2.127,ZCTA_NN;R6371;TIE_FIRST_LEX,ZCTA_NN_HAVERSINE;NOT_ELIGIBILITY;NOT_USPS_VALIDITY;NO_INVENTORY
93434,EXACT_IMLS_OUTLET_ZIP,CA0129,004,,EXACT_OUTLET;TIE_FSCSKEY_SEQ,EXACT_OUTLET;NOT_USPS_VALIDITY;NO_INVENTORY
93435,OBSERVED_REFERENCE_INDIRECT_ONLY,,,,INDIRECT_IMLS_SC;NO_FABRICATED_NEAREST,INDIRECT_IMLS_SC;NO_FABRICATED_NEAREST;NOT_REJECTED;NOT_USPS_VALIDITY;NO_INVENTORY
93436,EXACT_IMLS_OUTLET_ZIP,CA0060,002,,EXACT_OUTLET;TIE_FSCSKEY_SEQ,EXACT_OUTLET;NOT_USPS_VALIDITY;NO_INVENTORY
93437,ZCTA_NEAREST_ACTIVE_OUTLET,CA0060,003,7.703,ZCTA_NN;R6371;TIE_FIRST_LEX,ZCTA_NN_HAVERSINE;NOT_ELIGIBILITY;NOT_USPS_VALIDITY;NO_INVENTORY
93438,OBSERVED_REFERENCE_INDIRECT_ONLY,,,,INDIRECT_IMLS_SC;NO_FABRICATED_NEAREST,INDIRECT_IMLS_SC;NO_FABRICATED_NEAREST;NOT_REJECTED;NOT_USPS_VALIDITY;NO_INVENTORY
93440,EXACT_IMLS_OUTLET_ZIP,CA0129,007,,EXACT_OUTLET;TIE_FSCSKEY_SEQ,EXACT_OUTLET;NOT_USPS_VALIDITY;NO_INVENTORY
93441,ZCTA_NEAREST_ACTIVE_OUTLET,CA0271,007,15.386,ZCTA_NN;R6371;TIE_FIRST_LEX,ZCTA_NN_HAVERSINE;NOT_ELIGIBILITY;NOT_USPS_VALIDITY;NO_INVENTORY
93442,EXACT_IMLS_OUTLET_ZIP,CA0118,007,,EXACT_OUTLET;TIE_FSCSKEY_SEQ,EXACT_OUTLET;NOT_USPS_VALIDITY;NO_INVENTORY
93443,OBSERVED_REFERENCE_INDIRECT_ONLY,,,,INDIRECT_IMLS_SC;NO_FABRICATED_NEAREST,INDIRECT_IMLS_SC;NO_FABRICATED_NEAREST;NOT_REJECTED;NOT_USPS_VALIDITY;NO_INVENTORY
93444,EXACT_IMLS_OUTLET_ZIP,CA0118,008,,EXACT_OUTLET;TIE_FSCSKEY_SEQ,EXACT_OUTLET;NOT_USPS_VALIDITY;NO_INVENTORY
93445,EXACT_IMLS_OUTLET_ZIP,CA0118,018,,EXACT_OUTLET;TIE_FSCSKEY_SEQ,EXACT_OUTLET;NOT_USPS_VALIDITY;NO_INVENTORY
93446,EXACT_IMLS_OUTLET_ZIP,CA0095,002,,EXACT_OUTLET;TIE_FSCSKEY_SEQ,EXACT_OUTLET;NOT_USPS_VALIDITY;NO_INVENTORY
93447,OBSERVED_REFERENCE_INDIRECT_ONLY,,,,INDIRECT_IMLS_SC;NO_FABRICATED_NEAREST,INDIRECT_IMLS_SC;NO_FABRICATED_NEAREST;NOT_REJECTED;NOT_USPS_VALIDITY;NO_INVENTORY
93448,OBSERVED_REFERENCE_INDIRECT_ONLY,,,,INDIRECT_IMLS_SC;NO_FABRICATED_NEAREST,INDIRECT_IMLS_SC;NO_FABRICATED_NEAREST;NOT_REJECTED;NOT_USPS_VALIDITY;NO_INVENTORY
93449,EXACT_IMLS_OUTLET_ZIP,CA0118,013,,EXACT_OUTLET;TIE_FSCSKEY_SEQ,EXACT_OUTLET;NOT_USPS_VALIDITY;NO_INVENTORY
93450,EXACT_IMLS_OUTLET_ZIP,CA0073,011,,EXACT_OUTLET;TIE_FSCSKEY_SEQ,EXACT_OUTLET;NOT_USPS_VALIDITY;NO_INVENTORY
93451,EXACT_IMLS_OUTLET_ZIP,CA0073,017,,EXACT_OUTLET;TIE_FSCSKEY_SEQ,EXACT_OUTLET;NOT_USPS_VALIDITY;NO_INVENTORY
93452,ZCTA_NEAREST_ACTIVE_OUTLET,CA0118,004,23.233,ZCTA_NN;R6371;TIE_FIRST_LEX,ZCTA_NN_HAVERSINE;NOT_ELIGIBILITY;NOT_USPS_VALIDITY;NO_INVENTORY
93453,EXACT_IMLS_OUTLET_ZIP,CA0118,011,,EXACT_OUTLET;TIE_FSCSKEY_SEQ,EXACT_OUTLET;NOT_USPS_VALIDITY;NO_INVENTORY
93454,EXACT_IMLS_OUTLET_ZIP,CA0129,002,,EXACT_OUTLET;TIE_FSCSKEY_SEQ,EXACT_OUTLET;NOT_USPS_VALIDITY;NO_INVENTORY
93455,EXACT_IMLS_OUTLET_ZIP,CA0129,005,,EXACT_OUTLET;TIE_FSCSKEY_SEQ,EXACT_OUTLET;NOT_USPS_VALIDITY;NO_INVENTORY
93456,OBSERVED_REFERENCE_INDIRECT_ONLY,,,,INDIRECT_IMLS_SC;NO_FABRICATED_NEAREST,INDIRECT_IMLS_SC;NO_FABRICATED_NEAREST;NOT_REJECTED;NOT_USPS_VALIDITY;NO_INVENTORY
93457,OBSERVED_REFERENCE_INDIRECT_ONLY,,,,INDIRECT_IMLS_SC;NO_FABRICATED_NEAREST,INDIRECT_IMLS_SC;NO_FABRICATED_NEAREST;NOT_REJECTED;NOT_USPS_VALIDITY;NO_INVENTORY
93458,ZCTA_NEAREST_ACTIVE_OUTLET,CA0129,002,5.291,ZCTA_NN;R6371;TIE_FIRST_LEX,ZCTA_NN_HAVERSINE;NOT_ELIGIBILITY;NOT_USPS_VALIDITY;NO_INVENTORY
93460,ZCTA_NEAREST_ACTIVE_OUTLET,CA0271,001,26.344,ZCTA_NN;R6371;TIE_FIRST_LEX,ZCTA_NN_HAVERSINE;NOT_ELIGIBILITY;NOT_USPS_VALIDITY;NO_INVENTORY
93461,EXACT_IMLS_OUTLET_ZIP,CA0118,012,,EXACT_OUTLET;TIE_FSCSKEY_SEQ,EXACT_OUTLET;NOT_USPS_VALIDITY;NO_INVENTORY
93463,EXACT_IMLS_OUTLET_ZIP,CA0271,007,,EXACT_OUTLET;TIE_FSCSKEY_SEQ,EXACT_OUTLET;NOT_USPS_VALIDITY;NO_INVENTORY
93464,OBSERVED_REFERENCE_INDIRECT_ONLY,,,,INDIRECT_IMLS_SC;NO_FABRICATED_NEAREST,INDIRECT_IMLS_SC;NO_FABRICATED_NEAREST;NOT_REJECTED;NOT_USPS_VALIDITY;NO_INVENTORY
93465,ZCTA_NEAREST_ACTIVE_OUTLET,CA0118,003,8.661,ZCTA_NN;R6371;TIE_FIRST_LEX,ZCTA_NN_HAVERSINE;NOT_ELIGIBILITY;NOT_USPS_VALIDITY;NO_INVENTORY
93483,OBSERVED_REFERENCE_INDIRECT_ONLY,,,,INDIRECT_IMLS_SC;NO_FABRICATED_NEAREST,INDIRECT_IMLS_SC;NO_FABRICATED_NEAREST;NOT_REJECTED;NOT_USPS_VALIDITY;NO_INVENTORY
93501,EXACT_IMLS_OUTLET_ZIP,CA0051,017,,EXACT_OUTLET;TIE_FSCSKEY_SEQ,EXACT_OUTLET;NOT_USPS_VALIDITY;NO_INVENTORY
93502,OBSERVED_REFERENCE_INDIRECT_ONLY,,,,INDIRECT_IMLS_SC;NO_FABRICATED_NEAREST,INDIRECT_IMLS_SC;NO_FABRICATED_NEAREST;NOT_REJECTED;NOT_USPS_VALIDITY;NO_INVENTORY
93504,OBSERVED_REFERENCE_INDIRECT_ONLY,,,,INDIRECT_IMLS_SC;NO_FABRICATED_NEAREST,INDIRECT_IMLS_SC;NO_FABRICATED_NEAREST;NOT_REJECTED;NOT_USPS_VALIDITY;NO_INVENTORY
93505,EXACT_IMLS_OUTLET_ZIP,CA0051,008,,EXACT_OUTLET;TIE_FSCSKEY_SEQ,EXACT_OUTLET;NOT_USPS_VALIDITY;NO_INVENTORY
93510,EXACT_IMLS_OUTLET_ZIP,CA0062,106,,EXACT_OUTLET;TIE_FSCSKEY_SEQ,EXACT_OUTLET;NOT_USPS_VALIDITY;NO_INVENTORY
93512,EXACT_IMLS_OUTLET_ZIP,CA0071,003,,EXACT_OUTLET;TIE_FSCSKEY_SEQ,EXACT_OUTLET;NOT_USPS_VALIDITY;NO_INVENTORY
93513,EXACT_IMLS_OUTLET_ZIP,CA0050,005,,EXACT_OUTLET;TIE_FSCSKEY_SEQ,EXACT_OUTLET;NOT_USPS_VALIDITY;NO_INVENTORY
93514,EXACT_IMLS_OUTLET_ZIP,CA0050,003,,EXACT_OUTLET;TIE_FSCSKEY_SEQ,EXACT_OUTLET;NOT_USPS_VALIDITY;NO_INVENTORY
93515,OBSERVED_REFERENCE_INDIRECT_ONLY,,,,INDIRECT_IMLS_SC;NO_FABRICATED_NEAREST,INDIRECT_IMLS_SC;NO_FABRICATED_NEAREST;NOT_REJECTED;NOT_USPS_VALIDITY;NO_INVENTORY
93516,EXACT_IMLS_OUTLET_ZIP,CA0051,006,,EXACT_OUTLET;TIE_FSCSKEY_SEQ,EXACT_OUTLET;NOT_USPS_VALIDITY;NO_INVENTORY
93517,EXACT_IMLS_OUTLET_ZIP,CA0071,002,,EXACT_OUTLET;TIE_FSCSKEY_SEQ,EXACT_OUTLET;NOT_USPS_VALIDITY;NO_INVENTORY
93518,ZCTA_NEAREST_ACTIVE_OUTLET,CA0051,025,28.109,ZCTA_NN;R6371;TIE_FIRST_LEX,ZCTA_NN_HAVERSINE;NOT_ELIGIBILITY;NOT_USPS_VALIDITY;NO_INVENTORY
93519,ZCTA_NEAREST_ACTIVE_OUTLET,CA0051,008,20.927,ZCTA_NN;R6371;TIE_FIRST_LEX,ZCTA_NN_HAVERSINE;NOT_ELIGIBILITY;NOT_USPS_VALIDITY;NO_INVENTORY
93522,ZCTA_NEAREST_ACTIVE_OUTLET,CA0050,004,52.802,ZCTA_NN;R6371;TIE_FIRST_LEX,ZCTA_NN_HAVERSINE;NOT_ELIGIBILITY;NOT_USPS_VALIDITY;NO_INVENTORY
93523,ZCTA_NEAREST_ACTIVE_OUTLET,CA0051,008,16.031,ZCTA_NN;R6371;TIE_FIRST_LEX,ZCTA_NN_HAVERSINE;NOT_ELIGIBILITY;NOT_USPS_VALIDITY;NO_INVENTORY
93524,ZCTA_NEAREST_ACTIVE_OUTLET,CA0051,006,19.095,ZCTA_NN;R6371;TIE_FIRST_LEX,ZCTA_NN_HAVERSINE;NOT_ELIGIBILITY;NOT_USPS_VALIDITY;NO_INVENTORY
93526,EXACT_IMLS_OUTLET_ZIP,CA0050,002,,EXACT_OUTLET;TIE_FSCSKEY_SEQ,EXACT_OUTLET;NOT_USPS_VALIDITY;NO_INVENTORY
93527,ZCTA_NEAREST_ACTIVE_OUTLET,CA0051,014,47.227,ZCTA_NN;R6371;TIE_FIRST_LEX,ZCTA_NN_HAVERSINE;NOT_ELIGIBILITY;NOT_USPS_VALIDITY;NO_INVENTORY
93528,ZCTA_NEAREST_ACTIVE_OUTLET,CA0051,020,28.597,ZCTA_NN;R6371;TIE_FIRST_LEX,ZCTA_NN_HAVERSINE;NOT_ELIGIBILITY;NOT_USPS_VALIDITY;NO_INVENTORY
93529,EXACT_IMLS_OUTLET_ZIP,CA0071,005,,EXACT_OUTLET;TIE_FSCSKEY_SEQ,EXACT_OUTLET;NOT_USPS_VALIDITY;NO_INVENTORY
93530,ZCTA_NEAREST_ACTIVE_OUTLET,CA0050,004,22.239,ZCTA_NN;R6371;TIE_FIRST_LEX,ZCTA_NN_HAVERSINE;NOT_ELIGIBILITY;NOT_USPS_VALIDITY;NO_INVENTORY
93531,ZCTA_NEAREST_ACTIVE_OUTLET,CA0051,025,18.811,ZCTA_NN;R6371;TIE_FIRST_LEX,ZCTA_NN_HAVERSINE;NOT_ELIGIBILITY;NOT_USPS_VALIDITY;NO_INVENTORY
93532,ZCTA_NEAREST_ACTIVE_OUTLET,CA0062,109,23.639,ZCTA_NN;R6371;TIE_FIRST_LEX,ZCTA_NN_HAVERSINE;NOT_ELIGIBILITY;NOT_USPS_VALIDITY;NO_INVENTORY
93534,EXACT_IMLS_OUTLET_ZIP,CA0062,006,,EXACT_OUTLET;TIE_FSCSKEY_SEQ,EXACT_OUTLET;NOT_USPS_VALIDITY;NO_INVENTORY
93535,ZCTA_NEAREST_ACTIVE_OUTLET,CA0062,097,10.732,ZCTA_NN;R6371;TIE_FIRST_LEX,ZCTA_NN_HAVERSINE;NOT_ELIGIBILITY;NOT_USPS_VALIDITY;NO_INVENTORY
93536,EXACT_IMLS_OUTLET_ZIP,CA0062,012,,EXACT_OUTLET;TIE_FSCSKEY_SEQ,EXACT_OUTLET;NOT_USPS_VALIDITY;NO_INVENTORY
93539,OBSERVED_REFERENCE_INDIRECT_ONLY,,,,INDIRECT_IMLS_SC;NO_FABRICATED_NEAREST,INDIRECT_IMLS_SC;NO_FABRICATED_NEAREST;NOT_REJECTED;NOT_USPS_VALIDITY;NO_INVENTORY
93541,EXACT_IMLS_OUTLET_ZIP,CA0071,006,,EXACT_OUTLET;TIE_FSCSKEY_SEQ,EXACT_OUTLET;NOT_USPS_VALIDITY;NO_INVENTORY
93543,EXACT_IMLS_OUTLET_ZIP,CA0062,008,,EXACT_OUTLET;TIE_FSCSKEY_SEQ,EXACT_OUTLET;NOT_USPS_VALIDITY;NO_INVENTORY
93544,ZCTA_NEAREST_ACTIVE_OUTLET,CA0062,097,15.688,ZCTA_NN;R6371;TIE_FIRST_LEX,ZCTA_NN_HAVERSINE;NOT_ELIGIBILITY;NOT_USPS_VALIDITY;NO_INVENTORY
93545,EXACT_IMLS_OUTLET_ZIP,CA0050,004,,EXACT_OUTLET;TIE_FSCSKEY_SEQ,EXACT_OUTLET;NOT_USPS_VALIDITY;NO_INVENTORY
93546,EXACT_IMLS_OUTLET_ZIP,CA0071,007,,EXACT_OUTLET;TIE_FSCSKEY_SEQ,EXACT_OUTLET;NOT_USPS_VALIDITY;NO_INVENTORY
93549,ZCTA_NEAREST_ACTIVE_OUTLET,CA0050,004,38.736,ZCTA_NN;R6371;TIE_FIRST_LEX,ZCTA_NN_HAVERSINE;NOT_ELIGIBILITY;NOT_USPS_VALIDITY;NO_INVENTORY
93550,EXACT_IMLS_OUTLET_ZIP,CA0089,002,,EXACT_OUTLET;TIE_FSCSKEY_SEQ,EXACT_OUTLET;NOT_USPS_VALIDITY;NO_INVENTORY
93551,ZCTA_NEAREST_ACTIVE_OUTLET,CA0062,012,6.349,ZCTA_NN;R6371;TIE_FIRST_LEX,ZCTA_NN_HAVERSINE;NOT_ELIGIBILITY;NOT_USPS_VALIDITY;NO_INVENTORY
93552,ZCTA_NEAREST_ACTIVE_OUTLET,CA0062,008,7.939,ZCTA_NN;R6371;TIE_FIRST_LEX,ZCTA_NN_HAVERSINE;NOT_ELIGIBILITY;NOT_USPS_VALIDITY;NO_INVENTORY
93553,ZCTA_NEAREST_ACTIVE_OUTLET,CA0062,008,11.913,ZCTA_NN;R6371;TIE_FIRST_LEX,ZCTA_NN_HAVERSINE;NOT_ELIGIBILITY;NOT_USPS_VALIDITY;NO_INVENTORY
93554,ZCTA_NEAREST_ACTIVE_OUTLET,CA0051,020,29.978,ZCTA_NN;R6371;TIE_FIRST_LEX,ZCTA_NN_HAVERSINE;NOT_ELIGIBILITY;NOT_USPS_VALIDITY;NO_INVENTORY
93555,EXACT_IMLS_OUTLET_ZIP,CA0051,020,,EXACT_OUTLET;TIE_FSCSKEY_SEQ,EXACT_OUTLET;NOT_USPS_VALIDITY;NO_INVENTORY
93556,OBSERVED_REFERENCE_INDIRECT_ONLY,,,,INDIRECT_IMLS_SC;NO_FABRICATED_NEAREST,INDIRECT_IMLS_SC;NO_FABRICATED_NEAREST;NOT_REJECTED;NOT_USPS_VALIDITY;NO_INVENTORY
93558,ZCTA_NEAREST_ACTIVE_OUTLET,CA0051,020,32.962,ZCTA_NN;R6371;TIE_FIRST_LEX,ZCTA_NN_HAVERSINE;NOT_ELIGIBILITY;NOT_USPS_VALIDITY;NO_INVENTORY
93560,EXACT_IMLS_OUTLET_ZIP,CA0051,021,,EXACT_OUTLET;TIE_FSCSKEY_SEQ,EXACT_OUTLET;NOT_USPS_VALIDITY;NO_INVENTORY
93561,EXACT_IMLS_OUTLET_ZIP,CA0051,025,,EXACT_OUTLET;TIE_FSCSKEY_SEQ,EXACT_OUTLET;NOT_USPS_VALIDITY;NO_INVENTORY
93562,EXACT_IMLS_OUTLET_ZIP,CA0109,024,,EXACT_OUTLET;TIE_FSCSKEY_SEQ,EXACT_OUTLET;NOT_USPS_VALIDITY;NO_INVENTORY
93563,ZCTA_NEAREST_ACTIVE_OUTLET,CA0109,027,16.389,ZCTA_NN;R6371;TIE_FIRST_LEX,ZCTA_NN_HAVERSINE;NOT_ELIGIBILITY;NOT_USPS_VALIDITY;NO_INVENTORY
93581,ZCTA_NEAREST_ACTIVE_OUTLET,CA0051,025,11.376,ZCTA_NN;R6371;TIE_FIRST_LEX,ZCTA_NN_HAVERSINE;NOT_ELIGIBILITY;NOT_USPS_VALIDITY;NO_INVENTORY
93584,OBSERVED_REFERENCE_INDIRECT_ONLY,,,,INDIRECT_IMLS_SC;NO_FABRICATED_NEAREST,INDIRECT_IMLS_SC;NO_FABRICATED_NEAREST;NOT_REJECTED;NOT_USPS_VALIDITY;NO_INVENTORY
93591,EXACT_IMLS_OUTLET_ZIP,CA0062,097,,EXACT_OUTLET;TIE_FSCSKEY_SEQ,EXACT_OUTLET;NOT_USPS_VALIDITY;NO_INVENTORY
93599,OBSERVED_REFERENCE_INDIRECT_ONLY,,,,INDIRECT_IMLS_SC;NO_FABRICATED_NEAREST,INDIRECT_IMLS_SC;NO_FABRICATED_NEAREST;NOT_REJECTED;NOT_USPS_VALIDITY;NO_INVENTORY
93601,ZCTA_NEAREST_ACTIVE_OUTLET,CA0064,005,9.618,ZCTA_NN;R6371;TIE_FIRST_LEX,ZCTA_NN_HAVERSINE;NOT_ELIGIBILITY;NOT_USPS_VALIDITY;NO_INVENTORY
93602,EXACT_IMLS_OUTLET_ZIP,CA0040,003,,EXACT_OUTLET;TIE_FSCSKEY_SEQ,EXACT_OUTLET;NOT_USPS_VALIDITY;NO_INVENTORY
93603,ZCTA_NEAREST_ACTIVE_OUTLET,CA0148,017,10.004,ZCTA_NN;R6371;TIE_FIRST_LEX,ZCTA_NN_HAVERSINE;NOT_ELIGIBILITY;NOT_USPS_VALIDITY;NO_INVENTORY
93604,ZCTA_NEAREST_ACTIVE_OUTLET,CA0064,005,11.088,ZCTA_NN;R6371;TIE_FIRST_LEX,ZCTA_NN_HAVERSINE;NOT_ELIGIBILITY;NOT_USPS_VALIDITY;NO_INVENTORY
93605,EXACT_IMLS_OUTLET_ZIP,CA0040,005,,EXACT_OUTLET;TIE_FSCSKEY_SEQ,EXACT_OUTLET;NOT_USPS_VALIDITY;NO_INVENTORY
93606,ZCTA_NEAREST_ACTIVE_OUTLET,CA0040,047,0.766,ZCTA_NN;R6371;TIE_FIRST_LEX,ZCTA_NN_HAVERSINE;NOT_ELIGIBILITY;NOT_USPS_VALIDITY;NO_INVENTORY
93608,ZCTA_NEAREST_ACTIVE_OUTLET,CA0040,029,17.681,ZCTA_NN;R6371;TIE_FIRST_LEX,ZCTA_NN_HAVERSINE;NOT_ELIGIBILITY;NOT_USPS_VALIDITY;NO_INVENTORY
93609,EXACT_IMLS_OUTLET_ZIP,CA0040,007,,EXACT_OUTLET;TIE_FSCSKEY_SEQ,EXACT_OUTLET;NOT_USPS_VALIDITY;NO_INVENTORY
93610,EXACT_IMLS_OUTLET_ZIP,CA0064,003,,EXACT_OUTLET;TIE_FSCSKEY_SEQ,EXACT_OUTLET;NOT_USPS_VALIDITY;NO_INVENTORY
93611,ZCTA_NEAREST_ACTIVE_OUTLET,CA0040,009,1.295,ZCTA_NN;R6371;TIE_FIRST_LEX,ZCTA_NN_HAVERSINE;NOT_ELIGIBILITY;NOT_USPS_VALIDITY;NO_INVENTORY
93612,EXACT_IMLS_OUTLET_ZIP,CA0040,009,,EXACT_OUTLET;TIE_FSCSKEY_SEQ,EXACT_OUTLET;NOT_USPS_VALIDITY;NO_INVENTORY
93613,OBSERVED_REFERENCE_INDIRECT_ONLY,,,,INDIRECT_IMLS_SC;NO_FABRICATED_NEAREST,INDIRECT_IMLS_SC;NO_FABRICATED_NEAREST;NOT_REJECTED;NOT_USPS_VALIDITY;NO_INVENTORY
93614,ZCTA_NEAREST_ACTIVE_OUTLET,CA0064,005,14.395,ZCTA_NN;R6371;TIE_FIRST_LEX,ZCTA_NN_HAVERSINE;NOT_ELIGIBILITY;NOT_USPS_VALIDITY;NO_INVENTORY
93615,ZCTA_NEAREST_ACTIVE_OUTLET,CA0148,012,4.605,ZCTA_NN;R6371;TIE_FIRST_LEX,ZCTA_NN_HAVERSINE;NOT_ELIGIBILITY;NOT_USPS_VALIDITY;NO_INVENTORY
93616,ZCTA_NEAREST_ACTIVE_OUTLET,CA0040,028,6.348,ZCTA_NN;R6371;TIE_FIRST_LEX,ZCTA_NN_HAVERSINE;NOT_ELIGIBILITY;NOT_USPS_VALIDITY;NO_INVENTORY
93618,EXACT_IMLS_OUTLET_ZIP,CA0148,005,,EXACT_OUTLET;TIE_FSCSKEY_SEQ,EXACT_OUTLET;NOT_USPS_VALIDITY;NO_INVENTORY
93619,ZCTA_NEAREST_ACTIVE_OUTLET,CA0040,009,13.438,ZCTA_NN;R6371;TIE_FIRST_LEX,ZCTA_NN_HAVERSINE;NOT_ELIGIBILITY;NOT_USPS_VALIDITY;NO_INVENTORY
93620,EXACT_IMLS_OUTLET_ZIP,CA0068,008,,EXACT_OUTLET;TIE_FSCSKEY_SEQ,EXACT_OUTLET;NOT_USPS_VALIDITY;NO_INVENTORY
93621,ZCTA_NEAREST_ACTIVE_OUTLET,CA0040,004,13.384,ZCTA_NN;R6371;TIE_FIRST_LEX,ZCTA_NN_HAVERSINE;NOT_ELIGIBILITY;NOT_USPS_VALIDITY;NO_INVENTORY
93622,EXACT_IMLS_OUTLET_ZIP,CA0040,012,,EXACT_OUTLET;TIE_FSCSKEY_SEQ,EXACT_OUTLET;NOT_USPS_VALIDITY;NO_INVENTORY
93623,ZCTA_NEAREST_ACTIVE_OUTLET,CA0192,005,8.173,ZCTA_NN;R6371;TIE_FIRST_LEX,ZCTA_NN_HAVERSINE;NOT_ELIGIBILITY;NOT_USPS_VALIDITY;NO_INVENTORY
93624,ZCTA_NEAREST_ACTIVE_OUTLET,CA0024,003,18.913,ZCTA_NN;R6371;TIE_FIRST_LEX,ZCTA_NN_HAVERSINE;NOT_ELIGIBILITY;NOT_USPS_VALIDITY;NO_INVENTORY
93625,EXACT_IMLS_OUTLET_ZIP,CA0040,013,,EXACT_OUTLET;TIE_FSCSKEY_SEQ,EXACT_OUTLET;NOT_USPS_VALIDITY;NO_INVENTORY
93626,ZCTA_NEAREST_ACTIVE_OUTLET,CA0040,003,18.843,ZCTA_NN;R6371;TIE_FIRST_LEX,ZCTA_NN_HAVERSINE;NOT_ELIGIBILITY;NOT_USPS_VALIDITY;NO_INVENTORY
93627,ZCTA_NEAREST_ACTIVE_OUTLET,CA0040,029,12.929,ZCTA_NN;R6371;TIE_FIRST_LEX,ZCTA_NN_HAVERSINE;NOT_ELIGIBILITY;NOT_USPS_VALIDITY;NO_INVENTORY
93628,ZCTA_NEAREST_ACTIVE_OUTLET,CA0040,004,36.058,ZCTA_NN;R6371;TIE_FIRST_LEX,ZCTA_NN_HAVERSINE;NOT_ELIGIBILITY;NOT_USPS_VALIDITY;NO_INVENTORY
93630,EXACT_IMLS_OUTLET_ZIP,CA0040,016,,EXACT_OUTLET;TIE_FSCSKEY_SEQ,EXACT_OUTLET;NOT_USPS_VALIDITY;NO_INVENTORY
93631,EXACT_IMLS_OUTLET_ZIP,CA0040,017,,EXACT_OUTLET;TIE_FSCSKEY_SEQ,EXACT_OUTLET;NOT_USPS_VALIDITY;NO_INVENTORY
93633,ZCTA_NEAREST_ACTIVE_OUTLET,CA0040,004,26.319,ZCTA_NN;R6371;TIE_FIRST_LEX,ZCTA_NN_HAVERSINE;NOT_ELIGIBILITY;NOT_USPS_VALIDITY;NO_INVENTORY
93634,ZCTA_NEAREST_ACTIVE_OUTLET,CA0040,005,21.988,ZCTA_NN;R6371;TIE_FIRST_LEX,ZCTA_NN_HAVERSINE;NOT_ELIGIBILITY;NOT_USPS_VALIDITY;NO_INVENTORY
93635,EXACT_IMLS_OUTLET_ZIP,CA0068,015,,EXACT_OUTLET;TIE_FSCSKEY_SEQ,EXACT_OUTLET;NOT_USPS_VALIDITY;NO_INVENTORY
93636,EXACT_IMLS_OUTLET_ZIP,CA0064,006,,EXACT_OUTLET;TIE_FSCSKEY_SEQ,EXACT_OUTLET;NOT_USPS_VALIDITY;NO_INVENTORY
93637,EXACT_IMLS_OUTLET_ZIP,CA0064,002,,EXACT_OUTLET;TIE_FSCSKEY_SEQ,EXACT_OUTLET;NOT_USPS_VALIDITY;NO_INVENTORY
93638,ZCTA_NEAREST_ACTIVE_OUTLET,CA0064,002,9.507,ZCTA_NN;R6371;TIE_FIRST_LEX,ZCTA_NN_HAVERSINE;NOT_ELIGIBILITY;NOT_USPS_VALIDITY;NO_INVENTORY
93639,OBSERVED_REFERENCE_INDIRECT_ONLY,,,,INDIRECT_IMLS_SC;NO_FABRICATED_NEAREST,INDIRECT_IMLS_SC;NO_FABRICATED_NEAREST;NOT_REJECTED;NOT_USPS_VALIDITY;NO_INVENTORY
93640,EXACT_IMLS_OUTLET_ZIP,CA0040,019,,EXACT_OUTLET;TIE_FSCSKEY_SEQ,EXACT_OUTLET;NOT_USPS_VALIDITY;NO_INVENTORY
93641,ZCTA_NEAREST_ACTIVE_OUTLET,CA0040,004,19.040,ZCTA_NN;R6371;TIE_FIRST_LEX,ZCTA_NN_HAVERSINE;NOT_ELIGIBILITY;NOT_USPS_VALIDITY;NO_INVENTORY
93643,EXACT_IMLS_OUTLET_ZIP,CA0064,004,,EXACT_OUTLET;TIE_FSCSKEY_SEQ,EXACT_OUTLET;NOT_USPS_VALIDITY;NO_INVENTORY
93644,EXACT_IMLS_OUTLET_ZIP,CA0064,005,,EXACT_OUTLET;TIE_FSCSKEY_SEQ,EXACT_OUTLET;NOT_USPS_VALIDITY;NO_INVENTORY
93645,ZCTA_NEAREST_ACTIVE_OUTLET,CA0064,004,12.743,ZCTA_NN;R6371;TIE_FIRST_LEX,ZCTA_NN_HAVERSINE;NOT_ELIGIBILITY;NOT_USPS_VALIDITY;NO_INVENTORY
93646,EXACT_IMLS_OUTLET_ZIP,CA0040,037,,EXACT_OUTLET;TIE_FSCSKEY_SEQ,EXACT_OUTLET;NOT_USPS_VALIDITY;NO_INVENTORY
93647,EXACT_IMLS_OUTLET_ZIP,CA0148,012,,EXACT_OUTLET;TIE_FSCSKEY_SEQ,EXACT_OUTLET;NOT_USPS_VALIDITY;NO_INVENTORY
93648,EXACT_IMLS_OUTLET_ZIP,CA0040,022,,EXACT_OUTLET;TIE_FSCSKEY_SEQ,EXACT_OUTLET;NOT_USPS_VALIDITY;NO_INVENTORY
93650,EXACT_IMLS_OUTLET_ZIP,CA0040,024,,EXACT_OUTLET;TIE_FSCSKEY_SEQ,EXACT_OUTLET;NOT_USPS_VALIDITY;NO_INVENTORY
93651,ZCTA_NEAREST_ACTIVE_OUTLET,CA0040,003,8.852,ZCTA_NN;R6371;TIE_FIRST_LEX,ZCTA_NN_HAVERSINE;NOT_ELIGIBILITY;NOT_USPS_VALIDITY;NO_INVENTORY
93652,ZCTA_NEAREST_ACTIVE_OUTLET,CA0040,007,8.800,ZCTA_NN;R6371;TIE_FIRST_LEX,ZCTA_NN_HAVERSINE;NOT_ELIGIBILITY;NOT_USPS_VALIDITY;NO_INVENTORY
93653,ZCTA_NEAREST_ACTIVE_OUTLET,CA0064,005,24.210,ZCTA_NN;R6371;TIE_FIRST_LEX,ZCTA_NN_HAVERSINE;NOT_ELIGIBILITY;NOT_USPS_VALIDITY;NO_INVENTORY
93654,EXACT_IMLS_OUTLET_ZIP,CA0040,026,,EXACT_OUTLET;TIE_FSCSKEY_SEQ,EXACT_OUTLET;NOT_USPS_VALIDITY;NO_INVENTORY
93656,EXACT_IMLS_OUTLET_ZIP,CA0040,027,,EXACT_OUTLET;TIE_FSCSKEY_SEQ,EXACT_OUTLET;NOT_USPS_VALIDITY;NO_INVENTORY
93657,EXACT_IMLS_OUTLET_ZIP,CA0040,028,,EXACT_OUTLET;TIE_FSCSKEY_SEQ,EXACT_OUTLET;NOT_USPS_VALIDITY;NO_INVENTORY
93660,EXACT_IMLS_OUTLET_ZIP,CA0040,029,,EXACT_OUTLET;TIE_FSCSKEY_SEQ,EXACT_OUTLET;NOT_USPS_VALIDITY;NO_INVENTORY
93662,EXACT_IMLS_OUTLET_ZIP,CA0040,030,,EXACT_OUTLET;TIE_FSCSKEY_SEQ,EXACT_OUTLET;NOT_USPS_VALIDITY;NO_INVENTORY
93664,EXACT_IMLS_OUTLET_ZIP,CA0040,031,,EXACT_OUTLET;TIE_FSCSKEY_SEQ,EXACT_OUTLET;NOT_USPS_VALIDITY;NO_INVENTORY
93665,ZCTA_NEAREST_ACTIVE_OUTLET,CA0068,008,3.107,ZCTA_NN;R6371;TIE_FIRST_LEX,ZCTA_NN_HAVERSINE;NOT_ELIGIBILITY;NOT_USPS_VALIDITY;NO_INVENTORY
93666,ZCTA_NEAREST_ACTIVE_OUTLET,CA0148,012,4.085,ZCTA_NN;R6371;TIE_FIRST_LEX,ZCTA_NN_HAVERSINE;NOT_ELIGIBILITY;NOT_USPS_VALIDITY;NO_INVENTORY
93667,ZCTA_NEAREST_ACTIVE_OUTLET,CA0040,031,15.299,ZCTA_NN;R6371;TIE_FIRST_LEX,ZCTA_NN_HAVERSINE;NOT_ELIGIBILITY;NOT_USPS_VALIDITY;NO_INVENTORY
93668,EXACT_IMLS_OUTLET_ZIP,CA0040,033,,EXACT_OUTLET;TIE_FSCSKEY_SEQ,EXACT_OUTLET;NOT_USPS_VALIDITY;NO_INVENTORY
93669,ZCTA_NEAREST_ACTIVE_OUTLET,CA0064,004,7.934,ZCTA_NN;R6371;TIE_FIRST_LEX,ZCTA_NN_HAVERSINE;NOT_ELIGIBILITY;NOT_USPS_VALIDITY;NO_INVENTORY
93670,ZCTA_NEAREST_ACTIVE_OUTLET,CA0148,012,7.345,ZCTA_NN;R6371;TIE_FIRST_LEX,ZCTA_NN_HAVERSINE;NOT_ELIGIBILITY;NOT_USPS_VALIDITY;NO_INVENTORY
93673,ZCTA_NEAREST_ACTIVE_OUTLET,CA0148,024,4.330,ZCTA_NN;R6371;TIE_FIRST_LEX,ZCTA_NN_HAVERSINE;NOT_ELIGIBILITY;NOT_USPS_VALIDITY;NO_INVENTORY
93675,EXACT_IMLS_OUTLET_ZIP,CA0040,004,,EXACT_OUTLET;TIE_FSCSKEY_SEQ,EXACT_OUTLET;NOT_USPS_VALIDITY;NO_INVENTORY
93701,ZCTA_NEAREST_ACTIVE_OUTLET,CA0040,006,0.752,ZCTA_NN;R6371;TIE_FIRST_LEX,ZCTA_NN_HAVERSINE;NOT_ELIGIBILITY;NOT_USPS_VALIDITY;NO_INVENTORY
93702,EXACT_IMLS_OUTLET_ZIP,CA0040,021,,EXACT_OUTLET;TIE_FSCSKEY_SEQ,EXACT_OUTLET;NOT_USPS_VALIDITY;NO_INVENTORY
93703,EXACT_IMLS_OUTLET_ZIP,CA0040,049,,EXACT_OUTLET;TIE_FSCSKEY_SEQ,EXACT_OUTLET;NOT_USPS_VALIDITY;NO_INVENTORY
93704,ZCTA_NEAREST_ACTIVE_OUTLET,CA0040,014,2.228,ZCTA_NN;R6371;TIE_FIRST_LEX,ZCTA_NN_HAVERSINE;NOT_ELIGIBILITY;NOT_USPS_VALIDITY;NO_INVENTORY
93705,EXACT_IMLS_OUTLET_ZIP,CA0040,014,,EXACT_OUTLET;TIE_FSCSKEY_SEQ,EXACT_OUTLET;NOT_USPS_VALIDITY;NO_INVENTORY
93706,EXACT_IMLS_OUTLET_ZIP,CA0040,010,,EXACT_OUTLET;TIE_FSCSKEY_SEQ,EXACT_OUTLET;NOT_USPS_VALIDITY;NO_INVENTORY
93710,EXACT_IMLS_OUTLET_ZIP,CA0040,025,,EXACT_OUTLET;TIE_FSCSKEY_SEQ,EXACT_OUTLET;NOT_USPS_VALIDITY;NO_INVENTORY
93711,EXACT_IMLS_OUTLET_ZIP,CA0040,011,,EXACT_OUTLET;TIE_FSCSKEY_SEQ,EXACT_OUTLET;NOT_USPS_VALIDITY;NO_INVENTORY
93718,OBSERVED_REFERENCE_INDIRECT_ONLY,,,,INDIRECT_IMLS_SC;NO_FABRICATED_NEAREST,INDIRECT_IMLS_SC;NO_FABRICATED_NEAREST;NOT_REJECTED;NOT_USPS_VALIDITY;NO_INVENTORY
93720,EXACT_IMLS_OUTLET_ZIP,CA0040,042,,EXACT_OUTLET;TIE_FSCSKEY_SEQ,EXACT_OUTLET;NOT_USPS_VALIDITY;NO_INVENTORY
93721,EXACT_IMLS_OUTLET_ZIP,CA0040,002,,EXACT_OUTLET;TIE_FSCSKEY_SEQ,EXACT_OUTLET;NOT_USPS_VALIDITY;NO_INVENTORY
93722,EXACT_IMLS_OUTLET_ZIP,CA0040,048,,EXACT_OUTLET;TIE_FSCSKEY_SEQ,EXACT_OUTLET;NOT_USPS_VALIDITY;NO_INVENTORY
93723,EXACT_IMLS_OUTLET_ZIP,CA0040,047,,EXACT_OUTLET;TIE_FSCSKEY_SEQ,EXACT_OUTLET;NOT_USPS_VALIDITY;NO_INVENTORY
93724,EXACT_IMLS_OUTLET_ZIP,CA0221,001,,EXACT_OUTLET;TIE_FSCSKEY_SEQ,EXACT_OUTLET;NOT_USPS_VALIDITY;NO_INVENTORY
93725,ZCTA_NEAREST_ACTIVE_OUTLET,CA0040,013,4.840,ZCTA_NN;R6371;TIE_FIRST_LEX,ZCTA_NN_HAVERSINE;NOT_ELIGIBILITY;NOT_USPS_VALIDITY;NO_INVENTORY
93726,ZCTA_NEAREST_ACTIVE_OUTLET,CA0040,049,1.721,ZCTA_NN;R6371;TIE_FIRST_LEX,ZCTA_NN_HAVERSINE;NOT_ELIGIBILITY;NOT_USPS_VALIDITY;NO_INVENTORY
93727,EXACT_IMLS_OUTLET_ZIP,CA0040,032,,EXACT_OUTLET;TIE_FSCSKEY_SEQ,EXACT_OUTLET;NOT_USPS_VALIDITY;NO_INVENTORY
93728,EXACT_IMLS_OUTLET_ZIP,CA0040,006,,EXACT_OUTLET;TIE_FSCSKEY_SEQ,EXACT_OUTLET;NOT_USPS_VALIDITY;NO_INVENTORY
93729,OBSERVED_REFERENCE_INDIRECT_ONLY,,,,INDIRECT_IMLS_SC;NO_FABRICATED_NEAREST,INDIRECT_IMLS_SC;NO_FABRICATED_NEAREST;NOT_REJECTED;NOT_USPS_VALIDITY;NO_INVENTORY
93730,ZCTA_NEAREST_ACTIVE_OUTLET,CA0040,042,4.647,ZCTA_NN;R6371;TIE_FIRST_LEX,ZCTA_NN_HAVERSINE;NOT_ELIGIBILITY;NOT_USPS_VALIDITY;NO_INVENTORY
93737,ZCTA_NEAREST_ACTIVE_OUTLET,CA0040,032,5.297,ZCTA_NN;R6371;TIE_FIRST_LEX,ZCTA_NN_HAVERSINE;NOT_ELIGIBILITY;NOT_USPS_VALIDITY;NO_INVENTORY
93740,ZCTA_NEAREST_ACTIVE_OUTLET,CA0040,025,2.427,ZCTA_NN;R6371;TIE_FIRST_LEX,ZCTA_NN_HAVERSINE;NOT_ELIGIBILITY;NOT_USPS_VALIDITY;NO_INVENTORY
93741,ZCTA_NEAREST_ACTIVE_OUTLET,CA0040,006,1.598,ZCTA_NN;R6371;TIE_FIRST_LEX,ZCTA_NN_HAVERSINE;NOT_ELIGIBILITY;NOT_USPS_VALIDITY;NO_INVENTORY
93744,OBSERVED_REFERENCE_INDIRECT_ONLY,,,,INDIRECT_IMLS_SC;NO_FABRICATED_NEAREST,INDIRECT_IMLS_SC;NO_FABRICATED_NEAREST;NOT_REJECTED;NOT_USPS_VALIDITY;NO_INVENTORY
93745,OBSERVED_REFERENCE_INDIRECT_ONLY,,,,INDIRECT_IMLS_SC;NO_FABRICATED_NEAREST,INDIRECT_IMLS_SC;NO_FABRICATED_NEAREST;NOT_REJECTED;NOT_USPS_VALIDITY;NO_INVENTORY
93747,OBSERVED_REFERENCE_INDIRECT_ONLY,,,,INDIRECT_IMLS_SC;NO_FABRICATED_NEAREST,INDIRECT_IMLS_SC;NO_FABRICATED_NEAREST;NOT_REJECTED;NOT_USPS_VALIDITY;NO_INVENTORY
93755,OBSERVED_REFERENCE_INDIRECT_ONLY,,,,INDIRECT_IMLS_SC;NO_FABRICATED_NEAREST,INDIRECT_IMLS_SC;NO_FABRICATED_NEAREST;NOT_REJECTED;NOT_USPS_VALIDITY;NO_INVENTORY
93772,OBSERVED_REFERENCE_INDIRECT_ONLY,,,,INDIRECT_IMLS_SC;NO_FABRICATED_NEAREST,INDIRECT_IMLS_SC;NO_FABRICATED_NEAREST;NOT_REJECTED;NOT_USPS_VALIDITY;NO_INVENTORY
93775,OBSERVED_REFERENCE_INDIRECT_ONLY,,,,INDIRECT_IMLS_SC;NO_FABRICATED_NEAREST,INDIRECT_IMLS_SC;NO_FABRICATED_NEAREST;NOT_REJECTED;NOT_USPS_VALIDITY;NO_INVENTORY
93790,OBSERVED_REFERENCE_INDIRECT_ONLY,,,,INDIRECT_IMLS_SC;NO_FABRICATED_NEAREST,INDIRECT_IMLS_SC;NO_FABRICATED_NEAREST;NOT_REJECTED;NOT_USPS_VALIDITY;NO_INVENTORY
93794,OBSERVED_REFERENCE_INDIRECT_ONLY,,,,INDIRECT_IMLS_SC;NO_FABRICATED_NEAREST,INDIRECT_IMLS_SC;NO_FABRICATED_NEAREST;NOT_REJECTED;NOT_USPS_VALIDITY;NO_INVENTORY
93901,EXACT_IMLS_OUTLET_ZIP,CA0106,002,,EXACT_OUTLET;TIE_FSCSKEY_SEQ,EXACT_OUTLET;NOT_USPS_VALIDITY;NO_INVENTORY
93902,OBSERVED_REFERENCE_INDIRECT_ONLY,,,,INDIRECT_IMLS_SC;NO_FABRICATED_NEAREST,INDIRECT_IMLS_SC;NO_FABRICATED_NEAREST;NOT_REJECTED;NOT_USPS_VALIDITY;NO_INVENTORY
93905,EXACT_IMLS_OUTLET_ZIP,CA0106,003,,EXACT_OUTLET;TIE_FSCSKEY_SEQ,EXACT_OUTLET;NOT_USPS_VALIDITY;NO_INVENTORY
93906,EXACT_IMLS_OUTLET_ZIP,CA0106,004,,EXACT_OUTLET;TIE_FSCSKEY_SEQ,EXACT_OUTLET;NOT_USPS_VALIDITY;NO_INVENTORY
93907,EXACT_IMLS_OUTLET_ZIP,CA0073,004,,EXACT_OUTLET;TIE_FSCSKEY_SEQ,EXACT_OUTLET;NOT_USPS_VALIDITY;NO_INVENTORY
93908,EXACT_IMLS_OUTLET_ZIP,CA0073,022,,EXACT_OUTLET;TIE_FSCSKEY_SEQ,EXACT_OUTLET;NOT_USPS_VALIDITY;NO_INVENTORY
93912,OBSERVED_REFERENCE_INDIRECT_ONLY,,,,INDIRECT_IMLS_SC;NO_FABRICATED_NEAREST,INDIRECT_IMLS_SC;NO_FABRICATED_NEAREST;NOT_REJECTED;NOT_USPS_VALIDITY;NO_INVENTORY
93920,EXACT_IMLS_OUTLET_ZIP,CA0073,014,,EXACT_OUTLET;TIE_FSCSKEY_SEQ,EXACT_OUTLET;NOT_USPS_VALIDITY;NO_INVENTORY
93921,EXACT_IMLS_OUTLET_ZIP,CA0021,002,,EXACT_OUTLET;TIE_FSCSKEY_SEQ,EXACT_OUTLET;NOT_USPS_VALIDITY;NO_INVENTORY
93922,OBSERVED_REFERENCE_INDIRECT_ONLY,,,,INDIRECT_IMLS_SC;NO_FABRICATED_NEAREST,INDIRECT_IMLS_SC;NO_FABRICATED_NEAREST;NOT_REJECTED;NOT_USPS_VALIDITY;NO_INVENTORY
93923,ZCTA_NEAREST_ACTIVE_OUTLET,CA0073,007,9.925,ZCTA_NN;R6371;TIE_FIRST_LEX,ZCTA_NN_HAVERSINE;NOT_ELIGIBILITY;NOT_USPS_VALIDITY;NO_INVENTORY
93924,EXACT_IMLS_OUTLET_ZIP,CA0073,007,,EXACT_OUTLET;TIE_FSCSKEY_SEQ,EXACT_OUTLET;NOT_USPS_VALIDITY;NO_INVENTORY
93925,ZCTA_NEAREST_ACTIVE_OUTLET,CA0073,008,8.900,ZCTA_NN;R6371;TIE_FIRST_LEX,ZCTA_NN_HAVERSINE;NOT_ELIGIBILITY;NOT_USPS_VALIDITY;NO_INVENTORY
93926,EXACT_IMLS_OUTLET_ZIP,CA0073,008,,EXACT_OUTLET;TIE_FSCSKEY_SEQ,EXACT_OUTLET;NOT_USPS_VALIDITY;NO_INVENTORY
93927,EXACT_IMLS_OUTLET_ZIP,CA0073,009,,EXACT_OUTLET;TIE_FSCSKEY_SEQ,EXACT_OUTLET;NOT_USPS_VALIDITY;NO_INVENTORY
93928,ZCTA_NEAREST_ACTIVE_OUTLET,CA0073,009,33.520,ZCTA_NN;R6371;TIE_FIRST_LEX,ZCTA_NN_HAVERSINE;NOT_ELIGIBILITY;NOT_USPS_VALIDITY;NO_INVENTORY
93930,EXACT_IMLS_OUTLET_ZIP,CA0073,018,,EXACT_OUTLET;TIE_FSCSKEY_SEQ,EXACT_OUTLET;NOT_USPS_VALIDITY;NO_INVENTORY
93932,ZCTA_NEAREST_ACTIVE_OUTLET,CA0073,011,14.484,ZCTA_NN;R6371;TIE_FIRST_LEX,ZCTA_NN_HAVERSINE;NOT_ELIGIBILITY;NOT_USPS_VALIDITY;NO_INVENTORY
93933,EXACT_IMLS_OUTLET_ZIP,CA0073,010,,EXACT_OUTLET;TIE_FSCSKEY_SEQ,EXACT_OUTLET;NOT_USPS_VALIDITY;NO_INVENTORY
93940,EXACT_IMLS_OUTLET_ZIP,CA0074,002,,EXACT_OUTLET;TIE_FSCSKEY_SEQ,EXACT_OUTLET;NOT_USPS_VALIDITY;NO_INVENTORY
93942,OBSERVED_REFERENCE_INDIRECT_ONLY,,,,INDIRECT_IMLS_SC;NO_FABRICATED_NEAREST,INDIRECT_IMLS_SC;NO_FABRICATED_NEAREST;NOT_REJECTED;NOT_USPS_VALIDITY;NO_INVENTORY
93943,ZCTA_NEAREST_ACTIVE_OUTLET,CA0073,003,1.978,ZCTA_NN;R6371;TIE_FIRST_LEX,ZCTA_NN_HAVERSINE;NOT_ELIGIBILITY;NOT_USPS_VALIDITY;NO_INVENTORY
93944,ZCTA_NEAREST_ACTIVE_OUTLET,CA0074,002,1.960,ZCTA_NN;R6371;TIE_FIRST_LEX,ZCTA_NN_HAVERSINE;NOT_ELIGIBILITY;NOT_USPS_VALIDITY;NO_INVENTORY
93950,EXACT_IMLS_OUTLET_ZIP,CA0088,002,,EXACT_OUTLET;TIE_FSCSKEY_SEQ,EXACT_OUTLET;NOT_USPS_VALIDITY;NO_INVENTORY
93953,ZCTA_NEAREST_ACTIVE_OUTLET,CA0021,002,4.068,ZCTA_NN;R6371;TIE_FIRST_LEX,ZCTA_NN_HAVERSINE;NOT_ELIGIBILITY;NOT_USPS_VALIDITY;NO_INVENTORY
93954,EXACT_IMLS_OUTLET_ZIP,CA0073,015,,EXACT_OUTLET;TIE_FSCSKEY_SEQ,EXACT_OUTLET;NOT_USPS_VALIDITY;NO_INVENTORY
93955,EXACT_IMLS_OUTLET_ZIP,CA0073,003,,EXACT_OUTLET;TIE_FSCSKEY_SEQ,EXACT_OUTLET;NOT_USPS_VALIDITY;NO_INVENTORY
93960,EXACT_IMLS_OUTLET_ZIP,CA0073,006,,EXACT_OUTLET;TIE_FSCSKEY_SEQ,EXACT_OUTLET;NOT_USPS_VALIDITY;NO_INVENTORY
93962,ZCTA_NEAREST_ACTIVE_OUTLET,CA0073,022,2.046,ZCTA_NN;R6371;TIE_FIRST_LEX,ZCTA_NN_HAVERSINE;NOT_ELIGIBILITY;NOT_USPS_VALIDITY;NO_INVENTORY
94002,EXACT_IMLS_OUTLET_ZIP,CA0120,004,,EXACT_OUTLET;TIE_FSCSKEY_SEQ,EXACT_OUTLET;NOT_USPS_VALIDITY;NO_INVENTORY
94005,EXACT_IMLS_OUTLET_ZIP,CA0120,005,,EXACT_OUTLET;TIE_FSCSKEY_SEQ,EXACT_OUTLET;NOT_USPS_VALIDITY;NO_INVENTORY
94010,EXACT_IMLS_OUTLET_ZIP,CA0016,002,,EXACT_OUTLET;TIE_FSCSKEY_SEQ,EXACT_OUTLET;NOT_USPS_VALIDITY;NO_INVENTORY
94011,OBSERVED_REFERENCE_INDIRECT_ONLY,,,,INDIRECT_IMLS_SC;NO_FABRICATED_NEAREST,INDIRECT_IMLS_SC;NO_FABRICATED_NEAREST;NOT_REJECTED;NOT_USPS_VALIDITY;NO_INVENTORY
94014,EXACT_IMLS_OUTLET_ZIP,CA0031,004,,EXACT_OUTLET;TIE_FSCSKEY_SEQ,EXACT_OUTLET;NOT_USPS_VALIDITY;NO_INVENTORY
94015,EXACT_IMLS_OUTLET_ZIP,CA0031,002,,EXACT_OUTLET;TIE_FSCSKEY_SEQ,EXACT_OUTLET;NOT_USPS_VALIDITY;NO_INVENTORY
94017,OBSERVED_REFERENCE_INDIRECT_ONLY,,,,INDIRECT_IMLS_SC;NO_FABRICATED_NEAREST,INDIRECT_IMLS_SC;NO_FABRICATED_NEAREST;NOT_REJECTED;NOT_USPS_VALIDITY;NO_INVENTORY
94018,ZCTA_NEAREST_ACTIVE_OUTLET,CA0120,008,5.708,ZCTA_NN;R6371;TIE_FIRST_LEX,ZCTA_NN_HAVERSINE;NOT_ELIGIBILITY;NOT_USPS_VALIDITY;NO_INVENTORY
94019,EXACT_IMLS_OUTLET_ZIP,CA0120,008,,EXACT_OUTLET;TIE_FSCSKEY_SEQ,EXACT_OUTLET;NOT_USPS_VALIDITY;NO_INVENTORY
94020,ZCTA_NEAREST_ACTIVE_OUTLET,CA0120,012,12.653,ZCTA_NN;R6371;TIE_FIRST_LEX,ZCTA_NN_HAVERSINE;NOT_ELIGIBILITY;NOT_USPS_VALIDITY;NO_INVENTORY
94021,ZCTA_NEAREST_ACTIVE_OUTLET,CA0120,012,14.816,ZCTA_NN;R6371;TIE_FIRST_LEX,ZCTA_NN_HAVERSINE;NOT_ELIGIBILITY;NOT_USPS_VALIDITY;NO_INVENTORY
94022,EXACT_IMLS_OUTLET_ZIP,CA0126,007,,EXACT_OUTLET;TIE_FSCSKEY_SEQ,EXACT_OUTLET;NOT_USPS_VALIDITY;NO_INVENTORY
94023,OBSERVED_REFERENCE_INDIRECT_ONLY,,,,INDIRECT_IMLS_SC;NO_FABRICATED_NEAREST,INDIRECT_IMLS_SC;NO_FABRICATED_NEAREST;NOT_REJECTED;NOT_USPS_VALIDITY;NO_INVENTORY
94024,EXACT_IMLS_OUTLET_ZIP,CA0126,008,,EXACT_OUTLET;TIE_FSCSKEY_SEQ,EXACT_OUTLET;NOT_USPS_VALIDITY;NO_INVENTORY
94025,EXACT_IMLS_OUTLET_ZIP,CA0067,002,,EXACT_OUTLET;TIE_FSCSKEY_SEQ,EXACT_OUTLET;NOT_USPS_VALIDITY;NO_INVENTORY
94026,OBSERVED_REFERENCE_INDIRECT_ONLY,,,,INDIRECT_IMLS_SC;NO_FABRICATED_NEAREST,INDIRECT_IMLS_SC;NO_FABRICATED_NEAREST;NOT_REJECTED;NOT_USPS_VALIDITY;NO_INVENTORY
94027,EXACT_IMLS_OUTLET_ZIP,CA0120,003,,EXACT_OUTLET;TIE_FSCSKEY_SEQ,EXACT_OUTLET;NOT_USPS_VALIDITY;NO_INVENTORY
94028,EXACT_IMLS_OUTLET_ZIP,CA0120,012,,EXACT_OUTLET;TIE_FSCSKEY_SEQ,EXACT_OUTLET;NOT_USPS_VALIDITY;NO_INVENTORY
94030,EXACT_IMLS_OUTLET_ZIP,CA0120,009,,EXACT_OUTLET;TIE_FSCSKEY_SEQ,EXACT_OUTLET;NOT_USPS_VALIDITY;NO_INVENTORY
94035,OBSERVED_REFERENCE_INDIRECT_ONLY,,,,INDIRECT_IMLS_SC;NO_FABRICATED_NEAREST,INDIRECT_IMLS_SC;NO_FABRICATED_NEAREST;NOT_REJECTED;NOT_USPS_VALIDITY;NO_INVENTORY
94037,ZCTA_NEAREST_ACTIVE_OUTLET,CA0120,011,3.922,ZCTA_NN;R6371;TIE_FIRST_LEX,ZCTA_NN_HAVERSINE;NOT_ELIGIBILITY;NOT_USPS_VALIDITY;NO_INVENTORY
94038,ZCTA_NEAREST_ACTIVE_OUTLET,CA0120,011,5.458,ZCTA_NN;R6371;TIE_FIRST_LEX,ZCTA_NN_HAVERSINE;NOT_ELIGIBILITY;NOT_USPS_VALIDITY;NO_INVENTORY
94039,OBSERVED_REFERENCE_INDIRECT_ONLY,,,,INDIRECT_IMLS_SC;NO_FABRICATED_NEAREST,INDIRECT_IMLS_SC;NO_FABRICATED_NEAREST;NOT_REJECTED;NOT_USPS_VALIDITY;NO_INVENTORY
94040,ZCTA_NEAREST_ACTIVE_OUTLET,CA0076,002,1.145,ZCTA_NN;R6371;TIE_FIRST_LEX,ZCTA_NN_HAVERSINE;NOT_ELIGIBILITY;NOT_USPS_VALIDITY;NO_INVENTORY
94041,EXACT_IMLS_OUTLET_ZIP,CA0076,002,,EXACT_OUTLET;TIE_FSCSKEY_SEQ,EXACT_OUTLET;NOT_USPS_VALIDITY;NO_INVENTORY
94042,OBSERVED_REFERENCE_INDIRECT_ONLY,,,,INDIRECT_IMLS_SC;NO_FABRICATED_NEAREST,INDIRECT_IMLS_SC;NO_FABRICATED_NEAREST;NOT_REJECTED;NOT_USPS_VALIDITY;NO_INVENTORY
94043,ZCTA_NEAREST_ACTIVE_OUTLET,CA0076,002,2.717,ZCTA_NN;R6371;TIE_FIRST_LEX,ZCTA_NN_HAVERSINE;NOT_ELIGIBILITY;NOT_USPS_VALIDITY;NO_INVENTORY
94044,EXACT_IMLS_OUTLET_ZIP,CA0120,010,,EXACT_OUTLET;TIE_FSCSKEY_SEQ,EXACT_OUTLET;NOT_USPS_VALIDITY;NO_INVENTORY
94060,ZCTA_NEAREST_ACTIVE_OUTLET,CA0120,012,15.332,ZCTA_NN;R6371;TIE_FIRST_LEX,ZCTA_NN_HAVERSINE;NOT_ELIGIBILITY;NOT_USPS_VALIDITY;NO_INVENTORY
94061,EXACT_IMLS_OUTLET_ZIP,CA0101,003,,EXACT_OUTLET;TIE_FSCSKEY_SEQ,EXACT_OUTLET;NOT_USPS_VALIDITY;NO_INVENTORY
94062,EXACT_IMLS_OUTLET_ZIP,CA0120,014,,EXACT_OUTLET;TIE_FSCSKEY_SEQ,EXACT_OUTLET;NOT_USPS_VALIDITY;NO_INVENTORY
94063,EXACT_IMLS_OUTLET_ZIP,CA0101,002,,EXACT_OUTLET;TIE_FSCSKEY_SEQ,EXACT_OUTLET;NOT_USPS_VALIDITY;NO_INVENTORY
94064,OBSERVED_REFERENCE_INDIRECT_ONLY,,,,INDIRECT_IMLS_SC;NO_FABRICATED_NEAREST,INDIRECT_IMLS_SC;NO_FABRICATED_NEAREST;NOT_REJECTED;NOT_USPS_VALIDITY;NO_INVENTORY
94065,EXACT_IMLS_OUTLET_ZIP,CA0101,005,,EXACT_OUTLET;TIE_FSCSKEY_SEQ,EXACT_OUTLET;NOT_USPS_VALIDITY;NO_INVENTORY
94066,EXACT_IMLS_OUTLET_ZIP,CA0111,002,,EXACT_OUTLET;TIE_FSCSKEY_SEQ,EXACT_OUTLET;NOT_USPS_VALIDITY;NO_INVENTORY
94070,EXACT_IMLS_OUTLET_ZIP,CA0120,013,,EXACT_OUTLET;TIE_FSCSKEY_SEQ,EXACT_OUTLET;NOT_USPS_VALIDITY;NO_INVENTORY
94074,ZCTA_NEAREST_ACTIVE_OUTLET,CA0120,012,11.412,ZCTA_NN;R6371;TIE_FIRST_LEX,ZCTA_NN_HAVERSINE;NOT_ELIGIBILITY;NOT_USPS_VALIDITY;NO_INVENTORY
94080,EXACT_IMLS_OUTLET_ZIP,CA0139,002,,EXACT_OUTLET;TIE_FSCSKEY_SEQ,EXACT_OUTLET;NOT_USPS_VALIDITY;NO_INVENTORY
94083,OBSERVED_REFERENCE_INDIRECT_ONLY,,,,INDIRECT_IMLS_SC;NO_FABRICATED_NEAREST,INDIRECT_IMLS_SC;NO_FABRICATED_NEAREST;NOT_REJECTED;NOT_USPS_VALIDITY;NO_INVENTORY
94085,ZCTA_NEAREST_ACTIVE_OUTLET,CA0143,002,2.653,ZCTA_NN;R6371;TIE_FIRST_LEX,ZCTA_NN_HAVERSINE;NOT_ELIGIBILITY;NOT_USPS_VALIDITY;NO_INVENTORY
94086,EXACT_IMLS_OUTLET_ZIP,CA0143,002,,EXACT_OUTLET;TIE_FSCSKEY_SEQ,EXACT_OUTLET;NOT_USPS_VALIDITY;NO_INVENTORY
94087,ZCTA_NEAREST_ACTIVE_OUTLET,CA0143,002,2.209,ZCTA_NN;R6371;TIE_FIRST_LEX,ZCTA_NN_HAVERSINE;NOT_ELIGIBILITY;NOT_USPS_VALIDITY;NO_INVENTORY
94088,OBSERVED_REFERENCE_INDIRECT_ONLY,,,,INDIRECT_IMLS_SC;NO_FABRICATED_NEAREST,INDIRECT_IMLS_SC;NO_FABRICATED_NEAREST;NOT_REJECTED;NOT_USPS_VALIDITY;NO_INVENTORY
94089,ZCTA_NEAREST_ACTIVE_OUTLET,CA0115,004,4.308,ZCTA_NN;R6371;TIE_FIRST_LEX,ZCTA_NN_HAVERSINE;NOT_ELIGIBILITY;NOT_USPS_VALIDITY;NO_INVENTORY
94102,EXACT_IMLS_OUTLET_ZIP,CA0114,002,,EXACT_OUTLET;TIE_FSCSKEY_SEQ,EXACT_OUTLET;NOT_USPS_VALIDITY;NO_INVENTORY
94103,EXACT_IMLS_OUTLET_ZIP,CA0114,035,,EXACT_OUTLET;TIE_FSCSKEY_SEQ,EXACT_OUTLET;NOT_USPS_VALIDITY;NO_INVENTORY
94104,ZCTA_NEAREST_ACTIVE_OUTLET,CA0114,005,0.808,ZCTA_NN;R6371;TIE_FIRST_LEX,ZCTA_NN_HAVERSINE;NOT_ELIGIBILITY;NOT_USPS_VALIDITY;NO_INVENTORY
94105,ZCTA_NEAREST_ACTIVE_OUTLET,CA0114,005,1.480,ZCTA_NN;R6371;TIE_FIRST_LEX,ZCTA_NN_HAVERSINE;NOT_ELIGIBILITY;NOT_USPS_VALIDITY;NO_INVENTORY
94107,EXACT_IMLS_OUTLET_ZIP,CA0114,021,,EXACT_OUTLET;TIE_FSCSKEY_SEQ,EXACT_OUTLET;NOT_USPS_VALIDITY;NO_INVENTORY
94108,EXACT_IMLS_OUTLET_ZIP,CA0114,005,,EXACT_OUTLET;TIE_FSCSKEY_SEQ,EXACT_OUTLET;NOT_USPS_VALIDITY;NO_INVENTORY
94109,ZCTA_NEAREST_ACTIVE_OUTLET,CA0114,009,0.655,ZCTA_NN;R6371;TIE_FIRST_LEX,ZCTA_NN_HAVERSINE;NOT_ELIGIBILITY;NOT_USPS_VALIDITY;NO_INVENTORY
94110,EXACT_IMLS_OUTLET_ZIP,CA0114,004,,EXACT_OUTLET;TIE_FSCSKEY_SEQ,EXACT_OUTLET;NOT_USPS_VALIDITY;NO_INVENTORY
94111,ZCTA_NEAREST_ACTIVE_OUTLET,CA0114,005,1.001,ZCTA_NN;R6371;TIE_FIRST_LEX,ZCTA_NN_HAVERSINE;NOT_ELIGIBILITY;NOT_USPS_VALIDITY;NO_INVENTORY
94112,EXACT_IMLS_OUTLET_ZIP,CA0114,007,,EXACT_OUTLET;TIE_FSCSKEY_SEQ,EXACT_OUTLET;NOT_USPS_VALIDITY;NO_INVENTORY
94114,EXACT_IMLS_OUTLET_ZIP,CA0114,006,,EXACT_OUTLET;TIE_FSCSKEY_SEQ,EXACT_OUTLET;NOT_USPS_VALIDITY;NO_INVENTORY
94115,EXACT_IMLS_OUTLET_ZIP,CA0114,022,,EXACT_OUTLET;TIE_FSCSKEY_SEQ,EXACT_OUTLET;NOT_USPS_VALIDITY;NO_INVENTORY
94116,EXACT_IMLS_OUTLET_ZIP,CA0114,041,,EXACT_OUTLET;TIE_FSCSKEY_SEQ,EXACT_OUTLET;NOT_USPS_VALIDITY;NO_INVENTORY
94117,EXACT_IMLS_OUTLET_ZIP,CA0114,018,,EXACT_OUTLET;TIE_FSCSKEY_SEQ,EXACT_OUTLET;NOT_USPS_VALIDITY;NO_INVENTORY
94118,EXACT_IMLS_OUTLET_ZIP,CA0114,023,,EXACT_OUTLET;TIE_FSCSKEY_SEQ,EXACT_OUTLET;NOT_USPS_VALIDITY;NO_INVENTORY
94119,OBSERVED_REFERENCE_INDIRECT_ONLY,,,,INDIRECT_IMLS_SC;NO_FABRICATED_NEAREST,INDIRECT_IMLS_SC;NO_FABRICATED_NEAREST;NOT_REJECTED;NOT_USPS_VALIDITY;NO_INVENTORY
94120,OBSERVED_REFERENCE_INDIRECT_ONLY,,,,INDIRECT_IMLS_SC;NO_FABRICATED_NEAREST,INDIRECT_IMLS_SC;NO_FABRICATED_NEAREST;NOT_REJECTED;NOT_USPS_VALIDITY;NO_INVENTORY
94121,EXACT_IMLS_OUTLET_ZIP,CA0114,039,,EXACT_OUTLET;TIE_FSCSKEY_SEQ,EXACT_OUTLET;NOT_USPS_VALIDITY;NO_INVENTORY
94122,EXACT_IMLS_OUTLET_ZIP,CA0114,017,,EXACT_OUTLET;TIE_FSCSKEY_SEQ,EXACT_OUTLET;NOT_USPS_VALIDITY;NO_INVENTORY
94123,EXACT_IMLS_OUTLET_ZIP,CA0114,009,,EXACT_OUTLET;TIE_FSCSKEY_SEQ,EXACT_OUTLET;NOT_USPS_VALIDITY;NO_INVENTORY
94124,EXACT_IMLS_OUTLET_ZIP,CA0114,026,,EXACT_OUTLET;TIE_FSCSKEY_SEQ,EXACT_OUTLET;NOT_USPS_VALIDITY;NO_INVENTORY
94125,OBSERVED_REFERENCE_INDIRECT_ONLY,,,,INDIRECT_IMLS_SC;NO_FABRICATED_NEAREST,INDIRECT_IMLS_SC;NO_FABRICATED_NEAREST;NOT_REJECTED;NOT_USPS_VALIDITY;NO_INVENTORY
94126,OBSERVED_REFERENCE_INDIRECT_ONLY,,,,INDIRECT_IMLS_SC;NO_FABRICATED_NEAREST,INDIRECT_IMLS_SC;NO_FABRICATED_NEAREST;NOT_REJECTED;NOT_USPS_VALIDITY;NO_INVENTORY
94127,EXACT_IMLS_OUTLET_ZIP,CA0114,027,,EXACT_OUTLET;TIE_FSCSKEY_SEQ,EXACT_OUTLET;NOT_USPS_VALIDITY;NO_INVENTORY
94128,ZCTA_NEAREST_ACTIVE_OUTLET,CA0120,009,2.439,ZCTA_NN;R6371;TIE_FIRST_LEX,ZCTA_NN_HAVERSINE;NOT_ELIGIBILITY;NOT_USPS_VALIDITY;NO_INVENTORY
94129,ZCTA_NEAREST_ACTIVE_OUTLET,CA0114,023,1.858,ZCTA_NN;R6371;TIE_FIRST_LEX,ZCTA_NN_HAVERSINE;NOT_ELIGIBILITY;NOT_USPS_VALIDITY;NO_INVENTORY
94130,ZCTA_NEAREST_ACTIVE_OUTLET,CA0114,015,4.363,ZCTA_NN;R6371;TIE_FIRST_LEX,ZCTA_NN_HAVERSINE;NOT_ELIGIBILITY;NOT_USPS_VALIDITY;NO_INVENTORY
94131,EXACT_IMLS_OUTLET_ZIP,CA0114,008,,EXACT_OUTLET;TIE_FSCSKEY_SEQ,EXACT_OUTLET;NOT_USPS_VALIDITY;NO_INVENTORY
94132,EXACT_IMLS_OUTLET_ZIP,CA0114,016,,EXACT_OUTLET;TIE_FSCSKEY_SEQ,EXACT_OUTLET;NOT_USPS_VALIDITY;NO_INVENTORY
94133,EXACT_IMLS_OUTLET_ZIP,CA0114,015,,EXACT_OUTLET;TIE_FSCSKEY_SEQ,EXACT_OUTLET;NOT_USPS_VALIDITY;NO_INVENTORY
94134,EXACT_IMLS_OUTLET_ZIP,CA0114,020,,EXACT_OUTLET;TIE_FSCSKEY_SEQ,EXACT_OUTLET;NOT_USPS_VALIDITY;NO_INVENTORY
94139,OBSERVED_REFERENCE_INDIRECT_ONLY,,,,INDIRECT_IMLS_SC;NO_FABRICATED_NEAREST,INDIRECT_IMLS_SC;NO_FABRICATED_NEAREST;NOT_REJECTED;NOT_USPS_VALIDITY;NO_INVENTORY
94141,OBSERVED_REFERENCE_INDIRECT_ONLY,,,,INDIRECT_IMLS_SC;NO_FABRICATED_NEAREST,INDIRECT_IMLS_SC;NO_FABRICATED_NEAREST;NOT_REJECTED;NOT_USPS_VALIDITY;NO_INVENTORY
94143,OBSERVED_REFERENCE_INDIRECT_ONLY,,,,INDIRECT_IMLS_SC;NO_FABRICATED_NEAREST,INDIRECT_IMLS_SC;NO_FABRICATED_NEAREST;NOT_REJECTED;NOT_USPS_VALIDITY;NO_INVENTORY
94147,OBSERVED_REFERENCE_INDIRECT_ONLY,,,,INDIRECT_IMLS_SC;NO_FABRICATED_NEAREST,INDIRECT_IMLS_SC;NO_FABRICATED_NEAREST;NOT_REJECTED;NOT_USPS_VALIDITY;NO_INVENTORY
94158,EXACT_IMLS_OUTLET_ZIP,CA0114,038,,EXACT_OUTLET;TIE_FSCSKEY_SEQ,EXACT_OUTLET;NOT_USPS_VALIDITY;NO_INVENTORY
94159,OBSERVED_REFERENCE_INDIRECT_ONLY,,,,INDIRECT_IMLS_SC;NO_FABRICATED_NEAREST,INDIRECT_IMLS_SC;NO_FABRICATED_NEAREST;NOT_REJECTED;NOT_USPS_VALIDITY;NO_INVENTORY
94164,OBSERVED_REFERENCE_INDIRECT_ONLY,,,,INDIRECT_IMLS_SC;NO_FABRICATED_NEAREST,INDIRECT_IMLS_SC;NO_FABRICATED_NEAREST;NOT_REJECTED;NOT_USPS_VALIDITY;NO_INVENTORY
94188,ZCTA_NEAREST_ACTIVE_OUTLET,CA0114,026,1.293,ZCTA_NN;R6371;TIE_FIRST_LEX,ZCTA_NN_HAVERSINE;NOT_ELIGIBILITY;NOT_USPS_VALIDITY;NO_INVENTORY
94203,OBSERVED_REFERENCE_INDIRECT_ONLY,,,,INDIRECT_IMLS_SC;NO_FABRICATED_NEAREST,INDIRECT_IMLS_SC;NO_FABRICATED_NEAREST;NOT_REJECTED;NOT_USPS_VALIDITY;NO_INVENTORY
94208,OBSERVED_REFERENCE_INDIRECT_ONLY,,,,INDIRECT_IMLS_SC;NO_FABRICATED_NEAREST,INDIRECT_IMLS_SC;NO_FABRICATED_NEAREST;NOT_REJECTED;NOT_USPS_VALIDITY;NO_INVENTORY
94230,OBSERVED_REFERENCE_INDIRECT_ONLY,,,,INDIRECT_IMLS_SC;NO_FABRICATED_NEAREST,INDIRECT_IMLS_SC;NO_FABRICATED_NEAREST;NOT_REJECTED;NOT_USPS_VALIDITY;NO_INVENTORY
94301,EXACT_IMLS_OUTLET_ZIP,CA0091,003,,EXACT_OUTLET;TIE_FSCSKEY_SEQ,EXACT_OUTLET;NOT_USPS_VALIDITY;NO_INVENTORY
94302,OBSERVED_REFERENCE_INDIRECT_ONLY,,,,INDIRECT_IMLS_SC;NO_FABRICATED_NEAREST,INDIRECT_IMLS_SC;NO_FABRICATED_NEAREST;NOT_REJECTED;NOT_USPS_VALIDITY;NO_INVENTORY
94303,EXACT_IMLS_OUTLET_ZIP,CA0091,002,,EXACT_OUTLET;TIE_FSCSKEY_SEQ,EXACT_OUTLET;NOT_USPS_VALIDITY;NO_INVENTORY
94304,ZCTA_NEAREST_ACTIVE_OUTLET,CA0091,004,3.299,ZCTA_NN;R6371;TIE_FIRST_LEX,ZCTA_NN_HAVERSINE;NOT_ELIGIBILITY;NOT_USPS_VALIDITY;NO_INVENTORY
94305,ZCTA_NEAREST_ACTIVE_OUTLET,CA0091,004,2.035,ZCTA_NN;R6371;TIE_FIRST_LEX,ZCTA_NN_HAVERSINE;NOT_ELIGIBILITY;NOT_USPS_VALIDITY;NO_INVENTORY
94306,EXACT_IMLS_OUTLET_ZIP,CA0091,004,,EXACT_OUTLET;TIE_FSCSKEY_SEQ,EXACT_OUTLET;NOT_USPS_VALIDITY;NO_INVENTORY
94309,OBSERVED_REFERENCE_INDIRECT_ONLY,,,,INDIRECT_IMLS_SC;NO_FABRICATED_NEAREST,INDIRECT_IMLS_SC;NO_FABRICATED_NEAREST;NOT_REJECTED;NOT_USPS_VALIDITY;NO_INVENTORY
94401,ZCTA_NEAREST_ACTIVE_OUTLET,CA0121,002,1.583,ZCTA_NN;R6371;TIE_FIRST_LEX,ZCTA_NN_HAVERSINE;NOT_ELIGIBILITY;NOT_USPS_VALIDITY;NO_INVENTORY
94402,EXACT_IMLS_OUTLET_ZIP,CA0120,015,,EXACT_OUTLET;TIE_FSCSKEY_SEQ,EXACT_OUTLET;NOT_USPS_VALIDITY;NO_INVENTORY
94403,EXACT_IMLS_OUTLET_ZIP,CA0121,003,,EXACT_OUTLET;TIE_FSCSKEY_SEQ,EXACT_OUTLET;NOT_USPS_VALIDITY;NO_INVENTORY
94404,EXACT_IMLS_OUTLET_ZIP,CA0120,007,,EXACT_OUTLET;TIE_FSCSKEY_SEQ,EXACT_OUTLET;NOT_USPS_VALIDITY;NO_INVENTORY
94497,OBSERVED_REFERENCE_INDIRECT_ONLY,,,,INDIRECT_IMLS_SC;NO_FABRICATED_NEAREST,INDIRECT_IMLS_SC;NO_FABRICATED_NEAREST;NOT_REJECTED;NOT_USPS_VALIDITY;NO_INVENTORY
94501,EXACT_IMLS_OUTLET_ZIP,CA0002,002,,EXACT_OUTLET;TIE_FSCSKEY_SEQ,EXACT_OUTLET;NOT_USPS_VALIDITY;NO_INVENTORY
94502,EXACT_IMLS_OUTLET_ZIP,CA0002,004,,EXACT_OUTLET;TIE_FSCSKEY_SEQ,EXACT_OUTLET;NOT_USPS_VALIDITY;NO_INVENTORY
94503,EXACT_IMLS_OUTLET_ZIP,CA0077,006,,EXACT_OUTLET;TIE_FSCSKEY_SEQ,EXACT_OUTLET;NOT_USPS_VALIDITY;NO_INVENTORY
94505,ZCTA_NEAREST_ACTIVE_OUTLET,CA0028,004,10.819,ZCTA_NN;R6371;TIE_FIRST_LEX,ZCTA_NN_HAVERSINE;NOT_ELIGIBILITY;NOT_USPS_VALIDITY;NO_INVENTORY
94506,ZCTA_NEAREST_ACTIVE_OUTLET,CA0028,028,5.655,ZCTA_NN;R6371;TIE_FIRST_LEX,ZCTA_NN_HAVERSINE;NOT_ELIGIBILITY;NOT_USPS_VALIDITY;NO_INVENTORY
94507,ZCTA_NEAREST_ACTIVE_OUTLET,CA0028,007,3.832,ZCTA_NN;R6371;TIE_FIRST_LEX,ZCTA_NN_HAVERSINE;NOT_ELIGIBILITY;NOT_USPS_VALIDITY;NO_INVENTORY
94508,ZCTA_NEAREST_ACTIVE_OUTLET,CA0141,002,8.985,ZCTA_NN;R6371;TIE_FIRST_LEX,ZCTA_NN_HAVERSINE;NOT_ELIGIBILITY;NOT_USPS_VALIDITY;NO_INVENTORY
94509,EXACT_IMLS_OUTLET_ZIP,CA0028,003,,EXACT_OUTLET;TIE_FSCSKEY_SEQ,EXACT_OUTLET;NOT_USPS_VALIDITY;NO_INVENTORY
94510,EXACT_IMLS_OUTLET_ZIP,CA0163,002,,EXACT_OUTLET;TIE_FSCSKEY_SEQ,EXACT_OUTLET;NOT_USPS_VALIDITY;NO_INVENTORY
94511,ZCTA_NEAREST_ACTIVE_OUTLET,CA0028,014,10.223,ZCTA_NN;R6371;TIE_FIRST_LEX,ZCTA_NN_HAVERSINE;NOT_ELIGIBILITY;NOT_USPS_VALIDITY;NO_INVENTORY
94512,ZCTA_NEAREST_ACTIVE_OUTLET,CA0136,004,11.648,ZCTA_NN;R6371;TIE_FIRST_LEX,ZCTA_NN_HAVERSINE;NOT_ELIGIBILITY;NOT_USPS_VALIDITY;NO_INVENTORY
94513,EXACT_IMLS_OUTLET_ZIP,CA0028,004,,EXACT_OUTLET;TIE_FSCSKEY_SEQ,EXACT_OUTLET;NOT_USPS_VALIDITY;NO_INVENTORY
94514,ZCTA_NEAREST_ACTIVE_OUTLET,CA0142,020,9.568,ZCTA_NN;R6371;TIE_FIRST_LEX,ZCTA_NN_HAVERSINE;NOT_ELIGIBILITY;NOT_USPS_VALIDITY;NO_INVENTORY
94515,EXACT_IMLS_OUTLET_ZIP,CA0077,003,,EXACT_OUTLET;TIE_FSCSKEY_SEQ,EXACT_OUTLET;NOT_USPS_VALIDITY;NO_INVENTORY
94516,ZCTA_NEAREST_ACTIVE_OUTLET,CA0028,013,4.106,ZCTA_NN;R6371;TIE_FIRST_LEX,ZCTA_NN_HAVERSINE;NOT_ELIGIBILITY;NOT_USPS_VALIDITY;NO_INVENTORY
94517,EXACT_IMLS_OUTLET_ZIP,CA0028,027,,EXACT_OUTLET;TIE_FSCSKEY_SEQ,EXACT_OUTLET;NOT_USPS_VALIDITY;NO_INVENTORY
94518,ZCTA_NEAREST_ACTIVE_OUTLET,CA0028,021,3.015,ZCTA_NN;R6371;TIE_FIRST_LEX,ZCTA_NN_HAVERSINE;NOT_ELIGIBILITY;NOT_USPS_VALIDITY;NO_INVENTORY
94519,EXACT_IMLS_OUTLET_ZIP,CA0028,005,,EXACT_OUTLET;TIE_FSCSKEY_SEQ,EXACT_OUTLET;NOT_USPS_VALIDITY;NO_INVENTORY
94520,ZCTA_NEAREST_ACTIVE_OUTLET,CA0028,005,1.538,ZCTA_NN;R6371;TIE_FIRST_LEX,ZCTA_NN_HAVERSINE;NOT_ELIGIBILITY;NOT_USPS_VALIDITY;NO_INVENTORY
94521,ZCTA_NEAREST_ACTIVE_OUTLET,CA0028,027,3.244,ZCTA_NN;R6371;TIE_FIRST_LEX,ZCTA_NN_HAVERSINE;NOT_ELIGIBILITY;NOT_USPS_VALIDITY;NO_INVENTORY
94522,OBSERVED_REFERENCE_INDIRECT_ONLY,,,,INDIRECT_IMLS_SC;NO_FABRICATED_NEAREST,INDIRECT_IMLS_SC;NO_FABRICATED_NEAREST;NOT_REJECTED;NOT_USPS_VALIDITY;NO_INVENTORY
94523,EXACT_IMLS_OUTLET_ZIP,CA0028,002,,EXACT_OUTLET;TIE_FSCSKEY_SEQ,EXACT_OUTLET;NOT_USPS_VALIDITY;NO_INVENTORY
94524,OBSERVED_REFERENCE_INDIRECT_ONLY,,,,INDIRECT_IMLS_SC;NO_FABRICATED_NEAREST,INDIRECT_IMLS_SC;NO_FABRICATED_NEAREST;NOT_REJECTED;NOT_USPS_VALIDITY;NO_INVENTORY
94525,EXACT_IMLS_OUTLET_ZIP,CA0028,006,,EXACT_OUTLET;TIE_FSCSKEY_SEQ,EXACT_OUTLET;NOT_USPS_VALIDITY;NO_INVENTORY
94526,EXACT_IMLS_OUTLET_ZIP,CA0028,007,,EXACT_OUTLET;TIE_FSCSKEY_SEQ,EXACT_OUTLET;NOT_USPS_VALIDITY;NO_INVENTORY
94528,ZCTA_NEAREST_ACTIVE_OUTLET,CA0028,007,4.064,ZCTA_NN;R6371;TIE_FIRST_LEX,ZCTA_NN_HAVERSINE;NOT_ELIGIBILITY;NOT_USPS_VALIDITY;NO_INVENTORY
94529,OBSERVED_REFERENCE_INDIRECT_ONLY,,,,INDIRECT_IMLS_SC;NO_FABRICATED_NEAREST,INDIRECT_IMLS_SC;NO_FABRICATED_NEAREST;NOT_REJECTED;NOT_USPS_VALIDITY;NO_INVENTORY
94530,EXACT_IMLS_OUTLET_ZIP,CA0028,008,,EXACT_OUTLET;TIE_FSCSKEY_SEQ,EXACT_OUTLET;NOT_USPS_VALIDITY;NO_INVENTORY
94531,EXACT_IMLS_OUTLET_ZIP,CA0028,030,,EXACT_OUTLET;TIE_FSCSKEY_SEQ,EXACT_OUTLET;NOT_USPS_VALIDITY;NO_INVENTORY
94533,EXACT_IMLS_OUTLET_ZIP,CA0136,011,,EXACT_OUTLET;TIE_FSCSKEY_SEQ,EXACT_OUTLET;NOT_USPS_VALIDITY;NO_INVENTORY
94534,EXACT_IMLS_OUTLET_ZIP,CA0136,013,,EXACT_OUTLET;TIE_FSCSKEY_SEQ,EXACT_OUTLET;NOT_USPS_VALIDITY;NO_INVENTORY
94535,ZCTA_NEAREST_ACTIVE_OUTLET,CA0136,008,6.865,ZCTA_NN;R6371;TIE_FIRST_LEX,ZCTA_NN_HAVERSINE;NOT_ELIGIBILITY;NOT_USPS_VALIDITY;NO_INVENTORY
94536,EXACT_IMLS_OUTLET_ZIP,CA0001,007,,EXACT_OUTLET;TIE_FSCSKEY_SEQ,EXACT_OUTLET;NOT_USPS_VALIDITY;NO_INVENTORY
94537,OBSERVED_REFERENCE_INDIRECT_ONLY,,,,INDIRECT_IMLS_SC;NO_FABRICATED_NEAREST,INDIRECT_IMLS_SC;NO_FABRICATED_NEAREST;NOT_REJECTED;NOT_USPS_VALIDITY;NO_INVENTORY
94538,EXACT_IMLS_OUTLET_ZIP,CA0001,003,,EXACT_OUTLET;TIE_FSCSKEY_SEQ,EXACT_OUTLET;NOT_USPS_VALIDITY;NO_INVENTORY
94539,ZCTA_NEAREST_ACTIVE_OUTLET,CA0001,009,4.769,ZCTA_NN;R6371;TIE_FIRST_LEX,ZCTA_NN_HAVERSINE;NOT_ELIGIBILITY;NOT_USPS_VALIDITY;NO_INVENTORY
94540,OBSERVED_REFERENCE_INDIRECT_ONLY,,,,INDIRECT_IMLS_SC;NO_FABRICATED_NEAREST,INDIRECT_IMLS_SC;NO_FABRICATED_NEAREST;NOT_REJECTED;NOT_USPS_VALIDITY;NO_INVENTORY
94541,EXACT_IMLS_OUTLET_ZIP,CA0001,018,,EXACT_OUTLET;TIE_FSCSKEY_SEQ,EXACT_OUTLET;NOT_USPS_VALIDITY;NO_INVENTORY
94542,ZCTA_NEAREST_ACTIVE_OUTLET,CA0044,003,5.305,ZCTA_NN;R6371;TIE_FIRST_LEX,ZCTA_NN_HAVERSINE;NOT_ELIGIBILITY;NOT_USPS_VALIDITY;NO_INVENTORY
94544,EXACT_IMLS_OUTLET_ZIP,CA0044,003,,EXACT_OUTLET;TIE_FSCSKEY_SEQ,EXACT_OUTLET;NOT_USPS_VALIDITY;NO_INVENTORY
94545,ZCTA_NEAREST_ACTIVE_OUTLET,CA0044,003,3.973,ZCTA_NN;R6371;TIE_FIRST_LEX,ZCTA_NN_HAVERSINE;NOT_ELIGIBILITY;NOT_USPS_VALIDITY;NO_INVENTORY
94546,EXACT_IMLS_OUTLET_ZIP,CA0001,006,,EXACT_OUTLET;TIE_FSCSKEY_SEQ,EXACT_OUTLET;NOT_USPS_VALIDITY;NO_INVENTORY
94547,EXACT_IMLS_OUTLET_ZIP,CA0028,029,,EXACT_OUTLET;TIE_FSCSKEY_SEQ,EXACT_OUTLET;NOT_USPS_VALIDITY;NO_INVENTORY
94548,ZCTA_NEAREST_ACTIVE_OUTLET,CA0028,004,5.652,ZCTA_NN;R6371;TIE_FIRST_LEX,ZCTA_NN_HAVERSINE;NOT_ELIGIBILITY;NOT_USPS_VALIDITY;NO_INVENTORY
94549,EXACT_IMLS_OUTLET_ZIP,CA0028,011,,EXACT_OUTLET;TIE_FSCSKEY_SEQ,EXACT_OUTLET;NOT_USPS_VALIDITY;NO_INVENTORY
94550,EXACT_IMLS_OUTLET_ZIP,CA0058,002,,EXACT_OUTLET;TIE_FSCSKEY_SEQ,EXACT_OUTLET;NOT_USPS_VALIDITY;NO_INVENTORY
94551,EXACT_IMLS_OUTLET_ZIP,CA0058,003,,EXACT_OUTLET;TIE_FSCSKEY_SEQ,EXACT_OUTLET;NOT_USPS_VALIDITY;NO_INVENTORY
94552,ZCTA_NEAREST_ACTIVE_OUTLET,CA0001,006,5.775,ZCTA_NN;R6371;TIE_FIRST_LEX,ZCTA_NN_HAVERSINE;NOT_ELIGIBILITY;NOT_USPS_VALIDITY;NO_INVENTORY
94553,EXACT_IMLS_OUTLET_ZIP,CA0028,012,,EXACT_OUTLET;TIE_FSCSKEY_SEQ,EXACT_OUTLET;NOT_USPS_VALIDITY;NO_INVENTORY
94555,ZCTA_NEAREST_ACTIVE_OUTLET,CA0001,010,6.194,ZCTA_NN;R6371;TIE_FIRST_LEX,ZCTA_NN_HAVERSINE;NOT_ELIGIBILITY;NOT_USPS_VALIDITY;NO_INVENTORY
94556,EXACT_IMLS_OUTLET_ZIP,CA0028,013,,EXACT_OUTLET;TIE_FSCSKEY_SEQ,EXACT_OUTLET;NOT_USPS_VALIDITY;NO_INVENTORY
94557,OBSERVED_REFERENCE_INDIRECT_ONLY,,,,INDIRECT_IMLS_SC;NO_FABRICATED_NEAREST,INDIRECT_IMLS_SC;NO_FABRICATED_NEAREST;NOT_REJECTED;NOT_USPS_VALIDITY;NO_INVENTORY
94558,ZCTA_NEAREST_ACTIVE_OUTLET,CA0077,002,14.660,ZCTA_NN;R6371;TIE_FIRST_LEX,ZCTA_NN_HAVERSINE;NOT_ELIGIBILITY;NOT_USPS_VALIDITY;NO_INVENTORY
94559,EXACT_IMLS_OUTLET_ZIP,CA0077,002,,EXACT_OUTLET;TIE_FSCSKEY_SEQ,EXACT_OUTLET;NOT_USPS_VALIDITY;NO_INVENTORY
94560,EXACT_IMLS_OUTLET_ZIP,CA0001,010,,EXACT_OUTLET;TIE_FSCSKEY_SEQ,EXACT_OUTLET;NOT_USPS_VALIDITY;NO_INVENTORY
94561,EXACT_IMLS_OUTLET_ZIP,CA0028,014,,EXACT_OUTLET;TIE_FSCSKEY_SEQ,EXACT_OUTLET;NOT_USPS_VALIDITY;NO_INVENTORY
94562,ZCTA_NEAREST_ACTIVE_OUTLET,CA0077,004,5.291,ZCTA_NN;R6371;TIE_FIRST_LEX,ZCTA_NN_HAVERSINE;NOT_ELIGIBILITY;NOT_USPS_VALIDITY;NO_INVENTORY
94563,EXACT_IMLS_OUTLET_ZIP,CA0028,015,,EXACT_OUTLET;TIE_FSCSKEY_SEQ,EXACT_OUTLET;NOT_USPS_VALIDITY;NO_INVENTORY
94564,EXACT_IMLS_OUTLET_ZIP,CA0028,016,,EXACT_OUTLET;TIE_FSCSKEY_SEQ,EXACT_OUTLET;NOT_USPS_VALIDITY;NO_INVENTORY
94565,EXACT_IMLS_OUTLET_ZIP,CA0028,017,,EXACT_OUTLET;TIE_FSCSKEY_SEQ,EXACT_OUTLET;NOT_USPS_VALIDITY;NO_INVENTORY
94566,EXACT_IMLS_OUTLET_ZIP,CA0206,001,,EXACT_OUTLET;TIE_FSCSKEY_SEQ,EXACT_OUTLET;NOT_USPS_VALIDITY;NO_INVENTORY
94567,ZCTA_NEAREST_ACTIVE_OUTLET,CA0077,003,18.613,ZCTA_NN;R6371;TIE_FIRST_LEX,ZCTA_NN_HAVERSINE;NOT_ELIGIBILITY;NOT_USPS_VALIDITY;NO_INVENTORY
94568,EXACT_IMLS_OUTLET_ZIP,CA0001,008,,EXACT_OUTLET;TIE_FSCSKEY_SEQ,EXACT_OUTLET;NOT_USPS_VALIDITY;NO_INVENTORY
94569,ZCTA_NEAREST_ACTIVE_OUTLET,CA0028,006,2.829,ZCTA_NN;R6371;TIE_FIRST_LEX,ZCTA_NN_HAVERSINE;NOT_ELIGIBILITY;NOT_USPS_VALIDITY;NO_INVENTORY
94570,OBSERVED_REFERENCE_INDIRECT_ONLY,,,,INDIRECT_IMLS_SC;NO_FABRICATED_NEAREST,INDIRECT_IMLS_SC;NO_FABRICATED_NEAREST;NOT_REJECTED;NOT_USPS_VALIDITY;NO_INVENTORY
94571,EXACT_IMLS_OUTLET_ZIP,CA0136,004,,EXACT_OUTLET;TIE_FSCSKEY_SEQ,EXACT_OUTLET;NOT_USPS_VALIDITY;NO_INVENTORY
94572,EXACT_IMLS_OUTLET_ZIP,CA0028,018,,EXACT_OUTLET;TIE_FSCSKEY_SEQ,EXACT_OUTLET;NOT_USPS_VALIDITY;NO_INVENTORY
94573,ZCTA_NEAREST_ACTIVE_OUTLET,CA0141,002,6.541,ZCTA_NN;R6371;TIE_FIRST_LEX,ZCTA_NN_HAVERSINE;NOT_ELIGIBILITY;NOT_USPS_VALIDITY;NO_INVENTORY
94574,EXACT_IMLS_OUTLET_ZIP,CA0141,002,,EXACT_OUTLET;TIE_FSCSKEY_SEQ,EXACT_OUTLET;NOT_USPS_VALIDITY;NO_INVENTORY
94575,ZCTA_NEAREST_ACTIVE_OUTLET,CA0028,013,1.174,ZCTA_NN;R6371;TIE_FIRST_LEX,ZCTA_NN_HAVERSINE;NOT_ELIGIBILITY;NOT_USPS_VALIDITY;NO_INVENTORY
94576,ZCTA_NEAREST_ACTIVE_OUTLET,CA0141,002,4.673,ZCTA_NN;R6371;TIE_FIRST_LEX,ZCTA_NN_HAVERSINE;NOT_ELIGIBILITY;NOT_USPS_VALIDITY;NO_INVENTORY
94577,EXACT_IMLS_OUTLET_ZIP,CA0117,002,,EXACT_OUTLET;TIE_FSCSKEY_SEQ,EXACT_OUTLET;NOT_USPS_VALIDITY;NO_INVENTORY
94578,ZCTA_NEAREST_ACTIVE_OUTLET,CA0001,018,2.804,ZCTA_NN;R6371;TIE_FIRST_LEX,ZCTA_NN_HAVERSINE;NOT_ELIGIBILITY;NOT_USPS_VALIDITY;NO_INVENTORY
94579,EXACT_IMLS_OUTLET_ZIP,CA0117,003,,EXACT_OUTLET;TIE_FSCSKEY_SEQ,EXACT_OUTLET;NOT_USPS_VALIDITY;NO_INVENTORY
94580,EXACT_IMLS_OUTLET_ZIP,CA0001,013,,EXACT_OUTLET;TIE_FSCSKEY_SEQ,EXACT_OUTLET;NOT_USPS_VALIDITY;NO_INVENTORY
94581,OBSERVED_REFERENCE_INDIRECT_ONLY,,,,INDIRECT_IMLS_SC;NO_FABRICATED_NEAREST,INDIRECT_IMLS_SC;NO_FABRICATED_NEAREST;NOT_REJECTED;NOT_USPS_VALIDITY;NO_INVENTORY
94582,EXACT_IMLS_OUTLET_ZIP,CA0028,028,,EXACT_OUTLET;TIE_FSCSKEY_SEQ,EXACT_OUTLET;NOT_USPS_VALIDITY;NO_INVENTORY
94583,EXACT_IMLS_OUTLET_ZIP,CA0028,022,,EXACT_OUTLET;TIE_FSCSKEY_SEQ,EXACT_OUTLET;NOT_USPS_VALIDITY;NO_INVENTORY
94585,EXACT_IMLS_OUTLET_ZIP,CA0136,008,,EXACT_OUTLET;TIE_FSCSKEY_SEQ,EXACT_OUTLET;NOT_USPS_VALIDITY;NO_INVENTORY
94586,ZCTA_NEAREST_ACTIVE_OUTLET,CA0206,001,10.397,ZCTA_NN;R6371;TIE_FIRST_LEX,ZCTA_NN_HAVERSINE;NOT_ELIGIBILITY;NOT_USPS_VALIDITY;NO_INVENTORY
94587,EXACT_IMLS_OUTLET_ZIP,CA0001,014,,EXACT_OUTLET;TIE_FSCSKEY_SEQ,EXACT_OUTLET;NOT_USPS_VALIDITY;NO_INVENTORY
94588,ZCTA_NEAREST_ACTIVE_OUTLET,CA0028,028,5.964,ZCTA_NN;R6371;TIE_FIRST_LEX,ZCTA_NN_HAVERSINE;NOT_ELIGIBILITY;NOT_USPS_VALIDITY;NO_INVENTORY
94589,ZCTA_NEAREST_ACTIVE_OUTLET,CA0077,006,3.137,ZCTA_NN;R6371;TIE_FIRST_LEX,ZCTA_NN_HAVERSINE;NOT_ELIGIBILITY;NOT_USPS_VALIDITY;NO_INVENTORY
94590,EXACT_IMLS_OUTLET_ZIP,CA0136,003,,EXACT_OUTLET;TIE_FSCSKEY_SEQ,EXACT_OUTLET;NOT_USPS_VALIDITY;NO_INVENTORY
94591,EXACT_IMLS_OUTLET_ZIP,CA0136,005,,EXACT_OUTLET;TIE_FSCSKEY_SEQ,EXACT_OUTLET;NOT_USPS_VALIDITY;NO_INVENTORY
94592,ZCTA_NEAREST_ACTIVE_OUTLET,CA0136,003,2.521,ZCTA_NN;R6371;TIE_FIRST_LEX,ZCTA_NN_HAVERSINE;NOT_ELIGIBILITY;NOT_USPS_VALIDITY;NO_INVENTORY
94595,ZCTA_NEAREST_ACTIVE_OUTLET,CA0028,020,3.329,ZCTA_NN;R6371;TIE_FIRST_LEX,ZCTA_NN_HAVERSINE;NOT_ELIGIBILITY;NOT_USPS_VALIDITY;NO_INVENTORY
94596,EXACT_IMLS_OUTLET_ZIP,CA0028,020,,EXACT_OUTLET;TIE_FSCSKEY_SEQ,EXACT_OUTLET;NOT_USPS_VALIDITY;NO_INVENTORY
94597,ZCTA_NEAREST_ACTIVE_OUTLET,CA0028,002,1.900,ZCTA_NN;R6371;TIE_FIRST_LEX,ZCTA_NN_HAVERSINE;NOT_ELIGIBILITY;NOT_USPS_VALIDITY;NO_INVENTORY
94598,EXACT_IMLS_OUTLET_ZIP,CA0028,021,,EXACT_OUTLET;TIE_FSCSKEY_SEQ,EXACT_OUTLET;NOT_USPS_VALIDITY;NO_INVENTORY
94599,EXACT_IMLS_OUTLET_ZIP,CA0077,004,,EXACT_OUTLET;TIE_FSCSKEY_SEQ,EXACT_OUTLET;NOT_USPS_VALIDITY;NO_INVENTORY
94601,EXACT_IMLS_OUTLET_ZIP,CA0081,010,,EXACT_OUTLET;TIE_FSCSKEY_SEQ,EXACT_OUTLET;NOT_USPS_VALIDITY;NO_INVENTORY
94602,EXACT_IMLS_OUTLET_ZIP,CA0081,005,,EXACT_OUTLET;TIE_FSCSKEY_SEQ,EXACT_OUTLET;NOT_USPS_VALIDITY;NO_INVENTORY
94603,EXACT_IMLS_OUTLET_ZIP,CA0081,004,,EXACT_OUTLET;TIE_FSCSKEY_SEQ,EXACT_OUTLET;NOT_USPS_VALIDITY;NO_INVENTORY
94604,OBSERVED_REFERENCE_INDIRECT_ONLY,,,,INDIRECT_IMLS_SC;NO_FABRICATED_NEAREST,INDIRECT_IMLS_SC;NO_FABRICATED_NEAREST;NOT_REJECTED;NOT_USPS_VALIDITY;NO_INVENTORY
94605,EXACT_IMLS_OUTLET_ZIP,CA0081,006,,EXACT_OUTLET;TIE_FSCSKEY_SEQ,EXACT_OUTLET;NOT_USPS_VALIDITY;NO_INVENTORY
94606,ZCTA_NEAREST_ACTIVE_OUTLET,CA0212,001,1.970,ZCTA_NN;R6371;TIE_FIRST_LEX,ZCTA_NN_HAVERSINE;NOT_ELIGIBILITY;NOT_USPS_VALIDITY;NO_INVENTORY
94607,EXACT_IMLS_OUTLET_ZIP,CA0081,003,,EXACT_OUTLET;TIE_FSCSKEY_SEQ,EXACT_OUTLET;NOT_USPS_VALIDITY;NO_INVENTORY
94608,EXACT_IMLS_OUTLET_ZIP,CA0081,008,,EXACT_OUTLET;TIE_FSCSKEY_SEQ,EXACT_OUTLET;NOT_USPS_VALIDITY;NO_INVENTORY
94609,EXACT_IMLS_OUTLET_ZIP,CA0081,016,,EXACT_OUTLET;TIE_FSCSKEY_SEQ,EXACT_OUTLET;NOT_USPS_VALIDITY;NO_INVENTORY
94610,EXACT_IMLS_OUTLET_ZIP,CA0081,009,,EXACT_OUTLET;TIE_FSCSKEY_SEQ,EXACT_OUTLET;NOT_USPS_VALIDITY;NO_INVENTORY
94611,EXACT_IMLS_OUTLET_ZIP,CA0081,013,,EXACT_OUTLET;TIE_FSCSKEY_SEQ,EXACT_OUTLET;NOT_USPS_VALIDITY;NO_INVENTORY
94612,EXACT_IMLS_OUTLET_ZIP,CA0081,002,,EXACT_OUTLET;TIE_FSCSKEY_SEQ,EXACT_OUTLET;NOT_USPS_VALIDITY;NO_INVENTORY
94613,ZCTA_NEAREST_ACTIVE_OUTLET,CA0081,006,1.598,ZCTA_NN;R6371;TIE_FIRST_LEX,ZCTA_NN_HAVERSINE;NOT_ELIGIBILITY;NOT_USPS_VALIDITY;NO_INVENTORY
94615,OBSERVED_REFERENCE_INDIRECT_ONLY,,,,INDIRECT_IMLS_SC;NO_FABRICATED_NEAREST,INDIRECT_IMLS_SC;NO_FABRICATED_NEAREST;NOT_REJECTED;NOT_USPS_VALIDITY;NO_INVENTORY
94618,EXACT_IMLS_OUTLET_ZIP,CA0081,015,,EXACT_OUTLET;TIE_FSCSKEY_SEQ,EXACT_OUTLET;NOT_USPS_VALIDITY;NO_INVENTORY
94619,ZCTA_NEAREST_ACTIVE_OUTLET,CA0081,006,3.270,ZCTA_NN;R6371;TIE_FIRST_LEX,ZCTA_NN_HAVERSINE;NOT_ELIGIBILITY;NOT_USPS_VALIDITY;NO_INVENTORY
94620,OBSERVED_REFERENCE_INDIRECT_ONLY,,,,INDIRECT_IMLS_SC;NO_FABRICATED_NEAREST,INDIRECT_IMLS_SC;NO_FABRICATED_NEAREST;NOT_REJECTED;NOT_USPS_VALIDITY;NO_INVENTORY
94621,EXACT_IMLS_OUTLET_ZIP,CA0081,007,,EXACT_OUTLET;TIE_FSCSKEY_SEQ,EXACT_OUTLET;NOT_USPS_VALIDITY;NO_INVENTORY
94624,OBSERVED_REFERENCE_INDIRECT_ONLY,,,,INDIRECT_IMLS_SC;NO_FABRICATED_NEAREST,INDIRECT_IMLS_SC;NO_FABRICATED_NEAREST;NOT_REJECTED;NOT_USPS_VALIDITY;NO_INVENTORY
94662,OBSERVED_REFERENCE_INDIRECT_ONLY,,,,INDIRECT_IMLS_SC;NO_FABRICATED_NEAREST,INDIRECT_IMLS_SC;NO_FABRICATED_NEAREST;NOT_REJECTED;NOT_USPS_VALIDITY;NO_INVENTORY
94701,OBSERVED_REFERENCE_INDIRECT_ONLY,,,,INDIRECT_IMLS_SC;NO_FABRICATED_NEAREST,INDIRECT_IMLS_SC;NO_FABRICATED_NEAREST;NOT_REJECTED;NOT_USPS_VALIDITY;NO_INVENTORY
94702,EXACT_IMLS_OUTLET_ZIP,CA0011,006,,EXACT_OUTLET;TIE_FSCSKEY_SEQ,EXACT_OUTLET;NOT_USPS_VALIDITY;NO_INVENTORY
94703,EXACT_IMLS_OUTLET_ZIP,CA0011,005,,EXACT_OUTLET;TIE_FSCSKEY_SEQ,EXACT_OUTLET;NOT_USPS_VALIDITY;NO_INVENTORY
94704,EXACT_IMLS_OUTLET_ZIP,CA0011,002,,EXACT_OUTLET;TIE_FSCSKEY_SEQ,EXACT_OUTLET;NOT_USPS_VALIDITY;NO_INVENTORY
94705,EXACT_IMLS_OUTLET_ZIP,CA0011,003,,EXACT_OUTLET;TIE_FSCSKEY_SEQ,EXACT_OUTLET;NOT_USPS_VALIDITY;NO_INVENTORY
94706,EXACT_IMLS_OUTLET_ZIP,CA0001,004,,EXACT_OUTLET;TIE_FSCSKEY_SEQ,EXACT_OUTLET;NOT_USPS_VALIDITY;NO_INVENTORY
94707,EXACT_IMLS_OUTLET_ZIP,CA0011,004,,EXACT_OUTLET;TIE_FSCSKEY_SEQ,EXACT_OUTLET;NOT_USPS_VALIDITY;NO_INVENTORY
94708,ZCTA_NEAREST_ACTIVE_OUTLET,CA0028,010,2.028,ZCTA_NN;R6371;TIE_FIRST_LEX,ZCTA_NN_HAVERSINE;NOT_ELIGIBILITY;NOT_USPS_VALIDITY;NO_INVENTORY
94709,ZCTA_NEAREST_ACTIVE_OUTLET,CA0011,002,1.122,ZCTA_NN;R6371;TIE_FIRST_LEX,ZCTA_NN_HAVERSINE;NOT_ELIGIBILITY;NOT_USPS_VALIDITY;NO_INVENTORY
94710,ZCTA_NEAREST_ACTIVE_OUTLET,CA0011,006,1.255,ZCTA_NN;R6371;TIE_FIRST_LEX,ZCTA_NN_HAVERSINE;NOT_ELIGIBILITY;NOT_USPS_VALIDITY;NO_INVENTORY
94720,ZCTA_NEAREST_ACTIVE_OUTLET,CA0011,002,1.493,ZCTA_NN;R6371;TIE_FIRST_LEX,ZCTA_NN_HAVERSINE;NOT_ELIGIBILITY;NOT_USPS_VALIDITY;NO_INVENTORY
94801,EXACT_IMLS_OUTLET_ZIP,CA0102,007,,EXACT_OUTLET;TIE_FSCSKEY_SEQ,EXACT_OUTLET;NOT_USPS_VALIDITY;NO_INVENTORY
94802,OBSERVED_REFERENCE_INDIRECT_ONLY,,,,INDIRECT_IMLS_SC;NO_FABRICATED_NEAREST,INDIRECT_IMLS_SC;NO_FABRICATED_NEAREST;NOT_REJECTED;NOT_USPS_VALIDITY;NO_INVENTORY
94803,EXACT_IMLS_OUTLET_ZIP,CA0028,009,,EXACT_OUTLET;TIE_FSCSKEY_SEQ,EXACT_OUTLET;NOT_USPS_VALIDITY;NO_INVENTORY
94804,EXACT_IMLS_OUTLET_ZIP,CA0102,002,,EXACT_OUTLET;TIE_FSCSKEY_SEQ,EXACT_OUTLET;NOT_USPS_VALIDITY;NO_INVENTORY
94805,EXACT_IMLS_OUTLET_ZIP,CA0218,002,,EXACT_OUTLET;TIE_FSCSKEY_SEQ,EXACT_OUTLET;NOT_USPS_VALIDITY;NO_INVENTORY
94806,EXACT_IMLS_OUTLET_ZIP,CA0028,019,,EXACT_OUTLET;TIE_FSCSKEY_SEQ,EXACT_OUTLET;NOT_USPS_VALIDITY;NO_INVENTORY
94807,OBSERVED_REFERENCE_INDIRECT_ONLY,,,,INDIRECT_IMLS_SC;NO_FABRICATED_NEAREST,INDIRECT_IMLS_SC;NO_FABRICATED_NEAREST;NOT_REJECTED;NOT_USPS_VALIDITY;NO_INVENTORY
94808,OBSERVED_REFERENCE_INDIRECT_ONLY,,,,INDIRECT_IMLS_SC;NO_FABRICATED_NEAREST,INDIRECT_IMLS_SC;NO_FABRICATED_NEAREST;NOT_REJECTED;NOT_USPS_VALIDITY;NO_INVENTORY
94820,OBSERVED_REFERENCE_INDIRECT_ONLY,,,,INDIRECT_IMLS_SC;NO_FABRICATED_NEAREST,INDIRECT_IMLS_SC;NO_FABRICATED_NEAREST;NOT_REJECTED;NOT_USPS_VALIDITY;NO_INVENTORY
94901,EXACT_IMLS_OUTLET_ZIP,CA0122,002,,EXACT_OUTLET;TIE_FSCSKEY_SEQ,EXACT_OUTLET;NOT_USPS_VALIDITY;NO_INVENTORY
94903,EXACT_IMLS_OUTLET_ZIP,CA0065,002,,EXACT_OUTLET;TIE_FSCSKEY_SEQ,EXACT_OUTLET;NOT_USPS_VALIDITY;NO_INVENTORY
94904,ZCTA_NEAREST_ACTIVE_OUTLET,CA0055,002,1.849,ZCTA_NN;R6371;TIE_FIRST_LEX,ZCTA_NN_HAVERSINE;NOT_ELIGIBILITY;NOT_USPS_VALIDITY;NO_INVENTORY
94912,OBSERVED_REFERENCE_INDIRECT_ONLY,,,,INDIRECT_IMLS_SC;NO_FABRICATED_NEAREST,INDIRECT_IMLS_SC;NO_FABRICATED_NEAREST;NOT_REJECTED;NOT_USPS_VALIDITY;NO_INVENTORY
94913,OBSERVED_REFERENCE_INDIRECT_ONLY,,,,INDIRECT_IMLS_SC;NO_FABRICATED_NEAREST,INDIRECT_IMLS_SC;NO_FABRICATED_NEAREST;NOT_REJECTED;NOT_USPS_VALIDITY;NO_INVENTORY
94914,OBSERVED_REFERENCE_INDIRECT_ONLY,,,,INDIRECT_IMLS_SC;NO_FABRICATED_NEAREST,INDIRECT_IMLS_SC;NO_FABRICATED_NEAREST;NOT_REJECTED;NOT_USPS_VALIDITY;NO_INVENTORY
94915,OBSERVED_REFERENCE_INDIRECT_ONLY,,,,INDIRECT_IMLS_SC;NO_FABRICATED_NEAREST,INDIRECT_IMLS_SC;NO_FABRICATED_NEAREST;NOT_REJECTED;NOT_USPS_VALIDITY;NO_INVENTORY
94920,EXACT_IMLS_OUTLET_ZIP,CA0197,001,,EXACT_OUTLET;TIE_FSCSKEY_SEQ,EXACT_OUTLET;NOT_USPS_VALIDITY;NO_INVENTORY
94922,ZCTA_NEAREST_ACTIVE_OUTLET,CA0137,009,5.543,ZCTA_NN;R6371;TIE_FIRST_LEX,ZCTA_NN_HAVERSINE;NOT_ELIGIBILITY;NOT_USPS_VALIDITY;NO_INVENTORY
94923,ZCTA_NEAREST_ACTIVE_OUTLET,CA0137,009,10.942,ZCTA_NN;R6371;TIE_FIRST_LEX,ZCTA_NN_HAVERSINE;NOT_ELIGIBILITY;NOT_USPS_VALIDITY;NO_INVENTORY
94924,EXACT_IMLS_OUTLET_ZIP,CA0065,014,,EXACT_OUTLET;TIE_FSCSKEY_SEQ,EXACT_OUTLET;NOT_USPS_VALIDITY;NO_INVENTORY
94925,EXACT_IMLS_OUTLET_ZIP,CA0065,005,,EXACT_OUTLET;TIE_FSCSKEY_SEQ,EXACT_OUTLET;NOT_USPS_VALIDITY;NO_INVENTORY
94927,OBSERVED_REFERENCE_INDIRECT_ONLY,,,,INDIRECT_IMLS_SC;NO_FABRICATED_NEAREST,INDIRECT_IMLS_SC;NO_FABRICATED_NEAREST;NOT_REJECTED;NOT_USPS_VALIDITY;NO_INVENTORY
94928,EXACT_IMLS_OUTLET_ZIP,CA0137,011,,EXACT_OUTLET;TIE_FSCSKEY_SEQ,EXACT_OUTLET;NOT_USPS_VALIDITY;NO_INVENTORY
94929,ZCTA_NEAREST_ACTIVE_OUTLET,CA0137,009,16.958,ZCTA_NN;R6371;TIE_FIRST_LEX,ZCTA_NN_HAVERSINE;NOT_ELIGIBILITY;NOT_USPS_VALIDITY;NO_INVENTORY
94930,EXACT_IMLS_OUTLET_ZIP,CA0065,006,,EXACT_OUTLET;TIE_FSCSKEY_SEQ,EXACT_OUTLET;NOT_USPS_VALIDITY;NO_INVENTORY
94931,ZCTA_NEAREST_ACTIVE_OUTLET,CA0137,011,2.851,ZCTA_NN;R6371;TIE_FIRST_LEX,ZCTA_NN_HAVERSINE;NOT_ELIGIBILITY;NOT_USPS_VALIDITY;NO_INVENTORY
94933,ZCTA_NEAREST_ACTIVE_OUTLET,CA0065,006,8.938,ZCTA_NN;R6371;TIE_FIRST_LEX,ZCTA_NN_HAVERSINE;NOT_ELIGIBILITY;NOT_USPS_VALIDITY;NO_INVENTORY
94937,EXACT_IMLS_OUTLET_ZIP,CA0065,015,,EXACT_OUTLET;TIE_FSCSKEY_SEQ,EXACT_OUTLET;NOT_USPS_VALIDITY;NO_INVENTORY
94938,ZCTA_NEAREST_ACTIVE_OUTLET,CA0065,009,7.992,ZCTA_NN;R6371;TIE_FIRST_LEX,ZCTA_NN_HAVERSINE;NOT_ELIGIBILITY;NOT_USPS_VALIDITY;NO_INVENTORY
94939,EXACT_IMLS_OUTLET_ZIP,CA0055,002,,EXACT_OUTLET;TIE_FSCSKEY_SEQ,EXACT_OUTLET;NOT_USPS_VALIDITY;NO_INVENTORY
94940,ZCTA_NEAREST_ACTIVE_OUTLET,CA0065,015,13.120,ZCTA_NN;R6371;TIE_FIRST_LEX,ZCTA_NN_HAVERSINE;NOT_ELIGIBILITY;NOT_USPS_VALIDITY;NO_INVENTORY
94941,EXACT_IMLS_OUTLET_ZIP,CA0069,002,,EXACT_OUTLET;TIE_FSCSKEY_SEQ,EXACT_OUTLET;NOT_USPS_VALIDITY;NO_INVENTORY
94942,OBSERVED_REFERENCE_INDIRECT_ONLY,,,,INDIRECT_IMLS_SC;NO_FABRICATED_NEAREST,INDIRECT_IMLS_SC;NO_FABRICATED_NEAREST;NOT_REJECTED;NOT_USPS_VALIDITY;NO_INVENTORY
94945,ZCTA_NEAREST_ACTIVE_OUTLET,CA0065,008,2.958,ZCTA_NN;R6371;TIE_FIRST_LEX,ZCTA_NN_HAVERSINE;NOT_ELIGIBILITY;NOT_USPS_VALIDITY;NO_INVENTORY
94946,ZCTA_NEAREST_ACTIVE_OUTLET,CA0065,009,9.735,ZCTA_NN;R6371;TIE_FIRST_LEX,ZCTA_NN_HAVERSINE;NOT_ELIGIBILITY;NOT_USPS_VALIDITY;NO_INVENTORY
94947,EXACT_IMLS_OUTLET_ZIP,CA0065,008,,EXACT_OUTLET;TIE_FSCSKEY_SEQ,EXACT_OUTLET;NOT_USPS_VALIDITY;NO_INVENTORY
94948,OBSERVED_REFERENCE_INDIRECT_ONLY,,,,INDIRECT_IMLS_SC;NO_FABRICATED_NEAREST,INDIRECT_IMLS_SC;NO_FABRICATED_NEAREST;NOT_REJECTED;NOT_USPS_VALIDITY;NO_INVENTORY
94949,EXACT_IMLS_OUTLET_ZIP,CA0065,019,,EXACT_OUTLET;TIE_FSCSKEY_SEQ,EXACT_OUTLET;NOT_USPS_VALIDITY;NO_INVENTORY
94950,ZCTA_NEAREST_ACTIVE_OUTLET,CA0065,009,6.611,ZCTA_NN;R6371;TIE_FIRST_LEX,ZCTA_NN_HAVERSINE;NOT_ELIGIBILITY;NOT_USPS_VALIDITY;NO_INVENTORY
94951,ZCTA_NEAREST_ACTIVE_OUTLET,CA0137,011,5.930,ZCTA_NN;R6371;TIE_FIRST_LEX,ZCTA_NN_HAVERSINE;NOT_ELIGIBILITY;NOT_USPS_VALIDITY;NO_INVENTORY
94952,EXACT_IMLS_OUTLET_ZIP,CA0137,010,,EXACT_OUTLET;TIE_FSCSKEY_SEQ,EXACT_OUTLET;NOT_USPS_VALIDITY;NO_INVENTORY
94953,OBSERVED_REFERENCE_INDIRECT_ONLY,,,,INDIRECT_IMLS_SC;NO_FABRICATED_NEAREST,INDIRECT_IMLS_SC;NO_FABRICATED_NEAREST;NOT_REJECTED;NOT_USPS_VALIDITY;NO_INVENTORY
94954,ZCTA_NEAREST_ACTIVE_OUTLET,CA0137,010,6.519,ZCTA_NN;R6371;TIE_FIRST_LEX,ZCTA_NN_HAVERSINE;NOT_ELIGIBILITY;NOT_USPS_VALIDITY;NO_INVENTORY
94956,EXACT_IMLS_OUTLET_ZIP,CA0065,009,,EXACT_OUTLET;TIE_FSCSKEY_SEQ,EXACT_OUTLET;NOT_USPS_VALIDITY;NO_INVENTORY
94957,ZCTA_NEAREST_ACTIVE_OUTLET,CA0107,002,1.217,ZCTA_NN;R6371;TIE_FIRST_LEX,ZCTA_NN_HAVERSINE;NOT_ELIGIBILITY;NOT_USPS_VALIDITY;NO_INVENTORY
94960,EXACT_IMLS_OUTLET_ZIP,CA0107,002,,EXACT_OUTLET;TIE_FSCSKEY_SEQ,EXACT_OUTLET;NOT_USPS_VALIDITY;NO_INVENTORY
94963,ZCTA_NEAREST_ACTIVE_OUTLET,CA0065,006,6.648,ZCTA_NN;R6371;TIE_FIRST_LEX,ZCTA_NN_HAVERSINE;NOT_ELIGIBILITY;NOT_USPS_VALIDITY;NO_INVENTORY
94964,ZCTA_NEAREST_ACTIVE_OUTLET,CA0065,005,2.994,ZCTA_NN;R6371;TIE_FIRST_LEX,ZCTA_NN_HAVERSINE;NOT_ELIGIBILITY;NOT_USPS_VALIDITY;NO_INVENTORY
94965,EXACT_IMLS_OUTLET_ZIP,CA0065,016,,EXACT_OUTLET;TIE_FSCSKEY_SEQ,EXACT_OUTLET;NOT_USPS_VALIDITY;NO_INVENTORY
94966,OBSERVED_REFERENCE_INDIRECT_ONLY,,,,INDIRECT_IMLS_SC;NO_FABRICATED_NEAREST,INDIRECT_IMLS_SC;NO_FABRICATED_NEAREST;NOT_REJECTED;NOT_USPS_VALIDITY;NO_INVENTORY
94970,EXACT_IMLS_OUTLET_ZIP,CA0065,011,,EXACT_OUTLET;TIE_FSCSKEY_SEQ,EXACT_OUTLET;NOT_USPS_VALIDITY;NO_INVENTORY
94971,ZCTA_NEAREST_ACTIVE_OUTLET,CA0065,015,15.569,ZCTA_NN;R6371;TIE_FIRST_LEX,ZCTA_NN_HAVERSINE;NOT_ELIGIBILITY;NOT_USPS_VALIDITY;NO_INVENTORY
94972,ZCTA_NEAREST_ACTIVE_OUTLET,CA0137,009,7.810,ZCTA_NN;R6371;TIE_FIRST_LEX,ZCTA_NN_HAVERSINE;NOT_ELIGIBILITY;NOT_USPS_VALIDITY;NO_INVENTORY
94973,ZCTA_NEAREST_ACTIVE_OUTLET,CA0065,006,4.816,ZCTA_NN;R6371;TIE_FIRST_LEX,ZCTA_NN_HAVERSINE;NOT_ELIGIBILITY;NOT_USPS_VALIDITY;NO_INVENTORY
94975,OBSERVED_REFERENCE_INDIRECT_ONLY,,,,INDIRECT_IMLS_SC;NO_FABRICATED_NEAREST,INDIRECT_IMLS_SC;NO_FABRICATED_NEAREST;NOT_REJECTED;NOT_USPS_VALIDITY;NO_INVENTORY
94976,OBSERVED_REFERENCE_INDIRECT_ONLY,,,,INDIRECT_IMLS_SC;NO_FABRICATED_NEAREST,INDIRECT_IMLS_SC;NO_FABRICATED_NEAREST;NOT_REJECTED;NOT_USPS_VALIDITY;NO_INVENTORY
94978,OBSERVED_REFERENCE_INDIRECT_ONLY,,,,INDIRECT_IMLS_SC;NO_FABRICATED_NEAREST,INDIRECT_IMLS_SC;NO_FABRICATED_NEAREST;NOT_REJECTED;NOT_USPS_VALIDITY;NO_INVENTORY
95001,OBSERVED_REFERENCE_INDIRECT_ONLY,,,,INDIRECT_IMLS_SC;NO_FABRICATED_NEAREST,INDIRECT_IMLS_SC;NO_FABRICATED_NEAREST;NOT_REJECTED;NOT_USPS_VALIDITY;NO_INVENTORY
95002,EXACT_IMLS_OUTLET_ZIP,CA0115,004,,EXACT_OUTLET;TIE_FSCSKEY_SEQ,EXACT_OUTLET;NOT_USPS_VALIDITY;NO_INVENTORY
95003,ZCTA_NEAREST_ACTIVE_OUTLET,CA0127,016,10.222,ZCTA_NN;R6371;TIE_FIRST_LEX,ZCTA_NN_HAVERSINE;NOT_ELIGIBILITY;NOT_USPS_VALIDITY;NO_INVENTORY
95004,EXACT_IMLS_OUTLET_ZIP,CA0073,013,,EXACT_OUTLET;TIE_FSCSKEY_SEQ,EXACT_OUTLET;NOT_USPS_VALIDITY;NO_INVENTORY
95005,ZCTA_NEAREST_ACTIVE_OUTLET,CA0127,004,4.431,ZCTA_NN;R6371;TIE_FIRST_LEX,ZCTA_NN_HAVERSINE;NOT_ELIGIBILITY;NOT_USPS_VALIDITY;NO_INVENTORY
95006,EXACT_IMLS_OUTLET_ZIP,CA0127,004,,EXACT_OUTLET;TIE_FSCSKEY_SEQ,EXACT_OUTLET;NOT_USPS_VALIDITY;NO_INVENTORY
95007,ZCTA_NEAREST_ACTIVE_OUTLET,CA0127,004,2.075,ZCTA_NN;R6371;TIE_FIRST_LEX,ZCTA_NN_HAVERSINE;NOT_ELIGIBILITY;NOT_USPS_VALIDITY;NO_INVENTORY
95008,EXACT_IMLS_OUTLET_ZIP,CA0126,004,,EXACT_OUTLET;TIE_FSCSKEY_SEQ,EXACT_OUTLET;NOT_USPS_VALIDITY;NO_INVENTORY
95009,OBSERVED_REFERENCE_INDIRECT_ONLY,,,,INDIRECT_IMLS_SC;NO_FABRICATED_NEAREST,INDIRECT_IMLS_SC;NO_FABRICATED_NEAREST;NOT_REJECTED;NOT_USPS_VALIDITY;NO_INVENTORY
95010,EXACT_IMLS_OUTLET_ZIP,CA0127,016,,EXACT_OUTLET;TIE_FSCSKEY_SEQ,EXACT_OUTLET;NOT_USPS_VALIDITY;NO_INVENTORY
95011,OBSERVED_REFERENCE_INDIRECT_ONLY,,,,INDIRECT_IMLS_SC;NO_FABRICATED_NEAREST,INDIRECT_IMLS_SC;NO_FABRICATED_NEAREST;NOT_REJECTED;NOT_USPS_VALIDITY;NO_INVENTORY
95012,EXACT_IMLS_OUTLET_ZIP,CA0073,005,,EXACT_OUTLET;TIE_FSCSKEY_SEQ,EXACT_OUTLET;NOT_USPS_VALIDITY;NO_INVENTORY
95013,ZCTA_NEAREST_ACTIVE_OUTLET,CA0115,016,5.890,ZCTA_NN;R6371;TIE_FIRST_LEX,ZCTA_NN_HAVERSINE;NOT_ELIGIBILITY;NOT_USPS_VALIDITY;NO_INVENTORY
95014,EXACT_IMLS_OUTLET_ZIP,CA0126,005,,EXACT_OUTLET;TIE_FSCSKEY_SEQ,EXACT_OUTLET;NOT_USPS_VALIDITY;NO_INVENTORY
95015,OBSERVED_REFERENCE_INDIRECT_ONLY,,,,INDIRECT_IMLS_SC;NO_FABRICATED_NEAREST,INDIRECT_IMLS_SC;NO_FABRICATED_NEAREST;NOT_REJECTED;NOT_USPS_VALIDITY;NO_INVENTORY
95017,ZCTA_NEAREST_ACTIVE_OUTLET,CA0127,004,10.670,ZCTA_NN;R6371;TIE_FIRST_LEX,ZCTA_NN_HAVERSINE;NOT_ELIGIBILITY;NOT_USPS_VALIDITY;NO_INVENTORY
95018,EXACT_IMLS_OUTLET_ZIP,CA0127,006,,EXACT_OUTLET;TIE_FSCSKEY_SEQ,EXACT_OUTLET;NOT_USPS_VALIDITY;NO_INVENTORY
95019,EXACT_IMLS_OUTLET_ZIP,CA0153,003,,EXACT_OUTLET;TIE_FSCSKEY_SEQ,EXACT_OUTLET;NOT_USPS_VALIDITY;NO_INVENTORY
95020,EXACT_IMLS_OUTLET_ZIP,CA0126,006,,EXACT_OUTLET;TIE_FSCSKEY_SEQ,EXACT_OUTLET;NOT_USPS_VALIDITY;NO_INVENTORY
95021,OBSERVED_REFERENCE_INDIRECT_ONLY,,,,INDIRECT_IMLS_SC;NO_FABRICATED_NEAREST,INDIRECT_IMLS_SC;NO_FABRICATED_NEAREST;NOT_REJECTED;NOT_USPS_VALIDITY;NO_INVENTORY
95023,EXACT_IMLS_OUTLET_ZIP,CA0108,002,,EXACT_OUTLET;TIE_FSCSKEY_SEQ,EXACT_OUTLET;NOT_USPS_VALIDITY;NO_INVENTORY
95024,OBSERVED_REFERENCE_INDIRECT_ONLY,,,,INDIRECT_IMLS_SC;NO_FABRICATED_NEAREST,INDIRECT_IMLS_SC;NO_FABRICATED_NEAREST;NOT_REJECTED;NOT_USPS_VALIDITY;NO_INVENTORY
95030,EXACT_IMLS_OUTLET_ZIP,CA0164,002,,EXACT_OUTLET;TIE_FSCSKEY_SEQ,EXACT_OUTLET;NOT_USPS_VALIDITY;NO_INVENTORY
95031,OBSERVED_REFERENCE_INDIRECT_ONLY,,,,INDIRECT_IMLS_SC;NO_FABRICATED_NEAREST,INDIRECT_IMLS_SC;NO_FABRICATED_NEAREST;NOT_REJECTED;NOT_USPS_VALIDITY;NO_INVENTORY
95032,ZCTA_NEAREST_ACTIVE_OUTLET,CA0115,025,5.635,ZCTA_NN;R6371;TIE_FIRST_LEX,ZCTA_NN_HAVERSINE;NOT_ELIGIBILITY;NOT_USPS_VALIDITY;NO_INVENTORY
95033,ZCTA_NEAREST_ACTIVE_OUTLET,CA0164,002,6.925,ZCTA_NN;R6371;TIE_FIRST_LEX,ZCTA_NN_HAVERSINE;NOT_ELIGIBILITY;NOT_USPS_VALIDITY;NO_INVENTORY
95035,EXACT_IMLS_OUTLET_ZIP,CA0126,009,,EXACT_OUTLET;TIE_FSCSKEY_SEQ,EXACT_OUTLET;NOT_USPS_VALIDITY;NO_INVENTORY
95036,OBSERVED_REFERENCE_INDIRECT_ONLY,,,,INDIRECT_IMLS_SC;NO_FABRICATED_NEAREST,INDIRECT_IMLS_SC;NO_FABRICATED_NEAREST;NOT_REJECTED;NOT_USPS_VALIDITY;NO_INVENTORY
95037,EXACT_IMLS_OUTLET_ZIP,CA0126,010,,EXACT_OUTLET;TIE_FSCSKEY_SEQ,EXACT_OUTLET;NOT_USPS_VALIDITY;NO_INVENTORY
95038,OBSERVED_REFERENCE_INDIRECT_ONLY,,,,INDIRECT_IMLS_SC;NO_FABRICATED_NEAREST,INDIRECT_IMLS_SC;NO_FABRICATED_NEAREST;NOT_REJECTED;NOT_USPS_VALIDITY;NO_INVENTORY
95039,ZCTA_NEAREST_ACTIVE_OUTLET,CA0073,005,6.700,ZCTA_NN;R6371;TIE_FIRST_LEX,ZCTA_NN_HAVERSINE;NOT_ELIGIBILITY;NOT_USPS_VALIDITY;NO_INVENTORY
95041,ZCTA_NEAREST_ACTIVE_OUTLET,CA0127,006,1.428,ZCTA_NN;R6371;TIE_FIRST_LEX,ZCTA_NN_HAVERSINE;NOT_ELIGIBILITY;NOT_USPS_VALIDITY;NO_INVENTORY
95043,ZCTA_NEAREST_ACTIVE_OUTLET,CA0073,009,32.021,ZCTA_NN;R6371;TIE_FIRST_LEX,ZCTA_NN_HAVERSINE;NOT_ELIGIBILITY;NOT_USPS_VALIDITY;NO_INVENTORY
95044,OBSERVED_REFERENCE_INDIRECT_ONLY,,,,INDIRECT_IMLS_SC;NO_FABRICATED_NEAREST,INDIRECT_IMLS_SC;NO_FABRICATED_NEAREST;NOT_REJECTED;NOT_USPS_VALIDITY;NO_INVENTORY
95045,EXACT_IMLS_OUTLET_ZIP,CA0116,002,,EXACT_OUTLET;TIE_FSCSKEY_SEQ,EXACT_OUTLET;NOT_USPS_VALIDITY;NO_INVENTORY
95046,ZCTA_NEAREST_ACTIVE_OUTLET,CA0126,010,6.378,ZCTA_NN;R6371;TIE_FIRST_LEX,ZCTA_NN_HAVERSINE;NOT_ELIGIBILITY;NOT_USPS_VALIDITY;NO_INVENTORY
95050,EXACT_IMLS_OUTLET_ZIP,CA0125,003,,EXACT_OUTLET;TIE_FSCSKEY_SEQ,EXACT_OUTLET;NOT_USPS_VALIDITY;NO_INVENTORY
95051,EXACT_IMLS_OUTLET_ZIP,CA0125,002,,EXACT_OUTLET;TIE_FSCSKEY_SEQ,EXACT_OUTLET;NOT_USPS_VALIDITY;NO_INVENTORY
95052,OBSERVED_REFERENCE_INDIRECT_ONLY,,,,INDIRECT_IMLS_SC;NO_FABRICATED_NEAREST,INDIRECT_IMLS_SC;NO_FABRICATED_NEAREST;NOT_REJECTED;NOT_USPS_VALIDITY;NO_INVENTORY
95053,ZCTA_NEAREST_ACTIVE_OUTLET,CA0125,003,0.586,ZCTA_NN;R6371;TIE_FIRST_LEX,ZCTA_NN_HAVERSINE;NOT_ELIGIBILITY;NOT_USPS_VALIDITY;NO_INVENTORY
95054,EXACT_IMLS_OUTLET_ZIP,CA0125,005,,EXACT_OUTLET;TIE_FSCSKEY_SEQ,EXACT_OUTLET;NOT_USPS_VALIDITY;NO_INVENTORY
95055,OBSERVED_REFERENCE_INDIRECT_ONLY,,,,INDIRECT_IMLS_SC;NO_FABRICATED_NEAREST,INDIRECT_IMLS_SC;NO_FABRICATED_NEAREST;NOT_REJECTED;NOT_USPS_VALIDITY;NO_INVENTORY
95056,OBSERVED_REFERENCE_INDIRECT_ONLY,,,,INDIRECT_IMLS_SC;NO_FABRICATED_NEAREST,INDIRECT_IMLS_SC;NO_FABRICATED_NEAREST;NOT_REJECTED;NOT_USPS_VALIDITY;NO_INVENTORY
95060,EXACT_IMLS_OUTLET_ZIP,CA0127,002,,EXACT_OUTLET;TIE_FSCSKEY_SEQ,EXACT_OUTLET;NOT_USPS_VALIDITY;NO_INVENTORY
95061,OBSERVED_REFERENCE_INDIRECT_ONLY,,,,INDIRECT_IMLS_SC;NO_FABRICATED_NEAREST,INDIRECT_IMLS_SC;NO_FABRICATED_NEAREST;NOT_REJECTED;NOT_USPS_VALIDITY;NO_INVENTORY
95062,EXACT_IMLS_OUTLET_ZIP,CA0127,005,,EXACT_OUTLET;TIE_FSCSKEY_SEQ,EXACT_OUTLET;NOT_USPS_VALIDITY;NO_INVENTORY
95063,OBSERVED_REFERENCE_INDIRECT_ONLY,,,,INDIRECT_IMLS_SC;NO_FABRICATED_NEAREST,INDIRECT_IMLS_SC;NO_FABRICATED_NEAREST;NOT_REJECTED;NOT_USPS_VALIDITY;NO_INVENTORY
95064,ZCTA_NEAREST_ACTIVE_OUTLET,CA0127,015,3.221,ZCTA_NN;R6371;TIE_FIRST_LEX,ZCTA_NN_HAVERSINE;NOT_ELIGIBILITY;NOT_USPS_VALIDITY;NO_INVENTORY
95065,ZCTA_NEAREST_ACTIVE_OUTLET,CA0127,010,4.324,ZCTA_NN;R6371;TIE_FIRST_LEX,ZCTA_NN_HAVERSINE;NOT_ELIGIBILITY;NOT_USPS_VALIDITY;NO_INVENTORY
95066,EXACT_IMLS_OUTLET_ZIP,CA0127,010,,EXACT_OUTLET;TIE_FSCSKEY_SEQ,EXACT_OUTLET;NOT_USPS_VALIDITY;NO_INVENTORY
95067,OBSERVED_REFERENCE_INDIRECT_ONLY,,,,INDIRECT_IMLS_SC;NO_FABRICATED_NEAREST,INDIRECT_IMLS_SC;NO_FABRICATED_NEAREST;NOT_REJECTED;NOT_USPS_VALIDITY;NO_INVENTORY
95070,EXACT_IMLS_OUTLET_ZIP,CA0126,011,,EXACT_OUTLET;TIE_FSCSKEY_SEQ,EXACT_OUTLET;NOT_USPS_VALIDITY;NO_INVENTORY
95073,ZCTA_NEAREST_ACTIVE_OUTLET,CA0127,016,7.244,ZCTA_NN;R6371;TIE_FIRST_LEX,ZCTA_NN_HAVERSINE;NOT_ELIGIBILITY;NOT_USPS_VALIDITY;NO_INVENTORY
95075,ZCTA_NEAREST_ACTIVE_OUTLET,CA0108,002,20.030,ZCTA_NN;R6371;TIE_FIRST_LEX,ZCTA_NN_HAVERSINE;NOT_ELIGIBILITY;NOT_USPS_VALIDITY;NO_INVENTORY
95076,EXACT_IMLS_OUTLET_ZIP,CA0073,021,,EXACT_OUTLET;TIE_FSCSKEY_SEQ,EXACT_OUTLET;NOT_USPS_VALIDITY;NO_INVENTORY
95077,OBSERVED_REFERENCE_INDIRECT_ONLY,,,,INDIRECT_IMLS_SC;NO_FABRICATED_NEAREST,INDIRECT_IMLS_SC;NO_FABRICATED_NEAREST;NOT_REJECTED;NOT_USPS_VALIDITY;NO_INVENTORY
95101,OBSERVED_REFERENCE_INDIRECT_ONLY,,,,INDIRECT_IMLS_SC;NO_FABRICATED_NEAREST,INDIRECT_IMLS_SC;NO_FABRICATED_NEAREST;NOT_REJECTED;NOT_USPS_VALIDITY;NO_INVENTORY
95108,OBSERVED_REFERENCE_INDIRECT_ONLY,,,,INDIRECT_IMLS_SC;NO_FABRICATED_NEAREST,INDIRECT_IMLS_SC;NO_FABRICATED_NEAREST;NOT_REJECTED;NOT_USPS_VALIDITY;NO_INVENTORY
95110,EXACT_IMLS_OUTLET_ZIP,CA0115,006,,EXACT_OUTLET;TIE_FSCSKEY_SEQ,EXACT_OUTLET;NOT_USPS_VALIDITY;NO_INVENTORY
95111,EXACT_IMLS_OUTLET_ZIP,CA0115,017,,EXACT_OUTLET;TIE_FSCSKEY_SEQ,EXACT_OUTLET;NOT_USPS_VALIDITY;NO_INVENTORY
95112,EXACT_IMLS_OUTLET_ZIP,CA0115,002,,EXACT_OUTLET;TIE_FSCSKEY_SEQ,EXACT_OUTLET;NOT_USPS_VALIDITY;NO_INVENTORY
95113,EXACT_IMLS_OUTLET_ZIP,CA0254,001,,EXACT_OUTLET;TIE_FSCSKEY_SEQ,EXACT_OUTLET;NOT_USPS_VALIDITY;NO_INVENTORY
95116,EXACT_IMLS_OUTLET_ZIP,CA0115,009,,EXACT_OUTLET;TIE_FSCSKEY_SEQ,EXACT_OUTLET;NOT_USPS_VALIDITY;NO_INVENTORY
95117,EXACT_IMLS_OUTLET_ZIP,CA0115,018,,EXACT_OUTLET;TIE_FSCSKEY_SEQ,EXACT_OUTLET;NOT_USPS_VALIDITY;NO_INVENTORY
95118,EXACT_IMLS_OUTLET_ZIP,CA0115,021,,EXACT_OUTLET;TIE_FSCSKEY_SEQ,EXACT_OUTLET;NOT_USPS_VALIDITY;NO_INVENTORY
95119,EXACT_IMLS_OUTLET_ZIP,CA0115,016,,EXACT_OUTLET;TIE_FSCSKEY_SEQ,EXACT_OUTLET;NOT_USPS_VALIDITY;NO_INVENTORY
95120,EXACT_IMLS_OUTLET_ZIP,CA0115,025,,EXACT_OUTLET;TIE_FSCSKEY_SEQ,EXACT_OUTLET;NOT_USPS_VALIDITY;NO_INVENTORY
95121,EXACT_IMLS_OUTLET_ZIP,CA0115,012,,EXACT_OUTLET;TIE_FSCSKEY_SEQ,EXACT_OUTLET;NOT_USPS_VALIDITY;NO_INVENTORY
95122,EXACT_IMLS_OUTLET_ZIP,CA0115,013,,EXACT_OUTLET;TIE_FSCSKEY_SEQ,EXACT_OUTLET;NOT_USPS_VALIDITY;NO_INVENTORY
95123,ZCTA_NEAREST_ACTIVE_OUTLET,CA0115,027,2.794,ZCTA_NN;R6371;TIE_FIRST_LEX,ZCTA_NN_HAVERSINE;NOT_ELIGIBILITY;NOT_USPS_VALIDITY;NO_INVENTORY
95124,EXACT_IMLS_OUTLET_ZIP,CA0115,008,,EXACT_OUTLET;TIE_FSCSKEY_SEQ,EXACT_OUTLET;NOT_USPS_VALIDITY;NO_INVENTORY
95125,EXACT_IMLS_OUTLET_ZIP,CA0115,019,,EXACT_OUTLET;TIE_FSCSKEY_SEQ,EXACT_OUTLET;NOT_USPS_VALIDITY;NO_INVENTORY
95126,EXACT_IMLS_OUTLET_ZIP,CA0115,022,,EXACT_OUTLET;TIE_FSCSKEY_SEQ,EXACT_OUTLET;NOT_USPS_VALIDITY;NO_INVENTORY
95127,EXACT_IMLS_OUTLET_ZIP,CA0115,024,,EXACT_OUTLET;TIE_FSCSKEY_SEQ,EXACT_OUTLET;NOT_USPS_VALIDITY;NO_INVENTORY
95128,EXACT_IMLS_OUTLET_ZIP,CA0115,028,,EXACT_OUTLET;TIE_FSCSKEY_SEQ,EXACT_OUTLET;NOT_USPS_VALIDITY;NO_INVENTORY
95129,EXACT_IMLS_OUTLET_ZIP,CA0115,007,,EXACT_OUTLET;TIE_FSCSKEY_SEQ,EXACT_OUTLET;NOT_USPS_VALIDITY;NO_INVENTORY
95130,ZCTA_NEAREST_ACTIVE_OUTLET,CA0126,011,2.707,ZCTA_NN;R6371;TIE_FIRST_LEX,ZCTA_NN_HAVERSINE;NOT_ELIGIBILITY;NOT_USPS_VALIDITY;NO_INVENTORY
95131,ZCTA_NEAREST_ACTIVE_OUTLET,CA0115,010,4.290,ZCTA_NN;R6371;TIE_FIRST_LEX,ZCTA_NN_HAVERSINE;NOT_ELIGIBILITY;NOT_USPS_VALIDITY;NO_INVENTORY
95132,EXACT_IMLS_OUTLET_ZIP,CA0115,005,,EXACT_OUTLET;TIE_FSCSKEY_SEQ,EXACT_OUTLET;NOT_USPS_VALIDITY;NO_INVENTORY
95133,EXACT_IMLS_OUTLET_ZIP,CA0115,010,,EXACT_OUTLET;TIE_FSCSKEY_SEQ,EXACT_OUTLET;NOT_USPS_VALIDITY;NO_INVENTORY
95134,ZCTA_NEAREST_ACTIVE_OUTLET,CA0115,004,2.206,ZCTA_NN;R6371;TIE_FIRST_LEX,ZCTA_NN_HAVERSINE;NOT_ELIGIBILITY;NOT_USPS_VALIDITY;NO_INVENTORY
95135,EXACT_IMLS_OUTLET_ZIP,CA0115,029,,EXACT_OUTLET;TIE_FSCSKEY_SEQ,EXACT_OUTLET;NOT_USPS_VALIDITY;NO_INVENTORY
95136,EXACT_IMLS_OUTLET_ZIP,CA0115,014,,EXACT_OUTLET;TIE_FSCSKEY_SEQ,EXACT_OUTLET;NOT_USPS_VALIDITY;NO_INVENTORY
95138,ZCTA_NEAREST_ACTIVE_OUTLET,CA0115,016,4.617,ZCTA_NN;R6371;TIE_FIRST_LEX,ZCTA_NN_HAVERSINE;NOT_ELIGIBILITY;NOT_USPS_VALIDITY;NO_INVENTORY
95139,ZCTA_NEAREST_ACTIVE_OUTLET,CA0115,016,3.495,ZCTA_NN;R6371;TIE_FIRST_LEX,ZCTA_NN_HAVERSINE;NOT_ELIGIBILITY;NOT_USPS_VALIDITY;NO_INVENTORY
95140,ZCTA_NEAREST_ACTIVE_OUTLET,CA0115,029,12.294,ZCTA_NN;R6371;TIE_FIRST_LEX,ZCTA_NN_HAVERSINE;NOT_ELIGIBILITY;NOT_USPS_VALIDITY;NO_INVENTORY
95141,OBSERVED_REFERENCE_INDIRECT_ONLY,,,,INDIRECT_IMLS_SC;NO_FABRICATED_NEAREST,INDIRECT_IMLS_SC;NO_FABRICATED_NEAREST;NOT_REJECTED;NOT_USPS_VALIDITY;NO_INVENTORY
95148,ZCTA_NEAREST_ACTIVE_OUTLET,CA0115,029,2.290,ZCTA_NN;R6371;TIE_FIRST_LEX,ZCTA_NN_HAVERSINE;NOT_ELIGIBILITY;NOT_USPS_VALIDITY;NO_INVENTORY
95150,OBSERVED_REFERENCE_INDIRECT_ONLY,,,,INDIRECT_IMLS_SC;NO_FABRICATED_NEAREST,INDIRECT_IMLS_SC;NO_FABRICATED_NEAREST;NOT_REJECTED;NOT_USPS_VALIDITY;NO_INVENTORY
95151,OBSERVED_REFERENCE_INDIRECT_ONLY,,,,INDIRECT_IMLS_SC;NO_FABRICATED_NEAREST,INDIRECT_IMLS_SC;NO_FABRICATED_NEAREST;NOT_REJECTED;NOT_USPS_VALIDITY;NO_INVENTORY
95153,OBSERVED_REFERENCE_INDIRECT_ONLY,,,,INDIRECT_IMLS_SC;NO_FABRICATED_NEAREST,INDIRECT_IMLS_SC;NO_FABRICATED_NEAREST;NOT_REJECTED;NOT_USPS_VALIDITY;NO_INVENTORY
95154,OBSERVED_REFERENCE_INDIRECT_ONLY,,,,INDIRECT_IMLS_SC;NO_FABRICATED_NEAREST,INDIRECT_IMLS_SC;NO_FABRICATED_NEAREST;NOT_REJECTED;NOT_USPS_VALIDITY;NO_INVENTORY
95155,OBSERVED_REFERENCE_INDIRECT_ONLY,,,,INDIRECT_IMLS_SC;NO_FABRICATED_NEAREST,INDIRECT_IMLS_SC;NO_FABRICATED_NEAREST;NOT_REJECTED;NOT_USPS_VALIDITY;NO_INVENTORY
95158,OBSERVED_REFERENCE_INDIRECT_ONLY,,,,INDIRECT_IMLS_SC;NO_FABRICATED_NEAREST,INDIRECT_IMLS_SC;NO_FABRICATED_NEAREST;NOT_REJECTED;NOT_USPS_VALIDITY;NO_INVENTORY
95159,OBSERVED_REFERENCE_INDIRECT_ONLY,,,,INDIRECT_IMLS_SC;NO_FABRICATED_NEAREST,INDIRECT_IMLS_SC;NO_FABRICATED_NEAREST;NOT_REJECTED;NOT_USPS_VALIDITY;NO_INVENTORY
95160,OBSERVED_REFERENCE_INDIRECT_ONLY,,,,INDIRECT_IMLS_SC;NO_FABRICATED_NEAREST,INDIRECT_IMLS_SC;NO_FABRICATED_NEAREST;NOT_REJECTED;NOT_USPS_VALIDITY;NO_INVENTORY
95161,OBSERVED_REFERENCE_INDIRECT_ONLY,,,,INDIRECT_IMLS_SC;NO_FABRICATED_NEAREST,INDIRECT_IMLS_SC;NO_FABRICATED_NEAREST;NOT_REJECTED;NOT_USPS_VALIDITY;NO_INVENTORY
95164,OBSERVED_REFERENCE_INDIRECT_ONLY,,,,INDIRECT_IMLS_SC;NO_FABRICATED_NEAREST,INDIRECT_IMLS_SC;NO_FABRICATED_NEAREST;NOT_REJECTED;NOT_USPS_VALIDITY;NO_INVENTORY
95170,OBSERVED_REFERENCE_INDIRECT_ONLY,,,,INDIRECT_IMLS_SC;NO_FABRICATED_NEAREST,INDIRECT_IMLS_SC;NO_FABRICATED_NEAREST;NOT_REJECTED;NOT_USPS_VALIDITY;NO_INVENTORY
95192,OBSERVED_REFERENCE_INDIRECT_ONLY,,,,INDIRECT_IMLS_SC;NO_FABRICATED_NEAREST,INDIRECT_IMLS_SC;NO_FABRICATED_NEAREST;NOT_REJECTED;NOT_USPS_VALIDITY;NO_INVENTORY
95201,OBSERVED_REFERENCE_INDIRECT_ONLY,,,,INDIRECT_IMLS_SC;NO_FABRICATED_NEAREST,INDIRECT_IMLS_SC;NO_FABRICATED_NEAREST;NOT_REJECTED;NOT_USPS_VALIDITY;NO_INVENTORY
95202,EXACT_IMLS_OUTLET_ZIP,CA0142,002,,EXACT_OUTLET;TIE_FSCSKEY_SEQ,EXACT_OUTLET;NOT_USPS_VALIDITY;NO_INVENTORY
95203,ZCTA_NEAREST_ACTIVE_OUTLET,CA0142,002,2.955,ZCTA_NN;R6371;TIE_FIRST_LEX,ZCTA_NN_HAVERSINE;NOT_ELIGIBILITY;NOT_USPS_VALIDITY;NO_INVENTORY
95204,ZCTA_NEAREST_ACTIVE_OUTLET,CA0142,002,2.912,ZCTA_NN;R6371;TIE_FIRST_LEX,ZCTA_NN_HAVERSINE;NOT_ELIGIBILITY;NOT_USPS_VALIDITY;NO_INVENTORY
95205,EXACT_IMLS_OUTLET_ZIP,CA0142,004,,EXACT_OUTLET;TIE_FSCSKEY_SEQ,EXACT_OUTLET;NOT_USPS_VALIDITY;NO_INVENTORY
95206,EXACT_IMLS_OUTLET_ZIP,CA0142,015,,EXACT_OUTLET;TIE_FSCSKEY_SEQ,EXACT_OUTLET;NOT_USPS_VALIDITY;NO_INVENTORY
95207,EXACT_IMLS_OUTLET_ZIP,CA0142,011,,EXACT_OUTLET;TIE_FSCSKEY_SEQ,EXACT_OUTLET;NOT_USPS_VALIDITY;NO_INVENTORY
95208,OBSERVED_REFERENCE_INDIRECT_ONLY,,,,INDIRECT_IMLS_SC;NO_FABRICATED_NEAREST,INDIRECT_IMLS_SC;NO_FABRICATED_NEAREST;NOT_REJECTED;NOT_USPS_VALIDITY;NO_INVENTORY
95209,ZCTA_NEAREST_ACTIVE_OUTLET,CA0142,011,4.972,ZCTA_NN;R6371;TIE_FIRST_LEX,ZCTA_NN_HAVERSINE;NOT_ELIGIBILITY;NOT_USPS_VALIDITY;NO_INVENTORY
95210,EXACT_IMLS_OUTLET_ZIP,CA0142,018,,EXACT_OUTLET;TIE_FSCSKEY_SEQ,EXACT_OUTLET;NOT_USPS_VALIDITY;NO_INVENTORY
95211,ZCTA_NEAREST_ACTIVE_OUTLET,CA0142,002,2.901,ZCTA_NN;R6371;TIE_FIRST_LEX,ZCTA_NN_HAVERSINE;NOT_ELIGIBILITY;NOT_USPS_VALIDITY;NO_INVENTORY
95212,ZCTA_NEAREST_ACTIVE_OUTLET,CA0142,018,6.132,ZCTA_NN;R6371;TIE_FIRST_LEX,ZCTA_NN_HAVERSINE;NOT_ELIGIBILITY;NOT_USPS_VALIDITY;NO_INVENTORY
95213,OBSERVED_REFERENCE_INDIRECT_ONLY,,,,INDIRECT_IMLS_SC;NO_FABRICATED_NEAREST,INDIRECT_IMLS_SC;NO_FABRICATED_NEAREST;NOT_REJECTED;NOT_USPS_VALIDITY;NO_INVENTORY
95215,ZCTA_NEAREST_ACTIVE_OUTLET,CA0142,008,8.055,ZCTA_NN;R6371;TIE_FIRST_LEX,ZCTA_NN_HAVERSINE;NOT_ELIGIBILITY;NOT_USPS_VALIDITY;NO_INVENTORY
95219,ZCTA_NEAREST_ACTIVE_OUTLET,CA0105,034,16.385,ZCTA_NN;R6371;TIE_FIRST_LEX,ZCTA_NN_HAVERSINE;NOT_ELIGIBILITY;NOT_USPS_VALIDITY;NO_INVENTORY
95220,ZCTA_NEAREST_ACTIVE_OUTLET,CA0105,012,7.743,ZCTA_NN;R6371;TIE_FIRST_LEX,ZCTA_NN_HAVERSINE;NOT_ELIGIBILITY;NOT_USPS_VALIDITY;NO_INVENTORY
95221,ZCTA_NEAREST_ACTIVE_OUTLET,CA0018,003,2.182,ZCTA_NN;R6371;TIE_FIRST_LEX,ZCTA_NN_HAVERSINE;NOT_ELIGIBILITY;NOT_USPS_VALIDITY;NO_INVENTORY
95222,EXACT_IMLS_OUTLET_ZIP,CA0018,003,,EXACT_OUTLET;TIE_FSCSKEY_SEQ,EXACT_OUTLET;NOT_USPS_VALIDITY;NO_INVENTORY
95223,EXACT_IMLS_OUTLET_ZIP,CA0004,003,,EXACT_OUTLET;TIE_FSCSKEY_SEQ,EXACT_OUTLET;NOT_USPS_VALIDITY;NO_INVENTORY
95224,ZCTA_NEAREST_ACTIVE_OUTLET,CA0018,004,3.625,ZCTA_NN;R6371;TIE_FIRST_LEX,ZCTA_NN_HAVERSINE;NOT_ELIGIBILITY;NOT_USPS_VALIDITY;NO_INVENTORY
95225,ZCTA_NEAREST_ACTIVE_OUTLET,CA0018,006,2.304,ZCTA_NN;R6371;TIE_FIRST_LEX,ZCTA_NN_HAVERSINE;NOT_ELIGIBILITY;NOT_USPS_VALIDITY;NO_INVENTORY
95226,ZCTA_NEAREST_ACTIVE_OUTLET,CA0018,006,5.907,ZCTA_NN;R6371;TIE_FIRST_LEX,ZCTA_NN_HAVERSINE;NOT_ELIGIBILITY;NOT_USPS_VALIDITY;NO_INVENTORY
95227,ZCTA_NEAREST_ACTIVE_OUTLET,CA0006,004,18.914,ZCTA_NN;R6371;TIE_FIRST_LEX,ZCTA_NN_HAVERSINE;NOT_ELIGIBILITY;NOT_USPS_VALIDITY;NO_INVENTORY
95228,EXACT_IMLS_OUTLET_ZIP,CA0018,009,,EXACT_OUTLET;TIE_FSCSKEY_SEQ,EXACT_OUTLET;NOT_USPS_VALIDITY;NO_INVENTORY
95229,OBSERVED_REFERENCE_INDIRECT_ONLY,,,,INDIRECT_IMLS_SC;NO_FABRICATED_NEAREST,INDIRECT_IMLS_SC;NO_FABRICATED_NEAREST;NOT_REJECTED;NOT_USPS_VALIDITY;NO_INVENTORY
95230,ZCTA_NEAREST_ACTIVE_OUTLET,CA0142,005,16.784,ZCTA_NN;R6371;TIE_FIRST_LEX,ZCTA_NN_HAVERSINE;NOT_ELIGIBILITY;NOT_USPS_VALIDITY;NO_INVENTORY
95231,ZCTA_NEAREST_ACTIVE_OUTLET,CA0142,015,2.979,ZCTA_NN;R6371;TIE_FIRST_LEX,ZCTA_NN_HAVERSINE;NOT_ELIGIBILITY;NOT_USPS_VALIDITY;NO_INVENTORY
95232,ZCTA_NEAREST_ACTIVE_OUTLET,CA0018,007,6.171,ZCTA_NN;R6371;TIE_FIRST_LEX,ZCTA_NN_HAVERSINE;NOT_ELIGIBILITY;NOT_USPS_VALIDITY;NO_INVENTORY
95233,ZCTA_NEAREST_ACTIVE_OUTLET,CA0018,004,8.159,ZCTA_NN;R6371;TIE_FIRST_LEX,ZCTA_NN_HAVERSINE;NOT_ELIGIBILITY;NOT_USPS_VALIDITY;NO_INVENTORY
95236,EXACT_IMLS_OUTLET_ZIP,CA0142,005,,EXACT_OUTLET;TIE_FSCSKEY_SEQ,EXACT_OUTLET;NOT_USPS_VALIDITY;NO_INVENTORY
95237,ZCTA_NEAREST_ACTIVE_OUTLET,CA0059,002,11.442,ZCTA_NN;R6371;TIE_FIRST_LEX,ZCTA_NN_HAVERSINE;NOT_ELIGIBILITY;NOT_USPS_VALIDITY;NO_INVENTORY
95240,EXACT_IMLS_OUTLET_ZIP,CA0059,002,,EXACT_OUTLET;TIE_FSCSKEY_SEQ,EXACT_OUTLET;NOT_USPS_VALIDITY;NO_INVENTORY
95241,OBSERVED_REFERENCE_INDIRECT_ONLY,,,,INDIRECT_IMLS_SC;NO_FABRICATED_NEAREST,INDIRECT_IMLS_SC;NO_FABRICATED_NEAREST;NOT_REJECTED;NOT_USPS_VALIDITY;NO_INVENTORY
95242,ZCTA_NEAREST_ACTIVE_OUTLET,CA0059,002,9.530,ZCTA_NN;R6371;TIE_FIRST_LEX,ZCTA_NN_HAVERSINE;NOT_ELIGIBILITY;NOT_USPS_VALIDITY;NO_INVENTORY
95245,EXACT_IMLS_OUTLET_ZIP,CA0018,010,,EXACT_OUTLET;TIE_FSCSKEY_SEQ,EXACT_OUTLET;NOT_USPS_VALIDITY;NO_INVENTORY
95246,ZCTA_NEAREST_ACTIVE_OUTLET,CA0018,004,12.399,ZCTA_NN;R6371;TIE_FIRST_LEX,ZCTA_NN_HAVERSINE;NOT_ELIGIBILITY;NOT_USPS_VALIDITY;NO_INVENTORY
95247,EXACT_IMLS_OUTLET_ZIP,CA0018,008,,EXACT_OUTLET;TIE_FSCSKEY_SEQ,EXACT_OUTLET;NOT_USPS_VALIDITY;NO_INVENTORY
95248,ZCTA_NEAREST_ACTIVE_OUTLET,CA0018,007,10.686,ZCTA_NN;R6371;TIE_FIRST_LEX,ZCTA_NN_HAVERSINE;NOT_ELIGIBILITY;NOT_USPS_VALIDITY;NO_INVENTORY
95249,EXACT_IMLS_OUTLET_ZIP,CA0018,002,,EXACT_OUTLET;TIE_FSCSKEY_SEQ,EXACT_OUTLET;NOT_USPS_VALIDITY;NO_INVENTORY
95251,ZCTA_NEAREST_ACTIVE_OUTLET,CA0018,008,6.321,ZCTA_NN;R6371;TIE_FIRST_LEX,ZCTA_NN_HAVERSINE;NOT_ELIGIBILITY;NOT_USPS_VALIDITY;NO_INVENTORY
95252,EXACT_IMLS_OUTLET_ZIP,CA0018,006,,EXACT_OUTLET;TIE_FSCSKEY_SEQ,EXACT_OUTLET;NOT_USPS_VALIDITY;NO_INVENTORY
95253,ZCTA_NEAREST_ACTIVE_OUTLET,CA0059,002,7.116,ZCTA_NN;R6371;TIE_FIRST_LEX,ZCTA_NN_HAVERSINE;NOT_ELIGIBILITY;NOT_USPS_VALIDITY;NO_INVENTORY
95254,ZCTA_NEAREST_ACTIVE_OUTLET,CA0018,006,11.775,ZCTA_NN;R6371;TIE_FIRST_LEX,ZCTA_NN_HAVERSINE;NOT_ELIGIBILITY;NOT_USPS_VALIDITY;NO_INVENTORY
95255,EXACT_IMLS_OUTLET_ZIP,CA0018,007,,EXACT_OUTLET;TIE_FSCSKEY_SEQ,EXACT_OUTLET;NOT_USPS_VALIDITY;NO_INVENTORY
95257,ZCTA_NEAREST_ACTIVE_OUTLET,CA0018,007,4.350,ZCTA_NN;R6371;TIE_FIRST_LEX,ZCTA_NN_HAVERSINE;NOT_ELIGIBILITY;NOT_USPS_VALIDITY;NO_INVENTORY
95258,ZCTA_NEAREST_ACTIVE_OUTLET,CA0059,002,4.881,ZCTA_NN;R6371;TIE_FIRST_LEX,ZCTA_NN_HAVERSINE;NOT_ELIGIBILITY;NOT_USPS_VALIDITY;NO_INVENTORY
95267,OBSERVED_REFERENCE_INDIRECT_ONLY,,,,INDIRECT_IMLS_SC;NO_FABRICATED_NEAREST,INDIRECT_IMLS_SC;NO_FABRICATED_NEAREST;NOT_REJECTED;NOT_USPS_VALIDITY;NO_INVENTORY
95269,OBSERVED_REFERENCE_INDIRECT_ONLY,,,,INDIRECT_IMLS_SC;NO_FABRICATED_NEAREST,INDIRECT_IMLS_SC;NO_FABRICATED_NEAREST;NOT_REJECTED;NOT_USPS_VALIDITY;NO_INVENTORY
95301,EXACT_IMLS_OUTLET_ZIP,CA0068,004,,EXACT_OUTLET;TIE_FSCSKEY_SEQ,EXACT_OUTLET;NOT_USPS_VALIDITY;NO_INVENTORY
95303,ZCTA_NEAREST_ACTIVE_OUTLET,CA0068,024,10.642,ZCTA_NN;R6371;TIE_FIRST_LEX,ZCTA_NN_HAVERSINE;NOT_ELIGIBILITY;NOT_USPS_VALIDITY;NO_INVENTORY
95304,ZCTA_NEAREST_ACTIVE_OUTLET,CA0142,010,7.975,ZCTA_NN;R6371;TIE_FIRST_LEX,ZCTA_NN_HAVERSINE;NOT_ELIGIBILITY;NOT_USPS_VALIDITY;NO_INVENTORY
95305,ZCTA_NEAREST_ACTIVE_OUTLET,CA0150,003,12.192,ZCTA_NN;R6371;TIE_FIRST_LEX,ZCTA_NN_HAVERSINE;NOT_ELIGIBILITY;NOT_USPS_VALIDITY;NO_INVENTORY
95306,ZCTA_NEAREST_ACTIVE_OUTLET,CA0068,013,19.107,ZCTA_NN;R6371;TIE_FIRST_LEX,ZCTA_NN_HAVERSINE;NOT_ELIGIBILITY;NOT_USPS_VALIDITY;NO_INVENTORY
95307,EXACT_IMLS_OUTLET_ZIP,CA0140,003,,EXACT_OUTLET;TIE_FSCSKEY_SEQ,EXACT_OUTLET;NOT_USPS_VALIDITY;NO_INVENTORY
95309,ZCTA_NEAREST_ACTIVE_OUTLET,CA0150,002,13.510,ZCTA_NN;R6371;TIE_FIRST_LEX,ZCTA_NN_HAVERSINE;NOT_ELIGIBILITY;NOT_USPS_VALIDITY;NO_INVENTORY
95310,ZCTA_NEAREST_ACTIVE_OUTLET,CA0018,008,9.312,ZCTA_NN;R6371;TIE_FIRST_LEX,ZCTA_NN_HAVERSINE;NOT_ELIGIBILITY;NOT_USPS_VALIDITY;NO_INVENTORY
95311,EXACT_IMLS_OUTLET_ZIP,CA0192,004,,EXACT_OUTLET;TIE_FSCSKEY_SEQ,EXACT_OUTLET;NOT_USPS_VALIDITY;NO_INVENTORY
95312,ZCTA_NEAREST_ACTIVE_OUTLET,CA0068,014,7.758,ZCTA_NN;R6371;TIE_FIRST_LEX,ZCTA_NN_HAVERSINE;NOT_ELIGIBILITY;NOT_USPS_VALIDITY;NO_INVENTORY
95313,ZCTA_NEAREST_ACTIVE_OUTLET,CA0140,010,9.313,ZCTA_NN;R6371;TIE_FIRST_LEX,ZCTA_NN_HAVERSINE;NOT_ELIGIBILITY;NOT_USPS_VALIDITY;NO_INVENTORY
95315,EXACT_IMLS_OUTLET_ZIP,CA0068,024,,EXACT_OUTLET;TIE_FSCSKEY_SEQ,EXACT_OUTLET;NOT_USPS_VALIDITY;NO_INVENTORY
95316,EXACT_IMLS_OUTLET_ZIP,CA0140,004,,EXACT_OUTLET;TIE_FSCSKEY_SEQ,EXACT_OUTLET;NOT_USPS_VALIDITY;NO_INVENTORY
95317,ZCTA_NEAREST_ACTIVE_OUTLET,CA0068,008,19.200,ZCTA_NN;R6371;TIE_FIRST_LEX,ZCTA_NN_HAVERSINE;NOT_ELIGIBILITY;NOT_USPS_VALIDITY;NO_INVENTORY
95318,EXACT_IMLS_OUTLET_ZIP,CA0192,003,,EXACT_OUTLET;TIE_FSCSKEY_SEQ,EXACT_OUTLET;NOT_USPS_VALIDITY;NO_INVENTORY
95319,EXACT_IMLS_OUTLET_ZIP,CA0140,005,,EXACT_OUTLET;TIE_FSCSKEY_SEQ,EXACT_OUTLET;NOT_USPS_VALIDITY;NO_INVENTORY
95320,EXACT_IMLS_OUTLET_ZIP,CA0142,003,,EXACT_OUTLET;TIE_FSCSKEY_SEQ,EXACT_OUTLET;NOT_USPS_VALIDITY;NO_INVENTORY
95321,EXACT_IMLS_OUTLET_ZIP,CA0150,003,,EXACT_OUTLET;TIE_FSCSKEY_SEQ,EXACT_OUTLET;NOT_USPS_VALIDITY;NO_INVENTORY
95322,EXACT_IMLS_OUTLET_ZIP,CA0068,011,,EXACT_OUTLET;TIE_FSCSKEY_SEQ,EXACT_OUTLET;NOT_USPS_VALIDITY;NO_INVENTORY
95323,ZCTA_NEAREST_ACTIVE_OUTLET,CA0140,015,9.655,ZCTA_NN;R6371;TIE_FIRST_LEX,ZCTA_NN_HAVERSINE;NOT_ELIGIBILITY;NOT_USPS_VALIDITY;NO_INVENTORY
95324,EXACT_IMLS_OUTLET_ZIP,CA0068,023,,EXACT_OUTLET;TIE_FSCSKEY_SEQ,EXACT_OUTLET;NOT_USPS_VALIDITY;NO_INVENTORY
95325,ZCTA_NEAREST_ACTIVE_OUTLET,CA0068,018,17.538,ZCTA_NN;R6371;TIE_FIRST_LEX,ZCTA_NN_HAVERSINE;NOT_ELIGIBILITY;NOT_USPS_VALIDITY;NO_INVENTORY
95326,EXACT_IMLS_OUTLET_ZIP,CA0140,006,,EXACT_OUTLET;TIE_FSCSKEY_SEQ,EXACT_OUTLET;NOT_USPS_VALIDITY;NO_INVENTORY
95327,ZCTA_NEAREST_ACTIVE_OUTLET,CA0018,009,11.323,ZCTA_NN;R6371;TIE_FIRST_LEX,ZCTA_NN_HAVERSINE;NOT_ELIGIBILITY;NOT_USPS_VALIDITY;NO_INVENTORY
95328,EXACT_IMLS_OUTLET_ZIP,CA0140,007,,EXACT_OUTLET;TIE_FSCSKEY_SEQ,EXACT_OUTLET;NOT_USPS_VALIDITY;NO_INVENTORY
95329,ZCTA_NEAREST_ACTIVE_OUTLET,CA0068,018,17.678,ZCTA_NN;R6371;TIE_FIRST_LEX,ZCTA_NN_HAVERSINE;NOT_ELIGIBILITY;NOT_USPS_VALIDITY;NO_INVENTORY
95330,EXACT_IMLS_OUTLET_ZIP,CA0142,014,,EXACT_OUTLET;TIE_FSCSKEY_SEQ,EXACT_OUTLET;NOT_USPS_VALIDITY;NO_INVENTORY
95333,EXACT_IMLS_OUTLET_ZIP,CA0068,013,,EXACT_OUTLET;TIE_FSCSKEY_SEQ,EXACT_OUTLET;NOT_USPS_VALIDITY;NO_INVENTORY
95334,EXACT_IMLS_OUTLET_ZIP,CA0068,014,,EXACT_OUTLET;TIE_FSCSKEY_SEQ,EXACT_OUTLET;NOT_USPS_VALIDITY;NO_INVENTORY
95335,ZCTA_NEAREST_ACTIVE_OUTLET,CA0150,008,15.003,ZCTA_NN;R6371;TIE_FIRST_LEX,ZCTA_NN_HAVERSINE;NOT_ELIGIBILITY;NOT_USPS_VALIDITY;NO_INVENTORY
95336,EXACT_IMLS_OUTLET_ZIP,CA0142,006,,EXACT_OUTLET;TIE_FSCSKEY_SEQ,EXACT_OUTLET;NOT_USPS_VALIDITY;NO_INVENTORY
95337,ZCTA_NEAREST_ACTIVE_OUTLET,CA0142,006,6.445,ZCTA_NN;R6371;TIE_FIRST_LEX,ZCTA_NN_HAVERSINE;NOT_ELIGIBILITY;NOT_USPS_VALIDITY;NO_INVENTORY
95338,EXACT_IMLS_OUTLET_ZIP,CA0192,002,,EXACT_OUTLET;TIE_FSCSKEY_SEQ,EXACT_OUTLET;NOT_USPS_VALIDITY;NO_INVENTORY
95340,EXACT_IMLS_OUTLET_ZIP,CA0068,002,,EXACT_OUTLET;TIE_FSCSKEY_SEQ,EXACT_OUTLET;NOT_USPS_VALIDITY;NO_INVENTORY
95341,ZCTA_NEAREST_ACTIVE_OUTLET,CA0068,002,8.574,ZCTA_NN;R6371;TIE_FIRST_LEX,ZCTA_NN_HAVERSINE;NOT_ELIGIBILITY;NOT_USPS_VALIDITY;NO_INVENTORY
95344,OBSERVED_REFERENCE_INDIRECT_ONLY,,,,INDIRECT_IMLS_SC;NO_FABRICATED_NEAREST,INDIRECT_IMLS_SC;NO_FABRICATED_NEAREST;NOT_REJECTED;NOT_USPS_VALIDITY;NO_INVENTORY
95345,ZCTA_NEAREST_ACTIVE_OUTLET,CA0192,002,11.320,ZCTA_NN;R6371;TIE_FIRST_LEX,ZCTA_NN_HAVERSINE;NOT_ELIGIBILITY;NOT_USPS_VALIDITY;NO_INVENTORY
95346,ZCTA_NEAREST_ACTIVE_OUTLET,CA0150,008,5.744,ZCTA_NN;R6371;TIE_FIRST_LEX,ZCTA_NN_HAVERSINE;NOT_ELIGIBILITY;NOT_USPS_VALIDITY;NO_INVENTORY
95348,ZCTA_NEAREST_ACTIVE_OUTLET,CA0068,004,12.227,ZCTA_NN;R6371;TIE_FIRST_LEX,ZCTA_NN_HAVERSINE;NOT_ELIGIBILITY;NOT_USPS_VALIDITY;NO_INVENTORY
95350,ZCTA_NEAREST_ACTIVE_OUTLET,CA0261,001,3.187,ZCTA_NN;R6371;TIE_FIRST_LEX,ZCTA_NN_HAVERSINE;NOT_ELIGIBILITY;NOT_USPS_VALIDITY;NO_INVENTORY
95351,ZCTA_NEAREST_ACTIVE_OUTLET,CA0140,002,2.180,ZCTA_NN;R6371;TIE_FIRST_LEX,ZCTA_NN_HAVERSINE;NOT_ELIGIBILITY;NOT_USPS_VALIDITY;NO_INVENTORY
95352,OBSERVED_REFERENCE_INDIRECT_ONLY,,,,INDIRECT_IMLS_SC;NO_FABRICATED_NEAREST,INDIRECT_IMLS_SC;NO_FABRICATED_NEAREST;NOT_REJECTED;NOT_USPS_VALIDITY;NO_INVENTORY
95353,OBSERVED_REFERENCE_INDIRECT_ONLY,,,,INDIRECT_IMLS_SC;NO_FABRICATED_NEAREST,INDIRECT_IMLS_SC;NO_FABRICATED_NEAREST;NOT_REJECTED;NOT_USPS_VALIDITY;NO_INVENTORY
95354,EXACT_IMLS_OUTLET_ZIP,CA0140,002,,EXACT_OUTLET;TIE_FSCSKEY_SEQ,EXACT_OUTLET;NOT_USPS_VALIDITY;NO_INVENTORY
95355,ZCTA_NEAREST_ACTIVE_OUTLET,CA0140,002,5.284,ZCTA_NN;R6371;TIE_FIRST_LEX,ZCTA_NN_HAVERSINE;NOT_ELIGIBILITY;NOT_USPS_VALIDITY;NO_INVENTORY
95356,ZCTA_NEAREST_ACTIVE_OUTLET,CA0140,012,4.143,ZCTA_NN;R6371;TIE_FIRST_LEX,ZCTA_NN_HAVERSINE;NOT_ELIGIBILITY;NOT_USPS_VALIDITY;NO_INVENTORY
95357,ZCTA_NEAREST_ACTIVE_OUTLET,CA0140,005,3.679,ZCTA_NN;R6371;TIE_FIRST_LEX,ZCTA_NN_HAVERSINE;NOT_ELIGIBILITY;NOT_USPS_VALIDITY;NO_INVENTORY
95358,ZCTA_NEAREST_ACTIVE_OUTLET,CA0261,001,10.242,ZCTA_NN;R6371;TIE_FIRST_LEX,ZCTA_NN_HAVERSINE;NOT_ELIGIBILITY;NOT_USPS_VALIDITY;NO_INVENTORY
95360,EXACT_IMLS_OUTLET_ZIP,CA0140,008,,EXACT_OUTLET;TIE_FSCSKEY_SEQ,EXACT_OUTLET;NOT_USPS_VALIDITY;NO_INVENTORY
95361,EXACT_IMLS_OUTLET_ZIP,CA0140,009,,EXACT_OUTLET;TIE_FSCSKEY_SEQ,EXACT_OUTLET;NOT_USPS_VALIDITY;NO_INVENTORY
95363,EXACT_IMLS_OUTLET_ZIP,CA0140,010,,EXACT_OUTLET;TIE_FSCSKEY_SEQ,EXACT_OUTLET;NOT_USPS_VALIDITY;NO_INVENTORY
95364,ZCTA_NEAREST_ACTIVE_OUTLET,CA0004,003,36.232,ZCTA_NN;R6371;TIE_FIRST_LEX,ZCTA_NN_HAVERSINE;NOT_ELIGIBILITY;NOT_USPS_VALIDITY;NO_INVENTORY
95365,ZCTA_NEAREST_ACTIVE_OUTLET,CA0068,013,10.616,ZCTA_NN;R6371;TIE_FIRST_LEX,ZCTA_NN_HAVERSINE;NOT_ELIGIBILITY;NOT_USPS_VALIDITY;NO_INVENTORY
95366,EXACT_IMLS_OUTLET_ZIP,CA0142,007,,EXACT_OUTLET;TIE_FSCSKEY_SEQ,EXACT_OUTLET;NOT_USPS_VALIDITY;NO_INVENTORY
95367,EXACT_IMLS_OUTLET_ZIP,CA0140,011,,EXACT_OUTLET;TIE_FSCSKEY_SEQ,EXACT_OUTLET;NOT_USPS_VALIDITY;NO_INVENTORY
95368,EXACT_IMLS_OUTLET_ZIP,CA0140,012,,EXACT_OUTLET;TIE_FSCSKEY_SEQ,EXACT_OUTLET;NOT_USPS_VALIDITY;NO_INVENTORY
95369,EXACT_IMLS_OUTLET_ZIP,CA0068,018,,EXACT_OUTLET;TIE_FSCSKEY_SEQ,EXACT_OUTLET;NOT_USPS_VALIDITY;NO_INVENTORY
95370,EXACT_IMLS_OUTLET_ZIP,CA0150,002,,EXACT_OUTLET;TIE_FSCSKEY_SEQ,EXACT_OUTLET;NOT_USPS_VALIDITY;NO_INVENTORY
95372,ZCTA_NEAREST_ACTIVE_OUTLET,CA0150,008,4.309,ZCTA_NN;R6371;TIE_FIRST_LEX,ZCTA_NN_HAVERSINE;NOT_ELIGIBILITY;NOT_USPS_VALIDITY;NO_INVENTORY
95374,ZCTA_NEAREST_ACTIVE_OUTLET,CA0068,023,9.626,ZCTA_NN;R6371;TIE_FIRST_LEX,ZCTA_NN_HAVERSINE;NOT_ELIGIBILITY;NOT_USPS_VALIDITY;NO_INVENTORY
95375,ZCTA_NEAREST_ACTIVE_OUTLET,CA0004,003,27.523,ZCTA_NN;R6371;TIE_FIRST_LEX,ZCTA_NN_HAVERSINE;NOT_ELIGIBILITY;NOT_USPS_VALIDITY;NO_INVENTORY
95376,EXACT_IMLS_OUTLET_ZIP,CA0142,010,,EXACT_OUTLET;TIE_FSCSKEY_SEQ,EXACT_OUTLET;NOT_USPS_VALIDITY;NO_INVENTORY
95377,ZCTA_NEAREST_ACTIVE_OUTLET,CA0142,010,11.161,ZCTA_NN;R6371;TIE_FIRST_LEX,ZCTA_NN_HAVERSINE;NOT_ELIGIBILITY;NOT_USPS_VALIDITY;NO_INVENTORY
95378,OBSERVED_REFERENCE_INDIRECT_ONLY,,,,INDIRECT_IMLS_SC;NO_FABRICATED_NEAREST,INDIRECT_IMLS_SC;NO_FABRICATED_NEAREST;NOT_REJECTED;NOT_USPS_VALIDITY;NO_INVENTORY
95379,EXACT_IMLS_OUTLET_ZIP,CA0150,007,,EXACT_OUTLET;TIE_FSCSKEY_SEQ,EXACT_OUTLET;NOT_USPS_VALIDITY;NO_INVENTORY
95380,EXACT_IMLS_OUTLET_ZIP,CA0140,013,,EXACT_OUTLET;TIE_FSCSKEY_SEQ,EXACT_OUTLET;NOT_USPS_VALIDITY;NO_INVENTORY
95381,OBSERVED_REFERENCE_INDIRECT_ONLY,,,,INDIRECT_IMLS_SC;NO_FABRICATED_NEAREST,INDIRECT_IMLS_SC;NO_FABRICATED_NEAREST;NOT_REJECTED;NOT_USPS_VALIDITY;NO_INVENTORY
95382,ZCTA_NEAREST_ACTIVE_OUTLET,CA0140,013,3.465,ZCTA_NN;R6371;TIE_FIRST_LEX,ZCTA_NN_HAVERSINE;NOT_ELIGIBILITY;NOT_USPS_VALIDITY;NO_INVENTORY
95383,EXACT_IMLS_OUTLET_ZIP,CA0150,008,,EXACT_OUTLET;TIE_FSCSKEY_SEQ,EXACT_OUTLET;NOT_USPS_VALIDITY;NO_INVENTORY
95385,ZCTA_NEAREST_ACTIVE_OUTLET,CA0142,007,17.973,ZCTA_NN;R6371;TIE_FIRST_LEX,ZCTA_NN_HAVERSINE;NOT_ELIGIBILITY;NOT_USPS_VALIDITY;NO_INVENTORY
95386,EXACT_IMLS_OUTLET_ZIP,CA0140,015,,EXACT_OUTLET;TIE_FSCSKEY_SEQ,EXACT_OUTLET;NOT_USPS_VALIDITY;NO_INVENTORY
95387,ZCTA_NEAREST_ACTIVE_OUTLET,CA0140,010,13.537,ZCTA_NN;R6371;TIE_FIRST_LEX,ZCTA_NN_HAVERSINE;NOT_ELIGIBILITY;NOT_USPS_VALIDITY;NO_INVENTORY
95388,ZCTA_NEAREST_ACTIVE_OUTLET,CA0068,004,7.847,ZCTA_NN;R6371;TIE_FIRST_LEX,ZCTA_NN_HAVERSINE;NOT_ELIGIBILITY;NOT_USPS_VALIDITY;NO_INVENTORY
95389,EXACT_IMLS_OUTLET_ZIP,CA0192,005,,EXACT_OUTLET;TIE_FSCSKEY_SEQ,EXACT_OUTLET;NOT_USPS_VALIDITY;NO_INVENTORY
95391,EXACT_IMLS_OUTLET_ZIP,CA0142,020,,EXACT_OUTLET;TIE_FSCSKEY_SEQ,EXACT_OUTLET;NOT_USPS_VALIDITY;NO_INVENTORY
95401,EXACT_IMLS_OUTLET_ZIP,CA0137,012,,EXACT_OUTLET;TIE_FSCSKEY_SEQ,EXACT_OUTLET;NOT_USPS_VALIDITY;NO_INVENTORY
95402,OBSERVED_REFERENCE_INDIRECT_ONLY,,,,INDIRECT_IMLS_SC;NO_FABRICATED_NEAREST,INDIRECT_IMLS_SC;NO_FABRICATED_NEAREST;NOT_REJECTED;NOT_USPS_VALIDITY;NO_INVENTORY
95403,EXACT_IMLS_OUTLET_ZIP,CA0260,001,,EXACT_OUTLET;TIE_FSCSKEY_SEQ,EXACT_OUTLET;NOT_USPS_VALIDITY;NO_INVENTORY
95404,EXACT_IMLS_OUTLET_ZIP,CA0137,002,,EXACT_OUTLET;TIE_FSCSKEY_SEQ,EXACT_OUTLET;NOT_USPS_VALIDITY;NO_INVENTORY
95405,ZCTA_NEAREST_ACTIVE_OUTLET,CA0137,002,3.641,ZCTA_NN;R6371;TIE_FIRST_LEX,ZCTA_NN_HAVERSINE;NOT_ELIGIBILITY;NOT_USPS_VALIDITY;NO_INVENTORY
95406,OBSERVED_REFERENCE_INDIRECT_ONLY,,,,INDIRECT_IMLS_SC;NO_FABRICATED_NEAREST,INDIRECT_IMLS_SC;NO_FABRICATED_NEAREST;NOT_REJECTED;NOT_USPS_VALIDITY;NO_INVENTORY
95407,EXACT_IMLS_OUTLET_ZIP,CA0137,020,,EXACT_OUTLET;TIE_FSCSKEY_SEQ,EXACT_OUTLET;NOT_USPS_VALIDITY;NO_INVENTORY
95409,EXACT_IMLS_OUTLET_ZIP,CA0137,016,,EXACT_OUTLET;TIE_FSCSKEY_SEQ,EXACT_OUTLET;NOT_USPS_VALIDITY;NO_INVENTORY
95410,ZCTA_NEAREST_ACTIVE_OUTLET,CA0066,003,24.982,ZCTA_NN;R6371;TIE_FIRST_LEX,ZCTA_NN_HAVERSINE;NOT_ELIGIBILITY;NOT_USPS_VALIDITY;NO_INVENTORY
95412,ZCTA_NEAREST_ACTIVE_OUTLET,CA0137,003,27.684,ZCTA_NN;R6371;TIE_FIRST_LEX,ZCTA_NN_HAVERSINE;NOT_ELIGIBILITY;NOT_USPS_VALIDITY;NO_INVENTORY
95415,ZCTA_NEAREST_ACTIVE_OUTLET,CA0234,001,19.968,ZCTA_NN;R6371;TIE_FIRST_LEX,ZCTA_NN_HAVERSINE;NOT_ELIGIBILITY;NOT_USPS_VALIDITY;NO_INVENTORY
95416,OBSERVED_REFERENCE_INDIRECT_ONLY,,,,INDIRECT_IMLS_SC;NO_FABRICATED_NEAREST,INDIRECT_IMLS_SC;NO_FABRICATED_NEAREST;NOT_REJECTED;NOT_USPS_VALIDITY;NO_INVENTORY
95417,ZCTA_NEAREST_ACTIVE_OUTLET,CA0066,008,14.320,ZCTA_NN;R6371;TIE_FIRST_LEX,ZCTA_NN_HAVERSINE;NOT_ELIGIBILITY;NOT_USPS_VALIDITY;NO_INVENTORY
95418,OBSERVED_REFERENCE_INDIRECT_ONLY,,,,INDIRECT_IMLS_SC;NO_FABRICATED_NEAREST,INDIRECT_IMLS_SC;NO_FABRICATED_NEAREST;NOT_REJECTED;NOT_USPS_VALIDITY;NO_INVENTORY
95419,ZCTA_NEAREST_ACTIVE_OUTLET,CA0137,009,2.096,ZCTA_NN;R6371;TIE_FIRST_LEX,ZCTA_NN_HAVERSINE;NOT_ELIGIBILITY;NOT_USPS_VALIDITY;NO_INVENTORY
95420,ZCTA_NEAREST_ACTIVE_OUTLET,CA0066,003,10.044,ZCTA_NN;R6371;TIE_FIRST_LEX,ZCTA_NN_HAVERSINE;NOT_ELIGIBILITY;NOT_USPS_VALIDITY;NO_INVENTORY
95421,ZCTA_NEAREST_ACTIVE_OUTLET,CA0137,006,18.379,ZCTA_NN;R6371;TIE_FIRST_LEX,ZCTA_NN_HAVERSINE;NOT_ELIGIBILITY;NOT_USPS_VALIDITY;NO_INVENTORY
95422,EXACT_IMLS_OUTLET_ZIP,CA0054,003,,EXACT_OUTLET;TIE_FSCSKEY_SEQ,EXACT_OUTLET;NOT_USPS_VALIDITY;NO_INVENTORY
95423,ZCTA_NEAREST_ACTIVE_OUTLET,CA0054,003,11.339,ZCTA_NN;R6371;TIE_FIRST_LEX,ZCTA_NN_HAVERSINE;NOT_ELIGIBILITY;NOT_USPS_VALIDITY;NO_INVENTORY
95425,EXACT_IMLS_OUTLET_ZIP,CA0137,003,,EXACT_OUTLET;TIE_FSCSKEY_SEQ,EXACT_OUTLET;NOT_USPS_VALIDITY;NO_INVENTORY
95426,ZCTA_NEAREST_ACTIVE_OUTLET,CA0054,004,13.701,ZCTA_NN;R6371;TIE_FIRST_LEX,ZCTA_NN_HAVERSINE;NOT_ELIGIBILITY;NOT_USPS_VALIDITY;NO_INVENTORY
95427,ZCTA_NEAREST_ACTIVE_OUTLET,CA0066,004,26.129,ZCTA_NN;R6371;TIE_FIRST_LEX,ZCTA_NN_HAVERSINE;NOT_ELIGIBILITY;NOT_USPS_VALIDITY;NO_INVENTORY
95428,EXACT_IMLS_OUTLET_ZIP,CA0066,005,,EXACT_OUTLET;TIE_FSCSKEY_SEQ,EXACT_OUTLET;NOT_USPS_VALIDITY;NO_INVENTORY
95429,ZCTA_NEAREST_ACTIVE_OUTLET,CA0066,005,10.227,ZCTA_NN;R6371;TIE_FIRST_LEX,ZCTA_NN_HAVERSINE;NOT_ELIGIBILITY;NOT_USPS_VALIDITY;NO_INVENTORY
95430,ZCTA_NEAREST_ACTIVE_OUTLET,CA0137,006,6.392,ZCTA_NN;R6371;TIE_FIRST_LEX,ZCTA_NN_HAVERSINE;NOT_ELIGIBILITY;NOT_USPS_VALIDITY;NO_INVENTORY
95431,ZCTA_NEAREST_ACTIVE_OUTLET,CA0137,014,7.263,ZCTA_NN;R6371;TIE_FIRST_LEX,ZCTA_NN_HAVERSINE;NOT_ELIGIBILITY;NOT_USPS_VALIDITY;NO_INVENTORY
95432,ZCTA_NEAREST_ACTIVE_OUTLET,CA0066,007,22.498,ZCTA_NN;R6371;TIE_FIRST_LEX,ZCTA_NN_HAVERSINE;NOT_ELIGIBILITY;NOT_USPS_VALIDITY;NO_INVENTORY
95435,ZCTA_NEAREST_ACTIVE_OUTLET,CA0228,001,5.738,ZCTA_NN;R6371;TIE_FIRST_LEX,ZCTA_NN_HAVERSINE;NOT_ELIGIBILITY;NOT_USPS_VALIDITY;NO_INVENTORY
95436,EXACT_IMLS_OUTLET_ZIP,CA0137,004,,EXACT_OUTLET;TIE_FSCSKEY_SEQ,EXACT_OUTLET;NOT_USPS_VALIDITY;NO_INVENTORY
95437,EXACT_IMLS_OUTLET_ZIP,CA0066,003,,EXACT_OUTLET;TIE_FSCSKEY_SEQ,EXACT_OUTLET;NOT_USPS_VALIDITY;NO_INVENTORY
95439,ZCTA_NEAREST_ACTIVE_OUTLET,CA0137,012,5.243,ZCTA_NN;R6371;TIE_FIRST_LEX,ZCTA_NN_HAVERSINE;NOT_ELIGIBILITY;NOT_USPS_VALIDITY;NO_INVENTORY
95441,ZCTA_NEAREST_ACTIVE_OUTLET,CA0137,003,9.999,ZCTA_NN;R6371;TIE_FIRST_LEX,ZCTA_NN_HAVERSINE;NOT_ELIGIBILITY;NOT_USPS_VALIDITY;NO_INVENTORY
95442,ZCTA_NEAREST_ACTIVE_OUTLET,CA0137,014,9.899,ZCTA_NN;R6371;TIE_FIRST_LEX,ZCTA_NN_HAVERSINE;NOT_ELIGIBILITY;NOT_USPS_VALIDITY;NO_INVENTORY
95443,ZCTA_NEAREST_ACTIVE_OUTLET,CA0054,003,13.103,ZCTA_NN;R6371;TIE_FIRST_LEX,ZCTA_NN_HAVERSINE;NOT_ELIGIBILITY;NOT_USPS_VALIDITY;NO_INVENTORY
95444,ZCTA_NEAREST_ACTIVE_OUTLET,CA0137,013,5.136,ZCTA_NN;R6371;TIE_FIRST_LEX,ZCTA_NN_HAVERSINE;NOT_ELIGIBILITY;NOT_USPS_VALIDITY;NO_INVENTORY
95445,ZCTA_NEAREST_ACTIVE_OUTLET,CA0066,007,20.870,ZCTA_NN;R6371;TIE_FIRST_LEX,ZCTA_NN_HAVERSINE;NOT_ELIGIBILITY;NOT_USPS_VALIDITY;NO_INVENTORY
95446,EXACT_IMLS_OUTLET_ZIP,CA0137,006,,EXACT_OUTLET;TIE_FSCSKEY_SEQ,EXACT_OUTLET;NOT_USPS_VALIDITY;NO_INVENTORY
95448,EXACT_IMLS_OUTLET_ZIP,CA0137,007,,EXACT_OUTLET;TIE_FSCSKEY_SEQ,EXACT_OUTLET;NOT_USPS_VALIDITY;NO_INVENTORY
95449,ZCTA_NEAREST_ACTIVE_OUTLET,CA0137,003,16.593,ZCTA_NN;R6371;TIE_FIRST_LEX,ZCTA_NN_HAVERSINE;NOT_ELIGIBILITY;NOT_USPS_VALIDITY;NO_INVENTORY
95450,ZCTA_NEAREST_ACTIVE_OUTLET,CA0137,006,18.326,ZCTA_NN;R6371;TIE_FIRST_LEX,ZCTA_NN_HAVERSINE;NOT_ELIGIBILITY;NOT_USPS_VALIDITY;NO_INVENTORY
95451,ZCTA_NEAREST_ACTIVE_OUTLET,CA0054,003,14.276,ZCTA_NN;R6371;TIE_FIRST_LEX,ZCTA_NN_HAVERSINE;NOT_ELIGIBILITY;NOT_USPS_VALIDITY;NO_INVENTORY
95452,ZCTA_NEAREST_ACTIVE_OUTLET,CA0141,002,10.441,ZCTA_NN;R6371;TIE_FIRST_LEX,ZCTA_NN_HAVERSINE;NOT_ELIGIBILITY;NOT_USPS_VALIDITY;NO_INVENTORY
95453,EXACT_IMLS_OUTLET_ZIP,CA0054,002,,EXACT_OUTLET;TIE_FSCSKEY_SEQ,EXACT_OUTLET;NOT_USPS_VALIDITY;NO_INVENTORY
95454,EXACT_IMLS_OUTLET_ZIP,CA0066,008,,EXACT_OUTLET;TIE_FSCSKEY_SEQ,EXACT_OUTLET;NOT_USPS_VALIDITY;NO_INVENTORY
95456,ZCTA_NEAREST_ACTIVE_OUTLET,CA0066,003,21.584,ZCTA_NN;R6371;TIE_FIRST_LEX,ZCTA_NN_HAVERSINE;NOT_ELIGIBILITY;NOT_USPS_VALIDITY;NO_INVENTORY
95457,ZCTA_NEAREST_ACTIVE_OUTLET,CA0054,003,8.681,ZCTA_NN;R6371;TIE_FIRST_LEX,ZCTA_NN_HAVERSINE;NOT_ELIGIBILITY;NOT_USPS_VALIDITY;NO_INVENTORY
95458,ZCTA_NEAREST_ACTIVE_OUTLET,CA0054,005,13.062,ZCTA_NN;R6371;TIE_FIRST_LEX,ZCTA_NN_HAVERSINE;NOT_ELIGIBILITY;NOT_USPS_VALIDITY;NO_INVENTORY
95459,ZCTA_NEAREST_ACTIVE_OUTLET,CA0066,007,10.595,ZCTA_NN;R6371;TIE_FIRST_LEX,ZCTA_NN_HAVERSINE;NOT_ELIGIBILITY;NOT_USPS_VALIDITY;NO_INVENTORY
95460,ZCTA_NEAREST_ACTIVE_OUTLET,CA0066,003,16.316,ZCTA_NN;R6371;TIE_FIRST_LEX,ZCTA_NN_HAVERSINE;NOT_ELIGIBILITY;NOT_USPS_VALIDITY;NO_INVENTORY
95461,EXACT_IMLS_OUTLET_ZIP,CA0054,004,,EXACT_OUTLET;TIE_FSCSKEY_SEQ,EXACT_OUTLET;NOT_USPS_VALIDITY;NO_INVENTORY
95462,ZCTA_NEAREST_ACTIVE_OUTLET,CA0137,006,3.977,ZCTA_NN;R6371;TIE_FIRST_LEX,ZCTA_NN_HAVERSINE;NOT_ELIGIBILITY;NOT_USPS_VALIDITY;NO_INVENTORY
95463,ZCTA_NEAREST_ACTIVE_OUTLET,CA0066,004,31.978,ZCTA_NN;R6371;TIE_FIRST_LEX,ZCTA_NN_HAVERSINE;NOT_ELIGIBILITY;NOT_USPS_VALIDITY;NO_INVENTORY
95464,ZCTA_NEAREST_ACTIVE_OUTLET,CA0054,005,6.999,ZCTA_NN;R6371;TIE_FIRST_LEX,ZCTA_NN_HAVERSINE;NOT_ELIGIBILITY;NOT_USPS_VALIDITY;NO_INVENTORY
95465,EXACT_IMLS_OUTLET_ZIP,CA0137,009,,EXACT_OUTLET;TIE_FSCSKEY_SEQ,EXACT_OUTLET;NOT_USPS_VALIDITY;NO_INVENTORY
95466,ZCTA_NEAREST_ACTIVE_OUTLET,CA0066,007,22.626,ZCTA_NN;R6371;TIE_FIRST_LEX,ZCTA_NN_HAVERSINE;NOT_ELIGIBILITY;NOT_USPS_VALIDITY;NO_INVENTORY
95467,ZCTA_NEAREST_ACTIVE_OUTLET,CA0054,004,9.089,ZCTA_NN;R6371;TIE_FIRST_LEX,ZCTA_NN_HAVERSINE;NOT_ELIGIBILITY;NOT_USPS_VALIDITY;NO_INVENTORY
95468,EXACT_IMLS_OUTLET_ZIP,CA0066,007,,EXACT_OUTLET;TIE_FSCSKEY_SEQ,EXACT_OUTLET;NOT_USPS_VALIDITY;NO_INVENTORY
95469,ZCTA_NEAREST_ACTIVE_OUTLET,CA0066,004,23.314,ZCTA_NN;R6371;TIE_FIRST_LEX,ZCTA_NN_HAVERSINE;NOT_ELIGIBILITY;NOT_USPS_VALIDITY;NO_INVENTORY
95470,ZCTA_NEAREST_ACTIVE_OUTLET,CA0066,004,15.577,ZCTA_NN;R6371;TIE_FIRST_LEX,ZCTA_NN_HAVERSINE;NOT_ELIGIBILITY;NOT_USPS_VALIDITY;NO_INVENTORY
95471,ZCTA_NEAREST_ACTIVE_OUTLET,CA0137,006,3.787,ZCTA_NN;R6371;TIE_FIRST_LEX,ZCTA_NN_HAVERSINE;NOT_ELIGIBILITY;NOT_USPS_VALIDITY;NO_INVENTORY
95472,EXACT_IMLS_OUTLET_ZIP,CA0137,013,,EXACT_OUTLET;TIE_FSCSKEY_SEQ,EXACT_OUTLET;NOT_USPS_VALIDITY;NO_INVENTORY
95473,OBSERVED_REFERENCE_INDIRECT_ONLY,,,,INDIRECT_IMLS_SC;NO_FABRICATED_NEAREST,INDIRECT_IMLS_SC;NO_FABRICATED_NEAREST;NOT_REJECTED;NOT_USPS_VALIDITY;NO_INVENTORY
95476,EXACT_IMLS_OUTLET_ZIP,CA0137,014,,EXACT_OUTLET;TIE_FSCSKEY_SEQ,EXACT_OUTLET;NOT_USPS_VALIDITY;NO_INVENTORY
95480,ZCTA_NEAREST_ACTIVE_OUTLET,CA0137,003,33.217,ZCTA_NN;R6371;TIE_FIRST_LEX,ZCTA_NN_HAVERSINE;NOT_ELIGIBILITY;NOT_USPS_VALIDITY;NO_INVENTORY
95482,EXACT_IMLS_OUTLET_ZIP,CA0066,002,,EXACT_OUTLET;TIE_FSCSKEY_SEQ,EXACT_OUTLET;NOT_USPS_VALIDITY;NO_INVENTORY
95485,EXACT_IMLS_OUTLET_ZIP,CA0054,005,,EXACT_OUTLET;TIE_FSCSKEY_SEQ,EXACT_OUTLET;NOT_USPS_VALIDITY;NO_INVENTORY
95486,ZCTA_NEAREST_ACTIVE_OUTLET,CA0137,006,4.032,ZCTA_NN;R6371;TIE_FIRST_LEX,ZCTA_NN_HAVERSINE;NOT_ELIGIBILITY;NOT_USPS_VALIDITY;NO_INVENTORY
95488,ZCTA_NEAREST_ACTIVE_OUTLET,CA0066,008,26.560,ZCTA_NN;R6371;TIE_FIRST_LEX,ZCTA_NN_HAVERSINE;NOT_ELIGIBILITY;NOT_USPS_VALIDITY;NO_INVENTORY
95490,EXACT_IMLS_OUTLET_ZIP,CA0066,004,,EXACT_OUTLET;TIE_FSCSKEY_SEQ,EXACT_OUTLET;NOT_USPS_VALIDITY;NO_INVENTORY
95492,EXACT_IMLS_OUTLET_ZIP,CA0137,017,,EXACT_OUTLET;TIE_FSCSKEY_SEQ,EXACT_OUTLET;NOT_USPS_VALIDITY;NO_INVENTORY
95493,ZCTA_NEAREST_ACTIVE_OUTLET,CA0054,005,9.032,ZCTA_NN;R6371;TIE_FIRST_LEX,ZCTA_NN_HAVERSINE;NOT_ELIGIBILITY;NOT_USPS_VALIDITY;NO_INVENTORY
95494,ZCTA_NEAREST_ACTIVE_OUTLET,CA0137,003,29.650,ZCTA_NN;R6371;TIE_FIRST_LEX,ZCTA_NN_HAVERSINE;NOT_ELIGIBILITY;NOT_USPS_VALIDITY;NO_INVENTORY
95497,ZCTA_NEAREST_ACTIVE_OUTLET,CA0066,007,28.825,ZCTA_NN;R6371;TIE_FIRST_LEX,ZCTA_NN_HAVERSINE;NOT_ELIGIBILITY;NOT_USPS_VALIDITY;NO_INVENTORY
95501,EXACT_IMLS_OUTLET_ZIP,CA0039,002,,EXACT_OUTLET;TIE_FSCSKEY_SEQ,EXACT_OUTLET;NOT_USPS_VALIDITY;NO_INVENTORY
95502,OBSERVED_REFERENCE_INDIRECT_ONLY,,,,INDIRECT_IMLS_SC;NO_FABRICATED_NEAREST,INDIRECT_IMLS_SC;NO_FABRICATED_NEAREST;NOT_REJECTED;NOT_USPS_VALIDITY;NO_INVENTORY
95503,ZCTA_NEAREST_ACTIVE_OUTLET,CA0039,002,8.529,ZCTA_NN;R6371;TIE_FIRST_LEX,ZCTA_NN_HAVERSINE;NOT_ELIGIBILITY;NOT_USPS_VALIDITY;NO_INVENTORY
95511,ZCTA_NEAREST_ACTIVE_OUTLET,CA0039,007,19.080,ZCTA_NN;R6371;TIE_FIRST_LEX,ZCTA_NN_HAVERSINE;NOT_ELIGIBILITY;NOT_USPS_VALIDITY;NO_INVENTORY
95514,ZCTA_NEAREST_ACTIVE_OUTLET,CA0039,007,23.302,ZCTA_NN;R6371;TIE_FIRST_LEX,ZCTA_NN_HAVERSINE;NOT_ELIGIBILITY;NOT_USPS_VALIDITY;NO_INVENTORY
95518,OBSERVED_REFERENCE_INDIRECT_ONLY,,,,INDIRECT_IMLS_SC;NO_FABRICATED_NEAREST,INDIRECT_IMLS_SC;NO_FABRICATED_NEAREST;NOT_REJECTED;NOT_USPS_VALIDITY;NO_INVENTORY
95519,EXACT_IMLS_OUTLET_ZIP,CA0039,009,,EXACT_OUTLET;TIE_FSCSKEY_SEQ,EXACT_OUTLET;NOT_USPS_VALIDITY;NO_INVENTORY
95521,EXACT_IMLS_OUTLET_ZIP,CA0039,003,,EXACT_OUTLET;TIE_FSCSKEY_SEQ,EXACT_OUTLET;NOT_USPS_VALIDITY;NO_INVENTORY
95524,ZCTA_NEAREST_ACTIVE_OUTLET,CA0039,003,5.842,ZCTA_NN;R6371;TIE_FIRST_LEX,ZCTA_NN_HAVERSINE;NOT_ELIGIBILITY;NOT_USPS_VALIDITY;NO_INVENTORY
95525,EXACT_IMLS_OUTLET_ZIP,CA0039,004,,EXACT_OUTLET;TIE_FSCSKEY_SEQ,EXACT_OUTLET;NOT_USPS_VALIDITY;NO_INVENTORY
95526,ZCTA_NEAREST_ACTIVE_OUTLET,CA0039,011,36.590,ZCTA_NN;R6371;TIE_FIRST_LEX,ZCTA_NN_HAVERSINE;NOT_ELIGIBILITY;NOT_USPS_VALIDITY;NO_INVENTORY
95527,ZCTA_NEAREST_ACTIVE_OUTLET,CA0039,010,22.063,ZCTA_NN;R6371;TIE_FIRST_LEX,ZCTA_NN_HAVERSINE;NOT_ELIGIBILITY;NOT_USPS_VALIDITY;NO_INVENTORY
95528,ZCTA_NEAREST_ACTIVE_OUTLET,CA0039,011,14.836,ZCTA_NN;R6371;TIE_FIRST_LEX,ZCTA_NN_HAVERSINE;NOT_ELIGIBILITY;NOT_USPS_VALIDITY;NO_INVENTORY
95531,EXACT_IMLS_OUTLET_ZIP,CA0032,002,,EXACT_OUTLET;TIE_FSCSKEY_SEQ,EXACT_OUTLET;NOT_USPS_VALIDITY;NO_INVENTORY
95536,EXACT_IMLS_OUTLET_ZIP,CA0039,005,,EXACT_OUTLET;TIE_FSCSKEY_SEQ,EXACT_OUTLET;NOT_USPS_VALIDITY;NO_INVENTORY
95537,ZCTA_NEAREST_ACTIVE_OUTLET,CA0223,001,8.650,ZCTA_NN;R6371;TIE_FIRST_LEX,ZCTA_NN_HAVERSINE;NOT_ELIGIBILITY;NOT_USPS_VALIDITY;NO_INVENTORY
95538,ZCTA_NEAREST_ACTIVE_OUTLET,CA0032,005,6.495,ZCTA_NN;R6371;TIE_FIRST_LEX,ZCTA_NN_HAVERSINE;NOT_ELIGIBILITY;NOT_USPS_VALIDITY;NO_INVENTORY
95540,EXACT_IMLS_OUTLET_ZIP,CA0039,006,,EXACT_OUTLET;TIE_FSCSKEY_SEQ,EXACT_OUTLET;NOT_USPS_VALIDITY;NO_INVENTORY
95542,EXACT_IMLS_OUTLET_ZIP,CA0039,007,,EXACT_OUTLET;TIE_FSCSKEY_SEQ,EXACT_OUTLET;NOT_USPS_VALIDITY;NO_INVENTORY
95543,ZCTA_NEAREST_ACTIVE_OUTLET,CA0032,005,28.895,ZCTA_NN;R6371;TIE_FIRST_LEX,ZCTA_NN_HAVERSINE;NOT_ELIGIBILITY;NOT_USPS_VALIDITY;NO_INVENTORY
95545,ZCTA_NEAREST_ACTIVE_OUTLET,CA0039,011,26.501,ZCTA_NN;R6371;TIE_FIRST_LEX,ZCTA_NN_HAVERSINE;NOT_ELIGIBILITY;NOT_USPS_VALIDITY;NO_INVENTORY
95546,EXACT_IMLS_OUTLET_ZIP,CA0039,014,,EXACT_OUTLET;TIE_FSCSKEY_SEQ,EXACT_OUTLET;NOT_USPS_VALIDITY;NO_INVENTORY
95547,ZCTA_NEAREST_ACTIVE_OUTLET,CA0039,006,7.091,ZCTA_NN;R6371;TIE_FIRST_LEX,ZCTA_NN_HAVERSINE;NOT_ELIGIBILITY;NOT_USPS_VALIDITY;NO_INVENTORY
95548,ZCTA_NEAREST_ACTIVE_OUTLET,CA0032,002,20.280,ZCTA_NN;R6371;TIE_FIRST_LEX,ZCTA_NN_HAVERSINE;NOT_ELIGIBILITY;NOT_USPS_VALIDITY;NO_INVENTORY
95549,ZCTA_NEAREST_ACTIVE_OUTLET,CA0039,006,21.928,ZCTA_NN;R6371;TIE_FIRST_LEX,ZCTA_NN_HAVERSINE;NOT_ELIGIBILITY;NOT_USPS_VALIDITY;NO_INVENTORY
95550,ZCTA_NEAREST_ACTIVE_OUTLET,CA0039,004,17.277,ZCTA_NN;R6371;TIE_FIRST_LEX,ZCTA_NN_HAVERSINE;NOT_ELIGIBILITY;NOT_USPS_VALIDITY;NO_INVENTORY
95551,ZCTA_NEAREST_ACTIVE_OUTLET,CA0039,006,10.796,ZCTA_NN;R6371;TIE_FIRST_LEX,ZCTA_NN_HAVERSINE;NOT_ELIGIBILITY;NOT_USPS_VALIDITY;NO_INVENTORY
95552,ZCTA_NEAREST_ACTIVE_OUTLET,CA0147,003,30.043,ZCTA_NN;R6371;TIE_FIRST_LEX,ZCTA_NN_HAVERSINE;NOT_ELIGIBILITY;NOT_USPS_VALIDITY;NO_INVENTORY
95553,ZCTA_NEAREST_ACTIVE_OUTLET,CA0039,007,15.718,ZCTA_NN;R6371;TIE_FIRST_LEX,ZCTA_NN_HAVERSINE;NOT_ELIGIBILITY;NOT_USPS_VALIDITY;NO_INVENTORY
95554,ZCTA_NEAREST_ACTIVE_OUTLET,CA0039,007,21.620,ZCTA_NN;R6371;TIE_FIRST_LEX,ZCTA_NN_HAVERSINE;NOT_ELIGIBILITY;NOT_USPS_VALIDITY;NO_INVENTORY
95555,ZCTA_NEAREST_ACTIVE_OUTLET,CA0039,012,29.943,ZCTA_NN;R6371;TIE_FIRST_LEX,ZCTA_NN_HAVERSINE;NOT_ELIGIBILITY;NOT_USPS_VALIDITY;NO_INVENTORY
95556,ZCTA_NEAREST_ACTIVE_OUTLET,CA0039,014,29.644,ZCTA_NN;R6371;TIE_FIRST_LEX,ZCTA_NN_HAVERSINE;NOT_ELIGIBILITY;NOT_USPS_VALIDITY;NO_INVENTORY
95558,ZCTA_NEAREST_ACTIVE_OUTLET,CA0039,011,22.266,ZCTA_NN;R6371;TIE_FIRST_LEX,ZCTA_NN_HAVERSINE;NOT_ELIGIBILITY;NOT_USPS_VALIDITY;NO_INVENTORY
95559,ZCTA_NEAREST_ACTIVE_OUTLET,CA0039,007,10.480,ZCTA_NN;R6371;TIE_FIRST_LEX,ZCTA_NN_HAVERSINE;NOT_ELIGIBILITY;NOT_USPS_VALIDITY;NO_INVENTORY
95560,ZCTA_NEAREST_ACTIVE_OUTLET,CA0039,007,5.974,ZCTA_NN;R6371;TIE_FIRST_LEX,ZCTA_NN_HAVERSINE;NOT_ELIGIBILITY;NOT_USPS_VALIDITY;NO_INVENTORY
95562,EXACT_IMLS_OUTLET_ZIP,CA0039,011,,EXACT_OUTLET;TIE_FSCSKEY_SEQ,EXACT_OUTLET;NOT_USPS_VALIDITY;NO_INVENTORY
95563,ZCTA_NEAREST_ACTIVE_OUTLET,CA0039,010,7.511,ZCTA_NN;R6371;TIE_FIRST_LEX,ZCTA_NN_HAVERSINE;NOT_ELIGIBILITY;NOT_USPS_VALIDITY;NO_INVENTORY
95564,ZCTA_NEAREST_ACTIVE_OUTLET,CA0223,001,3.537,ZCTA_NN;R6371;TIE_FIRST_LEX,ZCTA_NN_HAVERSINE;NOT_ELIGIBILITY;NOT_USPS_VALIDITY;NO_INVENTORY
95565,ZCTA_NEAREST_ACTIVE_OUTLET,CA0039,011,9.135,ZCTA_NN;R6371;TIE_FIRST_LEX,ZCTA_NN_HAVERSINE;NOT_ELIGIBILITY;NOT_USPS_VALIDITY;NO_INVENTORY
95567,EXACT_IMLS_OUTLET_ZIP,CA0032,005,,EXACT_OUTLET;TIE_FSCSKEY_SEQ,EXACT_OUTLET;NOT_USPS_VALIDITY;NO_INVENTORY
95568,ZCTA_NEAREST_ACTIVE_OUTLET,CA0135,009,49.959,ZCTA_NN;R6371;TIE_FIRST_LEX,ZCTA_NN_HAVERSINE;NOT_ELIGIBILITY;NOT_USPS_VALIDITY;NO_INVENTORY
95569,ZCTA_NEAREST_ACTIVE_OUTLET,CA0039,011,25.742,ZCTA_NN;R6371;TIE_FIRST_LEX,ZCTA_NN_HAVERSINE;NOT_ELIGIBILITY;NOT_USPS_VALIDITY;NO_INVENTORY
95570,EXACT_IMLS_OUTLET_ZIP,CA0039,012,,EXACT_OUTLET;TIE_FSCSKEY_SEQ,EXACT_OUTLET;NOT_USPS_VALIDITY;NO_INVENTORY
95571,ZCTA_NEAREST_ACTIVE_OUTLET,CA0039,011,20.234,ZCTA_NN;R6371;TIE_FIRST_LEX,ZCTA_NN_HAVERSINE;NOT_ELIGIBILITY;NOT_USPS_VALIDITY;NO_INVENTORY
95573,EXACT_IMLS_OUTLET_ZIP,CA0039,010,,EXACT_OUTLET;TIE_FSCSKEY_SEQ,EXACT_OUTLET;NOT_USPS_VALIDITY;NO_INVENTORY
95585,ZCTA_NEAREST_ACTIVE_OUTLET,CA0066,008,24.642,ZCTA_NN;R6371;TIE_FIRST_LEX,ZCTA_NN_HAVERSINE;NOT_ELIGIBILITY;NOT_USPS_VALIDITY;NO_INVENTORY
95587,ZCTA_NEAREST_ACTIVE_OUTLET,CA0039,007,15.082,ZCTA_NN;R6371;TIE_FIRST_LEX,ZCTA_NN_HAVERSINE;NOT_ELIGIBILITY;NOT_USPS_VALIDITY;NO_INVENTORY
95589,ZCTA_NEAREST_ACTIVE_OUTLET,CA0039,007,16.567,ZCTA_NN;R6371;TIE_FIRST_LEX,ZCTA_NN_HAVERSINE;NOT_ELIGIBILITY;NOT_USPS_VALIDITY;NO_INVENTORY
95595,ZCTA_NEAREST_ACTIVE_OUTLET,CA0066,005,33.190,ZCTA_NN;R6371;TIE_FIRST_LEX,ZCTA_NN_HAVERSINE;NOT_ELIGIBILITY;NOT_USPS_VALIDITY;NO_INVENTORY
95601,ZCTA_NEAREST_ACTIVE_OUTLET,CA0006,006,6.445,ZCTA_NN;R6371;TIE_FIRST_LEX,ZCTA_NN_HAVERSINE;NOT_ELIGIBILITY;NOT_USPS_VALIDITY;NO_INVENTORY
95602,ZCTA_NEAREST_ACTIVE_OUTLET,CA0079,009,6.588,ZCTA_NN;R6371;TIE_FIRST_LEX,ZCTA_NN_HAVERSINE;NOT_ELIGIBILITY;NOT_USPS_VALIDITY;NO_INVENTORY
95603,EXACT_IMLS_OUTLET_ZIP,CA0009,002,,EXACT_OUTLET;TIE_FSCSKEY_SEQ,EXACT_OUTLET;NOT_USPS_VALIDITY;NO_INVENTORY
95604,ZCTA_NEAREST_ACTIVE_OUTLET,CA0009,007,3.576,ZCTA_NN;R6371;TIE_FIRST_LEX,ZCTA_NN_HAVERSINE;NOT_ELIGIBILITY;NOT_USPS_VALIDITY;NO_INVENTORY
95605,ZCTA_NEAREST_ACTIVE_OUTLET,CA0157,004,2.069,ZCTA_NN;R6371;TIE_FIRST_LEX,ZCTA_NN_HAVERSINE;NOT_ELIGIBILITY;NOT_USPS_VALIDITY;NO_INVENTORY
95606,ZCTA_NEAREST_ACTIVE_OUTLET,CA0157,006,16.881,ZCTA_NN;R6371;TIE_FIRST_LEX,ZCTA_NN_HAVERSINE;NOT_ELIGIBILITY;NOT_USPS_VALIDITY;NO_INVENTORY
95607,ZCTA_NEAREST_ACTIVE_OUTLET,CA0157,006,18.040,ZCTA_NN;R6371;TIE_FIRST_LEX,ZCTA_NN_HAVERSINE;NOT_ELIGIBILITY;NOT_USPS_VALIDITY;NO_INVENTORY
95608,EXACT_IMLS_OUTLET_ZIP,CA0105,005,,EXACT_OUTLET;TIE_FSCSKEY_SEQ,EXACT_OUTLET;NOT_USPS_VALIDITY;NO_INVENTORY
95609,OBSERVED_REFERENCE_INDIRECT_ONLY,,,,INDIRECT_IMLS_SC;NO_FABRICATED_NEAREST,INDIRECT_IMLS_SC;NO_FABRICATED_NEAREST;NOT_REJECTED;NOT_USPS_VALIDITY;NO_INVENTORY
95610,ZCTA_NEAREST_ACTIVE_OUTLET,CA0105,023,3.216,ZCTA_NN;R6371;TIE_FIRST_LEX,ZCTA_NN_HAVERSINE;NOT_ELIGIBILITY;NOT_USPS_VALIDITY;NO_INVENTORY
95611,OBSERVED_REFERENCE_INDIRECT_ONLY,,,,INDIRECT_IMLS_SC;NO_FABRICATED_NEAREST,INDIRECT_IMLS_SC;NO_FABRICATED_NEAREST;NOT_REJECTED;NOT_USPS_VALIDITY;NO_INVENTORY
95612,EXACT_IMLS_OUTLET_ZIP,CA0157,007,,EXACT_OUTLET;TIE_FSCSKEY_SEQ,EXACT_OUTLET;NOT_USPS_VALIDITY;NO_INVENTORY
95613,ZCTA_NEAREST_ACTIVE_OUTLET,CA0036,002,10.912,ZCTA_NN;R6371;TIE_FIRST_LEX,ZCTA_NN_HAVERSINE;NOT_ELIGIBILITY;NOT_USPS_VALIDITY;NO_INVENTORY
95614,ZCTA_NEAREST_ACTIVE_OUTLET,CA0242,001,8.463,ZCTA_NN;R6371;TIE_FIRST_LEX,ZCTA_NN_HAVERSINE;NOT_ELIGIBILITY;NOT_USPS_VALIDITY;NO_INVENTORY
95615,EXACT_IMLS_OUTLET_ZIP,CA0105,036,,EXACT_OUTLET;TIE_FSCSKEY_SEQ,EXACT_OUTLET;NOT_USPS_VALIDITY;NO_INVENTORY
95616,EXACT_IMLS_OUTLET_ZIP,CA0157,003,,EXACT_OUTLET;TIE_FSCSKEY_SEQ,EXACT_OUTLET;NOT_USPS_VALIDITY;NO_INVENTORY
95617,OBSERVED_REFERENCE_INDIRECT_ONLY,,,,INDIRECT_IMLS_SC;NO_FABRICATED_NEAREST,INDIRECT_IMLS_SC;NO_FABRICATED_NEAREST;NOT_REJECTED;NOT_USPS_VALIDITY;NO_INVENTORY
95618,ZCTA_NEAREST_ACTIVE_OUTLET,CA0157,003,5.117,ZCTA_NN;R6371;TIE_FIRST_LEX,ZCTA_NN_HAVERSINE;NOT_ELIGIBILITY;NOT_USPS_VALIDITY;NO_INVENTORY
95619,ZCTA_NEAREST_ACTIVE_OUTLET,CA0036,002,5.435,ZCTA_NN;R6371;TIE_FIRST_LEX,ZCTA_NN_HAVERSINE;NOT_ELIGIBILITY;NOT_USPS_VALIDITY;NO_INVENTORY
95620,EXACT_IMLS_OUTLET_ZIP,CA0136,018,,EXACT_OUTLET;TIE_FSCSKEY_SEQ,EXACT_OUTLET;NOT_USPS_VALIDITY;NO_INVENTORY
95621,EXACT_IMLS_OUTLET_ZIP,CA0105,023,,EXACT_OUTLET;TIE_FSCSKEY_SEQ,EXACT_OUTLET;NOT_USPS_VALIDITY;NO_INVENTORY
95623,ZCTA_NEAREST_ACTIVE_OUTLET,CA0036,002,10.769,ZCTA_NN;R6371;TIE_FIRST_LEX,ZCTA_NN_HAVERSINE;NOT_ELIGIBILITY;NOT_USPS_VALIDITY;NO_INVENTORY
95624,EXACT_IMLS_OUTLET_ZIP,CA0105,009,,EXACT_OUTLET;TIE_FSCSKEY_SEQ,EXACT_OUTLET;NOT_USPS_VALIDITY;NO_INVENTORY
95625,ZCTA_NEAREST_ACTIVE_OUTLET,CA0136,006,4.695,ZCTA_NN;R6371;TIE_FIRST_LEX,ZCTA_NN_HAVERSINE;NOT_ELIGIBILITY;NOT_USPS_VALIDITY;NO_INVENTORY
95626,ZCTA_NEAREST_ACTIVE_OUTLET,CA0105,021,5.937,ZCTA_NN;R6371;TIE_FIRST_LEX,ZCTA_NN_HAVERSINE;NOT_ELIGIBILITY;NOT_USPS_VALIDITY;NO_INVENTORY
95627,EXACT_IMLS_OUTLET_ZIP,CA0157,006,,EXACT_OUTLET;TIE_FSCSKEY_SEQ,EXACT_OUTLET;NOT_USPS_VALIDITY;NO_INVENTORY
95628,EXACT_IMLS_OUTLET_ZIP,CA0105,010,,EXACT_OUTLET;TIE_FSCSKEY_SEQ,EXACT_OUTLET;NOT_USPS_VALIDITY;NO_INVENTORY
95629,ZCTA_NEAREST_ACTIVE_OUTLET,CA0006,008,11.378,ZCTA_NN;R6371;TIE_FIRST_LEX,ZCTA_NN_HAVERSINE;NOT_ELIGIBILITY;NOT_USPS_VALIDITY;NO_INVENTORY
95630,EXACT_IMLS_OUTLET_ZIP,CA0193,002,,EXACT_OUTLET;TIE_FSCSKEY_SEQ,EXACT_OUTLET;NOT_USPS_VALIDITY;NO_INVENTORY
95631,EXACT_IMLS_OUTLET_ZIP,CA0009,006,,EXACT_OUTLET;TIE_FSCSKEY_SEQ,EXACT_OUTLET;NOT_USPS_VALIDITY;NO_INVENTORY
95632,EXACT_IMLS_OUTLET_ZIP,CA0105,012,,EXACT_OUTLET;TIE_FSCSKEY_SEQ,EXACT_OUTLET;NOT_USPS_VALIDITY;NO_INVENTORY
95633,ZCTA_NEAREST_ACTIVE_OUTLET,CA0036,005,6.508,ZCTA_NN;R6371;TIE_FIRST_LEX,ZCTA_NN_HAVERSINE;NOT_ELIGIBILITY;NOT_USPS_VALIDITY;NO_INVENTORY
95634,EXACT_IMLS_OUTLET_ZIP,CA0036,005,,EXACT_OUTLET;TIE_FSCSKEY_SEQ,EXACT_OUTLET;NOT_USPS_VALIDITY;NO_INVENTORY
95635,ZCTA_NEAREST_ACTIVE_OUTLET,CA0036,005,6.166,ZCTA_NN;R6371;TIE_FIRST_LEX,ZCTA_NN_HAVERSINE;NOT_ELIGIBILITY;NOT_USPS_VALIDITY;NO_INVENTORY
95636,ZCTA_NEAREST_ACTIVE_OUTLET,CA0036,004,18.684,ZCTA_NN;R6371;TIE_FIRST_LEX,ZCTA_NN_HAVERSINE;NOT_ELIGIBILITY;NOT_USPS_VALIDITY;NO_INVENTORY
95637,ZCTA_NEAREST_ACTIVE_OUTLET,CA0026,012,25.900,ZCTA_NN;R6371;TIE_FIRST_LEX,ZCTA_NN_HAVERSINE;NOT_ELIGIBILITY;NOT_USPS_VALIDITY;NO_INVENTORY
95638,ZCTA_NEAREST_ACTIVE_OUTLET,CA0006,004,12.022,ZCTA_NN;R6371;TIE_FIRST_LEX,ZCTA_NN_HAVERSINE;NOT_ELIGIBILITY;NOT_USPS_VALIDITY;NO_INVENTORY
95639,ZCTA_NEAREST_ACTIVE_OUTLET,CA0157,007,2.859,ZCTA_NN;R6371;TIE_FIRST_LEX,ZCTA_NN_HAVERSINE;NOT_ELIGIBILITY;NOT_USPS_VALIDITY;NO_INVENTORY
95640,EXACT_IMLS_OUTLET_ZIP,CA0006,004,,EXACT_OUTLET;TIE_FSCSKEY_SEQ,EXACT_OUTLET;NOT_USPS_VALIDITY;NO_INVENTORY
95641,EXACT_IMLS_OUTLET_ZIP,CA0105,034,,EXACT_OUTLET;TIE_FSCSKEY_SEQ,EXACT_OUTLET;NOT_USPS_VALIDITY;NO_INVENTORY
95642,EXACT_IMLS_OUTLET_ZIP,CA0006,002,,EXACT_OUTLET;TIE_FSCSKEY_SEQ,EXACT_OUTLET;NOT_USPS_VALIDITY;NO_INVENTORY
95645,EXACT_IMLS_OUTLET_ZIP,CA0157,008,,EXACT_OUTLET;TIE_FSCSKEY_SEQ,EXACT_OUTLET;NOT_USPS_VALIDITY;NO_INVENTORY
95646,ZCTA_NEAREST_ACTIVE_OUTLET,CA0004,003,18.600,ZCTA_NN;R6371;TIE_FIRST_LEX,ZCTA_NN_HAVERSINE;NOT_ELIGIBILITY;NOT_USPS_VALIDITY;NO_INVENTORY
95648,EXACT_IMLS_OUTLET_ZIP,CA0057,003,,EXACT_OUTLET;TIE_FSCSKEY_SEQ,EXACT_OUTLET;NOT_USPS_VALIDITY;NO_INVENTORY
95650,EXACT_IMLS_OUTLET_ZIP,CA0270,001,,EXACT_OUTLET;TIE_FSCSKEY_SEQ,EXACT_OUTLET;NOT_USPS_VALIDITY;NO_INVENTORY
95651,ZCTA_NEAREST_ACTIVE_OUTLET,CA0036,005,12.733,ZCTA_NN;R6371;TIE_FIRST_LEX,ZCTA_NN_HAVERSINE;NOT_ELIGIBILITY;NOT_USPS_VALIDITY;NO_INVENTORY
95652,ZCTA_NEAREST_ACTIVE_OUTLET,CA0105,008,4.813,ZCTA_NN;R6371;TIE_FIRST_LEX,ZCTA_NN_HAVERSINE;NOT_ELIGIBILITY;NOT_USPS_VALIDITY;NO_INVENTORY
95653,ZCTA_NEAREST_ACTIVE_OUTLET,CA0157,006,3.362,ZCTA_NN;R6371;TIE_FIRST_LEX,ZCTA_NN_HAVERSINE;NOT_ELIGIBILITY;NOT_USPS_VALIDITY;NO_INVENTORY
95654,OBSERVED_REFERENCE_INDIRECT_ONLY,,,,INDIRECT_IMLS_SC;NO_FABRICATED_NEAREST,INDIRECT_IMLS_SC;NO_FABRICATED_NEAREST;NOT_REJECTED;NOT_USPS_VALIDITY;NO_INVENTORY
95655,ZCTA_NEAREST_ACTIVE_OUTLET,CA0105,020,5.321,ZCTA_NN;R6371;TIE_FIRST_LEX,ZCTA_NN_HAVERSINE;NOT_ELIGIBILITY;NOT_USPS_VALIDITY;NO_INVENTORY
95656,OBSERVED_REFERENCE_INDIRECT_ONLY,,,,INDIRECT_IMLS_SC;NO_FABRICATED_NEAREST,INDIRECT_IMLS_SC;NO_FABRICATED_NEAREST;NOT_REJECTED;NOT_USPS_VALIDITY;NO_INVENTORY
95658,ZCTA_NEAREST_ACTIVE_OUTLET,CA0270,001,7.003,ZCTA_NN;R6371;TIE_FIRST_LEX,ZCTA_NN_HAVERSINE;NOT_ELIGIBILITY;NOT_USPS_VALIDITY;NO_INVENTORY
95659,ZCTA_NEAREST_ACTIVE_OUTLET,CA0157,008,12.855,ZCTA_NN;R6371;TIE_FIRST_LEX,ZCTA_NN_HAVERSINE;NOT_ELIGIBILITY;NOT_USPS_VALIDITY;NO_INVENTORY
95660,ZCTA_NEAREST_ACTIVE_OUTLET,CA0105,017,3.098,ZCTA_NN;R6371;TIE_FIRST_LEX,ZCTA_NN_HAVERSINE;NOT_ELIGIBILITY;NOT_USPS_VALIDITY;NO_INVENTORY
95661,EXACT_IMLS_OUTLET_ZIP,CA0104,003,,EXACT_OUTLET;TIE_FSCSKEY_SEQ,EXACT_OUTLET;NOT_USPS_VALIDITY;NO_INVENTORY
95662,EXACT_IMLS_OUTLET_ZIP,CA0105,019,,EXACT_OUTLET;TIE_FSCSKEY_SEQ,EXACT_OUTLET;NOT_USPS_VALIDITY;NO_INVENTORY
95663,ZCTA_NEAREST_ACTIVE_OUTLET,CA0270,001,4.181,ZCTA_NN;R6371;TIE_FIRST_LEX,ZCTA_NN_HAVERSINE;NOT_ELIGIBILITY;NOT_USPS_VALIDITY;NO_INVENTORY
95664,ZCTA_NEAREST_ACTIVE_OUTLET,CA0242,001,10.801,ZCTA_NN;R6371;TIE_FIRST_LEX,ZCTA_NN_HAVERSINE;NOT_ELIGIBILITY;NOT_USPS_VALIDITY;NO_INVENTORY
95665,EXACT_IMLS_OUTLET_ZIP,CA0006,008,,EXACT_OUTLET;TIE_FSCSKEY_SEQ,EXACT_OUTLET;NOT_USPS_VALIDITY;NO_INVENTORY
95666,EXACT_IMLS_OUTLET_ZIP,CA0006,005,,EXACT_OUTLET;TIE_FSCSKEY_SEQ,EXACT_OUTLET;NOT_USPS_VALIDITY;NO_INVENTORY
95667,EXACT_IMLS_OUTLET_ZIP,CA0036,002,,EXACT_OUTLET;TIE_FSCSKEY_SEQ,EXACT_OUTLET;NOT_USPS_VALIDITY;NO_INVENTORY
95668,ZCTA_NEAREST_ACTIVE_OUTLET,CA0104,006,15.610,ZCTA_NN;R6371;TIE_FIRST_LEX,ZCTA_NN_HAVERSINE;NOT_ELIGIBILITY;NOT_USPS_VALIDITY;NO_INVENTORY
95669,EXACT_IMLS_OUTLET_ZIP,CA0006,006,,EXACT_OUTLET;TIE_FSCSKEY_SEQ,EXACT_OUTLET;NOT_USPS_VALIDITY;NO_INVENTORY
95670,ZCTA_NEAREST_ACTIVE_OUTLET,CA0105,005,4.905,ZCTA_NN;R6371;TIE_FIRST_LEX,ZCTA_NN_HAVERSINE;NOT_ELIGIBILITY;NOT_USPS_VALIDITY;NO_INVENTORY
95671,ZCTA_NEAREST_ACTIVE_OUTLET,CA0193,002,1.892,ZCTA_NN;R6371;TIE_FIRST_LEX,ZCTA_NN_HAVERSINE;NOT_ELIGIBILITY;NOT_USPS_VALIDITY;NO_INVENTORY
95672,ZCTA_NEAREST_ACTIVE_OUTLET,CA0036,007,6.977,ZCTA_NN;R6371;TIE_FIRST_LEX,ZCTA_NN_HAVERSINE;NOT_ELIGIBILITY;NOT_USPS_VALIDITY;NO_INVENTORY
95673,EXACT_IMLS_OUTLET_ZIP,CA0105,021,,EXACT_OUTLET;TIE_FSCSKEY_SEQ,EXACT_OUTLET;NOT_USPS_VALIDITY;NO_INVENTORY
95674,ZCTA_NEAREST_ACTIVE_OUTLET,CA0057,003,20.087,ZCTA_NN;R6371;TIE_FIRST_LEX,ZCTA_NN_HAVERSINE;NOT_ELIGIBILITY;NOT_USPS_VALIDITY;NO_INVENTORY
95675,ZCTA_NEAREST_ACTIVE_OUTLET,CA0006,006,11.639,ZCTA_NN;R6371;TIE_FIRST_LEX,ZCTA_NN_HAVERSINE;NOT_ELIGIBILITY;NOT_USPS_VALIDITY;NO_INVENTORY
95676,ZCTA_NEAREST_ACTIVE_OUTLET,CA0157,008,8.241,ZCTA_NN;R6371;TIE_FIRST_LEX,ZCTA_NN_HAVERSINE;NOT_ELIGIBILITY;NOT_USPS_VALIDITY;NO_INVENTORY
95677,EXACT_IMLS_OUTLET_ZIP,CA0009,010,,EXACT_OUTLET;TIE_FSCSKEY_SEQ,EXACT_OUTLET;NOT_USPS_VALIDITY;NO_INVENTORY
95678,EXACT_IMLS_OUTLET_ZIP,CA0104,002,,EXACT_OUTLET;TIE_FSCSKEY_SEQ,EXACT_OUTLET;NOT_USPS_VALIDITY;NO_INVENTORY
95679,ZCTA_NEAREST_ACTIVE_OUTLET,CA0026,012,22.502,ZCTA_NN;R6371;TIE_FIRST_LEX,ZCTA_NN_HAVERSINE;NOT_ELIGIBILITY;NOT_USPS_VALIDITY;NO_INVENTORY
95680,ZCTA_NEAREST_ACTIVE_OUTLET,CA0105,024,5.597,ZCTA_NN;R6371;TIE_FIRST_LEX,ZCTA_NN_HAVERSINE;NOT_ELIGIBILITY;NOT_USPS_VALIDITY;NO_INVENTORY
95681,ZCTA_NEAREST_ACTIVE_OUTLET,CA0057,003,17.329,ZCTA_NN;R6371;TIE_FIRST_LEX,ZCTA_NN_HAVERSINE;NOT_ELIGIBILITY;NOT_USPS_VALIDITY;NO_INVENTORY
95682,EXACT_IMLS_OUTLET_ZIP,CA0036,007,,EXACT_OUTLET;TIE_FSCSKEY_SEQ,EXACT_OUTLET;NOT_USPS_VALIDITY;NO_INVENTORY
95683,ZCTA_NEAREST_ACTIVE_OUTLET,CA0036,009,17.743,ZCTA_NN;R6371;TIE_FIRST_LEX,ZCTA_NN_HAVERSINE;NOT_ELIGIBILITY;NOT_USPS_VALIDITY;NO_INVENTORY
95684,ZCTA_NEAREST_ACTIVE_OUTLET,CA0006,005,14.511,ZCTA_NN;R6371;TIE_FIRST_LEX,ZCTA_NN_HAVERSINE;NOT_ELIGIBILITY;NOT_USPS_VALIDITY;NO_INVENTORY
95685,ZCTA_NEAREST_ACTIVE_OUTLET,CA0006,002,9.046,ZCTA_NN;R6371;TIE_FIRST_LEX,ZCTA_NN_HAVERSINE;NOT_ELIGIBILITY;NOT_USPS_VALIDITY;NO_INVENTORY
95686,EXACT_IMLS_OUTLET_ZIP,CA0142,009,,EXACT_OUTLET;TIE_FSCSKEY_SEQ,EXACT_OUTLET;NOT_USPS_VALIDITY;NO_INVENTORY
95687,EXACT_IMLS_OUTLET_ZIP,CA0136,006,,EXACT_OUTLET;TIE_FSCSKEY_SEQ,EXACT_OUTLET;NOT_USPS_VALIDITY;NO_INVENTORY
95688,EXACT_IMLS_OUTLET_ZIP,CA0136,012,,EXACT_OUTLET;TIE_FSCSKEY_SEQ,EXACT_OUTLET;NOT_USPS_VALIDITY;NO_INVENTORY
95689,ZCTA_NEAREST_ACTIVE_OUTLET,CA0006,005,5.954,ZCTA_NN;R6371;TIE_FIRST_LEX,ZCTA_NN_HAVERSINE;NOT_ELIGIBILITY;NOT_USPS_VALIDITY;NO_INVENTORY
95690,EXACT_IMLS_OUTLET_ZIP,CA0105,024,,EXACT_OUTLET;TIE_FSCSKEY_SEQ,EXACT_OUTLET;NOT_USPS_VALIDITY;NO_INVENTORY
95691,EXACT_IMLS_OUTLET_ZIP,CA0157,004,,EXACT_OUTLET;TIE_FSCSKEY_SEQ,EXACT_OUTLET;NOT_USPS_VALIDITY;NO_INVENTORY
95692,ZCTA_NEAREST_ACTIVE_OUTLET,CA0159,002,18.565,ZCTA_NN;R6371;TIE_FIRST_LEX,ZCTA_NN_HAVERSINE;NOT_ELIGIBILITY;NOT_USPS_VALIDITY;NO_INVENTORY
95693,ZCTA_NEAREST_ACTIVE_OUTLET,CA0105,009,13.275,ZCTA_NN;R6371;TIE_FIRST_LEX,ZCTA_NN_HAVERSINE;NOT_ELIGIBILITY;NOT_USPS_VALIDITY;NO_INVENTORY
95694,EXACT_IMLS_OUTLET_ZIP,CA0157,005,,EXACT_OUTLET;TIE_FSCSKEY_SEQ,EXACT_OUTLET;NOT_USPS_VALIDITY;NO_INVENTORY
95695,EXACT_IMLS_OUTLET_ZIP,CA0156,002,,EXACT_OUTLET;TIE_FSCSKEY_SEQ,EXACT_OUTLET;NOT_USPS_VALIDITY;NO_INVENTORY
95696,OBSERVED_REFERENCE_INDIRECT_ONLY,,,,INDIRECT_IMLS_SC;NO_FABRICATED_NEAREST,INDIRECT_IMLS_SC;NO_FABRICATED_NEAREST;NOT_REJECTED;NOT_USPS_VALIDITY;NO_INVENTORY
95697,EXACT_IMLS_OUTLET_ZIP,CA0157,009,,EXACT_OUTLET;TIE_FSCSKEY_SEQ,EXACT_OUTLET;NOT_USPS_VALIDITY;NO_INVENTORY
95698,ZCTA_NEAREST_ACTIVE_OUTLET,CA0157,009,13.280,ZCTA_NN;R6371;TIE_FIRST_LEX,ZCTA_NN_HAVERSINE;NOT_ELIGIBILITY;NOT_USPS_VALIDITY;NO_INVENTORY
95699,ZCTA_NEAREST_ACTIVE_OUTLET,CA0006,006,4.952,ZCTA_NN;R6371;TIE_FIRST_LEX,ZCTA_NN_HAVERSINE;NOT_ELIGIBILITY;NOT_USPS_VALIDITY;NO_INVENTORY
95701,ZCTA_NEAREST_ACTIVE_OUTLET,CA0009,004,20.791,ZCTA_NN;R6371;TIE_FIRST_LEX,ZCTA_NN_HAVERSINE;NOT_ELIGIBILITY;NOT_USPS_VALIDITY;NO_INVENTORY
95703,ZCTA_NEAREST_ACTIVE_OUTLET,CA0079,009,9.884,ZCTA_NN;R6371;TIE_FIRST_LEX,ZCTA_NN_HAVERSINE;NOT_ELIGIBILITY;NOT_USPS_VALIDITY;NO_INVENTORY
95709,ZCTA_NEAREST_ACTIVE_OUTLET,CA0220,001,8.350,ZCTA_NN;R6371;TIE_FIRST_LEX,ZCTA_NN_HAVERSINE;NOT_ELIGIBILITY;NOT_USPS_VALIDITY;NO_INVENTORY
95712,OBSERVED_REFERENCE_INDIRECT_ONLY,,,,INDIRECT_IMLS_SC;NO_FABRICATED_NEAREST,INDIRECT_IMLS_SC;NO_FABRICATED_NEAREST;NOT_REJECTED;NOT_USPS_VALIDITY;NO_INVENTORY
95713,EXACT_IMLS_OUTLET_ZIP,CA0009,004,,EXACT_OUTLET;TIE_FSCSKEY_SEQ,EXACT_OUTLET;NOT_USPS_VALIDITY;NO_INVENTORY
95714,ZCTA_NEAREST_ACTIVE_OUTLET,CA0009,004,15.174,ZCTA_NN;R6371;TIE_FIRST_LEX,ZCTA_NN_HAVERSINE;NOT_ELIGIBILITY;NOT_USPS_VALIDITY;NO_INVENTORY
95715,ZCTA_NEAREST_ACTIVE_OUTLET,CA0097,006,27.482,ZCTA_NN;R6371;TIE_FIRST_LEX,ZCTA_NN_HAVERSINE;NOT_ELIGIBILITY;NOT_USPS_VALIDITY;NO_INVENTORY
95717,ZCTA_NEAREST_ACTIVE_OUTLET,CA0009,004,10.744,ZCTA_NN;R6371;TIE_FIRST_LEX,ZCTA_NN_HAVERSINE;NOT_ELIGIBILITY;NOT_USPS_VALIDITY;NO_INVENTORY
95720,ZCTA_NEAREST_ACTIVE_OUTLET,CA0036,003,26.244,ZCTA_NN;R6371;TIE_FIRST_LEX,ZCTA_NN_HAVERSINE;NOT_ELIGIBILITY;NOT_USPS_VALIDITY;NO_INVENTORY
95721,ZCTA_NEAREST_ACTIVE_OUTLET,CA0036,003,17.809,ZCTA_NN;R6371;TIE_FIRST_LEX,ZCTA_NN_HAVERSINE;NOT_ELIGIBILITY;NOT_USPS_VALIDITY;NO_INVENTORY
95722,ZCTA_NEAREST_ACTIVE_OUTLET,CA0079,009,5.255,ZCTA_NN;R6371;TIE_FIRST_LEX,ZCTA_NN_HAVERSINE;NOT_ELIGIBILITY;NOT_USPS_VALIDITY;NO_INVENTORY
95724,OBSERVED_REFERENCE_INDIRECT_ONLY,,,,INDIRECT_IMLS_SC;NO_FABRICATED_NEAREST,INDIRECT_IMLS_SC;NO_FABRICATED_NEAREST;NOT_REJECTED;NOT_USPS_VALIDITY;NO_INVENTORY
95726,EXACT_IMLS_OUTLET_ZIP,CA0036,004,,EXACT_OUTLET;TIE_FSCSKEY_SEQ,EXACT_OUTLET;NOT_USPS_VALIDITY;NO_INVENTORY
95728,ZCTA_NEAREST_ACTIVE_OUTLET,CA0079,003,19.153,ZCTA_NN;R6371;TIE_FIRST_LEX,ZCTA_NN_HAVERSINE;NOT_ELIGIBILITY;NOT_USPS_VALIDITY;NO_INVENTORY
95735,ZCTA_NEAREST_ACTIVE_OUTLET,CA0036,003,21.625,ZCTA_NN;R6371;TIE_FIRST_LEX,ZCTA_NN_HAVERSINE;NOT_ELIGIBILITY;NOT_USPS_VALIDITY;NO_INVENTORY
95736,ZCTA_NEAREST_ACTIVE_OUTLET,CA0009,004,7.006,ZCTA_NN;R6371;TIE_FIRST_LEX,ZCTA_NN_HAVERSINE;NOT_ELIGIBILITY;NOT_USPS_VALIDITY;NO_INVENTORY
95741,OBSERVED_REFERENCE_INDIRECT_ONLY,,,,INDIRECT_IMLS_SC;NO_FABRICATED_NEAREST,INDIRECT_IMLS_SC;NO_FABRICATED_NEAREST;NOT_REJECTED;NOT_USPS_VALIDITY;NO_INVENTORY
95742,ZCTA_NEAREST_ACTIVE_OUTLET,CA0105,020,10.926,ZCTA_NN;R6371;TIE_FIRST_LEX,ZCTA_NN_HAVERSINE;NOT_ELIGIBILITY;NOT_USPS_VALIDITY;NO_INVENTORY
95746,EXACT_IMLS_OUTLET_ZIP,CA0009,013,,EXACT_OUTLET;TIE_FSCSKEY_SEQ,EXACT_OUTLET;NOT_USPS_VALIDITY;NO_INVENTORY
95747,EXACT_IMLS_OUTLET_ZIP,CA0104,006,,EXACT_OUTLET;TIE_FSCSKEY_SEQ,EXACT_OUTLET;NOT_USPS_VALIDITY;NO_INVENTORY
95757,EXACT_IMLS_OUTLET_ZIP,CA0105,035,,EXACT_OUTLET;TIE_FSCSKEY_SEQ,EXACT_OUTLET;NOT_USPS_VALIDITY;NO_INVENTORY
95758,ZCTA_NEAREST_ACTIVE_OUTLET,CA0105,033,3.530,ZCTA_NN;R6371;TIE_FIRST_LEX,ZCTA_NN_HAVERSINE;NOT_ELIGIBILITY;NOT_USPS_VALIDITY;NO_INVENTORY
95759,OBSERVED_REFERENCE_INDIRECT_ONLY,,,,INDIRECT_IMLS_SC;NO_FABRICATED_NEAREST,INDIRECT_IMLS_SC;NO_FABRICATED_NEAREST;NOT_REJECTED;NOT_USPS_VALIDITY;NO_INVENTORY
95762,EXACT_IMLS_OUTLET_ZIP,CA0036,009,,EXACT_OUTLET;TIE_FSCSKEY_SEQ,EXACT_OUTLET;NOT_USPS_VALIDITY;NO_INVENTORY
95763,OBSERVED_REFERENCE_INDIRECT_ONLY,,,,INDIRECT_IMLS_SC;NO_FABRICATED_NEAREST,INDIRECT_IMLS_SC;NO_FABRICATED_NEAREST;NOT_REJECTED;NOT_USPS_VALIDITY;NO_INVENTORY
95765,ZCTA_NEAREST_ACTIVE_OUTLET,CA0057,003,3.562,ZCTA_NN;R6371;TIE_FIRST_LEX,ZCTA_NN_HAVERSINE;NOT_ELIGIBILITY;NOT_USPS_VALIDITY;NO_INVENTORY
95776,ZCTA_NEAREST_ACTIVE_OUTLET,CA0268,001,6.425,ZCTA_NN;R6371;TIE_FIRST_LEX,ZCTA_NN_HAVERSINE;NOT_ELIGIBILITY;NOT_USPS_VALIDITY;NO_INVENTORY
95798,OBSERVED_REFERENCE_INDIRECT_ONLY,,,,INDIRECT_IMLS_SC;NO_FABRICATED_NEAREST,INDIRECT_IMLS_SC;NO_FABRICATED_NEAREST;NOT_REJECTED;NOT_USPS_VALIDITY;NO_INVENTORY
95811,ZCTA_NEAREST_ACTIVE_OUTLET,CA0245,001,1.372,ZCTA_NN;R6371;TIE_FIRST_LEX,ZCTA_NN_HAVERSINE;NOT_ELIGIBILITY;NOT_USPS_VALIDITY;NO_INVENTORY
95812,OBSERVED_REFERENCE_INDIRECT_ONLY,,,,INDIRECT_IMLS_SC;NO_FABRICATED_NEAREST,INDIRECT_IMLS_SC;NO_FABRICATED_NEAREST;NOT_REJECTED;NOT_USPS_VALIDITY;NO_INVENTORY
95813,OBSERVED_REFERENCE_INDIRECT_ONLY,,,,INDIRECT_IMLS_SC;NO_FABRICATED_NEAREST,INDIRECT_IMLS_SC;NO_FABRICATED_NEAREST;NOT_REJECTED;NOT_USPS_VALIDITY;NO_INVENTORY
95814,EXACT_IMLS_OUTLET_ZIP,CA0105,002,,EXACT_OUTLET;TIE_FSCSKEY_SEQ,EXACT_OUTLET;NOT_USPS_VALIDITY;NO_INVENTORY
95815,EXACT_IMLS_OUTLET_ZIP,CA0105,018,,EXACT_OUTLET;TIE_FSCSKEY_SEQ,EXACT_OUTLET;NOT_USPS_VALIDITY;NO_INVENTORY
95816,EXACT_IMLS_OUTLET_ZIP,CA0105,016,,EXACT_OUTLET;TIE_FSCSKEY_SEQ,EXACT_OUTLET;NOT_USPS_VALIDITY;NO_INVENTORY
95817,ZCTA_NEAREST_ACTIVE_OUTLET,CA0105,029,2.278,ZCTA_NN;R6371;TIE_FIRST_LEX,ZCTA_NN_HAVERSINE;NOT_ELIGIBILITY;NOT_USPS_VALIDITY;NO_INVENTORY
95818,EXACT_IMLS_OUTLET_ZIP,CA0105,015,,EXACT_OUTLET;TIE_FSCSKEY_SEQ,EXACT_OUTLET;NOT_USPS_VALIDITY;NO_INVENTORY
95819,ZCTA_NEAREST_ACTIVE_OUTLET,CA0105,016,2.517,ZCTA_NN;R6371;TIE_FIRST_LEX,ZCTA_NN_HAVERSINE;NOT_ELIGIBILITY;NOT_USPS_VALIDITY;NO_INVENTORY
95820,EXACT_IMLS_OUTLET_ZIP,CA0105,029,,EXACT_OUTLET;TIE_FSCSKEY_SEQ,EXACT_OUTLET;NOT_USPS_VALIDITY;NO_INVENTORY
95821,EXACT_IMLS_OUTLET_ZIP,CA0105,003,,EXACT_OUTLET;TIE_FSCSKEY_SEQ,EXACT_OUTLET;NOT_USPS_VALIDITY;NO_INVENTORY
95822,EXACT_IMLS_OUTLET_ZIP,CA0105,006,,EXACT_OUTLET;TIE_FSCSKEY_SEQ,EXACT_OUTLET;NOT_USPS_VALIDITY;NO_INVENTORY
95823,EXACT_IMLS_OUTLET_ZIP,CA0105,022,,EXACT_OUTLET;TIE_FSCSKEY_SEQ,EXACT_OUTLET;NOT_USPS_VALIDITY;NO_INVENTORY
95824,ZCTA_NEAREST_ACTIVE_OUTLET,CA0105,029,1.672,ZCTA_NN;R6371;TIE_FIRST_LEX,ZCTA_NN_HAVERSINE;NOT_ELIGIBILITY;NOT_USPS_VALIDITY;NO_INVENTORY
95825,ZCTA_NEAREST_ACTIVE_OUTLET,CA0105,004,2.522,ZCTA_NN;R6371;TIE_FIRST_LEX,ZCTA_NN_HAVERSINE;NOT_ELIGIBILITY;NOT_USPS_VALIDITY;NO_INVENTORY
95826,ZCTA_NEAREST_ACTIVE_OUTLET,CA0105,004,4.139,ZCTA_NN;R6371;TIE_FIRST_LEX,ZCTA_NN_HAVERSINE;NOT_ELIGIBILITY;NOT_USPS_VALIDITY;NO_INVENTORY
95827,EXACT_IMLS_OUTLET_ZIP,CA0105,020,,EXACT_OUTLET;TIE_FSCSKEY_SEQ,EXACT_OUTLET;NOT_USPS_VALIDITY;NO_INVENTORY
95828,ZCTA_NEAREST_ACTIVE_OUTLET,CA0105,022,3.301,ZCTA_NN;R6371;TIE_FIRST_LEX,ZCTA_NN_HAVERSINE;NOT_ELIGIBILITY;NOT_USPS_VALIDITY;NO_INVENTORY
95829,ZCTA_NEAREST_ACTIVE_OUTLET,CA0105,033,9.138,ZCTA_NN;R6371;TIE_FIRST_LEX,ZCTA_NN_HAVERSINE;NOT_ELIGIBILITY;NOT_USPS_VALIDITY;NO_INVENTORY
95830,ZCTA_NEAREST_ACTIVE_OUTLET,CA0105,020,10.362,ZCTA_NN;R6371;TIE_FIRST_LEX,ZCTA_NN_HAVERSINE;NOT_ELIGIBILITY;NOT_USPS_VALIDITY;NO_INVENTORY
95831,EXACT_IMLS_OUTLET_ZIP,CA0105,040,,EXACT_OUTLET;TIE_FSCSKEY_SEQ,EXACT_OUTLET;NOT_USPS_VALIDITY;NO_INVENTORY
95832,ZCTA_NEAREST_ACTIVE_OUTLET,CA0157,007,4.306,ZCTA_NN;R6371;TIE_FIRST_LEX,ZCTA_NN_HAVERSINE;NOT_ELIGIBILITY;NOT_USPS_VALIDITY;NO_INVENTORY
95833,EXACT_IMLS_OUTLET_ZIP,CA0105,030,,EXACT_OUTLET;TIE_FSCSKEY_SEQ,EXACT_OUTLET;NOT_USPS_VALIDITY;NO_INVENTORY
95834,ZCTA_NEAREST_ACTIVE_OUTLET,CA0105,039,2.464,ZCTA_NN;R6371;TIE_FIRST_LEX,ZCTA_NN_HAVERSINE;NOT_ELIGIBILITY;NOT_USPS_VALIDITY;NO_INVENTORY
95835,EXACT_IMLS_OUTLET_ZIP,CA0105,039,,EXACT_OUTLET;TIE_FSCSKEY_SEQ,EXACT_OUTLET;NOT_USPS_VALIDITY;NO_INVENTORY
95837,ZCTA_NEAREST_ACTIVE_OUTLET,CA0105,039,8.194,ZCTA_NN;R6371;TIE_FIRST_LEX,ZCTA_NN_HAVERSINE;NOT_ELIGIBILITY;NOT_USPS_VALIDITY;NO_INVENTORY
95838,EXACT_IMLS_OUTLET_ZIP,CA0105,008,,EXACT_OUTLET;TIE_FSCSKEY_SEQ,EXACT_OUTLET;NOT_USPS_VALIDITY;NO_INVENTORY
95841,ZCTA_NEAREST_ACTIVE_OUTLET,CA0105,023,4.610,ZCTA_NN;R6371;TIE_FIRST_LEX,ZCTA_NN_HAVERSINE;NOT_ELIGIBILITY;NOT_USPS_VALIDITY;NO_INVENTORY
95842,ZCTA_NEAREST_ACTIVE_OUTLET,CA0105,017,2.348,ZCTA_NN;R6371;TIE_FIRST_LEX,ZCTA_NN_HAVERSINE;NOT_ELIGIBILITY;NOT_USPS_VALIDITY;NO_INVENTORY
95843,EXACT_IMLS_OUTLET_ZIP,CA0105,017,,EXACT_OUTLET;TIE_FSCSKEY_SEQ,EXACT_OUTLET;NOT_USPS_VALIDITY;NO_INVENTORY
95860,OBSERVED_REFERENCE_INDIRECT_ONLY,,,,INDIRECT_IMLS_SC;NO_FABRICATED_NEAREST,INDIRECT_IMLS_SC;NO_FABRICATED_NEAREST;NOT_REJECTED;NOT_USPS_VALIDITY;NO_INVENTORY
95864,EXACT_IMLS_OUTLET_ZIP,CA0105,004,,EXACT_OUTLET;TIE_FSCSKEY_SEQ,EXACT_OUTLET;NOT_USPS_VALIDITY;NO_INVENTORY
95865,OBSERVED_REFERENCE_INDIRECT_ONLY,,,,INDIRECT_IMLS_SC;NO_FABRICATED_NEAREST,INDIRECT_IMLS_SC;NO_FABRICATED_NEAREST;NOT_REJECTED;NOT_USPS_VALIDITY;NO_INVENTORY
95901,EXACT_IMLS_OUTLET_ZIP,CA0159,002,,EXACT_OUTLET;TIE_FSCSKEY_SEQ,EXACT_OUTLET;NOT_USPS_VALIDITY;NO_INVENTORY
95903,ZCTA_NEAREST_ACTIVE_OUTLET,CA0079,010,17.721,ZCTA_NN;R6371;TIE_FIRST_LEX,ZCTA_NN_HAVERSINE;NOT_ELIGIBILITY;NOT_USPS_VALIDITY;NO_INVENTORY
95910,EXACT_IMLS_OUTLET_ZIP,CA0097,006,,EXACT_OUTLET;TIE_FSCSKEY_SEQ,EXACT_OUTLET;NOT_USPS_VALIDITY;NO_INVENTORY
95912,EXACT_IMLS_OUTLET_ZIP,CA0026,012,,EXACT_OUTLET;TIE_FSCSKEY_SEQ,EXACT_OUTLET;NOT_USPS_VALIDITY;NO_INVENTORY
95913,ZCTA_NEAREST_ACTIVE_OUTLET,CA0155,002,11.922,ZCTA_NN;R6371;TIE_FIRST_LEX,ZCTA_NN_HAVERSINE;NOT_ELIGIBILITY;NOT_USPS_VALIDITY;NO_INVENTORY
95914,ZCTA_NEAREST_ACTIVE_OUTLET,CA0017,002,18.524,ZCTA_NN;R6371;TIE_FIRST_LEX,ZCTA_NN_HAVERSINE;NOT_ELIGIBILITY;NOT_USPS_VALIDITY;NO_INVENTORY
95915,ZCTA_NEAREST_ACTIVE_OUTLET,CA0097,002,24.961,ZCTA_NN;R6371;TIE_FIRST_LEX,ZCTA_NN_HAVERSINE;NOT_ELIGIBILITY;NOT_USPS_VALIDITY;NO_INVENTORY
95916,ZCTA_NEAREST_ACTIVE_OUTLET,CA0215,001,21.646,ZCTA_NN;R6371;TIE_FIRST_LEX,ZCTA_NN_HAVERSINE;NOT_ELIGIBILITY;NOT_USPS_VALIDITY;NO_INVENTORY
95917,EXACT_IMLS_OUTLET_ZIP,CA0017,003,,EXACT_OUTLET;TIE_FSCSKEY_SEQ,EXACT_OUTLET;NOT_USPS_VALIDITY;NO_INVENTORY
95918,ZCTA_NEAREST_ACTIVE_OUTLET,CA0079,010,14.344,ZCTA_NN;R6371;TIE_FIRST_LEX,ZCTA_NN_HAVERSINE;NOT_ELIGIBILITY;NOT_USPS_VALIDITY;NO_INVENTORY
95919,ZCTA_NEAREST_ACTIVE_OUTLET,CA0079,010,24.020,ZCTA_NN;R6371;TIE_FIRST_LEX,ZCTA_NN_HAVERSINE;NOT_ELIGIBILITY;NOT_USPS_VALIDITY;NO_INVENTORY
95920,ZCTA_NEAREST_ACTIVE_OUTLET,CA0026,009,8.058,ZCTA_NN;R6371;TIE_FIRST_LEX,ZCTA_NN_HAVERSINE;NOT_ELIGIBILITY;NOT_USPS_VALIDITY;NO_INVENTORY
95922,ZCTA_NEAREST_ACTIVE_OUTLET,CA0097,006,19.719,ZCTA_NN;R6371;TIE_FIRST_LEX,ZCTA_NN_HAVERSINE;NOT_ELIGIBILITY;NOT_USPS_VALIDITY;NO_INVENTORY
95923,ZCTA_NEAREST_ACTIVE_OUTLET,CA0097,003,15.987,ZCTA_NN;R6371;TIE_FIRST_LEX,ZCTA_NN_HAVERSINE;NOT_ELIGIBILITY;NOT_USPS_VALIDITY;NO_INVENTORY
95924,OBSERVED_REFERENCE_INDIRECT_ONLY,,,,INDIRECT_IMLS_SC;NO_FABRICATED_NEAREST,INDIRECT_IMLS_SC;NO_FABRICATED_NEAREST;NOT_REJECTED;NOT_USPS_VALIDITY;NO_INVENTORY
95925,ZCTA_NEAREST_ACTIVE_OUTLET,CA0079,006,25.145,ZCTA_NN;R6371;TIE_FIRST_LEX,ZCTA_NN_HAVERSINE;NOT_ELIGIBILITY;NOT_USPS_VALIDITY;NO_INVENTORY
95926,EXACT_IMLS_OUTLET_ZIP,CA0017,004,,EXACT_OUTLET;TIE_FSCSKEY_SEQ,EXACT_OUTLET;NOT_USPS_VALIDITY;NO_INVENTORY
95927,OBSERVED_REFERENCE_INDIRECT_ONLY,,,,INDIRECT_IMLS_SC;NO_FABRICATED_NEAREST,INDIRECT_IMLS_SC;NO_FABRICATED_NEAREST;NOT_REJECTED;NOT_USPS_VALIDITY;NO_INVENTORY
95928,ZCTA_NEAREST_ACTIVE_OUTLET,CA0017,005,4.322,ZCTA_NN;R6371;TIE_FIRST_LEX,ZCTA_NN_HAVERSINE;NOT_ELIGIBILITY;NOT_USPS_VALIDITY;NO_INVENTORY
95929,ZCTA_NEAREST_ACTIVE_OUTLET,CA0017,004,2.366,ZCTA_NN;R6371;TIE_FIRST_LEX,ZCTA_NN_HAVERSINE;NOT_ELIGIBILITY;NOT_USPS_VALIDITY;NO_INVENTORY
95930,ZCTA_NEAREST_ACTIVE_OUTLET,CA0097,007,28.506,ZCTA_NN;R6371;TIE_FIRST_LEX,ZCTA_NN_HAVERSINE;NOT_ELIGIBILITY;NOT_USPS_VALIDITY;NO_INVENTORY
95932,EXACT_IMLS_OUTLET_ZIP,CA0026,002,,EXACT_OUTLET;TIE_FSCSKEY_SEQ,EXACT_OUTLET;NOT_USPS_VALIDITY;NO_INVENTORY
95934,ZCTA_NEAREST_ACTIVE_OUTLET,CA0097,004,9.680,ZCTA_NN;R6371;TIE_FIRST_LEX,ZCTA_NN_HAVERSINE;NOT_ELIGIBILITY;NOT_USPS_VALIDITY;NO_INVENTORY
95935,ZCTA_NEAREST_ACTIVE_OUTLET,CA0079,010,17.355,ZCTA_NN;R6371;TIE_FIRST_LEX,ZCTA_NN_HAVERSINE;NOT_ELIGIBILITY;NOT_USPS_VALIDITY;NO_INVENTORY
95936,EXACT_IMLS_OUTLET_ZIP,CA0097,007,,EXACT_OUTLET;TIE_FSCSKEY_SEQ,EXACT_OUTLET;NOT_USPS_VALIDITY;NO_INVENTORY
95937,ZCTA_NEAREST_ACTIVE_OUTLET,CA0026,012,15.472,ZCTA_NN;R6371;TIE_FIRST_LEX,ZCTA_NN_HAVERSINE;NOT_ELIGIBILITY;NOT_USPS_VALIDITY;NO_INVENTORY
95938,EXACT_IMLS_OUTLET_ZIP,CA0017,005,,EXACT_OUTLET;TIE_FSCSKEY_SEQ,EXACT_OUTLET;NOT_USPS_VALIDITY;NO_INVENTORY
95939,EXACT_IMLS_OUTLET_ZIP,CA0086,014,,EXACT_OUTLET;TIE_FSCSKEY_SEQ,EXACT_OUTLET;NOT_USPS_VALIDITY;NO_INVENTORY
95941,ZCTA_NEAREST_ACTIVE_OUTLET,CA0017,002,24.155,ZCTA_NN;R6371;TIE_FIRST_LEX,ZCTA_NN_HAVERSINE;NOT_ELIGIBILITY;NOT_USPS_VALIDITY;NO_INVENTORY
95942,ZCTA_NEAREST_ACTIVE_OUTLET,CA0017,008,18.285,ZCTA_NN;R6371;TIE_FIRST_LEX,ZCTA_NN_HAVERSINE;NOT_ELIGIBILITY;NOT_USPS_VALIDITY;NO_INVENTORY
95943,EXACT_IMLS_OUTLET_ZIP,CA0086,013,,EXACT_OUTLET;TIE_FSCSKEY_SEQ,EXACT_OUTLET;NOT_USPS_VALIDITY;NO_INVENTORY
95944,ZCTA_NEAREST_ACTIVE_OUTLET,CA0097,007,2.492,ZCTA_NN;R6371;TIE_FIRST_LEX,ZCTA_NN_HAVERSINE;NOT_ELIGIBILITY;NOT_USPS_VALIDITY;NO_INVENTORY
95945,EXACT_IMLS_OUTLET_ZIP,CA0079,002,,EXACT_OUTLET;TIE_FSCSKEY_SEQ,EXACT_OUTLET;NOT_USPS_VALIDITY;NO_INVENTORY
95946,EXACT_IMLS_OUTLET_ZIP,CA0079,010,,EXACT_OUTLET;TIE_FSCSKEY_SEQ,EXACT_OUTLET;NOT_USPS_VALIDITY;NO_INVENTORY
95947,EXACT_IMLS_OUTLET_ZIP,CA0097,004,,EXACT_OUTLET;TIE_FSCSKEY_SEQ,EXACT_OUTLET;NOT_USPS_VALIDITY;NO_INVENTORY
95948,EXACT_IMLS_OUTLET_ZIP,CA0017,006,,EXACT_OUTLET;TIE_FSCSKEY_SEQ,EXACT_OUTLET;NOT_USPS_VALIDITY;NO_INVENTORY
95949,EXACT_IMLS_OUTLET_ZIP,CA0079,009,,EXACT_OUTLET;TIE_FSCSKEY_SEQ,EXACT_OUTLET;NOT_USPS_VALIDITY;NO_INVENTORY
95950,EXACT_IMLS_OUTLET_ZIP,CA0026,011,,EXACT_OUTLET;TIE_FSCSKEY_SEQ,EXACT_OUTLET;NOT_USPS_VALIDITY;NO_INVENTORY
95951,EXACT_IMLS_OUTLET_ZIP,CA0086,004,,EXACT_OUTLET;TIE_FSCSKEY_SEQ,EXACT_OUTLET;NOT_USPS_VALIDITY;NO_INVENTORY
95953,EXACT_IMLS_OUTLET_ZIP,CA0144,003,,EXACT_OUTLET;TIE_FSCSKEY_SEQ,EXACT_OUTLET;NOT_USPS_VALIDITY;NO_INVENTORY
95954,ZCTA_NEAREST_ACTIVE_OUTLET,CA0017,008,10.961,ZCTA_NN;R6371;TIE_FIRST_LEX,ZCTA_NN_HAVERSINE;NOT_ELIGIBILITY;NOT_USPS_VALIDITY;NO_INVENTORY
95955,EXACT_IMLS_OUTLET_ZIP,CA0026,005,,EXACT_OUTLET;TIE_FSCSKEY_SEQ,EXACT_OUTLET;NOT_USPS_VALIDITY;NO_INVENTORY
95956,ZCTA_NEAREST_ACTIVE_OUTLET,CA0097,002,15.517,ZCTA_NN;R6371;TIE_FIRST_LEX,ZCTA_NN_HAVERSINE;NOT_ELIGIBILITY;NOT_USPS_VALIDITY;NO_INVENTORY
95957,ZCTA_NEAREST_ACTIVE_OUTLET,CA0026,011,6.456,ZCTA_NN;R6371;TIE_FIRST_LEX,ZCTA_NN_HAVERSINE;NOT_ELIGIBILITY;NOT_USPS_VALIDITY;NO_INVENTORY
95958,ZCTA_NEAREST_ACTIVE_OUTLET,CA0017,005,9.496,ZCTA_NN;R6371;TIE_FIRST_LEX,ZCTA_NN_HAVERSINE;NOT_ELIGIBILITY;NOT_USPS_VALIDITY;NO_INVENTORY
95959,EXACT_IMLS_OUTLET_ZIP,CA0079,006,,EXACT_OUTLET;TIE_FSCSKEY_SEQ,EXACT_OUTLET;NOT_USPS_VALIDITY;NO_INVENTORY
95960,ZCTA_NEAREST_ACTIVE_OUTLET,CA0097,006,15.333,ZCTA_NN;R6371;TIE_FIRST_LEX,ZCTA_NN_HAVERSINE;NOT_ELIGIBILITY;NOT_USPS_VALIDITY;NO_INVENTORY
95961,ZCTA_NEAREST_ACTIVE_OUTLET,CA0159,002,10.863,ZCTA_NN;R6371;TIE_FIRST_LEX,ZCTA_NN_HAVERSINE;NOT_ELIGIBILITY;NOT_USPS_VALIDITY;NO_INVENTORY
95962,ZCTA_NEAREST_ACTIVE_OUTLET,CA0079,010,12.536,ZCTA_NN;R6371;TIE_FIRST_LEX,ZCTA_NN_HAVERSINE;NOT_ELIGIBILITY;NOT_USPS_VALIDITY;NO_INVENTORY
95963,EXACT_IMLS_OUTLET_ZIP,CA0086,002,,EXACT_OUTLET;TIE_FSCSKEY_SEQ,EXACT_OUTLET;NOT_USPS_VALIDITY;NO_INVENTORY
95965,EXACT_IMLS_OUTLET_ZIP,CA0215,001,,EXACT_OUTLET;TIE_FSCSKEY_SEQ,EXACT_OUTLET;NOT_USPS_VALIDITY;NO_INVENTORY
95966,EXACT_IMLS_OUTLET_ZIP,CA0017,002,,EXACT_OUTLET;TIE_FSCSKEY_SEQ,EXACT_OUTLET;NOT_USPS_VALIDITY;NO_INVENTORY
95967,OBSERVED_REFERENCE_INDIRECT_ONLY,,,,INDIRECT_IMLS_SC;NO_FABRICATED_NEAREST,INDIRECT_IMLS_SC;NO_FABRICATED_NEAREST;NOT_REJECTED;NOT_USPS_VALIDITY;NO_INVENTORY
95968,ZCTA_NEAREST_ACTIVE_OUTLET,CA0017,002,7.880,ZCTA_NN;R6371;TIE_FIRST_LEX,ZCTA_NN_HAVERSINE;NOT_ELIGIBILITY;NOT_USPS_VALIDITY;NO_INVENTORY
95969,EXACT_IMLS_OUTLET_ZIP,CA0017,008,,EXACT_OUTLET;TIE_FSCSKEY_SEQ,EXACT_OUTLET;NOT_USPS_VALIDITY;NO_INVENTORY
95970,EXACT_IMLS_OUTLET_ZIP,CA0026,009,,EXACT_OUTLET;TIE_FSCSKEY_SEQ,EXACT_OUTLET;NOT_USPS_VALIDITY;NO_INVENTORY
95971,EXACT_IMLS_OUTLET_ZIP,CA0097,002,,EXACT_OUTLET;TIE_FSCSKEY_SEQ,EXACT_OUTLET;NOT_USPS_VALIDITY;NO_INVENTORY
95972,ZCTA_NEAREST_ACTIVE_OUTLET,CA0017,002,20.663,ZCTA_NN;R6371;TIE_FIRST_LEX,ZCTA_NN_HAVERSINE;NOT_ELIGIBILITY;NOT_USPS_VALIDITY;NO_INVENTORY
95973,ZCTA_NEAREST_ACTIVE_OUTLET,CA0017,004,14.964,ZCTA_NN;R6371;TIE_FIRST_LEX,ZCTA_NN_HAVERSINE;NOT_ELIGIBILITY;NOT_USPS_VALIDITY;NO_INVENTORY
95974,ZCTA_NEAREST_ACTIVE_OUTLET,CA0017,003,10.113,ZCTA_NN;R6371;TIE_FIRST_LEX,ZCTA_NN_HAVERSINE;NOT_ELIGIBILITY;NOT_USPS_VALIDITY;NO_INVENTORY
95975,ZCTA_NEAREST_ACTIVE_OUTLET,CA0079,010,4.411,ZCTA_NN;R6371;TIE_FIRST_LEX,ZCTA_NN_HAVERSINE;NOT_ELIGIBILITY;NOT_USPS_VALIDITY;NO_INVENTORY
95977,ZCTA_NEAREST_ACTIVE_OUTLET,CA0079,010,9.123,ZCTA_NN;R6371;TIE_FIRST_LEX,ZCTA_NN_HAVERSINE;NOT_ELIGIBILITY;NOT_USPS_VALIDITY;NO_INVENTORY
95978,ZCTA_NEAREST_ACTIVE_OUTLET,CA0017,008,17.965,ZCTA_NN;R6371;TIE_FIRST_LEX,ZCTA_NN_HAVERSINE;NOT_ELIGIBILITY;NOT_USPS_VALIDITY;NO_INVENTORY
95979,EXACT_IMLS_OUTLET_ZIP,CA0026,007,,EXACT_OUTLET;TIE_FSCSKEY_SEQ,EXACT_OUTLET;NOT_USPS_VALIDITY;NO_INVENTORY
95981,ZCTA_NEAREST_ACTIVE_OUTLET,CA0097,007,21.003,ZCTA_NN;R6371;TIE_FIRST_LEX,ZCTA_NN_HAVERSINE;NOT_ELIGIBILITY;NOT_USPS_VALIDITY;NO_INVENTORY
95982,EXACT_IMLS_OUTLET_ZIP,CA0144,006,,EXACT_OUTLET;TIE_FSCSKEY_SEQ,EXACT_OUTLET;NOT_USPS_VALIDITY;NO_INVENTORY
95983,ZCTA_NEAREST_ACTIVE_OUTLET,CA0097,004,20.292,ZCTA_NN;R6371;TIE_FIRST_LEX,ZCTA_NN_HAVERSINE;NOT_ELIGIBILITY;NOT_USPS_VALIDITY;NO_INVENTORY
95984,ZCTA_NEAREST_ACTIVE_OUTLET,CA0097,002,14.964,ZCTA_NN;R6371;TIE_FIRST_LEX,ZCTA_NN_HAVERSINE;NOT_ELIGIBILITY;NOT_USPS_VALIDITY;NO_INVENTORY
95986,ZCTA_NEAREST_ACTIVE_OUTLET,CA0097,006,13.866,ZCTA_NN;R6371;TIE_FIRST_LEX,ZCTA_NN_HAVERSINE;NOT_ELIGIBILITY;NOT_USPS_VALIDITY;NO_INVENTORY
95987,EXACT_IMLS_OUTLET_ZIP,CA0026,010,,EXACT_OUTLET;TIE_FSCSKEY_SEQ,EXACT_OUTLET;NOT_USPS_VALIDITY;NO_INVENTORY
95988,EXACT_IMLS_OUTLET_ZIP,CA0155,002,,EXACT_OUTLET;TIE_FSCSKEY_SEQ,EXACT_OUTLET;NOT_USPS_VALIDITY;NO_INVENTORY
95991,EXACT_IMLS_OUTLET_ZIP,CA0144,002,,EXACT_OUTLET;TIE_FSCSKEY_SEQ,EXACT_OUTLET;NOT_USPS_VALIDITY;NO_INVENTORY
95992,OBSERVED_REFERENCE_INDIRECT_ONLY,,,,INDIRECT_IMLS_SC;NO_FABRICATED_NEAREST,INDIRECT_IMLS_SC;NO_FABRICATED_NEAREST;NOT_REJECTED;NOT_USPS_VALIDITY;NO_INVENTORY
95993,ZCTA_NEAREST_ACTIVE_OUTLET,CA0144,002,7.773,ZCTA_NN;R6371;TIE_FIRST_LEX,ZCTA_NN_HAVERSINE;NOT_ELIGIBILITY;NOT_USPS_VALIDITY;NO_INVENTORY
96001,EXACT_IMLS_OUTLET_ZIP,CA0133,002,,EXACT_OUTLET;TIE_FSCSKEY_SEQ,EXACT_OUTLET;NOT_USPS_VALIDITY;NO_INVENTORY
96002,ZCTA_NEAREST_ACTIVE_OUTLET,CA0133,002,7.582,ZCTA_NN;R6371;TIE_FIRST_LEX,ZCTA_NN_HAVERSINE;NOT_ELIGIBILITY;NOT_USPS_VALIDITY;NO_INVENTORY
96003,ZCTA_NEAREST_ACTIVE_OUTLET,CA0256,001,11.168,ZCTA_NN;R6371;TIE_FIRST_LEX,ZCTA_NN_HAVERSINE;NOT_ELIGIBILITY;NOT_USPS_VALIDITY;NO_INVENTORY
96006,EXACT_IMLS_OUTLET_ZIP,CA0070,003,,EXACT_OUTLET;TIE_FSCSKEY_SEQ,EXACT_OUTLET;NOT_USPS_VALIDITY;NO_INVENTORY
96007,EXACT_IMLS_OUTLET_ZIP,CA0133,003,,EXACT_OUTLET;TIE_FSCSKEY_SEQ,EXACT_OUTLET;NOT_USPS_VALIDITY;NO_INVENTORY
96008,ZCTA_NEAREST_ACTIVE_OUTLET,CA0133,002,28.599,ZCTA_NN;R6371;TIE_FIRST_LEX,ZCTA_NN_HAVERSINE;NOT_ELIGIBILITY;NOT_USPS_VALIDITY;NO_INVENTORY
96009,ZCTA_NEAREST_ACTIVE_OUTLET,CA0070,003,16.401,ZCTA_NN;R6371;TIE_FIRST_LEX,ZCTA_NN_HAVERSINE;NOT_ELIGIBILITY;NOT_USPS_VALIDITY;NO_INVENTORY
96010,ZCTA_NEAREST_ACTIVE_OUTLET,CA0039,010,33.263,ZCTA_NN;R6371;TIE_FIRST_LEX,ZCTA_NN_HAVERSINE;NOT_ELIGIBILITY;NOT_USPS_VALIDITY;NO_INVENTORY
96011,ZCTA_NEAREST_ACTIVE_OUTLET,CA0133,004,26.656,ZCTA_NN;R6371;TIE_FIRST_LEX,ZCTA_NN_HAVERSINE;NOT_ELIGIBILITY;NOT_USPS_VALIDITY;NO_INVENTORY
96013,EXACT_IMLS_OUTLET_ZIP,CA0133,004,,EXACT_OUTLET;TIE_FSCSKEY_SEQ,EXACT_OUTLET;NOT_USPS_VALIDITY;NO_INVENTORY
96014,ZCTA_NEAREST_ACTIVE_OUTLET,CA0135,009,12.091,ZCTA_NN;R6371;TIE_FIRST_LEX,ZCTA_NN_HAVERSINE;NOT_ELIGIBILITY;NOT_USPS_VALIDITY;NO_INVENTORY
96015,ZCTA_NEAREST_ACTIVE_OUTLET,CA0070,002,27.885,ZCTA_NN;R6371;TIE_FIRST_LEX,ZCTA_NN_HAVERSINE;NOT_ELIGIBILITY;NOT_USPS_VALIDITY;NO_INVENTORY
96016,ZCTA_NEAREST_ACTIVE_OUTLET,CA0133,004,15.814,ZCTA_NN;R6371;TIE_FIRST_LEX,ZCTA_NN_HAVERSINE;NOT_ELIGIBILITY;NOT_USPS_VALIDITY;NO_INVENTORY
96017,ZCTA_NEAREST_ACTIVE_OUTLET,CA0135,005,12.260,ZCTA_NN;R6371;TIE_FIRST_LEX,ZCTA_NN_HAVERSINE;NOT_ELIGIBILITY;NOT_USPS_VALIDITY;NO_INVENTORY
96019,ZCTA_NEAREST_ACTIVE_OUTLET,CA0256,001,11.631,ZCTA_NN;R6371;TIE_FIRST_LEX,ZCTA_NN_HAVERSINE;NOT_ELIGIBILITY;NOT_USPS_VALIDITY;NO_INVENTORY
96020,EXACT_IMLS_OUTLET_ZIP,CA0097,003,,EXACT_OUTLET;TIE_FSCSKEY_SEQ,EXACT_OUTLET;NOT_USPS_VALIDITY;NO_INVENTORY
96021,EXACT_IMLS_OUTLET_ZIP,CA0145,003,,EXACT_OUTLET;TIE_FSCSKEY_SEQ,EXACT_OUTLET;NOT_USPS_VALIDITY;NO_INVENTORY
96022,ZCTA_NEAREST_ACTIVE_OUTLET,CA0133,003,15.241,ZCTA_NN;R6371;TIE_FIRST_LEX,ZCTA_NN_HAVERSINE;NOT_ELIGIBILITY;NOT_USPS_VALIDITY;NO_INVENTORY
96023,ZCTA_NEAREST_ACTIVE_OUTLET,OR0027,017,22.971,ZCTA_NN;R6371;TIE_FIRST_LEX,ZCTA_NN_HAVERSINE;NOT_ELIGIBILITY;NOT_USPS_VALIDITY;NO_INVENTORY
96024,ZCTA_NEAREST_ACTIVE_OUTLET,CA0147,002,20.645,ZCTA_NN;R6371;TIE_FIRST_LEX,ZCTA_NN_HAVERSINE;NOT_ELIGIBILITY;NOT_USPS_VALIDITY;NO_INVENTORY
96025,EXACT_IMLS_OUTLET_ZIP,CA0135,005,,EXACT_OUTLET;TIE_FSCSKEY_SEQ,EXACT_OUTLET;NOT_USPS_VALIDITY;NO_INVENTORY
96027,EXACT_IMLS_OUTLET_ZIP,CA0135,009,,EXACT_OUTLET;TIE_FSCSKEY_SEQ,EXACT_OUTLET;NOT_USPS_VALIDITY;NO_INVENTORY
96028,ZCTA_NEAREST_ACTIVE_OUTLET,CA0133,004,22.477,ZCTA_NN;R6371;TIE_FIRST_LEX,ZCTA_NN_HAVERSINE;NOT_ELIGIBILITY;NOT_USPS_VALIDITY;NO_INVENTORY
96029,ZCTA_NEAREST_ACTIVE_OUTLET,CA0145,003,26.746,ZCTA_NN;R6371;TIE_FIRST_LEX,ZCTA_NN_HAVERSINE;NOT_ELIGIBILITY;NOT_USPS_VALIDITY;NO_INVENTORY
96031,ZCTA_NEAREST_ACTIVE_OUTLET,CA0135,009,40.359,ZCTA_NN;R6371;TIE_FIRST_LEX,ZCTA_NN_HAVERSINE;NOT_ELIGIBILITY;NOT_USPS_VALIDITY;NO_INVENTORY
96032,EXACT_IMLS_OUTLET_ZIP,CA0135,011,,EXACT_OUTLET;TIE_FSCSKEY_SEQ,EXACT_OUTLET;NOT_USPS_VALIDITY;NO_INVENTORY
96033,ZCTA_NEAREST_ACTIVE_OUTLET,CA0256,001,21.600,ZCTA_NN;R6371;TIE_FIRST_LEX,ZCTA_NN_HAVERSINE;NOT_ELIGIBILITY;NOT_USPS_VALIDITY;NO_INVENTORY
96034,ZCTA_NEAREST_ACTIVE_OUTLET,CA0135,004,18.482,ZCTA_NN;R6371;TIE_FIRST_LEX,ZCTA_NN_HAVERSINE;NOT_ELIGIBILITY;NOT_USPS_VALIDITY;NO_INVENTORY
96035,ZCTA_NEAREST_ACTIVE_OUTLET,CA0145,004,7.451,ZCTA_NN;R6371;TIE_FIRST_LEX,ZCTA_NN_HAVERSINE;NOT_ELIGIBILITY;NOT_USPS_VALIDITY;NO_INVENTORY
96037,ZCTA_NEAREST_ACTIVE_OUTLET,CA0135,011,9.670,ZCTA_NN;R6371;TIE_FIRST_LEX,ZCTA_NN_HAVERSINE;NOT_ELIGIBILITY;NOT_USPS_VALIDITY;NO_INVENTORY
96038,ZCTA_NEAREST_ACTIVE_OUTLET,CA0135,012,13.483,ZCTA_NN;R6371;TIE_FIRST_LEX,ZCTA_NN_HAVERSINE;NOT_ELIGIBILITY;NOT_USPS_VALIDITY;NO_INVENTORY
96039,ZCTA_NEAREST_ACTIVE_OUTLET,CA0135,011,45.097,ZCTA_NN;R6371;TIE_FIRST_LEX,ZCTA_NN_HAVERSINE;NOT_ELIGIBILITY;NOT_USPS_VALIDITY;NO_INVENTORY
96040,ZCTA_NEAREST_ACTIVE_OUTLET,CA0133,004,19.521,ZCTA_NN;R6371;TIE_FIRST_LEX,ZCTA_NN_HAVERSINE;NOT_ELIGIBILITY;NOT_USPS_VALIDITY;NO_INVENTORY
96041,EXACT_IMLS_OUTLET_ZIP,CA0147,003,,EXACT_OUTLET;TIE_FSCSKEY_SEQ,EXACT_OUTLET;NOT_USPS_VALIDITY;NO_INVENTORY
96044,ZCTA_NEAREST_ACTIVE_OUTLET,CA0135,002,23.147,ZCTA_NN;R6371;TIE_FIRST_LEX,ZCTA_NN_HAVERSINE;NOT_ELIGIBILITY;NOT_USPS_VALIDITY;NO_INVENTORY
96046,ZCTA_NEAREST_ACTIVE_OUTLET,CA0147,003,21.110,ZCTA_NN;R6371;TIE_FIRST_LEX,ZCTA_NN_HAVERSINE;NOT_ELIGIBILITY;NOT_USPS_VALIDITY;NO_INVENTORY
96047,ZCTA_NEAREST_ACTIVE_OUTLET,CA0256,001,27.606,ZCTA_NN;R6371;TIE_FIRST_LEX,ZCTA_NN_HAVERSINE;NOT_ELIGIBILITY;NOT_USPS_VALIDITY;NO_INVENTORY
96048,ZCTA_NEAREST_ACTIVE_OUTLET,CA0147,002,12.576,ZCTA_NN;R6371;TIE_FIRST_LEX,ZCTA_NN_HAVERSINE;NOT_ELIGIBILITY;NOT_USPS_VALIDITY;NO_INVENTORY
96049,OBSERVED_REFERENCE_INDIRECT_ONLY,,,,INDIRECT_IMLS_SC;NO_FABRICATED_NEAREST,INDIRECT_IMLS_SC;NO_FABRICATED_NEAREST;NOT_REJECTED;NOT_USPS_VALIDITY;NO_INVENTORY
96050,ZCTA_NEAREST_ACTIVE_OUTLET,CA0135,011,28.875,ZCTA_NN;R6371;TIE_FIRST_LEX,ZCTA_NN_HAVERSINE;NOT_ELIGIBILITY;NOT_USPS_VALIDITY;NO_INVENTORY
96051,ZCTA_NEAREST_ACTIVE_OUTLET,CA0135,005,33.021,ZCTA_NN;R6371;TIE_FIRST_LEX,ZCTA_NN_HAVERSINE;NOT_ELIGIBILITY;NOT_USPS_VALIDITY;NO_INVENTORY
96052,ZCTA_NEAREST_ACTIVE_OUTLET,CA0147,002,14.237,ZCTA_NN;R6371;TIE_FIRST_LEX,ZCTA_NN_HAVERSINE;NOT_ELIGIBILITY;NOT_USPS_VALIDITY;NO_INVENTORY
96054,EXACT_IMLS_OUTLET_ZIP,CA0070,006,,EXACT_OUTLET;TIE_FSCSKEY_SEQ,EXACT_OUTLET;NOT_USPS_VALIDITY;NO_INVENTORY
96055,EXACT_IMLS_OUTLET_ZIP,CA0145,004,,EXACT_OUTLET;TIE_FSCSKEY_SEQ,EXACT_OUTLET;NOT_USPS_VALIDITY;NO_INVENTORY
96056,ZCTA_NEAREST_ACTIVE_OUTLET,CA0070,006,20.758,ZCTA_NN;R6371;TIE_FIRST_LEX,ZCTA_NN_HAVERSINE;NOT_ELIGIBILITY;NOT_USPS_VALIDITY;NO_INVENTORY
96057,EXACT_IMLS_OUTLET_ZIP,CA0135,006,,EXACT_OUTLET;TIE_FSCSKEY_SEQ,EXACT_OUTLET;NOT_USPS_VALIDITY;NO_INVENTORY
96058,ZCTA_NEAREST_ACTIVE_OUTLET,OR0027,014,42.396,ZCTA_NN;R6371;TIE_FIRST_LEX,ZCTA_NN_HAVERSINE;NOT_ELIGIBILITY;NOT_USPS_VALIDITY;NO_INVENTORY
96059,ZCTA_NEAREST_ACTIVE_OUTLET,CA0133,003,39.623,ZCTA_NN;R6371;TIE_FIRST_LEX,ZCTA_NN_HAVERSINE;NOT_ELIGIBILITY;NOT_USPS_VALIDITY;NO_INVENTORY
96061,ZCTA_NEAREST_ACTIVE_OUTLET,CA0097,003,22.494,ZCTA_NN;R6371;TIE_FIRST_LEX,ZCTA_NN_HAVERSINE;NOT_ELIGIBILITY;NOT_USPS_VALIDITY;NO_INVENTORY
96062,ZCTA_NEAREST_ACTIVE_OUTLET,CA0133,003,21.358,ZCTA_NN;R6371;TIE_FIRST_LEX,ZCTA_NN_HAVERSINE;NOT_ELIGIBILITY;NOT_USPS_VALIDITY;NO_INVENTORY
96063,ZCTA_NEAREST_ACTIVE_OUTLET,CA0097,003,32.870,ZCTA_NN;R6371;TIE_FIRST_LEX,ZCTA_NN_HAVERSINE;NOT_ELIGIBILITY;NOT_USPS_VALIDITY;NO_INVENTORY
96064,EXACT_IMLS_OUTLET_ZIP,CA0135,012,,EXACT_OUTLET;TIE_FSCSKEY_SEQ,EXACT_OUTLET;NOT_USPS_VALIDITY;NO_INVENTORY
96065,ZCTA_NEAREST_ACTIVE_OUTLET,CA0133,004,24.125,ZCTA_NN;R6371;TIE_FIRST_LEX,ZCTA_NN_HAVERSINE;NOT_ELIGIBILITY;NOT_USPS_VALIDITY;NO_INVENTORY
96067,EXACT_IMLS_OUTLET_ZIP,CA0135,003,,EXACT_OUTLET;TIE_FSCSKEY_SEQ,EXACT_OUTLET;NOT_USPS_VALIDITY;NO_INVENTORY
96068,ZCTA_NEAREST_ACTIVE_OUTLET,CA0070,006,12.217,ZCTA_NN;R6371;TIE_FIRST_LEX,ZCTA_NN_HAVERSINE;NOT_ELIGIBILITY;NOT_USPS_VALIDITY;NO_INVENTORY
96069,ZCTA_NEAREST_ACTIVE_OUTLET,CA0133,002,33.591,ZCTA_NN;R6371;TIE_FIRST_LEX,ZCTA_NN_HAVERSINE;NOT_ELIGIBILITY;NOT_USPS_VALIDITY;NO_INVENTORY
96071,ZCTA_NEAREST_ACTIVE_OUTLET,CA0133,004,27.694,ZCTA_NN;R6371;TIE_FIRST_LEX,ZCTA_NN_HAVERSINE;NOT_ELIGIBILITY;NOT_USPS_VALIDITY;NO_INVENTORY
96073,ZCTA_NEAREST_ACTIVE_OUTLET,CA0133,002,16.353,ZCTA_NN;R6371;TIE_FIRST_LEX,ZCTA_NN_HAVERSINE;NOT_ELIGIBILITY;NOT_USPS_VALIDITY;NO_INVENTORY
96074,ZCTA_NEAREST_ACTIVE_OUTLET,CA0086,014,28.762,ZCTA_NN;R6371;TIE_FIRST_LEX,ZCTA_NN_HAVERSINE;NOT_ELIGIBILITY;NOT_USPS_VALIDITY;NO_INVENTORY
96075,ZCTA_NEAREST_ACTIVE_OUTLET,CA0145,002,37.000,ZCTA_NN;R6371;TIE_FIRST_LEX,ZCTA_NN_HAVERSINE;NOT_ELIGIBILITY;NOT_USPS_VALIDITY;NO_INVENTORY
96076,ZCTA_NEAREST_ACTIVE_OUTLET,CA0147,003,27.897,ZCTA_NN;R6371;TIE_FIRST_LEX,ZCTA_NN_HAVERSINE;NOT_ELIGIBILITY;NOT_USPS_VALIDITY;NO_INVENTORY
96078,ZCTA_NEAREST_ACTIVE_OUTLET,CA0145,004,9.066,ZCTA_NN;R6371;TIE_FIRST_LEX,ZCTA_NN_HAVERSINE;NOT_ELIGIBILITY;NOT_USPS_VALIDITY;NO_INVENTORY
96080,EXACT_IMLS_OUTLET_ZIP,CA0145,002,,EXACT_OUTLET;TIE_FSCSKEY_SEQ,EXACT_OUTLET;NOT_USPS_VALIDITY;NO_INVENTORY
96084,ZCTA_NEAREST_ACTIVE_OUTLET,CA0133,004,19.414,ZCTA_NN;R6371;TIE_FIRST_LEX,ZCTA_NN_HAVERSINE;NOT_ELIGIBILITY;NOT_USPS_VALIDITY;NO_INVENTORY
96085,ZCTA_NEAREST_ACTIVE_OUTLET,CA0135,011,24.669,ZCTA_NN;R6371;TIE_FIRST_LEX,ZCTA_NN_HAVERSINE;NOT_ELIGIBILITY;NOT_USPS_VALIDITY;NO_INVENTORY
96086,ZCTA_NEAREST_ACTIVE_OUTLET,OR0014,004,33.014,ZCTA_NN;R6371;TIE_FIRST_LEX,ZCTA_NN_HAVERSINE;NOT_ELIGIBILITY;NOT_USPS_VALIDITY;NO_INVENTORY
96087,ZCTA_NEAREST_ACTIVE_OUTLET,CA0256,001,17.104,ZCTA_NN;R6371;TIE_FIRST_LEX,ZCTA_NN_HAVERSINE;NOT_ELIGIBILITY;NOT_USPS_VALIDITY;NO_INVENTORY
96088,ZCTA_NEAREST_ACTIVE_OUTLET,CA0133,003,38.391,ZCTA_NN;R6371;TIE_FIRST_LEX,ZCTA_NN_HAVERSINE;NOT_ELIGIBILITY;NOT_USPS_VALIDITY;NO_INVENTORY
96089,OBSERVED_REFERENCE_INDIRECT_ONLY,,,,INDIRECT_IMLS_SC;NO_FABRICATED_NEAREST,INDIRECT_IMLS_SC;NO_FABRICATED_NEAREST;NOT_REJECTED;NOT_USPS_VALIDITY;NO_INVENTORY
96090,ZCTA_NEAREST_ACTIVE_OUTLET,CA0145,004,3.107,ZCTA_NN;R6371;TIE_FIRST_LEX,ZCTA_NN_HAVERSINE;NOT_ELIGIBILITY;NOT_USPS_VALIDITY;NO_INVENTORY
96091,EXACT_IMLS_OUTLET_ZIP,CA0147,004,,EXACT_OUTLET;TIE_FSCSKEY_SEQ,EXACT_OUTLET;NOT_USPS_VALIDITY;NO_INVENTORY
96092,ZCTA_NEAREST_ACTIVE_OUTLET,CA0145,004,12.618,ZCTA_NN;R6371;TIE_FIRST_LEX,ZCTA_NN_HAVERSINE;NOT_ELIGIBILITY;NOT_USPS_VALIDITY;NO_INVENTORY
96093,EXACT_IMLS_OUTLET_ZIP,CA0147,002,,EXACT_OUTLET;TIE_FSCSKEY_SEQ,EXACT_OUTLET;NOT_USPS_VALIDITY;NO_INVENTORY
96094,EXACT_IMLS_OUTLET_ZIP,CA0135,004,,EXACT_OUTLET;TIE_FSCSKEY_SEQ,EXACT_OUTLET;NOT_USPS_VALIDITY;NO_INVENTORY
96095,OBSERVED_REFERENCE_INDIRECT_ONLY,,,,INDIRECT_IMLS_SC;NO_FABRICATED_NEAREST,INDIRECT_IMLS_SC;NO_FABRICATED_NEAREST;NOT_REJECTED;NOT_USPS_VALIDITY;NO_INVENTORY
96096,ZCTA_NEAREST_ACTIVE_OUTLET,CA0133,004,32.621,ZCTA_NN;R6371;TIE_FIRST_LEX,ZCTA_NN_HAVERSINE;NOT_ELIGIBILITY;NOT_USPS_VALIDITY;NO_INVENTORY
96097,EXACT_IMLS_OUTLET_ZIP,CA0135,002,,EXACT_OUTLET;TIE_FSCSKEY_SEQ,EXACT_OUTLET;NOT_USPS_VALIDITY;NO_INVENTORY
96099,OBSERVED_REFERENCE_INDIRECT_ONLY,,,,INDIRECT_IMLS_SC;NO_FABRICATED_NEAREST,INDIRECT_IMLS_SC;NO_FABRICATED_NEAREST;NOT_REJECTED;NOT_USPS_VALIDITY;NO_INVENTORY
96101,EXACT_IMLS_OUTLET_ZIP,CA0070,002,,EXACT_OUTLET;TIE_FSCSKEY_SEQ,EXACT_OUTLET;NOT_USPS_VALIDITY;NO_INVENTORY
96103,ZCTA_NEAREST_ACTIVE_OUTLET,CA0097,005,17.729,ZCTA_NN;R6371;TIE_FIRST_LEX,ZCTA_NN_HAVERSINE;NOT_ELIGIBILITY;NOT_USPS_VALIDITY;NO_INVENTORY
96104,EXACT_IMLS_OUTLET_ZIP,CA0070,004,,EXACT_OUTLET;TIE_FSCSKEY_SEQ,EXACT_OUTLET;NOT_USPS_VALIDITY;NO_INVENTORY
96105,ZCTA_NEAREST_ACTIVE_OUTLET,CA0097,010,8.604,ZCTA_NN;R6371;TIE_FIRST_LEX,ZCTA_NN_HAVERSINE;NOT_ELIGIBILITY;NOT_USPS_VALIDITY;NO_INVENTORY
96106,ZCTA_NEAREST_ACTIVE_OUTLET,CA0097,005,10.220,ZCTA_NN;R6371;TIE_FIRST_LEX,ZCTA_NN_HAVERSINE;NOT_ELIGIBILITY;NOT_USPS_VALIDITY;NO_INVENTORY
96107,EXACT_IMLS_OUTLET_ZIP,CA0071,004,,EXACT_OUTLET;TIE_FSCSKEY_SEQ,EXACT_OUTLET;NOT_USPS_VALIDITY;NO_INVENTORY
96108,ZCTA_NEAREST_ACTIVE_OUTLET,CA0070,004,34.838,ZCTA_NN;R6371;TIE_FIRST_LEX,ZCTA_NN_HAVERSINE;NOT_ELIGIBILITY;NOT_USPS_VALIDITY;NO_INVENTORY
96109,ZCTA_NEAREST_ACTIVE_OUTLET,CA0097,010,37.378,ZCTA_NN;R6371;TIE_FIRST_LEX,ZCTA_NN_HAVERSINE;NOT_ELIGIBILITY;NOT_USPS_VALIDITY;NO_INVENTORY
96110,ZCTA_NEAREST_ACTIVE_OUTLET,CA0070,004,31.946,ZCTA_NN;R6371;TIE_FIRST_LEX,ZCTA_NN_HAVERSINE;NOT_ELIGIBILITY;NOT_USPS_VALIDITY;NO_INVENTORY
96111,ZCTA_NEAREST_ACTIVE_OUTLET,NV0025,009,12.031,ZCTA_NN;R6371;TIE_FIRST_LEX,ZCTA_NN_HAVERSINE;NOT_ELIGIBILITY;NOT_USPS_VALIDITY;NO_INVENTORY
96112,ZCTA_NEAREST_ACTIVE_OUTLET,OR0031,002,35.999,ZCTA_NN;R6371;TIE_FIRST_LEX,ZCTA_NN_HAVERSINE;NOT_ELIGIBILITY;NOT_USPS_VALIDITY;NO_INVENTORY
96113,ZCTA_NEAREST_ACTIVE_OUTLET,CA0195,002,49.637,ZCTA_NN;R6371;TIE_FIRST_LEX,ZCTA_NN_HAVERSINE;NOT_ELIGIBILITY;NOT_USPS_VALIDITY;NO_INVENTORY
96114,ZCTA_NEAREST_ACTIVE_OUTLET,CA0195,002,19.295,ZCTA_NN;R6371;TIE_FIRST_LEX,ZCTA_NN_HAVERSINE;NOT_ELIGIBILITY;NOT_USPS_VALIDITY;NO_INVENTORY
96115,ZCTA_NEAREST_ACTIVE_OUTLET,CA0070,004,19.847,ZCTA_NN;R6371;TIE_FIRST_LEX,ZCTA_NN_HAVERSINE;NOT_ELIGIBILITY;NOT_USPS_VALIDITY;NO_INVENTORY
96116,ZCTA_NEAREST_ACTIVE_OUTLET,CA0070,002,26.732,ZCTA_NN;R6371;TIE_FIRST_LEX,ZCTA_NN_HAVERSINE;NOT_ELIGIBILITY;NOT_USPS_VALIDITY;NO_INVENTORY
96117,ZCTA_NEAREST_ACTIVE_OUTLET,CA0195,002,37.389,ZCTA_NN;R6371;TIE_FIRST_LEX,ZCTA_NN_HAVERSINE;NOT_ELIGIBILITY;NOT_USPS_VALIDITY;NO_INVENTORY
96118,EXACT_IMLS_OUTLET_ZIP,CA0097,010,,EXACT_OUTLET;TIE_FSCSKEY_SEQ,EXACT_OUTLET;NOT_USPS_VALIDITY;NO_INVENTORY
96119,ZCTA_NEAREST_ACTIVE_OUTLET,CA0070,003,36.812,ZCTA_NN;R6371;TIE_FIRST_LEX,ZCTA_NN_HAVERSINE;NOT_ELIGIBILITY;NOT_USPS_VALIDITY;NO_INVENTORY
96120,EXACT_IMLS_OUTLET_ZIP,CA0004,002,,EXACT_OUTLET;TIE_FSCSKEY_SEQ,EXACT_OUTLET;NOT_USPS_VALIDITY;NO_INVENTORY
96121,ZCTA_NEAREST_ACTIVE_OUTLET,CA0195,002,36.075,ZCTA_NN;R6371;TIE_FIRST_LEX,ZCTA_NN_HAVERSINE;NOT_ELIGIBILITY;NOT_USPS_VALIDITY;NO_INVENTORY
96122,EXACT_IMLS_OUTLET_ZIP,CA0097,005,,EXACT_OUTLET;TIE_FSCSKEY_SEQ,EXACT_OUTLET;NOT_USPS_VALIDITY;NO_INVENTORY
96123,ZCTA_NEAREST_ACTIVE_OUTLET,CA0195,002,55.228,ZCTA_NN;R6371;TIE_FIRST_LEX,ZCTA_NN_HAVERSINE;NOT_ELIGIBILITY;NOT_USPS_VALIDITY;NO_INVENTORY
96124,ZCTA_NEAREST_ACTIVE_OUTLET,CA0097,005,18.494,ZCTA_NN;R6371;TIE_FIRST_LEX,ZCTA_NN_HAVERSINE;NOT_ELIGIBILITY;NOT_USPS_VALIDITY;NO_INVENTORY
96125,EXACT_IMLS_OUTLET_ZIP,CA0097,011,,EXACT_OUTLET;TIE_FSCSKEY_SEQ,EXACT_OUTLET;NOT_USPS_VALIDITY;NO_INVENTORY
96126,ZCTA_NEAREST_ACTIVE_OUTLET,CA0097,010,19.650,ZCTA_NN;R6371;TIE_FIRST_LEX,ZCTA_NN_HAVERSINE;NOT_ELIGIBILITY;NOT_USPS_VALIDITY;NO_INVENTORY
96128,ZCTA_NEAREST_ACTIVE_OUTLET,CA0195,002,21.900,ZCTA_NN;R6371;TIE_FIRST_LEX,ZCTA_NN_HAVERSINE;NOT_ELIGIBILITY;NOT_USPS_VALIDITY;NO_INVENTORY
96129,ZCTA_NEAREST_ACTIVE_OUTLET,CA0097,005,9.629,ZCTA_NN;R6371;TIE_FIRST_LEX,ZCTA_NN_HAVERSINE;NOT_ELIGIBILITY;NOT_USPS_VALIDITY;NO_INVENTORY
96130,EXACT_IMLS_OUTLET_ZIP,CA0195,002,,EXACT_OUTLET;TIE_FSCSKEY_SEQ,EXACT_OUTLET;NOT_USPS_VALIDITY;NO_INVENTORY
96132,ZCTA_NEAREST_ACTIVE_OUTLET,CA0070,003,48.538,ZCTA_NN;R6371;TIE_FIRST_LEX,ZCTA_NN_HAVERSINE;NOT_ELIGIBILITY;NOT_USPS_VALIDITY;NO_INVENTORY
96133,ZCTA_NEAREST_ACTIVE_OUTLET,CA0071,004,5.847,ZCTA_NN;R6371;TIE_FIRST_LEX,ZCTA_NN_HAVERSINE;NOT_ELIGIBILITY;NOT_USPS_VALIDITY;NO_INVENTORY
96134,EXACT_IMLS_OUTLET_ZIP,CA0135,007,,EXACT_OUTLET;TIE_FSCSKEY_SEQ,EXACT_OUTLET;NOT_USPS_VALIDITY;NO_INVENTORY
96135,ZCTA_NEAREST_ACTIVE_OUTLET,CA0097,010,15.497,ZCTA_NN;R6371;TIE_FIRST_LEX,ZCTA_NN_HAVERSINE;NOT_ELIGIBILITY;NOT_USPS_VALIDITY;NO_INVENTORY
96136,ZCTA_NEAREST_ACTIVE_OUTLET,CA0195,002,48.724,ZCTA_NN;R6371;TIE_FIRST_LEX,ZCTA_NN_HAVERSINE;NOT_ELIGIBILITY;NOT_USPS_VALIDITY;NO_INVENTORY
96137,ZCTA_NEAREST_ACTIVE_OUTLET,CA0097,003,22.364,ZCTA_NN;R6371;TIE_FIRST_LEX,ZCTA_NN_HAVERSINE;NOT_ELIGIBILITY;NOT_USPS_VALIDITY;NO_INVENTORY
96140,ZCTA_NEAREST_ACTIVE_OUTLET,CA0009,007,6.821,ZCTA_NN;R6371;TIE_FIRST_LEX,ZCTA_NN_HAVERSINE;NOT_ELIGIBILITY;NOT_USPS_VALIDITY;NO_INVENTORY
96141,ZCTA_NEAREST_ACTIVE_OUTLET,CA0009,011,10.045,ZCTA_NN;R6371;TIE_FIRST_LEX,ZCTA_NN_HAVERSINE;NOT_ELIGIBILITY;NOT_USPS_VALIDITY;NO_INVENTORY
96142,ZCTA_NEAREST_ACTIVE_OUTLET,CA0036,003,12.834,ZCTA_NN;R6371;TIE_FIRST_LEX,ZCTA_NN_HAVERSINE;NOT_ELIGIBILITY;NOT_USPS_VALIDITY;NO_INVENTORY
96143,EXACT_IMLS_OUTLET_ZIP,CA0009,007,,EXACT_OUTLET;TIE_FSCSKEY_SEQ,EXACT_OUTLET;NOT_USPS_VALIDITY;NO_INVENTORY
96145,EXACT_IMLS_OUTLET_ZIP,CA0009,011,,EXACT_OUTLET;TIE_FSCSKEY_SEQ,EXACT_OUTLET;NOT_USPS_VALIDITY;NO_INVENTORY
96146,ZCTA_NEAREST_ACTIVE_OUTLET,CA0009,011,10.379,ZCTA_NN;R6371;TIE_FIRST_LEX,ZCTA_NN_HAVERSINE;NOT_ELIGIBILITY;NOT_USPS_VALIDITY;NO_INVENTORY
96148,ZCTA_NEAREST_ACTIVE_OUTLET,CA0009,007,2.685,ZCTA_NN;R6371;TIE_FIRST_LEX,ZCTA_NN_HAVERSINE;NOT_ELIGIBILITY;NOT_USPS_VALIDITY;NO_INVENTORY
96150,EXACT_IMLS_OUTLET_ZIP,CA0036,003,,EXACT_OUTLET;TIE_FSCSKEY_SEQ,EXACT_OUTLET;NOT_USPS_VALIDITY;NO_INVENTORY
96151,OBSERVED_REFERENCE_INDIRECT_ONLY,,,,INDIRECT_IMLS_SC;NO_FABRICATED_NEAREST,INDIRECT_IMLS_SC;NO_FABRICATED_NEAREST;NOT_REJECTED;NOT_USPS_VALIDITY;NO_INVENTORY
96155,ZCTA_NEAREST_ACTIVE_OUTLET,CA0036,003,22.458,ZCTA_NN;R6371;TIE_FIRST_LEX,ZCTA_NN_HAVERSINE;NOT_ELIGIBILITY;NOT_USPS_VALIDITY;NO_INVENTORY
96158,OBSERVED_REFERENCE_INDIRECT_ONLY,,,,INDIRECT_IMLS_SC;NO_FABRICATED_NEAREST,INDIRECT_IMLS_SC;NO_FABRICATED_NEAREST;NOT_REJECTED;NOT_USPS_VALIDITY;NO_INVENTORY
96160,OBSERVED_REFERENCE_INDIRECT_ONLY,,,,INDIRECT_IMLS_SC;NO_FABRICATED_NEAREST,INDIRECT_IMLS_SC;NO_FABRICATED_NEAREST;NOT_REJECTED;NOT_USPS_VALIDITY;NO_INVENTORY
96161,EXACT_IMLS_OUTLET_ZIP,CA0079,003,,EXACT_OUTLET;TIE_FSCSKEY_SEQ,EXACT_OUTLET;NOT_USPS_VALIDITY;NO_INVENTORY
96162,OBSERVED_REFERENCE_INDIRECT_ONLY,,,,INDIRECT_IMLS_SC;NO_FABRICATED_NEAREST,INDIRECT_IMLS_SC;NO_FABRICATED_NEAREST;NOT_REJECTED;NOT_USPS_VALIDITY;NO_INVENTORY
96701,EXACT_IMLS_OUTLET_ZIP,HI0001,004,,EXACT_OUTLET;TIE_FSCSKEY_SEQ,EXACT_OUTLET;NOT_USPS_VALIDITY;NO_INVENTORY
96703,ZCTA_NEAREST_ACTIVE_OUTLET,HI0001,048,8.821,ZCTA_NN;R6371;TIE_FIRST_LEX,ZCTA_NN_HAVERSINE;NOT_ELIGIBILITY;NOT_USPS_VALIDITY;NO_INVENTORY
96704,ZCTA_NEAREST_ACTIVE_OUTLET,HI0001,031,26.829,ZCTA_NN;R6371;TIE_FIRST_LEX,ZCTA_NN_HAVERSINE;NOT_ELIGIBILITY;NOT_USPS_VALIDITY;NO_INVENTORY
96705,ZCTA_NEAREST_ACTIVE_OUTLET,HI0001,047,3.436,ZCTA_NN;R6371;TIE_FIRST_LEX,ZCTA_NN_HAVERSINE;NOT_ELIGIBILITY;NOT_USPS_VALIDITY;NO_INVENTORY
96706,EXACT_IMLS_OUTLET_ZIP,HI0001,006,,EXACT_OUTLET;TIE_FSCSKEY_SEQ,EXACT_OUTLET;NOT_USPS_VALIDITY;NO_INVENTORY
96707,EXACT_IMLS_OUTLET_ZIP,HI0001,060,,EXACT_OUTLET;TIE_FSCSKEY_SEQ,EXACT_OUTLET;NOT_USPS_VALIDITY;NO_INVENTORY
96708,ZCTA_NEAREST_ACTIVE_OUTLET,HI0001,043,8.801,ZCTA_NN;R6371;TIE_FIRST_LEX,ZCTA_NN_HAVERSINE;NOT_ELIGIBILITY;NOT_USPS_VALIDITY;NO_INVENTORY
96709,OBSERVED_REFERENCE_INDIRECT_ONLY,,,,INDIRECT_IMLS_SC;NO_FABRICATED_NEAREST,INDIRECT_IMLS_SC;NO_FABRICATED_NEAREST;NOT_REJECTED;NOT_USPS_VALIDITY;NO_INVENTORY
96710,ZCTA_NEAREST_ACTIVE_OUTLET,HI0001,032,15.216,ZCTA_NN;R6371;TIE_FIRST_LEX,ZCTA_NN_HAVERSINE;NOT_ELIGIBILITY;NOT_USPS_VALIDITY;NO_INVENTORY
96712,ZCTA_NEAREST_ACTIVE_OUTLET,HI0001,008,4.565,ZCTA_NN;R6371;TIE_FIRST_LEX,ZCTA_NN_HAVERSINE;NOT_ELIGIBILITY;NOT_USPS_VALIDITY;NO_INVENTORY
96713,EXACT_IMLS_OUTLET_ZIP,HI0001,039,,EXACT_OUTLET;TIE_FSCSKEY_SEQ,EXACT_OUTLET;NOT_USPS_VALIDITY;NO_INVENTORY
96714,ZCTA_NEAREST_ACTIVE_OUTLET,HI0001,059,10.555,ZCTA_NN;R6371;TIE_FIRST_LEX,ZCTA_NN_HAVERSINE;NOT_ELIGIBILITY;NOT_USPS_VALIDITY;NO_INVENTORY
96715,OBSERVED_REFERENCE_INDIRECT_ONLY,,,,INDIRECT_IMLS_SC;NO_FABRICATED_NEAREST,INDIRECT_IMLS_SC;NO_FABRICATED_NEAREST;NOT_REJECTED;NOT_USPS_VALIDITY;NO_INVENTORY
96716,EXACT_IMLS_OUTLET_ZIP,HI0001,047,,EXACT_OUTLET;TIE_FSCSKEY_SEQ,EXACT_OUTLET;NOT_USPS_VALIDITY;NO_INVENTORY
96717,ZCTA_NEAREST_ACTIVE_OUTLET,HI0001,008,13.873,ZCTA_NN;R6371;TIE_FIRST_LEX,ZCTA_NN_HAVERSINE;NOT_ELIGIBILITY;NOT_USPS_VALIDITY;NO_INVENTORY
96718,OBSERVED_REFERENCE_INDIRECT_ONLY,,,,INDIRECT_IMLS_SC;NO_FABRICATED_NEAREST,INDIRECT_IMLS_SC;NO_FABRICATED_NEAREST;NOT_REJECTED;NOT_USPS_VALIDITY;NO_INVENTORY
96719,ZCTA_NEAREST_ACTIVE_OUTLET,HI0001,026,1.915,ZCTA_NN;R6371;TIE_FIRST_LEX,ZCTA_NN_HAVERSINE;NOT_ELIGIBILITY;NOT_USPS_VALIDITY;NO_INVENTORY
96720,EXACT_IMLS_OUTLET_ZIP,HI0001,025,,EXACT_OUTLET;TIE_FSCSKEY_SEQ,EXACT_OUTLET;NOT_USPS_VALIDITY;NO_INVENTORY
96721,OBSERVED_REFERENCE_INDIRECT_ONLY,,,,INDIRECT_IMLS_SC;NO_FABRICATED_NEAREST,INDIRECT_IMLS_SC;NO_FABRICATED_NEAREST;NOT_REJECTED;NOT_USPS_VALIDITY;NO_INVENTORY
96722,EXACT_IMLS_OUTLET_ZIP,HI0001,059,,EXACT_OUTLET;TIE_FSCSKEY_SEQ,EXACT_OUTLET;NOT_USPS_VALIDITY;NO_INVENTORY
96725,ZCTA_NEAREST_ACTIVE_OUTLET,HI0001,031,7.671,ZCTA_NN;R6371;TIE_FIRST_LEX,ZCTA_NN_HAVERSINE;NOT_ELIGIBILITY;NOT_USPS_VALIDITY;NO_INVENTORY
96726,ZCTA_NEAREST_ACTIVE_OUTLET,HI0001,031,15.523,ZCTA_NN;R6371;TIE_FIRST_LEX,ZCTA_NN_HAVERSINE;NOT_ELIGIBILITY;NOT_USPS_VALIDITY;NO_INVENTORY
96727,EXACT_IMLS_OUTLET_ZIP,HI0001,028,,EXACT_OUTLET;TIE_FSCSKEY_SEQ,EXACT_OUTLET;NOT_USPS_VALIDITY;NO_INVENTORY
96728,ZCTA_NEAREST_ACTIVE_OUTLET,HI0001,025,15.742,ZCTA_NN;R6371;TIE_FIRST_LEX,ZCTA_NN_HAVERSINE;NOT_ELIGIBILITY;NOT_USPS_VALIDITY;NO_INVENTORY
96729,ZCTA_NEAREST_ACTIVE_OUTLET,HI0001,045,14.120,ZCTA_NN;R6371;TIE_FIRST_LEX,ZCTA_NN_HAVERSINE;NOT_ELIGIBILITY;NOT_USPS_VALIDITY;NO_INVENTORY
96730,ZCTA_NEAREST_ACTIVE_OUTLET,HI0001,012,14.725,ZCTA_NN;R6371;TIE_FIRST_LEX,ZCTA_NN_HAVERSINE;NOT_ELIGIBILITY;NOT_USPS_VALIDITY;NO_INVENTORY
96731,EXACT_IMLS_OUTLET_ZIP,HI0001,008,,EXACT_OUTLET;TIE_FSCSKEY_SEQ,EXACT_OUTLET;NOT_USPS_VALIDITY;NO_INVENTORY
96732,EXACT_IMLS_OUTLET_ZIP,HI0001,040,,EXACT_OUTLET;TIE_FSCSKEY_SEQ,EXACT_OUTLET;NOT_USPS_VALIDITY;NO_INVENTORY
96733,OBSERVED_REFERENCE_INDIRECT_ONLY,,,,INDIRECT_IMLS_SC;NO_FABRICATED_NEAREST,INDIRECT_IMLS_SC;NO_FABRICATED_NEAREST;NOT_REJECTED;NOT_USPS_VALIDITY;NO_INVENTORY
96734,EXACT_IMLS_OUTLET_ZIP,HI0001,009,,EXACT_OUTLET;TIE_FSCSKEY_SEQ,EXACT_OUTLET;NOT_USPS_VALIDITY;NO_INVENTORY
96737,ZCTA_NEAREST_ACTIVE_OUTLET,HI0001,034,20.945,ZCTA_NN;R6371;TIE_FIRST_LEX,ZCTA_NN_HAVERSINE;NOT_ELIGIBILITY;NOT_USPS_VALIDITY;NO_INVENTORY
96738,ZCTA_NEAREST_ACTIVE_OUTLET,HI0001,037,21.505,ZCTA_NN;R6371;TIE_FIRST_LEX,ZCTA_NN_HAVERSINE;NOT_ELIGIBILITY;NOT_USPS_VALIDITY;NO_INVENTORY
96739,OBSERVED_REFERENCE_INDIRECT_ONLY,,,,INDIRECT_IMLS_SC;NO_FABRICATED_NEAREST,INDIRECT_IMLS_SC;NO_FABRICATED_NEAREST;NOT_REJECTED;NOT_USPS_VALIDITY;NO_INVENTORY
96740,EXACT_IMLS_OUTLET_ZIP,HI0001,029,,EXACT_OUTLET;TIE_FSCSKEY_SEQ,EXACT_OUTLET;NOT_USPS_VALIDITY;NO_INVENTORY
96741,ZCTA_NEAREST_ACTIVE_OUTLET,HI0001,049,7.686,ZCTA_NN;R6371;TIE_FIRST_LEX,ZCTA_NN_HAVERSINE;NOT_ELIGIBILITY;NOT_USPS_VALIDITY;NO_INVENTORY
96742,ZCTA_NEAREST_ACTIVE_OUTLET,HI0001,045,11.288,ZCTA_NN;R6371;TIE_FIRST_LEX,ZCTA_NN_HAVERSINE;NOT_ELIGIBILITY;NOT_USPS_VALIDITY;NO_INVENTORY
96743,EXACT_IMLS_OUTLET_ZIP,HI0001,037,,EXACT_OUTLET;TIE_FSCSKEY_SEQ,EXACT_OUTLET;NOT_USPS_VALIDITY;NO_INVENTORY
96744,EXACT_IMLS_OUTLET_ZIP,HI0001,012,,EXACT_OUTLET;TIE_FSCSKEY_SEQ,EXACT_OUTLET;NOT_USPS_VALIDITY;NO_INVENTORY
96745,OBSERVED_REFERENCE_INDIRECT_ONLY,,,,INDIRECT_IMLS_SC;NO_FABRICATED_NEAREST,INDIRECT_IMLS_SC;NO_FABRICATED_NEAREST;NOT_REJECTED;NOT_USPS_VALIDITY;NO_INVENTORY
96746,EXACT_IMLS_OUTLET_ZIP,HI0001,048,,EXACT_OUTLET;TIE_FSCSKEY_SEQ,EXACT_OUTLET;NOT_USPS_VALIDITY;NO_INVENTORY
96747,ZCTA_NEAREST_ACTIVE_OUTLET,HI0001,047,4.640,ZCTA_NN;R6371;TIE_FIRST_LEX,ZCTA_NN_HAVERSINE;NOT_ELIGIBILITY;NOT_USPS_VALIDITY;NO_INVENTORY
96748,EXACT_IMLS_OUTLET_ZIP,HI0001,045,,EXACT_OUTLET;TIE_FSCSKEY_SEQ,EXACT_OUTLET;NOT_USPS_VALIDITY;NO_INVENTORY
96749,EXACT_IMLS_OUTLET_ZIP,HI0001,030,,EXACT_OUTLET;TIE_FSCSKEY_SEQ,EXACT_OUTLET;NOT_USPS_VALIDITY;NO_INVENTORY
96750,EXACT_IMLS_OUTLET_ZIP,HI0001,031,,EXACT_OUTLET;TIE_FSCSKEY_SEQ,EXACT_OUTLET;NOT_USPS_VALIDITY;NO_INVENTORY
96751,ZCTA_NEAREST_ACTIVE_OUTLET,HI0001,048,3.400,ZCTA_NN;R6371;TIE_FIRST_LEX,ZCTA_NN_HAVERSINE;NOT_ELIGIBILITY;NOT_USPS_VALIDITY;NO_INVENTORY
96752,ZCTA_NEAREST_ACTIVE_OUTLET,HI0001,050,17.924,ZCTA_NN;R6371;TIE_FIRST_LEX,ZCTA_NN_HAVERSINE;NOT_ELIGIBILITY;NOT_USPS_VALIDITY;NO_INVENTORY
96753,EXACT_IMLS_OUTLET_ZIP,HI0001,041,,EXACT_OUTLET;TIE_FSCSKEY_SEQ,EXACT_OUTLET;NOT_USPS_VALIDITY;NO_INVENTORY
96754,ZCTA_NEAREST_ACTIVE_OUTLET,HI0001,059,7.621,ZCTA_NN;R6371;TIE_FIRST_LEX,ZCTA_NN_HAVERSINE;NOT_ELIGIBILITY;NOT_USPS_VALIDITY;NO_INVENTORY
96755,EXACT_IMLS_OUTLET_ZIP,HI0001,026,,EXACT_OUTLET;TIE_FSCSKEY_SEQ,EXACT_OUTLET;NOT_USPS_VALIDITY;NO_INVENTORY
96756,EXACT_IMLS_OUTLET_ZIP,HI0001,049,,EXACT_OUTLET;TIE_FSCSKEY_SEQ,EXACT_OUTLET;NOT_USPS_VALIDITY;NO_INVENTORY
96757,ZCTA_NEAREST_ACTIVE_OUTLET,HI0001,045,8.555,ZCTA_NN;R6371;TIE_FIRST_LEX,ZCTA_NN_HAVERSINE;NOT_ELIGIBILITY;NOT_USPS_VALIDITY;NO_INVENTORY
96759,ZCTA_NEAREST_ACTIVE_OUTLET,HI0001,019,5.396,ZCTA_NN;R6371;TIE_FIRST_LEX,ZCTA_NN_HAVERSINE;NOT_ELIGIBILITY;NOT_USPS_VALIDITY;NO_INVENTORY
96760,ZCTA_NEAREST_ACTIVE_OUTLET,HI0001,033,4.954,ZCTA_NN;R6371;TIE_FIRST_LEX,ZCTA_NN_HAVERSINE;NOT_ELIGIBILITY;NOT_USPS_VALIDITY;NO_INVENTORY
96761,EXACT_IMLS_OUTLET_ZIP,HI0001,042,,EXACT_OUTLET;TIE_FSCSKEY_SEQ,EXACT_OUTLET;NOT_USPS_VALIDITY;NO_INVENTORY
96762,ZCTA_NEAREST_ACTIVE_OUTLET,HI0001,008,6.434,ZCTA_NN;R6371;TIE_FIRST_LEX,ZCTA_NN_HAVERSINE;NOT_ELIGIBILITY;NOT_USPS_VALIDITY;NO_INVENTORY
96763,EXACT_IMLS_OUTLET_ZIP,HI0001,044,,EXACT_OUTLET;TIE_FSCSKEY_SEQ,EXACT_OUTLET;NOT_USPS_VALIDITY;NO_INVENTORY
96764,EXACT_IMLS_OUTLET_ZIP,HI0001,032,,EXACT_OUTLET;TIE_FSCSKEY_SEQ,EXACT_OUTLET;NOT_USPS_VALIDITY;NO_INVENTORY
96765,ZCTA_NEAREST_ACTIVE_OUTLET,HI0001,049,4.187,ZCTA_NN;R6371;TIE_FIRST_LEX,ZCTA_NN_HAVERSINE;NOT_ELIGIBILITY;NOT_USPS_VALIDITY;NO_INVENTORY
96766,EXACT_IMLS_OUTLET_ZIP,HI0001,046,,EXACT_OUTLET;TIE_FSCSKEY_SEQ,EXACT_OUTLET;NOT_USPS_VALIDITY;NO_INVENTORY
96767,OBSERVED_REFERENCE_INDIRECT_ONLY,,,,INDIRECT_IMLS_SC;NO_FABRICATED_NEAREST,INDIRECT_IMLS_SC;NO_FABRICATED_NEAREST;NOT_REJECTED;NOT_USPS_VALIDITY;NO_INVENTORY
96768,EXACT_IMLS_OUTLET_ZIP,HI0001,043,,EXACT_OUTLET;TIE_FSCSKEY_SEQ,EXACT_OUTLET;NOT_USPS_VALIDITY;NO_INVENTORY
96769,ZCTA_NEAREST_ACTIVE_OUTLET,HI0001,050,5.282,ZCTA_NN;R6371;TIE_FIRST_LEX,ZCTA_NN_HAVERSINE;NOT_ELIGIBILITY;NOT_USPS_VALIDITY;NO_INVENTORY
96770,ZCTA_NEAREST_ACTIVE_OUTLET,HI0001,045,20.186,ZCTA_NN;R6371;TIE_FIRST_LEX,ZCTA_NN_HAVERSINE;NOT_ELIGIBILITY;NOT_USPS_VALIDITY;NO_INVENTORY
96771,EXACT_IMLS_OUTLET_ZIP,HI0001,033,,EXACT_OUTLET;TIE_FSCSKEY_SEQ,EXACT_OUTLET;NOT_USPS_VALIDITY;NO_INVENTORY
96772,EXACT_IMLS_OUTLET_ZIP,HI0001,034,,EXACT_OUTLET;TIE_FSCSKEY_SEQ,EXACT_OUTLET;NOT_USPS_VALIDITY;NO_INVENTORY
96773,ZCTA_NEAREST_ACTIVE_OUTLET,HI0001,032,9.498,ZCTA_NN;R6371;TIE_FIRST_LEX,ZCTA_NN_HAVERSINE;NOT_ELIGIBILITY;NOT_USPS_VALIDITY;NO_INVENTORY
96774,ZCTA_NEAREST_ACTIVE_OUTLET,HI0001,032,9.206,ZCTA_NN;R6371;TIE_FIRST_LEX,ZCTA_NN_HAVERSINE;NOT_ELIGIBILITY;NOT_USPS_VALIDITY;NO_INVENTORY
96776,ZCTA_NEAREST_ACTIVE_OUTLET,HI0001,028,12.330,ZCTA_NN;R6371;TIE_FIRST_LEX,ZCTA_NN_HAVERSINE;NOT_ELIGIBILITY;NOT_USPS_VALIDITY;NO_INVENTORY
96777,EXACT_IMLS_OUTLET_ZIP,HI0001,035,,EXACT_OUTLET;TIE_FSCSKEY_SEQ,EXACT_OUTLET;NOT_USPS_VALIDITY;NO_INVENTORY
96778,EXACT_IMLS_OUTLET_ZIP,HI0001,036,,EXACT_OUTLET;TIE_FSCSKEY_SEQ,EXACT_OUTLET;NOT_USPS_VALIDITY;NO_INVENTORY
96779,ZCTA_NEAREST_ACTIVE_OUTLET,HI0001,040,9.400,ZCTA_NN;R6371;TIE_FIRST_LEX,ZCTA_NN_HAVERSINE;NOT_ELIGIBILITY;NOT_USPS_VALIDITY;NO_INVENTORY
96780,ZCTA_NEAREST_ACTIVE_OUTLET,HI0001,032,1.511,ZCTA_NN;R6371;TIE_FIRST_LEX,ZCTA_NN_HAVERSINE;NOT_ELIGIBILITY;NOT_USPS_VALIDITY;NO_INVENTORY
96781,ZCTA_NEAREST_ACTIVE_OUTLET,HI0001,025,14.615,ZCTA_NN;R6371;TIE_FIRST_LEX,ZCTA_NN_HAVERSINE;NOT_ELIGIBILITY;NOT_USPS_VALIDITY;NO_INVENTORY
96782,EXACT_IMLS_OUTLET_ZIP,HI0001,017,,EXACT_OUTLET;TIE_FSCSKEY_SEQ,EXACT_OUTLET;NOT_USPS_VALIDITY;NO_INVENTORY
96783,ZCTA_NEAREST_ACTIVE_OUTLET,HI0001,025,13.215,ZCTA_NN;R6371;TIE_FIRST_LEX,ZCTA_NN_HAVERSINE;NOT_ELIGIBILITY;NOT_USPS_VALIDITY;NO_INVENTORY
96784,OBSERVED_REFERENCE_INDIRECT_ONLY,,,,INDIRECT_IMLS_SC;NO_FABRICATED_NEAREST,INDIRECT_IMLS_SC;NO_FABRICATED_NEAREST;NOT_REJECTED;NOT_USPS_VALIDITY;NO_INVENTORY
96785,ZCTA_NEAREST_ACTIVE_OUTLET,HI0001,033,15.863,ZCTA_NN;R6371;TIE_FIRST_LEX,ZCTA_NN_HAVERSINE;NOT_ELIGIBILITY;NOT_USPS_VALIDITY;NO_INVENTORY
96786,EXACT_IMLS_OUTLET_ZIP,HI0001,019,,EXACT_OUTLET;TIE_FSCSKEY_SEQ,EXACT_OUTLET;NOT_USPS_VALIDITY;NO_INVENTORY
96788,OBSERVED_REFERENCE_INDIRECT_ONLY,,,,INDIRECT_IMLS_SC;NO_FABRICATED_NEAREST,INDIRECT_IMLS_SC;NO_FABRICATED_NEAREST;NOT_REJECTED;NOT_USPS_VALIDITY;NO_INVENTORY
96789,EXACT_IMLS_OUTLET_ZIP,HI0001,016,,EXACT_OUTLET;TIE_FSCSKEY_SEQ,EXACT_OUTLET;NOT_USPS_VALIDITY;NO_INVENTORY
96790,ZCTA_NEAREST_ACTIVE_OUTLET,HI0001,043,15.860,ZCTA_NN;R6371;TIE_FIRST_LEX,ZCTA_NN_HAVERSINE;NOT_ELIGIBILITY;NOT_USPS_VALIDITY;NO_INVENTORY
96791,EXACT_IMLS_OUTLET_ZIP,HI0001,020,,EXACT_OUTLET;TIE_FSCSKEY_SEQ,EXACT_OUTLET;NOT_USPS_VALIDITY;NO_INVENTORY
96792,EXACT_IMLS_OUTLET_ZIP,HI0001,021,,EXACT_OUTLET;TIE_FSCSKEY_SEQ,EXACT_OUTLET;NOT_USPS_VALIDITY;NO_INVENTORY
96793,EXACT_IMLS_OUTLET_ZIP,HI0001,038,,EXACT_OUTLET;TIE_FSCSKEY_SEQ,EXACT_OUTLET;NOT_USPS_VALIDITY;NO_INVENTORY
96795,EXACT_IMLS_OUTLET_ZIP,HI0001,023,,EXACT_OUTLET;TIE_FSCSKEY_SEQ,EXACT_OUTLET;NOT_USPS_VALIDITY;NO_INVENTORY
96796,EXACT_IMLS_OUTLET_ZIP,HI0001,050,,EXACT_OUTLET;TIE_FSCSKEY_SEQ,EXACT_OUTLET;NOT_USPS_VALIDITY;NO_INVENTORY
96797,EXACT_IMLS_OUTLET_ZIP,HI0001,024,,EXACT_OUTLET;TIE_FSCSKEY_SEQ,EXACT_OUTLET;NOT_USPS_VALIDITY;NO_INVENTORY
96799,ZCTA_NEAREST_ACTIVE_OUTLET,HI0001,034,4066.680,ZCTA_NN;R6371;TIE_FIRST_LEX,ZCTA_NN_HAVERSINE;NOT_ELIGIBILITY;NOT_USPS_VALIDITY;NO_INVENTORY
96801,OBSERVED_REFERENCE_INDIRECT_ONLY,,,,INDIRECT_IMLS_SC;NO_FABRICATED_NEAREST,INDIRECT_IMLS_SC;NO_FABRICATED_NEAREST;NOT_REJECTED;NOT_USPS_VALIDITY;NO_INVENTORY
96805,OBSERVED_REFERENCE_INDIRECT_ONLY,,,,INDIRECT_IMLS_SC;NO_FABRICATED_NEAREST,INDIRECT_IMLS_SC;NO_FABRICATED_NEAREST;NOT_REJECTED;NOT_USPS_VALIDITY;NO_INVENTORY
96808,OBSERVED_REFERENCE_INDIRECT_ONLY,,,,INDIRECT_IMLS_SC;NO_FABRICATED_NEAREST,INDIRECT_IMLS_SC;NO_FABRICATED_NEAREST;NOT_REJECTED;NOT_USPS_VALIDITY;NO_INVENTORY
96810,OBSERVED_REFERENCE_INDIRECT_ONLY,,,,INDIRECT_IMLS_SC;NO_FABRICATED_NEAREST,INDIRECT_IMLS_SC;NO_FABRICATED_NEAREST;NOT_REJECTED;NOT_USPS_VALIDITY;NO_INVENTORY
96812,OBSERVED_REFERENCE_INDIRECT_ONLY,,,,INDIRECT_IMLS_SC;NO_FABRICATED_NEAREST,INDIRECT_IMLS_SC;NO_FABRICATED_NEAREST;NOT_REJECTED;NOT_USPS_VALIDITY;NO_INVENTORY
96813,EXACT_IMLS_OUTLET_ZIP,HI0001,002,,EXACT_OUTLET;TIE_FSCSKEY_SEQ,EXACT_OUTLET;NOT_USPS_VALIDITY;NO_INVENTORY
96814,ZCTA_NEAREST_ACTIVE_OUTLET,HI0001,014,1.726,ZCTA_NN;R6371;TIE_FIRST_LEX,ZCTA_NN_HAVERSINE;NOT_ELIGIBILITY;NOT_USPS_VALIDITY;NO_INVENTORY
96815,EXACT_IMLS_OUTLET_ZIP,HI0001,003,,EXACT_OUTLET;TIE_FSCSKEY_SEQ,EXACT_OUTLET;NOT_USPS_VALIDITY;NO_INVENTORY
96816,EXACT_IMLS_OUTLET_ZIP,HI0001,010,,EXACT_OUTLET;TIE_FSCSKEY_SEQ,EXACT_OUTLET;NOT_USPS_VALIDITY;NO_INVENTORY
96817,EXACT_IMLS_OUTLET_ZIP,HI0001,013,,EXACT_OUTLET;TIE_FSCSKEY_SEQ,EXACT_OUTLET;NOT_USPS_VALIDITY;NO_INVENTORY
96818,EXACT_IMLS_OUTLET_ZIP,HI0001,018,,EXACT_OUTLET;TIE_FSCSKEY_SEQ,EXACT_OUTLET;NOT_USPS_VALIDITY;NO_INVENTORY
96819,EXACT_IMLS_OUTLET_ZIP,HI0001,011,,EXACT_OUTLET;TIE_FSCSKEY_SEQ,EXACT_OUTLET;NOT_USPS_VALIDITY;NO_INVENTORY
96820,ZCTA_NEAREST_ACTIVE_OUTLET,HI0001,018,1.141,ZCTA_NN;R6371;TIE_FIRST_LEX,ZCTA_NN_HAVERSINE;NOT_ELIGIBILITY;NOT_USPS_VALIDITY;NO_INVENTORY
96821,EXACT_IMLS_OUTLET_ZIP,HI0001,005,,EXACT_OUTLET;TIE_FSCSKEY_SEQ,EXACT_OUTLET;NOT_USPS_VALIDITY;NO_INVENTORY
96822,EXACT_IMLS_OUTLET_ZIP,HI0001,015,,EXACT_OUTLET;TIE_FSCSKEY_SEQ,EXACT_OUTLET;NOT_USPS_VALIDITY;NO_INVENTORY
96823,OBSERVED_REFERENCE_INDIRECT_ONLY,,,,INDIRECT_IMLS_SC;NO_FABRICATED_NEAREST,INDIRECT_IMLS_SC;NO_FABRICATED_NEAREST;NOT_REJECTED;NOT_USPS_VALIDITY;NO_INVENTORY
96824,OBSERVED_REFERENCE_INDIRECT_ONLY,,,,INDIRECT_IMLS_SC;NO_FABRICATED_NEAREST,INDIRECT_IMLS_SC;NO_FABRICATED_NEAREST;NOT_REJECTED;NOT_USPS_VALIDITY;NO_INVENTORY
96825,EXACT_IMLS_OUTLET_ZIP,HI0001,007,,EXACT_OUTLET;TIE_FSCSKEY_SEQ,EXACT_OUTLET;NOT_USPS_VALIDITY;NO_INVENTORY
96826,EXACT_IMLS_OUTLET_ZIP,HI0001,014,,EXACT_OUTLET;TIE_FSCSKEY_SEQ,EXACT_OUTLET;NOT_USPS_VALIDITY;NO_INVENTORY
96828,OBSERVED_REFERENCE_INDIRECT_ONLY,,,,INDIRECT_IMLS_SC;NO_FABRICATED_NEAREST,INDIRECT_IMLS_SC;NO_FABRICATED_NEAREST;NOT_REJECTED;NOT_USPS_VALIDITY;NO_INVENTORY
96830,OBSERVED_REFERENCE_INDIRECT_ONLY,,,,INDIRECT_IMLS_SC;NO_FABRICATED_NEAREST,INDIRECT_IMLS_SC;NO_FABRICATED_NEAREST;NOT_REJECTED;NOT_USPS_VALIDITY;NO_INVENTORY
96837,OBSERVED_REFERENCE_INDIRECT_ONLY,,,,INDIRECT_IMLS_SC;NO_FABRICATED_NEAREST,INDIRECT_IMLS_SC;NO_FABRICATED_NEAREST;NOT_REJECTED;NOT_USPS_VALIDITY;NO_INVENTORY
96839,OBSERVED_REFERENCE_INDIRECT_ONLY,,,,INDIRECT_IMLS_SC;NO_FABRICATED_NEAREST,INDIRECT_IMLS_SC;NO_FABRICATED_NEAREST;NOT_REJECTED;NOT_USPS_VALIDITY;NO_INVENTORY
96848,ZCTA_NEAREST_ACTIVE_OUTLET,HI0001,015,0.739,ZCTA_NN;R6371;TIE_FIRST_LEX,ZCTA_NN_HAVERSINE;NOT_ELIGIBILITY;NOT_USPS_VALIDITY;NO_INVENTORY
96850,ZCTA_NEAREST_ACTIVE_OUTLET,HI0001,002,0.495,ZCTA_NN;R6371;TIE_FIRST_LEX,ZCTA_NN_HAVERSINE;NOT_ELIGIBILITY;NOT_USPS_VALIDITY;NO_INVENTORY
96853,ZCTA_NEAREST_ACTIVE_OUTLET,HI0001,018,3.029,ZCTA_NN;R6371;TIE_FIRST_LEX,ZCTA_NN_HAVERSINE;NOT_ELIGIBILITY;NOT_USPS_VALIDITY;NO_INVENTORY
96854,OBSERVED_REFERENCE_INDIRECT_ONLY,,,,INDIRECT_IMLS_SC;NO_FABRICATED_NEAREST,INDIRECT_IMLS_SC;NO_FABRICATED_NEAREST;NOT_REJECTED;NOT_USPS_VALIDITY;NO_INVENTORY
96857,ZCTA_NEAREST_ACTIVE_OUTLET,HI0001,019,2.939,ZCTA_NN;R6371;TIE_FIRST_LEX,ZCTA_NN_HAVERSINE;NOT_ELIGIBILITY;NOT_USPS_VALIDITY;NO_INVENTORY
96858,ZCTA_NEAREST_ACTIVE_OUTLET,HI0001,011,1.686,ZCTA_NN;R6371;TIE_FIRST_LEX,ZCTA_NN_HAVERSINE;NOT_ELIGIBILITY;NOT_USPS_VALIDITY;NO_INVENTORY
96859,ZCTA_NEAREST_ACTIVE_OUTLET,HI0001,018,3.011,ZCTA_NN;R6371;TIE_FIRST_LEX,ZCTA_NN_HAVERSINE;NOT_ELIGIBILITY;NOT_USPS_VALIDITY;NO_INVENTORY
96860,ZCTA_NEAREST_ACTIVE_OUTLET,HI0001,004,3.380,ZCTA_NN;R6371;TIE_FIRST_LEX,ZCTA_NN_HAVERSINE;NOT_ELIGIBILITY;NOT_USPS_VALIDITY;NO_INVENTORY
96861,OBSERVED_REFERENCE_INDIRECT_ONLY,,,,INDIRECT_IMLS_SC;NO_FABRICATED_NEAREST,INDIRECT_IMLS_SC;NO_FABRICATED_NEAREST;NOT_REJECTED;NOT_USPS_VALIDITY;NO_INVENTORY
96863,ZCTA_NEAREST_ACTIVE_OUTLET,HI0001,009,4.545,ZCTA_NN;R6371;TIE_FIRST_LEX,ZCTA_NN_HAVERSINE;NOT_ELIGIBILITY;NOT_USPS_VALIDITY;NO_INVENTORY
96910,ZCTA_NEAREST_ACTIVE_OUTLET,AK0141,001,5480.710,ZCTA_NN;R6371;TIE_FIRST_LEX,ZCTA_NN_HAVERSINE;NOT_ELIGIBILITY;NOT_USPS_VALIDITY;NO_INVENTORY
96913,ZCTA_NEAREST_ACTIVE_OUTLET,AK0141,001,5474.528,ZCTA_NN;R6371;TIE_FIRST_LEX,ZCTA_NN_HAVERSINE;NOT_ELIGIBILITY;NOT_USPS_VALIDITY;NO_INVENTORY
96915,ZCTA_NEAREST_ACTIVE_OUTLET,AK0141,001,5490.350,ZCTA_NN;R6371;TIE_FIRST_LEX,ZCTA_NN_HAVERSINE;NOT_ELIGIBILITY;NOT_USPS_VALIDITY;NO_INVENTORY
96916,ZCTA_NEAREST_ACTIVE_OUTLET,AK0141,001,5501.791,ZCTA_NN;R6371;TIE_FIRST_LEX,ZCTA_NN_HAVERSINE;NOT_ELIGIBILITY;NOT_USPS_VALIDITY;NO_INVENTORY
96917,ZCTA_NEAREST_ACTIVE_OUTLET,AK0141,001,5497.474,ZCTA_NN;R6371;TIE_FIRST_LEX,ZCTA_NN_HAVERSINE;NOT_ELIGIBILITY;NOT_USPS_VALIDITY;NO_INVENTORY
96928,ZCTA_NEAREST_ACTIVE_OUTLET,AK0141,001,5494.920,ZCTA_NN;R6371;TIE_FIRST_LEX,ZCTA_NN_HAVERSINE;NOT_ELIGIBILITY;NOT_USPS_VALIDITY;NO_INVENTORY
96929,ZCTA_NEAREST_ACTIVE_OUTLET,AK0141,001,5462.542,ZCTA_NN;R6371;TIE_FIRST_LEX,ZCTA_NN_HAVERSINE;NOT_ELIGIBILITY;NOT_USPS_VALIDITY;NO_INVENTORY
96950,ZCTA_NEAREST_ACTIVE_OUTLET,AK0141,001,5259.502,ZCTA_NN;R6371;TIE_FIRST_LEX,ZCTA_NN_HAVERSINE;NOT_ELIGIBILITY;NOT_USPS_VALIDITY;NO_INVENTORY
96951,ZCTA_NEAREST_ACTIVE_OUTLET,AK0141,001,5388.134,ZCTA_NN;R6371;TIE_FIRST_LEX,ZCTA_NN_HAVERSINE;NOT_ELIGIBILITY;NOT_USPS_VALIDITY;NO_INVENTORY
96952,ZCTA_NEAREST_ACTIVE_OUTLET,AK0141,001,5283.747,ZCTA_NN;R6371;TIE_FIRST_LEX,ZCTA_NN_HAVERSINE;NOT_ELIGIBILITY;NOT_USPS_VALIDITY;NO_INVENTORY
97001,ZCTA_NEAREST_ACTIVE_OUTLET,OR0010,002,30.706,ZCTA_NN;R6371;TIE_FIRST_LEX,ZCTA_NN_HAVERSINE;NOT_ELIGIBILITY;NOT_USPS_VALIDITY;NO_INVENTORY
97002,ZCTA_NEAREST_ACTIVE_OUTLET,OR0103,002,7.404,ZCTA_NN;R6371;TIE_FIRST_LEX,ZCTA_NN_HAVERSINE;NOT_ELIGIBILITY;NOT_USPS_VALIDITY;NO_INVENTORY
97003,ZCTA_NEAREST_ACTIVE_OUTLET,OR9010,001,2.691,ZCTA_NN;R6371;TIE_FIRST_LEX,ZCTA_NN_HAVERSINE;NOT_ELIGIBILITY;NOT_USPS_VALIDITY;NO_INVENTORY
97004,ZCTA_NEAREST_ACTIVE_OUTLET,OR0004,003,9.891,ZCTA_NN;R6371;TIE_FIRST_LEX,ZCTA_NN_HAVERSINE;NOT_ELIGIBILITY;NOT_USPS_VALIDITY;NO_INVENTORY
97005,EXACT_IMLS_OUTLET_ZIP,OR0080,002,,EXACT_OUTLET;TIE_FSCSKEY_SEQ,EXACT_OUTLET;NOT_USPS_VALIDITY;NO_INVENTORY
97006,ZCTA_NEAREST_ACTIVE_OUTLET,OR0128,003,3.576,ZCTA_NN;R6371;TIE_FIRST_LEX,ZCTA_NN_HAVERSINE;NOT_ELIGIBILITY;NOT_USPS_VALIDITY;NO_INVENTORY
97007,EXACT_IMLS_OUTLET_ZIP,OR0080,003,,EXACT_OUTLET;TIE_FSCSKEY_SEQ,EXACT_OUTLET;NOT_USPS_VALIDITY;NO_INVENTORY
97008,ZCTA_NEAREST_ACTIVE_OUTLET,OR0080,002,2.551,ZCTA_NN;R6371;TIE_FIRST_LEX,ZCTA_NN_HAVERSINE;NOT_ELIGIBILITY;NOT_USPS_VALIDITY;NO_INVENTORY
97009,ZCTA_NEAREST_ACTIVE_OUTLET,OR0071,002,6.231,ZCTA_NN;R6371;TIE_FIRST_LEX,ZCTA_NN_HAVERSINE;NOT_ELIGIBILITY;NOT_USPS_VALIDITY;NO_INVENTORY
97010,OBSERVED_REFERENCE_INDIRECT_ONLY,,,,INDIRECT_IMLS_SC;NO_FABRICATED_NEAREST,INDIRECT_IMLS_SC;NO_FABRICATED_NEAREST;NOT_REJECTED;NOT_USPS_VALIDITY;NO_INVENTORY
97011,ZCTA_NEAREST_ACTIVE_OUTLET,OR0071,003,7.340,ZCTA_NN;R6371;TIE_FIRST_LEX,ZCTA_NN_HAVERSINE;NOT_ELIGIBILITY;NOT_USPS_VALIDITY;NO_INVENTORY
97013,EXACT_IMLS_OUTLET_ZIP,OR0110,002,,EXACT_OUTLET;TIE_FSCSKEY_SEQ,EXACT_OUTLET;NOT_USPS_VALIDITY;NO_INVENTORY
97014,EXACT_IMLS_OUTLET_ZIP,OR0144,002,,EXACT_OUTLET;TIE_FSCSKEY_SEQ,EXACT_OUTLET;NOT_USPS_VALIDITY;NO_INVENTORY
97015,EXACT_IMLS_OUTLET_ZIP,OR9008,001,,EXACT_OUTLET;TIE_FSCSKEY_SEQ,EXACT_OUTLET;NOT_USPS_VALIDITY;NO_INVENTORY
97016,EXACT_IMLS_OUTLET_ZIP,OR0112,002,,EXACT_OUTLET;TIE_FSCSKEY_SEQ,EXACT_OUTLET;NOT_USPS_VALIDITY;NO_INVENTORY
97017,ZCTA_NEAREST_ACTIVE_OUTLET,OR0004,003,13.975,ZCTA_NN;R6371;TIE_FIRST_LEX,ZCTA_NN_HAVERSINE;NOT_ELIGIBILITY;NOT_USPS_VALIDITY;NO_INVENTORY
97018,ZCTA_NEAREST_ACTIVE_OUTLET,OR0081,002,4.543,ZCTA_NN;R6371;TIE_FIRST_LEX,ZCTA_NN_HAVERSINE;NOT_ELIGIBILITY;NOT_USPS_VALIDITY;NO_INVENTORY
97019,ZCTA_NEAREST_ACTIVE_OUTLET,OR0071,002,10.782,ZCTA_NN;R6371;TIE_FIRST_LEX,ZCTA_NN_HAVERSINE;NOT_ELIGIBILITY;NOT_USPS_VALIDITY;NO_INVENTORY
97020,ZCTA_NEAREST_ACTIVE_OUTLET,OR0104,003,8.967,ZCTA_NN;R6371;TIE_FIRST_LEX,ZCTA_NN_HAVERSINE;NOT_ELIGIBILITY;NOT_USPS_VALIDITY;NO_INVENTORY
97021,EXACT_IMLS_OUTLET_ZIP,OR0123,002,,EXACT_OUTLET;TIE_FSCSKEY_SEQ,EXACT_OUTLET;NOT_USPS_VALIDITY;NO_INVENTORY
97022,ZCTA_NEAREST_ACTIVE_OUTLET,OR0004,002,5.704,ZCTA_NN;R6371;TIE_FIRST_LEX,ZCTA_NN_HAVERSINE;NOT_ELIGIBILITY;NOT_USPS_VALIDITY;NO_INVENTORY
97023,EXACT_IMLS_OUTLET_ZIP,OR0004,002,,EXACT_OUTLET;TIE_FSCSKEY_SEQ,EXACT_OUTLET;NOT_USPS_VALIDITY;NO_INVENTORY
97024,EXACT_IMLS_OUTLET_ZIP,OR0004,003,,EXACT_OUTLET;TIE_FSCSKEY_SEQ,EXACT_OUTLET;NOT_USPS_VALIDITY;NO_INVENTORY
97026,ZCTA_NEAREST_ACTIVE_OUTLET,OR0104,002,7.563,ZCTA_NN;R6371;TIE_FIRST_LEX,ZCTA_NN_HAVERSINE;NOT_ELIGIBILITY;NOT_USPS_VALIDITY;NO_INVENTORY
97027,EXACT_IMLS_OUTLET_ZIP,OR0011,002,,EXACT_OUTLET;TIE_FSCSKEY_SEQ,EXACT_OUTLET;NOT_USPS_VALIDITY;NO_INVENTORY
97028,ZCTA_NEAREST_ACTIVE_OUTLET,OR0071,003,13.791,ZCTA_NN;R6371;TIE_FIRST_LEX,ZCTA_NN_HAVERSINE;NOT_ELIGIBILITY;NOT_USPS_VALIDITY;NO_INVENTORY
97029,ZCTA_NEAREST_ACTIVE_OUTLET,OR9003,001,19.980,ZCTA_NN;R6371;TIE_FIRST_LEX,ZCTA_NN_HAVERSINE;NOT_ELIGIBILITY;NOT_USPS_VALIDITY;NO_INVENTORY
97030,EXACT_IMLS_OUTLET_ZIP,OR0063,008,,EXACT_OUTLET;TIE_FSCSKEY_SEQ,EXACT_OUTLET;NOT_USPS_VALIDITY;NO_INVENTORY
97031,EXACT_IMLS_OUTLET_ZIP,OR0144,001,,EXACT_OUTLET;TIE_FSCSKEY_SEQ,EXACT_OUTLET;NOT_USPS_VALIDITY;NO_INVENTORY
97032,ZCTA_NEAREST_ACTIVE_OUTLET,OR0104,003,6.973,ZCTA_NN;R6371;TIE_FIRST_LEX,ZCTA_NN_HAVERSINE;NOT_ELIGIBILITY;NOT_USPS_VALIDITY;NO_INVENTORY
97033,ZCTA_NEAREST_ACTIVE_OUTLET,OR0113,002,31.527,ZCTA_NN;R6371;TIE_FIRST_LEX,ZCTA_NN_HAVERSINE;NOT_ELIGIBILITY;NOT_USPS_VALIDITY;NO_INVENTORY
97034,EXACT_IMLS_OUTLET_ZIP,OR0029,002,,EXACT_OUTLET;TIE_FSCSKEY_SEQ,EXACT_OUTLET;NOT_USPS_VALIDITY;NO_INVENTORY
97035,ZCTA_NEAREST_ACTIVE_OUTLET,OR0086,002,3.310,ZCTA_NN;R6371;TIE_FIRST_LEX,ZCTA_NN_HAVERSINE;NOT_ELIGIBILITY;NOT_USPS_VALIDITY;NO_INVENTORY
97036,OBSERVED_REFERENCE_INDIRECT_ONLY,,,,INDIRECT_IMLS_SC;NO_FABRICATED_NEAREST,INDIRECT_IMLS_SC;NO_FABRICATED_NEAREST;NOT_REJECTED;NOT_USPS_VALIDITY;NO_INVENTORY
97037,EXACT_IMLS_OUTLET_ZIP,OR0038,002,,EXACT_OUTLET;TIE_FSCSKEY_SEQ,EXACT_OUTLET;NOT_USPS_VALIDITY;NO_INVENTORY
97038,EXACT_IMLS_OUTLET_ZIP,OR0044,002,,EXACT_OUTLET;TIE_FSCSKEY_SEQ,EXACT_OUTLET;NOT_USPS_VALIDITY;NO_INVENTORY
97039,EXACT_IMLS_OUTLET_ZIP,OR9003,001,,EXACT_OUTLET;TIE_FSCSKEY_SEQ,EXACT_OUTLET;NOT_USPS_VALIDITY;NO_INVENTORY
97040,ZCTA_NEAREST_ACTIVE_OUTLET,OR0144,001,14.153,ZCTA_NN;R6371;TIE_FIRST_LEX,ZCTA_NN_HAVERSINE;NOT_ELIGIBILITY;NOT_USPS_VALIDITY;NO_INVENTORY
97041,EXACT_IMLS_OUTLET_ZIP,OR0144,003,,EXACT_OUTLET;TIE_FSCSKEY_SEQ,EXACT_OUTLET;NOT_USPS_VALIDITY;NO_INVENTORY
97042,ZCTA_NEAREST_ACTIVE_OUTLET,OR0044,002,7.781,ZCTA_NN;R6371;TIE_FIRST_LEX,ZCTA_NN_HAVERSINE;NOT_ELIGIBILITY;NOT_USPS_VALIDITY;NO_INVENTORY
97044,OBSERVED_REFERENCE_INDIRECT_ONLY,,,,INDIRECT_IMLS_SC;NO_FABRICATED_NEAREST,INDIRECT_IMLS_SC;NO_FABRICATED_NEAREST;NOT_REJECTED;NOT_USPS_VALIDITY;NO_INVENTORY
97045,EXACT_IMLS_OUTLET_ZIP,OR0056,002,,EXACT_OUTLET;TIE_FSCSKEY_SEQ,EXACT_OUTLET;NOT_USPS_VALIDITY;NO_INVENTORY
97048,EXACT_IMLS_OUTLET_ZIP,OR0066,002,,EXACT_OUTLET;TIE_FSCSKEY_SEQ,EXACT_OUTLET;NOT_USPS_VALIDITY;NO_INVENTORY
97049,ZCTA_NEAREST_ACTIVE_OUTLET,OR0071,003,7.551,ZCTA_NN;R6371;TIE_FIRST_LEX,ZCTA_NN_HAVERSINE;NOT_ELIGIBILITY;NOT_USPS_VALIDITY;NO_INVENTORY
97050,ZCTA_NEAREST_ACTIVE_OUTLET,WA0058,004,16.611,ZCTA_NN;R6371;TIE_FIRST_LEX,ZCTA_NN_HAVERSINE;NOT_ELIGIBILITY;NOT_USPS_VALIDITY;NO_INVENTORY
97051,EXACT_IMLS_OUTLET_ZIP,OR0081,002,,EXACT_OUTLET;TIE_FSCSKEY_SEQ,EXACT_OUTLET;NOT_USPS_VALIDITY;NO_INVENTORY
97053,ZCTA_NEAREST_ACTIVE_OUTLET,OR0081,002,6.114,ZCTA_NN;R6371;TIE_FIRST_LEX,ZCTA_NN_HAVERSINE;NOT_ELIGIBILITY;NOT_USPS_VALIDITY;NO_INVENTORY
97054,ZCTA_NEAREST_ACTIVE_OUTLET,WA0012,002,8.360,ZCTA_NN;R6371;TIE_FIRST_LEX,ZCTA_NN_HAVERSINE;NOT_ELIGIBILITY;NOT_USPS_VALIDITY;NO_INVENTORY
97055,EXACT_IMLS_OUTLET_ZIP,OR0071,002,,EXACT_OUTLET;TIE_FSCSKEY_SEQ,EXACT_OUTLET;NOT_USPS_VALIDITY;NO_INVENTORY
97056,EXACT_IMLS_OUTLET_ZIP,OR0072,002,,EXACT_OUTLET;TIE_FSCSKEY_SEQ,EXACT_OUTLET;NOT_USPS_VALIDITY;NO_INVENTORY
97057,ZCTA_NEAREST_ACTIVE_OUTLET,OR0038,002,32.186,ZCTA_NN;R6371;TIE_FIRST_LEX,ZCTA_NN_HAVERSINE;NOT_ELIGIBILITY;NOT_USPS_VALIDITY;NO_INVENTORY
97058,EXACT_IMLS_OUTLET_ZIP,OR0085,002,,EXACT_OUTLET;TIE_FSCSKEY_SEQ,EXACT_OUTLET;NOT_USPS_VALIDITY;NO_INVENTORY
97060,EXACT_IMLS_OUTLET_ZIP,OR0063,023,,EXACT_OUTLET;TIE_FSCSKEY_SEQ,EXACT_OUTLET;NOT_USPS_VALIDITY;NO_INVENTORY
97062,EXACT_IMLS_OUTLET_ZIP,OR0090,002,,EXACT_OUTLET;TIE_FSCSKEY_SEQ,EXACT_OUTLET;NOT_USPS_VALIDITY;NO_INVENTORY
97063,ZCTA_NEAREST_ACTIVE_OUTLET,OR0038,002,18.025,ZCTA_NN;R6371;TIE_FIRST_LEX,ZCTA_NN_HAVERSINE;NOT_ELIGIBILITY;NOT_USPS_VALIDITY;NO_INVENTORY
97064,EXACT_IMLS_OUTLET_ZIP,OR0096,002,,EXACT_OUTLET;TIE_FSCSKEY_SEQ,EXACT_OUTLET;NOT_USPS_VALIDITY;NO_INVENTORY
97065,ZCTA_NEAREST_ACTIVE_OUTLET,OR9003,001,16.779,ZCTA_NN;R6371;TIE_FIRST_LEX,ZCTA_NN_HAVERSINE;NOT_ELIGIBILITY;NOT_USPS_VALIDITY;NO_INVENTORY
97067,EXACT_IMLS_OUTLET_ZIP,OR0071,003,,EXACT_OUTLET;TIE_FSCSKEY_SEQ,EXACT_OUTLET;NOT_USPS_VALIDITY;NO_INVENTORY
97068,EXACT_IMLS_OUTLET_ZIP,OR0099,002,,EXACT_OUTLET;TIE_FSCSKEY_SEQ,EXACT_OUTLET;NOT_USPS_VALIDITY;NO_INVENTORY
97070,EXACT_IMLS_OUTLET_ZIP,OR0103,002,,EXACT_OUTLET;TIE_FSCSKEY_SEQ,EXACT_OUTLET;NOT_USPS_VALIDITY;NO_INVENTORY
97071,EXACT_IMLS_OUTLET_ZIP,OR0104,002,,EXACT_OUTLET;TIE_FSCSKEY_SEQ,EXACT_OUTLET;NOT_USPS_VALIDITY;NO_INVENTORY
97072,EXACT_IMLS_OUTLET_ZIP,OR0104,003,,EXACT_OUTLET;TIE_FSCSKEY_SEQ,EXACT_OUTLET;NOT_USPS_VALIDITY;NO_INVENTORY
97075,OBSERVED_REFERENCE_INDIRECT_ONLY,,,,INDIRECT_IMLS_SC;NO_FABRICATED_NEAREST,INDIRECT_IMLS_SC;NO_FABRICATED_NEAREST;NOT_REJECTED;NOT_USPS_VALIDITY;NO_INVENTORY
97077,OBSERVED_REFERENCE_INDIRECT_ONLY,,,,INDIRECT_IMLS_SC;NO_FABRICATED_NEAREST,INDIRECT_IMLS_SC;NO_FABRICATED_NEAREST;NOT_REJECTED;NOT_USPS_VALIDITY;NO_INVENTORY
97078,ZCTA_NEAREST_ACTIVE_OUTLET,OR9010,001,2.695,ZCTA_NN;R6371;TIE_FIRST_LEX,ZCTA_NN_HAVERSINE;NOT_ELIGIBILITY;NOT_USPS_VALIDITY;NO_INVENTORY
97080,ZCTA_NEAREST_ACTIVE_OUTLET,OR0063,008,4.079,ZCTA_NN;R6371;TIE_FIRST_LEX,ZCTA_NN_HAVERSINE;NOT_ELIGIBILITY;NOT_USPS_VALIDITY;NO_INVENTORY
97086,ZCTA_NEAREST_ACTIVE_OUTLET,OR9008,001,2.795,ZCTA_NN;R6371;TIE_FIRST_LEX,ZCTA_NN_HAVERSINE;NOT_ELIGIBILITY;NOT_USPS_VALIDITY;NO_INVENTORY
97089,ZCTA_NEAREST_ACTIVE_OUTLET,OR9008,001,5.477,ZCTA_NN;R6371;TIE_FIRST_LEX,ZCTA_NN_HAVERSINE;NOT_ELIGIBILITY;NOT_USPS_VALIDITY;NO_INVENTORY
97101,EXACT_IMLS_OUTLET_ZIP,OR0002,002,,EXACT_OUTLET;TIE_FSCSKEY_SEQ,EXACT_OUTLET;NOT_USPS_VALIDITY;NO_INVENTORY
97102,ZCTA_NEAREST_ACTIVE_OUTLET,OR0087,006,7.850,ZCTA_NN;R6371;TIE_FIRST_LEX,ZCTA_NN_HAVERSINE;NOT_ELIGIBILITY;NOT_USPS_VALIDITY;NO_INVENTORY
97103,EXACT_IMLS_OUTLET_ZIP,OR0023,002,,EXACT_OUTLET;TIE_FSCSKEY_SEQ,EXACT_OUTLET;NOT_USPS_VALIDITY;NO_INVENTORY
97106,EXACT_IMLS_OUTLET_ZIP,OR0138,002,,EXACT_OUTLET;TIE_FSCSKEY_SEQ,EXACT_OUTLET;NOT_USPS_VALIDITY;NO_INVENTORY
97107,EXACT_IMLS_OUTLET_ZIP,OR0087,004,,EXACT_OUTLET;TIE_FSCSKEY_SEQ,EXACT_OUTLET;NOT_USPS_VALIDITY;NO_INVENTORY
97108,ZCTA_NEAREST_ACTIVE_OUTLET,OR0087,007,23.572,ZCTA_NN;R6371;TIE_FIRST_LEX,ZCTA_NN_HAVERSINE;NOT_ELIGIBILITY;NOT_USPS_VALIDITY;NO_INVENTORY
97109,ZCTA_NEAREST_ACTIVE_OUTLET,OR0096,002,13.371,ZCTA_NN;R6371;TIE_FIRST_LEX,ZCTA_NN_HAVERSINE;NOT_ELIGIBILITY;NOT_USPS_VALIDITY;NO_INVENTORY
97110,ZCTA_NEAREST_ACTIVE_OUTLET,OR0074,002,11.545,ZCTA_NN;R6371;TIE_FIRST_LEX,ZCTA_NN_HAVERSINE;NOT_ELIGIBILITY;NOT_USPS_VALIDITY;NO_INVENTORY
97111,ZCTA_NEAREST_ACTIVE_OUTLET,OR0039,002,8.348,ZCTA_NN;R6371;TIE_FIRST_LEX,ZCTA_NN_HAVERSINE;NOT_ELIGIBILITY;NOT_USPS_VALIDITY;NO_INVENTORY
97112,ZCTA_NEAREST_ACTIVE_OUTLET,OR0087,007,10.220,ZCTA_NN;R6371;TIE_FIRST_LEX,ZCTA_NN_HAVERSINE;NOT_ELIGIBILITY;NOT_USPS_VALIDITY;NO_INVENTORY
97113,EXACT_IMLS_OUTLET_ZIP,OR0118,002,,EXACT_OUTLET;TIE_FSCSKEY_SEQ,EXACT_OUTLET;NOT_USPS_VALIDITY;NO_INVENTORY
97114,EXACT_IMLS_OUTLET_ZIP,OR0122,002,,EXACT_OUTLET;TIE_FSCSKEY_SEQ,EXACT_OUTLET;NOT_USPS_VALIDITY;NO_INVENTORY
97115,ZCTA_NEAREST_ACTIVE_OUTLET,OR0050,002,4.876,ZCTA_NN;R6371;TIE_FIRST_LEX,ZCTA_NN_HAVERSINE;NOT_ELIGIBILITY;NOT_USPS_VALIDITY;NO_INVENTORY
97116,EXACT_IMLS_OUTLET_ZIP,OR0009,002,,EXACT_OUTLET;TIE_FSCSKEY_SEQ,EXACT_OUTLET;NOT_USPS_VALIDITY;NO_INVENTORY
97117,ZCTA_NEAREST_ACTIVE_OUTLET,OR0138,002,17.318,ZCTA_NN;R6371;TIE_FIRST_LEX,ZCTA_NN_HAVERSINE;NOT_ELIGIBILITY;NOT_USPS_VALIDITY;NO_INVENTORY
97118,EXACT_IMLS_OUTLET_ZIP,OR0087,005,,EXACT_OUTLET;TIE_FSCSKEY_SEQ,EXACT_OUTLET;NOT_USPS_VALIDITY;NO_INVENTORY
97119,ZCTA_NEAREST_ACTIVE_OUTLET,OR0009,002,10.255,ZCTA_NN;R6371;TIE_FIRST_LEX,ZCTA_NN_HAVERSINE;NOT_ELIGIBILITY;NOT_USPS_VALIDITY;NO_INVENTORY
97121,ZCTA_NEAREST_ACTIVE_OUTLET,OR0137,002,6.148,ZCTA_NN;R6371;TIE_FIRST_LEX,ZCTA_NN_HAVERSINE;NOT_ELIGIBILITY;NOT_USPS_VALIDITY;NO_INVENTORY
97122,ZCTA_NEAREST_ACTIVE_OUTLET,OR0087,007,11.528,ZCTA_NN;R6371;TIE_FIRST_LEX,ZCTA_NN_HAVERSINE;NOT_ELIGIBILITY;NOT_USPS_VALIDITY;NO_INVENTORY
97123,EXACT_IMLS_OUTLET_ZIP,OR0019,006,,EXACT_OUTLET;TIE_FSCSKEY_SEQ,EXACT_OUTLET;NOT_USPS_VALIDITY;NO_INVENTORY
97124,EXACT_IMLS_OUTLET_ZIP,OR0019,008,,EXACT_OUTLET;TIE_FSCSKEY_SEQ,EXACT_OUTLET;NOT_USPS_VALIDITY;NO_INVENTORY
97125,ZCTA_NEAREST_ACTIVE_OUTLET,OR0138,002,9.350,ZCTA_NN;R6371;TIE_FIRST_LEX,ZCTA_NN_HAVERSINE;NOT_ELIGIBILITY;NOT_USPS_VALIDITY;NO_INVENTORY
97127,ZCTA_NEAREST_ACTIVE_OUTLET,OR0122,002,3.980,ZCTA_NN;R6371;TIE_FIRST_LEX,ZCTA_NN_HAVERSINE;NOT_ELIGIBILITY;NOT_USPS_VALIDITY;NO_INVENTORY
97128,EXACT_IMLS_OUTLET_ZIP,OR0039,002,,EXACT_OUTLET;TIE_FSCSKEY_SEQ,EXACT_OUTLET;NOT_USPS_VALIDITY;NO_INVENTORY
97130,EXACT_IMLS_OUTLET_ZIP,OR0087,006,,EXACT_OUTLET;TIE_FSCSKEY_SEQ,EXACT_OUTLET;NOT_USPS_VALIDITY;NO_INVENTORY
97131,ZCTA_NEAREST_ACTIVE_OUTLET,OR0087,006,8.372,ZCTA_NN;R6371;TIE_FIRST_LEX,ZCTA_NN_HAVERSINE;NOT_ELIGIBILITY;NOT_USPS_VALIDITY;NO_INVENTORY
97132,EXACT_IMLS_OUTLET_ZIP,OR0050,002,,EXACT_OUTLET;TIE_FSCSKEY_SEQ,EXACT_OUTLET;NOT_USPS_VALIDITY;NO_INVENTORY
97133,EXACT_IMLS_OUTLET_ZIP,OR0141,001,,EXACT_OUTLET;TIE_FSCSKEY_SEQ,EXACT_OUTLET;NOT_USPS_VALIDITY;NO_INVENTORY
97134,ZCTA_NEAREST_ACTIVE_OUTLET,OR0087,004,9.359,ZCTA_NN;R6371;TIE_FIRST_LEX,ZCTA_NN_HAVERSINE;NOT_ELIGIBILITY;NOT_USPS_VALIDITY;NO_INVENTORY
97135,EXACT_IMLS_OUTLET_ZIP,OR0087,007,,EXACT_OUTLET;TIE_FSCSKEY_SEQ,EXACT_OUTLET;NOT_USPS_VALIDITY;NO_INVENTORY
97136,EXACT_IMLS_OUTLET_ZIP,OR0087,008,,EXACT_OUTLET;TIE_FSCSKEY_SEQ,EXACT_OUTLET;NOT_USPS_VALIDITY;NO_INVENTORY
97137,ZCTA_NEAREST_ACTIVE_OUTLET,OR0050,002,9.308,ZCTA_NN;R6371;TIE_FIRST_LEX,ZCTA_NN_HAVERSINE;NOT_ELIGIBILITY;NOT_USPS_VALIDITY;NO_INVENTORY
97138,EXACT_IMLS_OUTLET_ZIP,OR0074,002,,EXACT_OUTLET;TIE_FSCSKEY_SEQ,EXACT_OUTLET;NOT_USPS_VALIDITY;NO_INVENTORY
97140,EXACT_IMLS_OUTLET_ZIP,OR0133,002,,EXACT_OUTLET;TIE_FSCSKEY_SEQ,EXACT_OUTLET;NOT_USPS_VALIDITY;NO_INVENTORY
97141,EXACT_IMLS_OUTLET_ZIP,OR0087,002,,EXACT_OUTLET;TIE_FSCSKEY_SEQ,EXACT_OUTLET;NOT_USPS_VALIDITY;NO_INVENTORY
97143,OBSERVED_REFERENCE_INDIRECT_ONLY,,,,INDIRECT_IMLS_SC;NO_FABRICATED_NEAREST,INDIRECT_IMLS_SC;NO_FABRICATED_NEAREST;NOT_REJECTED;NOT_USPS_VALIDITY;NO_INVENTORY
97144,ZCTA_NEAREST_ACTIVE_OUTLET,OR0096,002,15.175,ZCTA_NN;R6371;TIE_FIRST_LEX,ZCTA_NN_HAVERSINE;NOT_ELIGIBILITY;NOT_USPS_VALIDITY;NO_INVENTORY
97145,ZCTA_NEAREST_ACTIVE_OUTLET,OR0087,006,13.929,ZCTA_NN;R6371;TIE_FIRST_LEX,ZCTA_NN_HAVERSINE;NOT_ELIGIBILITY;NOT_USPS_VALIDITY;NO_INVENTORY
97146,EXACT_IMLS_OUTLET_ZIP,OR0137,002,,EXACT_OUTLET;TIE_FSCSKEY_SEQ,EXACT_OUTLET;NOT_USPS_VALIDITY;NO_INVENTORY
97147,ZCTA_NEAREST_ACTIVE_OUTLET,OR0087,006,5.151,ZCTA_NN;R6371;TIE_FIRST_LEX,ZCTA_NN_HAVERSINE;NOT_ELIGIBILITY;NOT_USPS_VALIDITY;NO_INVENTORY
97148,ZCTA_NEAREST_ACTIVE_OUTLET,OR0039,002,17.550,ZCTA_NN;R6371;TIE_FIRST_LEX,ZCTA_NN_HAVERSINE;NOT_ELIGIBILITY;NOT_USPS_VALIDITY;NO_INVENTORY
97149,ZCTA_NEAREST_ACTIVE_OUTLET,OR0087,007,10.130,ZCTA_NN;R6371;TIE_FIRST_LEX,ZCTA_NN_HAVERSINE;NOT_ELIGIBILITY;NOT_USPS_VALIDITY;NO_INVENTORY
97201,ZCTA_NEAREST_ACTIVE_OUTLET,OR0063,021,3.112,ZCTA_NN;R6371;TIE_FIRST_LEX,ZCTA_NN_HAVERSINE;NOT_ELIGIBILITY;NOT_USPS_VALIDITY;NO_INVENTORY
97202,EXACT_IMLS_OUTLET_ZIP,OR0063,015,,EXACT_OUTLET;TIE_FSCSKEY_SEQ,EXACT_OUTLET;NOT_USPS_VALIDITY;NO_INVENTORY
97203,EXACT_IMLS_OUTLET_ZIP,OR0063,016,,EXACT_OUTLET;TIE_FSCSKEY_SEQ,EXACT_OUTLET;NOT_USPS_VALIDITY;NO_INVENTORY
97204,ZCTA_NEAREST_ACTIVE_OUTLET,OR0063,002,2.457,ZCTA_NN;R6371;TIE_FIRST_LEX,ZCTA_NN_HAVERSINE;NOT_ELIGIBILITY;NOT_USPS_VALIDITY;NO_INVENTORY
97205,ZCTA_NEAREST_ACTIVE_OUTLET,OR0063,021,1.726,ZCTA_NN;R6371;TIE_FIRST_LEX,ZCTA_NN_HAVERSINE;NOT_ELIGIBILITY;NOT_USPS_VALIDITY;NO_INVENTORY
97206,EXACT_IMLS_OUTLET_ZIP,OR0063,017,,EXACT_OUTLET;TIE_FSCSKEY_SEQ,EXACT_OUTLET;NOT_USPS_VALIDITY;NO_INVENTORY
97207,OBSERVED_REFERENCE_INDIRECT_ONLY,,,,INDIRECT_IMLS_SC;NO_FABRICATED_NEAREST,INDIRECT_IMLS_SC;NO_FABRICATED_NEAREST;NOT_REJECTED;NOT_USPS_VALIDITY;NO_INVENTORY
97208,ZCTA_NEAREST_ACTIVE_OUTLET,OR0063,021,1.747,ZCTA_NN;R6371;TIE_FIRST_LEX,ZCTA_NN_HAVERSINE;NOT_ELIGIBILITY;NOT_USPS_VALIDITY;NO_INVENTORY
97209,ZCTA_NEAREST_ACTIVE_OUTLET,OR0063,021,1.283,ZCTA_NN;R6371;TIE_FIRST_LEX,ZCTA_NN_HAVERSINE;NOT_ELIGIBILITY;NOT_USPS_VALIDITY;NO_INVENTORY
97210,EXACT_IMLS_OUTLET_ZIP,OR0063,021,,EXACT_OUTLET;TIE_FSCSKEY_SEQ,EXACT_OUTLET;NOT_USPS_VALIDITY;NO_INVENTORY
97211,ZCTA_NEAREST_ACTIVE_OUTLET,OR0063,022,3.873,ZCTA_NN;R6371;TIE_FIRST_LEX,ZCTA_NN_HAVERSINE;NOT_ELIGIBILITY;NOT_USPS_VALIDITY;NO_INVENTORY
97212,EXACT_IMLS_OUTLET_ZIP,OR0063,011,,EXACT_OUTLET;TIE_FSCSKEY_SEQ,EXACT_OUTLET;NOT_USPS_VALIDITY;NO_INVENTORY
97213,EXACT_IMLS_OUTLET_ZIP,OR0063,007,,EXACT_OUTLET;TIE_FSCSKEY_SEQ,EXACT_OUTLET;NOT_USPS_VALIDITY;NO_INVENTORY
97214,EXACT_IMLS_OUTLET_ZIP,OR0063,005,,EXACT_OUTLET;TIE_FSCSKEY_SEQ,EXACT_OUTLET;NOT_USPS_VALIDITY;NO_INVENTORY
97215,ZCTA_NEAREST_ACTIVE_OUTLET,OR0063,005,1.989,ZCTA_NN;R6371;TIE_FIRST_LEX,ZCTA_NN_HAVERSINE;NOT_ELIGIBILITY;NOT_USPS_VALIDITY;NO_INVENTORY
97216,ZCTA_NEAREST_ACTIVE_OUTLET,OR0063,007,4.524,ZCTA_NN;R6371;TIE_FIRST_LEX,ZCTA_NN_HAVERSINE;NOT_ELIGIBILITY;NOT_USPS_VALIDITY;NO_INVENTORY
97217,EXACT_IMLS_OUTLET_ZIP,OR0063,022,,EXACT_OUTLET;TIE_FSCSKEY_SEQ,EXACT_OUTLET;NOT_USPS_VALIDITY;NO_INVENTORY
97218,ZCTA_NEAREST_ACTIVE_OUTLET,OR0063,007,3.157,ZCTA_NN;R6371;TIE_FIRST_LEX,ZCTA_NN_HAVERSINE;NOT_ELIGIBILITY;NOT_USPS_VALIDITY;NO_INVENTORY
97219,EXACT_IMLS_OUTLET_ZIP,OR0063,006,,EXACT_OUTLET;TIE_FSCSKEY_SEQ,EXACT_OUTLET;NOT_USPS_VALIDITY;NO_INVENTORY
97220,ZCTA_NEAREST_ACTIVE_OUTLET,OR0063,007,1.685,ZCTA_NN;R6371;TIE_FIRST_LEX,ZCTA_NN_HAVERSINE;NOT_ELIGIBILITY;NOT_USPS_VALIDITY;NO_INVENTORY
97221,ZCTA_NEAREST_ACTIVE_OUTLET,OR9018,001,2.155,ZCTA_NN;R6371;TIE_FIRST_LEX,ZCTA_NN_HAVERSINE;NOT_ELIGIBILITY;NOT_USPS_VALIDITY;NO_INVENTORY
97222,EXACT_IMLS_OUTLET_ZIP,OR0043,002,,EXACT_OUTLET;TIE_FSCSKEY_SEQ,EXACT_OUTLET;NOT_USPS_VALIDITY;NO_INVENTORY
97223,EXACT_IMLS_OUTLET_ZIP,OR0086,002,,EXACT_OUTLET;TIE_FSCSKEY_SEQ,EXACT_OUTLET;NOT_USPS_VALIDITY;NO_INVENTORY
97224,ZCTA_NEAREST_ACTIVE_OUTLET,OR0086,002,2.999,ZCTA_NN;R6371;TIE_FIRST_LEX,ZCTA_NN_HAVERSINE;NOT_ELIGIBILITY;NOT_USPS_VALIDITY;NO_INVENTORY
97225,EXACT_IMLS_OUTLET_ZIP,OR9018,001,,EXACT_OUTLET;TIE_FSCSKEY_SEQ,EXACT_OUTLET;NOT_USPS_VALIDITY;NO_INVENTORY
97227,ZCTA_NEAREST_ACTIVE_OUTLET,OR0063,021,1.965,ZCTA_NN;R6371;TIE_FIRST_LEX,ZCTA_NN_HAVERSINE;NOT_ELIGIBILITY;NOT_USPS_VALIDITY;NO_INVENTORY
97228,OBSERVED_REFERENCE_INDIRECT_ONLY,,,,INDIRECT_IMLS_SC;NO_FABRICATED_NEAREST,INDIRECT_IMLS_SC;NO_FABRICATED_NEAREST;NOT_REJECTED;NOT_USPS_VALIDITY;NO_INVENTORY
97229,EXACT_IMLS_OUTLET_ZIP,OR0128,002,,EXACT_OUTLET;TIE_FSCSKEY_SEQ,EXACT_OUTLET;NOT_USPS_VALIDITY;NO_INVENTORY
97230,ZCTA_NEAREST_ACTIVE_OUTLET,OR0063,014,4.752,ZCTA_NN;R6371;TIE_FIRST_LEX,ZCTA_NN_HAVERSINE;NOT_ELIGIBILITY;NOT_USPS_VALIDITY;NO_INVENTORY
97231,ZCTA_NEAREST_ACTIVE_OUTLET,OR0072,002,8.729,ZCTA_NN;R6371;TIE_FIRST_LEX,ZCTA_NN_HAVERSINE;NOT_ELIGIBILITY;NOT_USPS_VALIDITY;NO_INVENTORY
97232,EXACT_IMLS_OUTLET_ZIP,OR0063,002,,EXACT_OUTLET;TIE_FSCSKEY_SEQ,EXACT_OUTLET;NOT_USPS_VALIDITY;NO_INVENTORY
97233,EXACT_IMLS_OUTLET_ZIP,OR0063,014,,EXACT_OUTLET;TIE_FSCSKEY_SEQ,EXACT_OUTLET;NOT_USPS_VALIDITY;NO_INVENTORY
97236,ZCTA_NEAREST_ACTIVE_OUTLET,OR0063,014,4.789,ZCTA_NN;R6371;TIE_FIRST_LEX,ZCTA_NN_HAVERSINE;NOT_ELIGIBILITY;NOT_USPS_VALIDITY;NO_INVENTORY
97238,OBSERVED_REFERENCE_INDIRECT_ONLY,,,,INDIRECT_IMLS_SC;NO_FABRICATED_NEAREST,INDIRECT_IMLS_SC;NO_FABRICATED_NEAREST;NOT_REJECTED;NOT_USPS_VALIDITY;NO_INVENTORY
97239,EXACT_IMLS_OUTLET_ZIP,OR0063,009,,EXACT_OUTLET;TIE_FSCSKEY_SEQ,EXACT_OUTLET;NOT_USPS_VALIDITY;NO_INVENTORY
97240,OBSERVED_REFERENCE_INDIRECT_ONLY,,,,INDIRECT_IMLS_SC;NO_FABRICATED_NEAREST,INDIRECT_IMLS_SC;NO_FABRICATED_NEAREST;NOT_REJECTED;NOT_USPS_VALIDITY;NO_INVENTORY
97242,OBSERVED_REFERENCE_INDIRECT_ONLY,,,,INDIRECT_IMLS_SC;NO_FABRICATED_NEAREST,INDIRECT_IMLS_SC;NO_FABRICATED_NEAREST;NOT_REJECTED;NOT_USPS_VALIDITY;NO_INVENTORY
97250,OBSERVED_REFERENCE_INDIRECT_ONLY,,,,INDIRECT_IMLS_SC;NO_FABRICATED_NEAREST,INDIRECT_IMLS_SC;NO_FABRICATED_NEAREST;NOT_REJECTED;NOT_USPS_VALIDITY;NO_INVENTORY
97258,ZCTA_NEAREST_ACTIVE_OUTLET,OR0063,002,2.872,ZCTA_NN;R6371;TIE_FIRST_LEX,ZCTA_NN_HAVERSINE;NOT_ELIGIBILITY;NOT_USPS_VALIDITY;NO_INVENTORY
97266,ZCTA_NEAREST_ACTIVE_OUTLET,OR0063,017,4.294,ZCTA_NN;R6371;TIE_FIRST_LEX,ZCTA_NN_HAVERSINE;NOT_ELIGIBILITY;NOT_USPS_VALIDITY;NO_INVENTORY
97267,EXACT_IMLS_OUTLET_ZIP,OR0129,007,,EXACT_OUTLET;TIE_FSCSKEY_SEQ,EXACT_OUTLET;NOT_USPS_VALIDITY;NO_INVENTORY
97268,OBSERVED_REFERENCE_INDIRECT_ONLY,,,,INDIRECT_IMLS_SC;NO_FABRICATED_NEAREST,INDIRECT_IMLS_SC;NO_FABRICATED_NEAREST;NOT_REJECTED;NOT_USPS_VALIDITY;NO_INVENTORY
97269,OBSERVED_REFERENCE_INDIRECT_ONLY,,,,INDIRECT_IMLS_SC;NO_FABRICATED_NEAREST,INDIRECT_IMLS_SC;NO_FABRICATED_NEAREST;NOT_REJECTED;NOT_USPS_VALIDITY;NO_INVENTORY
97280,OBSERVED_REFERENCE_INDIRECT_ONLY,,,,INDIRECT_IMLS_SC;NO_FABRICATED_NEAREST,INDIRECT_IMLS_SC;NO_FABRICATED_NEAREST;NOT_REJECTED;NOT_USPS_VALIDITY;NO_INVENTORY
97281,OBSERVED_REFERENCE_INDIRECT_ONLY,,,,INDIRECT_IMLS_SC;NO_FABRICATED_NEAREST,INDIRECT_IMLS_SC;NO_FABRICATED_NEAREST;NOT_REJECTED;NOT_USPS_VALIDITY;NO_INVENTORY
97282,OBSERVED_REFERENCE_INDIRECT_ONLY,,,,INDIRECT_IMLS_SC;NO_FABRICATED_NEAREST,INDIRECT_IMLS_SC;NO_FABRICATED_NEAREST;NOT_REJECTED;NOT_USPS_VALIDITY;NO_INVENTORY
97283,OBSERVED_REFERENCE_INDIRECT_ONLY,,,,INDIRECT_IMLS_SC;NO_FABRICATED_NEAREST,INDIRECT_IMLS_SC;NO_FABRICATED_NEAREST;NOT_REJECTED;NOT_USPS_VALIDITY;NO_INVENTORY
97286,OBSERVED_REFERENCE_INDIRECT_ONLY,,,,INDIRECT_IMLS_SC;NO_FABRICATED_NEAREST,INDIRECT_IMLS_SC;NO_FABRICATED_NEAREST;NOT_REJECTED;NOT_USPS_VALIDITY;NO_INVENTORY
97290,OBSERVED_REFERENCE_INDIRECT_ONLY,,,,INDIRECT_IMLS_SC;NO_FABRICATED_NEAREST,INDIRECT_IMLS_SC;NO_FABRICATED_NEAREST;NOT_REJECTED;NOT_USPS_VALIDITY;NO_INVENTORY
97292,OBSERVED_REFERENCE_INDIRECT_ONLY,,,,INDIRECT_IMLS_SC;NO_FABRICATED_NEAREST,INDIRECT_IMLS_SC;NO_FABRICATED_NEAREST;NOT_REJECTED;NOT_USPS_VALIDITY;NO_INVENTORY
97293,OBSERVED_REFERENCE_INDIRECT_ONLY,,,,INDIRECT_IMLS_SC;NO_FABRICATED_NEAREST,INDIRECT_IMLS_SC;NO_FABRICATED_NEAREST;NOT_REJECTED;NOT_USPS_VALIDITY;NO_INVENTORY
97294,OBSERVED_REFERENCE_INDIRECT_ONLY,,,,INDIRECT_IMLS_SC;NO_FABRICATED_NEAREST,INDIRECT_IMLS_SC;NO_FABRICATED_NEAREST;NOT_REJECTED;NOT_USPS_VALIDITY;NO_INVENTORY
97296,OBSERVED_REFERENCE_INDIRECT_ONLY,,,,INDIRECT_IMLS_SC;NO_FABRICATED_NEAREST,INDIRECT_IMLS_SC;NO_FABRICATED_NEAREST;NOT_REJECTED;NOT_USPS_VALIDITY;NO_INVENTORY
97298,OBSERVED_REFERENCE_INDIRECT_ONLY,,,,INDIRECT_IMLS_SC;NO_FABRICATED_NEAREST,INDIRECT_IMLS_SC;NO_FABRICATED_NEAREST;NOT_REJECTED;NOT_USPS_VALIDITY;NO_INVENTORY
97301,EXACT_IMLS_OUTLET_ZIP,OR0069,002,,EXACT_OUTLET;TIE_FSCSKEY_SEQ,EXACT_OUTLET;NOT_USPS_VALIDITY;NO_INVENTORY
97302,ZCTA_NEAREST_ACTIVE_OUTLET,OR0069,002,3.954,ZCTA_NN;R6371;TIE_FIRST_LEX,ZCTA_NN_HAVERSINE;NOT_ELIGIBILITY;NOT_USPS_VALIDITY;NO_INVENTORY
97303,ZCTA_NEAREST_ACTIVE_OUTLET,OR0069,004,9.126,ZCTA_NN;R6371;TIE_FIRST_LEX,ZCTA_NN_HAVERSINE;NOT_ELIGIBILITY;NOT_USPS_VALIDITY;NO_INVENTORY
97304,EXACT_IMLS_OUTLET_ZIP,OR0069,004,,EXACT_OUTLET;TIE_FSCSKEY_SEQ,EXACT_OUTLET;NOT_USPS_VALIDITY;NO_INVENTORY
97305,ZCTA_NEAREST_ACTIVE_OUTLET,OR0078,002,11.680,ZCTA_NN;R6371;TIE_FIRST_LEX,ZCTA_NN_HAVERSINE;NOT_ELIGIBILITY;NOT_USPS_VALIDITY;NO_INVENTORY
97306,ZCTA_NEAREST_ACTIVE_OUTLET,OR0021,002,7.316,ZCTA_NN;R6371;TIE_FIRST_LEX,ZCTA_NN_HAVERSINE;NOT_ELIGIBILITY;NOT_USPS_VALIDITY;NO_INVENTORY
97307,OBSERVED_REFERENCE_INDIRECT_ONLY,,,,INDIRECT_IMLS_SC;NO_FABRICATED_NEAREST,INDIRECT_IMLS_SC;NO_FABRICATED_NEAREST;NOT_REJECTED;NOT_USPS_VALIDITY;NO_INVENTORY
97308,OBSERVED_REFERENCE_INDIRECT_ONLY,,,,INDIRECT_IMLS_SC;NO_FABRICATED_NEAREST,INDIRECT_IMLS_SC;NO_FABRICATED_NEAREST;NOT_REJECTED;NOT_USPS_VALIDITY;NO_INVENTORY
97309,OBSERVED_REFERENCE_INDIRECT_ONLY,,,,INDIRECT_IMLS_SC;NO_FABRICATED_NEAREST,INDIRECT_IMLS_SC;NO_FABRICATED_NEAREST;NOT_REJECTED;NOT_USPS_VALIDITY;NO_INVENTORY
97310,ZCTA_NEAREST_ACTIVE_OUTLET,OR0069,002,8.408,ZCTA_NN;R6371;TIE_FIRST_LEX,ZCTA_NN_HAVERSINE;NOT_ELIGIBILITY;NOT_USPS_VALIDITY;NO_INVENTORY
97317,ZCTA_NEAREST_ACTIVE_OUTLET,OR0069,002,11.237,ZCTA_NN;R6371;TIE_FIRST_LEX,ZCTA_NN_HAVERSINE;NOT_ELIGIBILITY;NOT_USPS_VALIDITY;NO_INVENTORY
97321,EXACT_IMLS_OUTLET_ZIP,OR0106,004,,EXACT_OUTLET;TIE_FSCSKEY_SEQ,EXACT_OUTLET;NOT_USPS_VALIDITY;NO_INVENTORY
97322,EXACT_IMLS_OUTLET_ZIP,OR0106,002,,EXACT_OUTLET;TIE_FSCSKEY_SEQ,EXACT_OUTLET;NOT_USPS_VALIDITY;NO_INVENTORY
97324,EXACT_IMLS_OUTLET_ZIP,OR0119,005,,EXACT_OUTLET;TIE_FSCSKEY_SEQ,EXACT_OUTLET;NOT_USPS_VALIDITY;NO_INVENTORY
97325,ZCTA_NEAREST_ACTIVE_OUTLET,OR0083,002,5.993,ZCTA_NN;R6371;TIE_FIRST_LEX,ZCTA_NN_HAVERSINE;NOT_ELIGIBILITY;NOT_USPS_VALIDITY;NO_INVENTORY
97326,ZCTA_NEAREST_ACTIVE_OUTLET,OR0088,002,21.631,ZCTA_NN;R6371;TIE_FIRST_LEX,ZCTA_NN_HAVERSINE;NOT_ELIGIBILITY;NOT_USPS_VALIDITY;NO_INVENTORY
97327,EXACT_IMLS_OUTLET_ZIP,OR0108,002,,EXACT_OUTLET;TIE_FSCSKEY_SEQ,EXACT_OUTLET;NOT_USPS_VALIDITY;NO_INVENTORY
97329,ZCTA_NEAREST_ACTIVE_OUTLET,OR0084,002,34.995,ZCTA_NN;R6371;TIE_FIRST_LEX,ZCTA_NN_HAVERSINE;NOT_ELIGIBILITY;NOT_USPS_VALIDITY;NO_INVENTORY
97330,EXACT_IMLS_OUTLET_ZIP,OR0119,002,,EXACT_OUTLET;TIE_FSCSKEY_SEQ,EXACT_OUTLET;NOT_USPS_VALIDITY;NO_INVENTORY
97331,ZCTA_NEAREST_ACTIVE_OUTLET,OR0119,002,1.342,ZCTA_NN;R6371;TIE_FIRST_LEX,ZCTA_NN_HAVERSINE;NOT_ELIGIBILITY;NOT_USPS_VALIDITY;NO_INVENTORY
97333,ZCTA_NEAREST_ACTIVE_OUTLET,OR0119,008,10.006,ZCTA_NN;R6371;TIE_FIRST_LEX,ZCTA_NN_HAVERSINE;NOT_ELIGIBILITY;NOT_USPS_VALIDITY;NO_INVENTORY
97335,ZCTA_NEAREST_ACTIVE_OUTLET,OR0073,002,7.833,ZCTA_NN;R6371;TIE_FIRST_LEX,ZCTA_NN_HAVERSINE;NOT_ELIGIBILITY;NOT_USPS_VALIDITY;NO_INVENTORY
97336,ZCTA_NEAREST_ACTIVE_OUTLET,OR0084,002,10.643,ZCTA_NN;R6371;TIE_FIRST_LEX,ZCTA_NN_HAVERSINE;NOT_ELIGIBILITY;NOT_USPS_VALIDITY;NO_INVENTORY
97338,EXACT_IMLS_OUTLET_ZIP,OR0121,002,,EXACT_OUTLET;TIE_FSCSKEY_SEQ,EXACT_OUTLET;NOT_USPS_VALIDITY;NO_INVENTORY
97339,OBSERVED_REFERENCE_INDIRECT_ONLY,,,,INDIRECT_IMLS_SC;NO_FABRICATED_NEAREST,INDIRECT_IMLS_SC;NO_FABRICATED_NEAREST;NOT_REJECTED;NOT_USPS_VALIDITY;NO_INVENTORY
97341,ZCTA_NEAREST_ACTIVE_OUTLET,OR9017,001,14.733,ZCTA_NN;R6371;TIE_FIRST_LEX,ZCTA_NN_HAVERSINE;NOT_ELIGIBILITY;NOT_USPS_VALIDITY;NO_INVENTORY
97342,ZCTA_NEAREST_ACTIVE_OUTLET,OR0091,005,56.106,ZCTA_NN;R6371;TIE_FIRST_LEX,ZCTA_NN_HAVERSINE;NOT_ELIGIBILITY;NOT_USPS_VALIDITY;NO_INVENTORY
97343,ZCTA_NEAREST_ACTIVE_OUTLET,OR0088,002,15.829,ZCTA_NN;R6371;TIE_FIRST_LEX,ZCTA_NN_HAVERSINE;NOT_ELIGIBILITY;NOT_USPS_VALIDITY;NO_INVENTORY
97344,ZCTA_NEAREST_ACTIVE_OUTLET,OR0121,002,13.067,ZCTA_NN;R6371;TIE_FIRST_LEX,ZCTA_NN_HAVERSINE;NOT_ELIGIBILITY;NOT_USPS_VALIDITY;NO_INVENTORY
97345,ZCTA_NEAREST_ACTIVE_OUTLET,OR0084,002,12.035,ZCTA_NN;R6371;TIE_FIRST_LEX,ZCTA_NN_HAVERSINE;NOT_ELIGIBILITY;NOT_USPS_VALIDITY;NO_INVENTORY
97346,ZCTA_NEAREST_ACTIVE_OUTLET,OR0036,002,18.534,ZCTA_NN;R6371;TIE_FIRST_LEX,ZCTA_NN_HAVERSINE;NOT_ELIGIBILITY;NOT_USPS_VALIDITY;NO_INVENTORY
97347,ZCTA_NEAREST_ACTIVE_OUTLET,OR0101,002,13.708,ZCTA_NN;R6371;TIE_FIRST_LEX,ZCTA_NN_HAVERSINE;NOT_ELIGIBILITY;NOT_USPS_VALIDITY;NO_INVENTORY
97348,EXACT_IMLS_OUTLET_ZIP,OR9007,001,,EXACT_OUTLET;TIE_FSCSKEY_SEQ,EXACT_OUTLET;NOT_USPS_VALIDITY;NO_INVENTORY
97350,ZCTA_NEAREST_ACTIVE_OUTLET,OR0036,002,51.120,ZCTA_NN;R6371;TIE_FIRST_LEX,ZCTA_NN_HAVERSINE;NOT_ELIGIBILITY;NOT_USPS_VALIDITY;NO_INVENTORY
97351,EXACT_IMLS_OUTLET_ZIP,OR0021,002,,EXACT_OUTLET;TIE_FSCSKEY_SEQ,EXACT_OUTLET;NOT_USPS_VALIDITY;NO_INVENTORY
97352,EXACT_IMLS_OUTLET_ZIP,OR0022,002,,EXACT_OUTLET;TIE_FSCSKEY_SEQ,EXACT_OUTLET;NOT_USPS_VALIDITY;NO_INVENTORY
97355,EXACT_IMLS_OUTLET_ZIP,OR0033,002,,EXACT_OUTLET;TIE_FSCSKEY_SEQ,EXACT_OUTLET;NOT_USPS_VALIDITY;NO_INVENTORY
97357,ZCTA_NEAREST_ACTIVE_OUTLET,OR9017,001,8.184,ZCTA_NN;R6371;TIE_FIRST_LEX,ZCTA_NN_HAVERSINE;NOT_ELIGIBILITY;NOT_USPS_VALIDITY;NO_INVENTORY
97358,EXACT_IMLS_OUTLET_ZIP,OR0036,002,,EXACT_OUTLET;TIE_FSCSKEY_SEQ,EXACT_OUTLET;NOT_USPS_VALIDITY;NO_INVENTORY
97360,ZCTA_NEAREST_ACTIVE_OUTLET,OR0036,002,10.674,ZCTA_NN;R6371;TIE_FIRST_LEX,ZCTA_NN_HAVERSINE;NOT_ELIGIBILITY;NOT_USPS_VALIDITY;NO_INVENTORY
97361,EXACT_IMLS_OUTLET_ZIP,OR0045,002,,EXACT_OUTLET;TIE_FSCSKEY_SEQ,EXACT_OUTLET;NOT_USPS_VALIDITY;NO_INVENTORY
97362,EXACT_IMLS_OUTLET_ZIP,OR0047,002,,EXACT_OUTLET;TIE_FSCSKEY_SEQ,EXACT_OUTLET;NOT_USPS_VALIDITY;NO_INVENTORY
97364,ZCTA_NEAREST_ACTIVE_OUTLET,OR0034,002,4.716,ZCTA_NN;R6371;TIE_FIRST_LEX,ZCTA_NN_HAVERSINE;NOT_ELIGIBILITY;NOT_USPS_VALIDITY;NO_INVENTORY
97365,EXACT_IMLS_OUTLET_ZIP,OR0051,002,,EXACT_OUTLET;TIE_FSCSKEY_SEQ,EXACT_OUTLET;NOT_USPS_VALIDITY;NO_INVENTORY
97366,ZCTA_NEAREST_ACTIVE_OUTLET,OR0051,002,6.172,ZCTA_NN;R6371;TIE_FIRST_LEX,ZCTA_NN_HAVERSINE;NOT_ELIGIBILITY;NOT_USPS_VALIDITY;NO_INVENTORY
97367,EXACT_IMLS_OUTLET_ZIP,OR0034,002,,EXACT_OUTLET;TIE_FSCSKEY_SEQ,EXACT_OUTLET;NOT_USPS_VALIDITY;NO_INVENTORY
97368,ZCTA_NEAREST_ACTIVE_OUTLET,OR0034,002,11.262,ZCTA_NN;R6371;TIE_FIRST_LEX,ZCTA_NN_HAVERSINE;NOT_ELIGIBILITY;NOT_USPS_VALIDITY;NO_INVENTORY
97369,ZCTA_NEAREST_ACTIVE_OUTLET,OR9017,001,11.777,ZCTA_NN;R6371;TIE_FIRST_LEX,ZCTA_NN_HAVERSINE;NOT_ELIGIBILITY;NOT_USPS_VALIDITY;NO_INVENTORY
97370,EXACT_IMLS_OUTLET_ZIP,OR0119,008,,EXACT_OUTLET;TIE_FSCSKEY_SEQ,EXACT_OUTLET;NOT_USPS_VALIDITY;NO_INVENTORY
97371,ZCTA_NEAREST_ACTIVE_OUTLET,OR0069,004,11.987,ZCTA_NN;R6371;TIE_FIRST_LEX,ZCTA_NN_HAVERSINE;NOT_ELIGIBILITY;NOT_USPS_VALIDITY;NO_INVENTORY
97373,ZCTA_NEAREST_ACTIVE_OUTLET,OR0047,002,2.008,ZCTA_NN;R6371;TIE_FIRST_LEX,ZCTA_NN_HAVERSINE;NOT_ELIGIBILITY;NOT_USPS_VALIDITY;NO_INVENTORY
97374,EXACT_IMLS_OUTLET_ZIP,OR0073,002,,EXACT_OUTLET;TIE_FSCSKEY_SEQ,EXACT_OUTLET;NOT_USPS_VALIDITY;NO_INVENTORY
97375,ZCTA_NEAREST_ACTIVE_OUTLET,OR0078,002,14.530,ZCTA_NN;R6371;TIE_FIRST_LEX,ZCTA_NN_HAVERSINE;NOT_ELIGIBILITY;NOT_USPS_VALIDITY;NO_INVENTORY
97376,ZCTA_NEAREST_ACTIVE_OUTLET,OR0097,002,10.726,ZCTA_NN;R6371;TIE_FIRST_LEX,ZCTA_NN_HAVERSINE;NOT_ELIGIBILITY;NOT_USPS_VALIDITY;NO_INVENTORY
97377,ZCTA_NEAREST_ACTIVE_OUTLET,OR9007,001,9.045,ZCTA_NN;R6371;TIE_FIRST_LEX,ZCTA_NN_HAVERSINE;NOT_ELIGIBILITY;NOT_USPS_VALIDITY;NO_INVENTORY
97378,EXACT_IMLS_OUTLET_ZIP,OR0075,002,,EXACT_OUTLET;TIE_FSCSKEY_SEQ,EXACT_OUTLET;NOT_USPS_VALIDITY;NO_INVENTORY
97380,EXACT_IMLS_OUTLET_ZIP,OR9017,001,,EXACT_OUTLET;TIE_FSCSKEY_SEQ,EXACT_OUTLET;NOT_USPS_VALIDITY;NO_INVENTORY
97381,EXACT_IMLS_OUTLET_ZIP,OR0078,002,,EXACT_OUTLET;TIE_FSCSKEY_SEQ,EXACT_OUTLET;NOT_USPS_VALIDITY;NO_INVENTORY
97383,EXACT_IMLS_OUTLET_ZIP,OR0083,002,,EXACT_OUTLET;TIE_FSCSKEY_SEQ,EXACT_OUTLET;NOT_USPS_VALIDITY;NO_INVENTORY
97384,ZCTA_NEAREST_ACTIVE_OUTLET,OR0036,002,1.880,ZCTA_NN;R6371;TIE_FIRST_LEX,ZCTA_NN_HAVERSINE;NOT_ELIGIBILITY;NOT_USPS_VALIDITY;NO_INVENTORY
97385,ZCTA_NEAREST_ACTIVE_OUTLET,OR0083,002,9.311,ZCTA_NN;R6371;TIE_FIRST_LEX,ZCTA_NN_HAVERSINE;NOT_ELIGIBILITY;NOT_USPS_VALIDITY;NO_INVENTORY
97386,EXACT_IMLS_OUTLET_ZIP,OR0084,002,,EXACT_OUTLET;TIE_FSCSKEY_SEQ,EXACT_OUTLET;NOT_USPS_VALIDITY;NO_INVENTORY
97388,ZCTA_NEAREST_ACTIVE_OUTLET,OR0034,002,11.153,ZCTA_NN;R6371;TIE_FIRST_LEX,ZCTA_NN_HAVERSINE;NOT_ELIGIBILITY;NOT_USPS_VALIDITY;NO_INVENTORY
97389,ZCTA_NEAREST_ACTIVE_OUTLET,OR0106,002,10.733,ZCTA_NN;R6371;TIE_FIRST_LEX,ZCTA_NN_HAVERSINE;NOT_ELIGIBILITY;NOT_USPS_VALIDITY;NO_INVENTORY
97390,ZCTA_NEAREST_ACTIVE_OUTLET,OR0097,002,17.977,ZCTA_NN;R6371;TIE_FIRST_LEX,ZCTA_NN_HAVERSINE;NOT_ELIGIBILITY;NOT_USPS_VALIDITY;NO_INVENTORY
97391,EXACT_IMLS_OUTLET_ZIP,OR0088,002,,EXACT_OUTLET;TIE_FSCSKEY_SEQ,EXACT_OUTLET;NOT_USPS_VALIDITY;NO_INVENTORY
97392,ZCTA_NEAREST_ACTIVE_OUTLET,OR0022,002,10.692,ZCTA_NN;R6371;TIE_FIRST_LEX,ZCTA_NN_HAVERSINE;NOT_ELIGIBILITY;NOT_USPS_VALIDITY;NO_INVENTORY
97394,EXACT_IMLS_OUTLET_ZIP,OR0097,002,,EXACT_OUTLET;TIE_FSCSKEY_SEQ,EXACT_OUTLET;NOT_USPS_VALIDITY;NO_INVENTORY
97396,EXACT_IMLS_OUTLET_ZIP,OR0101,002,,EXACT_OUTLET;TIE_FSCSKEY_SEQ,EXACT_OUTLET;NOT_USPS_VALIDITY;NO_INVENTORY
97401,EXACT_IMLS_OUTLET_ZIP,OR0005,002,,EXACT_OUTLET;TIE_FSCSKEY_SEQ,EXACT_OUTLET;NOT_USPS_VALIDITY;NO_INVENTORY
97402,EXACT_IMLS_OUTLET_ZIP,OR0005,005,,EXACT_OUTLET;TIE_FSCSKEY_SEQ,EXACT_OUTLET;NOT_USPS_VALIDITY;NO_INVENTORY
97403,ZCTA_NEAREST_ACTIVE_OUTLET,OR0079,002,2.937,ZCTA_NN;R6371;TIE_FIRST_LEX,ZCTA_NN_HAVERSINE;NOT_ELIGIBILITY;NOT_USPS_VALIDITY;NO_INVENTORY
97404,ZCTA_NEAREST_ACTIVE_OUTLET,OR0005,005,3.652,ZCTA_NN;R6371;TIE_FIRST_LEX,ZCTA_NN_HAVERSINE;NOT_ELIGIBILITY;NOT_USPS_VALIDITY;NO_INVENTORY
97405,ZCTA_NEAREST_ACTIVE_OUTLET,OR0140,001,11.616,ZCTA_NN;R6371;TIE_FIRST_LEX,ZCTA_NN_HAVERSINE;NOT_ELIGIBILITY;NOT_USPS_VALIDITY;NO_INVENTORY
97406,EXACT_IMLS_OUTLET_ZIP,OR0001,002,,EXACT_OUTLET;TIE_FSCSKEY_SEQ,EXACT_OUTLET;NOT_USPS_VALIDITY;NO_INVENTORY
97408,ZCTA_NEAREST_ACTIVE_OUTLET,OR0005,004,7.365,ZCTA_NN;R6371;TIE_FIRST_LEX,ZCTA_NN_HAVERSINE;NOT_ELIGIBILITY;NOT_USPS_VALIDITY;NO_INVENTORY
97410,ZCTA_NEAREST_ACTIVE_OUTLET,OR0014,005,25.603,ZCTA_NN;R6371;TIE_FIRST_LEX,ZCTA_NN_HAVERSINE;NOT_ELIGIBILITY;NOT_USPS_VALIDITY;NO_INVENTORY
97411,EXACT_IMLS_OUTLET_ZIP,OR0058,002,,EXACT_OUTLET;TIE_FSCSKEY_SEQ,EXACT_OUTLET;NOT_USPS_VALIDITY;NO_INVENTORY
97412,ZCTA_NEAREST_ACTIVE_OUTLET,OR0119,005,20.060,ZCTA_NN;R6371;TIE_FIRST_LEX,ZCTA_NN_HAVERSINE;NOT_ELIGIBILITY;NOT_USPS_VALIDITY;NO_INVENTORY
97413,ZCTA_NEAREST_ACTIVE_OUTLET,OR0091,005,41.485,ZCTA_NN;R6371;TIE_FIRST_LEX,ZCTA_NN_HAVERSINE;NOT_ELIGIBILITY;NOT_USPS_VALIDITY;NO_INVENTORY
97414,ZCTA_NEAREST_ACTIVE_OUTLET,OR0049,002,10.764,ZCTA_NN;R6371;TIE_FIRST_LEX,ZCTA_NN_HAVERSINE;NOT_ELIGIBILITY;NOT_USPS_VALIDITY;NO_INVENTORY
97415,EXACT_IMLS_OUTLET_ZIP,OR0107,002,,EXACT_OUTLET;TIE_FSCSKEY_SEQ,EXACT_OUTLET;NOT_USPS_VALIDITY;NO_INVENTORY
97416,ZCTA_NEAREST_ACTIVE_OUTLET,OR0048,002,24.828,ZCTA_NN;R6371;TIE_FIRST_LEX,ZCTA_NN_HAVERSINE;NOT_ELIGIBILITY;NOT_USPS_VALIDITY;NO_INVENTORY
97417,ZCTA_NEAREST_ACTIVE_OUTLET,OR9019,002,25.353,ZCTA_NN;R6371;TIE_FIRST_LEX,ZCTA_NN_HAVERSINE;NOT_ELIGIBILITY;NOT_USPS_VALIDITY;NO_INVENTORY
97419,ZCTA_NEAREST_ACTIVE_OUTLET,OR0095,002,16.591,ZCTA_NN;R6371;TIE_FIRST_LEX,ZCTA_NN_HAVERSINE;NOT_ELIGIBILITY;NOT_USPS_VALIDITY;NO_INVENTORY
97420,EXACT_IMLS_OUTLET_ZIP,OR0114,002,,EXACT_OUTLET;TIE_FSCSKEY_SEQ,EXACT_OUTLET;NOT_USPS_VALIDITY;NO_INVENTORY
97423,EXACT_IMLS_OUTLET_ZIP,OR0116,002,,EXACT_OUTLET;TIE_FSCSKEY_SEQ,EXACT_OUTLET;NOT_USPS_VALIDITY;NO_INVENTORY
97424,EXACT_IMLS_OUTLET_ZIP,OR0120,002,,EXACT_OUTLET;TIE_FSCSKEY_SEQ,EXACT_OUTLET;NOT_USPS_VALIDITY;NO_INVENTORY
97426,EXACT_IMLS_OUTLET_ZIP,OR0140,001,,EXACT_OUTLET;TIE_FSCSKEY_SEQ,EXACT_OUTLET;NOT_USPS_VALIDITY;NO_INVENTORY
97429,ZCTA_NEAREST_ACTIVE_OUTLET,OR9019,002,33.064,ZCTA_NN;R6371;TIE_FIRST_LEX,ZCTA_NN_HAVERSINE;NOT_ELIGIBILITY;NOT_USPS_VALIDITY;NO_INVENTORY
97430,ZCTA_NEAREST_ACTIVE_OUTLET,OR0008,003,17.846,ZCTA_NN;R6371;TIE_FIRST_LEX,ZCTA_NN_HAVERSINE;NOT_ELIGIBILITY;NOT_USPS_VALIDITY;NO_INVENTORY
97431,ZCTA_NEAREST_ACTIVE_OUTLET,OR0143,001,7.419,ZCTA_NN;R6371;TIE_FIRST_LEX,ZCTA_NN_HAVERSINE;NOT_ELIGIBILITY;NOT_USPS_VALIDITY;NO_INVENTORY
97432,ZCTA_NEAREST_ACTIVE_OUTLET,OR9019,002,2.220,ZCTA_NN;R6371;TIE_FIRST_LEX,ZCTA_NN_HAVERSINE;NOT_ELIGIBILITY;NOT_USPS_VALIDITY;NO_INVENTORY
97434,ZCTA_NEAREST_ACTIVE_OUTLET,OR0054,002,24.183,ZCTA_NN;R6371;TIE_FIRST_LEX,ZCTA_NN_HAVERSINE;NOT_ELIGIBILITY;NOT_USPS_VALIDITY;NO_INVENTORY
97435,EXACT_IMLS_OUTLET_ZIP,OR9013,001,,EXACT_OUTLET;TIE_FSCSKEY_SEQ,EXACT_OUTLET;NOT_USPS_VALIDITY;NO_INVENTORY
97436,ZCTA_NEAREST_ACTIVE_OUTLET,OR9013,001,23.238,ZCTA_NN;R6371;TIE_FIRST_LEX,ZCTA_NN_HAVERSINE;NOT_ELIGIBILITY;NOT_USPS_VALIDITY;NO_INVENTORY
97437,ZCTA_NEAREST_ACTIVE_OUTLET,OR0095,002,6.472,ZCTA_NN;R6371;TIE_FIRST_LEX,ZCTA_NN_HAVERSINE;NOT_ELIGIBILITY;NOT_USPS_VALIDITY;NO_INVENTORY
97438,ZCTA_NEAREST_ACTIVE_OUTLET,OR0143,001,8.307,ZCTA_NN;R6371;TIE_FIRST_LEX,ZCTA_NN_HAVERSINE;NOT_ELIGIBILITY;NOT_USPS_VALIDITY;NO_INVENTORY
97439,EXACT_IMLS_OUTLET_ZIP,OR0008,002,,EXACT_OUTLET;TIE_FSCSKEY_SEQ,EXACT_OUTLET;NOT_USPS_VALIDITY;NO_INVENTORY
97440,OBSERVED_REFERENCE_INDIRECT_ONLY,,,,INDIRECT_IMLS_SC;NO_FABRICATED_NEAREST,INDIRECT_IMLS_SC;NO_FABRICATED_NEAREST;NOT_REJECTED;NOT_USPS_VALIDITY;NO_INVENTORY
97441,ZCTA_NEAREST_ACTIVE_OUTLET,OR9012,001,7.896,ZCTA_NN;R6371;TIE_FIRST_LEX,ZCTA_NN_HAVERSINE;NOT_ELIGIBILITY;NOT_USPS_VALIDITY;NO_INVENTORY
97442,ZCTA_NEAREST_ACTIVE_OUTLET,OR0014,005,9.045,ZCTA_NN;R6371;TIE_FIRST_LEX,ZCTA_NN_HAVERSINE;NOT_ELIGIBILITY;NOT_USPS_VALIDITY;NO_INVENTORY
97443,ZCTA_NEAREST_ACTIVE_OUTLET,OR9014,001,27.550,ZCTA_NN;R6371;TIE_FIRST_LEX,ZCTA_NN_HAVERSINE;NOT_ELIGIBILITY;NOT_USPS_VALIDITY;NO_INVENTORY
97444,EXACT_IMLS_OUTLET_ZIP,OR0012,002,,EXACT_OUTLET;TIE_FSCSKEY_SEQ,EXACT_OUTLET;NOT_USPS_VALIDITY;NO_INVENTORY
97446,EXACT_IMLS_OUTLET_ZIP,OR0015,002,,EXACT_OUTLET;TIE_FSCSKEY_SEQ,EXACT_OUTLET;NOT_USPS_VALIDITY;NO_INVENTORY
97447,ZCTA_NEAREST_ACTIVE_OUTLET,OR0054,002,52.358,ZCTA_NN;R6371;TIE_FIRST_LEX,ZCTA_NN_HAVERSINE;NOT_ELIGIBILITY;NOT_USPS_VALIDITY;NO_INVENTORY
97448,EXACT_IMLS_OUTLET_ZIP,OR0026,002,,EXACT_OUTLET;TIE_FSCSKEY_SEQ,EXACT_OUTLET;NOT_USPS_VALIDITY;NO_INVENTORY
97449,EXACT_IMLS_OUTLET_ZIP,OR0030,002,,EXACT_OUTLET;TIE_FSCSKEY_SEQ,EXACT_OUTLET;NOT_USPS_VALIDITY;NO_INVENTORY
97450,EXACT_IMLS_OUTLET_ZIP,OR0032,002,,EXACT_OUTLET;TIE_FSCSKEY_SEQ,EXACT_OUTLET;NOT_USPS_VALIDITY;NO_INVENTORY
97451,ZCTA_NEAREST_ACTIVE_OUTLET,OR0120,002,20.654,ZCTA_NN;R6371;TIE_FIRST_LEX,ZCTA_NN_HAVERSINE;NOT_ELIGIBILITY;NOT_USPS_VALIDITY;NO_INVENTORY
97452,EXACT_IMLS_OUTLET_ZIP,OR0143,001,,EXACT_OUTLET;TIE_FSCSKEY_SEQ,EXACT_OUTLET;NOT_USPS_VALIDITY;NO_INVENTORY
97453,EXACT_IMLS_OUTLET_ZIP,OR0008,003,,EXACT_OUTLET;TIE_FSCSKEY_SEQ,EXACT_OUTLET;NOT_USPS_VALIDITY;NO_INVENTORY
97454,ZCTA_NEAREST_ACTIVE_OUTLET,OR0084,002,21.084,ZCTA_NN;R6371;TIE_FIRST_LEX,ZCTA_NN_HAVERSINE;NOT_ELIGIBILITY;NOT_USPS_VALIDITY;NO_INVENTORY
97455,ZCTA_NEAREST_ACTIVE_OUTLET,OR0140,001,9.778,ZCTA_NN;R6371;TIE_FIRST_LEX,ZCTA_NN_HAVERSINE;NOT_ELIGIBILITY;NOT_USPS_VALIDITY;NO_INVENTORY
97456,EXACT_IMLS_OUTLET_ZIP,OR0119,006,,EXACT_OUTLET;TIE_FSCSKEY_SEQ,EXACT_OUTLET;NOT_USPS_VALIDITY;NO_INVENTORY
97457,ZCTA_NEAREST_ACTIVE_OUTLET,OR9019,002,15.519,ZCTA_NN;R6371;TIE_FIRST_LEX,ZCTA_NN_HAVERSINE;NOT_ELIGIBILITY;NOT_USPS_VALIDITY;NO_INVENTORY
97458,EXACT_IMLS_OUTLET_ZIP,OR0048,002,,EXACT_OUTLET;TIE_FSCSKEY_SEQ,EXACT_OUTLET;NOT_USPS_VALIDITY;NO_INVENTORY
97459,EXACT_IMLS_OUTLET_ZIP,OR0052,002,,EXACT_OUTLET;TIE_FSCSKEY_SEQ,EXACT_OUTLET;NOT_USPS_VALIDITY;NO_INVENTORY
97461,ZCTA_NEAREST_ACTIVE_OUTLET,OR0095,002,13.559,ZCTA_NN;R6371;TIE_FIRST_LEX,ZCTA_NN_HAVERSINE;NOT_ELIGIBILITY;NOT_USPS_VALIDITY;NO_INVENTORY
97462,EXACT_IMLS_OUTLET_ZIP,OR9015,001,,EXACT_OUTLET;TIE_FSCSKEY_SEQ,EXACT_OUTLET;NOT_USPS_VALIDITY;NO_INVENTORY
97463,EXACT_IMLS_OUTLET_ZIP,OR0054,002,,EXACT_OUTLET;TIE_FSCSKEY_SEQ,EXACT_OUTLET;NOT_USPS_VALIDITY;NO_INVENTORY
97465,EXACT_IMLS_OUTLET_ZIP,OR0062,002,,EXACT_OUTLET;TIE_FSCSKEY_SEQ,EXACT_OUTLET;NOT_USPS_VALIDITY;NO_INVENTORY
97466,EXACT_IMLS_OUTLET_ZIP,OR0064,002,,EXACT_OUTLET;TIE_FSCSKEY_SEQ,EXACT_OUTLET;NOT_USPS_VALIDITY;NO_INVENTORY
97467,EXACT_IMLS_OUTLET_ZIP,OR9012,001,,EXACT_OUTLET;TIE_FSCSKEY_SEQ,EXACT_OUTLET;NOT_USPS_VALIDITY;NO_INVENTORY
97469,ZCTA_NEAREST_ACTIVE_OUTLET,OR9019,002,21.543,ZCTA_NN;R6371;TIE_FIRST_LEX,ZCTA_NN_HAVERSINE;NOT_ELIGIBILITY;NOT_USPS_VALIDITY;NO_INVENTORY
97470,EXACT_IMLS_OUTLET_ZIP,OR9014,001,,EXACT_OUTLET;TIE_FSCSKEY_SEQ,EXACT_OUTLET;NOT_USPS_VALIDITY;NO_INVENTORY
97471,ZCTA_NEAREST_ACTIVE_OUTLET,OR9014,001,11.959,ZCTA_NN;R6371;TIE_FIRST_LEX,ZCTA_NN_HAVERSINE;NOT_ELIGIBILITY;NOT_USPS_VALIDITY;NO_INVENTORY
97473,ZCTA_NEAREST_ACTIVE_OUTLET,OR9012,001,13.684,ZCTA_NN;R6371;TIE_FIRST_LEX,ZCTA_NN_HAVERSINE;NOT_ELIGIBILITY;NOT_USPS_VALIDITY;NO_INVENTORY
97475,OBSERVED_REFERENCE_INDIRECT_ONLY,,,,INDIRECT_IMLS_SC;NO_FABRICATED_NEAREST,INDIRECT_IMLS_SC;NO_FABRICATED_NEAREST;NOT_REJECTED;NOT_USPS_VALIDITY;NO_INVENTORY
97476,ZCTA_NEAREST_ACTIVE_OUTLET,OR0032,002,9.608,ZCTA_NN;R6371;TIE_FIRST_LEX,ZCTA_NN_HAVERSINE;NOT_ELIGIBILITY;NOT_USPS_VALIDITY;NO_INVENTORY
97477,EXACT_IMLS_OUTLET_ZIP,OR0079,002,,EXACT_OUTLET;TIE_FSCSKEY_SEQ,EXACT_OUTLET;NOT_USPS_VALIDITY;NO_INVENTORY
97478,ZCTA_NEAREST_ACTIVE_OUTLET,OR0079,002,14.907,ZCTA_NN;R6371;TIE_FIRST_LEX,ZCTA_NN_HAVERSINE;NOT_ELIGIBILITY;NOT_USPS_VALIDITY;NO_INVENTORY
97479,EXACT_IMLS_OUTLET_ZIP,OR9011,001,,EXACT_OUTLET;TIE_FSCSKEY_SEQ,EXACT_OUTLET;NOT_USPS_VALIDITY;NO_INVENTORY
97480,ZCTA_NEAREST_ACTIVE_OUTLET,OR0008,003,10.447,ZCTA_NN;R6371;TIE_FIRST_LEX,ZCTA_NN_HAVERSINE;NOT_ELIGIBILITY;NOT_USPS_VALIDITY;NO_INVENTORY
97481,ZCTA_NEAREST_ACTIVE_OUTLET,OR9019,002,12.890,ZCTA_NN;R6371;TIE_FIRST_LEX,ZCTA_NN_HAVERSINE;NOT_ELIGIBILITY;NOT_USPS_VALIDITY;NO_INVENTORY
97484,ZCTA_NEAREST_ACTIVE_OUTLET,OR0041,014,34.636,ZCTA_NN;R6371;TIE_FIRST_LEX,ZCTA_NN_HAVERSINE;NOT_ELIGIBILITY;NOT_USPS_VALIDITY;NO_INVENTORY
97486,ZCTA_NEAREST_ACTIVE_OUTLET,OR9011,001,18.068,ZCTA_NN;R6371;TIE_FIRST_LEX,ZCTA_NN_HAVERSINE;NOT_ELIGIBILITY;NOT_USPS_VALIDITY;NO_INVENTORY
97487,EXACT_IMLS_OUTLET_ZIP,OR0095,002,,EXACT_OUTLET;TIE_FSCSKEY_SEQ,EXACT_OUTLET;NOT_USPS_VALIDITY;NO_INVENTORY
97488,ZCTA_NEAREST_ACTIVE_OUTLET,OR0143,001,37.179,ZCTA_NN;R6371;TIE_FIRST_LEX,ZCTA_NN_HAVERSINE;NOT_ELIGIBILITY;NOT_USPS_VALIDITY;NO_INVENTORY
97489,ZCTA_NEAREST_ACTIVE_OUTLET,OR0143,001,25.444,ZCTA_NN;R6371;TIE_FIRST_LEX,ZCTA_NN_HAVERSINE;NOT_ELIGIBILITY;NOT_USPS_VALIDITY;NO_INVENTORY
97490,ZCTA_NEAREST_ACTIVE_OUTLET,OR0095,002,20.732,ZCTA_NN;R6371;TIE_FIRST_LEX,ZCTA_NN_HAVERSINE;NOT_ELIGIBILITY;NOT_USPS_VALIDITY;NO_INVENTORY
97492,ZCTA_NEAREST_ACTIVE_OUTLET,OR0054,002,7.577,ZCTA_NN;R6371;TIE_FIRST_LEX,ZCTA_NN_HAVERSINE;NOT_ELIGIBILITY;NOT_USPS_VALIDITY;NO_INVENTORY
97493,ZCTA_NEAREST_ACTIVE_OUTLET,OR0008,002,10.158,ZCTA_NN;R6371;TIE_FIRST_LEX,ZCTA_NN_HAVERSINE;NOT_ELIGIBILITY;NOT_USPS_VALIDITY;NO_INVENTORY
97494,ZCTA_NEAREST_ACTIVE_OUTLET,OR9011,001,6.799,ZCTA_NN;R6371;TIE_FIRST_LEX,ZCTA_NN_HAVERSINE;NOT_ELIGIBILITY;NOT_USPS_VALIDITY;NO_INVENTORY
97495,ZCTA_NEAREST_ACTIVE_OUTLET,OR9014,001,7.636,ZCTA_NN;R6371;TIE_FIRST_LEX,ZCTA_NN_HAVERSINE;NOT_ELIGIBILITY;NOT_USPS_VALIDITY;NO_INVENTORY
97496,EXACT_IMLS_OUTLET_ZIP,OR9019,002,,EXACT_OUTLET;TIE_FSCSKEY_SEQ,EXACT_OUTLET;NOT_USPS_VALIDITY;NO_INVENTORY
97497,EXACT_IMLS_OUTLET_ZIP,OR0014,005,,EXACT_OUTLET;TIE_FSCSKEY_SEQ,EXACT_OUTLET;NOT_USPS_VALIDITY;NO_INVENTORY
97498,EXACT_IMLS_OUTLET_ZIP,OR0105,002,,EXACT_OUTLET;TIE_FSCSKEY_SEQ,EXACT_OUTLET;NOT_USPS_VALIDITY;NO_INVENTORY
97499,EXACT_IMLS_OUTLET_ZIP,OR9016,001,,EXACT_OUTLET;TIE_FSCSKEY_SEQ,EXACT_OUTLET;NOT_USPS_VALIDITY;NO_INVENTORY
97501,EXACT_IMLS_OUTLET_ZIP,OR0041,002,,EXACT_OUTLET;TIE_FSCSKEY_SEQ,EXACT_OUTLET;NOT_USPS_VALIDITY;NO_INVENTORY
97502,EXACT_IMLS_OUTLET_ZIP,OR0041,006,,EXACT_OUTLET;TIE_FSCSKEY_SEQ,EXACT_OUTLET;NOT_USPS_VALIDITY;NO_INVENTORY
97503,EXACT_IMLS_OUTLET_ZIP,OR0041,016,,EXACT_OUTLET;TIE_FSCSKEY_SEQ,EXACT_OUTLET;NOT_USPS_VALIDITY;NO_INVENTORY
97504,ZCTA_NEAREST_ACTIVE_OUTLET,OR0041,002,6.133,ZCTA_NN;R6371;TIE_FIRST_LEX,ZCTA_NN_HAVERSINE;NOT_ELIGIBILITY;NOT_USPS_VALIDITY;NO_INVENTORY
97520,EXACT_IMLS_OUTLET_ZIP,OR0041,004,,EXACT_OUTLET;TIE_FSCSKEY_SEQ,EXACT_OUTLET;NOT_USPS_VALIDITY;NO_INVENTORY
97522,EXACT_IMLS_OUTLET_ZIP,OR0041,005,,EXACT_OUTLET;TIE_FSCSKEY_SEQ,EXACT_OUTLET;NOT_USPS_VALIDITY;NO_INVENTORY
97523,EXACT_IMLS_OUTLET_ZIP,OR0014,003,,EXACT_OUTLET;TIE_FSCSKEY_SEQ,EXACT_OUTLET;NOT_USPS_VALIDITY;NO_INVENTORY
97524,EXACT_IMLS_OUTLET_ZIP,OR0041,007,,EXACT_OUTLET;TIE_FSCSKEY_SEQ,EXACT_OUTLET;NOT_USPS_VALIDITY;NO_INVENTORY
97525,EXACT_IMLS_OUTLET_ZIP,OR0041,008,,EXACT_OUTLET;TIE_FSCSKEY_SEQ,EXACT_OUTLET;NOT_USPS_VALIDITY;NO_INVENTORY
97526,EXACT_IMLS_OUTLET_ZIP,OR0014,002,,EXACT_OUTLET;TIE_FSCSKEY_SEQ,EXACT_OUTLET;NOT_USPS_VALIDITY;NO_INVENTORY
97527,ZCTA_NEAREST_ACTIVE_OUTLET,OR0014,002,8.453,ZCTA_NN;R6371;TIE_FIRST_LEX,ZCTA_NN_HAVERSINE;NOT_ELIGIBILITY;NOT_USPS_VALIDITY;NO_INVENTORY
97528,OBSERVED_REFERENCE_INDIRECT_ONLY,,,,INDIRECT_IMLS_SC;NO_FABRICATED_NEAREST,INDIRECT_IMLS_SC;NO_FABRICATED_NEAREST;NOT_REJECTED;NOT_USPS_VALIDITY;NO_INVENTORY
97530,EXACT_IMLS_OUTLET_ZIP,OR0041,003,,EXACT_OUTLET;TIE_FSCSKEY_SEQ,EXACT_OUTLET;NOT_USPS_VALIDITY;NO_INVENTORY
97531,ZCTA_NEAREST_ACTIVE_OUTLET,OR0014,003,5.153,ZCTA_NN;R6371;TIE_FIRST_LEX,ZCTA_NN_HAVERSINE;NOT_ELIGIBILITY;NOT_USPS_VALIDITY;NO_INVENTORY
97532,ZCTA_NEAREST_ACTIVE_OUTLET,OR0014,002,28.312,ZCTA_NN;R6371;TIE_FIRST_LEX,ZCTA_NN_HAVERSINE;NOT_ELIGIBILITY;NOT_USPS_VALIDITY;NO_INVENTORY
97533,OBSERVED_REFERENCE_INDIRECT_ONLY,,,,INDIRECT_IMLS_SC;NO_FABRICATED_NEAREST,INDIRECT_IMLS_SC;NO_FABRICATED_NEAREST;NOT_REJECTED;NOT_USPS_VALIDITY;NO_INVENTORY
97534,ZCTA_NEAREST_ACTIVE_OUTLET,OR0014,003,17.118,ZCTA_NN;R6371;TIE_FIRST_LEX,ZCTA_NN_HAVERSINE;NOT_ELIGIBILITY;NOT_USPS_VALIDITY;NO_INVENTORY
97535,EXACT_IMLS_OUTLET_ZIP,OR0041,010,,EXACT_OUTLET;TIE_FSCSKEY_SEQ,EXACT_OUTLET;NOT_USPS_VALIDITY;NO_INVENTORY
97536,EXACT_IMLS_OUTLET_ZIP,OR0041,011,,EXACT_OUTLET;TIE_FSCSKEY_SEQ,EXACT_OUTLET;NOT_USPS_VALIDITY;NO_INVENTORY
97537,EXACT_IMLS_OUTLET_ZIP,OR0041,012,,EXACT_OUTLET;TIE_FSCSKEY_SEQ,EXACT_OUTLET;NOT_USPS_VALIDITY;NO_INVENTORY
97538,ZCTA_NEAREST_ACTIVE_OUTLET,OR0014,003,16.322,ZCTA_NN;R6371;TIE_FIRST_LEX,ZCTA_NN_HAVERSINE;NOT_ELIGIBILITY;NOT_USPS_VALIDITY;NO_INVENTORY
97539,EXACT_IMLS_OUTLET_ZIP,OR0041,014,,EXACT_OUTLET;TIE_FSCSKEY_SEQ,EXACT_OUTLET;NOT_USPS_VALIDITY;NO_INVENTORY
97540,EXACT_IMLS_OUTLET_ZIP,OR0041,015,,EXACT_OUTLET;TIE_FSCSKEY_SEQ,EXACT_OUTLET;NOT_USPS_VALIDITY;NO_INVENTORY
97541,ZCTA_NEAREST_ACTIVE_OUTLET,OR0041,014,17.701,ZCTA_NN;R6371;TIE_FIRST_LEX,ZCTA_NN_HAVERSINE;NOT_ELIGIBILITY;NOT_USPS_VALIDITY;NO_INVENTORY
97543,ZCTA_NEAREST_ACTIVE_OUTLET,OR0014,002,20.506,ZCTA_NN;R6371;TIE_FIRST_LEX,ZCTA_NN_HAVERSINE;NOT_ELIGIBILITY;NOT_USPS_VALIDITY;NO_INVENTORY
97544,EXACT_IMLS_OUTLET_ZIP,OR0014,004,,EXACT_OUTLET;TIE_FSCSKEY_SEQ,EXACT_OUTLET;NOT_USPS_VALIDITY;NO_INVENTORY
97601,EXACT_IMLS_OUTLET_ZIP,OR0027,019,,EXACT_OUTLET;TIE_FSCSKEY_SEQ,EXACT_OUTLET;NOT_USPS_VALIDITY;NO_INVENTORY
97602,EXACT_IMLS_OUTLET_ZIP,OR0027,020,,EXACT_OUTLET;TIE_FSCSKEY_SEQ,EXACT_OUTLET;NOT_USPS_VALIDITY;NO_INVENTORY
97603,EXACT_IMLS_OUTLET_ZIP,OR0027,018,,EXACT_OUTLET;TIE_FSCSKEY_SEQ,EXACT_OUTLET;NOT_USPS_VALIDITY;NO_INVENTORY
97604,ZCTA_NEAREST_ACTIVE_OUTLET,OR0041,011,33.858,ZCTA_NN;R6371;TIE_FIRST_LEX,ZCTA_NN_HAVERSINE;NOT_ELIGIBILITY;NOT_USPS_VALIDITY;NO_INVENTORY
97620,ZCTA_NEAREST_ACTIVE_OUTLET,OR0031,002,37.756,ZCTA_NN;R6371;TIE_FIRST_LEX,ZCTA_NN_HAVERSINE;NOT_ELIGIBILITY;NOT_USPS_VALIDITY;NO_INVENTORY
97621,ZCTA_NEAREST_ACTIVE_OUTLET,OR0027,015,18.869,ZCTA_NN;R6371;TIE_FIRST_LEX,ZCTA_NN_HAVERSINE;NOT_ELIGIBILITY;NOT_USPS_VALIDITY;NO_INVENTORY
97622,EXACT_IMLS_OUTLET_ZIP,OR0027,012,,EXACT_OUTLET;TIE_FSCSKEY_SEQ,EXACT_OUTLET;NOT_USPS_VALIDITY;NO_INVENTORY
97623,EXACT_IMLS_OUTLET_ZIP,OR0027,005,,EXACT_OUTLET;TIE_FSCSKEY_SEQ,EXACT_OUTLET;NOT_USPS_VALIDITY;NO_INVENTORY
97624,EXACT_IMLS_OUTLET_ZIP,OR0027,006,,EXACT_OUTLET;TIE_FSCSKEY_SEQ,EXACT_OUTLET;NOT_USPS_VALIDITY;NO_INVENTORY
97625,ZCTA_NEAREST_ACTIVE_OUTLET,OR0027,015,16.911,ZCTA_NN;R6371;TIE_FIRST_LEX,ZCTA_NN_HAVERSINE;NOT_ELIGIBILITY;NOT_USPS_VALIDITY;NO_INVENTORY
97626,ZCTA_NEAREST_ACTIVE_OUTLET,OR0027,006,20.652,ZCTA_NN;R6371;TIE_FIRST_LEX,ZCTA_NN_HAVERSINE;NOT_ELIGIBILITY;NOT_USPS_VALIDITY;NO_INVENTORY
97627,EXACT_IMLS_OUTLET_ZIP,OR0027,017,,EXACT_OUTLET;TIE_FSCSKEY_SEQ,EXACT_OUTLET;NOT_USPS_VALIDITY;NO_INVENTORY
97630,EXACT_IMLS_OUTLET_ZIP,OR0031,002,,EXACT_OUTLET;TIE_FSCSKEY_SEQ,EXACT_OUTLET;NOT_USPS_VALIDITY;NO_INVENTORY
97632,EXACT_IMLS_OUTLET_ZIP,OR0027,009,,EXACT_OUTLET;TIE_FSCSKEY_SEQ,EXACT_OUTLET;NOT_USPS_VALIDITY;NO_INVENTORY
97633,EXACT_IMLS_OUTLET_ZIP,OR0027,014,,EXACT_OUTLET;TIE_FSCSKEY_SEQ,EXACT_OUTLET;NOT_USPS_VALIDITY;NO_INVENTORY
97634,ZCTA_NEAREST_ACTIVE_OUTLET,OR0027,018,8.450,ZCTA_NN;R6371;TIE_FIRST_LEX,ZCTA_NN_HAVERSINE;NOT_ELIGIBILITY;NOT_USPS_VALIDITY;NO_INVENTORY
97635,ZCTA_NEAREST_ACTIVE_OUTLET,OR0031,002,29.127,ZCTA_NN;R6371;TIE_FIRST_LEX,ZCTA_NN_HAVERSINE;NOT_ELIGIBILITY;NOT_USPS_VALIDITY;NO_INVENTORY
97636,EXACT_IMLS_OUTLET_ZIP,OR0031,004,,EXACT_OUTLET;TIE_FSCSKEY_SEQ,EXACT_OUTLET;NOT_USPS_VALIDITY;NO_INVENTORY
97637,ZCTA_NEAREST_ACTIVE_OUTLET,OR0031,002,44.813,ZCTA_NN;R6371;TIE_FIRST_LEX,ZCTA_NN_HAVERSINE;NOT_ELIGIBILITY;NOT_USPS_VALIDITY;NO_INVENTORY
97638,EXACT_IMLS_OUTLET_ZIP,OR0031,005,,EXACT_OUTLET;TIE_FSCSKEY_SEQ,EXACT_OUTLET;NOT_USPS_VALIDITY;NO_INVENTORY
97639,EXACT_IMLS_OUTLET_ZIP,OR0027,015,,EXACT_OUTLET;TIE_FSCSKEY_SEQ,EXACT_OUTLET;NOT_USPS_VALIDITY;NO_INVENTORY
97640,ZCTA_NEAREST_ACTIVE_OUTLET,OR0031,003,30.527,ZCTA_NN;R6371;TIE_FIRST_LEX,ZCTA_NN_HAVERSINE;NOT_ELIGIBILITY;NOT_USPS_VALIDITY;NO_INVENTORY
97641,EXACT_IMLS_OUTLET_ZIP,OR0031,003,,EXACT_OUTLET;TIE_FSCSKEY_SEQ,EXACT_OUTLET;NOT_USPS_VALIDITY;NO_INVENTORY
97701,EXACT_IMLS_OUTLET_ZIP,OR0091,010,,EXACT_OUTLET;TIE_FSCSKEY_SEQ,EXACT_OUTLET;NOT_USPS_VALIDITY;NO_INVENTORY
97702,ZCTA_NEAREST_ACTIVE_OUTLET,OR0091,010,9.360,ZCTA_NN;R6371;TIE_FIRST_LEX,ZCTA_NN_HAVERSINE;NOT_ELIGIBILITY;NOT_USPS_VALIDITY;NO_INVENTORY
97703,EXACT_IMLS_OUTLET_ZIP,OR0091,006,,EXACT_OUTLET;TIE_FSCSKEY_SEQ,EXACT_OUTLET;NOT_USPS_VALIDITY;NO_INVENTORY
97707,EXACT_IMLS_OUTLET_ZIP,OR0091,007,,EXACT_OUTLET;TIE_FSCSKEY_SEQ,EXACT_OUTLET;NOT_USPS_VALIDITY;NO_INVENTORY
97708,OBSERVED_REFERENCE_INDIRECT_ONLY,,,,INDIRECT_IMLS_SC;NO_FABRICATED_NEAREST,INDIRECT_IMLS_SC;NO_FABRICATED_NEAREST;NOT_REJECTED;NOT_USPS_VALIDITY;NO_INVENTORY
97709,ZCTA_NEAREST_ACTIVE_OUTLET,OR0091,007,34.129,ZCTA_NN;R6371;TIE_FIRST_LEX,ZCTA_NN_HAVERSINE;NOT_ELIGIBILITY;NOT_USPS_VALIDITY;NO_INVENTORY
97710,ZCTA_NEAREST_ACTIVE_OUTLET,NV0013,003,18.588,ZCTA_NN;R6371;TIE_FIRST_LEX,ZCTA_NN_HAVERSINE;NOT_ELIGIBILITY;NOT_USPS_VALIDITY;NO_INVENTORY
97711,ZCTA_NEAREST_ACTIVE_OUTLET,OR0037,002,37.235,ZCTA_NN;R6371;TIE_FIRST_LEX,ZCTA_NN_HAVERSINE;NOT_ELIGIBILITY;NOT_USPS_VALIDITY;NO_INVENTORY
97712,ZCTA_NEAREST_ACTIVE_OUTLET,OR0031,003,63.845,ZCTA_NN;R6371;TIE_FIRST_LEX,ZCTA_NN_HAVERSINE;NOT_ELIGIBILITY;NOT_USPS_VALIDITY;NO_INVENTORY
97720,EXACT_IMLS_OUTLET_ZIP,OR0109,002,,EXACT_OUTLET;TIE_FSCSKEY_SEQ,EXACT_OUTLET;NOT_USPS_VALIDITY;NO_INVENTORY
97721,ZCTA_NEAREST_ACTIVE_OUTLET,NV0013,003,61.387,ZCTA_NN;R6371;TIE_FIRST_LEX,ZCTA_NN_HAVERSINE;NOT_ELIGIBILITY;NOT_USPS_VALIDITY;NO_INVENTORY
97722,ZCTA_NEAREST_ACTIVE_OUTLET,OR0109,002,70.238,ZCTA_NN;R6371;TIE_FIRST_LEX,ZCTA_NN_HAVERSINE;NOT_ELIGIBILITY;NOT_USPS_VALIDITY;NO_INVENTORY
97730,ZCTA_NEAREST_ACTIVE_OUTLET,OR0091,005,26.880,ZCTA_NN;R6371;TIE_FIRST_LEX,ZCTA_NN_HAVERSINE;NOT_ELIGIBILITY;NOT_USPS_VALIDITY;NO_INVENTORY
97731,EXACT_IMLS_OUTLET_ZIP,OR0027,013,,EXACT_OUTLET;TIE_FSCSKEY_SEQ,EXACT_OUTLET;NOT_USPS_VALIDITY;NO_INVENTORY
97732,ZCTA_NEAREST_ACTIVE_OUTLET,OR0109,002,60.152,ZCTA_NN;R6371;TIE_FIRST_LEX,ZCTA_NN_HAVERSINE;NOT_ELIGIBILITY;NOT_USPS_VALIDITY;NO_INVENTORY
97733,ZCTA_NEAREST_ACTIVE_OUTLET,OR0027,016,20.373,ZCTA_NN;R6371;TIE_FIRST_LEX,ZCTA_NN_HAVERSINE;NOT_ELIGIBILITY;NOT_USPS_VALIDITY;NO_INVENTORY
97734,ZCTA_NEAREST_ACTIVE_OUTLET,OR0037,002,19.947,ZCTA_NN;R6371;TIE_FIRST_LEX,ZCTA_NN_HAVERSINE;NOT_ELIGIBILITY;NOT_USPS_VALIDITY;NO_INVENTORY
97735,ZCTA_NEAREST_ACTIVE_OUTLET,OR0031,005,29.511,ZCTA_NN;R6371;TIE_FIRST_LEX,ZCTA_NN_HAVERSINE;NOT_ELIGIBILITY;NOT_USPS_VALIDITY;NO_INVENTORY
97736,ZCTA_NEAREST_ACTIVE_OUTLET,NV0013,003,78.938,ZCTA_NN;R6371;TIE_FIRST_LEX,ZCTA_NN_HAVERSINE;NOT_ELIGIBILITY;NOT_USPS_VALIDITY;NO_INVENTORY
97737,EXACT_IMLS_OUTLET_ZIP,OR0027,016,,EXACT_OUTLET;TIE_FSCSKEY_SEQ,EXACT_OUTLET;NOT_USPS_VALIDITY;NO_INVENTORY
97738,ZCTA_NEAREST_ACTIVE_OUTLET,OR0109,002,14.536,ZCTA_NN;R6371;TIE_FIRST_LEX,ZCTA_NN_HAVERSINE;NOT_ELIGIBILITY;NOT_USPS_VALIDITY;NO_INVENTORY
97739,EXACT_IMLS_OUTLET_ZIP,OR0091,003,,EXACT_OUTLET;TIE_FSCSKEY_SEQ,EXACT_OUTLET;NOT_USPS_VALIDITY;NO_INVENTORY
97741,EXACT_IMLS_OUTLET_ZIP,OR0037,002,,EXACT_OUTLET;TIE_FSCSKEY_SEQ,EXACT_OUTLET;NOT_USPS_VALIDITY;NO_INVENTORY
97750,ZCTA_NEAREST_ACTIVE_OUTLET,OR0010,002,19.483,ZCTA_NN;R6371;TIE_FIRST_LEX,ZCTA_NN_HAVERSINE;NOT_ELIGIBILITY;NOT_USPS_VALIDITY;NO_INVENTORY
97751,ZCTA_NEAREST_ACTIVE_OUTLET,OR0024,002,72.840,ZCTA_NN;R6371;TIE_FIRST_LEX,ZCTA_NN_HAVERSINE;NOT_ELIGIBILITY;NOT_USPS_VALIDITY;NO_INVENTORY
97752,ZCTA_NEAREST_ACTIVE_OUTLET,OR0065,002,55.650,ZCTA_NN;R6371;TIE_FIRST_LEX,ZCTA_NN_HAVERSINE;NOT_ELIGIBILITY;NOT_USPS_VALIDITY;NO_INVENTORY
97753,ZCTA_NEAREST_ACTIVE_OUTLET,OR0065,002,15.484,ZCTA_NN;R6371;TIE_FIRST_LEX,ZCTA_NN_HAVERSINE;NOT_ELIGIBILITY;NOT_USPS_VALIDITY;NO_INVENTORY
97754,EXACT_IMLS_OUTLET_ZIP,OR0065,002,,EXACT_OUTLET;TIE_FSCSKEY_SEQ,EXACT_OUTLET;NOT_USPS_VALIDITY;NO_INVENTORY
97756,EXACT_IMLS_OUTLET_ZIP,OR0091,004,,EXACT_OUTLET;TIE_FSCSKEY_SEQ,EXACT_OUTLET;NOT_USPS_VALIDITY;NO_INVENTORY
97758,ZCTA_NEAREST_ACTIVE_OUTLET,OR0109,002,59.790,ZCTA_NN;R6371;TIE_FIRST_LEX,ZCTA_NN_HAVERSINE;NOT_ELIGIBILITY;NOT_USPS_VALIDITY;NO_INVENTORY
97759,EXACT_IMLS_OUTLET_ZIP,OR0091,005,,EXACT_OUTLET;TIE_FSCSKEY_SEQ,EXACT_OUTLET;NOT_USPS_VALIDITY;NO_INVENTORY
97760,ZCTA_NEAREST_ACTIVE_OUTLET,OR0091,004,13.487,ZCTA_NN;R6371;TIE_FIRST_LEX,ZCTA_NN_HAVERSINE;NOT_ELIGIBILITY;NOT_USPS_VALIDITY;NO_INVENTORY
97761,ZCTA_NEAREST_ACTIVE_OUTLET,OR0037,002,28.615,ZCTA_NN;R6371;TIE_FIRST_LEX,ZCTA_NN_HAVERSINE;NOT_ELIGIBILITY;NOT_USPS_VALIDITY;NO_INVENTORY
97801,EXACT_IMLS_OUTLET_ZIP,OR0059,002,,EXACT_OUTLET;TIE_FSCSKEY_SEQ,EXACT_OUTLET;NOT_USPS_VALIDITY;NO_INVENTORY
97810,EXACT_IMLS_OUTLET_ZIP,OR0040,002,,EXACT_OUTLET;TIE_FSCSKEY_SEQ,EXACT_OUTLET;NOT_USPS_VALIDITY;NO_INVENTORY
97812,EXACT_IMLS_OUTLET_ZIP,OR0013,002,,EXACT_OUTLET;TIE_FSCSKEY_SEQ,EXACT_OUTLET;NOT_USPS_VALIDITY;NO_INVENTORY
97813,EXACT_IMLS_OUTLET_ZIP,OR0035,002,,EXACT_OUTLET;TIE_FSCSKEY_SEQ,EXACT_OUTLET;NOT_USPS_VALIDITY;NO_INVENTORY
97814,EXACT_IMLS_OUTLET_ZIP,OR0046,002,,EXACT_OUTLET;TIE_FSCSKEY_SEQ,EXACT_OUTLET;NOT_USPS_VALIDITY;NO_INVENTORY
97817,ZCTA_NEAREST_ACTIVE_OUTLET,OR0046,008,31.964,ZCTA_NN;R6371;TIE_FIRST_LEX,ZCTA_NN_HAVERSINE;NOT_ELIGIBILITY;NOT_USPS_VALIDITY;NO_INVENTORY
97818,EXACT_IMLS_OUTLET_ZIP,OR0135,003,,EXACT_OUTLET;TIE_FSCSKEY_SEQ,EXACT_OUTLET;NOT_USPS_VALIDITY;NO_INVENTORY
97819,ZCTA_NEAREST_ACTIVE_OUTLET,OR0046,002,33.201,ZCTA_NN;R6371;TIE_FIRST_LEX,ZCTA_NN_HAVERSINE;NOT_ELIGIBILITY;NOT_USPS_VALIDITY;NO_INVENTORY
97820,ZCTA_NEAREST_ACTIVE_OUTLET,OR0024,002,35.318,ZCTA_NN;R6371;TIE_FIRST_LEX,ZCTA_NN_HAVERSINE;NOT_ELIGIBILITY;NOT_USPS_VALIDITY;NO_INVENTORY
97823,EXACT_IMLS_OUTLET_ZIP,OR0113,002,,EXACT_OUTLET;TIE_FSCSKEY_SEQ,EXACT_OUTLET;NOT_USPS_VALIDITY;NO_INVENTORY
97824,ZCTA_NEAREST_ACTIVE_OUTLET,OR0093,002,18.221,ZCTA_NN;R6371;TIE_FIRST_LEX,ZCTA_NN_HAVERSINE;NOT_ELIGIBILITY;NOT_USPS_VALIDITY;NO_INVENTORY
97825,ZCTA_NEAREST_ACTIVE_OUTLET,OR0024,002,43.326,ZCTA_NN;R6371;TIE_FIRST_LEX,ZCTA_NN_HAVERSINE;NOT_ELIGIBILITY;NOT_USPS_VALIDITY;NO_INVENTORY
97826,EXACT_IMLS_OUTLET_ZIP,OR0124,002,,EXACT_OUTLET;TIE_FSCSKEY_SEQ,EXACT_OUTLET;NOT_USPS_VALIDITY;NO_INVENTORY
97827,EXACT_IMLS_OUTLET_ZIP,OR0125,002,,EXACT_OUTLET;TIE_FSCSKEY_SEQ,EXACT_OUTLET;NOT_USPS_VALIDITY;NO_INVENTORY
97828,EXACT_IMLS_OUTLET_ZIP,OR0132,002,,EXACT_OUTLET;TIE_FSCSKEY_SEQ,EXACT_OUTLET;NOT_USPS_VALIDITY;NO_INVENTORY
97830,EXACT_IMLS_OUTLET_ZIP,OR0010,002,,EXACT_OUTLET;TIE_FSCSKEY_SEQ,EXACT_OUTLET;NOT_USPS_VALIDITY;NO_INVENTORY
97833,EXACT_IMLS_OUTLET_ZIP,OR0046,003,,EXACT_OUTLET;TIE_FSCSKEY_SEQ,EXACT_OUTLET;NOT_USPS_VALIDITY;NO_INVENTORY
97834,EXACT_IMLS_OUTLET_ZIP,OR0046,004,,EXACT_OUTLET;TIE_FSCSKEY_SEQ,EXACT_OUTLET;NOT_USPS_VALIDITY;NO_INVENTORY
97835,EXACT_IMLS_OUTLET_ZIP,OR0016,002,,EXACT_OUTLET;TIE_FSCSKEY_SEQ,EXACT_OUTLET;NOT_USPS_VALIDITY;NO_INVENTORY
97836,EXACT_IMLS_OUTLET_ZIP,OR0135,002,,EXACT_OUTLET;TIE_FSCSKEY_SEQ,EXACT_OUTLET;NOT_USPS_VALIDITY;NO_INVENTORY
97837,ZCTA_NEAREST_ACTIVE_OUTLET,OR0046,008,27.328,ZCTA_NN;R6371;TIE_FIRST_LEX,ZCTA_NN_HAVERSINE;NOT_ELIGIBILITY;NOT_USPS_VALIDITY;NO_INVENTORY
97838,EXACT_IMLS_OUTLET_ZIP,OR0018,002,,EXACT_OUTLET;TIE_FSCSKEY_SEQ,EXACT_OUTLET;NOT_USPS_VALIDITY;NO_INVENTORY
97839,ZCTA_NEAREST_ACTIVE_OUTLET,OR0145,001,19.078,ZCTA_NN;R6371;TIE_FIRST_LEX,ZCTA_NN_HAVERSINE;NOT_ELIGIBILITY;NOT_USPS_VALIDITY;NO_INVENTORY
97840,ZCTA_NEAREST_ACTIVE_OUTLET,OR0046,004,11.725,ZCTA_NN;R6371;TIE_FIRST_LEX,ZCTA_NN_HAVERSINE;NOT_ELIGIBILITY;NOT_USPS_VALIDITY;NO_INVENTORY
97841,ZCTA_NEAREST_ACTIVE_OUTLET,OR0125,002,10.803,ZCTA_NN;R6371;TIE_FIRST_LEX,ZCTA_NN_HAVERSINE;NOT_ELIGIBILITY;NOT_USPS_VALIDITY;NO_INVENTORY
97842,ZCTA_NEAREST_ACTIVE_OUTLET,OR0132,002,42.453,ZCTA_NN;R6371;TIE_FIRST_LEX,ZCTA_NN_HAVERSINE;NOT_ELIGIBILITY;NOT_USPS_VALIDITY;NO_INVENTORY
97843,EXACT_IMLS_OUTLET_ZIP,OR0145,001,,EXACT_OUTLET;TIE_FSCSKEY_SEQ,EXACT_OUTLET;NOT_USPS_VALIDITY;NO_INVENTORY
97844,EXACT_IMLS_OUTLET_ZIP,OR0135,004,,EXACT_OUTLET;TIE_FSCSKEY_SEQ,EXACT_OUTLET;NOT_USPS_VALIDITY;NO_INVENTORY
97845,EXACT_IMLS_OUTLET_ZIP,OR0024,002,,EXACT_OUTLET;TIE_FSCSKEY_SEQ,EXACT_OUTLET;NOT_USPS_VALIDITY;NO_INVENTORY
97846,EXACT_IMLS_OUTLET_ZIP,OR0025,002,,EXACT_OUTLET;TIE_FSCSKEY_SEQ,EXACT_OUTLET;NOT_USPS_VALIDITY;NO_INVENTORY
97848,ZCTA_NEAREST_ACTIVE_OUTLET,OR0010,002,58.714,ZCTA_NN;R6371;TIE_FIRST_LEX,ZCTA_NN_HAVERSINE;NOT_ELIGIBILITY;NOT_USPS_VALIDITY;NO_INVENTORY
97850,EXACT_IMLS_OUTLET_ZIP,OR0028,002,,EXACT_OUTLET;TIE_FSCSKEY_SEQ,EXACT_OUTLET;NOT_USPS_VALIDITY;NO_INVENTORY
97856,ZCTA_NEAREST_ACTIVE_OUTLET,OR0130,002,42.499,ZCTA_NN;R6371;TIE_FIRST_LEX,ZCTA_NN_HAVERSINE;NOT_ELIGIBILITY;NOT_USPS_VALIDITY;NO_INVENTORY
97857,ZCTA_NEAREST_ACTIVE_OUTLET,OR0132,002,20.651,ZCTA_NN;R6371;TIE_FIRST_LEX,ZCTA_NN_HAVERSINE;NOT_ELIGIBILITY;NOT_USPS_VALIDITY;NO_INVENTORY
97859,ZCTA_NEAREST_ACTIVE_OUTLET,OR0040,002,28.851,ZCTA_NN;R6371;TIE_FIRST_LEX,ZCTA_NN_HAVERSINE;NOT_ELIGIBILITY;NOT_USPS_VALIDITY;NO_INVENTORY
97862,EXACT_IMLS_OUTLET_ZIP,OR0042,002,,EXACT_OUTLET;TIE_FSCSKEY_SEQ,EXACT_OUTLET;NOT_USPS_VALIDITY;NO_INVENTORY
97864,ZCTA_NEAREST_ACTIVE_OUTLET,OR0130,002,56.113,ZCTA_NN;R6371;TIE_FIRST_LEX,ZCTA_NN_HAVERSINE;NOT_ELIGIBILITY;NOT_USPS_VALIDITY;NO_INVENTORY
97865,ZCTA_NEAREST_ACTIVE_OUTLET,OR0024,002,18.997,ZCTA_NN;R6371;TIE_FIRST_LEX,ZCTA_NN_HAVERSINE;NOT_ELIGIBILITY;NOT_USPS_VALIDITY;NO_INVENTORY
97867,EXACT_IMLS_OUTLET_ZIP,OR9005,001,,EXACT_OUTLET;TIE_FSCSKEY_SEQ,EXACT_OUTLET;NOT_USPS_VALIDITY;NO_INVENTORY
97868,EXACT_IMLS_OUTLET_ZIP,OR0061,002,,EXACT_OUTLET;TIE_FSCSKEY_SEQ,EXACT_OUTLET;NOT_USPS_VALIDITY;NO_INVENTORY
97869,ZCTA_NEAREST_ACTIVE_OUTLET,OR0024,002,25.302,ZCTA_NN;R6371;TIE_FIRST_LEX,ZCTA_NN_HAVERSINE;NOT_ELIGIBILITY;NOT_USPS_VALIDITY;NO_INVENTORY
97870,EXACT_IMLS_OUTLET_ZIP,OR0046,006,,EXACT_OUTLET;TIE_FSCSKEY_SEQ,EXACT_OUTLET;NOT_USPS_VALIDITY;NO_INVENTORY
97873,ZCTA_NEAREST_ACTIVE_OUTLET,OR0024,002,31.475,ZCTA_NN;R6371;TIE_FIRST_LEX,ZCTA_NN_HAVERSINE;NOT_ELIGIBILITY;NOT_USPS_VALIDITY;NO_INVENTORY
97874,ZCTA_NEAREST_ACTIVE_OUTLET,OR0010,002,39.443,ZCTA_NN;R6371;TIE_FIRST_LEX,ZCTA_NN_HAVERSINE;NOT_ELIGIBILITY;NOT_USPS_VALIDITY;NO_INVENTORY
97875,EXACT_IMLS_OUTLET_ZIP,OR0082,002,,EXACT_OUTLET;TIE_FSCSKEY_SEQ,EXACT_OUTLET;NOT_USPS_VALIDITY;NO_INVENTORY
97876,ZCTA_NEAREST_ACTIVE_OUTLET,OR0125,002,9.211,ZCTA_NN;R6371;TIE_FIRST_LEX,ZCTA_NN_HAVERSINE;NOT_ELIGIBILITY;NOT_USPS_VALIDITY;NO_INVENTORY
97877,EXACT_IMLS_OUTLET_ZIP,OR0046,008,,EXACT_OUTLET;TIE_FSCSKEY_SEQ,EXACT_OUTLET;NOT_USPS_VALIDITY;NO_INVENTORY
97880,EXACT_IMLS_OUTLET_ZIP,OR0130,002,,EXACT_OUTLET;TIE_FSCSKEY_SEQ,EXACT_OUTLET;NOT_USPS_VALIDITY;NO_INVENTORY
97882,EXACT_IMLS_OUTLET_ZIP,OR0092,002,,EXACT_OUTLET;TIE_FSCSKEY_SEQ,EXACT_OUTLET;NOT_USPS_VALIDITY;NO_INVENTORY
97883,EXACT_IMLS_OUTLET_ZIP,OR0093,002,,EXACT_OUTLET;TIE_FSCSKEY_SEQ,EXACT_OUTLET;NOT_USPS_VALIDITY;NO_INVENTORY
97884,ZCTA_NEAREST_ACTIVE_OUTLET,OR0046,008,32.162,ZCTA_NN;R6371;TIE_FIRST_LEX,ZCTA_NN_HAVERSINE;NOT_ELIGIBILITY;NOT_USPS_VALIDITY;NO_INVENTORY
97885,EXACT_IMLS_OUTLET_ZIP,OR0098,002,,EXACT_OUTLET;TIE_FSCSKEY_SEQ,EXACT_OUTLET;NOT_USPS_VALIDITY;NO_INVENTORY
97886,EXACT_IMLS_OUTLET_ZIP,OR0100,002,,EXACT_OUTLET;TIE_FSCSKEY_SEQ,EXACT_OUTLET;NOT_USPS_VALIDITY;NO_INVENTORY
97901,ZCTA_NEAREST_ACTIVE_OUTLET,ID0042,002,13.276,ZCTA_NN;R6371;TIE_FIRST_LEX,ZCTA_NN_HAVERSINE;NOT_ELIGIBILITY;NOT_USPS_VALIDITY;NO_INVENTORY
97902,ZCTA_NEAREST_ACTIVE_OUTLET,ID0058,002,89.641,ZCTA_NN;R6371;TIE_FIRST_LEX,ZCTA_NN_HAVERSINE;NOT_ELIGIBILITY;NOT_USPS_VALIDITY;NO_INVENTORY
97903,ZCTA_NEAREST_ACTIVE_OUTLET,OR0046,005,27.771,ZCTA_NN;R6371;TIE_FIRST_LEX,ZCTA_NN_HAVERSINE;NOT_ELIGIBILITY;NOT_USPS_VALIDITY;NO_INVENTORY
97904,ZCTA_NEAREST_ACTIVE_OUTLET,OR0109,002,56.726,ZCTA_NN;R6371;TIE_FIRST_LEX,ZCTA_NN_HAVERSINE;NOT_ELIGIBILITY;NOT_USPS_VALIDITY;NO_INVENTORY
97905,ZCTA_NEAREST_ACTIVE_OUTLET,OR0046,005,30.232,ZCTA_NN;R6371;TIE_FIRST_LEX,ZCTA_NN_HAVERSINE;NOT_ELIGIBILITY;NOT_USPS_VALIDITY;NO_INVENTORY
97906,ZCTA_NEAREST_ACTIVE_OUTLET,ID0042,002,72.585,ZCTA_NN;R6371;TIE_FIRST_LEX,ZCTA_NN_HAVERSINE;NOT_ELIGIBILITY;NOT_USPS_VALIDITY;NO_INVENTORY
97907,EXACT_IMLS_OUTLET_ZIP,OR0046,005,,EXACT_OUTLET;TIE_FSCSKEY_SEQ,EXACT_OUTLET;NOT_USPS_VALIDITY;NO_INVENTORY
97908,ZCTA_NEAREST_ACTIVE_OUTLET,OR0046,005,54.273,ZCTA_NN;R6371;TIE_FIRST_LEX,ZCTA_NN_HAVERSINE;NOT_ELIGIBILITY;NOT_USPS_VALIDITY;NO_INVENTORY
97909,ZCTA_NEAREST_ACTIVE_OUTLET,OR0046,005,17.831,ZCTA_NN;R6371;TIE_FIRST_LEX,ZCTA_NN_HAVERSINE;NOT_ELIGIBILITY;NOT_USPS_VALIDITY;NO_INVENTORY
97910,ZCTA_NEAREST_ACTIVE_OUTLET,ID0058,002,95.574,ZCTA_NN;R6371;TIE_FIRST_LEX,ZCTA_NN_HAVERSINE;NOT_ELIGIBILITY;NOT_USPS_VALIDITY;NO_INVENTORY
97911,ZCTA_NEAREST_ACTIVE_OUTLET,OR0094,002,66.343,ZCTA_NN;R6371;TIE_FIRST_LEX,ZCTA_NN_HAVERSINE;NOT_ELIGIBILITY;NOT_USPS_VALIDITY;NO_INVENTORY
97913,EXACT_IMLS_OUTLET_ZIP,OR0053,002,,EXACT_OUTLET;TIE_FSCSKEY_SEQ,EXACT_OUTLET;NOT_USPS_VALIDITY;NO_INVENTORY
97914,EXACT_IMLS_OUTLET_ZIP,OR0055,002,,EXACT_OUTLET;TIE_FSCSKEY_SEQ,EXACT_OUTLET;NOT_USPS_VALIDITY;NO_INVENTORY
97917,ZCTA_NEAREST_ACTIVE_OUTLET,OR0109,002,75.205,ZCTA_NN;R6371;TIE_FIRST_LEX,ZCTA_NN_HAVERSINE;NOT_ELIGIBILITY;NOT_USPS_VALIDITY;NO_INVENTORY
97918,EXACT_IMLS_OUTLET_ZIP,OR0094,002,,EXACT_OUTLET;TIE_FSCSKEY_SEQ,EXACT_OUTLET;NOT_USPS_VALIDITY;NO_INVENTORY
97920,ZCTA_NEAREST_ACTIVE_OUTLET,OR0094,002,41.890,ZCTA_NN;R6371;TIE_FIRST_LEX,ZCTA_NN_HAVERSINE;NOT_ELIGIBILITY;NOT_USPS_VALIDITY;NO_INVENTORY
98001,ZCTA_NEAREST_ACTIVE_OUTLET,WA0059,046,3.682,ZCTA_NN;R6371;TIE_FIRST_LEX,ZCTA_NN_HAVERSINE;NOT_ELIGIBILITY;NOT_USPS_VALIDITY;NO_INVENTORY
98002,EXACT_IMLS_OUTLET_ZIP,WA0059,046,,EXACT_OUTLET;TIE_FSCSKEY_SEQ,EXACT_OUTLET;NOT_USPS_VALIDITY;NO_INVENTORY
98003,EXACT_IMLS_OUTLET_ZIP,WA0059,014,,EXACT_OUTLET;TIE_FSCSKEY_SEQ,EXACT_OUTLET;NOT_USPS_VALIDITY;NO_INVENTORY
98004,EXACT_IMLS_OUTLET_ZIP,WA0059,003,,EXACT_OUTLET;TIE_FSCSKEY_SEQ,EXACT_OUTLET;NOT_USPS_VALIDITY;NO_INVENTORY
98005,ZCTA_NEAREST_ACTIVE_OUTLET,WA0059,003,2.010,ZCTA_NN;R6371;TIE_FIRST_LEX,ZCTA_NN_HAVERSINE;NOT_ELIGIBILITY;NOT_USPS_VALIDITY;NO_INVENTORY
98006,EXACT_IMLS_OUTLET_ZIP,WA0059,026,,EXACT_OUTLET;TIE_FSCSKEY_SEQ,EXACT_OUTLET;NOT_USPS_VALIDITY;NO_INVENTORY
98007,EXACT_IMLS_OUTLET_ZIP,WA0059,022,,EXACT_OUTLET;TIE_FSCSKEY_SEQ,EXACT_OUTLET;NOT_USPS_VALIDITY;NO_INVENTORY
98008,EXACT_IMLS_OUTLET_ZIP,WA0059,051,,EXACT_OUTLET;TIE_FSCSKEY_SEQ,EXACT_OUTLET;NOT_USPS_VALIDITY;NO_INVENTORY
98009,OBSERVED_REFERENCE_INDIRECT_ONLY,,,,INDIRECT_IMLS_SC;NO_FABRICATED_NEAREST,INDIRECT_IMLS_SC;NO_FABRICATED_NEAREST;NOT_REJECTED;NOT_USPS_VALIDITY;NO_INVENTORY
98010,EXACT_IMLS_OUTLET_ZIP,WA0059,004,,EXACT_OUTLET;TIE_FSCSKEY_SEQ,EXACT_OUTLET;NOT_USPS_VALIDITY;NO_INVENTORY
98011,EXACT_IMLS_OUTLET_ZIP,WA0059,005,,EXACT_OUTLET;TIE_FSCSKEY_SEQ,EXACT_OUTLET;NOT_USPS_VALIDITY;NO_INVENTORY
98012,EXACT_IMLS_OUTLET_ZIP,WA0065,013,,EXACT_OUTLET;TIE_FSCSKEY_SEQ,EXACT_OUTLET;NOT_USPS_VALIDITY;NO_INVENTORY
98013,OBSERVED_REFERENCE_INDIRECT_ONLY,,,,INDIRECT_IMLS_SC;NO_FABRICATED_NEAREST,INDIRECT_IMLS_SC;NO_FABRICATED_NEAREST;NOT_REJECTED;NOT_USPS_VALIDITY;NO_INVENTORY
98014,EXACT_IMLS_OUTLET_ZIP,WA0059,008,,EXACT_OUTLET;TIE_FSCSKEY_SEQ,EXACT_OUTLET;NOT_USPS_VALIDITY;NO_INVENTORY
98015,OBSERVED_REFERENCE_INDIRECT_ONLY,,,,INDIRECT_IMLS_SC;NO_FABRICATED_NEAREST,INDIRECT_IMLS_SC;NO_FABRICATED_NEAREST;NOT_REJECTED;NOT_USPS_VALIDITY;NO_INVENTORY
98019,EXACT_IMLS_OUTLET_ZIP,WA0059,011,,EXACT_OUTLET;TIE_FSCSKEY_SEQ,EXACT_OUTLET;NOT_USPS_VALIDITY;NO_INVENTORY
98020,EXACT_IMLS_OUTLET_ZIP,WA0065,006,,EXACT_OUTLET;TIE_FSCSKEY_SEQ,EXACT_OUTLET;NOT_USPS_VALIDITY;NO_INVENTORY
98021,ZCTA_NEAREST_ACTIVE_OUTLET,WA0059,005,3.591,ZCTA_NN;R6371;TIE_FIRST_LEX,ZCTA_NN_HAVERSINE;NOT_ELIGIBILITY;NOT_USPS_VALIDITY;NO_INVENTORY
98022,EXACT_IMLS_OUTLET_ZIP,WA0059,057,,EXACT_OUTLET;TIE_FSCSKEY_SEQ,EXACT_OUTLET;NOT_USPS_VALIDITY;NO_INVENTORY
98023,ZCTA_NEAREST_ACTIVE_OUTLET,WA0059,040,2.960,ZCTA_NN;R6371;TIE_FIRST_LEX,ZCTA_NN_HAVERSINE;NOT_ELIGIBILITY;NOT_USPS_VALIDITY;NO_INVENTORY
98024,EXACT_IMLS_OUTLET_ZIP,WA0059,013,,EXACT_OUTLET;TIE_FSCSKEY_SEQ,EXACT_OUTLET;NOT_USPS_VALIDITY;NO_INVENTORY
98025,ZCTA_NEAREST_ACTIVE_OUTLET,WA0059,023,9.454,ZCTA_NN;R6371;TIE_FIRST_LEX,ZCTA_NN_HAVERSINE;NOT_ELIGIBILITY;NOT_USPS_VALIDITY;NO_INVENTORY
98026,ZCTA_NEAREST_ACTIVE_OUTLET,WA0065,011,3.437,ZCTA_NN;R6371;TIE_FIRST_LEX,ZCTA_NN_HAVERSINE;NOT_ELIGIBILITY;NOT_USPS_VALIDITY;NO_INVENTORY
98027,EXACT_IMLS_OUTLET_ZIP,WA0059,017,,EXACT_OUTLET;TIE_FSCSKEY_SEQ,EXACT_OUTLET;NOT_USPS_VALIDITY;NO_INVENTORY
98028,EXACT_IMLS_OUTLET_ZIP,WA0059,018,,EXACT_OUTLET;TIE_FSCSKEY_SEQ,EXACT_OUTLET;NOT_USPS_VALIDITY;NO_INVENTORY
98029,ZCTA_NEAREST_ACTIVE_OUTLET,WA0059,050,3.528,ZCTA_NN;R6371;TIE_FIRST_LEX,ZCTA_NN_HAVERSINE;NOT_ELIGIBILITY;NOT_USPS_VALIDITY;NO_INVENTORY
98030,ZCTA_NEAREST_ACTIVE_OUTLET,WA0059,019,3.148,ZCTA_NN;R6371;TIE_FIRST_LEX,ZCTA_NN_HAVERSINE;NOT_ELIGIBILITY;NOT_USPS_VALIDITY;NO_INVENTORY
98031,EXACT_IMLS_OUTLET_ZIP,WA0059,059,,EXACT_OUTLET;TIE_FSCSKEY_SEQ,EXACT_OUTLET;NOT_USPS_VALIDITY;NO_INVENTORY
98032,EXACT_IMLS_OUTLET_ZIP,WA0059,019,,EXACT_OUTLET;TIE_FSCSKEY_SEQ,EXACT_OUTLET;NOT_USPS_VALIDITY;NO_INVENTORY
98033,EXACT_IMLS_OUTLET_ZIP,WA0059,021,,EXACT_OUTLET;TIE_FSCSKEY_SEQ,EXACT_OUTLET;NOT_USPS_VALIDITY;NO_INVENTORY
98034,EXACT_IMLS_OUTLET_ZIP,WA0059,020,,EXACT_OUTLET;TIE_FSCSKEY_SEQ,EXACT_OUTLET;NOT_USPS_VALIDITY;NO_INVENTORY
98035,OBSERVED_REFERENCE_INDIRECT_ONLY,,,,INDIRECT_IMLS_SC;NO_FABRICATED_NEAREST,INDIRECT_IMLS_SC;NO_FABRICATED_NEAREST;NOT_REJECTED;NOT_USPS_VALIDITY;NO_INVENTORY
98036,EXACT_IMLS_OUTLET_ZIP,WA0065,003,,EXACT_OUTLET;TIE_FSCSKEY_SEQ,EXACT_OUTLET;NOT_USPS_VALIDITY;NO_INVENTORY
98037,ZCTA_NEAREST_ACTIVE_OUTLET,WA0065,011,1.731,ZCTA_NN;R6371;TIE_FIRST_LEX,ZCTA_NN_HAVERSINE;NOT_ELIGIBILITY;NOT_USPS_VALIDITY;NO_INVENTORY
98038,EXACT_IMLS_OUTLET_ZIP,WA0059,023,,EXACT_OUTLET;TIE_FSCSKEY_SEQ,EXACT_OUTLET;NOT_USPS_VALIDITY;NO_INVENTORY
98039,ZCTA_NEAREST_ACTIVE_OUTLET,WA0059,003,3.864,ZCTA_NN;R6371;TIE_FIRST_LEX,ZCTA_NN_HAVERSINE;NOT_ELIGIBILITY;NOT_USPS_VALIDITY;NO_INVENTORY
98040,EXACT_IMLS_OUTLET_ZIP,WA0059,024,,EXACT_OUTLET;TIE_FSCSKEY_SEQ,EXACT_OUTLET;NOT_USPS_VALIDITY;NO_INVENTORY
98041,OBSERVED_REFERENCE_INDIRECT_ONLY,,,,INDIRECT_IMLS_SC;NO_FABRICATED_NEAREST,INDIRECT_IMLS_SC;NO_FABRICATED_NEAREST;NOT_REJECTED;NOT_USPS_VALIDITY;NO_INVENTORY
98042,EXACT_IMLS_OUTLET_ZIP,WA0059,041,,EXACT_OUTLET;TIE_FSCSKEY_SEQ,EXACT_OUTLET;NOT_USPS_VALIDITY;NO_INVENTORY
98043,EXACT_IMLS_OUTLET_ZIP,WA0065,015,,EXACT_OUTLET;TIE_FSCSKEY_SEQ,EXACT_OUTLET;NOT_USPS_VALIDITY;NO_INVENTORY
98045,EXACT_IMLS_OUTLET_ZIP,WA0059,027,,EXACT_OUTLET;TIE_FSCSKEY_SEQ,EXACT_OUTLET;NOT_USPS_VALIDITY;NO_INVENTORY
98046,OBSERVED_REFERENCE_INDIRECT_ONLY,,,,INDIRECT_IMLS_SC;NO_FABRICATED_NEAREST,INDIRECT_IMLS_SC;NO_FABRICATED_NEAREST;NOT_REJECTED;NOT_USPS_VALIDITY;NO_INVENTORY
98047,EXACT_IMLS_OUTLET_ZIP,WA0059,042,,EXACT_OUTLET;TIE_FSCSKEY_SEQ,EXACT_OUTLET;NOT_USPS_VALIDITY;NO_INVENTORY
98050,ZCTA_NEAREST_ACTIVE_OUTLET,WA0059,013,4.199,ZCTA_NN;R6371;TIE_FIRST_LEX,ZCTA_NN_HAVERSINE;NOT_ELIGIBILITY;NOT_USPS_VALIDITY;NO_INVENTORY
98051,ZCTA_NEAREST_ACTIVE_OUTLET,WA0059,004,10.598,ZCTA_NN;R6371;TIE_FIRST_LEX,ZCTA_NN_HAVERSINE;NOT_ELIGIBILITY;NOT_USPS_VALIDITY;NO_INVENTORY
98052,EXACT_IMLS_OUTLET_ZIP,WA0059,029,,EXACT_OUTLET;TIE_FSCSKEY_SEQ,EXACT_OUTLET;NOT_USPS_VALIDITY;NO_INVENTORY
98053,EXACT_IMLS_OUTLET_ZIP,WA0059,056,,EXACT_OUTLET;TIE_FSCSKEY_SEQ,EXACT_OUTLET;NOT_USPS_VALIDITY;NO_INVENTORY
98055,ZCTA_NEAREST_ACTIVE_OUTLET,WA0059,059,3.261,ZCTA_NN;R6371;TIE_FIRST_LEX,ZCTA_NN_HAVERSINE;NOT_ELIGIBILITY;NOT_USPS_VALIDITY;NO_INVENTORY
98056,EXACT_IMLS_OUTLET_ZIP,WA0059,055,,EXACT_OUTLET;TIE_FSCSKEY_SEQ,EXACT_OUTLET;NOT_USPS_VALIDITY;NO_INVENTORY
98057,EXACT_IMLS_OUTLET_ZIP,WA0059,054,,EXACT_OUTLET;TIE_FSCSKEY_SEQ,EXACT_OUTLET;NOT_USPS_VALIDITY;NO_INVENTORY
98058,EXACT_IMLS_OUTLET_ZIP,WA0059,012,,EXACT_OUTLET;TIE_FSCSKEY_SEQ,EXACT_OUTLET;NOT_USPS_VALIDITY;NO_INVENTORY
98059,ZCTA_NEAREST_ACTIVE_OUTLET,WA0059,055,3.929,ZCTA_NN;R6371;TIE_FIRST_LEX,ZCTA_NN_HAVERSINE;NOT_ELIGIBILITY;NOT_USPS_VALIDITY;NO_INVENTORY
98061,OBSERVED_REFERENCE_INDIRECT_ONLY,,,,INDIRECT_IMLS_SC;NO_FABRICATED_NEAREST,INDIRECT_IMLS_SC;NO_FABRICATED_NEAREST;NOT_REJECTED;NOT_USPS_VALIDITY;NO_INVENTORY
98062,OBSERVED_REFERENCE_INDIRECT_ONLY,,,,INDIRECT_IMLS_SC;NO_FABRICATED_NEAREST,INDIRECT_IMLS_SC;NO_FABRICATED_NEAREST;NOT_REJECTED;NOT_USPS_VALIDITY;NO_INVENTORY
98063,OBSERVED_REFERENCE_INDIRECT_ONLY,,,,INDIRECT_IMLS_SC;NO_FABRICATED_NEAREST,INDIRECT_IMLS_SC;NO_FABRICATED_NEAREST;NOT_REJECTED;NOT_USPS_VALIDITY;NO_INVENTORY
98064,OBSERVED_REFERENCE_INDIRECT_ONLY,,,,INDIRECT_IMLS_SC;NO_FABRICATED_NEAREST,INDIRECT_IMLS_SC;NO_FABRICATED_NEAREST;NOT_REJECTED;NOT_USPS_VALIDITY;NO_INVENTORY
98065,EXACT_IMLS_OUTLET_ZIP,WA0059,034,,EXACT_OUTLET;TIE_FSCSKEY_SEQ,EXACT_OUTLET;NOT_USPS_VALIDITY;NO_INVENTORY
98068,ZCTA_NEAREST_ACTIVE_OUTLET,WA0059,032,30.758,ZCTA_NN;R6371;TIE_FIRST_LEX,ZCTA_NN_HAVERSINE;NOT_ELIGIBILITY;NOT_USPS_VALIDITY;NO_INVENTORY
98070,EXACT_IMLS_OUTLET_ZIP,WA0059,037,,EXACT_OUTLET;TIE_FSCSKEY_SEQ,EXACT_OUTLET;NOT_USPS_VALIDITY;NO_INVENTORY
98071,OBSERVED_REFERENCE_INDIRECT_ONLY,,,,INDIRECT_IMLS_SC;NO_FABRICATED_NEAREST,INDIRECT_IMLS_SC;NO_FABRICATED_NEAREST;NOT_REJECTED;NOT_USPS_VALIDITY;NO_INVENTORY
98072,EXACT_IMLS_OUTLET_ZIP,WA0059,043,,EXACT_OUTLET;TIE_FSCSKEY_SEQ,EXACT_OUTLET;NOT_USPS_VALIDITY;NO_INVENTORY
98073,OBSERVED_REFERENCE_INDIRECT_ONLY,,,,INDIRECT_IMLS_SC;NO_FABRICATED_NEAREST,INDIRECT_IMLS_SC;NO_FABRICATED_NEAREST;NOT_REJECTED;NOT_USPS_VALIDITY;NO_INVENTORY
98074,EXACT_IMLS_OUTLET_ZIP,WA0059,045,,EXACT_OUTLET;TIE_FSCSKEY_SEQ,EXACT_OUTLET;NOT_USPS_VALIDITY;NO_INVENTORY
98075,ZCTA_NEAREST_ACTIVE_OUTLET,WA0059,045,3.420,ZCTA_NN;R6371;TIE_FIRST_LEX,ZCTA_NN_HAVERSINE;NOT_ELIGIBILITY;NOT_USPS_VALIDITY;NO_INVENTORY
98077,ZCTA_NEAREST_ACTIVE_OUTLET,WA0059,043,1.645,ZCTA_NN;R6371;TIE_FIRST_LEX,ZCTA_NN_HAVERSINE;NOT_ELIGIBILITY;NOT_USPS_VALIDITY;NO_INVENTORY
98082,OBSERVED_REFERENCE_INDIRECT_ONLY,,,,INDIRECT_IMLS_SC;NO_FABRICATED_NEAREST,INDIRECT_IMLS_SC;NO_FABRICATED_NEAREST;NOT_REJECTED;NOT_USPS_VALIDITY;NO_INVENTORY
98083,OBSERVED_REFERENCE_INDIRECT_ONLY,,,,INDIRECT_IMLS_SC;NO_FABRICATED_NEAREST,INDIRECT_IMLS_SC;NO_FABRICATED_NEAREST;NOT_REJECTED;NOT_USPS_VALIDITY;NO_INVENTORY
98087,ZCTA_NEAREST_ACTIVE_OUTLET,WA0065,025,3.144,ZCTA_NN;R6371;TIE_FIRST_LEX,ZCTA_NN_HAVERSINE;NOT_ELIGIBILITY;NOT_USPS_VALIDITY;NO_INVENTORY
98092,EXACT_IMLS_OUTLET_ZIP,WA0059,025,,EXACT_OUTLET;TIE_FSCSKEY_SEQ,EXACT_OUTLET;NOT_USPS_VALIDITY;NO_INVENTORY
98093,OBSERVED_REFERENCE_INDIRECT_ONLY,,,,INDIRECT_IMLS_SC;NO_FABRICATED_NEAREST,INDIRECT_IMLS_SC;NO_FABRICATED_NEAREST;NOT_REJECTED;NOT_USPS_VALIDITY;NO_INVENTORY
98101,ZCTA_NEAREST_ACTIVE_OUTLET,WA0064,002,0.564,ZCTA_NN;R6371;TIE_FIRST_LEX,ZCTA_NN_HAVERSINE;NOT_ELIGIBILITY;NOT_USPS_VALIDITY;NO_INVENTORY
98102,EXACT_IMLS_OUTLET_ZIP,WA0064,017,,EXACT_OUTLET;TIE_FSCSKEY_SEQ,EXACT_OUTLET;NOT_USPS_VALIDITY;NO_INVENTORY
98103,EXACT_IMLS_OUTLET_ZIP,WA0064,005,,EXACT_OUTLET;TIE_FSCSKEY_SEQ,EXACT_OUTLET;NOT_USPS_VALIDITY;NO_INVENTORY
98104,EXACT_IMLS_OUTLET_ZIP,WA0064,002,,EXACT_OUTLET;TIE_FSCSKEY_SEQ,EXACT_OUTLET;NOT_USPS_VALIDITY;NO_INVENTORY
98105,EXACT_IMLS_OUTLET_ZIP,WA0064,012,,EXACT_OUTLET;TIE_FSCSKEY_SEQ,EXACT_OUTLET;NOT_USPS_VALIDITY;NO_INVENTORY
98106,EXACT_IMLS_OUTLET_ZIP,WA0059,053,,EXACT_OUTLET;TIE_FSCSKEY_SEQ,EXACT_OUTLET;NOT_USPS_VALIDITY;NO_INVENTORY
98107,EXACT_IMLS_OUTLET_ZIP,WA0064,003,,EXACT_OUTLET;TIE_FSCSKEY_SEQ,EXACT_OUTLET;NOT_USPS_VALIDITY;NO_INVENTORY
98108,EXACT_IMLS_OUTLET_ZIP,WA0064,028,,EXACT_OUTLET;TIE_FSCSKEY_SEQ,EXACT_OUTLET;NOT_USPS_VALIDITY;NO_INVENTORY
98109,ZCTA_NEAREST_ACTIVE_OUTLET,WA0064,011,1.328,ZCTA_NN;R6371;TIE_FIRST_LEX,ZCTA_NN_HAVERSINE;NOT_ELIGIBILITY;NOT_USPS_VALIDITY;NO_INVENTORY
98110,EXACT_IMLS_OUTLET_ZIP,WA0060,003,,EXACT_OUTLET;TIE_FSCSKEY_SEQ,EXACT_OUTLET;NOT_USPS_VALIDITY;NO_INVENTORY
98111,OBSERVED_REFERENCE_INDIRECT_ONLY,,,,INDIRECT_IMLS_SC;NO_FABRICATED_NEAREST,INDIRECT_IMLS_SC;NO_FABRICATED_NEAREST;NOT_REJECTED;NOT_USPS_VALIDITY;NO_INVENTORY
98112,EXACT_IMLS_OUTLET_ZIP,WA0064,021,,EXACT_OUTLET;TIE_FSCSKEY_SEQ,EXACT_OUTLET;NOT_USPS_VALIDITY;NO_INVENTORY
98113,OBSERVED_REFERENCE_INDIRECT_ONLY,,,,INDIRECT_IMLS_SC;NO_FABRICATED_NEAREST,INDIRECT_IMLS_SC;NO_FABRICATED_NEAREST;NOT_REJECTED;NOT_USPS_VALIDITY;NO_INVENTORY
98114,OBSERVED_REFERENCE_INDIRECT_ONLY,,,,INDIRECT_IMLS_SC;NO_FABRICATED_NEAREST,INDIRECT_IMLS_SC;NO_FABRICATED_NEAREST;NOT_REJECTED;NOT_USPS_VALIDITY;NO_INVENTORY
98115,EXACT_IMLS_OUTLET_ZIP,WA0064,006,,EXACT_OUTLET;TIE_FSCSKEY_SEQ,EXACT_OUTLET;NOT_USPS_VALIDITY;NO_INVENTORY
98116,EXACT_IMLS_OUTLET_ZIP,WA0064,024,,EXACT_OUTLET;TIE_FSCSKEY_SEQ,EXACT_OUTLET;NOT_USPS_VALIDITY;NO_INVENTORY
98117,ZCTA_NEAREST_ACTIVE_OUTLET,WA0064,003,1.997,ZCTA_NN;R6371;TIE_FIRST_LEX,ZCTA_NN_HAVERSINE;NOT_ELIGIBILITY;NOT_USPS_VALIDITY;NO_INVENTORY
98118,EXACT_IMLS_OUTLET_ZIP,WA0064,015,,EXACT_OUTLET;TIE_FSCSKEY_SEQ,EXACT_OUTLET;NOT_USPS_VALIDITY;NO_INVENTORY
98119,EXACT_IMLS_OUTLET_ZIP,WA0064,011,,EXACT_OUTLET;TIE_FSCSKEY_SEQ,EXACT_OUTLET;NOT_USPS_VALIDITY;NO_INVENTORY
98121,EXACT_IMLS_OUTLET_ZIP,WA0064,026,,EXACT_OUTLET;TIE_FSCSKEY_SEQ,EXACT_OUTLET;NOT_USPS_VALIDITY;NO_INVENTORY
98122,EXACT_IMLS_OUTLET_ZIP,WA0064,016,,EXACT_OUTLET;TIE_FSCSKEY_SEQ,EXACT_OUTLET;NOT_USPS_VALIDITY;NO_INVENTORY
98124,OBSERVED_REFERENCE_INDIRECT_ONLY,,,,INDIRECT_IMLS_SC;NO_FABRICATED_NEAREST,INDIRECT_IMLS_SC;NO_FABRICATED_NEAREST;NOT_REJECTED;NOT_USPS_VALIDITY;NO_INVENTORY
98125,EXACT_IMLS_OUTLET_ZIP,WA0064,008,,EXACT_OUTLET;TIE_FSCSKEY_SEQ,EXACT_OUTLET;NOT_USPS_VALIDITY;NO_INVENTORY
98126,EXACT_IMLS_OUTLET_ZIP,WA0064,018,,EXACT_OUTLET;TIE_FSCSKEY_SEQ,EXACT_OUTLET;NOT_USPS_VALIDITY;NO_INVENTORY
98127,OBSERVED_REFERENCE_INDIRECT_ONLY,,,,INDIRECT_IMLS_SC;NO_FABRICATED_NEAREST,INDIRECT_IMLS_SC;NO_FABRICATED_NEAREST;NOT_REJECTED;NOT_USPS_VALIDITY;NO_INVENTORY
98133,EXACT_IMLS_OUTLET_ZIP,WA0064,004,,EXACT_OUTLET;TIE_FSCSKEY_SEQ,EXACT_OUTLET;NOT_USPS_VALIDITY;NO_INVENTORY
98134,ZCTA_NEAREST_ACTIVE_OUTLET,WA0064,014,2.043,ZCTA_NN;R6371;TIE_FIRST_LEX,ZCTA_NN_HAVERSINE;NOT_ELIGIBILITY;NOT_USPS_VALIDITY;NO_INVENTORY
98136,ZCTA_NEAREST_ACTIVE_OUTLET,WA0064,018,1.791,ZCTA_NN;R6371;TIE_FIRST_LEX,ZCTA_NN_HAVERSINE;NOT_ELIGIBILITY;NOT_USPS_VALIDITY;NO_INVENTORY
98138,OBSERVED_REFERENCE_INDIRECT_ONLY,,,,INDIRECT_IMLS_SC;NO_FABRICATED_NEAREST,INDIRECT_IMLS_SC;NO_FABRICATED_NEAREST;NOT_REJECTED;NOT_USPS_VALIDITY;NO_INVENTORY
98139,OBSERVED_REFERENCE_INDIRECT_ONLY,,,,INDIRECT_IMLS_SC;NO_FABRICATED_NEAREST,INDIRECT_IMLS_SC;NO_FABRICATED_NEAREST;NOT_REJECTED;NOT_USPS_VALIDITY;NO_INVENTORY
98144,EXACT_IMLS_OUTLET_ZIP,WA0064,014,,EXACT_OUTLET;TIE_FSCSKEY_SEQ,EXACT_OUTLET;NOT_USPS_VALIDITY;NO_INVENTORY
98145,OBSERVED_REFERENCE_INDIRECT_ONLY,,,,INDIRECT_IMLS_SC;NO_FABRICATED_NEAREST,INDIRECT_IMLS_SC;NO_FABRICATED_NEAREST;NOT_REJECTED;NOT_USPS_VALIDITY;NO_INVENTORY
98146,EXACT_IMLS_OUTLET_ZIP,WA0059,039,,EXACT_OUTLET;TIE_FSCSKEY_SEQ,EXACT_OUTLET;NOT_USPS_VALIDITY;NO_INVENTORY
98148,ZCTA_NEAREST_ACTIVE_OUTLET,WA0059,007,2.647,ZCTA_NN;R6371;TIE_FIRST_LEX,ZCTA_NN_HAVERSINE;NOT_ELIGIBILITY;NOT_USPS_VALIDITY;NO_INVENTORY
98154,ZCTA_NEAREST_ACTIVE_OUTLET,WA0064,002,0.052,ZCTA_NN;R6371;TIE_FIRST_LEX,ZCTA_NN_HAVERSINE;NOT_ELIGIBILITY;NOT_USPS_VALIDITY;NO_INVENTORY
98155,EXACT_IMLS_OUTLET_ZIP,WA0059,015,,EXACT_OUTLET;TIE_FSCSKEY_SEQ,EXACT_OUTLET;NOT_USPS_VALIDITY;NO_INVENTORY
98158,ZCTA_NEAREST_ACTIVE_OUTLET,WA0059,036,2.685,ZCTA_NN;R6371;TIE_FIRST_LEX,ZCTA_NN_HAVERSINE;NOT_ELIGIBILITY;NOT_USPS_VALIDITY;NO_INVENTORY
98160,OBSERVED_REFERENCE_INDIRECT_ONLY,,,,INDIRECT_IMLS_SC;NO_FABRICATED_NEAREST,INDIRECT_IMLS_SC;NO_FABRICATED_NEAREST;NOT_REJECTED;NOT_USPS_VALIDITY;NO_INVENTORY
98161,OBSERVED_REFERENCE_INDIRECT_ONLY,,,,INDIRECT_IMLS_SC;NO_FABRICATED_NEAREST,INDIRECT_IMLS_SC;NO_FABRICATED_NEAREST;NOT_REJECTED;NOT_USPS_VALIDITY;NO_INVENTORY
98164,ZCTA_NEAREST_ACTIVE_OUTLET,WA0064,002,0.092,ZCTA_NN;R6371;TIE_FIRST_LEX,ZCTA_NN_HAVERSINE;NOT_ELIGIBILITY;NOT_USPS_VALIDITY;NO_INVENTORY
98165,OBSERVED_REFERENCE_INDIRECT_ONLY,,,,INDIRECT_IMLS_SC;NO_FABRICATED_NEAREST,INDIRECT_IMLS_SC;NO_FABRICATED_NEAREST;NOT_REJECTED;NOT_USPS_VALIDITY;NO_INVENTORY
98166,EXACT_IMLS_OUTLET_ZIP,WA0059,007,,EXACT_OUTLET;TIE_FSCSKEY_SEQ,EXACT_OUTLET;NOT_USPS_VALIDITY;NO_INVENTORY
98168,EXACT_IMLS_OUTLET_ZIP,WA0059,006,,EXACT_OUTLET;TIE_FSCSKEY_SEQ,EXACT_OUTLET;NOT_USPS_VALIDITY;NO_INVENTORY
98170,OBSERVED_REFERENCE_INDIRECT_ONLY,,,,INDIRECT_IMLS_SC;NO_FABRICATED_NEAREST,INDIRECT_IMLS_SC;NO_FABRICATED_NEAREST;NOT_REJECTED;NOT_USPS_VALIDITY;NO_INVENTORY
98174,ZCTA_NEAREST_ACTIVE_OUTLET,WA0064,002,0.259,ZCTA_NN;R6371;TIE_FIRST_LEX,ZCTA_NN_HAVERSINE;NOT_ELIGIBILITY;NOT_USPS_VALIDITY;NO_INVENTORY
98175,OBSERVED_REFERENCE_INDIRECT_ONLY,,,,INDIRECT_IMLS_SC;NO_FABRICATED_NEAREST,INDIRECT_IMLS_SC;NO_FABRICATED_NEAREST;NOT_REJECTED;NOT_USPS_VALIDITY;NO_INVENTORY
98177,EXACT_IMLS_OUTLET_ZIP,WA0059,030,,EXACT_OUTLET;TIE_FSCSKEY_SEQ,EXACT_OUTLET;NOT_USPS_VALIDITY;NO_INVENTORY
98178,EXACT_IMLS_OUTLET_ZIP,WA0059,033,,EXACT_OUTLET;TIE_FSCSKEY_SEQ,EXACT_OUTLET;NOT_USPS_VALIDITY;NO_INVENTORY
98181,OBSERVED_REFERENCE_INDIRECT_ONLY,,,,INDIRECT_IMLS_SC;NO_FABRICATED_NEAREST,INDIRECT_IMLS_SC;NO_FABRICATED_NEAREST;NOT_REJECTED;NOT_USPS_VALIDITY;NO_INVENTORY
98188,EXACT_IMLS_OUTLET_ZIP,WA0059,036,,EXACT_OUTLET;TIE_FSCSKEY_SEQ,EXACT_OUTLET;NOT_USPS_VALIDITY;NO_INVENTORY
98191,OBSERVED_REFERENCE_INDIRECT_ONLY,,,,INDIRECT_IMLS_SC;NO_FABRICATED_NEAREST,INDIRECT_IMLS_SC;NO_FABRICATED_NEAREST;NOT_REJECTED;NOT_USPS_VALIDITY;NO_INVENTORY
98194,OBSERVED_REFERENCE_INDIRECT_ONLY,,,,INDIRECT_IMLS_SC;NO_FABRICATED_NEAREST,INDIRECT_IMLS_SC;NO_FABRICATED_NEAREST;NOT_REJECTED;NOT_USPS_VALIDITY;NO_INVENTORY
98195,ZCTA_NEAREST_ACTIVE_OUTLET,WA0064,012,1.445,ZCTA_NN;R6371;TIE_FIRST_LEX,ZCTA_NN_HAVERSINE;NOT_ELIGIBILITY;NOT_USPS_VALIDITY;NO_INVENTORY
98198,EXACT_IMLS_OUTLET_ZIP,WA0059,010,,EXACT_OUTLET;TIE_FSCSKEY_SEQ,EXACT_OUTLET;NOT_USPS_VALIDITY;NO_INVENTORY
98199,EXACT_IMLS_OUTLET_ZIP,WA0064,009,,EXACT_OUTLET;TIE_FSCSKEY_SEQ,EXACT_OUTLET;NOT_USPS_VALIDITY;NO_INVENTORY
98201,EXACT_IMLS_OUTLET_ZIP,WA0051,002,,EXACT_OUTLET;TIE_FSCSKEY_SEQ,EXACT_OUTLET;NOT_USPS_VALIDITY;NO_INVENTORY
98203,ZCTA_NEAREST_ACTIVE_OUTLET,WA0051,003,3.376,ZCTA_NN;R6371;TIE_FIRST_LEX,ZCTA_NN_HAVERSINE;NOT_ELIGIBILITY;NOT_USPS_VALIDITY;NO_INVENTORY
98204,EXACT_IMLS_OUTLET_ZIP,WA0051,003,,EXACT_OUTLET;TIE_FSCSKEY_SEQ,EXACT_OUTLET;NOT_USPS_VALIDITY;NO_INVENTORY
98206,OBSERVED_REFERENCE_INDIRECT_ONLY,,,,INDIRECT_IMLS_SC;NO_FABRICATED_NEAREST,INDIRECT_IMLS_SC;NO_FABRICATED_NEAREST;NOT_REJECTED;NOT_USPS_VALIDITY;NO_INVENTORY
98207,ZCTA_NEAREST_ACTIVE_OUTLET,WA0051,002,1.227,ZCTA_NN;R6371;TIE_FIRST_LEX,ZCTA_NN_HAVERSINE;NOT_ELIGIBILITY;NOT_USPS_VALIDITY;NO_INVENTORY
98208,ZCTA_NEAREST_ACTIVE_OUTLET,WA0051,003,3.988,ZCTA_NN;R6371;TIE_FIRST_LEX,ZCTA_NN_HAVERSINE;NOT_ELIGIBILITY;NOT_USPS_VALIDITY;NO_INVENTORY
98213,OBSERVED_REFERENCE_INDIRECT_ONLY,,,,INDIRECT_IMLS_SC;NO_FABRICATED_NEAREST,INDIRECT_IMLS_SC;NO_FABRICATED_NEAREST;NOT_REJECTED;NOT_USPS_VALIDITY;NO_INVENTORY
98220,ZCTA_NEAREST_ACTIVE_OUTLET,WA0057,015,10.091,ZCTA_NN;R6371;TIE_FIRST_LEX,ZCTA_NN_HAVERSINE;NOT_ELIGIBILITY;NOT_USPS_VALIDITY;NO_INVENTORY
98221,EXACT_IMLS_OUTLET_ZIP,WA0032,002,,EXACT_OUTLET;TIE_FSCSKEY_SEQ,EXACT_OUTLET;NOT_USPS_VALIDITY;NO_INVENTORY
98222,ZCTA_NEAREST_ACTIVE_OUTLET,WA0026,002,8.717,ZCTA_NN;R6371;TIE_FIRST_LEX,ZCTA_NN_HAVERSINE;NOT_ELIGIBILITY;NOT_USPS_VALIDITY;NO_INVENTORY
98223,EXACT_IMLS_OUTLET_ZIP,WA0065,002,,EXACT_OUTLET;TIE_FSCSKEY_SEQ,EXACT_OUTLET;NOT_USPS_VALIDITY;NO_INVENTORY
98224,ZCTA_NEAREST_ACTIVE_OUTLET,WA0059,032,15.344,ZCTA_NN;R6371;TIE_FIRST_LEX,ZCTA_NN_HAVERSINE;NOT_ELIGIBILITY;NOT_USPS_VALIDITY;NO_INVENTORY
98225,EXACT_IMLS_OUTLET_ZIP,WA0050,002,,EXACT_OUTLET;TIE_FSCSKEY_SEQ,EXACT_OUTLET;NOT_USPS_VALIDITY;NO_INVENTORY
98226,EXACT_IMLS_OUTLET_ZIP,WA0050,004,,EXACT_OUTLET;TIE_FSCSKEY_SEQ,EXACT_OUTLET;NOT_USPS_VALIDITY;NO_INVENTORY
98227,OBSERVED_REFERENCE_INDIRECT_ONLY,,,,INDIRECT_IMLS_SC;NO_FABRICATED_NEAREST,INDIRECT_IMLS_SC;NO_FABRICATED_NEAREST;NOT_REJECTED;NOT_USPS_VALIDITY;NO_INVENTORY
98228,OBSERVED_REFERENCE_INDIRECT_ONLY,,,,INDIRECT_IMLS_SC;NO_FABRICATED_NEAREST,INDIRECT_IMLS_SC;NO_FABRICATED_NEAREST;NOT_REJECTED;NOT_USPS_VALIDITY;NO_INVENTORY
98229,EXACT_IMLS_OUTLET_ZIP,WA0057,015,,EXACT_OUTLET;TIE_FSCSKEY_SEQ,EXACT_OUTLET;NOT_USPS_VALIDITY;NO_INVENTORY
98230,EXACT_IMLS_OUTLET_ZIP,WA0057,002,,EXACT_OUTLET;TIE_FSCSKEY_SEQ,EXACT_OUTLET;NOT_USPS_VALIDITY;NO_INVENTORY
98231,OBSERVED_REFERENCE_INDIRECT_ONLY,,,,INDIRECT_IMLS_SC;NO_FABRICATED_NEAREST,INDIRECT_IMLS_SC;NO_FABRICATED_NEAREST;NOT_REJECTED;NOT_USPS_VALIDITY;NO_INVENTORY
98232,ZCTA_NEAREST_ACTIVE_OUTLET,WA0002,002,11.820,ZCTA_NN;R6371;TIE_FIRST_LEX,ZCTA_NN_HAVERSINE;NOT_ELIGIBILITY;NOT_USPS_VALIDITY;NO_INVENTORY
98233,EXACT_IMLS_OUTLET_ZIP,WA0002,002,,EXACT_OUTLET;TIE_FSCSKEY_SEQ,EXACT_OUTLET;NOT_USPS_VALIDITY;NO_INVENTORY
98235,ZCTA_NEAREST_ACTIVE_OUTLET,WA0076,003,4.508,ZCTA_NN;R6371;TIE_FIRST_LEX,ZCTA_NN_HAVERSINE;NOT_ELIGIBILITY;NOT_USPS_VALIDITY;NO_INVENTORY
98236,EXACT_IMLS_OUTLET_ZIP,WA0065,023,,EXACT_OUTLET;TIE_FSCSKEY_SEQ,EXACT_OUTLET;NOT_USPS_VALIDITY;NO_INVENTORY
98237,EXACT_IMLS_OUTLET_ZIP,WA0073,001,,EXACT_OUTLET;TIE_FSCSKEY_SEQ,EXACT_OUTLET;NOT_USPS_VALIDITY;NO_INVENTORY
98238,ZCTA_NEAREST_ACTIVE_OUTLET,WA0040,002,9.121,ZCTA_NN;R6371;TIE_FIRST_LEX,ZCTA_NN_HAVERSINE;NOT_ELIGIBILITY;NOT_USPS_VALIDITY;NO_INVENTORY
98239,EXACT_IMLS_OUTLET_ZIP,WA0065,004,,EXACT_OUTLET;TIE_FSCSKEY_SEQ,EXACT_OUTLET;NOT_USPS_VALIDITY;NO_INVENTORY
98240,ZCTA_NEAREST_ACTIVE_OUTLET,WA0057,002,10.747,ZCTA_NN;R6371;TIE_FIRST_LEX,ZCTA_NN_HAVERSINE;NOT_ELIGIBILITY;NOT_USPS_VALIDITY;NO_INVENTORY
98241,EXACT_IMLS_OUTLET_ZIP,WA0065,005,,EXACT_OUTLET;TIE_FSCSKEY_SEQ,EXACT_OUTLET;NOT_USPS_VALIDITY;NO_INVENTORY
98243,ZCTA_NEAREST_ACTIVE_OUTLET,WA0031,002,8.797,ZCTA_NN;R6371;TIE_FIRST_LEX,ZCTA_NN_HAVERSINE;NOT_ELIGIBILITY;NOT_USPS_VALIDITY;NO_INVENTORY
98244,EXACT_IMLS_OUTLET_ZIP,WA0057,003,,EXACT_OUTLET;TIE_FSCSKEY_SEQ,EXACT_OUTLET;NOT_USPS_VALIDITY;NO_INVENTORY
98245,EXACT_IMLS_OUTLET_ZIP,WA0029,002,,EXACT_OUTLET;TIE_FSCSKEY_SEQ,EXACT_OUTLET;NOT_USPS_VALIDITY;NO_INVENTORY
98247,EXACT_IMLS_OUTLET_ZIP,WA0057,004,,EXACT_OUTLET;TIE_FSCSKEY_SEQ,EXACT_OUTLET;NOT_USPS_VALIDITY;NO_INVENTORY
98248,ZCTA_NEAREST_ACTIVE_OUTLET,WA0057,005,2.735,ZCTA_NN;R6371;TIE_FIRST_LEX,ZCTA_NN_HAVERSINE;NOT_ELIGIBILITY;NOT_USPS_VALIDITY;NO_INVENTORY
98249,EXACT_IMLS_OUTLET_ZIP,WA0065,007,,EXACT_OUTLET;TIE_FSCSKEY_SEQ,EXACT_OUTLET;NOT_USPS_VALIDITY;NO_INVENTORY
98250,EXACT_IMLS_OUTLET_ZIP,WA0031,002,,EXACT_OUTLET;TIE_FSCSKEY_SEQ,EXACT_OUTLET;NOT_USPS_VALIDITY;NO_INVENTORY
98251,ZCTA_NEAREST_ACTIVE_OUTLET,WA0065,020,16.622,ZCTA_NN;R6371;TIE_FIRST_LEX,ZCTA_NN_HAVERSINE;NOT_ELIGIBILITY;NOT_USPS_VALIDITY;NO_INVENTORY
98252,EXACT_IMLS_OUTLET_ZIP,WA0065,008,,EXACT_OUTLET;TIE_FSCSKEY_SEQ,EXACT_OUTLET;NOT_USPS_VALIDITY;NO_INVENTORY
98253,ZCTA_NEAREST_ACTIVE_OUTLET,WA0065,007,8.796,ZCTA_NN;R6371;TIE_FIRST_LEX,ZCTA_NN_HAVERSINE;NOT_ELIGIBILITY;NOT_USPS_VALIDITY;NO_INVENTORY
98255,ZCTA_NEAREST_ACTIVE_OUTLET,WA0073,001,18.235,ZCTA_NN;R6371;TIE_FIRST_LEX,ZCTA_NN_HAVERSINE;NOT_ELIGIBILITY;NOT_USPS_VALIDITY;NO_INVENTORY
98256,ZCTA_NEAREST_ACTIVE_OUTLET,WA0059,032,13.036,ZCTA_NN;R6371;TIE_FIRST_LEX,ZCTA_NN_HAVERSINE;NOT_ELIGIBILITY;NOT_USPS_VALIDITY;NO_INVENTORY
98257,EXACT_IMLS_OUTLET_ZIP,WA0015,002,,EXACT_OUTLET;TIE_FSCSKEY_SEQ,EXACT_OUTLET;NOT_USPS_VALIDITY;NO_INVENTORY
98258,EXACT_IMLS_OUTLET_ZIP,WA0065,009,,EXACT_OUTLET;TIE_FSCSKEY_SEQ,EXACT_OUTLET;NOT_USPS_VALIDITY;NO_INVENTORY
98259,OBSERVED_REFERENCE_INDIRECT_ONLY,,,,INDIRECT_IMLS_SC;NO_FABRICATED_NEAREST,INDIRECT_IMLS_SC;NO_FABRICATED_NEAREST;NOT_REJECTED;NOT_USPS_VALIDITY;NO_INVENTORY
98260,EXACT_IMLS_OUTLET_ZIP,WA0065,010,,EXACT_OUTLET;TIE_FSCSKEY_SEQ,EXACT_OUTLET;NOT_USPS_VALIDITY;NO_INVENTORY
98261,EXACT_IMLS_OUTLET_ZIP,WA0026,002,,EXACT_OUTLET;TIE_FSCSKEY_SEQ,EXACT_OUTLET;NOT_USPS_VALIDITY;NO_INVENTORY
98262,EXACT_IMLS_OUTLET_ZIP,WA0057,007,,EXACT_OUTLET;TIE_FSCSKEY_SEQ,EXACT_OUTLET;NOT_USPS_VALIDITY;NO_INVENTORY
98263,ZCTA_NEAREST_ACTIVE_OUTLET,WA0076,003,13.265,ZCTA_NN;R6371;TIE_FIRST_LEX,ZCTA_NN_HAVERSINE;NOT_ELIGIBILITY;NOT_USPS_VALIDITY;NO_INVENTORY
98264,EXACT_IMLS_OUTLET_ZIP,WA0057,008,,EXACT_OUTLET;TIE_FSCSKEY_SEQ,EXACT_OUTLET;NOT_USPS_VALIDITY;NO_INVENTORY
98266,EXACT_IMLS_OUTLET_ZIP,WA0057,009,,EXACT_OUTLET;TIE_FSCSKEY_SEQ,EXACT_OUTLET;NOT_USPS_VALIDITY;NO_INVENTORY
98267,ZCTA_NEAREST_ACTIVE_OUTLET,WA0065,005,28.998,ZCTA_NN;R6371;TIE_FIRST_LEX,ZCTA_NN_HAVERSINE;NOT_ELIGIBILITY;NOT_USPS_VALIDITY;NO_INVENTORY
98270,EXACT_IMLS_OUTLET_ZIP,WA0065,012,,EXACT_OUTLET;TIE_FSCSKEY_SEQ,EXACT_OUTLET;NOT_USPS_VALIDITY;NO_INVENTORY
98271,EXACT_IMLS_OUTLET_ZIP,WA0065,021,,EXACT_OUTLET;TIE_FSCSKEY_SEQ,EXACT_OUTLET;NOT_USPS_VALIDITY;NO_INVENTORY
98272,EXACT_IMLS_OUTLET_ZIP,WA0065,014,,EXACT_OUTLET;TIE_FSCSKEY_SEQ,EXACT_OUTLET;NOT_USPS_VALIDITY;NO_INVENTORY
98273,EXACT_IMLS_OUTLET_ZIP,WA0040,002,,EXACT_OUTLET;TIE_FSCSKEY_SEQ,EXACT_OUTLET;NOT_USPS_VALIDITY;NO_INVENTORY
98274,ZCTA_NEAREST_ACTIVE_OUTLET,WA0040,002,16.088,ZCTA_NN;R6371;TIE_FIRST_LEX,ZCTA_NN_HAVERSINE;NOT_ELIGIBILITY;NOT_USPS_VALIDITY;NO_INVENTORY
98275,EXACT_IMLS_OUTLET_ZIP,WA0065,022,,EXACT_OUTLET;TIE_FSCSKEY_SEQ,EXACT_OUTLET;NOT_USPS_VALIDITY;NO_INVENTORY
98276,ZCTA_NEAREST_ACTIVE_OUTLET,WA0057,004,1.724,ZCTA_NN;R6371;TIE_FIRST_LEX,ZCTA_NN_HAVERSINE;NOT_ELIGIBILITY;NOT_USPS_VALIDITY;NO_INVENTORY
98277,EXACT_IMLS_OUTLET_ZIP,WA0065,017,,EXACT_OUTLET;TIE_FSCSKEY_SEQ,EXACT_OUTLET;NOT_USPS_VALIDITY;NO_INVENTORY
98278,ZCTA_NEAREST_ACTIVE_OUTLET,WA0065,017,6.370,ZCTA_NN;R6371;TIE_FIRST_LEX,ZCTA_NN_HAVERSINE;NOT_ELIGIBILITY;NOT_USPS_VALIDITY;NO_INVENTORY
98279,ZCTA_NEAREST_ACTIVE_OUTLET,WA0029,002,9.260,ZCTA_NN;R6371;TIE_FIRST_LEX,ZCTA_NN_HAVERSINE;NOT_ELIGIBILITY;NOT_USPS_VALIDITY;NO_INVENTORY
98280,ZCTA_NEAREST_ACTIVE_OUTLET,WA0026,002,8.610,ZCTA_NN;R6371;TIE_FIRST_LEX,ZCTA_NN_HAVERSINE;NOT_ELIGIBILITY;NOT_USPS_VALIDITY;NO_INVENTORY
98281,EXACT_IMLS_OUTLET_ZIP,WA0057,014,,EXACT_OUTLET;TIE_FSCSKEY_SEQ,EXACT_OUTLET;NOT_USPS_VALIDITY;NO_INVENTORY
98282,EXACT_IMLS_OUTLET_ZIP,WA0065,024,,EXACT_OUTLET;TIE_FSCSKEY_SEQ,EXACT_OUTLET;NOT_USPS_VALIDITY;NO_INVENTORY
98283,ZCTA_NEAREST_ACTIVE_OUTLET,WA0073,001,43.586,ZCTA_NN;R6371;TIE_FIRST_LEX,ZCTA_NN_HAVERSINE;NOT_ELIGIBILITY;NOT_USPS_VALIDITY;NO_INVENTORY
98284,EXACT_IMLS_OUTLET_ZIP,WA0076,003,,EXACT_OUTLET;TIE_FSCSKEY_SEQ,EXACT_OUTLET;NOT_USPS_VALIDITY;NO_INVENTORY
98286,ZCTA_NEAREST_ACTIVE_OUTLET,WA0026,002,6.301,ZCTA_NN;R6371;TIE_FIRST_LEX,ZCTA_NN_HAVERSINE;NOT_ELIGIBILITY;NOT_USPS_VALIDITY;NO_INVENTORY
98287,OBSERVED_REFERENCE_INDIRECT_ONLY,,,,INDIRECT_IMLS_SC;NO_FABRICATED_NEAREST,INDIRECT_IMLS_SC;NO_FABRICATED_NEAREST;NOT_REJECTED;NOT_USPS_VALIDITY;NO_INVENTORY
98288,EXACT_IMLS_OUTLET_ZIP,WA0059,032,,EXACT_OUTLET;TIE_FSCSKEY_SEQ,EXACT_OUTLET;NOT_USPS_VALIDITY;NO_INVENTORY
98290,EXACT_IMLS_OUTLET_ZIP,WA0065,018,,EXACT_OUTLET;TIE_FSCSKEY_SEQ,EXACT_OUTLET;NOT_USPS_VALIDITY;NO_INVENTORY
98291,OBSERVED_REFERENCE_INDIRECT_ONLY,,,,INDIRECT_IMLS_SC;NO_FABRICATED_NEAREST,INDIRECT_IMLS_SC;NO_FABRICATED_NEAREST;NOT_REJECTED;NOT_USPS_VALIDITY;NO_INVENTORY
98292,EXACT_IMLS_OUTLET_ZIP,WA0065,019,,EXACT_OUTLET;TIE_FSCSKEY_SEQ,EXACT_OUTLET;NOT_USPS_VALIDITY;NO_INVENTORY
98293,OBSERVED_REFERENCE_INDIRECT_ONLY,,,,INDIRECT_IMLS_SC;NO_FABRICATED_NEAREST,INDIRECT_IMLS_SC;NO_FABRICATED_NEAREST;NOT_REJECTED;NOT_USPS_VALIDITY;NO_INVENTORY
98294,EXACT_IMLS_OUTLET_ZIP,WA0065,020,,EXACT_OUTLET;TIE_FSCSKEY_SEQ,EXACT_OUTLET;NOT_USPS_VALIDITY;NO_INVENTORY
98295,EXACT_IMLS_OUTLET_ZIP,WA0057,012,,EXACT_OUTLET;TIE_FSCSKEY_SEQ,EXACT_OUTLET;NOT_USPS_VALIDITY;NO_INVENTORY
98296,ZCTA_NEAREST_ACTIVE_OUTLET,WA0065,018,8.353,ZCTA_NN;R6371;TIE_FIRST_LEX,ZCTA_NN_HAVERSINE;NOT_ELIGIBILITY;NOT_USPS_VALIDITY;NO_INVENTORY
98297,ZCTA_NEAREST_ACTIVE_OUTLET,WA0029,002,8.978,ZCTA_NN;R6371;TIE_FIRST_LEX,ZCTA_NN_HAVERSINE;NOT_ELIGIBILITY;NOT_USPS_VALIDITY;NO_INVENTORY
98303,EXACT_IMLS_OUTLET_ZIP,WA0063,002,,EXACT_OUTLET;TIE_FSCSKEY_SEQ,EXACT_OUTLET;NOT_USPS_VALIDITY;NO_INVENTORY
98304,ZCTA_NEAREST_ACTIVE_OUTLET,WA0069,019,31.317,ZCTA_NN;R6371;TIE_FIRST_LEX,ZCTA_NN_HAVERSINE;NOT_ELIGIBILITY;NOT_USPS_VALIDITY;NO_INVENTORY
98305,ZCTA_NEAREST_ACTIVE_OUTLET,WA0053,004,13.893,ZCTA_NN;R6371;TIE_FIRST_LEX,ZCTA_NN_HAVERSINE;NOT_ELIGIBILITY;NOT_USPS_VALIDITY;NO_INVENTORY
98310,EXACT_IMLS_OUTLET_ZIP,WA0060,002,,EXACT_OUTLET;TIE_FSCSKEY_SEQ,EXACT_OUTLET;NOT_USPS_VALIDITY;NO_INVENTORY
98311,ZCTA_NEAREST_ACTIVE_OUTLET,WA0060,002,3.756,ZCTA_NN;R6371;TIE_FIRST_LEX,ZCTA_NN_HAVERSINE;NOT_ELIGIBILITY;NOT_USPS_VALIDITY;NO_INVENTORY
98312,ZCTA_NEAREST_ACTIVE_OUTLET,WA0060,009,9.760,ZCTA_NN;R6371;TIE_FIRST_LEX,ZCTA_NN_HAVERSINE;NOT_ELIGIBILITY;NOT_USPS_VALIDITY;NO_INVENTORY
98314,ZCTA_NEAREST_ACTIVE_OUTLET,WA0060,005,0.899,ZCTA_NN;R6371;TIE_FIRST_LEX,ZCTA_NN_HAVERSINE;NOT_ELIGIBILITY;NOT_USPS_VALIDITY;NO_INVENTORY
98315,ZCTA_NEAREST_ACTIVE_OUTLET,WA0060,010,5.810,ZCTA_NN;R6371;TIE_FIRST_LEX,ZCTA_NN_HAVERSINE;NOT_ELIGIBILITY;NOT_USPS_VALIDITY;NO_INVENTORY
98320,ZCTA_NEAREST_ACTIVE_OUTLET,WA0060,011,27.498,ZCTA_NN;R6371;TIE_FIRST_LEX,ZCTA_NN_HAVERSINE;NOT_ELIGIBILITY;NOT_USPS_VALIDITY;NO_INVENTORY
98321,EXACT_IMLS_OUTLET_ZIP,WA0063,004,,EXACT_OUTLET;TIE_FSCSKEY_SEQ,EXACT_OUTLET;NOT_USPS_VALIDITY;NO_INVENTORY
98322,OBSERVED_REFERENCE_INDIRECT_ONLY,,,,INDIRECT_IMLS_SC;NO_FABRICATED_NEAREST,INDIRECT_IMLS_SC;NO_FABRICATED_NEAREST;NOT_REJECTED;NOT_USPS_VALIDITY;NO_INVENTORY
98323,ZCTA_NEAREST_ACTIVE_OUTLET,WA0063,004,20.576,ZCTA_NN;R6371;TIE_FIRST_LEX,ZCTA_NN_HAVERSINE;NOT_ELIGIBILITY;NOT_USPS_VALIDITY;NO_INVENTORY
98324,OBSERVED_REFERENCE_INDIRECT_ONLY,,,,INDIRECT_IMLS_SC;NO_FABRICATED_NEAREST,INDIRECT_IMLS_SC;NO_FABRICATED_NEAREST;NOT_REJECTED;NOT_USPS_VALIDITY;NO_INVENTORY
98325,ZCTA_NEAREST_ACTIVE_OUTLET,WA0038,002,7.364,ZCTA_NN;R6371;TIE_FIRST_LEX,ZCTA_NN_HAVERSINE;NOT_ELIGIBILITY;NOT_USPS_VALIDITY;NO_INVENTORY
98326,EXACT_IMLS_OUTLET_ZIP,WA0053,003,,EXACT_OUTLET;TIE_FSCSKEY_SEQ,EXACT_OUTLET;NOT_USPS_VALIDITY;NO_INVENTORY
98327,EXACT_IMLS_OUTLET_ZIP,WA0063,022,,EXACT_OUTLET;TIE_FSCSKEY_SEQ,EXACT_OUTLET;NOT_USPS_VALIDITY;NO_INVENTORY
98328,EXACT_IMLS_OUTLET_ZIP,WA0063,005,,EXACT_OUTLET;TIE_FSCSKEY_SEQ,EXACT_OUTLET;NOT_USPS_VALIDITY;NO_INVENTORY
98329,ZCTA_NEAREST_ACTIVE_OUTLET,WA0063,006,2.468,ZCTA_NN;R6371;TIE_FIRST_LEX,ZCTA_NN_HAVERSINE;NOT_ELIGIBILITY;NOT_USPS_VALIDITY;NO_INVENTORY
98330,ZCTA_NEAREST_ACTIVE_OUTLET,WA0063,005,15.125,ZCTA_NN;R6371;TIE_FIRST_LEX,ZCTA_NN_HAVERSINE;NOT_ELIGIBILITY;NOT_USPS_VALIDITY;NO_INVENTORY
98331,EXACT_IMLS_OUTLET_ZIP,WA0053,004,,EXACT_OUTLET;TIE_FSCSKEY_SEQ,EXACT_OUTLET;NOT_USPS_VALIDITY;NO_INVENTORY
98332,ZCTA_NEAREST_ACTIVE_OUTLET,WA0063,011,8.230,ZCTA_NN;R6371;TIE_FIRST_LEX,ZCTA_NN_HAVERSINE;NOT_ELIGIBILITY;NOT_USPS_VALIDITY;NO_INVENTORY
98333,ZCTA_NEAREST_ACTIVE_OUTLET,WA0063,011,6.900,ZCTA_NN;R6371;TIE_FIRST_LEX,ZCTA_NN_HAVERSINE;NOT_ELIGIBILITY;NOT_USPS_VALIDITY;NO_INVENTORY
98335,EXACT_IMLS_OUTLET_ZIP,WA0063,011,,EXACT_OUTLET;TIE_FSCSKEY_SEQ,EXACT_OUTLET;NOT_USPS_VALIDITY;NO_INVENTORY
98336,ZCTA_NEAREST_ACTIVE_OUTLET,WA0069,013,12.862,ZCTA_NN;R6371;TIE_FIRST_LEX,ZCTA_NN_HAVERSINE;NOT_ELIGIBILITY;NOT_USPS_VALIDITY;NO_INVENTORY
98337,EXACT_IMLS_OUTLET_ZIP,WA0060,005,,EXACT_OUTLET;TIE_FSCSKEY_SEQ,EXACT_OUTLET;NOT_USPS_VALIDITY;NO_INVENTORY
98338,EXACT_IMLS_OUTLET_ZIP,WA0063,019,,EXACT_OUTLET;TIE_FSCSKEY_SEQ,EXACT_OUTLET;NOT_USPS_VALIDITY;NO_INVENTORY
98339,EXACT_IMLS_OUTLET_ZIP,WA0038,002,,EXACT_OUTLET;TIE_FSCSKEY_SEQ,EXACT_OUTLET;NOT_USPS_VALIDITY;NO_INVENTORY
98340,ZCTA_NEAREST_ACTIVE_OUTLET,WA0060,007,6.374,ZCTA_NN;R6371;TIE_FIRST_LEX,ZCTA_NN_HAVERSINE;NOT_ELIGIBILITY;NOT_USPS_VALIDITY;NO_INVENTORY
98342,ZCTA_NEAREST_ACTIVE_OUTLET,WA0060,006,4.952,ZCTA_NN;R6371;TIE_FIRST_LEX,ZCTA_NN_HAVERSINE;NOT_ELIGIBILITY;NOT_USPS_VALIDITY;NO_INVENTORY
98343,OBSERVED_REFERENCE_INDIRECT_ONLY,,,,INDIRECT_IMLS_SC;NO_FABRICATED_NEAREST,INDIRECT_IMLS_SC;NO_FABRICATED_NEAREST;NOT_REJECTED;NOT_USPS_VALIDITY;NO_INVENTORY
98345,ZCTA_NEAREST_ACTIVE_OUTLET,WA0060,010,4.106,ZCTA_NN;R6371;TIE_FIRST_LEX,ZCTA_NN_HAVERSINE;NOT_ELIGIBILITY;NOT_USPS_VALIDITY;NO_INVENTORY
98346,EXACT_IMLS_OUTLET_ZIP,WA0060,006,,EXACT_OUTLET;TIE_FSCSKEY_SEQ,EXACT_OUTLET;NOT_USPS_VALIDITY;NO_INVENTORY
98349,EXACT_IMLS_OUTLET_ZIP,WA0063,006,,EXACT_OUTLET;TIE_FSCSKEY_SEQ,EXACT_OUTLET;NOT_USPS_VALIDITY;NO_INVENTORY
98350,ZCTA_NEAREST_ACTIVE_OUTLET,WA0053,004,18.284,ZCTA_NN;R6371;TIE_FIRST_LEX,ZCTA_NN_HAVERSINE;NOT_ELIGIBILITY;NOT_USPS_VALIDITY;NO_INVENTORY
98351,ZCTA_NEAREST_ACTIVE_OUTLET,WA0063,002,6.986,ZCTA_NN;R6371;TIE_FIRST_LEX,ZCTA_NN_HAVERSINE;NOT_ELIGIBILITY;NOT_USPS_VALIDITY;NO_INVENTORY
98352,OBSERVED_REFERENCE_INDIRECT_ONLY,,,,INDIRECT_IMLS_SC;NO_FABRICATED_NEAREST,INDIRECT_IMLS_SC;NO_FABRICATED_NEAREST;NOT_REJECTED;NOT_USPS_VALIDITY;NO_INVENTORY
98353,EXACT_IMLS_OUTLET_ZIP,WA0060,008,,EXACT_OUTLET;TIE_FSCSKEY_SEQ,EXACT_OUTLET;NOT_USPS_VALIDITY;NO_INVENTORY
98354,EXACT_IMLS_OUTLET_ZIP,WA0063,021,,EXACT_OUTLET;TIE_FSCSKEY_SEQ,EXACT_OUTLET;NOT_USPS_VALIDITY;NO_INVENTORY
98355,ZCTA_NEAREST_ACTIVE_OUTLET,WA0069,013,24.329,ZCTA_NN;R6371;TIE_FIRST_LEX,ZCTA_NN_HAVERSINE;NOT_ELIGIBILITY;NOT_USPS_VALIDITY;NO_INVENTORY
98356,ZCTA_NEAREST_ACTIVE_OUTLET,WA0069,013,10.366,ZCTA_NN;R6371;TIE_FIRST_LEX,ZCTA_NN_HAVERSINE;NOT_ELIGIBILITY;NOT_USPS_VALIDITY;NO_INVENTORY
98357,ZCTA_NEAREST_ACTIVE_OUTLET,WA0053,003,29.217,ZCTA_NN;R6371;TIE_FIRST_LEX,ZCTA_NN_HAVERSINE;NOT_ELIGIBILITY;NOT_USPS_VALIDITY;NO_INVENTORY
98358,ZCTA_NEAREST_ACTIVE_OUTLET,WA0038,002,6.408,ZCTA_NN;R6371;TIE_FIRST_LEX,ZCTA_NN_HAVERSINE;NOT_ELIGIBILITY;NOT_USPS_VALIDITY;NO_INVENTORY
98359,ZCTA_NEAREST_ACTIVE_OUTLET,WA0059,037,8.885,ZCTA_NN;R6371;TIE_FIRST_LEX,ZCTA_NN_HAVERSINE;NOT_ELIGIBILITY;NOT_USPS_VALIDITY;NO_INVENTORY
98360,EXACT_IMLS_OUTLET_ZIP,WA0063,009,,EXACT_OUTLET;TIE_FSCSKEY_SEQ,EXACT_OUTLET;NOT_USPS_VALIDITY;NO_INVENTORY
98361,EXACT_IMLS_OUTLET_ZIP,WA0069,019,,EXACT_OUTLET;TIE_FSCSKEY_SEQ,EXACT_OUTLET;NOT_USPS_VALIDITY;NO_INVENTORY
98362,EXACT_IMLS_OUTLET_ZIP,WA0053,006,,EXACT_OUTLET;TIE_FSCSKEY_SEQ,EXACT_OUTLET;NOT_USPS_VALIDITY;NO_INVENTORY
98363,ZCTA_NEAREST_ACTIVE_OUTLET,WA0053,006,30.773,ZCTA_NN;R6371;TIE_FIRST_LEX,ZCTA_NN_HAVERSINE;NOT_ELIGIBILITY;NOT_USPS_VALIDITY;NO_INVENTORY
98364,ZCTA_NEAREST_ACTIVE_OUTLET,WA0060,007,1.200,ZCTA_NN;R6371;TIE_FIRST_LEX,ZCTA_NN_HAVERSINE;NOT_ELIGIBILITY;NOT_USPS_VALIDITY;NO_INVENTORY
98365,ZCTA_NEAREST_ACTIVE_OUTLET,WA0060,007,10.418,ZCTA_NN;R6371;TIE_FIRST_LEX,ZCTA_NN_HAVERSINE;NOT_ELIGIBILITY;NOT_USPS_VALIDITY;NO_INVENTORY
98366,EXACT_IMLS_OUTLET_ZIP,WA0060,009,,EXACT_OUTLET;TIE_FSCSKEY_SEQ,EXACT_OUTLET;NOT_USPS_VALIDITY;NO_INVENTORY
98367,ZCTA_NEAREST_ACTIVE_OUTLET,WA0060,009,9.226,ZCTA_NN;R6371;TIE_FIRST_LEX,ZCTA_NN_HAVERSINE;NOT_ELIGIBILITY;NOT_USPS_VALIDITY;NO_INVENTORY
98368,EXACT_IMLS_OUTLET_ZIP,WA0042,002,,EXACT_OUTLET;TIE_FSCSKEY_SEQ,EXACT_OUTLET;NOT_USPS_VALIDITY;NO_INVENTORY
98370,EXACT_IMLS_OUTLET_ZIP,WA0060,010,,EXACT_OUTLET;TIE_FSCSKEY_SEQ,EXACT_OUTLET;NOT_USPS_VALIDITY;NO_INVENTORY
98371,EXACT_IMLS_OUTLET_ZIP,WA0044,002,,EXACT_OUTLET;TIE_FSCSKEY_SEQ,EXACT_OUTLET;NOT_USPS_VALIDITY;NO_INVENTORY
98372,ZCTA_NEAREST_ACTIVE_OUTLET,WA0063,014,1.451,ZCTA_NN;R6371;TIE_FIRST_LEX,ZCTA_NN_HAVERSINE;NOT_ELIGIBILITY;NOT_USPS_VALIDITY;NO_INVENTORY
98373,ZCTA_NEAREST_ACTIVE_OUTLET,WA0063,020,2.839,ZCTA_NN;R6371;TIE_FIRST_LEX,ZCTA_NN_HAVERSINE;NOT_ELIGIBILITY;NOT_USPS_VALIDITY;NO_INVENTORY
98374,ZCTA_NEAREST_ACTIVE_OUTLET,WA0063,012,2.636,ZCTA_NN;R6371;TIE_FIRST_LEX,ZCTA_NN_HAVERSINE;NOT_ELIGIBILITY;NOT_USPS_VALIDITY;NO_INVENTORY
98375,EXACT_IMLS_OUTLET_ZIP,WA0063,012,,EXACT_OUTLET;TIE_FSCSKEY_SEQ,EXACT_OUTLET;NOT_USPS_VALIDITY;NO_INVENTORY
98376,ZCTA_NEAREST_ACTIVE_OUTLET,WA0060,010,20.103,ZCTA_NN;R6371;TIE_FIRST_LEX,ZCTA_NN_HAVERSINE;NOT_ELIGIBILITY;NOT_USPS_VALIDITY;NO_INVENTORY
98377,EXACT_IMLS_OUTLET_ZIP,WA0069,013,,EXACT_OUTLET;TIE_FSCSKEY_SEQ,EXACT_OUTLET;NOT_USPS_VALIDITY;NO_INVENTORY
98380,ZCTA_NEAREST_ACTIVE_OUTLET,WA0060,011,14.578,ZCTA_NN;R6371;TIE_FIRST_LEX,ZCTA_NN_HAVERSINE;NOT_ELIGIBILITY;NOT_USPS_VALIDITY;NO_INVENTORY
98381,ZCTA_NEAREST_ACTIVE_OUTLET,WA0053,003,15.117,ZCTA_NN;R6371;TIE_FIRST_LEX,ZCTA_NN_HAVERSINE;NOT_ELIGIBILITY;NOT_USPS_VALIDITY;NO_INVENTORY
98382,EXACT_IMLS_OUTLET_ZIP,WA0053,005,,EXACT_OUTLET;TIE_FSCSKEY_SEQ,EXACT_OUTLET;NOT_USPS_VALIDITY;NO_INVENTORY
98383,EXACT_IMLS_OUTLET_ZIP,WA0060,011,,EXACT_OUTLET;TIE_FSCSKEY_SEQ,EXACT_OUTLET;NOT_USPS_VALIDITY;NO_INVENTORY
98385,ZCTA_NEAREST_ACTIVE_OUTLET,WA0063,004,5.650,ZCTA_NN;R6371;TIE_FIRST_LEX,ZCTA_NN_HAVERSINE;NOT_ELIGIBILITY;NOT_USPS_VALIDITY;NO_INVENTORY
98387,ZCTA_NEAREST_ACTIVE_OUTLET,WA0063,019,6.201,ZCTA_NN;R6371;TIE_FIRST_LEX,ZCTA_NN_HAVERSINE;NOT_ELIGIBILITY;NOT_USPS_VALIDITY;NO_INVENTORY
98388,EXACT_IMLS_OUTLET_ZIP,WA0063,013,,EXACT_OUTLET;TIE_FSCSKEY_SEQ,EXACT_OUTLET;NOT_USPS_VALIDITY;NO_INVENTORY
98390,EXACT_IMLS_OUTLET_ZIP,WA0063,014,,EXACT_OUTLET;TIE_FSCSKEY_SEQ,EXACT_OUTLET;NOT_USPS_VALIDITY;NO_INVENTORY
98391,EXACT_IMLS_OUTLET_ZIP,WA0063,003,,EXACT_OUTLET;TIE_FSCSKEY_SEQ,EXACT_OUTLET;NOT_USPS_VALIDITY;NO_INVENTORY
98392,ZCTA_NEAREST_ACTIVE_OUTLET,WA0060,010,5.557,ZCTA_NN;R6371;TIE_FIRST_LEX,ZCTA_NN_HAVERSINE;NOT_ELIGIBILITY;NOT_USPS_VALIDITY;NO_INVENTORY
98393,OBSERVED_REFERENCE_INDIRECT_ONLY,,,,INDIRECT_IMLS_SC;NO_FABRICATED_NEAREST,INDIRECT_IMLS_SC;NO_FABRICATED_NEAREST;NOT_REJECTED;NOT_USPS_VALIDITY;NO_INVENTORY
98394,ZCTA_NEAREST_ACTIVE_OUTLET,WA0063,006,3.805,ZCTA_NN;R6371;TIE_FIRST_LEX,ZCTA_NN_HAVERSINE;NOT_ELIGIBILITY;NOT_USPS_VALIDITY;NO_INVENTORY
98395,OBSERVED_REFERENCE_INDIRECT_ONLY,,,,INDIRECT_IMLS_SC;NO_FABRICATED_NEAREST,INDIRECT_IMLS_SC;NO_FABRICATED_NEAREST;NOT_REJECTED;NOT_USPS_VALIDITY;NO_INVENTORY
98396,ZCTA_NEAREST_ACTIVE_OUTLET,WA0063,004,6.253,ZCTA_NN;R6371;TIE_FIRST_LEX,ZCTA_NN_HAVERSINE;NOT_ELIGIBILITY;NOT_USPS_VALIDITY;NO_INVENTORY
98401,OBSERVED_REFERENCE_INDIRECT_ONLY,,,,INDIRECT_IMLS_SC;NO_FABRICATED_NEAREST,INDIRECT_IMLS_SC;NO_FABRICATED_NEAREST;NOT_REJECTED;NOT_USPS_VALIDITY;NO_INVENTORY
98402,EXACT_IMLS_OUTLET_ZIP,WA0068,002,,EXACT_OUTLET;TIE_FSCSKEY_SEQ,EXACT_OUTLET;NOT_USPS_VALIDITY;NO_INVENTORY
98403,ZCTA_NEAREST_ACTIVE_OUTLET,WA0068,002,1.852,ZCTA_NN;R6371;TIE_FIRST_LEX,ZCTA_NN_HAVERSINE;NOT_ELIGIBILITY;NOT_USPS_VALIDITY;NO_INVENTORY
98404,EXACT_IMLS_OUTLET_ZIP,WA0068,008,,EXACT_OUTLET;TIE_FSCSKEY_SEQ,EXACT_OUTLET;NOT_USPS_VALIDITY;NO_INVENTORY
98405,ZCTA_NEAREST_ACTIVE_OUTLET,WA0068,002,2.247,ZCTA_NN;R6371;TIE_FIRST_LEX,ZCTA_NN_HAVERSINE;NOT_ELIGIBILITY;NOT_USPS_VALIDITY;NO_INVENTORY
98406,EXACT_IMLS_OUTLET_ZIP,WA0068,011,,EXACT_OUTLET;TIE_FSCSKEY_SEQ,EXACT_OUTLET;NOT_USPS_VALIDITY;NO_INVENTORY
98407,EXACT_IMLS_OUTLET_ZIP,WA0068,006,,EXACT_OUTLET;TIE_FSCSKEY_SEQ,EXACT_OUTLET;NOT_USPS_VALIDITY;NO_INVENTORY
98408,EXACT_IMLS_OUTLET_ZIP,WA0068,007,,EXACT_OUTLET;TIE_FSCSKEY_SEQ,EXACT_OUTLET;NOT_USPS_VALIDITY;NO_INVENTORY
98409,EXACT_IMLS_OUTLET_ZIP,WA0068,009,,EXACT_OUTLET;TIE_FSCSKEY_SEQ,EXACT_OUTLET;NOT_USPS_VALIDITY;NO_INVENTORY
98411,OBSERVED_REFERENCE_INDIRECT_ONLY,,,,INDIRECT_IMLS_SC;NO_FABRICATED_NEAREST,INDIRECT_IMLS_SC;NO_FABRICATED_NEAREST;NOT_REJECTED;NOT_USPS_VALIDITY;NO_INVENTORY
98416,ZCTA_NEAREST_ACTIVE_OUTLET,WA0068,006,0.993,ZCTA_NN;R6371;TIE_FIRST_LEX,ZCTA_NN_HAVERSINE;NOT_ELIGIBILITY;NOT_USPS_VALIDITY;NO_INVENTORY
98417,OBSERVED_REFERENCE_INDIRECT_ONLY,,,,INDIRECT_IMLS_SC;NO_FABRICATED_NEAREST,INDIRECT_IMLS_SC;NO_FABRICATED_NEAREST;NOT_REJECTED;NOT_USPS_VALIDITY;NO_INVENTORY
98418,ZCTA_NEAREST_ACTIVE_OUTLET,WA0068,008,1.931,ZCTA_NN;R6371;TIE_FIRST_LEX,ZCTA_NN_HAVERSINE;NOT_ELIGIBILITY;NOT_USPS_VALIDITY;NO_INVENTORY
98419,OBSERVED_REFERENCE_INDIRECT_ONLY,,,,INDIRECT_IMLS_SC;NO_FABRICATED_NEAREST,INDIRECT_IMLS_SC;NO_FABRICATED_NEAREST;NOT_REJECTED;NOT_USPS_VALIDITY;NO_INVENTORY
98421,ZCTA_NEAREST_ACTIVE_OUTLET,WA0068,005,3.252,ZCTA_NN;R6371;TIE_FIRST_LEX,ZCTA_NN_HAVERSINE;NOT_ELIGIBILITY;NOT_USPS_VALIDITY;NO_INVENTORY
98422,EXACT_IMLS_OUTLET_ZIP,WA0068,005,,EXACT_OUTLET;TIE_FSCSKEY_SEQ,EXACT_OUTLET;NOT_USPS_VALIDITY;NO_INVENTORY
98424,EXACT_IMLS_OUTLET_ZIP,WA0063,023,,EXACT_OUTLET;TIE_FSCSKEY_SEQ,EXACT_OUTLET;NOT_USPS_VALIDITY;NO_INVENTORY
98430,ZCTA_NEAREST_ACTIVE_OUTLET,WA0063,015,1.342,ZCTA_NN;R6371;TIE_FIRST_LEX,ZCTA_NN_HAVERSINE;NOT_ELIGIBILITY;NOT_USPS_VALIDITY;NO_INVENTORY
98431,OBSERVED_REFERENCE_INDIRECT_ONLY,,,,INDIRECT_IMLS_SC;NO_FABRICATED_NEAREST,INDIRECT_IMLS_SC;NO_FABRICATED_NEAREST;NOT_REJECTED;NOT_USPS_VALIDITY;NO_INVENTORY
98433,ZCTA_NEAREST_ACTIVE_OUTLET,WA0063,022,2.748,ZCTA_NN;R6371;TIE_FIRST_LEX,ZCTA_NN_HAVERSINE;NOT_ELIGIBILITY;NOT_USPS_VALIDITY;NO_INVENTORY
98438,ZCTA_NEAREST_ACTIVE_OUTLET,WA0063,025,3.963,ZCTA_NN;R6371;TIE_FIRST_LEX,ZCTA_NN_HAVERSINE;NOT_ELIGIBILITY;NOT_USPS_VALIDITY;NO_INVENTORY
98439,ZCTA_NEAREST_ACTIVE_OUTLET,WA0063,015,4.006,ZCTA_NN;R6371;TIE_FIRST_LEX,ZCTA_NN_HAVERSINE;NOT_ELIGIBILITY;NOT_USPS_VALIDITY;NO_INVENTORY
98443,ZCTA_NEAREST_ACTIVE_OUTLET,WA0063,023,4.481,ZCTA_NN;R6371;TIE_FIRST_LEX,ZCTA_NN_HAVERSINE;NOT_ELIGIBILITY;NOT_USPS_VALIDITY;NO_INVENTORY
98444,EXACT_IMLS_OUTLET_ZIP,WA0063,010,,EXACT_OUTLET;TIE_FSCSKEY_SEQ,EXACT_OUTLET;NOT_USPS_VALIDITY;NO_INVENTORY
98445,ZCTA_NEAREST_ACTIVE_OUTLET,WA0063,010,2.347,ZCTA_NN;R6371;TIE_FIRST_LEX,ZCTA_NN_HAVERSINE;NOT_ELIGIBILITY;NOT_USPS_VALIDITY;NO_INVENTORY
98446,EXACT_IMLS_OUTLET_ZIP,WA0063,020,,EXACT_OUTLET;TIE_FSCSKEY_SEQ,EXACT_OUTLET;NOT_USPS_VALIDITY;NO_INVENTORY
98447,ZCTA_NEAREST_ACTIVE_OUTLET,WA0063,010,1.600,ZCTA_NN;R6371;TIE_FIRST_LEX,ZCTA_NN_HAVERSINE;NOT_ELIGIBILITY;NOT_USPS_VALIDITY;NO_INVENTORY
98448,OBSERVED_REFERENCE_INDIRECT_ONLY,,,,INDIRECT_IMLS_SC;NO_FABRICATED_NEAREST,INDIRECT_IMLS_SC;NO_FABRICATED_NEAREST;NOT_REJECTED;NOT_USPS_VALIDITY;NO_INVENTORY
98464,OBSERVED_REFERENCE_INDIRECT_ONLY,,,,INDIRECT_IMLS_SC;NO_FABRICATED_NEAREST,INDIRECT_IMLS_SC;NO_FABRICATED_NEAREST;NOT_REJECTED;NOT_USPS_VALIDITY;NO_INVENTORY
98465,ZCTA_NEAREST_ACTIVE_OUTLET,WA0068,011,0.707,ZCTA_NN;R6371;TIE_FIRST_LEX,ZCTA_NN_HAVERSINE;NOT_ELIGIBILITY;NOT_USPS_VALIDITY;NO_INVENTORY
98466,EXACT_IMLS_OUTLET_ZIP,WA0063,016,,EXACT_OUTLET;TIE_FSCSKEY_SEQ,EXACT_OUTLET;NOT_USPS_VALIDITY;NO_INVENTORY
98467,ZCTA_NEAREST_ACTIVE_OUTLET,WA0063,013,3.052,ZCTA_NN;R6371;TIE_FIRST_LEX,ZCTA_NN_HAVERSINE;NOT_ELIGIBILITY;NOT_USPS_VALIDITY;NO_INVENTORY
98493,OBSERVED_REFERENCE_INDIRECT_ONLY,,,,INDIRECT_IMLS_SC;NO_FABRICATED_NEAREST,INDIRECT_IMLS_SC;NO_FABRICATED_NEAREST;NOT_REJECTED;NOT_USPS_VALIDITY;NO_INVENTORY
98496,OBSERVED_REFERENCE_INDIRECT_ONLY,,,,INDIRECT_IMLS_SC;NO_FABRICATED_NEAREST,INDIRECT_IMLS_SC;NO_FABRICATED_NEAREST;NOT_REJECTED;NOT_USPS_VALIDITY;NO_INVENTORY
98498,EXACT_IMLS_OUTLET_ZIP,WA0063,015,,EXACT_OUTLET;TIE_FSCSKEY_SEQ,EXACT_OUTLET;NOT_USPS_VALIDITY;NO_INVENTORY
98499,EXACT_IMLS_OUTLET_ZIP,WA0063,025,,EXACT_OUTLET;TIE_FSCSKEY_SEQ,EXACT_OUTLET;NOT_USPS_VALIDITY;NO_INVENTORY
98501,EXACT_IMLS_OUTLET_ZIP,WA0069,018,,EXACT_OUTLET;TIE_FSCSKEY_SEQ,EXACT_OUTLET;NOT_USPS_VALIDITY;NO_INVENTORY
98502,EXACT_IMLS_OUTLET_ZIP,WA0069,030,,EXACT_OUTLET;TIE_FSCSKEY_SEQ,EXACT_OUTLET;NOT_USPS_VALIDITY;NO_INVENTORY
98503,EXACT_IMLS_OUTLET_ZIP,WA0069,010,,EXACT_OUTLET;TIE_FSCSKEY_SEQ,EXACT_OUTLET;NOT_USPS_VALIDITY;NO_INVENTORY
98504,OBSERVED_REFERENCE_INDIRECT_ONLY,,,,INDIRECT_IMLS_SC;NO_FABRICATED_NEAREST,INDIRECT_IMLS_SC;NO_FABRICATED_NEAREST;NOT_REJECTED;NOT_USPS_VALIDITY;NO_INVENTORY
98505,ZCTA_NEAREST_ACTIVE_OUTLET,WA0069,030,4.617,ZCTA_NN;R6371;TIE_FIRST_LEX,ZCTA_NN_HAVERSINE;NOT_ELIGIBILITY;NOT_USPS_VALIDITY;NO_INVENTORY
98506,ZCTA_NEAREST_ACTIVE_OUTLET,WA0069,018,7.693,ZCTA_NN;R6371;TIE_FIRST_LEX,ZCTA_NN_HAVERSINE;NOT_ELIGIBILITY;NOT_USPS_VALIDITY;NO_INVENTORY
98507,OBSERVED_REFERENCE_INDIRECT_ONLY,,,,INDIRECT_IMLS_SC;NO_FABRICATED_NEAREST,INDIRECT_IMLS_SC;NO_FABRICATED_NEAREST;NOT_REJECTED;NOT_USPS_VALIDITY;NO_INVENTORY
98508,OBSERVED_REFERENCE_INDIRECT_ONLY,,,,INDIRECT_IMLS_SC;NO_FABRICATED_NEAREST,INDIRECT_IMLS_SC;NO_FABRICATED_NEAREST;NOT_REJECTED;NOT_USPS_VALIDITY;NO_INVENTORY
98509,OBSERVED_REFERENCE_INDIRECT_ONLY,,,,INDIRECT_IMLS_SC;NO_FABRICATED_NEAREST,INDIRECT_IMLS_SC;NO_FABRICATED_NEAREST;NOT_REJECTED;NOT_USPS_VALIDITY;NO_INVENTORY
98511,OBSERVED_REFERENCE_INDIRECT_ONLY,,,,INDIRECT_IMLS_SC;NO_FABRICATED_NEAREST,INDIRECT_IMLS_SC;NO_FABRICATED_NEAREST;NOT_REJECTED;NOT_USPS_VALIDITY;NO_INVENTORY
98512,ZCTA_NEAREST_ACTIVE_OUTLET,WA0069,025,10.837,ZCTA_NN;R6371;TIE_FIRST_LEX,ZCTA_NN_HAVERSINE;NOT_ELIGIBILITY;NOT_USPS_VALIDITY;NO_INVENTORY
98513,ZCTA_NEAREST_ACTIVE_OUTLET,WA0069,029,7.414,ZCTA_NN;R6371;TIE_FIRST_LEX,ZCTA_NN_HAVERSINE;NOT_ELIGIBILITY;NOT_USPS_VALIDITY;NO_INVENTORY
98516,EXACT_IMLS_OUTLET_ZIP,WA0069,029,,EXACT_OUTLET;TIE_FSCSKEY_SEQ,EXACT_OUTLET;NOT_USPS_VALIDITY;NO_INVENTORY
98520,EXACT_IMLS_OUTLET_ZIP,WA0069,002,,EXACT_OUTLET;TIE_FSCSKEY_SEQ,EXACT_OUTLET;NOT_USPS_VALIDITY;NO_INVENTORY
98524,ZCTA_NEAREST_ACTIVE_OUTLET,WA0063,006,7.385,ZCTA_NN;R6371;TIE_FIRST_LEX,ZCTA_NN_HAVERSINE;NOT_ELIGIBILITY;NOT_USPS_VALIDITY;NO_INVENTORY
98526,EXACT_IMLS_OUTLET_ZIP,WA0069,003,,EXACT_OUTLET;TIE_FSCSKEY_SEQ,EXACT_OUTLET;NOT_USPS_VALIDITY;NO_INVENTORY
98527,ZCTA_NEAREST_ACTIVE_OUTLET,WA0069,023,10.820,ZCTA_NN;R6371;TIE_FIRST_LEX,ZCTA_NN_HAVERSINE;NOT_ELIGIBILITY;NOT_USPS_VALIDITY;NO_INVENTORY
98528,EXACT_IMLS_OUTLET_ZIP,WA0069,015,,EXACT_OUTLET;TIE_FSCSKEY_SEQ,EXACT_OUTLET;NOT_USPS_VALIDITY;NO_INVENTORY
98530,ZCTA_NEAREST_ACTIVE_OUTLET,WA0069,024,5.504,ZCTA_NN;R6371;TIE_FIRST_LEX,ZCTA_NN_HAVERSINE;NOT_ELIGIBILITY;NOT_USPS_VALIDITY;NO_INVENTORY
98531,EXACT_IMLS_OUTLET_ZIP,WA0069,004,,EXACT_OUTLET;TIE_FSCSKEY_SEQ,EXACT_OUTLET;NOT_USPS_VALIDITY;NO_INVENTORY
98532,EXACT_IMLS_OUTLET_ZIP,WA0069,005,,EXACT_OUTLET;TIE_FSCSKEY_SEQ,EXACT_OUTLET;NOT_USPS_VALIDITY;NO_INVENTORY
98533,ZCTA_NEAREST_ACTIVE_OUTLET,WA0069,021,22.969,ZCTA_NN;R6371;TIE_FIRST_LEX,ZCTA_NN_HAVERSINE;NOT_ELIGIBILITY;NOT_USPS_VALIDITY;NO_INVENTORY
98535,ZCTA_NEAREST_ACTIVE_OUTLET,WA0028,002,10.408,ZCTA_NN;R6371;TIE_FIRST_LEX,ZCTA_NN_HAVERSINE;NOT_ELIGIBILITY;NOT_USPS_VALIDITY;NO_INVENTORY
98536,ZCTA_NEAREST_ACTIVE_OUTLET,WA0028,002,22.056,ZCTA_NN;R6371;TIE_FIRST_LEX,ZCTA_NN_HAVERSINE;NOT_ELIGIBILITY;NOT_USPS_VALIDITY;NO_INVENTORY
98537,ZCTA_NEAREST_ACTIVE_OUTLET,WA0069,020,16.968,ZCTA_NN;R6371;TIE_FIRST_LEX,ZCTA_NN_HAVERSINE;NOT_ELIGIBILITY;NOT_USPS_VALIDITY;NO_INVENTORY
98538,ZCTA_NEAREST_ACTIVE_OUTLET,WA0069,027,16.083,ZCTA_NN;R6371;TIE_FIRST_LEX,ZCTA_NN_HAVERSINE;NOT_ELIGIBILITY;NOT_USPS_VALIDITY;NO_INVENTORY
98539,ZCTA_NEAREST_ACTIVE_OUTLET,WA0069,016,22.668,ZCTA_NN;R6371;TIE_FIRST_LEX,ZCTA_NN_HAVERSINE;NOT_ELIGIBILITY;NOT_USPS_VALIDITY;NO_INVENTORY
98541,EXACT_IMLS_OUTLET_ZIP,WA0069,006,,EXACT_OUTLET;TIE_FSCSKEY_SEQ,EXACT_OUTLET;NOT_USPS_VALIDITY;NO_INVENTORY
98542,ZCTA_NEAREST_ACTIVE_OUTLET,WA0069,021,7.302,ZCTA_NN;R6371;TIE_FIRST_LEX,ZCTA_NN_HAVERSINE;NOT_ELIGIBILITY;NOT_USPS_VALIDITY;NO_INVENTORY
98544,ZCTA_NEAREST_ACTIVE_OUTLET,WA0069,004,5.902,ZCTA_NN;R6371;TIE_FIRST_LEX,ZCTA_NN_HAVERSINE;NOT_ELIGIBILITY;NOT_USPS_VALIDITY;NO_INVENTORY
98546,ZCTA_NEAREST_ACTIVE_OUTLET,WA0063,006,12.741,ZCTA_NN;R6371;TIE_FIRST_LEX,ZCTA_NN_HAVERSINE;NOT_ELIGIBILITY;NOT_USPS_VALIDITY;NO_INVENTORY
98547,ZCTA_NEAREST_ACTIVE_OUTLET,WA0069,026,12.389,ZCTA_NN;R6371;TIE_FIRST_LEX,ZCTA_NN_HAVERSINE;NOT_ELIGIBILITY;NOT_USPS_VALIDITY;NO_INVENTORY
98548,EXACT_IMLS_OUTLET_ZIP,WA0069,007,,EXACT_OUTLET;TIE_FSCSKEY_SEQ,EXACT_OUTLET;NOT_USPS_VALIDITY;NO_INVENTORY
98550,EXACT_IMLS_OUTLET_ZIP,WA0069,008,,EXACT_OUTLET;TIE_FSCSKEY_SEQ,EXACT_OUTLET;NOT_USPS_VALIDITY;NO_INVENTORY
98552,ZCTA_NEAREST_ACTIVE_OUTLET,WA0069,003,16.418,ZCTA_NN;R6371;TIE_FIRST_LEX,ZCTA_NN_HAVERSINE;NOT_ELIGIBILITY;NOT_USPS_VALIDITY;NO_INVENTORY
98555,ZCTA_NEAREST_ACTIVE_OUTLET,WA0069,007,15.429,ZCTA_NN;R6371;TIE_FIRST_LEX,ZCTA_NN_HAVERSINE;NOT_ELIGIBILITY;NOT_USPS_VALIDITY;NO_INVENTORY
98556,ZCTA_NEAREST_ACTIVE_OUTLET,WA0069,016,8.806,ZCTA_NN;R6371;TIE_FIRST_LEX,ZCTA_NN_HAVERSINE;NOT_ELIGIBILITY;NOT_USPS_VALIDITY;NO_INVENTORY
98557,EXACT_IMLS_OUTLET_ZIP,WA0069,011,,EXACT_OUTLET;TIE_FSCSKEY_SEQ,EXACT_OUTLET;NOT_USPS_VALIDITY;NO_INVENTORY
98558,ZCTA_NEAREST_ACTIVE_OUTLET,WA0069,028,2.992,ZCTA_NN;R6371;TIE_FIRST_LEX,ZCTA_NN_HAVERSINE;NOT_ELIGIBILITY;NOT_USPS_VALIDITY;NO_INVENTORY
98559,ZCTA_NEAREST_ACTIVE_OUTLET,WA0069,006,7.636,ZCTA_NN;R6371;TIE_FIRST_LEX,ZCTA_NN_HAVERSINE;NOT_ELIGIBILITY;NOT_USPS_VALIDITY;NO_INVENTORY
98560,ZCTA_NEAREST_ACTIVE_OUTLET,WA0069,007,23.699,ZCTA_NN;R6371;TIE_FIRST_LEX,ZCTA_NN_HAVERSINE;NOT_ELIGIBILITY;NOT_USPS_VALIDITY;NO_INVENTORY
98562,ZCTA_NEAREST_ACTIVE_OUTLET,WA0028,002,26.578,ZCTA_NN;R6371;TIE_FIRST_LEX,ZCTA_NN_HAVERSINE;NOT_ELIGIBILITY;NOT_USPS_VALIDITY;NO_INVENTORY
98563,EXACT_IMLS_OUTLET_ZIP,WA0069,012,,EXACT_OUTLET;TIE_FSCSKEY_SEQ,EXACT_OUTLET;NOT_USPS_VALIDITY;NO_INVENTORY
98564,ZCTA_NEAREST_ACTIVE_OUTLET,WA0069,021,18.522,ZCTA_NN;R6371;TIE_FIRST_LEX,ZCTA_NN_HAVERSINE;NOT_ELIGIBILITY;NOT_USPS_VALIDITY;NO_INVENTORY
98565,ZCTA_NEAREST_ACTIVE_OUTLET,WA0069,027,9.836,ZCTA_NN;R6371;TIE_FIRST_LEX,ZCTA_NN_HAVERSINE;NOT_ELIGIBILITY;NOT_USPS_VALIDITY;NO_INVENTORY
98566,ZCTA_NEAREST_ACTIVE_OUTLET,WA0069,003,9.635,ZCTA_NN;R6371;TIE_FIRST_LEX,ZCTA_NN_HAVERSINE;NOT_ELIGIBILITY;NOT_USPS_VALIDITY;NO_INVENTORY
98568,EXACT_IMLS_OUTLET_ZIP,WA0069,016,,EXACT_OUTLET;TIE_FSCSKEY_SEQ,EXACT_OUTLET;NOT_USPS_VALIDITY;NO_INVENTORY
98569,EXACT_IMLS_OUTLET_ZIP,WA0028,002,,EXACT_OUTLET;TIE_FSCSKEY_SEQ,EXACT_OUTLET;NOT_USPS_VALIDITY;NO_INVENTORY
98570,ZCTA_NEAREST_ACTIVE_OUTLET,WA0069,021,11.114,ZCTA_NN;R6371;TIE_FIRST_LEX,ZCTA_NN_HAVERSINE;NOT_ELIGIBILITY;NOT_USPS_VALIDITY;NO_INVENTORY
98571,ZCTA_NEAREST_ACTIVE_OUTLET,WA0028,002,22.554,ZCTA_NN;R6371;TIE_FIRST_LEX,ZCTA_NN_HAVERSINE;NOT_ELIGIBILITY;NOT_USPS_VALIDITY;NO_INVENTORY
98572,ZCTA_NEAREST_ACTIVE_OUTLET,WA0069,027,30.472,ZCTA_NN;R6371;TIE_FIRST_LEX,ZCTA_NN_HAVERSINE;NOT_ELIGIBILITY;NOT_USPS_VALIDITY;NO_INVENTORY
98575,ZCTA_NEAREST_ACTIVE_OUTLET,WA0069,003,7.110,ZCTA_NN;R6371;TIE_FIRST_LEX,ZCTA_NN_HAVERSINE;NOT_ELIGIBILITY;NOT_USPS_VALIDITY;NO_INVENTORY
98576,ZCTA_NEAREST_ACTIVE_OUTLET,WA0069,028,10.947,ZCTA_NN;R6371;TIE_FIRST_LEX,ZCTA_NN_HAVERSINE;NOT_ELIGIBILITY;NOT_USPS_VALIDITY;NO_INVENTORY
98577,EXACT_IMLS_OUTLET_ZIP,WA0069,020,,EXACT_OUTLET;TIE_FSCSKEY_SEQ,EXACT_OUTLET;NOT_USPS_VALIDITY;NO_INVENTORY
98579,ZCTA_NEAREST_ACTIVE_OUTLET,WA0069,016,10.162,ZCTA_NN;R6371;TIE_FIRST_LEX,ZCTA_NN_HAVERSINE;NOT_ELIGIBILITY;NOT_USPS_VALIDITY;NO_INVENTORY
98580,ZCTA_NEAREST_ACTIVE_OUTLET,WA0069,028,8.525,ZCTA_NN;R6371;TIE_FIRST_LEX,ZCTA_NN_HAVERSINE;NOT_ELIGIBILITY;NOT_USPS_VALIDITY;NO_INVENTORY
98581,ZCTA_NEAREST_ACTIVE_OUTLET,WA0003,002,15.333,ZCTA_NN;R6371;TIE_FIRST_LEX,ZCTA_NN_HAVERSINE;NOT_ELIGIBILITY;NOT_USPS_VALIDITY;NO_INVENTORY
98582,EXACT_IMLS_OUTLET_ZIP,WA0069,021,,EXACT_OUTLET;TIE_FSCSKEY_SEQ,EXACT_OUTLET;NOT_USPS_VALIDITY;NO_INVENTORY
98583,ZCTA_NEAREST_ACTIVE_OUTLET,WA0069,006,6.478,ZCTA_NN;R6371;TIE_FIRST_LEX,ZCTA_NN_HAVERSINE;NOT_ELIGIBILITY;NOT_USPS_VALIDITY;NO_INVENTORY
98584,EXACT_IMLS_OUTLET_ZIP,WA0069,022,,EXACT_OUTLET;TIE_FSCSKEY_SEQ,EXACT_OUTLET;NOT_USPS_VALIDITY;NO_INVENTORY
98585,ZCTA_NEAREST_ACTIVE_OUTLET,WA0069,021,14.910,ZCTA_NN;R6371;TIE_FIRST_LEX,ZCTA_NN_HAVERSINE;NOT_ELIGIBILITY;NOT_USPS_VALIDITY;NO_INVENTORY
98586,EXACT_IMLS_OUTLET_ZIP,WA0069,023,,EXACT_OUTLET;TIE_FSCSKEY_SEQ,EXACT_OUTLET;NOT_USPS_VALIDITY;NO_INVENTORY
98587,ZCTA_NEAREST_ACTIVE_OUTLET,WA0069,003,24.649,ZCTA_NN;R6371;TIE_FIRST_LEX,ZCTA_NN_HAVERSINE;NOT_ELIGIBILITY;NOT_USPS_VALIDITY;NO_INVENTORY
98588,ZCTA_NEAREST_ACTIVE_OUTLET,WA0069,007,9.409,ZCTA_NN;R6371;TIE_FIRST_LEX,ZCTA_NN_HAVERSINE;NOT_ELIGIBILITY;NOT_USPS_VALIDITY;NO_INVENTORY
98589,EXACT_IMLS_OUTLET_ZIP,WA0069,024,,EXACT_OUTLET;TIE_FSCSKEY_SEQ,EXACT_OUTLET;NOT_USPS_VALIDITY;NO_INVENTORY
98590,ZCTA_NEAREST_ACTIVE_OUTLET,WA0069,023,14.132,ZCTA_NN;R6371;TIE_FIRST_LEX,ZCTA_NN_HAVERSINE;NOT_ELIGIBILITY;NOT_USPS_VALIDITY;NO_INVENTORY
98591,ZCTA_NEAREST_ACTIVE_OUTLET,WA0069,021,13.409,ZCTA_NN;R6371;TIE_FIRST_LEX,ZCTA_NN_HAVERSINE;NOT_ELIGIBILITY;NOT_USPS_VALIDITY;NO_INVENTORY
98592,ZCTA_NEAREST_ACTIVE_OUTLET,WA0069,007,9.319,ZCTA_NN;R6371;TIE_FIRST_LEX,ZCTA_NN_HAVERSINE;NOT_ELIGIBILITY;NOT_USPS_VALIDITY;NO_INVENTORY
98593,ZCTA_NEAREST_ACTIVE_OUTLET,WA0069,027,11.507,ZCTA_NN;R6371;TIE_FIRST_LEX,ZCTA_NN_HAVERSINE;NOT_ELIGIBILITY;NOT_USPS_VALIDITY;NO_INVENTORY
98595,EXACT_IMLS_OUTLET_ZIP,WA0069,026,,EXACT_OUTLET;TIE_FSCSKEY_SEQ,EXACT_OUTLET;NOT_USPS_VALIDITY;NO_INVENTORY
98596,EXACT_IMLS_OUTLET_ZIP,WA0069,027,,EXACT_OUTLET;TIE_FSCSKEY_SEQ,EXACT_OUTLET;NOT_USPS_VALIDITY;NO_INVENTORY
98597,EXACT_IMLS_OUTLET_ZIP,WA0069,028,,EXACT_OUTLET;TIE_FSCSKEY_SEQ,EXACT_OUTLET;NOT_USPS_VALIDITY;NO_INVENTORY
98601,ZCTA_NEAREST_ACTIVE_OUTLET,WA0058,020,7.734,ZCTA_NN;R6371;TIE_FIRST_LEX,ZCTA_NN_HAVERSINE;NOT_ELIGIBILITY;NOT_USPS_VALIDITY;NO_INVENTORY
98602,ZCTA_NEAREST_ACTIVE_OUTLET,WA0058,010,22.227,ZCTA_NN;R6371;TIE_FIRST_LEX,ZCTA_NN_HAVERSINE;NOT_ELIGIBILITY;NOT_USPS_VALIDITY;NO_INVENTORY
98603,EXACT_IMLS_OUTLET_ZIP,WA0058,020,,EXACT_OUTLET;TIE_FSCSKEY_SEQ,EXACT_OUTLET;NOT_USPS_VALIDITY;NO_INVENTORY
98604,EXACT_IMLS_OUTLET_ZIP,WA0058,003,,EXACT_OUTLET;TIE_FSCSKEY_SEQ,EXACT_OUTLET;NOT_USPS_VALIDITY;NO_INVENTORY
98605,ZCTA_NEAREST_ACTIVE_OUTLET,OR0144,001,13.855,ZCTA_NN;R6371;TIE_FIRST_LEX,ZCTA_NN_HAVERSINE;NOT_ELIGIBILITY;NOT_USPS_VALIDITY;NO_INVENTORY
98606,ZCTA_NEAREST_ACTIVE_OUTLET,WA0058,003,7.316,ZCTA_NN;R6371;TIE_FIRST_LEX,ZCTA_NN_HAVERSINE;NOT_ELIGIBILITY;NOT_USPS_VALIDITY;NO_INVENTORY
98607,EXACT_IMLS_OUTLET_ZIP,WA0034,002,,EXACT_OUTLET;TIE_FSCSKEY_SEQ,EXACT_OUTLET;NOT_USPS_VALIDITY;NO_INVENTORY
98609,ZCTA_NEAREST_ACTIVE_OUTLET,OR0066,002,5.773,ZCTA_NN;R6371;TIE_FIRST_LEX,ZCTA_NN_HAVERSINE;NOT_ELIGIBILITY;NOT_USPS_VALIDITY;NO_INVENTORY
98610,ZCTA_NEAREST_ACTIVE_OUTLET,WA0058,008,13.873,ZCTA_NN;R6371;TIE_FIRST_LEX,ZCTA_NN_HAVERSINE;NOT_ELIGIBILITY;NOT_USPS_VALIDITY;NO_INVENTORY
98611,EXACT_IMLS_OUTLET_ZIP,WA0003,002,,EXACT_OUTLET;TIE_FSCSKEY_SEQ,EXACT_OUTLET;NOT_USPS_VALIDITY;NO_INVENTORY
98612,EXACT_IMLS_OUTLET_ZIP,WA0004,002,,EXACT_OUTLET;TIE_FSCSKEY_SEQ,EXACT_OUTLET;NOT_USPS_VALIDITY;NO_INVENTORY
98613,ZCTA_NEAREST_ACTIVE_OUTLET,WA0058,004,13.615,ZCTA_NN;R6371;TIE_FIRST_LEX,ZCTA_NN_HAVERSINE;NOT_ELIGIBILITY;NOT_USPS_VALIDITY;NO_INVENTORY
98614,ZCTA_NEAREST_ACTIVE_OUTLET,WA0069,009,10.011,ZCTA_NN;R6371;TIE_FIRST_LEX,ZCTA_NN_HAVERSINE;NOT_ELIGIBILITY;NOT_USPS_VALIDITY;NO_INVENTORY
98616,ZCTA_NEAREST_ACTIVE_OUTLET,WA0058,020,19.585,ZCTA_NN;R6371;TIE_FIRST_LEX,ZCTA_NN_HAVERSINE;NOT_ELIGIBILITY;NOT_USPS_VALIDITY;NO_INVENTORY
98617,ZCTA_NEAREST_ACTIVE_OUTLET,OR0085,002,6.109,ZCTA_NN;R6371;TIE_FIRST_LEX,ZCTA_NN_HAVERSINE;NOT_ELIGIBILITY;NOT_USPS_VALIDITY;NO_INVENTORY
98619,ZCTA_NEAREST_ACTIVE_OUTLET,WA0058,010,31.765,ZCTA_NN;R6371;TIE_FIRST_LEX,ZCTA_NN_HAVERSINE;NOT_ELIGIBILITY;NOT_USPS_VALIDITY;NO_INVENTORY
98620,EXACT_IMLS_OUTLET_ZIP,WA0058,004,,EXACT_OUTLET;TIE_FSCSKEY_SEQ,EXACT_OUTLET;NOT_USPS_VALIDITY;NO_INVENTORY
98621,ZCTA_NEAREST_ACTIVE_OUTLET,WA0069,014,20.936,ZCTA_NN;R6371;TIE_FIRST_LEX,ZCTA_NN_HAVERSINE;NOT_ELIGIBILITY;NOT_USPS_VALIDITY;NO_INVENTORY
98623,ZCTA_NEAREST_ACTIVE_OUTLET,WA0058,010,7.970,ZCTA_NN;R6371;TIE_FIRST_LEX,ZCTA_NN_HAVERSINE;NOT_ELIGIBILITY;NOT_USPS_VALIDITY;NO_INVENTORY
98624,EXACT_IMLS_OUTLET_ZIP,WA0069,009,,EXACT_OUTLET;TIE_FSCSKEY_SEQ,EXACT_OUTLET;NOT_USPS_VALIDITY;NO_INVENTORY
98625,EXACT_IMLS_OUTLET_ZIP,WA0012,002,,EXACT_OUTLET;TIE_FSCSKEY_SEQ,EXACT_OUTLET;NOT_USPS_VALIDITY;NO_INVENTORY
98626,EXACT_IMLS_OUTLET_ZIP,WA0039,002,,EXACT_OUTLET;TIE_FSCSKEY_SEQ,EXACT_OUTLET;NOT_USPS_VALIDITY;NO_INVENTORY
98628,ZCTA_NEAREST_ACTIVE_OUTLET,WA0058,004,19.060,ZCTA_NN;R6371;TIE_FIRST_LEX,ZCTA_NN_HAVERSINE;NOT_ELIGIBILITY;NOT_USPS_VALIDITY;NO_INVENTORY
98629,EXACT_IMLS_OUTLET_ZIP,WA0058,018,,EXACT_OUTLET;TIE_FSCSKEY_SEQ,EXACT_OUTLET;NOT_USPS_VALIDITY;NO_INVENTORY
98631,ZCTA_NEAREST_ACTIVE_OUTLET,WA0069,009,8.614,ZCTA_NN;R6371;TIE_FIRST_LEX,ZCTA_NN_HAVERSINE;NOT_ELIGIBILITY;NOT_USPS_VALIDITY;NO_INVENTORY
98632,EXACT_IMLS_OUTLET_ZIP,WA0052,002,,EXACT_OUTLET;TIE_FSCSKEY_SEQ,EXACT_OUTLET;NOT_USPS_VALIDITY;NO_INVENTORY
98635,ZCTA_NEAREST_ACTIVE_OUTLET,OR0085,002,16.777,ZCTA_NN;R6371;TIE_FIRST_LEX,ZCTA_NN_HAVERSINE;NOT_ELIGIBILITY;NOT_USPS_VALIDITY;NO_INVENTORY
98637,OBSERVED_REFERENCE_INDIRECT_ONLY,,,,INDIRECT_IMLS_SC;NO_FABRICATED_NEAREST,INDIRECT_IMLS_SC;NO_FABRICATED_NEAREST;NOT_REJECTED;NOT_USPS_VALIDITY;NO_INVENTORY
98638,EXACT_IMLS_OUTLET_ZIP,WA0069,014,,EXACT_OUTLET;TIE_FSCSKEY_SEQ,EXACT_OUTLET;NOT_USPS_VALIDITY;NO_INVENTORY
98639,EXACT_IMLS_OUTLET_ZIP,WA0058,006,,EXACT_OUTLET;TIE_FSCSKEY_SEQ,EXACT_OUTLET;NOT_USPS_VALIDITY;NO_INVENTORY
98640,EXACT_IMLS_OUTLET_ZIP,WA0069,017,,EXACT_OUTLET;TIE_FSCSKEY_SEQ,EXACT_OUTLET;NOT_USPS_VALIDITY;NO_INVENTORY
98641,ZCTA_NEAREST_ACTIVE_OUTLET,WA0069,017,8.595,ZCTA_NN;R6371;TIE_FIRST_LEX,ZCTA_NN_HAVERSINE;NOT_ELIGIBILITY;NOT_USPS_VALIDITY;NO_INVENTORY
98642,EXACT_IMLS_OUTLET_ZIP,WA0058,012,,EXACT_OUTLET;TIE_FSCSKEY_SEQ,EXACT_OUTLET;NOT_USPS_VALIDITY;NO_INVENTORY
98643,ZCTA_NEAREST_ACTIVE_OUTLET,WA0069,014,16.867,ZCTA_NN;R6371;TIE_FIRST_LEX,ZCTA_NN_HAVERSINE;NOT_ELIGIBILITY;NOT_USPS_VALIDITY;NO_INVENTORY
98644,ZCTA_NEAREST_ACTIVE_OUTLET,WA0069,009,1.115,ZCTA_NN;R6371;TIE_FIRST_LEX,ZCTA_NN_HAVERSINE;NOT_ELIGIBILITY;NOT_USPS_VALIDITY;NO_INVENTORY
98645,ZCTA_NEAREST_ACTIVE_OUTLET,WA0003,002,13.484,ZCTA_NN;R6371;TIE_FIRST_LEX,ZCTA_NN_HAVERSINE;NOT_ELIGIBILITY;NOT_USPS_VALIDITY;NO_INVENTORY
98647,ZCTA_NEAREST_ACTIVE_OUTLET,WA0004,002,12.667,ZCTA_NN;R6371;TIE_FIRST_LEX,ZCTA_NN_HAVERSINE;NOT_ELIGIBILITY;NOT_USPS_VALIDITY;NO_INVENTORY
98648,EXACT_IMLS_OUTLET_ZIP,WA0058,008,,EXACT_OUTLET;TIE_FSCSKEY_SEQ,EXACT_OUTLET;NOT_USPS_VALIDITY;NO_INVENTORY
98649,ZCTA_NEAREST_ACTIVE_OUTLET,WA0069,021,25.187,ZCTA_NN;R6371;TIE_FIRST_LEX,ZCTA_NN_HAVERSINE;NOT_ELIGIBILITY;NOT_USPS_VALIDITY;NO_INVENTORY
98650,ZCTA_NEAREST_ACTIVE_OUTLET,WA0058,010,24.601,ZCTA_NN;R6371;TIE_FIRST_LEX,ZCTA_NN_HAVERSINE;NOT_ELIGIBILITY;NOT_USPS_VALIDITY;NO_INVENTORY
98651,ZCTA_NEAREST_ACTIVE_OUTLET,OR0144,001,5.974,ZCTA_NN;R6371;TIE_FIRST_LEX,ZCTA_NN_HAVERSINE;NOT_ELIGIBILITY;NOT_USPS_VALIDITY;NO_INVENTORY
98660,EXACT_IMLS_OUTLET_ZIP,WA0058,002,,EXACT_OUTLET;TIE_FSCSKEY_SEQ,EXACT_OUTLET;NOT_USPS_VALIDITY;NO_INVENTORY
98661,EXACT_IMLS_SYSTEM_ZIP,WA0058,,,EXACT_SYSTEM;TIE_FSCSKEY,EXACT_SYSTEM_ADMIN;NOT_NEARBY_OUTLET;NOT_USPS_VALIDITY;NO_INVENTORY
98662,EXACT_IMLS_OUTLET_ZIP,WA0058,005,,EXACT_OUTLET;TIE_FSCSKEY_SEQ,EXACT_OUTLET;NOT_USPS_VALIDITY;NO_INVENTORY
98663,ZCTA_NEAREST_ACTIVE_OUTLET,WA0058,002,2.963,ZCTA_NN;R6371;TIE_FIRST_LEX,ZCTA_NN_HAVERSINE;NOT_ELIGIBILITY;NOT_USPS_VALIDITY;NO_INVENTORY
98664,ZCTA_NEAREST_ACTIVE_OUTLET,WA0058,016,3.382,ZCTA_NN;R6371;TIE_FIRST_LEX,ZCTA_NN_HAVERSINE;NOT_ELIGIBILITY;NOT_USPS_VALIDITY;NO_INVENTORY
98665,ZCTA_NEAREST_ACTIVE_OUTLET,WA0058,017,4.507,ZCTA_NN;R6371;TIE_FIRST_LEX,ZCTA_NN_HAVERSINE;NOT_ELIGIBILITY;NOT_USPS_VALIDITY;NO_INVENTORY
98666,OBSERVED_REFERENCE_INDIRECT_ONLY,,,,INDIRECT_IMLS_SC;NO_FABRICATED_NEAREST,INDIRECT_IMLS_SC;NO_FABRICATED_NEAREST;NOT_REJECTED;NOT_USPS_VALIDITY;NO_INVENTORY
98668,OBSERVED_REFERENCE_INDIRECT_ONLY,,,,INDIRECT_IMLS_SC;NO_FABRICATED_NEAREST,INDIRECT_IMLS_SC;NO_FABRICATED_NEAREST;NOT_REJECTED;NOT_USPS_VALIDITY;NO_INVENTORY
98670,ZCTA_NEAREST_ACTIVE_OUTLET,WA0058,004,25.400,ZCTA_NN;R6371;TIE_FIRST_LEX,ZCTA_NN_HAVERSINE;NOT_ELIGIBILITY;NOT_USPS_VALIDITY;NO_INVENTORY
98671,EXACT_IMLS_OUTLET_ZIP,WA0058,009,,EXACT_OUTLET;TIE_FSCSKEY_SEQ,EXACT_OUTLET;NOT_USPS_VALIDITY;NO_INVENTORY
98672,EXACT_IMLS_OUTLET_ZIP,WA0058,010,,EXACT_OUTLET;TIE_FSCSKEY_SEQ,EXACT_OUTLET;NOT_USPS_VALIDITY;NO_INVENTORY
98673,ZCTA_NEAREST_ACTIVE_OUTLET,WA0058,004,18.358,ZCTA_NN;R6371;TIE_FIRST_LEX,ZCTA_NN_HAVERSINE;NOT_ELIGIBILITY;NOT_USPS_VALIDITY;NO_INVENTORY
98674,EXACT_IMLS_OUTLET_ZIP,WA0058,013,,EXACT_OUTLET;TIE_FSCSKEY_SEQ,EXACT_OUTLET;NOT_USPS_VALIDITY;NO_INVENTORY
98675,EXACT_IMLS_OUTLET_ZIP,WA0058,019,,EXACT_OUTLET;TIE_FSCSKEY_SEQ,EXACT_OUTLET;NOT_USPS_VALIDITY;NO_INVENTORY
98682,ZCTA_NEAREST_ACTIVE_OUTLET,WA0058,016,6.588,ZCTA_NN;R6371;TIE_FIRST_LEX,ZCTA_NN_HAVERSINE;NOT_ELIGIBILITY;NOT_USPS_VALIDITY;NO_INVENTORY
98683,ZCTA_NEAREST_ACTIVE_OUTLET,WA0058,016,3.149,ZCTA_NN;R6371;TIE_FIRST_LEX,ZCTA_NN_HAVERSINE;NOT_ELIGIBILITY;NOT_USPS_VALIDITY;NO_INVENTORY
98684,EXACT_IMLS_OUTLET_ZIP,WA0058,016,,EXACT_OUTLET;TIE_FSCSKEY_SEQ,EXACT_OUTLET;NOT_USPS_VALIDITY;NO_INVENTORY
98685,EXACT_IMLS_OUTLET_ZIP,WA0058,017,,EXACT_OUTLET;TIE_FSCSKEY_SEQ,EXACT_OUTLET;NOT_USPS_VALIDITY;NO_INVENTORY
98686,ZCTA_NEAREST_ACTIVE_OUTLET,WA0058,017,3.345,ZCTA_NN;R6371;TIE_FIRST_LEX,ZCTA_NN_HAVERSINE;NOT_ELIGIBILITY;NOT_USPS_VALIDITY;NO_INVENTORY
98687,OBSERVED_REFERENCE_INDIRECT_ONLY,,,,INDIRECT_IMLS_SC;NO_FABRICATED_NEAREST,INDIRECT_IMLS_SC;NO_FABRICATED_NEAREST;NOT_REJECTED;NOT_USPS_VALIDITY;NO_INVENTORY
98801,EXACT_IMLS_OUTLET_ZIP,WA0062,026,,EXACT_OUTLET;TIE_FSCSKEY_SEQ,EXACT_OUTLET;NOT_USPS_VALIDITY;NO_INVENTORY
98802,EXACT_IMLS_OUTLET_ZIP,WA0062,028,,EXACT_OUTLET;TIE_FSCSKEY_SEQ,EXACT_OUTLET;NOT_USPS_VALIDITY;NO_INVENTORY
98807,OBSERVED_REFERENCE_INDIRECT_ONLY,,,,INDIRECT_IMLS_SC;NO_FABRICATED_NEAREST,INDIRECT_IMLS_SC;NO_FABRICATED_NEAREST;NOT_REJECTED;NOT_USPS_VALIDITY;NO_INVENTORY
98811,ZCTA_NEAREST_ACTIVE_OUTLET,WA0062,007,13.861,ZCTA_NN;R6371;TIE_FIRST_LEX,ZCTA_NN_HAVERSINE;NOT_ELIGIBILITY;NOT_USPS_VALIDITY;NO_INVENTORY
98812,EXACT_IMLS_OUTLET_ZIP,WA0062,029,,EXACT_OUTLET;TIE_FSCSKEY_SEQ,EXACT_OUTLET;NOT_USPS_VALIDITY;NO_INVENTORY
98813,EXACT_IMLS_OUTLET_ZIP,WA0062,003,,EXACT_OUTLET;TIE_FSCSKEY_SEQ,EXACT_OUTLET;NOT_USPS_VALIDITY;NO_INVENTORY
98814,ZCTA_NEAREST_ACTIVE_OUTLET,WA0062,023,22.895,ZCTA_NN;R6371;TIE_FIRST_LEX,ZCTA_NN_HAVERSINE;NOT_ELIGIBILITY;NOT_USPS_VALIDITY;NO_INVENTORY
98815,EXACT_IMLS_OUTLET_ZIP,WA0062,004,,EXACT_OUTLET;TIE_FSCSKEY_SEQ,EXACT_OUTLET;NOT_USPS_VALIDITY;NO_INVENTORY
98816,EXACT_IMLS_OUTLET_ZIP,WA0062,005,,EXACT_OUTLET;TIE_FSCSKEY_SEQ,EXACT_OUTLET;NOT_USPS_VALIDITY;NO_INVENTORY
98817,ZCTA_NEAREST_ACTIVE_OUTLET,WA0062,005,5.724,ZCTA_NN;R6371;TIE_FIRST_LEX,ZCTA_NN_HAVERSINE;NOT_ELIGIBILITY;NOT_USPS_VALIDITY;NO_INVENTORY
98819,ZCTA_NEAREST_ACTIVE_OUTLET,WA0062,027,28.928,ZCTA_NN;R6371;TIE_FIRST_LEX,ZCTA_NN_HAVERSINE;NOT_ELIGIBILITY;NOT_USPS_VALIDITY;NO_INVENTORY
98821,ZCTA_NEAREST_ACTIVE_OUTLET,WA0062,017,3.570,ZCTA_NN;R6371;TIE_FIRST_LEX,ZCTA_NN_HAVERSINE;NOT_ELIGIBILITY;NOT_USPS_VALIDITY;NO_INVENTORY
98822,EXACT_IMLS_OUTLET_ZIP,WA0062,007,,EXACT_OUTLET;TIE_FSCSKEY_SEQ,EXACT_OUTLET;NOT_USPS_VALIDITY;NO_INVENTORY
98823,EXACT_IMLS_OUTLET_ZIP,WA0062,008,,EXACT_OUTLET;TIE_FSCSKEY_SEQ,EXACT_OUTLET;NOT_USPS_VALIDITY;NO_INVENTORY
98824,EXACT_IMLS_OUTLET_ZIP,WA0062,032,,EXACT_OUTLET;TIE_FSCSKEY_SEQ,EXACT_OUTLET;NOT_USPS_VALIDITY;NO_INVENTORY
98826,EXACT_IMLS_OUTLET_ZIP,WA0062,010,,EXACT_OUTLET;TIE_FSCSKEY_SEQ,EXACT_OUTLET;NOT_USPS_VALIDITY;NO_INVENTORY
98827,ZCTA_NEAREST_ACTIVE_OUTLET,WA0062,015,24.793,ZCTA_NN;R6371;TIE_FIRST_LEX,ZCTA_NN_HAVERSINE;NOT_ELIGIBILITY;NOT_USPS_VALIDITY;NO_INVENTORY
98828,ZCTA_NEAREST_ACTIVE_OUTLET,WA0062,028,14.607,ZCTA_NN;R6371;TIE_FIRST_LEX,ZCTA_NN_HAVERSINE;NOT_ELIGIBILITY;NOT_USPS_VALIDITY;NO_INVENTORY
98829,ZCTA_NEAREST_ACTIVE_OUTLET,WA0062,013,18.198,ZCTA_NN;R6371;TIE_FIRST_LEX,ZCTA_NN_HAVERSINE;NOT_ELIGIBILITY;NOT_USPS_VALIDITY;NO_INVENTORY
98830,ZCTA_NEAREST_ACTIVE_OUTLET,WA0062,003,17.727,ZCTA_NN;R6371;TIE_FIRST_LEX,ZCTA_NN_HAVERSINE;NOT_ELIGIBILITY;NOT_USPS_VALIDITY;NO_INVENTORY
98831,EXACT_IMLS_OUTLET_ZIP,WA0062,011,,EXACT_OUTLET;TIE_FSCSKEY_SEQ,EXACT_OUTLET;NOT_USPS_VALIDITY;NO_INVENTORY
98832,ZCTA_NEAREST_ACTIVE_OUTLET,WA0016,002,25.505,ZCTA_NN;R6371;TIE_FIRST_LEX,ZCTA_NN_HAVERSINE;NOT_ELIGIBILITY;NOT_USPS_VALIDITY;NO_INVENTORY
98833,ZCTA_NEAREST_ACTIVE_OUTLET,WA0062,027,40.829,ZCTA_NN;R6371;TIE_FIRST_LEX,ZCTA_NN_HAVERSINE;NOT_ELIGIBILITY;NOT_USPS_VALIDITY;NO_INVENTORY
98834,ZCTA_NEAREST_ACTIVE_OUTLET,WA0062,016,14.392,ZCTA_NN;R6371;TIE_FIRST_LEX,ZCTA_NN_HAVERSINE;NOT_ELIGIBILITY;NOT_USPS_VALIDITY;NO_INVENTORY
98836,ZCTA_NEAREST_ACTIVE_OUTLET,WA0062,004,5.963,ZCTA_NN;R6371;TIE_FIRST_LEX,ZCTA_NN_HAVERSINE;NOT_ELIGIBILITY;NOT_USPS_VALIDITY;NO_INVENTORY
98837,EXACT_IMLS_OUTLET_ZIP,WA0062,012,,EXACT_OUTLET;TIE_FSCSKEY_SEQ,EXACT_OUTLET;NOT_USPS_VALIDITY;NO_INVENTORY
98840,EXACT_IMLS_OUTLET_ZIP,WA0062,013,,EXACT_OUTLET;TIE_FSCSKEY_SEQ,EXACT_OUTLET;NOT_USPS_VALIDITY;NO_INVENTORY
98841,EXACT_IMLS_OUTLET_ZIP,WA0062,014,,EXACT_OUTLET;TIE_FSCSKEY_SEQ,EXACT_OUTLET;NOT_USPS_VALIDITY;NO_INVENTORY
98843,ZCTA_NEAREST_ACTIVE_OUTLET,WA0062,025,10.402,ZCTA_NN;R6371;TIE_FIRST_LEX,ZCTA_NN_HAVERSINE;NOT_ELIGIBILITY;NOT_USPS_VALIDITY;NO_INVENTORY
98844,EXACT_IMLS_OUTLET_ZIP,WA0062,015,,EXACT_OUTLET;TIE_FSCSKEY_SEQ,EXACT_OUTLET;NOT_USPS_VALIDITY;NO_INVENTORY
98845,ZCTA_NEAREST_ACTIVE_OUTLET,WA0062,018,23.425,ZCTA_NN;R6371;TIE_FIRST_LEX,ZCTA_NN_HAVERSINE;NOT_ELIGIBILITY;NOT_USPS_VALIDITY;NO_INVENTORY
98846,EXACT_IMLS_OUTLET_ZIP,WA0062,016,,EXACT_OUTLET;TIE_FSCSKEY_SEQ,EXACT_OUTLET;NOT_USPS_VALIDITY;NO_INVENTORY
98847,EXACT_IMLS_OUTLET_ZIP,WA0062,017,,EXACT_OUTLET;TIE_FSCSKEY_SEQ,EXACT_OUTLET;NOT_USPS_VALIDITY;NO_INVENTORY
98848,EXACT_IMLS_OUTLET_ZIP,WA0062,018,,EXACT_OUTLET;TIE_FSCSKEY_SEQ,EXACT_OUTLET;NOT_USPS_VALIDITY;NO_INVENTORY
98849,ZCTA_NEAREST_ACTIVE_OUTLET,WA0062,014,17.089,ZCTA_NN;R6371;TIE_FIRST_LEX,ZCTA_NN_HAVERSINE;NOT_ELIGIBILITY;NOT_USPS_VALIDITY;NO_INVENTORY
98850,ZCTA_NEAREST_ACTIVE_OUTLET,WA0062,028,18.957,ZCTA_NN;R6371;TIE_FIRST_LEX,ZCTA_NN_HAVERSINE;NOT_ELIGIBILITY;NOT_USPS_VALIDITY;NO_INVENTORY
98851,EXACT_IMLS_OUTLET_ZIP,WA0062,021,,EXACT_OUTLET;TIE_FSCSKEY_SEQ,EXACT_OUTLET;NOT_USPS_VALIDITY;NO_INVENTORY
98852,ZCTA_NEAREST_ACTIVE_OUTLET,WA0062,027,38.014,ZCTA_NN;R6371;TIE_FIRST_LEX,ZCTA_NN_HAVERSINE;NOT_ELIGIBILITY;NOT_USPS_VALIDITY;NO_INVENTORY
98853,ZCTA_NEAREST_ACTIVE_OUTLET,WA0062,006,16.122,ZCTA_NN;R6371;TIE_FIRST_LEX,ZCTA_NN_HAVERSINE;NOT_ELIGIBILITY;NOT_USPS_VALIDITY;NO_INVENTORY
98855,EXACT_IMLS_OUTLET_ZIP,WA0062,022,,EXACT_OUTLET;TIE_FSCSKEY_SEQ,EXACT_OUTLET;NOT_USPS_VALIDITY;NO_INVENTORY
98856,EXACT_IMLS_OUTLET_ZIP,WA0062,023,,EXACT_OUTLET;TIE_FSCSKEY_SEQ,EXACT_OUTLET;NOT_USPS_VALIDITY;NO_INVENTORY
98857,EXACT_IMLS_OUTLET_ZIP,WA0062,024,,EXACT_OUTLET;TIE_FSCSKEY_SEQ,EXACT_OUTLET;NOT_USPS_VALIDITY;NO_INVENTORY
98858,EXACT_IMLS_OUTLET_ZIP,WA0062,025,,EXACT_OUTLET;TIE_FSCSKEY_SEQ,EXACT_OUTLET;NOT_USPS_VALIDITY;NO_INVENTORY
98859,ZCTA_NEAREST_ACTIVE_OUTLET,WA0062,019,23.232,ZCTA_NN;R6371;TIE_FIRST_LEX,ZCTA_NN_HAVERSINE;NOT_ELIGIBILITY;NOT_USPS_VALIDITY;NO_INVENTORY
98860,ZCTA_NEAREST_ACTIVE_OUTLET,WA0062,006,21.139,ZCTA_NN;R6371;TIE_FIRST_LEX,ZCTA_NN_HAVERSINE;NOT_ELIGIBILITY;NOT_USPS_VALIDITY;NO_INVENTORY
98862,EXACT_IMLS_OUTLET_ZIP,WA0062,027,,EXACT_OUTLET;TIE_FSCSKEY_SEQ,EXACT_OUTLET;NOT_USPS_VALIDITY;NO_INVENTORY
98901,EXACT_IMLS_OUTLET_ZIP,WA0070,002,,EXACT_OUTLET;TIE_FSCSKEY_SEQ,EXACT_OUTLET;NOT_USPS_VALIDITY;NO_INVENTORY
98902,ZCTA_NEAREST_ACTIVE_OUTLET,WA0070,002,2.488,ZCTA_NN;R6371;TIE_FIRST_LEX,ZCTA_NN_HAVERSINE;NOT_ELIGIBILITY;NOT_USPS_VALIDITY;NO_INVENTORY
98903,EXACT_IMLS_OUTLET_ZIP,WA0070,018,,EXACT_OUTLET;TIE_FSCSKEY_SEQ,EXACT_OUTLET;NOT_USPS_VALIDITY;NO_INVENTORY
98907,OBSERVED_REFERENCE_INDIRECT_ONLY,,,,INDIRECT_IMLS_SC;NO_FABRICATED_NEAREST,INDIRECT_IMLS_SC;NO_FABRICATED_NEAREST;NOT_REJECTED;NOT_USPS_VALIDITY;NO_INVENTORY
98908,EXACT_IMLS_OUTLET_ZIP,WA0070,026,,EXACT_OUTLET;TIE_FSCSKEY_SEQ,EXACT_OUTLET;NOT_USPS_VALIDITY;NO_INVENTORY
98909,OBSERVED_REFERENCE_INDIRECT_ONLY,,,,INDIRECT_IMLS_SC;NO_FABRICATED_NEAREST,INDIRECT_IMLS_SC;NO_FABRICATED_NEAREST;NOT_REJECTED;NOT_USPS_VALIDITY;NO_INVENTORY
98921,EXACT_IMLS_OUTLET_ZIP,WA0070,004,,EXACT_OUTLET;TIE_FSCSKEY_SEQ,EXACT_OUTLET;NOT_USPS_VALIDITY;NO_INVENTORY
98922,EXACT_IMLS_OUTLET_ZIP,WA0006,002,,EXACT_OUTLET;TIE_FSCSKEY_SEQ,EXACT_OUTLET;NOT_USPS_VALIDITY;NO_INVENTORY
98923,ZCTA_NEAREST_ACTIVE_OUTLET,WA0070,016,5.015,ZCTA_NN;R6371;TIE_FIRST_LEX,ZCTA_NN_HAVERSINE;NOT_ELIGIBILITY;NOT_USPS_VALIDITY;NO_INVENTORY
98925,ZCTA_NEAREST_ACTIVE_OUTLET,WA0021,002,22.636,ZCTA_NN;R6371;TIE_FIRST_LEX,ZCTA_NN_HAVERSINE;NOT_ELIGIBILITY;NOT_USPS_VALIDITY;NO_INVENTORY
98926,EXACT_IMLS_OUTLET_ZIP,WA0035,002,,EXACT_OUTLET;TIE_FSCSKEY_SEQ,EXACT_OUTLET;NOT_USPS_VALIDITY;NO_INVENTORY
98930,EXACT_IMLS_OUTLET_ZIP,WA0037,002,,EXACT_OUTLET;TIE_FSCSKEY_SEQ,EXACT_OUTLET;NOT_USPS_VALIDITY;NO_INVENTORY
98932,EXACT_IMLS_OUTLET_ZIP,WA0070,006,,EXACT_OUTLET;TIE_FSCSKEY_SEQ,EXACT_OUTLET;NOT_USPS_VALIDITY;NO_INVENTORY
98933,EXACT_IMLS_OUTLET_ZIP,WA0070,007,,EXACT_OUTLET;TIE_FSCSKEY_SEQ,EXACT_OUTLET;NOT_USPS_VALIDITY;NO_INVENTORY
98934,EXACT_IMLS_OUTLET_ZIP,WA0014,002,,EXACT_OUTLET;TIE_FSCSKEY_SEQ,EXACT_OUTLET;NOT_USPS_VALIDITY;NO_INVENTORY
98935,EXACT_IMLS_OUTLET_ZIP,WA0070,008,,EXACT_OUTLET;TIE_FSCSKEY_SEQ,EXACT_OUTLET;NOT_USPS_VALIDITY;NO_INVENTORY
98936,EXACT_IMLS_OUTLET_ZIP,WA0070,009,,EXACT_OUTLET;TIE_FSCSKEY_SEQ,EXACT_OUTLET;NOT_USPS_VALIDITY;NO_INVENTORY
98937,EXACT_IMLS_OUTLET_ZIP,WA0070,010,,EXACT_OUTLET;TIE_FSCSKEY_SEQ,EXACT_OUTLET;NOT_USPS_VALIDITY;NO_INVENTORY
98938,ZCTA_NEAREST_ACTIVE_OUTLET,WA0070,006,8.567,ZCTA_NN;R6371;TIE_FIRST_LEX,ZCTA_NN_HAVERSINE;NOT_ELIGIBILITY;NOT_USPS_VALIDITY;NO_INVENTORY
98939,ZCTA_NEAREST_ACTIVE_OUTLET,WA0070,018,6.273,ZCTA_NN;R6371;TIE_FIRST_LEX,ZCTA_NN_HAVERSINE;NOT_ELIGIBILITY;NOT_USPS_VALIDITY;NO_INVENTORY
98940,ZCTA_NEAREST_ACTIVE_OUTLET,WA0021,002,16.002,ZCTA_NN;R6371;TIE_FIRST_LEX,ZCTA_NN_HAVERSINE;NOT_ELIGIBILITY;NOT_USPS_VALIDITY;NO_INVENTORY
98941,EXACT_IMLS_OUTLET_ZIP,WA0021,002,,EXACT_OUTLET;TIE_FSCSKEY_SEQ,EXACT_OUTLET;NOT_USPS_VALIDITY;NO_INVENTORY
98942,EXACT_IMLS_OUTLET_ZIP,WA0070,012,,EXACT_OUTLET;TIE_FSCSKEY_SEQ,EXACT_OUTLET;NOT_USPS_VALIDITY;NO_INVENTORY
98943,ZCTA_NEAREST_ACTIVE_OUTLET,WA0006,002,2.474,ZCTA_NN;R6371;TIE_FIRST_LEX,ZCTA_NN_HAVERSINE;NOT_ELIGIBILITY;NOT_USPS_VALIDITY;NO_INVENTORY
98944,EXACT_IMLS_OUTLET_ZIP,WA0070,014,,EXACT_OUTLET;TIE_FSCSKEY_SEQ,EXACT_OUTLET;NOT_USPS_VALIDITY;NO_INVENTORY
98946,ZCTA_NEAREST_ACTIVE_OUTLET,WA0035,002,18.059,ZCTA_NN;R6371;TIE_FIRST_LEX,ZCTA_NN_HAVERSINE;NOT_ELIGIBILITY;NOT_USPS_VALIDITY;NO_INVENTORY
98947,EXACT_IMLS_OUTLET_ZIP,WA0070,016,,EXACT_OUTLET;TIE_FSCSKEY_SEQ,EXACT_OUTLET;NOT_USPS_VALIDITY;NO_INVENTORY
98948,EXACT_IMLS_OUTLET_ZIP,WA0070,025,,EXACT_OUTLET;TIE_FSCSKEY_SEQ,EXACT_OUTLET;NOT_USPS_VALIDITY;NO_INVENTORY
98950,ZCTA_NEAREST_ACTIVE_OUTLET,WA0062,030,9.810,ZCTA_NN;R6371;TIE_FIRST_LEX,ZCTA_NN_HAVERSINE;NOT_ELIGIBILITY;NOT_USPS_VALIDITY;NO_INVENTORY
98951,EXACT_IMLS_OUTLET_ZIP,WA0070,019,,EXACT_OUTLET;TIE_FSCSKEY_SEQ,EXACT_OUTLET;NOT_USPS_VALIDITY;NO_INVENTORY
98952,ZCTA_NEAREST_ACTIVE_OUTLET,WA0070,007,21.859,ZCTA_NN;R6371;TIE_FIRST_LEX,ZCTA_NN_HAVERSINE;NOT_ELIGIBILITY;NOT_USPS_VALIDITY;NO_INVENTORY
98953,EXACT_IMLS_OUTLET_ZIP,WA0070,021,,EXACT_OUTLET;TIE_FSCSKEY_SEQ,EXACT_OUTLET;NOT_USPS_VALIDITY;NO_INVENTORY
99001,EXACT_IMLS_OUTLET_ZIP,WA0066,002,,EXACT_OUTLET;TIE_FSCSKEY_SEQ,EXACT_OUTLET;NOT_USPS_VALIDITY;NO_INVENTORY
99003,ZCTA_NEAREST_ACTIVE_OUTLET,WA0066,005,14.356,ZCTA_NN;R6371;TIE_FIRST_LEX,ZCTA_NN_HAVERSINE;NOT_ELIGIBILITY;NOT_USPS_VALIDITY;NO_INVENTORY
99004,EXACT_IMLS_OUTLET_ZIP,WA0066,004,,EXACT_OUTLET;TIE_FSCSKEY_SEQ,EXACT_OUTLET;NOT_USPS_VALIDITY;NO_INVENTORY
99005,ZCTA_NEAREST_ACTIVE_OUTLET,WA0066,008,10.877,ZCTA_NN;R6371;TIE_FIRST_LEX,ZCTA_NN_HAVERSINE;NOT_ELIGIBILITY;NOT_USPS_VALIDITY;NO_INVENTORY
99006,EXACT_IMLS_OUTLET_ZIP,WA0066,005,,EXACT_OUTLET;TIE_FSCSKEY_SEQ,EXACT_OUTLET;NOT_USPS_VALIDITY;NO_INVENTORY
99008,ZCTA_NEAREST_ACTIVE_OUTLET,WA0019,002,18.836,ZCTA_NN;R6371;TIE_FIRST_LEX,ZCTA_NN_HAVERSINE;NOT_ELIGIBILITY;NOT_USPS_VALIDITY;NO_INVENTORY
99009,ZCTA_NEAREST_ACTIVE_OUTLET,WA0066,005,17.530,ZCTA_NN;R6371;TIE_FIRST_LEX,ZCTA_NN_HAVERSINE;NOT_ELIGIBILITY;NOT_USPS_VALIDITY;NO_INVENTORY
99011,ZCTA_NEAREST_ACTIVE_OUTLET,WA0066,002,5.042,ZCTA_NN;R6371;TIE_FIRST_LEX,ZCTA_NN_HAVERSINE;NOT_ELIGIBILITY;NOT_USPS_VALIDITY;NO_INVENTORY
99012,EXACT_IMLS_OUTLET_ZIP,WA0066,006,,EXACT_OUTLET;TIE_FSCSKEY_SEQ,EXACT_OUTLET;NOT_USPS_VALIDITY;NO_INVENTORY
99013,ZCTA_NEAREST_ACTIVE_OUTLET,WA0072,003,21.769,ZCTA_NN;R6371;TIE_FIRST_LEX,ZCTA_NN_HAVERSINE;NOT_ELIGIBILITY;NOT_USPS_VALIDITY;NO_INVENTORY
99014,ZCTA_NEAREST_ACTIVE_OUTLET,WA0066,007,6.267,ZCTA_NN;R6371;TIE_FIRST_LEX,ZCTA_NN_HAVERSINE;NOT_ELIGIBILITY;NOT_USPS_VALIDITY;NO_INVENTORY
99016,ZCTA_NEAREST_ACTIVE_OUTLET,WA0074,001,8.475,ZCTA_NN;R6371;TIE_FIRST_LEX,ZCTA_NN_HAVERSINE;NOT_ELIGIBILITY;NOT_USPS_VALIDITY;NO_INVENTORY
99017,ZCTA_NEAREST_ACTIVE_OUTLET,WA0022,002,14.504,ZCTA_NN;R6371;TIE_FIRST_LEX,ZCTA_NN_HAVERSINE;NOT_ELIGIBILITY;NOT_USPS_VALIDITY;NO_INVENTORY
99018,ZCTA_NEAREST_ACTIVE_OUTLET,WA0048,013,9.729,ZCTA_NN;R6371;TIE_FIRST_LEX,ZCTA_NN_HAVERSINE;NOT_ELIGIBILITY;NOT_USPS_VALIDITY;NO_INVENTORY
99019,EXACT_IMLS_OUTLET_ZIP,WA0074,001,,EXACT_OUTLET;TIE_FSCSKEY_SEQ,EXACT_OUTLET;NOT_USPS_VALIDITY;NO_INVENTORY
99020,ZCTA_NEAREST_ACTIVE_OUTLET,WA0066,004,10.138,ZCTA_NN;R6371;TIE_FIRST_LEX,ZCTA_NN_HAVERSINE;NOT_ELIGIBILITY;NOT_USPS_VALIDITY;NO_INVENTORY
99021,ZCTA_NEAREST_ACTIVE_OUTLET,WA0066,010,17.673,ZCTA_NN;R6371;TIE_FIRST_LEX,ZCTA_NN_HAVERSINE;NOT_ELIGIBILITY;NOT_USPS_VALIDITY;NO_INVENTORY
99022,EXACT_IMLS_OUTLET_ZIP,WA0066,007,,EXACT_OUTLET;TIE_FSCSKEY_SEQ,EXACT_OUTLET;NOT_USPS_VALIDITY;NO_INVENTORY
99023,ZCTA_NEAREST_ACTIVE_OUTLET,WA0074,001,12.438,ZCTA_NN;R6371;TIE_FIRST_LEX,ZCTA_NN_HAVERSINE;NOT_ELIGIBILITY;NOT_USPS_VALIDITY;NO_INVENTORY
99025,ZCTA_NEAREST_ACTIVE_OUTLET,WA0066,010,10.650,ZCTA_NN;R6371;TIE_FIRST_LEX,ZCTA_NN_HAVERSINE;NOT_ELIGIBILITY;NOT_USPS_VALIDITY;NO_INVENTORY
99026,EXACT_IMLS_OUTLET_ZIP,WA0072,003,,EXACT_OUTLET;TIE_FSCSKEY_SEQ,EXACT_OUTLET;NOT_USPS_VALIDITY;NO_INVENTORY
99027,EXACT_IMLS_OUTLET_ZIP,WA0066,010,,EXACT_OUTLET;TIE_FSCSKEY_SEQ,EXACT_OUTLET;NOT_USPS_VALIDITY;NO_INVENTORY
99029,EXACT_IMLS_OUTLET_ZIP,WA0019,002,,EXACT_OUTLET;TIE_FSCSKEY_SEQ,EXACT_OUTLET;NOT_USPS_VALIDITY;NO_INVENTORY
99030,ZCTA_NEAREST_ACTIVE_OUTLET,WA0066,006,11.126,ZCTA_NN;R6371;TIE_FIRST_LEX,ZCTA_NN_HAVERSINE;NOT_ELIGIBILITY;NOT_USPS_VALIDITY;NO_INVENTORY
99031,ZCTA_NEAREST_ACTIVE_OUTLET,WA0066,006,12.426,ZCTA_NN;R6371;TIE_FIRST_LEX,ZCTA_NN_HAVERSINE;NOT_ELIGIBILITY;NOT_USPS_VALIDITY;NO_INVENTORY
99032,EXACT_IMLS_OUTLET_ZIP,WA0022,002,,EXACT_OUTLET;TIE_FSCSKEY_SEQ,EXACT_OUTLET;NOT_USPS_VALIDITY;NO_INVENTORY
99033,EXACT_IMLS_OUTLET_ZIP,WA0048,013,,EXACT_OUTLET;TIE_FSCSKEY_SEQ,EXACT_OUTLET;NOT_USPS_VALIDITY;NO_INVENTORY
99034,ZCTA_NEAREST_ACTIVE_OUTLET,WA0072,003,17.064,ZCTA_NN;R6371;TIE_FIRST_LEX,ZCTA_NN_HAVERSINE;NOT_ELIGIBILITY;NOT_USPS_VALIDITY;NO_INVENTORY
99036,ZCTA_NEAREST_ACTIVE_OUTLET,WA0066,011,11.425,ZCTA_NN;R6371;TIE_FIRST_LEX,ZCTA_NN_HAVERSINE;NOT_ELIGIBILITY;NOT_USPS_VALIDITY;NO_INVENTORY
99037,ZCTA_NEAREST_ACTIVE_OUTLET,WA0066,009,5.703,ZCTA_NN;R6371;TIE_FIRST_LEX,ZCTA_NN_HAVERSINE;NOT_ELIGIBILITY;NOT_USPS_VALIDITY;NO_INVENTORY
99039,ZCTA_NEAREST_ACTIVE_OUTLET,WA0066,006,6.995,ZCTA_NN;R6371;TIE_FIRST_LEX,ZCTA_NN_HAVERSINE;NOT_ELIGIBILITY;NOT_USPS_VALIDITY;NO_INVENTORY
99040,ZCTA_NEAREST_ACTIVE_OUTLET,WA0019,002,27.072,ZCTA_NN;R6371;TIE_FIRST_LEX,ZCTA_NN_HAVERSINE;NOT_ELIGIBILITY;NOT_USPS_VALIDITY;NO_INVENTORY
99101,ZCTA_NEAREST_ACTIVE_OUTLET,WA0072,011,17.112,ZCTA_NN;R6371;TIE_FIRST_LEX,ZCTA_NN_HAVERSINE;NOT_ELIGIBILITY;NOT_USPS_VALIDITY;NO_INVENTORY
99102,EXACT_IMLS_OUTLET_ZIP,WA0048,003,,EXACT_OUTLET;TIE_FSCSKEY_SEQ,EXACT_OUTLET;NOT_USPS_VALIDITY;NO_INVENTORY
99103,ZCTA_NEAREST_ACTIVE_OUTLET,WA0024,002,16.616,ZCTA_NN;R6371;TIE_FIRST_LEX,ZCTA_NN_HAVERSINE;NOT_ELIGIBILITY;NOT_USPS_VALIDITY;NO_INVENTORY
99105,ZCTA_NEAREST_ACTIVE_OUTLET,WA0048,008,21.508,ZCTA_NN;R6371;TIE_FIRST_LEX,ZCTA_NN_HAVERSINE;NOT_ELIGIBILITY;NOT_USPS_VALIDITY;NO_INVENTORY
99109,EXACT_IMLS_OUTLET_ZIP,WA0072,011,,EXACT_OUTLET;TIE_FSCSKEY_SEQ,EXACT_OUTLET;NOT_USPS_VALIDITY;NO_INVENTORY
99110,ZCTA_NEAREST_ACTIVE_OUTLET,WA0072,005,7.175,ZCTA_NN;R6371;TIE_FIRST_LEX,ZCTA_NN_HAVERSINE;NOT_ELIGIBILITY;NOT_USPS_VALIDITY;NO_INVENTORY
99111,EXACT_IMLS_OUTLET_ZIP,WA0048,002,,EXACT_OUTLET;TIE_FSCSKEY_SEQ,EXACT_OUTLET;NOT_USPS_VALIDITY;NO_INVENTORY
99113,EXACT_IMLS_OUTLET_ZIP,WA0048,004,,EXACT_OUTLET;TIE_FSCSKEY_SEQ,EXACT_OUTLET;NOT_USPS_VALIDITY;NO_INVENTORY
99114,EXACT_IMLS_OUTLET_ZIP,WA0072,008,,EXACT_OUTLET;TIE_FSCSKEY_SEQ,EXACT_OUTLET;NOT_USPS_VALIDITY;NO_INVENTORY
99115,EXACT_IMLS_OUTLET_ZIP,WA0062,006,,EXACT_OUTLET;TIE_FSCSKEY_SEQ,EXACT_OUTLET;NOT_USPS_VALIDITY;NO_INVENTORY
99116,ZCTA_NEAREST_ACTIVE_OUTLET,WA0062,009,9.816,ZCTA_NN;R6371;TIE_FIRST_LEX,ZCTA_NN_HAVERSINE;NOT_ELIGIBILITY;NOT_USPS_VALIDITY;NO_INVENTORY
99117,ZCTA_NEAREST_ACTIVE_OUTLET,WA0024,002,15.829,ZCTA_NN;R6371;TIE_FIRST_LEX,ZCTA_NN_HAVERSINE;NOT_ELIGIBILITY;NOT_USPS_VALIDITY;NO_INVENTORY
99118,EXACT_IMLS_OUTLET_ZIP,WA0062,033,,EXACT_OUTLET;TIE_FSCSKEY_SEQ,EXACT_OUTLET;NOT_USPS_VALIDITY;NO_INVENTORY
99119,EXACT_IMLS_OUTLET_ZIP,WA0041,003,,EXACT_OUTLET;TIE_FSCSKEY_SEQ,EXACT_OUTLET;NOT_USPS_VALIDITY;NO_INVENTORY
99121,ZCTA_NEAREST_ACTIVE_OUTLET,WA0062,033,11.178,ZCTA_NN;R6371;TIE_FIRST_LEX,ZCTA_NN_HAVERSINE;NOT_ELIGIBILITY;NOT_USPS_VALIDITY;NO_INVENTORY
99122,EXACT_IMLS_OUTLET_ZIP,WA0009,002,,EXACT_OUTLET;TIE_FSCSKEY_SEQ,EXACT_OUTLET;NOT_USPS_VALIDITY;NO_INVENTORY
99123,ZCTA_NEAREST_ACTIVE_OUTLET,WA0062,009,6.985,ZCTA_NN;R6371;TIE_FIRST_LEX,ZCTA_NN_HAVERSINE;NOT_ELIGIBILITY;NOT_USPS_VALIDITY;NO_INVENTORY
99124,ZCTA_NEAREST_ACTIVE_OUTLET,WA0062,009,7.916,ZCTA_NN;R6371;TIE_FIRST_LEX,ZCTA_NN_HAVERSINE;NOT_ELIGIBILITY;NOT_USPS_VALIDITY;NO_INVENTORY
99125,EXACT_IMLS_OUTLET_ZIP,WA0048,005,,EXACT_OUTLET;TIE_FSCSKEY_SEQ,EXACT_OUTLET;NOT_USPS_VALIDITY;NO_INVENTORY
99126,ZCTA_NEAREST_ACTIVE_OUTLET,WA0072,010,14.962,ZCTA_NN;R6371;TIE_FIRST_LEX,ZCTA_NN_HAVERSINE;NOT_ELIGIBILITY;NOT_USPS_VALIDITY;NO_INVENTORY
99128,EXACT_IMLS_OUTLET_ZIP,WA0048,006,,EXACT_OUTLET;TIE_FSCSKEY_SEQ,EXACT_OUTLET;NOT_USPS_VALIDITY;NO_INVENTORY
99129,EXACT_IMLS_OUTLET_ZIP,WA0072,001,,EXACT_OUTLET;TIE_FSCSKEY_SEQ,EXACT_OUTLET;NOT_USPS_VALIDITY;NO_INVENTORY
99130,EXACT_IMLS_OUTLET_ZIP,WA0048,007,,EXACT_OUTLET;TIE_FSCSKEY_SEQ,EXACT_OUTLET;NOT_USPS_VALIDITY;NO_INVENTORY
99131,ZCTA_NEAREST_ACTIVE_OUTLET,WA0072,001,21.770,ZCTA_NN;R6371;TIE_FIRST_LEX,ZCTA_NN_HAVERSINE;NOT_ELIGIBILITY;NOT_USPS_VALIDITY;NO_INVENTORY
99133,EXACT_IMLS_OUTLET_ZIP,WA0062,009,,EXACT_OUTLET;TIE_FSCSKEY_SEQ,EXACT_OUTLET;NOT_USPS_VALIDITY;NO_INVENTORY
99134,EXACT_IMLS_OUTLET_ZIP,WA0011,002,,EXACT_OUTLET;TIE_FSCSKEY_SEQ,EXACT_OUTLET;NOT_USPS_VALIDITY;NO_INVENTORY
99135,ZCTA_NEAREST_ACTIVE_OUTLET,WA0062,006,16.136,ZCTA_NN;R6371;TIE_FIRST_LEX,ZCTA_NN_HAVERSINE;NOT_ELIGIBILITY;NOT_USPS_VALIDITY;NO_INVENTORY
99136,ZCTA_NEAREST_ACTIVE_OUTLET,WA0048,008,16.509,ZCTA_NN;R6371;TIE_FIRST_LEX,ZCTA_NN_HAVERSINE;NOT_ELIGIBILITY;NOT_USPS_VALIDITY;NO_INVENTORY
99137,ZCTA_NEAREST_ACTIVE_OUTLET,WA0072,001,7.385,ZCTA_NN;R6371;TIE_FIRST_LEX,ZCTA_NN_HAVERSINE;NOT_ELIGIBILITY;NOT_USPS_VALIDITY;NO_INVENTORY
99138,ZCTA_NEAREST_ACTIVE_OUTLET,WA0072,001,18.944,ZCTA_NN;R6371;TIE_FIRST_LEX,ZCTA_NN_HAVERSINE;NOT_ELIGIBILITY;NOT_USPS_VALIDITY;NO_INVENTORY
99139,EXACT_IMLS_OUTLET_ZIP,WA0041,004,,EXACT_OUTLET;TIE_FSCSKEY_SEQ,EXACT_OUTLET;NOT_USPS_VALIDITY;NO_INVENTORY
99140,ZCTA_NEAREST_ACTIVE_OUTLET,WA0062,009,32.755,ZCTA_NN;R6371;TIE_FIRST_LEX,ZCTA_NN_HAVERSINE;NOT_ELIGIBILITY;NOT_USPS_VALIDITY;NO_INVENTORY
