48917,EXACT_IMLS_OUTLET_ZIP,MI9009,001,,EXACT_OUTLET;TIE_FSCSKEY_SEQ,EXACT_OUTLET;NOT_USPS_VALIDITY;NO_INVENTORY
48933,EXACT_IMLS_OUTLET_ZIP,MI0424,002,,EXACT_OUTLET;TIE_FSCSKEY_SEQ,EXACT_OUTLET;NOT_USPS_VALIDITY;NO_INVENTORY
48951,OBSERVED_REFERENCE_INDIRECT_ONLY,,,,INDIRECT_IMLS_SC;NO_FABRICATED_NEAREST,INDIRECT_IMLS_SC;NO_FABRICATED_NEAREST;NOT_REJECTED;NOT_USPS_VALIDITY;NO_INVENTORY
49001,EXACT_IMLS_OUTLET_ZIP,MI0180,006,,EXACT_OUTLET;TIE_FSCSKEY_SEQ,EXACT_OUTLET;NOT_USPS_VALIDITY;NO_INVENTORY
49002,EXACT_IMLS_OUTLET_ZIP,MI0277,002,,EXACT_OUTLET;TIE_FSCSKEY_SEQ,EXACT_OUTLET;NOT_USPS_VALIDITY;NO_INVENTORY
49003,OBSERVED_REFERENCE_INDIRECT_ONLY,,,,INDIRECT_IMLS_SC;NO_FABRICATED_NEAREST,INDIRECT_IMLS_SC;NO_FABRICATED_NEAREST;NOT_REJECTED;NOT_USPS_VALIDITY;NO_INVENTORY
49004,EXACT_IMLS_OUTLET_ZIP,MI0263,002,,EXACT_OUTLET;TIE_FSCSKEY_SEQ,EXACT_OUTLET;NOT_USPS_VALIDITY;NO_INVENTORY
49005,OBSERVED_REFERENCE_INDIRECT_ONLY,,,,INDIRECT_IMLS_SC;NO_FABRICATED_NEAREST,INDIRECT_IMLS_SC;NO_FABRICATED_NEAREST;NOT_REJECTED;NOT_USPS_VALIDITY;NO_INVENTORY
49006,ZCTA_NEAREST_ACTIVE_OUTLET,MI0180,005,2.702,ZCTA_NN;R6371;TIE_FIRST_LEX,ZCTA_NN_HAVERSINE;NOT_ELIGIBILITY;NOT_USPS_VALIDITY;NO_INVENTORY
49007,EXACT_IMLS_OUTLET_ZIP,MI0180,002,,EXACT_OUTLET;TIE_FSCSKEY_SEQ,EXACT_OUTLET;NOT_USPS_VALIDITY;NO_INVENTORY
49008,ZCTA_NEAREST_ACTIVE_OUTLET,MI0180,002,3.715,ZCTA_NN;R6371;TIE_FIRST_LEX,ZCTA_NN_HAVERSINE;NOT_ELIGIBILITY;NOT_USPS_VALIDITY;NO_INVENTORY
49009,EXACT_IMLS_OUTLET_ZIP,MI0180,004,,EXACT_OUTLET;TIE_FSCSKEY_SEQ,EXACT_OUTLET;NOT_USPS_VALIDITY;NO_INVENTORY
49010,EXACT_IMLS_OUTLET_ZIP,MI0410,002,,EXACT_OUTLET;TIE_FSCSKEY_SEQ,EXACT_OUTLET;NOT_USPS_VALIDITY;NO_INVENTORY
49011,EXACT_IMLS_OUTLET_ZIP,MI0014,002,,EXACT_OUTLET;TIE_FSCSKEY_SEQ,EXACT_OUTLET;NOT_USPS_VALIDITY;NO_INVENTORY
49012,EXACT_IMLS_OUTLET_ZIP,MI0016,002,,EXACT_OUTLET;TIE_FSCSKEY_SEQ,EXACT_OUTLET;NOT_USPS_VALIDITY;NO_INVENTORY
49013,EXACT_IMLS_OUTLET_ZIP,MI0345,003,,EXACT_OUTLET;TIE_FSCSKEY_SEQ,EXACT_OUTLET;NOT_USPS_VALIDITY;NO_INVENTORY
49014,ZCTA_NEAREST_ACTIVE_OUTLET,MI0371,002,6.161,ZCTA_NN;R6371;TIE_FIRST_LEX,ZCTA_NN_HAVERSINE;NOT_ELIGIBILITY;NOT_USPS_VALIDITY;NO_INVENTORY
49015,EXACT_IMLS_OUTLET_ZIP,MI0371,005,,EXACT_OUTLET;TIE_FSCSKEY_SEQ,EXACT_OUTLET;NOT_USPS_VALIDITY;NO_INVENTORY
49016,OBSERVED_REFERENCE_INDIRECT_ONLY,,,,INDIRECT_IMLS_SC;NO_FABRICATED_NEAREST,INDIRECT_IMLS_SC;NO_FABRICATED_NEAREST;NOT_REJECTED;NOT_USPS_VALIDITY;NO_INVENTORY
49017,EXACT_IMLS_OUTLET_ZIP,MI0371,002,,EXACT_OUTLET;TIE_FSCSKEY_SEQ,EXACT_OUTLET;NOT_USPS_VALIDITY;NO_INVENTORY
49021,EXACT_IMLS_OUTLET_ZIP,MI0025,002,,EXACT_OUTLET;TIE_FSCSKEY_SEQ,EXACT_OUTLET;NOT_USPS_VALIDITY;NO_INVENTORY
49022,EXACT_IMLS_OUTLET_ZIP,MI0027,002,,EXACT_OUTLET;TIE_FSCSKEY_SEQ,EXACT_OUTLET;NOT_USPS_VALIDITY;NO_INVENTORY
49024,ZCTA_NEAREST_ACTIVE_OUTLET,MI0277,002,2.496,ZCTA_NN;R6371;TIE_FIRST_LEX,ZCTA_NN_HAVERSINE;NOT_ELIGIBILITY;NOT_USPS_VALIDITY;NO_INVENTORY
49026,EXACT_IMLS_OUTLET_ZIP,MI0345,004,,EXACT_OUTLET;TIE_FSCSKEY_SEQ,EXACT_OUTLET;NOT_USPS_VALIDITY;NO_INVENTORY
49027,ZCTA_NEAREST_ACTIVE_OUTLET,MI0345,003,5.618,ZCTA_NN;R6371;TIE_FIRST_LEX,ZCTA_NN_HAVERSINE;NOT_ELIGIBILITY;NOT_USPS_VALIDITY;NO_INVENTORY
49028,EXACT_IMLS_OUTLET_ZIP,MI0039,003,,EXACT_OUTLET;TIE_FSCSKEY_SEQ,EXACT_OUTLET;NOT_USPS_VALIDITY;NO_INVENTORY
49029,EXACT_IMLS_OUTLET_ZIP,MI0047,002,,EXACT_OUTLET;TIE_FSCSKEY_SEQ,EXACT_OUTLET;NOT_USPS_VALIDITY;NO_INVENTORY
49030,EXACT_IMLS_OUTLET_ZIP,MI0048,002,,EXACT_OUTLET;TIE_FSCSKEY_SEQ,EXACT_OUTLET;NOT_USPS_VALIDITY;NO_INVENTORY
49031,EXACT_IMLS_OUTLET_ZIP,MI0055,002,,EXACT_OUTLET;TIE_FSCSKEY_SEQ,EXACT_OUTLET;NOT_USPS_VALIDITY;NO_INVENTORY
49032,EXACT_IMLS_OUTLET_ZIP,MI0249,002,,EXACT_OUTLET;TIE_FSCSKEY_SEQ,EXACT_OUTLET;NOT_USPS_VALIDITY;NO_INVENTORY
49033,ZCTA_NEAREST_ACTIVE_OUTLET,MI0371,005,9.082,ZCTA_NN;R6371;TIE_FIRST_LEX,ZCTA_NN_HAVERSINE;NOT_ELIGIBILITY;NOT_USPS_VALIDITY;NO_INVENTORY
49034,EXACT_IMLS_OUTLET_ZIP,MI0191,002,,EXACT_OUTLET;TIE_FSCSKEY_SEQ,EXACT_OUTLET;NOT_USPS_VALIDITY;NO_INVENTORY
49035,OBSERVED_REFERENCE_INDIRECT_ONLY,,,,INDIRECT_IMLS_SC;NO_FABRICATED_NEAREST,INDIRECT_IMLS_SC;NO_FABRICATED_NEAREST;NOT_REJECTED;NOT_USPS_VALIDITY;NO_INVENTORY
49036,EXACT_IMLS_OUTLET_ZIP,MI0039,002,,EXACT_OUTLET;TIE_FSCSKEY_SEQ,EXACT_OUTLET;NOT_USPS_VALIDITY;NO_INVENTORY
49037,ZCTA_NEAREST_ACTIVE_OUTLET,MI0371,002,6.199,ZCTA_NN;R6371;TIE_FIRST_LEX,ZCTA_NN_HAVERSINE;NOT_ELIGIBILITY;NOT_USPS_VALIDITY;NO_INVENTORY
49038,EXACT_IMLS_OUTLET_ZIP,MI0067,002,,EXACT_OUTLET;TIE_FSCSKEY_SEQ,EXACT_OUTLET;NOT_USPS_VALIDITY;NO_INVENTORY
49040,EXACT_IMLS_OUTLET_ZIP,MI0068,002,,EXACT_OUTLET;TIE_FSCSKEY_SEQ,EXACT_OUTLET;NOT_USPS_VALIDITY;NO_INVENTORY
49041,EXACT_IMLS_OUTLET_ZIP,MI0070,002,,EXACT_OUTLET;TIE_FSCSKEY_SEQ,EXACT_OUTLET;NOT_USPS_VALIDITY;NO_INVENTORY
49042,EXACT_IMLS_OUTLET_ZIP,MI0071,002,,EXACT_OUTLET;TIE_FSCSKEY_SEQ,EXACT_OUTLET;NOT_USPS_VALIDITY;NO_INVENTORY
49043,EXACT_IMLS_OUTLET_ZIP,MI0345,005,,EXACT_OUTLET;TIE_FSCSKEY_SEQ,EXACT_OUTLET;NOT_USPS_VALIDITY;NO_INVENTORY
49045,EXACT_IMLS_OUTLET_ZIP,MI0345,002,,EXACT_OUTLET;TIE_FSCSKEY_SEQ,EXACT_OUTLET;NOT_USPS_VALIDITY;NO_INVENTORY
49046,EXACT_IMLS_OUTLET_ZIP,MI0081,002,,EXACT_OUTLET;TIE_FSCSKEY_SEQ,EXACT_OUTLET;NOT_USPS_VALIDITY;NO_INVENTORY
49047,EXACT_IMLS_OUTLET_ZIP,MI0087,002,,EXACT_OUTLET;TIE_FSCSKEY_SEQ,EXACT_OUTLET;NOT_USPS_VALIDITY;NO_INVENTORY
49048,EXACT_IMLS_OUTLET_ZIP,MI0180,003,,EXACT_OUTLET;TIE_FSCSKEY_SEQ,EXACT_OUTLET;NOT_USPS_VALIDITY;NO_INVENTORY
49050,ZCTA_NEAREST_ACTIVE_OUTLET,MI0088,002,2.092,ZCTA_NN;R6371;TIE_FIRST_LEX,ZCTA_NN_HAVERSINE;NOT_ELIGIBILITY;NOT_USPS_VALIDITY;NO_INVENTORY
49051,ZCTA_NEAREST_ACTIVE_OUTLET,MI0371,005,9.773,ZCTA_NN;R6371;TIE_FIRST_LEX,ZCTA_NN_HAVERSINE;NOT_ELIGIBILITY;NOT_USPS_VALIDITY;NO_INVENTORY
49052,ZCTA_NEAREST_ACTIVE_OUTLET,MI0014,002,7.386,ZCTA_NN;R6371;TIE_FIRST_LEX,ZCTA_NN_HAVERSINE;NOT_ELIGIBILITY;NOT_USPS_VALIDITY;NO_INVENTORY
49053,EXACT_IMLS_OUTLET_ZIP,MI0119,002,,EXACT_OUTLET;TIE_FSCSKEY_SEQ,EXACT_OUTLET;NOT_USPS_VALIDITY;NO_INVENTORY
49055,EXACT_IMLS_OUTLET_ZIP,MI0345,006,,EXACT_OUTLET;TIE_FSCSKEY_SEQ,EXACT_OUTLET;NOT_USPS_VALIDITY;NO_INVENTORY
49056,ZCTA_NEAREST_ACTIVE_OUTLET,MI0345,004,9.082,ZCTA_NN;R6371;TIE_FIRST_LEX,ZCTA_NN_HAVERSINE;NOT_ELIGIBILITY;NOT_USPS_VALIDITY;NO_INVENTORY
49057,EXACT_IMLS_OUTLET_ZIP,MI0144,002,,EXACT_OUTLET;TIE_FSCSKEY_SEQ,EXACT_OUTLET;NOT_USPS_VALIDITY;NO_INVENTORY
49058,EXACT_IMLS_OUTLET_ZIP,MI0088,002,,EXACT_OUTLET;TIE_FSCSKEY_SEQ,EXACT_OUTLET;NOT_USPS_VALIDITY;NO_INVENTORY
49060,ZCTA_NEAREST_ACTIVE_OUTLET,MI0288,002,6.720,ZCTA_NN;R6371;TIE_FIRST_LEX,ZCTA_NN_HAVERSINE;NOT_ELIGIBILITY;NOT_USPS_VALIDITY;NO_INVENTORY
49061,ZCTA_NEAREST_ACTIVE_OUTLET,MI0071,002,12.573,ZCTA_NN;R6371;TIE_FIRST_LEX,ZCTA_NN_HAVERSINE;NOT_ELIGIBILITY;NOT_USPS_VALIDITY;NO_INVENTORY
49063,ZCTA_NEAREST_ACTIVE_OUTLET,MI0314,002,10.824,ZCTA_NN;R6371;TIE_FIRST_LEX,ZCTA_NN_HAVERSINE;NOT_ELIGIBILITY;NOT_USPS_VALIDITY;NO_INVENTORY
49064,EXACT_IMLS_OUTLET_ZIP,MI0345,007,,EXACT_OUTLET;TIE_FSCSKEY_SEQ,EXACT_OUTLET;NOT_USPS_VALIDITY;NO_INVENTORY
49065,EXACT_IMLS_OUTLET_ZIP,MI0192,002,,EXACT_OUTLET;TIE_FSCSKEY_SEQ,EXACT_OUTLET;NOT_USPS_VALIDITY;NO_INVENTORY
49066,ZCTA_NEAREST_ACTIVE_OUTLET,MI0068,002,8.267,ZCTA_NN;R6371;TIE_FIRST_LEX,ZCTA_NN_HAVERSINE;NOT_ELIGIBILITY;NOT_USPS_VALIDITY;NO_INVENTORY
49067,EXACT_IMLS_OUTLET_ZIP,MI0216,002,,EXACT_OUTLET;TIE_FSCSKEY_SEQ,EXACT_OUTLET;NOT_USPS_VALIDITY;NO_INVENTORY
49068,EXACT_IMLS_OUTLET_ZIP,MI0218,002,,EXACT_OUTLET;TIE_FSCSKEY_SEQ,EXACT_OUTLET;NOT_USPS_VALIDITY;NO_INVENTORY
49070,EXACT_IMLS_OUTLET_ZIP,MI0174,002,,EXACT_OUTLET;TIE_FSCSKEY_SEQ,EXACT_OUTLET;NOT_USPS_VALIDITY;NO_INVENTORY
49071,EXACT_IMLS_OUTLET_ZIP,MI0345,008,,EXACT_OUTLET;TIE_FSCSKEY_SEQ,EXACT_OUTLET;NOT_USPS_VALIDITY;NO_INVENTORY
49072,EXACT_IMLS_OUTLET_ZIP,MI0225,002,,EXACT_OUTLET;TIE_FSCSKEY_SEQ,EXACT_OUTLET;NOT_USPS_VALIDITY;NO_INVENTORY
49073,EXACT_IMLS_OUTLET_ZIP,MI0280,002,,EXACT_OUTLET;TIE_FSCSKEY_SEQ,EXACT_OUTLET;NOT_USPS_VALIDITY;NO_INVENTORY
49074,ZCTA_NEAREST_ACTIVE_OUTLET,MI0180,003,2.055,ZCTA_NN;R6371;TIE_FIRST_LEX,ZCTA_NN_HAVERSINE;NOT_ELIGIBILITY;NOT_USPS_VALIDITY;NO_INVENTORY
49075,ZCTA_NEAREST_ACTIVE_OUTLET,MI0249,002,5.056,ZCTA_NN;R6371;TIE_FIRST_LEX,ZCTA_NN_HAVERSINE;NOT_ELIGIBILITY;NOT_USPS_VALIDITY;NO_INVENTORY
49076,ZCTA_NEAREST_ACTIVE_OUTLET,MI0025,002,11.455,ZCTA_NN;R6371;TIE_FIRST_LEX,ZCTA_NN_HAVERSINE;NOT_ELIGIBILITY;NOT_USPS_VALIDITY;NO_INVENTORY
49077,OBSERVED_REFERENCE_INDIRECT_ONLY,,,,INDIRECT_IMLS_SC;NO_FABRICATED_NEAREST,INDIRECT_IMLS_SC;NO_FABRICATED_NEAREST;NOT_REJECTED;NOT_USPS_VALIDITY;NO_INVENTORY
49078,EXACT_IMLS_OUTLET_ZIP,MI0259,002,,EXACT_OUTLET;TIE_FSCSKEY_SEQ,EXACT_OUTLET;NOT_USPS_VALIDITY;NO_INVENTORY
49079,EXACT_IMLS_OUTLET_ZIP,MI0265,002,,EXACT_OUTLET;TIE_FSCSKEY_SEQ,EXACT_OUTLET;NOT_USPS_VALIDITY;NO_INVENTORY
49080,EXACT_IMLS_OUTLET_ZIP,MI0059,002,,EXACT_OUTLET;TIE_FSCSKEY_SEQ,EXACT_OUTLET;NOT_USPS_VALIDITY;NO_INVENTORY
49081,OBSERVED_REFERENCE_INDIRECT_ONLY,,,,INDIRECT_IMLS_SC;NO_FABRICATED_NEAREST,INDIRECT_IMLS_SC;NO_FABRICATED_NEAREST;NOT_REJECTED;NOT_USPS_VALIDITY;NO_INVENTORY
49082,EXACT_IMLS_OUTLET_ZIP,MI0039,004,,EXACT_OUTLET;TIE_FSCSKEY_SEQ,EXACT_OUTLET;NOT_USPS_VALIDITY;NO_INVENTORY
49083,EXACT_IMLS_OUTLET_ZIP,MI0288,002,,EXACT_OUTLET;TIE_FSCSKEY_SEQ,EXACT_OUTLET;NOT_USPS_VALIDITY;NO_INVENTORY
49084,ZCTA_NEAREST_ACTIVE_OUTLET,MI0067,002,6.440,ZCTA_NN;R6371;TIE_FIRST_LEX,ZCTA_NN_HAVERSINE;NOT_ELIGIBILITY;NOT_USPS_VALIDITY;NO_INVENTORY
49085,EXACT_IMLS_OUTLET_ZIP,MI0220,002,,EXACT_OUTLET;TIE_FSCSKEY_SEQ,EXACT_OUTLET;NOT_USPS_VALIDITY;NO_INVENTORY
49087,EXACT_IMLS_OUTLET_ZIP,MI0305,002,,EXACT_OUTLET;TIE_FSCSKEY_SEQ,EXACT_OUTLET;NOT_USPS_VALIDITY;NO_INVENTORY
49088,ZCTA_NEAREST_ACTIVE_OUTLET,MI0191,002,9.680,ZCTA_NN;R6371;TIE_FIRST_LEX,ZCTA_NN_HAVERSINE;NOT_ELIGIBILITY;NOT_USPS_VALIDITY;NO_INVENTORY
49089,EXACT_IMLS_OUTLET_ZIP,MI0039,005,,EXACT_OUTLET;TIE_FSCSKEY_SEQ,EXACT_OUTLET;NOT_USPS_VALIDITY;NO_INVENTORY
49090,EXACT_IMLS_OUTLET_ZIP,MI0314,002,,EXACT_OUTLET;TIE_FSCSKEY_SEQ,EXACT_OUTLET;NOT_USPS_VALIDITY;NO_INVENTORY
49091,EXACT_IMLS_OUTLET_ZIP,MI0326,002,,EXACT_OUTLET;TIE_FSCSKEY_SEQ,EXACT_OUTLET;NOT_USPS_VALIDITY;NO_INVENTORY
49092,EXACT_IMLS_OUTLET_ZIP,MI0334,002,,EXACT_OUTLET;TIE_FSCSKEY_SEQ,EXACT_OUTLET;NOT_USPS_VALIDITY;NO_INVENTORY
49093,EXACT_IMLS_OUTLET_ZIP,MI0340,002,,EXACT_OUTLET;TIE_FSCSKEY_SEQ,EXACT_OUTLET;NOT_USPS_VALIDITY;NO_INVENTORY
49094,EXACT_IMLS_OUTLET_ZIP,MI0039,006,,EXACT_OUTLET;TIE_FSCSKEY_SEQ,EXACT_OUTLET;NOT_USPS_VALIDITY;NO_INVENTORY
49095,ZCTA_NEAREST_ACTIVE_OUTLET,MI0055,007,10.527,ZCTA_NN;R6371;TIE_FIRST_LEX,ZCTA_NN_HAVERSINE;NOT_ELIGIBILITY;NOT_USPS_VALIDITY;NO_INVENTORY
49096,EXACT_IMLS_OUTLET_ZIP,MI0346,002,,EXACT_OUTLET;TIE_FSCSKEY_SEQ,EXACT_OUTLET;NOT_USPS_VALIDITY;NO_INVENTORY
49097,EXACT_IMLS_OUTLET_ZIP,MI0349,002,,EXACT_OUTLET;TIE_FSCSKEY_SEQ,EXACT_OUTLET;NOT_USPS_VALIDITY;NO_INVENTORY
49098,EXACT_IMLS_OUTLET_ZIP,MI0360,002,,EXACT_OUTLET;TIE_FSCSKEY_SEQ,EXACT_OUTLET;NOT_USPS_VALIDITY;NO_INVENTORY
49099,EXACT_IMLS_OUTLET_ZIP,MI0367,002,,EXACT_OUTLET;TIE_FSCSKEY_SEQ,EXACT_OUTLET;NOT_USPS_VALIDITY;NO_INVENTORY
49101,ZCTA_NEAREST_ACTIVE_OUTLET,MI0042,002,6.471,ZCTA_NN;R6371;TIE_FIRST_LEX,ZCTA_NN_HAVERSINE;NOT_ELIGIBILITY;NOT_USPS_VALIDITY;NO_INVENTORY
49102,ZCTA_NEAREST_ACTIVE_OUTLET,MI0095,002,5.577,ZCTA_NN;R6371;TIE_FIRST_LEX,ZCTA_NN_HAVERSINE;NOT_ELIGIBILITY;NOT_USPS_VALIDITY;NO_INVENTORY
49103,EXACT_IMLS_OUTLET_ZIP,MI0031,002,,EXACT_OUTLET;TIE_FSCSKEY_SEQ,EXACT_OUTLET;NOT_USPS_VALIDITY;NO_INVENTORY
49104,ZCTA_NEAREST_ACTIVE_OUTLET,MI0031,002,2.217,ZCTA_NN;R6371;TIE_FIRST_LEX,ZCTA_NN_HAVERSINE;NOT_ELIGIBILITY;NOT_USPS_VALIDITY;NO_INVENTORY
49106,EXACT_IMLS_OUTLET_ZIP,MI0042,002,,EXACT_OUTLET;TIE_FSCSKEY_SEQ,EXACT_OUTLET;NOT_USPS_VALIDITY;NO_INVENTORY
49107,EXACT_IMLS_OUTLET_ZIP,MI0045,002,,EXACT_OUTLET;TIE_FSCSKEY_SEQ,EXACT_OUTLET;NOT_USPS_VALIDITY;NO_INVENTORY
49111,EXACT_IMLS_OUTLET_ZIP,MI0095,002,,EXACT_OUTLET;TIE_FSCSKEY_SEQ,EXACT_OUTLET;NOT_USPS_VALIDITY;NO_INVENTORY
49112,EXACT_IMLS_OUTLET_ZIP,MI0055,003,,EXACT_OUTLET;TIE_FSCSKEY_SEQ,EXACT_OUTLET;NOT_USPS_VALIDITY;NO_INVENTORY
49113,EXACT_IMLS_OUTLET_ZIP,MI0120,002,,EXACT_OUTLET;TIE_FSCSKEY_SEQ,EXACT_OUTLET;NOT_USPS_VALIDITY;NO_INVENTORY
49115,ZCTA_NEAREST_ACTIVE_OUTLET,MI0339,002,8.454,ZCTA_NN;R6371;TIE_FIRST_LEX,ZCTA_NN_HAVERSINE;NOT_ELIGIBILITY;NOT_USPS_VALIDITY;NO_INVENTORY
49116,ZCTA_NEAREST_ACTIVE_OUTLET,MI0339,002,7.296,ZCTA_NN;R6371;TIE_FIRST_LEX,ZCTA_NN_HAVERSINE;NOT_ELIGIBILITY;NOT_USPS_VALIDITY;NO_INVENTORY
49117,EXACT_IMLS_OUTLET_ZIP,MI0243,002,,EXACT_OUTLET;TIE_FSCSKEY_SEQ,EXACT_OUTLET;NOT_USPS_VALIDITY;NO_INVENTORY
49119,ZCTA_NEAREST_ACTIVE_OUTLET,MI0042,002,7.520,ZCTA_NN;R6371;TIE_FIRST_LEX,ZCTA_NN_HAVERSINE;NOT_ELIGIBILITY;NOT_USPS_VALIDITY;NO_INVENTORY
49120,EXACT_IMLS_OUTLET_ZIP,MI0055,004,,EXACT_OUTLET;TIE_FSCSKEY_SEQ,EXACT_OUTLET;NOT_USPS_VALIDITY;NO_INVENTORY
49125,ZCTA_NEAREST_ACTIVE_OUTLET,MI0042,002,5.864,ZCTA_NN;R6371;TIE_FIRST_LEX,ZCTA_NN_HAVERSINE;NOT_ELIGIBILITY;NOT_USPS_VALIDITY;NO_INVENTORY
49126,EXACT_IMLS_OUTLET_ZIP,MI0312,002,,EXACT_OUTLET;TIE_FSCSKEY_SEQ,EXACT_OUTLET;NOT_USPS_VALIDITY;NO_INVENTORY
49127,EXACT_IMLS_OUTLET_ZIP,MI0198,002,,EXACT_OUTLET;TIE_FSCSKEY_SEQ,EXACT_OUTLET;NOT_USPS_VALIDITY;NO_INVENTORY
49128,EXACT_IMLS_OUTLET_ZIP,MI0339,002,,EXACT_OUTLET;TIE_FSCSKEY_SEQ,EXACT_OUTLET;NOT_USPS_VALIDITY;NO_INVENTORY
49129,ZCTA_NEAREST_ACTIVE_OUTLET,MI0243,002,5.237,ZCTA_NN;R6371;TIE_FIRST_LEX,ZCTA_NN_HAVERSINE;NOT_ELIGIBILITY;NOT_USPS_VALIDITY;NO_INVENTORY
49130,ZCTA_NEAREST_ACTIVE_OUTLET,MI0055,005,3.120,ZCTA_NN;R6371;TIE_FIRST_LEX,ZCTA_NN_HAVERSINE;NOT_ELIGIBILITY;NOT_USPS_VALIDITY;NO_INVENTORY
49201,EXACT_IMLS_OUTLET_ZIP,MI0175,016,,EXACT_OUTLET;TIE_FSCSKEY_SEQ,EXACT_OUTLET;NOT_USPS_VALIDITY;NO_INVENTORY
49202,EXACT_IMLS_OUTLET_ZIP,MI0175,005,,EXACT_OUTLET;TIE_FSCSKEY_SEQ,EXACT_OUTLET;NOT_USPS_VALIDITY;NO_INVENTORY
49203,EXACT_IMLS_OUTLET_ZIP,MI0175,014,,EXACT_OUTLET;TIE_FSCSKEY_SEQ,EXACT_OUTLET;NOT_USPS_VALIDITY;NO_INVENTORY
49204,OBSERVED_REFERENCE_INDIRECT_ONLY,,,,INDIRECT_IMLS_SC;NO_FABRICATED_NEAREST,INDIRECT_IMLS_SC;NO_FABRICATED_NEAREST;NOT_REJECTED;NOT_USPS_VALIDITY;NO_INVENTORY
49220,EXACT_IMLS_OUTLET_ZIP,MI0195,003,,EXACT_OUTLET;TIE_FSCSKEY_SEQ,EXACT_OUTLET;NOT_USPS_VALIDITY;NO_INVENTORY
49221,EXACT_IMLS_OUTLET_ZIP,MI0195,002,,EXACT_OUTLET;TIE_FSCSKEY_SEQ,EXACT_OUTLET;NOT_USPS_VALIDITY;NO_INVENTORY
49224,EXACT_IMLS_OUTLET_ZIP,MI0408,002,,EXACT_OUTLET;TIE_FSCSKEY_SEQ,EXACT_OUTLET;NOT_USPS_VALIDITY;NO_INVENTORY
49227,ZCTA_NEAREST_ACTIVE_OUTLET,MI0039,004,9.196,ZCTA_NN;R6371;TIE_FIRST_LEX,ZCTA_NN_HAVERSINE;NOT_ELIGIBILITY;NOT_USPS_VALIDITY;NO_INVENTORY
49228,EXACT_IMLS_OUTLET_ZIP,MI0428,001,,EXACT_OUTLET;TIE_FSCSKEY_SEQ,EXACT_OUTLET;NOT_USPS_VALIDITY;NO_INVENTORY
49229,EXACT_IMLS_OUTLET_ZIP,MI0195,004,,EXACT_OUTLET;TIE_FSCSKEY_SEQ,EXACT_OUTLET;NOT_USPS_VALIDITY;NO_INVENTORY
49230,EXACT_IMLS_OUTLET_ZIP,MI0175,015,,EXACT_OUTLET;TIE_FSCSKEY_SEQ,EXACT_OUTLET;NOT_USPS_VALIDITY;NO_INVENTORY
49232,EXACT_IMLS_OUTLET_ZIP,MI0051,002,,EXACT_OUTLET;TIE_FSCSKEY_SEQ,EXACT_OUTLET;NOT_USPS_VALIDITY;NO_INVENTORY
49233,ZCTA_NEAREST_ACTIVE_OUTLET,MI0313,002,3.552,ZCTA_NN;R6371;TIE_FIRST_LEX,ZCTA_NN_HAVERSINE;NOT_ELIGIBILITY;NOT_USPS_VALIDITY;NO_INVENTORY
49234,ZCTA_NEAREST_ACTIVE_OUTLET,MI0175,014,8.428,ZCTA_NN;R6371;TIE_FIRST_LEX,ZCTA_NN_HAVERSINE;NOT_ELIGIBILITY;NOT_USPS_VALIDITY;NO_INVENTORY
49235,EXACT_IMLS_OUTLET_ZIP,MI0195,005,,EXACT_OUTLET;TIE_FSCSKEY_SEQ,EXACT_OUTLET;NOT_USPS_VALIDITY;NO_INVENTORY
49236,EXACT_IMLS_OUTLET_ZIP,MI0065,002,,EXACT_OUTLET;TIE_FSCSKEY_SEQ,EXACT_OUTLET;NOT_USPS_VALIDITY;NO_INVENTORY
49237,EXACT_IMLS_OUTLET_ZIP,MI0175,004,,EXACT_OUTLET;TIE_FSCSKEY_SEQ,EXACT_OUTLET;NOT_USPS_VALIDITY;NO_INVENTORY
49238,EXACT_IMLS_OUTLET_ZIP,MI0195,008,,EXACT_OUTLET;TIE_FSCSKEY_SEQ,EXACT_OUTLET;NOT_USPS_VALIDITY;NO_INVENTORY
49240,EXACT_IMLS_OUTLET_ZIP,MI0175,006,,EXACT_OUTLET;TIE_FSCSKEY_SEQ,EXACT_OUTLET;NOT_USPS_VALIDITY;NO_INVENTORY
49241,EXACT_IMLS_OUTLET_ZIP,MI0175,007,,EXACT_OUTLET;TIE_FSCSKEY_SEQ,EXACT_OUTLET;NOT_USPS_VALIDITY;NO_INVENTORY
49242,EXACT_IMLS_OUTLET_ZIP,MI0232,002,,EXACT_OUTLET;TIE_FSCSKEY_SEQ,EXACT_OUTLET;NOT_USPS_VALIDITY;NO_INVENTORY
49245,EXACT_IMLS_OUTLET_ZIP,MI0155,002,,EXACT_OUTLET;TIE_FSCSKEY_SEQ,EXACT_OUTLET;NOT_USPS_VALIDITY;NO_INVENTORY
49246,ZCTA_NEAREST_ACTIVE_OUTLET,MI0175,007,4.804,ZCTA_NN;R6371;TIE_FIRST_LEX,ZCTA_NN_HAVERSINE;NOT_ELIGIBILITY;NOT_USPS_VALIDITY;NO_INVENTORY
49247,EXACT_IMLS_OUTLET_ZIP,MI0161,002,,EXACT_OUTLET;TIE_FSCSKEY_SEQ,EXACT_OUTLET;NOT_USPS_VALIDITY;NO_INVENTORY
49248,ZCTA_NEAREST_ACTIVE_OUTLET,OH0143,002,9.731,ZCTA_NN;R6371;TIE_FIRST_LEX,ZCTA_NN_HAVERSINE;NOT_ELIGIBILITY;NOT_USPS_VALIDITY;NO_INVENTORY
49249,ZCTA_NEAREST_ACTIVE_OUTLET,MI0313,002,4.561,ZCTA_NN;R6371;TIE_FIRST_LEX,ZCTA_NN_HAVERSINE;NOT_ELIGIBILITY;NOT_USPS_VALIDITY;NO_INVENTORY
49250,EXACT_IMLS_OUTLET_ZIP,MI0178,002,,EXACT_OUTLET;TIE_FSCSKEY_SEQ,EXACT_OUTLET;NOT_USPS_VALIDITY;NO_INVENTORY
49251,EXACT_IMLS_OUTLET_ZIP,MI0424,007,,EXACT_OUTLET;TIE_FSCSKEY_SEQ,EXACT_OUTLET;NOT_USPS_VALIDITY;NO_INVENTORY
49252,EXACT_IMLS_OUTLET_ZIP,MI0199,002,,EXACT_OUTLET;TIE_FSCSKEY_SEQ,EXACT_OUTLET;NOT_USPS_VALIDITY;NO_INVENTORY
49253,ZCTA_NEAREST_ACTIVE_OUTLET,MI0195,003,5.745,ZCTA_NN;R6371;TIE_FIRST_LEX,ZCTA_NN_HAVERSINE;NOT_ELIGIBILITY;NOT_USPS_VALIDITY;NO_INVENTORY
49254,ZCTA_NEAREST_ACTIVE_OUTLET,MI0175,005,4.358,ZCTA_NN;R6371;TIE_FIRST_LEX,ZCTA_NN_HAVERSINE;NOT_ELIGIBILITY;NOT_USPS_VALIDITY;NO_INVENTORY
49255,ZCTA_NEAREST_ACTIVE_OUTLET,MI0039,007,7.188,ZCTA_NN;R6371;TIE_FIRST_LEX,ZCTA_NN_HAVERSINE;NOT_ELIGIBILITY;NOT_USPS_VALIDITY;NO_INVENTORY
49256,EXACT_IMLS_OUTLET_ZIP,MI0324,002,,EXACT_OUTLET;TIE_FSCSKEY_SEQ,EXACT_OUTLET;NOT_USPS_VALIDITY;NO_INVENTORY
49258,ZCTA_NEAREST_ACTIVE_OUTLET,MI0178,002,8.493,ZCTA_NN;R6371;TIE_FIRST_LEX,ZCTA_NN_HAVERSINE;NOT_ELIGIBILITY;NOT_USPS_VALIDITY;NO_INVENTORY
49259,ZCTA_NEAREST_ACTIVE_OUTLET,MI0175,008,5.639,ZCTA_NN;R6371;TIE_FIRST_LEX,ZCTA_NN_HAVERSINE;NOT_ELIGIBILITY;NOT_USPS_VALIDITY;NO_INVENTORY
49261,EXACT_IMLS_OUTLET_ZIP,MI0175,010,,EXACT_OUTLET;TIE_FSCSKEY_SEQ,EXACT_OUTLET;NOT_USPS_VALIDITY;NO_INVENTORY
49262,EXACT_IMLS_OUTLET_ZIP,MI0246,002,,EXACT_OUTLET;TIE_FSCSKEY_SEQ,EXACT_OUTLET;NOT_USPS_VALIDITY;NO_INVENTORY
49263,ZCTA_NEAREST_ACTIVE_OUTLET,MI0175,010,6.607,ZCTA_NN;R6371;TIE_FIRST_LEX,ZCTA_NN_HAVERSINE;NOT_ELIGIBILITY;NOT_USPS_VALIDITY;NO_INVENTORY
49264,ZCTA_NEAREST_ACTIVE_OUTLET,MI0424,013,9.237,ZCTA_NN;R6371;TIE_FIRST_LEX,ZCTA_NN_HAVERSINE;NOT_ELIGIBILITY;NOT_USPS_VALIDITY;NO_INVENTORY
49265,EXACT_IMLS_OUTLET_ZIP,MI0195,007,,EXACT_OUTLET;TIE_FSCSKEY_SEQ,EXACT_OUTLET;NOT_USPS_VALIDITY;NO_INVENTORY
49266,ZCTA_NEAREST_ACTIVE_OUTLET,MI0272,002,6.544,ZCTA_NN;R6371;TIE_FIRST_LEX,ZCTA_NN_HAVERSINE;NOT_ELIGIBILITY;NOT_USPS_VALIDITY;NO_INVENTORY
49267,ZCTA_NEAREST_ACTIVE_OUTLET,OH0215,016,4.765,ZCTA_NN;R6371;TIE_FIRST_LEX,ZCTA_NN_HAVERSINE;NOT_ELIGIBILITY;NOT_USPS_VALIDITY;NO_INVENTORY
49268,ZCTA_NEAREST_ACTIVE_OUTLET,MI0428,001,6.940,ZCTA_NN;R6371;TIE_FIRST_LEX,ZCTA_NN_HAVERSINE;NOT_ELIGIBILITY;NOT_USPS_VALIDITY;NO_INVENTORY
49269,EXACT_IMLS_OUTLET_ZIP,MI0175,011,,EXACT_OUTLET;TIE_FSCSKEY_SEQ,EXACT_OUTLET;NOT_USPS_VALIDITY;NO_INVENTORY
49270,EXACT_IMLS_OUTLET_ZIP,MI0233,017,,EXACT_OUTLET;TIE_FSCSKEY_SEQ,EXACT_OUTLET;NOT_USPS_VALIDITY;NO_INVENTORY
49271,EXACT_IMLS_OUTLET_ZIP,MI0272,002,,EXACT_OUTLET;TIE_FSCSKEY_SEQ,EXACT_OUTLET;NOT_USPS_VALIDITY;NO_INVENTORY
49272,EXACT_IMLS_OUTLET_ZIP,MI0175,008,,EXACT_OUTLET;TIE_FSCSKEY_SEQ,EXACT_OUTLET;NOT_USPS_VALIDITY;NO_INVENTORY
49274,EXACT_IMLS_OUTLET_ZIP,MI0283,002,,EXACT_OUTLET;TIE_FSCSKEY_SEQ,EXACT_OUTLET;NOT_USPS_VALIDITY;NO_INVENTORY
49276,ZCTA_NEAREST_ACTIVE_OUTLET,MI0428,001,8.215,ZCTA_NN;R6371;TIE_FIRST_LEX,ZCTA_NN_HAVERSINE;NOT_ELIGIBILITY;NOT_USPS_VALIDITY;NO_INVENTORY
49277,ZCTA_NEAREST_ACTIVE_OUTLET,MI0424,007,7.734,ZCTA_NN;R6371;TIE_FIRST_LEX,ZCTA_NN_HAVERSINE;NOT_ELIGIBILITY;NOT_USPS_VALIDITY;NO_INVENTORY
49279,ZCTA_NEAREST_ACTIVE_OUTLET,MI0324,002,11.588,ZCTA_NN;R6371;TIE_FIRST_LEX,ZCTA_NN_HAVERSINE;NOT_ELIGIBILITY;NOT_USPS_VALIDITY;NO_INVENTORY
49282,EXACT_IMLS_OUTLET_ZIP,MI0313,002,,EXACT_OUTLET;TIE_FSCSKEY_SEQ,EXACT_OUTLET;NOT_USPS_VALIDITY;NO_INVENTORY
49283,EXACT_IMLS_OUTLET_ZIP,MI0175,012,,EXACT_OUTLET;TIE_FSCSKEY_SEQ,EXACT_OUTLET;NOT_USPS_VALIDITY;NO_INVENTORY
49284,EXACT_IMLS_OUTLET_ZIP,MI0175,013,,EXACT_OUTLET;TIE_FSCSKEY_SEQ,EXACT_OUTLET;NOT_USPS_VALIDITY;NO_INVENTORY
49285,EXACT_IMLS_OUTLET_ZIP,MI0424,010,,EXACT_OUTLET;TIE_FSCSKEY_SEQ,EXACT_OUTLET;NOT_USPS_VALIDITY;NO_INVENTORY
49286,EXACT_IMLS_OUTLET_ZIP,MI0333,002,,EXACT_OUTLET;TIE_FSCSKEY_SEQ,EXACT_OUTLET;NOT_USPS_VALIDITY;NO_INVENTORY
49287,ZCTA_NEAREST_ACTIVE_OUTLET,MI0195,007,9.857,ZCTA_NN;R6371;TIE_FIRST_LEX,ZCTA_NN_HAVERSINE;NOT_ELIGIBILITY;NOT_USPS_VALIDITY;NO_INVENTORY
49288,EXACT_IMLS_OUTLET_ZIP,MI0351,002,,EXACT_OUTLET;TIE_FSCSKEY_SEQ,EXACT_OUTLET;NOT_USPS_VALIDITY;NO_INVENTORY
49289,ZCTA_NEAREST_ACTIVE_OUTLET,MI0324,002,10.873,ZCTA_NN;R6371;TIE_FIRST_LEX,ZCTA_NN_HAVERSINE;NOT_ELIGIBILITY;NOT_USPS_VALIDITY;NO_INVENTORY
49301,EXACT_IMLS_OUTLET_ZIP,MI0182,023,,EXACT_OUTLET;TIE_FSCSKEY_SEQ,EXACT_OUTLET;NOT_USPS_VALIDITY;NO_INVENTORY
49302,EXACT_IMLS_OUTLET_ZIP,MI0182,004,,EXACT_OUTLET;TIE_FSCSKEY_SEQ,EXACT_OUTLET;NOT_USPS_VALIDITY;NO_INVENTORY
49303,ZCTA_NEAREST_ACTIVE_OUTLET,MI0132,002,8.467,ZCTA_NN;R6371;TIE_FIRST_LEX,ZCTA_NN_HAVERSINE;NOT_ELIGIBILITY;NOT_USPS_VALIDITY;NO_INVENTORY
49304,EXACT_IMLS_OUTLET_ZIP,MI0264,002,,EXACT_OUTLET;TIE_FSCSKEY_SEQ,EXACT_OUTLET;NOT_USPS_VALIDITY;NO_INVENTORY
49305,EXACT_IMLS_OUTLET_ZIP,MI0020,002,,EXACT_OUTLET;TIE_FSCSKEY_SEQ,EXACT_OUTLET;NOT_USPS_VALIDITY;NO_INVENTORY
49306,ZCTA_NEAREST_ACTIVE_OUTLET,MI0182,014,4.719,ZCTA_NN;R6371;TIE_FIRST_LEX,ZCTA_NN_HAVERSINE;NOT_ELIGIBILITY;NOT_USPS_VALIDITY;NO_INVENTORY
49307,EXACT_IMLS_OUTLET_ZIP,MI0035,002,,EXACT_OUTLET;TIE_FSCSKEY_SEQ,EXACT_OUTLET;NOT_USPS_VALIDITY;NO_INVENTORY
49309,ZCTA_NEAREST_ACTIVE_OUTLET,MI0264,002,15.225,ZCTA_NN;R6371;TIE_FIRST_LEX,ZCTA_NN_HAVERSINE;NOT_ELIGIBILITY;NOT_USPS_VALIDITY;NO_INVENTORY
49310,EXACT_IMLS_OUTLET_ZIP,MI0348,007,,EXACT_OUTLET;TIE_FSCSKEY_SEQ,EXACT_OUTLET;NOT_USPS_VALIDITY;NO_INVENTORY
49312,ZCTA_NEAREST_ACTIVE_OUTLET,MI0091,002,15.124,ZCTA_NN;R6371;TIE_FIRST_LEX,ZCTA_NN_HAVERSINE;NOT_ELIGIBILITY;NOT_USPS_VALIDITY;NO_INVENTORY
49314,EXACT_IMLS_OUTLET_ZIP,MI0423,002,,EXACT_OUTLET;TIE_FSCSKEY_SEQ,EXACT_OUTLET;NOT_USPS_VALIDITY;NO_INVENTORY
49315,EXACT_IMLS_OUTLET_ZIP,MI0182,005,,EXACT_OUTLET;TIE_FSCSKEY_SEQ,EXACT_OUTLET;NOT_USPS_VALIDITY;NO_INVENTORY
49316,EXACT_IMLS_OUTLET_ZIP,MI0182,006,,EXACT_OUTLET;TIE_FSCSKEY_SEQ,EXACT_OUTLET;NOT_USPS_VALIDITY;NO_INVENTORY
49317,OBSERVED_REFERENCE_INDIRECT_ONLY,,,,INDIRECT_IMLS_SC;NO_FABRICATED_NEAREST,INDIRECT_IMLS_SC;NO_FABRICATED_NEAREST;NOT_REJECTED;NOT_USPS_VALIDITY;NO_INVENTORY
49318,ZCTA_NEAREST_ACTIVE_OUTLET,MI0182,011,5.689,ZCTA_NN;R6371;TIE_FIRST_LEX,ZCTA_NN_HAVERSINE;NOT_ELIGIBILITY;NOT_USPS_VALIDITY;NO_INVENTORY
49319,EXACT_IMLS_OUTLET_ZIP,MI0056,002,,EXACT_OUTLET;TIE_FSCSKEY_SEQ,EXACT_OUTLET;NOT_USPS_VALIDITY;NO_INVENTORY
49320,EXACT_IMLS_OUTLET_ZIP,MI0020,003,,EXACT_OUTLET;TIE_FSCSKEY_SEQ,EXACT_OUTLET;NOT_USPS_VALIDITY;NO_INVENTORY
49321,EXACT_IMLS_OUTLET_ZIP,MI0182,003,,EXACT_OUTLET;TIE_FSCSKEY_SEQ,EXACT_OUTLET;NOT_USPS_VALIDITY;NO_INVENTORY
49322,ZCTA_NEAREST_ACTIVE_OUTLET,MI0286,002,10.674,ZCTA_NN;R6371;TIE_FIRST_LEX,ZCTA_NN_HAVERSINE;NOT_ELIGIBILITY;NOT_USPS_VALIDITY;NO_INVENTORY
49323,EXACT_IMLS_OUTLET_ZIP,MI0086,002,,EXACT_OUTLET;TIE_FSCSKEY_SEQ,EXACT_OUTLET;NOT_USPS_VALIDITY;NO_INVENTORY
49325,EXACT_IMLS_OUTLET_ZIP,MI0117,002,,EXACT_OUTLET;TIE_FSCSKEY_SEQ,EXACT_OUTLET;NOT_USPS_VALIDITY;NO_INVENTORY
49326,EXACT_IMLS_OUTLET_ZIP,MI0182,020,,EXACT_OUTLET;TIE_FSCSKEY_SEQ,EXACT_OUTLET;NOT_USPS_VALIDITY;NO_INVENTORY
49327,EXACT_IMLS_OUTLET_ZIP,MI0132,002,,EXACT_OUTLET;TIE_FSCSKEY_SEQ,EXACT_OUTLET;NOT_USPS_VALIDITY;NO_INVENTORY
49328,EXACT_IMLS_OUTLET_ZIP,MI0157,002,,EXACT_OUTLET;TIE_FSCSKEY_SEQ,EXACT_OUTLET;NOT_USPS_VALIDITY;NO_INVENTORY
49329,EXACT_IMLS_OUTLET_ZIP,MI0286,002,,EXACT_OUTLET;TIE_FSCSKEY_SEQ,EXACT_OUTLET;NOT_USPS_VALIDITY;NO_INVENTORY
49330,EXACT_IMLS_OUTLET_ZIP,MI0182,011,,EXACT_OUTLET;TIE_FSCSKEY_SEQ,EXACT_OUTLET;NOT_USPS_VALIDITY;NO_INVENTORY
49331,EXACT_IMLS_OUTLET_ZIP,MI0182,013,,EXACT_OUTLET;TIE_FSCSKEY_SEQ,EXACT_OUTLET;NOT_USPS_VALIDITY;NO_INVENTORY
49332,EXACT_IMLS_OUTLET_ZIP,MI0236,002,,EXACT_OUTLET;TIE_FSCSKEY_SEQ,EXACT_OUTLET;NOT_USPS_VALIDITY;NO_INVENTORY
49333,EXACT_IMLS_OUTLET_ZIP,MI0338,002,,EXACT_OUTLET;TIE_FSCSKEY_SEQ,EXACT_OUTLET;NOT_USPS_VALIDITY;NO_INVENTORY
49335,EXACT_IMLS_OUTLET_ZIP,MI0422,002,,EXACT_OUTLET;TIE_FSCSKEY_SEQ,EXACT_OUTLET;NOT_USPS_VALIDITY;NO_INVENTORY
49336,EXACT_IMLS_OUTLET_ZIP,MI0354,002,,EXACT_OUTLET;TIE_FSCSKEY_SEQ,EXACT_OUTLET;NOT_USPS_VALIDITY;NO_INVENTORY
49337,EXACT_IMLS_OUTLET_ZIP,MI0244,002,,EXACT_OUTLET;TIE_FSCSKEY_SEQ,EXACT_OUTLET;NOT_USPS_VALIDITY;NO_INVENTORY
49338,ZCTA_NEAREST_ACTIVE_OUTLET,MI0284,002,12.816,ZCTA_NN;R6371;TIE_FIRST_LEX,ZCTA_NN_HAVERSINE;NOT_ELIGIBILITY;NOT_USPS_VALIDITY;NO_INVENTORY
49339,ZCTA_NEAREST_ACTIVE_OUTLET,MI0182,016,4.724,ZCTA_NN;R6371;TIE_FIRST_LEX,ZCTA_NN_HAVERSINE;NOT_ELIGIBILITY;NOT_USPS_VALIDITY;NO_INVENTORY
49340,EXACT_IMLS_OUTLET_ZIP,MI0365,002,,EXACT_OUTLET;TIE_FSCSKEY_SEQ,EXACT_OUTLET;NOT_USPS_VALIDITY;NO_INVENTORY
49341,EXACT_IMLS_OUTLET_ZIP,MI0182,015,,EXACT_OUTLET;TIE_FSCSKEY_SEQ,EXACT_OUTLET;NOT_USPS_VALIDITY;NO_INVENTORY
49342,ZCTA_NEAREST_ACTIVE_OUTLET,MI0020,003,6.234,ZCTA_NN;R6371;TIE_FIRST_LEX,ZCTA_NN_HAVERSINE;NOT_ELIGIBILITY;NOT_USPS_VALIDITY;NO_INVENTORY
49343,EXACT_IMLS_OUTLET_ZIP,MI0182,016,,EXACT_OUTLET;TIE_FSCSKEY_SEQ,EXACT_OUTLET;NOT_USPS_VALIDITY;NO_INVENTORY
49344,ZCTA_NEAREST_ACTIVE_OUTLET,MI0174,002,7.294,ZCTA_NN;R6371;TIE_FIRST_LEX,ZCTA_NN_HAVERSINE;NOT_ELIGIBILITY;NOT_USPS_VALIDITY;NO_INVENTORY
49345,EXACT_IMLS_OUTLET_ZIP,MI0317,002,,EXACT_OUTLET;TIE_FSCSKEY_SEQ,EXACT_OUTLET;NOT_USPS_VALIDITY;NO_INVENTORY
49346,ZCTA_NEAREST_ACTIVE_OUTLET,MI0354,002,6.544,ZCTA_NN;R6371;TIE_FIRST_LEX,ZCTA_NN_HAVERSINE;NOT_ELIGIBILITY;NOT_USPS_VALIDITY;NO_INVENTORY
49347,ZCTA_NEAREST_ACTIVE_OUTLET,MI0182,020,8.359,ZCTA_NN;R6371;TIE_FIRST_LEX,ZCTA_NN_HAVERSINE;NOT_ELIGIBILITY;NOT_USPS_VALIDITY;NO_INVENTORY
49348,EXACT_IMLS_OUTLET_ZIP,MI0148,002,,EXACT_OUTLET;TIE_FSCSKEY_SEQ,EXACT_OUTLET;NOT_USPS_VALIDITY;NO_INVENTORY
49349,EXACT_IMLS_OUTLET_ZIP,MI0091,002,,EXACT_OUTLET;TIE_FSCSKEY_SEQ,EXACT_OUTLET;NOT_USPS_VALIDITY;NO_INVENTORY
49351,OBSERVED_REFERENCE_INDIRECT_ONLY,,,,INDIRECT_IMLS_SC;NO_FABRICATED_NEAREST,INDIRECT_IMLS_SC;NO_FABRICATED_NEAREST;NOT_REJECTED;NOT_USPS_VALIDITY;NO_INVENTORY
49355,OBSERVED_REFERENCE_INDIRECT_ONLY,,,,INDIRECT_IMLS_SC;NO_FABRICATED_NEAREST,INDIRECT_IMLS_SC;NO_FABRICATED_NEAREST;NOT_REJECTED;NOT_USPS_VALIDITY;NO_INVENTORY
49401,EXACT_IMLS_OUTLET_ZIP,MI0411,002,,EXACT_OUTLET;TIE_FSCSKEY_SEQ,EXACT_OUTLET;NOT_USPS_VALIDITY;NO_INVENTORY
49402,ZCTA_NEAREST_ACTIVE_OUTLET,MI0264,002,14.254,ZCTA_NN;R6371;TIE_FIRST_LEX,ZCTA_NN_HAVERSINE;NOT_ELIGIBILITY;NOT_USPS_VALIDITY;NO_INVENTORY
49403,ZCTA_NEAREST_ACTIVE_OUTLET,MI0240,010,8.628,ZCTA_NN;R6371;TIE_FIRST_LEX,ZCTA_NN_HAVERSINE;NOT_ELIGIBILITY;NOT_USPS_VALIDITY;NO_INVENTORY
49404,EXACT_IMLS_OUTLET_ZIP,MI0072,002,,EXACT_OUTLET;TIE_FSCSKEY_SEQ,EXACT_OUTLET;NOT_USPS_VALIDITY;NO_INVENTORY
49405,ZCTA_NEAREST_ACTIVE_OUTLET,MI0401,003,8.804,ZCTA_NN;R6371;TIE_FIRST_LEX,ZCTA_NN_HAVERSINE;NOT_ELIGIBILITY;NOT_USPS_VALIDITY;NO_INVENTORY
49406,EXACT_IMLS_OUTLET_ZIP,MI0304,002,,EXACT_OUTLET;TIE_FSCSKEY_SEQ,EXACT_OUTLET;NOT_USPS_VALIDITY;NO_INVENTORY
49408,EXACT_IMLS_OUTLET_ZIP,MI0107,002,,EXACT_OUTLET;TIE_FSCSKEY_SEQ,EXACT_OUTLET;NOT_USPS_VALIDITY;NO_INVENTORY
49409,ZCTA_NEAREST_ACTIVE_OUTLET,MI0355,002,1.931,ZCTA_NN;R6371;TIE_FIRST_LEX,ZCTA_NN_HAVERSINE;NOT_ELIGIBILITY;NOT_USPS_VALIDITY;NO_INVENTORY
49410,ZCTA_NEAREST_ACTIVE_OUTLET,MI0401,003,13.089,ZCTA_NN;R6371;TIE_FIRST_LEX,ZCTA_NN_HAVERSINE;NOT_ELIGIBILITY;NOT_USPS_VALIDITY;NO_INVENTORY
49411,ZCTA_NEAREST_ACTIVE_OUTLET,MI0213,002,15.737,ZCTA_NN;R6371;TIE_FIRST_LEX,ZCTA_NN_HAVERSINE;NOT_ELIGIBILITY;NOT_USPS_VALIDITY;NO_INVENTORY
49412,EXACT_IMLS_OUTLET_ZIP,MI0118,002,,EXACT_OUTLET;TIE_FSCSKEY_SEQ,EXACT_OUTLET;NOT_USPS_VALIDITY;NO_INVENTORY
49413,OBSERVED_REFERENCE_INDIRECT_ONLY,,,,INDIRECT_IMLS_SC;NO_FABRICATED_NEAREST,INDIRECT_IMLS_SC;NO_FABRICATED_NEAREST;NOT_REJECTED;NOT_USPS_VALIDITY;NO_INVENTORY
49415,EXACT_IMLS_OUTLET_ZIP,MI9022,002,,EXACT_OUTLET;TIE_FSCSKEY_SEQ,EXACT_OUTLET;NOT_USPS_VALIDITY;NO_INVENTORY
49417,EXACT_IMLS_OUTLET_ZIP,MI0201,003,,EXACT_OUTLET;TIE_FSCSKEY_SEQ,EXACT_OUTLET;NOT_USPS_VALIDITY;NO_INVENTORY
49418,EXACT_IMLS_OUTLET_ZIP,MI0182,010,,EXACT_OUTLET;TIE_FSCSKEY_SEQ,EXACT_OUTLET;NOT_USPS_VALIDITY;NO_INVENTORY
49419,ZCTA_NEAREST_ACTIVE_OUTLET,MI0423,002,12.320,ZCTA_NN;R6371;TIE_FIRST_LEX,ZCTA_NN_HAVERSINE;NOT_ELIGIBILITY;NOT_USPS_VALIDITY;NO_INVENTORY
49420,EXACT_IMLS_OUTLET_ZIP,MI0143,002,,EXACT_OUTLET;TIE_FSCSKEY_SEQ,EXACT_OUTLET;NOT_USPS_VALIDITY;NO_INVENTORY
49421,EXACT_IMLS_OUTLET_ZIP,MI0151,002,,EXACT_OUTLET;TIE_FSCSKEY_SEQ,EXACT_OUTLET;NOT_USPS_VALIDITY;NO_INVENTORY
49422,OBSERVED_REFERENCE_INDIRECT_ONLY,,,,INDIRECT_IMLS_SC;NO_FABRICATED_NEAREST,INDIRECT_IMLS_SC;NO_FABRICATED_NEAREST;NOT_REJECTED;NOT_USPS_VALIDITY;NO_INVENTORY
49423,EXACT_IMLS_OUTLET_ZIP,MI0150,002,,EXACT_OUTLET;TIE_FSCSKEY_SEQ,EXACT_OUTLET;NOT_USPS_VALIDITY;NO_INVENTORY
49424,EXACT_IMLS_OUTLET_ZIP,MI0150,005,,EXACT_OUTLET;TIE_FSCSKEY_SEQ,EXACT_OUTLET;NOT_USPS_VALIDITY;NO_INVENTORY
49425,EXACT_IMLS_OUTLET_ZIP,MI0240,006,,EXACT_OUTLET;TIE_FSCSKEY_SEQ,EXACT_OUTLET;NOT_USPS_VALIDITY;NO_INVENTORY
49426,EXACT_IMLS_OUTLET_ZIP,MI0162,002,,EXACT_OUTLET;TIE_FSCSKEY_SEQ,EXACT_OUTLET;NOT_USPS_VALIDITY;NO_INVENTORY
49427,EXACT_IMLS_OUTLET_ZIP,MI9012,001,,EXACT_OUTLET;TIE_FSCSKEY_SEQ,EXACT_OUTLET;NOT_USPS_VALIDITY;NO_INVENTORY
49428,EXACT_IMLS_OUTLET_ZIP,MI0124,002,,EXACT_OUTLET;TIE_FSCSKEY_SEQ,EXACT_OUTLET;NOT_USPS_VALIDITY;NO_INVENTORY
49429,OBSERVED_REFERENCE_INDIRECT_ONLY,,,,INDIRECT_IMLS_SC;NO_FABRICATED_NEAREST,INDIRECT_IMLS_SC;NO_FABRICATED_NEAREST;NOT_REJECTED;NOT_USPS_VALIDITY;NO_INVENTORY
49430,ZCTA_NEAREST_ACTIVE_OUTLET,MI0411,002,5.269,ZCTA_NN;R6371;TIE_FIRST_LEX,ZCTA_NN_HAVERSINE;NOT_ELIGIBILITY;NOT_USPS_VALIDITY;NO_INVENTORY
49431,EXACT_IMLS_OUTLET_ZIP,MI0401,002,,EXACT_OUTLET;TIE_FSCSKEY_SEQ,EXACT_OUTLET;NOT_USPS_VALIDITY;NO_INVENTORY
49434,ZCTA_NEAREST_ACTIVE_OUTLET,MI0150,002,8.255,ZCTA_NN;R6371;TIE_FIRST_LEX,ZCTA_NN_HAVERSINE;NOT_ELIGIBILITY;NOT_USPS_VALIDITY;NO_INVENTORY
49435,ZCTA_NEAREST_ACTIVE_OUTLET,MI0182,017,5.306,ZCTA_NN;R6371;TIE_FIRST_LEX,ZCTA_NN_HAVERSINE;NOT_ELIGIBILITY;NOT_USPS_VALIDITY;NO_INVENTORY
49436,ZCTA_NEAREST_ACTIVE_OUTLET,MI0143,002,8.495,ZCTA_NN;R6371;TIE_FIRST_LEX,ZCTA_NN_HAVERSINE;NOT_ELIGIBILITY;NOT_USPS_VALIDITY;NO_INVENTORY
49437,EXACT_IMLS_OUTLET_ZIP,MI0240,007,,EXACT_OUTLET;TIE_FSCSKEY_SEQ,EXACT_OUTLET;NOT_USPS_VALIDITY;NO_INVENTORY
49440,EXACT_IMLS_OUTLET_ZIP,MI0135,002,,EXACT_OUTLET;TIE_FSCSKEY_SEQ,EXACT_OUTLET;NOT_USPS_VALIDITY;NO_INVENTORY
49441,EXACT_IMLS_OUTLET_ZIP,MI0240,009,,EXACT_OUTLET;TIE_FSCSKEY_SEQ,EXACT_OUTLET;NOT_USPS_VALIDITY;NO_INVENTORY
49442,EXACT_IMLS_OUTLET_ZIP,MI0240,004,,EXACT_OUTLET;TIE_FSCSKEY_SEQ,EXACT_OUTLET;NOT_USPS_VALIDITY;NO_INVENTORY
49443,ZCTA_NEAREST_ACTIVE_OUTLET,MI0135,002,1.538,ZCTA_NN;R6371;TIE_FIRST_LEX,ZCTA_NN_HAVERSINE;NOT_ELIGIBILITY;NOT_USPS_VALIDITY;NO_INVENTORY
49444,EXACT_IMLS_OUTLET_ZIP,MI0240,008,,EXACT_OUTLET;TIE_FSCSKEY_SEQ,EXACT_OUTLET;NOT_USPS_VALIDITY;NO_INVENTORY
49445,EXACT_IMLS_OUTLET_ZIP,MI0240,012,,EXACT_OUTLET;TIE_FSCSKEY_SEQ,EXACT_OUTLET;NOT_USPS_VALIDITY;NO_INVENTORY
49446,ZCTA_NEAREST_ACTIVE_OUTLET,MI0309,002,8.130,ZCTA_NN;R6371;TIE_FIRST_LEX,ZCTA_NN_HAVERSINE;NOT_ELIGIBILITY;NOT_USPS_VALIDITY;NO_INVENTORY
49448,ZCTA_NEAREST_ACTIVE_OUTLET,MI9022,002,7.570,ZCTA_NN;R6371;TIE_FIRST_LEX,ZCTA_NN_HAVERSINE;NOT_ELIGIBILITY;NOT_USPS_VALIDITY;NO_INVENTORY
49449,EXACT_IMLS_OUTLET_ZIP,MI0267,002,,EXACT_OUTLET;TIE_FSCSKEY_SEQ,EXACT_OUTLET;NOT_USPS_VALIDITY;NO_INVENTORY
49450,ZCTA_NEAREST_ACTIVE_OUTLET,MI0107,002,13.216,ZCTA_NN;R6371;TIE_FIRST_LEX,ZCTA_NN_HAVERSINE;NOT_ELIGIBILITY;NOT_USPS_VALIDITY;NO_INVENTORY
49451,EXACT_IMLS_OUTLET_ZIP,MI0240,010,,EXACT_OUTLET;TIE_FSCSKEY_SEQ,EXACT_OUTLET;NOT_USPS_VALIDITY;NO_INVENTORY
49452,ZCTA_NEAREST_ACTIVE_OUTLET,MI0240,007,13.431,ZCTA_NN;R6371;TIE_FIRST_LEX,ZCTA_NN_HAVERSINE;NOT_ELIGIBILITY;NOT_USPS_VALIDITY;NO_INVENTORY
49453,ZCTA_NEAREST_ACTIVE_OUTLET,MI0304,002,2.415,ZCTA_NN;R6371;TIE_FIRST_LEX,ZCTA_NN_HAVERSINE;NOT_ELIGIBILITY;NOT_USPS_VALIDITY;NO_INVENTORY
49454,EXACT_IMLS_OUTLET_ZIP,MI0401,003,,EXACT_OUTLET;TIE_FSCSKEY_SEQ,EXACT_OUTLET;NOT_USPS_VALIDITY;NO_INVENTORY
49455,EXACT_IMLS_OUTLET_ZIP,MI0309,002,,EXACT_OUTLET;TIE_FSCSKEY_SEQ,EXACT_OUTLET;NOT_USPS_VALIDITY;NO_INVENTORY
49456,EXACT_IMLS_OUTLET_ZIP,MI0355,002,,EXACT_OUTLET;TIE_FSCSKEY_SEQ,EXACT_OUTLET;NOT_USPS_VALIDITY;NO_INVENTORY
49457,EXACT_IMLS_OUTLET_ZIP,MI0240,003,,EXACT_OUTLET;TIE_FSCSKEY_SEQ,EXACT_OUTLET;NOT_USPS_VALIDITY;NO_INVENTORY
49458,ZCTA_NEAREST_ACTIVE_OUTLET,MI0401,003,13.052,ZCTA_NN;R6371;TIE_FIRST_LEX,ZCTA_NN_HAVERSINE;NOT_ELIGIBILITY;NOT_USPS_VALIDITY;NO_INVENTORY
49459,EXACT_IMLS_OUTLET_ZIP,MI0352,002,,EXACT_OUTLET;TIE_FSCSKEY_SEQ,EXACT_OUTLET;NOT_USPS_VALIDITY;NO_INVENTORY
49460,ZCTA_NEAREST_ACTIVE_OUTLET,MI0150,005,12.127,ZCTA_NN;R6371;TIE_FIRST_LEX,ZCTA_NN_HAVERSINE;NOT_ELIGIBILITY;NOT_USPS_VALIDITY;NO_INVENTORY
49461,EXACT_IMLS_OUTLET_ZIP,MI0370,002,,EXACT_OUTLET;TIE_FSCSKEY_SEQ,EXACT_OUTLET;NOT_USPS_VALIDITY;NO_INVENTORY
49464,EXACT_IMLS_OUTLET_ZIP,MI0378,002,,EXACT_OUTLET;TIE_FSCSKEY_SEQ,EXACT_OUTLET;NOT_USPS_VALIDITY;NO_INVENTORY
49468,OBSERVED_REFERENCE_INDIRECT_ONLY,,,,INDIRECT_IMLS_SC;NO_FABRICATED_NEAREST,INDIRECT_IMLS_SC;NO_FABRICATED_NEAREST;NOT_REJECTED;NOT_USPS_VALIDITY;NO_INVENTORY
49501,OBSERVED_REFERENCE_INDIRECT_ONLY,,,,INDIRECT_IMLS_SC;NO_FABRICATED_NEAREST,INDIRECT_IMLS_SC;NO_FABRICATED_NEAREST;NOT_REJECTED;NOT_USPS_VALIDITY;NO_INVENTORY
49503,EXACT_IMLS_OUTLET_ZIP,MI0131,002,,EXACT_OUTLET;TIE_FSCSKEY_SEQ,EXACT_OUTLET;NOT_USPS_VALIDITY;NO_INVENTORY
49504,EXACT_IMLS_OUTLET_ZIP,MI0131,006,,EXACT_OUTLET;TIE_FSCSKEY_SEQ,EXACT_OUTLET;NOT_USPS_VALIDITY;NO_INVENTORY
49505,EXACT_IMLS_OUTLET_ZIP,MI0131,003,,EXACT_OUTLET;TIE_FSCSKEY_SEQ,EXACT_OUTLET;NOT_USPS_VALIDITY;NO_INVENTORY
49506,EXACT_IMLS_OUTLET_ZIP,MI0131,004,,EXACT_OUTLET;TIE_FSCSKEY_SEQ,EXACT_OUTLET;NOT_USPS_VALIDITY;NO_INVENTORY
49507,EXACT_IMLS_OUTLET_ZIP,MI0131,005,,EXACT_OUTLET;TIE_FSCSKEY_SEQ,EXACT_OUTLET;NOT_USPS_VALIDITY;NO_INVENTORY
49508,EXACT_IMLS_OUTLET_ZIP,MI0182,012,,EXACT_OUTLET;TIE_FSCSKEY_SEQ,EXACT_OUTLET;NOT_USPS_VALIDITY;NO_INVENTORY
49509,EXACT_IMLS_OUTLET_ZIP,MI0182,018,,EXACT_OUTLET;TIE_FSCSKEY_SEQ,EXACT_OUTLET;NOT_USPS_VALIDITY;NO_INVENTORY
49510,OBSERVED_REFERENCE_INDIRECT_ONLY,,,,INDIRECT_IMLS_SC;NO_FABRICATED_NEAREST,INDIRECT_IMLS_SC;NO_FABRICATED_NEAREST;NOT_REJECTED;NOT_USPS_VALIDITY;NO_INVENTORY
49512,ZCTA_NEAREST_ACTIVE_OUTLET,MI0182,012,3.515,ZCTA_NN;R6371;TIE_FIRST_LEX,ZCTA_NN_HAVERSINE;NOT_ELIGIBILITY;NOT_USPS_VALIDITY;NO_INVENTORY
49514,OBSERVED_REFERENCE_INDIRECT_ONLY,,,,INDIRECT_IMLS_SC;NO_FABRICATED_NEAREST,INDIRECT_IMLS_SC;NO_FABRICATED_NEAREST;NOT_REJECTED;NOT_USPS_VALIDITY;NO_INVENTORY
49515,OBSERVED_REFERENCE_INDIRECT_ONLY,,,,INDIRECT_IMLS_SC;NO_FABRICATED_NEAREST,INDIRECT_IMLS_SC;NO_FABRICATED_NEAREST;NOT_REJECTED;NOT_USPS_VALIDITY;NO_INVENTORY
49516,OBSERVED_REFERENCE_INDIRECT_ONLY,,,,INDIRECT_IMLS_SC;NO_FABRICATED_NEAREST,INDIRECT_IMLS_SC;NO_FABRICATED_NEAREST;NOT_REJECTED;NOT_USPS_VALIDITY;NO_INVENTORY
49518,OBSERVED_REFERENCE_INDIRECT_ONLY,,,,INDIRECT_IMLS_SC;NO_FABRICATED_NEAREST,INDIRECT_IMLS_SC;NO_FABRICATED_NEAREST;NOT_REJECTED;NOT_USPS_VALIDITY;NO_INVENTORY
49519,ZCTA_NEAREST_ACTIVE_OUTLET,MI0182,018,2.167,ZCTA_NN;R6371;TIE_FIRST_LEX,ZCTA_NN_HAVERSINE;NOT_ELIGIBILITY;NOT_USPS_VALIDITY;NO_INVENTORY
49523,OBSERVED_REFERENCE_INDIRECT_ONLY,,,,INDIRECT_IMLS_SC;NO_FABRICATED_NEAREST,INDIRECT_IMLS_SC;NO_FABRICATED_NEAREST;NOT_REJECTED;NOT_USPS_VALIDITY;NO_INVENTORY
49525,EXACT_IMLS_OUTLET_ZIP,MI0182,014,,EXACT_OUTLET;TIE_FSCSKEY_SEQ,EXACT_OUTLET;NOT_USPS_VALIDITY;NO_INVENTORY
49534,ZCTA_NEAREST_ACTIVE_OUTLET,MI0182,017,4.925,ZCTA_NN;R6371;TIE_FIRST_LEX,ZCTA_NN_HAVERSINE;NOT_ELIGIBILITY;NOT_USPS_VALIDITY;NO_INVENTORY
49544,EXACT_IMLS_OUTLET_ZIP,MI0182,017,,EXACT_OUTLET;TIE_FSCSKEY_SEQ,EXACT_OUTLET;NOT_USPS_VALIDITY;NO_INVENTORY
49546,EXACT_IMLS_OUTLET_ZIP,MI0182,019,,EXACT_OUTLET;TIE_FSCSKEY_SEQ,EXACT_OUTLET;NOT_USPS_VALIDITY;NO_INVENTORY
49548,EXACT_IMLS_OUTLET_ZIP,MI0182,008,,EXACT_OUTLET;TIE_FSCSKEY_SEQ,EXACT_OUTLET;NOT_USPS_VALIDITY;NO_INVENTORY
49588,OBSERVED_REFERENCE_INDIRECT_ONLY,,,,INDIRECT_IMLS_SC;NO_FABRICATED_NEAREST,INDIRECT_IMLS_SC;NO_FABRICATED_NEAREST;NOT_REJECTED;NOT_USPS_VALIDITY;NO_INVENTORY
49601,EXACT_IMLS_OUTLET_ZIP,MI0049,002,,EXACT_OUTLET;TIE_FSCSKEY_SEQ,EXACT_OUTLET;NOT_USPS_VALIDITY;NO_INVENTORY
49610,OBSERVED_REFERENCE_INDIRECT_ONLY,,,,INDIRECT_IMLS_SC;NO_FABRICATED_NEAREST,INDIRECT_IMLS_SC;NO_FABRICATED_NEAREST;NOT_REJECTED;NOT_USPS_VALIDITY;NO_INVENTORY
49611,ZCTA_NEAREST_ACTIVE_OUTLET,MI0211,002,10.894,ZCTA_NN;R6371;TIE_FIRST_LEX,ZCTA_NN_HAVERSINE;NOT_ELIGIBILITY;NOT_USPS_VALIDITY;NO_INVENTORY
49612,EXACT_IMLS_OUTLET_ZIP,MI0147,002,,EXACT_OUTLET;TIE_FSCSKEY_SEQ,EXACT_OUTLET;NOT_USPS_VALIDITY;NO_INVENTORY
49613,EXACT_IMLS_OUTLET_ZIP,MI0213,003,,EXACT_OUTLET;TIE_FSCSKEY_SEQ,EXACT_OUTLET;NOT_USPS_VALIDITY;NO_INVENTORY
49614,EXACT_IMLS_OUTLET_ZIP,MI0213,004,,EXACT_OUTLET;TIE_FSCSKEY_SEQ,EXACT_OUTLET;NOT_USPS_VALIDITY;NO_INVENTORY
49615,EXACT_IMLS_OUTLET_ZIP,MI0024,002,,EXACT_OUTLET;TIE_FSCSKEY_SEQ,EXACT_OUTLET;NOT_USPS_VALIDITY;NO_INVENTORY
49616,EXACT_IMLS_OUTLET_ZIP,MI0029,002,,EXACT_OUTLET;TIE_FSCSKEY_SEQ,EXACT_OUTLET;NOT_USPS_VALIDITY;NO_INVENTORY
49617,EXACT_IMLS_OUTLET_ZIP,MI0034,002,,EXACT_OUTLET;TIE_FSCSKEY_SEQ,EXACT_OUTLET;NOT_USPS_VALIDITY;NO_INVENTORY
49618,ZCTA_NEAREST_ACTIVE_OUTLET,MI0049,003,15.070,ZCTA_NN;R6371;TIE_FIRST_LEX,ZCTA_NN_HAVERSINE;NOT_ELIGIBILITY;NOT_USPS_VALIDITY;NO_INVENTORY
49619,ZCTA_NEAREST_ACTIVE_OUTLET,MI0213,007,8.777,ZCTA_NN;R6371;TIE_FIRST_LEX,ZCTA_NN_HAVERSINE;NOT_ELIGIBILITY;NOT_USPS_VALIDITY;NO_INVENTORY
49620,EXACT_IMLS_OUTLET_ZIP,MI0049,006,,EXACT_OUTLET;TIE_FSCSKEY_SEQ,EXACT_OUTLET;NOT_USPS_VALIDITY;NO_INVENTORY
49621,ZCTA_NEAREST_ACTIVE_OUTLET,MI0329,002,16.392,ZCTA_NN;R6371;TIE_FIRST_LEX,ZCTA_NN_HAVERSINE;NOT_ELIGIBILITY;NOT_USPS_VALIDITY;NO_INVENTORY
49622,EXACT_IMLS_OUTLET_ZIP,MI0058,002,,EXACT_OUTLET;TIE_FSCSKEY_SEQ,EXACT_OUTLET;NOT_USPS_VALIDITY;NO_INVENTORY
49623,EXACT_IMLS_OUTLET_ZIP,MI0062,002,,EXACT_OUTLET;TIE_FSCSKEY_SEQ,EXACT_OUTLET;NOT_USPS_VALIDITY;NO_INVENTORY
49625,ZCTA_NEAREST_ACTIVE_OUTLET,MI0033,003,11.767,ZCTA_NN;R6371;TIE_FIRST_LEX,ZCTA_NN_HAVERSINE;NOT_ELIGIBILITY;NOT_USPS_VALIDITY;NO_INVENTORY
49626,ZCTA_NEAREST_ACTIVE_OUTLET,MI0213,002,2.520,ZCTA_NN;R6371;TIE_FIRST_LEX,ZCTA_NN_HAVERSINE;NOT_ELIGIBILITY;NOT_USPS_VALIDITY;NO_INVENTORY
49627,ZCTA_NEAREST_ACTIVE_OUTLET,MI0058,002,8.832,ZCTA_NN;R6371;TIE_FIRST_LEX,ZCTA_NN_HAVERSINE;NOT_ELIGIBILITY;NOT_USPS_VALIDITY;NO_INVENTORY
49628,ZCTA_NEAREST_ACTIVE_OUTLET,MI0114,002,1.275,ZCTA_NN;R6371;TIE_FIRST_LEX,ZCTA_NN_HAVERSINE;NOT_ELIGIBILITY;NOT_USPS_VALIDITY;NO_INVENTORY
49629,EXACT_IMLS_OUTLET_ZIP,MI0098,002,,EXACT_OUTLET;TIE_FSCSKEY_SEQ,EXACT_OUTLET;NOT_USPS_VALIDITY;NO_INVENTORY
49630,EXACT_IMLS_OUTLET_ZIP,MI0128,002,,EXACT_OUTLET;TIE_FSCSKEY_SEQ,EXACT_OUTLET;NOT_USPS_VALIDITY;NO_INVENTORY
49631,EXACT_IMLS_OUTLET_ZIP,MI0102,002,,EXACT_OUTLET;TIE_FSCSKEY_SEQ,EXACT_OUTLET;NOT_USPS_VALIDITY;NO_INVENTORY
49632,EXACT_IMLS_OUTLET_ZIP,MI0104,002,,EXACT_OUTLET;TIE_FSCSKEY_SEQ,EXACT_OUTLET;NOT_USPS_VALIDITY;NO_INVENTORY
49633,EXACT_IMLS_OUTLET_ZIP,MI0109,002,,EXACT_OUTLET;TIE_FSCSKEY_SEQ,EXACT_OUTLET;NOT_USPS_VALIDITY;NO_INVENTORY
49634,ZCTA_NEAREST_ACTIVE_OUTLET,MI0213,002,4.477,ZCTA_NN;R6371;TIE_FIRST_LEX,ZCTA_NN_HAVERSINE;NOT_ELIGIBILITY;NOT_USPS_VALIDITY;NO_INVENTORY
49635,EXACT_IMLS_OUTLET_ZIP,MI0114,002,,EXACT_OUTLET;TIE_FSCSKEY_SEQ,EXACT_OUTLET;NOT_USPS_VALIDITY;NO_INVENTORY
49636,ZCTA_NEAREST_ACTIVE_OUTLET,MI0128,002,11.708,ZCTA_NN;R6371;TIE_FIRST_LEX,ZCTA_NN_HAVERSINE;NOT_ELIGIBILITY;NOT_USPS_VALIDITY;NO_INVENTORY
49637,ZCTA_NEAREST_ACTIVE_OUTLET,MI0170,002,4.525,ZCTA_NN;R6371;TIE_FIRST_LEX,ZCTA_NN_HAVERSINE;NOT_ELIGIBILITY;NOT_USPS_VALIDITY;NO_INVENTORY
49638,ZCTA_NEAREST_ACTIVE_OUTLET,MI0049,003,13.631,ZCTA_NN;R6371;TIE_FIRST_LEX,ZCTA_NN_HAVERSINE;NOT_ELIGIBILITY;NOT_USPS_VALIDITY;NO_INVENTORY
49639,ZCTA_NEAREST_ACTIVE_OUTLET,MI0284,002,8.390,ZCTA_NN;R6371;TIE_FIRST_LEX,ZCTA_NN_HAVERSINE;NOT_ELIGIBILITY;NOT_USPS_VALIDITY;NO_INVENTORY
49640,ZCTA_NEAREST_ACTIVE_OUTLET,MI0128,002,9.682,ZCTA_NN;R6371;TIE_FIRST_LEX,ZCTA_NN_HAVERSINE;NOT_ELIGIBILITY;NOT_USPS_VALIDITY;NO_INVENTORY
49642,ZCTA_NEAREST_ACTIVE_OUTLET,MI0264,002,5.533,ZCTA_NN;R6371;TIE_FIRST_LEX,ZCTA_NN_HAVERSINE;NOT_ELIGIBILITY;NOT_USPS_VALIDITY;NO_INVENTORY
49643,EXACT_IMLS_OUTLET_ZIP,MI0170,002,,EXACT_OUTLET;TIE_FSCSKEY_SEQ,EXACT_OUTLET;NOT_USPS_VALIDITY;NO_INVENTORY
49644,ZCTA_NEAREST_ACTIVE_OUTLET,MI0213,007,12.244,ZCTA_NN;R6371;TIE_FIRST_LEX,ZCTA_NN_HAVERSINE;NOT_ELIGIBILITY;NOT_USPS_VALIDITY;NO_INVENTORY
49645,EXACT_IMLS_OUTLET_ZIP,MI0213,005,,EXACT_OUTLET;TIE_FSCSKEY_SEQ,EXACT_OUTLET;NOT_USPS_VALIDITY;NO_INVENTORY
49646,EXACT_IMLS_OUTLET_ZIP,MI0181,002,,EXACT_OUTLET;TIE_FSCSKEY_SEQ,EXACT_OUTLET;NOT_USPS_VALIDITY;NO_INVENTORY
49648,ZCTA_NEAREST_ACTIVE_OUTLET,MI0058,002,10.098,ZCTA_NN;R6371;TIE_FIRST_LEX,ZCTA_NN_HAVERSINE;NOT_ELIGIBILITY;NOT_USPS_VALIDITY;NO_INVENTORY
49649,EXACT_IMLS_OUTLET_ZIP,MI0342,005,,EXACT_OUTLET;TIE_FSCSKEY_SEQ,EXACT_OUTLET;NOT_USPS_VALIDITY;NO_INVENTORY
49650,ZCTA_NEAREST_ACTIVE_OUTLET,MI0170,002,14.289,ZCTA_NN;R6371;TIE_FIRST_LEX,ZCTA_NN_HAVERSINE;NOT_ELIGIBILITY;NOT_USPS_VALIDITY;NO_INVENTORY
49651,EXACT_IMLS_OUTLET_ZIP,MI0231,002,,EXACT_OUTLET;TIE_FSCSKEY_SEQ,EXACT_OUTLET;NOT_USPS_VALIDITY;NO_INVENTORY
49653,ZCTA_NEAREST_ACTIVE_OUTLET,MI0329,002,5.905,ZCTA_NN;R6371;TIE_FIRST_LEX,ZCTA_NN_HAVERSINE;NOT_ELIGIBILITY;NOT_USPS_VALIDITY;NO_INVENTORY
49654,EXACT_IMLS_OUTLET_ZIP,MI0194,002,,EXACT_OUTLET;TIE_FSCSKEY_SEQ,EXACT_OUTLET;NOT_USPS_VALIDITY;NO_INVENTORY
49655,EXACT_IMLS_OUTLET_ZIP,MI0197,002,,EXACT_OUTLET;TIE_FSCSKEY_SEQ,EXACT_OUTLET;NOT_USPS_VALIDITY;NO_INVENTORY
49656,EXACT_IMLS_OUTLET_ZIP,MI0203,002,,EXACT_OUTLET;TIE_FSCSKEY_SEQ,EXACT_OUTLET;NOT_USPS_VALIDITY;NO_INVENTORY
49657,EXACT_IMLS_OUTLET_ZIP,MI0418,002,,EXACT_OUTLET;TIE_FSCSKEY_SEQ,EXACT_OUTLET;NOT_USPS_VALIDITY;NO_INVENTORY
49659,EXACT_IMLS_OUTLET_ZIP,MI0211,002,,EXACT_OUTLET;TIE_FSCSKEY_SEQ,EXACT_OUTLET;NOT_USPS_VALIDITY;NO_INVENTORY
49660,EXACT_IMLS_OUTLET_ZIP,MI0213,002,,EXACT_OUTLET;TIE_FSCSKEY_SEQ,EXACT_OUTLET;NOT_USPS_VALIDITY;NO_INVENTORY
49663,EXACT_IMLS_OUTLET_ZIP,MI0049,005,,EXACT_OUTLET;TIE_FSCSKEY_SEQ,EXACT_OUTLET;NOT_USPS_VALIDITY;NO_INVENTORY
49664,ZCTA_NEAREST_ACTIVE_OUTLET,MI0128,002,15.383,ZCTA_NN;R6371;TIE_FIRST_LEX,ZCTA_NN_HAVERSINE;NOT_ELIGIBILITY;NOT_USPS_VALIDITY;NO_INVENTORY
49665,EXACT_IMLS_OUTLET_ZIP,MI0206,002,,EXACT_OUTLET;TIE_FSCSKEY_SEQ,EXACT_OUTLET;NOT_USPS_VALIDITY;NO_INVENTORY
49666,OBSERVED_REFERENCE_INDIRECT_ONLY,,,,INDIRECT_IMLS_SC;NO_FABRICATED_NEAREST,INDIRECT_IMLS_SC;NO_FABRICATED_NEAREST;NOT_REJECTED;NOT_USPS_VALIDITY;NO_INVENTORY
49667,ZCTA_NEAREST_ACTIVE_OUTLET,MI0104,002,17.008,ZCTA_NN;R6371;TIE_FIRST_LEX,ZCTA_NN_HAVERSINE;NOT_ELIGIBILITY;NOT_USPS_VALIDITY;NO_INVENTORY
49668,EXACT_IMLS_OUTLET_ZIP,MI0049,003,,EXACT_OUTLET;TIE_FSCSKEY_SEQ,EXACT_OUTLET;NOT_USPS_VALIDITY;NO_INVENTORY
49670,EXACT_IMLS_OUTLET_ZIP,MI0193,002,,EXACT_OUTLET;TIE_FSCSKEY_SEQ,EXACT_OUTLET;NOT_USPS_VALIDITY;NO_INVENTORY
49674,ZCTA_NEAREST_ACTIVE_OUTLET,MI0329,002,9.008,ZCTA_NN;R6371;TIE_FIRST_LEX,ZCTA_NN_HAVERSINE;NOT_ELIGIBILITY;NOT_USPS_VALIDITY;NO_INVENTORY
49675,EXACT_IMLS_OUTLET_ZIP,MI0213,006,,EXACT_OUTLET;TIE_FSCSKEY_SEQ,EXACT_OUTLET;NOT_USPS_VALIDITY;NO_INVENTORY
49676,ZCTA_NEAREST_ACTIVE_OUTLET,MI0147,002,4.646,ZCTA_NN;R6371;TIE_FIRST_LEX,ZCTA_NN_HAVERSINE;NOT_ELIGIBILITY;NOT_USPS_VALIDITY;NO_INVENTORY
49677,EXACT_IMLS_OUTLET_ZIP,MI0284,002,,EXACT_OUTLET;TIE_FSCSKEY_SEQ,EXACT_OUTLET;NOT_USPS_VALIDITY;NO_INVENTORY
49679,ZCTA_NEAREST_ACTIVE_OUTLET,MI0102,002,8.434,ZCTA_NN;R6371;TIE_FIRST_LEX,ZCTA_NN_HAVERSINE;NOT_ELIGIBILITY;NOT_USPS_VALIDITY;NO_INVENTORY
49680,ZCTA_NEAREST_ACTIVE_OUTLET,MI0181,002,10.690,ZCTA_NN;R6371;TIE_FIRST_LEX,ZCTA_NN_HAVERSINE;NOT_ELIGIBILITY;NOT_USPS_VALIDITY;NO_INVENTORY
49682,EXACT_IMLS_OUTLET_ZIP,MI0329,002,,EXACT_OUTLET;TIE_FSCSKEY_SEQ,EXACT_OUTLET;NOT_USPS_VALIDITY;NO_INVENTORY
49683,EXACT_IMLS_OUTLET_ZIP,MI0033,003,,EXACT_OUTLET;TIE_FSCSKEY_SEQ,EXACT_OUTLET;NOT_USPS_VALIDITY;NO_INVENTORY
49684,ZCTA_NEAREST_ACTIVE_OUTLET,MI0342,002,6.145,ZCTA_NN;R6371;TIE_FIRST_LEX,ZCTA_NN_HAVERSINE;NOT_ELIGIBILITY;NOT_USPS_VALIDITY;NO_INVENTORY
49685,ZCTA_NEAREST_ACTIVE_OUTLET,MI0170,002,8.088,ZCTA_NN;R6371;TIE_FIRST_LEX,ZCTA_NN_HAVERSINE;NOT_ELIGIBILITY;NOT_USPS_VALIDITY;NO_INVENTORY
49686,EXACT_IMLS_OUTLET_ZIP,MI0266,002,,EXACT_OUTLET;TIE_FSCSKEY_SEQ,EXACT_OUTLET;NOT_USPS_VALIDITY;NO_INVENTORY
49688,EXACT_IMLS_OUTLET_ZIP,MI0049,004,,EXACT_OUTLET;TIE_FSCSKEY_SEQ,EXACT_OUTLET;NOT_USPS_VALIDITY;NO_INVENTORY
49689,EXACT_IMLS_OUTLET_ZIP,MI0213,007,,EXACT_OUTLET;TIE_FSCSKEY_SEQ,EXACT_OUTLET;NOT_USPS_VALIDITY;NO_INVENTORY
49690,ZCTA_NEAREST_ACTIVE_OUTLET,MI0098,002,12.830,ZCTA_NN;R6371;TIE_FIRST_LEX,ZCTA_NN_HAVERSINE;NOT_ELIGIBILITY;NOT_USPS_VALIDITY;NO_INVENTORY
49696,ZCTA_NEAREST_ACTIVE_OUTLET,MI0342,003,6.429,ZCTA_NN;R6371;TIE_FIRST_LEX,ZCTA_NN_HAVERSINE;NOT_ELIGIBILITY;NOT_USPS_VALIDITY;NO_INVENTORY
49701,EXACT_IMLS_OUTLET_ZIP,MI0208,002,,EXACT_OUTLET;TIE_FSCSKEY_SEQ,EXACT_OUTLET;NOT_USPS_VALIDITY;NO_INVENTORY
49705,ZCTA_NEAREST_ACTIVE_OUTLET,MI0375,002,13.876,ZCTA_NN;R6371;TIE_FIRST_LEX,ZCTA_NN_HAVERSINE;NOT_ELIGIBILITY;NOT_USPS_VALIDITY;NO_INVENTORY
49706,EXACT_IMLS_OUTLET_ZIP,MI0407,002,,EXACT_OUTLET;TIE_FSCSKEY_SEQ,EXACT_OUTLET;NOT_USPS_VALIDITY;NO_INVENTORY
49707,EXACT_IMLS_OUTLET_ZIP,MI0414,002,,EXACT_OUTLET;TIE_FSCSKEY_SEQ,EXACT_OUTLET;NOT_USPS_VALIDITY;NO_INVENTORY
49709,EXACT_IMLS_OUTLET_ZIP,MI0234,002,,EXACT_OUTLET;TIE_FSCSKEY_SEQ,EXACT_OUTLET;NOT_USPS_VALIDITY;NO_INVENTORY
49710,ZCTA_NEAREST_ACTIVE_OUTLET,MI0022,008,19.396,ZCTA_NN;R6371;TIE_FIRST_LEX,ZCTA_NN_HAVERSINE;NOT_ELIGIBILITY;NOT_USPS_VALIDITY;NO_INVENTORY
49712,EXACT_IMLS_OUTLET_ZIP,MI0038,002,,EXACT_OUTLET;TIE_FSCSKEY_SEQ,EXACT_OUTLET;NOT_USPS_VALIDITY;NO_INVENTORY
49713,EXACT_IMLS_OUTLET_ZIP,MI0076,003,,EXACT_OUTLET;TIE_FSCSKEY_SEQ,EXACT_OUTLET;NOT_USPS_VALIDITY;NO_INVENTORY
49715,ZCTA_NEAREST_ACTIVE_OUTLET,MI0022,009,20.609,ZCTA_NN;R6371;TIE_FIRST_LEX,ZCTA_NN_HAVERSINE;NOT_ELIGIBILITY;NOT_USPS_VALIDITY;NO_INVENTORY
49716,ZCTA_NEAREST_ACTIVE_OUTLET,MI0208,005,5.388,ZCTA_NN;R6371;TIE_FIRST_LEX,ZCTA_NN_HAVERSINE;NOT_ELIGIBILITY;NOT_USPS_VALIDITY;NO_INVENTORY
49717,ZCTA_NEAREST_ACTIVE_OUTLET,MI0407,002,6.940,ZCTA_NN;R6371;TIE_FIRST_LEX,ZCTA_NN_HAVERSINE;NOT_ELIGIBILITY;NOT_USPS_VALIDITY;NO_INVENTORY
49718,ZCTA_NEAREST_ACTIVE_OUTLET,MI0208,003,7.282,ZCTA_NN;R6371;TIE_FIRST_LEX,ZCTA_NN_HAVERSINE;NOT_ELIGIBILITY;NOT_USPS_VALIDITY;NO_INVENTORY
49719,EXACT_IMLS_OUTLET_ZIP,MI0022,007,,EXACT_OUTLET;TIE_FSCSKEY_SEQ,EXACT_OUTLET;NOT_USPS_VALIDITY;NO_INVENTORY
49720,EXACT_IMLS_OUTLET_ZIP,MI0060,002,,EXACT_OUTLET;TIE_FSCSKEY_SEQ,EXACT_OUTLET;NOT_USPS_VALIDITY;NO_INVENTORY
49721,EXACT_IMLS_OUTLET_ZIP,MI0063,002,,EXACT_OUTLET;TIE_FSCSKEY_SEQ,EXACT_OUTLET;NOT_USPS_VALIDITY;NO_INVENTORY
49722,ZCTA_NEAREST_ACTIVE_OUTLET,MI0407,002,6.253,ZCTA_NN;R6371;TIE_FIRST_LEX,ZCTA_NN_HAVERSINE;NOT_ELIGIBILITY;NOT_USPS_VALIDITY;NO_INVENTORY
49723,OBSERVED_REFERENCE_INDIRECT_ONLY,,,,INDIRECT_IMLS_SC;NO_FABRICATED_NEAREST,INDIRECT_IMLS_SC;NO_FABRICATED_NEAREST;NOT_REJECTED;NOT_USPS_VALIDITY;NO_INVENTORY
49724,ZCTA_NEAREST_ACTIVE_OUTLET,MI0022,002,18.962,ZCTA_NN;R6371;TIE_FIRST_LEX,ZCTA_NN_HAVERSINE;NOT_ELIGIBILITY;NOT_USPS_VALIDITY;NO_INVENTORY
49725,EXACT_IMLS_OUTLET_ZIP,MI0022,011,,EXACT_OUTLET;TIE_FSCSKEY_SEQ,EXACT_OUTLET;NOT_USPS_VALIDITY;NO_INVENTORY
49726,EXACT_IMLS_OUTLET_ZIP,MI0022,005,,EXACT_OUTLET;TIE_FSCSKEY_SEQ,EXACT_OUTLET;NOT_USPS_VALIDITY;NO_INVENTORY
49727,EXACT_IMLS_OUTLET_ZIP,MI0179,002,,EXACT_OUTLET;TIE_FSCSKEY_SEQ,EXACT_OUTLET;NOT_USPS_VALIDITY;NO_INVENTORY
49728,ZCTA_NEAREST_ACTIVE_OUTLET,MI0369,002,25.074,ZCTA_NN;R6371;TIE_FIRST_LEX,ZCTA_NN_HAVERSINE;NOT_ELIGIBILITY;NOT_USPS_VALIDITY;NO_INVENTORY
49729,ZCTA_NEAREST_ACTIVE_OUTLET,MI0058,002,10.589,ZCTA_NN;R6371;TIE_FIRST_LEX,ZCTA_NN_HAVERSINE;NOT_ELIGIBILITY;NOT_USPS_VALIDITY;NO_INVENTORY
49730,ZCTA_NEAREST_ACTIVE_OUTLET,MI0076,003,14.166,ZCTA_NN;R6371;TIE_FIRST_LEX,ZCTA_NN_HAVERSINE;NOT_ELIGIBILITY;NOT_USPS_VALIDITY;NO_INVENTORY
49733,EXACT_IMLS_OUTLET_ZIP,MI0074,003,,EXACT_OUTLET;TIE_FSCSKEY_SEQ,EXACT_OUTLET;NOT_USPS_VALIDITY;NO_INVENTORY
49734,OBSERVED_REFERENCE_INDIRECT_ONLY,,,,INDIRECT_IMLS_SC;NO_FABRICATED_NEAREST,INDIRECT_IMLS_SC;NO_FABRICATED_NEAREST;NOT_REJECTED;NOT_USPS_VALIDITY;NO_INVENTORY
49735,EXACT_IMLS_OUTLET_ZIP,MI0258,002,,EXACT_OUTLET;TIE_FSCSKEY_SEQ,EXACT_OUTLET;NOT_USPS_VALIDITY;NO_INVENTORY
49736,ZCTA_NEAREST_ACTIVE_OUTLET,MI0022,008,18.943,ZCTA_NN;R6371;TIE_FIRST_LEX,ZCTA_NN_HAVERSINE;NOT_ELIGIBILITY;NOT_USPS_VALIDITY;NO_INVENTORY
49738,EXACT_IMLS_OUTLET_ZIP,MI0074,002,,EXACT_OUTLET;TIE_FSCSKEY_SEQ,EXACT_OUTLET;NOT_USPS_VALIDITY;NO_INVENTORY
49739,OBSERVED_REFERENCE_INDIRECT_ONLY,,,,INDIRECT_IMLS_SC;NO_FABRICATED_NEAREST,INDIRECT_IMLS_SC;NO_FABRICATED_NEAREST;NOT_REJECTED;NOT_USPS_VALIDITY;NO_INVENTORY
49740,ZCTA_NEAREST_ACTIVE_OUTLET,MI0208,005,16.319,ZCTA_NN;R6371;TIE_FIRST_LEX,ZCTA_NN_HAVERSINE;NOT_ELIGIBILITY;NOT_USPS_VALIDITY;NO_INVENTORY
49743,ZCTA_NEAREST_ACTIVE_OUTLET,MI0279,006,14.969,ZCTA_NN;R6371;TIE_FIRST_LEX,ZCTA_NN_HAVERSINE;NOT_ELIGIBILITY;NOT_USPS_VALIDITY;NO_INVENTORY
49744,ZCTA_NEAREST_ACTIVE_OUTLET,MI0409,003,15.899,ZCTA_NN;R6371;TIE_FIRST_LEX,ZCTA_NN_HAVERSINE;NOT_ELIGIBILITY;NOT_USPS_VALIDITY;NO_INVENTORY
49745,ZCTA_NEAREST_ACTIVE_OUTLET,MI0022,007,13.169,ZCTA_NN;R6371;TIE_FIRST_LEX,ZCTA_NN_HAVERSINE;NOT_ELIGIBILITY;NOT_USPS_VALIDITY;NO_INVENTORY
49746,EXACT_IMLS_OUTLET_ZIP,MI0234,003,,EXACT_OUTLET;TIE_FSCSKEY_SEQ,EXACT_OUTLET;NOT_USPS_VALIDITY;NO_INVENTORY
49747,EXACT_IMLS_OUTLET_ZIP,MI0409,003,,EXACT_OUTLET;TIE_FSCSKEY_SEQ,EXACT_OUTLET;NOT_USPS_VALIDITY;NO_INVENTORY
49748,ZCTA_NEAREST_ACTIVE_OUTLET,MI0330,002,26.584,ZCTA_NN;R6371;TIE_FIRST_LEX,ZCTA_NN_HAVERSINE;NOT_ELIGIBILITY;NOT_USPS_VALIDITY;NO_INVENTORY
49749,EXACT_IMLS_OUTLET_ZIP,MI0167,002,,EXACT_OUTLET;TIE_FSCSKEY_SEQ,EXACT_OUTLET;NOT_USPS_VALIDITY;NO_INVENTORY
49751,EXACT_IMLS_OUTLET_ZIP,MI0258,003,,EXACT_OUTLET;TIE_FSCSKEY_SEQ,EXACT_OUTLET;NOT_USPS_VALIDITY;NO_INVENTORY
49752,ZCTA_NEAREST_ACTIVE_OUTLET,MI0022,008,12.523,ZCTA_NN;R6371;TIE_FIRST_LEX,ZCTA_NN_HAVERSINE;NOT_ELIGIBILITY;NOT_USPS_VALIDITY;NO_INVENTORY
49753,ZCTA_NEAREST_ACTIVE_OUTLET,MI0234,003,11.155,ZCTA_NN;R6371;TIE_FIRST_LEX,ZCTA_NN_HAVERSINE;NOT_ELIGIBILITY;NOT_USPS_VALIDITY;NO_INVENTORY
49755,EXACT_IMLS_OUTLET_ZIP,MI0208,003,,EXACT_OUTLET;TIE_FSCSKEY_SEQ,EXACT_OUTLET;NOT_USPS_VALIDITY;NO_INVENTORY
49756,EXACT_IMLS_OUTLET_ZIP,MI0234,004,,EXACT_OUTLET;TIE_FSCSKEY_SEQ,EXACT_OUTLET;NOT_USPS_VALIDITY;NO_INVENTORY
49757,EXACT_IMLS_OUTLET_ZIP,MI0207,002,,EXACT_OUTLET;TIE_FSCSKEY_SEQ,EXACT_OUTLET;NOT_USPS_VALIDITY;NO_INVENTORY
49759,EXACT_IMLS_OUTLET_ZIP,MI0279,006,,EXACT_OUTLET;TIE_FSCSKEY_SEQ,EXACT_OUTLET;NOT_USPS_VALIDITY;NO_INVENTORY
49760,EXACT_IMLS_OUTLET_ZIP,MI0022,003,,EXACT_OUTLET;TIE_FSCSKEY_SEQ,EXACT_OUTLET;NOT_USPS_VALIDITY;NO_INVENTORY
49762,ZCTA_NEAREST_ACTIVE_OUTLET,MI0022,006,21.803,ZCTA_NN;R6371;TIE_FIRST_LEX,ZCTA_NN_HAVERSINE;NOT_ELIGIBILITY;NOT_USPS_VALIDITY;NO_INVENTORY
49764,ZCTA_NEAREST_ACTIVE_OUTLET,MI0407,002,3.524,ZCTA_NN;R6371;TIE_FIRST_LEX,ZCTA_NN_HAVERSINE;NOT_ELIGIBILITY;NOT_USPS_VALIDITY;NO_INVENTORY
49765,EXACT_IMLS_OUTLET_ZIP,MI0279,004,,EXACT_OUTLET;TIE_FSCSKEY_SEQ,EXACT_OUTLET;NOT_USPS_VALIDITY;NO_INVENTORY
49766,ZCTA_NEAREST_ACTIVE_OUTLET,MI0409,003,13.385,ZCTA_NN;R6371;TIE_FIRST_LEX,ZCTA_NN_HAVERSINE;NOT_ELIGIBILITY;NOT_USPS_VALIDITY;NO_INVENTORY
49768,EXACT_IMLS_OUTLET_ZIP,MI0369,002,,EXACT_OUTLET;TIE_FSCSKEY_SEQ,EXACT_OUTLET;NOT_USPS_VALIDITY;NO_INVENTORY
49769,EXACT_IMLS_OUTLET_ZIP,MI0208,005,,EXACT_OUTLET;TIE_FSCSKEY_SEQ,EXACT_OUTLET;NOT_USPS_VALIDITY;NO_INVENTORY
49770,EXACT_IMLS_OUTLET_ZIP,MI0269,002,,EXACT_OUTLET;TIE_FSCSKEY_SEQ,EXACT_OUTLET;NOT_USPS_VALIDITY;NO_INVENTORY
49774,EXACT_IMLS_OUTLET_ZIP,MI0022,008,,EXACT_OUTLET;TIE_FSCSKEY_SEQ,EXACT_OUTLET;NOT_USPS_VALIDITY;NO_INVENTORY
49775,ZCTA_NEAREST_ACTIVE_OUTLET,MI0207,002,13.813,ZCTA_NN;R6371;TIE_FIRST_LEX,ZCTA_NN_HAVERSINE;NOT_ELIGIBILITY;NOT_USPS_VALIDITY;NO_INVENTORY
49776,EXACT_IMLS_OUTLET_ZIP,MI0279,005,,EXACT_OUTLET;TIE_FSCSKEY_SEQ,EXACT_OUTLET;NOT_USPS_VALIDITY;NO_INVENTORY
49777,EXACT_IMLS_OUTLET_ZIP,MI0279,003,,EXACT_OUTLET;TIE_FSCSKEY_SEQ,EXACT_OUTLET;NOT_USPS_VALIDITY;NO_INVENTORY
49779,EXACT_IMLS_OUTLET_ZIP,MI0279,002,,EXACT_OUTLET;TIE_FSCSKEY_SEQ,EXACT_OUTLET;NOT_USPS_VALIDITY;NO_INVENTORY
49780,EXACT_IMLS_OUTLET_ZIP,MI0022,009,,EXACT_OUTLET;TIE_FSCSKEY_SEQ,EXACT_OUTLET;NOT_USPS_VALIDITY;NO_INVENTORY
49781,EXACT_IMLS_OUTLET_ZIP,MI0323,002,,EXACT_OUTLET;TIE_FSCSKEY_SEQ,EXACT_OUTLET;NOT_USPS_VALIDITY;NO_INVENTORY
49782,EXACT_IMLS_OUTLET_ZIP,MI0023,002,,EXACT_OUTLET;TIE_FSCSKEY_SEQ,EXACT_OUTLET;NOT_USPS_VALIDITY;NO_INVENTORY
49783,EXACT_IMLS_OUTLET_ZIP,MI0022,002,,EXACT_OUTLET;TIE_FSCSKEY_SEQ,EXACT_OUTLET;NOT_USPS_VALIDITY;NO_INVENTORY
49784,ZCTA_NEAREST_ACTIVE_OUTLET,MI0022,009,11.363,ZCTA_NN;R6371;TIE_FIRST_LEX,ZCTA_NN_HAVERSINE;NOT_ELIGIBILITY;NOT_USPS_VALIDITY;NO_INVENTORY
49788,ZCTA_NEAREST_ACTIVE_OUTLET,MI0022,009,10.464,ZCTA_NN;R6371;TIE_FIRST_LEX,ZCTA_NN_HAVERSINE;NOT_ELIGIBILITY;NOT_USPS_VALIDITY;NO_INVENTORY
49791,EXACT_IMLS_OUTLET_ZIP,MI0341,002,,EXACT_OUTLET;TIE_FSCSKEY_SEQ,EXACT_OUTLET;NOT_USPS_VALIDITY;NO_INVENTORY
49793,ZCTA_NEAREST_ACTIVE_OUTLET,MI0022,003,29.801,ZCTA_NN;R6371;TIE_FIRST_LEX,ZCTA_NN_HAVERSINE;NOT_ELIGIBILITY;NOT_USPS_VALIDITY;NO_INVENTORY
49795,EXACT_IMLS_OUTLET_ZIP,MI0258,004,,EXACT_OUTLET;TIE_FSCSKEY_SEQ,EXACT_OUTLET;NOT_USPS_VALIDITY;NO_INVENTORY
49796,EXACT_IMLS_OUTLET_ZIP,MI0076,002,,EXACT_OUTLET;TIE_FSCSKEY_SEQ,EXACT_OUTLET;NOT_USPS_VALIDITY;NO_INVENTORY
49797,OBSERVED_REFERENCE_INDIRECT_ONLY,,,,INDIRECT_IMLS_SC;NO_FABRICATED_NEAREST,INDIRECT_IMLS_SC;NO_FABRICATED_NEAREST;NOT_REJECTED;NOT_USPS_VALIDITY;NO_INVENTORY
49799,EXACT_IMLS_OUTLET_ZIP,MI0375,002,,EXACT_OUTLET;TIE_FSCSKEY_SEQ,EXACT_OUTLET;NOT_USPS_VALIDITY;NO_INVENTORY
49801,EXACT_IMLS_OUTLET_ZIP,MI0085,002,,EXACT_OUTLET;TIE_FSCSKEY_SEQ,EXACT_OUTLET;NOT_USPS_VALIDITY;NO_INVENTORY
49802,ZCTA_NEAREST_ACTIVE_OUTLET,MI0085,002,2.580,ZCTA_NN;R6371;TIE_FIRST_LEX,ZCTA_NN_HAVERSINE;NOT_ELIGIBILITY;NOT_USPS_VALIDITY;NO_INVENTORY
49805,ZCTA_NEAREST_ACTIVE_OUTLET,MI0050,002,13.523,ZCTA_NN;R6371;TIE_FIRST_LEX,ZCTA_NN_HAVERSINE;NOT_ELIGIBILITY;NOT_USPS_VALIDITY;NO_INVENTORY
49806,ZCTA_NEAREST_ACTIVE_OUTLET,MI0239,002,18.599,ZCTA_NN;R6371;TIE_FIRST_LEX,ZCTA_NN_HAVERSINE;NOT_ELIGIBILITY;NOT_USPS_VALIDITY;NO_INVENTORY
49807,ZCTA_NEAREST_ACTIVE_OUTLET,MI0101,002,19.376,ZCTA_NN;R6371;TIE_FIRST_LEX,ZCTA_NN_HAVERSINE;NOT_ELIGIBILITY;NOT_USPS_VALIDITY;NO_INVENTORY
49808,ZCTA_NEAREST_ACTIVE_OUTLET,MI0173,002,39.437,ZCTA_NN;R6371;TIE_FIRST_LEX,ZCTA_NN_HAVERSINE;NOT_ELIGIBILITY;NOT_USPS_VALIDITY;NO_INVENTORY
49812,ZCTA_NEAREST_ACTIVE_OUTLET,MI0226,003,15.230,ZCTA_NN;R6371;TIE_FIRST_LEX,ZCTA_NN_HAVERSINE;NOT_ELIGIBILITY;NOT_USPS_VALIDITY;NO_INVENTORY
49814,ZCTA_NEAREST_ACTIVE_OUTLET,MI0285,002,22.058,ZCTA_NN;R6371;TIE_FIRST_LEX,ZCTA_NN_HAVERSINE;NOT_ELIGIBILITY;NOT_USPS_VALIDITY;NO_INVENTORY
49815,ZCTA_NEAREST_ACTIVE_OUTLET,MI0085,005,19.696,ZCTA_NN;R6371;TIE_FIRST_LEX,ZCTA_NN_HAVERSINE;NOT_ELIGIBILITY;NOT_USPS_VALIDITY;NO_INVENTORY
49816,ZCTA_NEAREST_ACTIVE_OUTLET,MI0239,002,24.319,ZCTA_NN;R6371;TIE_FIRST_LEX,ZCTA_NN_HAVERSINE;NOT_ELIGIBILITY;NOT_USPS_VALIDITY;NO_INVENTORY
49817,ZCTA_NEAREST_ACTIVE_OUTLET,MI0214,002,19.991,ZCTA_NN;R6371;TIE_FIRST_LEX,ZCTA_NN_HAVERSINE;NOT_ELIGIBILITY;NOT_USPS_VALIDITY;NO_INVENTORY
49818,ZCTA_NEAREST_ACTIVE_OUTLET,MI0126,002,29.680,ZCTA_NN;R6371;TIE_FIRST_LEX,ZCTA_NN_HAVERSINE;NOT_ELIGIBILITY;NOT_USPS_VALIDITY;NO_INVENTORY
49820,EXACT_IMLS_OUTLET_ZIP,MI0022,004,,EXACT_OUTLET;TIE_FSCSKEY_SEQ,EXACT_OUTLET;NOT_USPS_VALIDITY;NO_INVENTORY
49821,ZCTA_NEAREST_ACTIVE_OUTLET,MI0226,002,11.780,ZCTA_NN;R6371;TIE_FIRST_LEX,ZCTA_NN_HAVERSINE;NOT_ELIGIBILITY;NOT_USPS_VALIDITY;NO_INVENTORY
49822,ZCTA_NEAREST_ACTIVE_OUTLET,MI0239,002,27.778,ZCTA_NN;R6371;TIE_FIRST_LEX,ZCTA_NN_HAVERSINE;NOT_ELIGIBILITY;NOT_USPS_VALIDITY;NO_INVENTORY
49825,ZCTA_NEAREST_ACTIVE_OUTLET,MI0239,002,24.646,ZCTA_NN;R6371;TIE_FIRST_LEX,ZCTA_NN_HAVERSINE;NOT_ELIGIBILITY;NOT_USPS_VALIDITY;NO_INVENTORY
49826,ZCTA_NEAREST_ACTIVE_OUTLET,MI0112,002,30.111,ZCTA_NN;R6371;TIE_FIRST_LEX,ZCTA_NN_HAVERSINE;NOT_ELIGIBILITY;NOT_USPS_VALIDITY;NO_INVENTORY
49827,EXACT_IMLS_OUTLET_ZIP,MI0022,006,,EXACT_OUTLET;TIE_FSCSKEY_SEQ,EXACT_OUTLET;NOT_USPS_VALIDITY;NO_INVENTORY
49829,EXACT_IMLS_OUTLET_ZIP,MI0101,002,,EXACT_OUTLET;TIE_FSCSKEY_SEQ,EXACT_OUTLET;NOT_USPS_VALIDITY;NO_INVENTORY
49831,EXACT_IMLS_OUTLET_ZIP,MI0085,005,,EXACT_OUTLET;TIE_FSCSKEY_SEQ,EXACT_OUTLET;NOT_USPS_VALIDITY;NO_INVENTORY
49833,ZCTA_NEAREST_ACTIVE_OUTLET,MI0112,002,12.791,ZCTA_NN;R6371;TIE_FIRST_LEX,ZCTA_NN_HAVERSINE;NOT_ELIGIBILITY;NOT_USPS_VALIDITY;NO_INVENTORY
49834,ZCTA_NEAREST_ACTIVE_OUTLET,MI0085,005,20.676,ZCTA_NN;R6371;TIE_FIRST_LEX,ZCTA_NN_HAVERSINE;NOT_ELIGIBILITY;NOT_USPS_VALIDITY;NO_INVENTORY
49835,ZCTA_NEAREST_ACTIVE_OUTLET,MI0214,002,34.871,ZCTA_NN;R6371;TIE_FIRST_LEX,ZCTA_NN_HAVERSINE;NOT_ELIGIBILITY;NOT_USPS_VALIDITY;NO_INVENTORY
49836,ZCTA_NEAREST_ACTIVE_OUTLET,MI0022,004,11.941,ZCTA_NN;R6371;TIE_FIRST_LEX,ZCTA_NN_HAVERSINE;NOT_ELIGIBILITY;NOT_USPS_VALIDITY;NO_INVENTORY
49837,EXACT_IMLS_OUTLET_ZIP,MI0126,002,,EXACT_OUTLET;TIE_FSCSKEY_SEQ,EXACT_OUTLET;NOT_USPS_VALIDITY;NO_INVENTORY
49838,ZCTA_NEAREST_ACTIVE_OUTLET,MI0022,006,16.156,ZCTA_NN;R6371;TIE_FIRST_LEX,ZCTA_NN_HAVERSINE;NOT_ELIGIBILITY;NOT_USPS_VALIDITY;NO_INVENTORY
49839,ZCTA_NEAREST_ACTIVE_OUTLET,MI0239,002,44.404,ZCTA_NN;R6371;TIE_FIRST_LEX,ZCTA_NN_HAVERSINE;NOT_ELIGIBILITY;NOT_USPS_VALIDITY;NO_INVENTORY
49840,ZCTA_NEAREST_ACTIVE_OUTLET,MI0022,004,23.843,ZCTA_NN;R6371;TIE_FIRST_LEX,ZCTA_NN_HAVERSINE;NOT_ELIGIBILITY;NOT_USPS_VALIDITY;NO_INVENTORY
49841,EXACT_IMLS_OUTLET_ZIP,MI0112,002,,EXACT_OUTLET;TIE_FSCSKEY_SEQ,EXACT_OUTLET;NOT_USPS_VALIDITY;NO_INVENTORY
49847,EXACT_IMLS_OUTLET_ZIP,MI0226,003,,EXACT_OUTLET;TIE_FSCSKEY_SEQ,EXACT_OUTLET;NOT_USPS_VALIDITY;NO_INVENTORY
49848,ZCTA_NEAREST_ACTIVE_OUTLET,MI0226,002,4.391,ZCTA_NN;R6371;TIE_FIRST_LEX,ZCTA_NN_HAVERSINE;NOT_ELIGIBILITY;NOT_USPS_VALIDITY;NO_INVENTORY
49849,EXACT_IMLS_OUTLET_ZIP,MI0173,002,,EXACT_OUTLET;TIE_FSCSKEY_SEQ,EXACT_OUTLET;NOT_USPS_VALIDITY;NO_INVENTORY
49852,ZCTA_NEAREST_ACTIVE_OUTLET,MI0085,003,6.742,ZCTA_NN;R6371;TIE_FIRST_LEX,ZCTA_NN_HAVERSINE;NOT_ELIGIBILITY;NOT_USPS_VALIDITY;NO_INVENTORY
49853,ZCTA_NEAREST_ACTIVE_OUTLET,MI0022,004,18.012,ZCTA_NN;R6371;TIE_FIRST_LEX,ZCTA_NN_HAVERSINE;NOT_ELIGIBILITY;NOT_USPS_VALIDITY;NO_INVENTORY
49854,EXACT_IMLS_OUTLET_ZIP,MI0214,002,,EXACT_OUTLET;TIE_FSCSKEY_SEQ,EXACT_OUTLET;NOT_USPS_VALIDITY;NO_INVENTORY
49855,EXACT_IMLS_OUTLET_ZIP,MI0268,002,,EXACT_OUTLET;TIE_FSCSKEY_SEQ,EXACT_OUTLET;NOT_USPS_VALIDITY;NO_INVENTORY
49858,EXACT_IMLS_OUTLET_ZIP,MI0318,002,,EXACT_OUTLET;TIE_FSCSKEY_SEQ,EXACT_OUTLET;NOT_USPS_VALIDITY;NO_INVENTORY
49861,ZCTA_NEAREST_ACTIVE_OUTLET,MI0285,002,26.496,ZCTA_NN;R6371;TIE_FIRST_LEX,ZCTA_NN_HAVERSINE;NOT_ELIGIBILITY;NOT_USPS_VALIDITY;NO_INVENTORY
49862,EXACT_IMLS_OUTLET_ZIP,MI0239,002,,EXACT_OUTLET;TIE_FSCSKEY_SEQ,EXACT_OUTLET;NOT_USPS_VALIDITY;NO_INVENTORY
49863,ZCTA_NEAREST_ACTIVE_OUTLET,MI0226,003,11.441,ZCTA_NN;R6371;TIE_FIRST_LEX,ZCTA_NN_HAVERSINE;NOT_ELIGIBILITY;NOT_USPS_VALIDITY;NO_INVENTORY
49864,ZCTA_NEAREST_ACTIVE_OUTLET,MI0126,002,28.713,ZCTA_NN;R6371;TIE_FIRST_LEX,ZCTA_NN_HAVERSINE;NOT_ELIGIBILITY;NOT_USPS_VALIDITY;NO_INVENTORY
49866,EXACT_IMLS_OUTLET_ZIP,MI0241,002,,EXACT_OUTLET;TIE_FSCSKEY_SEQ,EXACT_OUTLET;NOT_USPS_VALIDITY;NO_INVENTORY
49868,EXACT_IMLS_OUTLET_ZIP,MI0330,002,,EXACT_OUTLET;TIE_FSCSKEY_SEQ,EXACT_OUTLET;NOT_USPS_VALIDITY;NO_INVENTORY
49870,EXACT_IMLS_OUTLET_ZIP,MI0085,003,,EXACT_OUTLET;TIE_FSCSKEY_SEQ,EXACT_OUTLET;NOT_USPS_VALIDITY;NO_INVENTORY
49871,EXACT_IMLS_OUTLET_ZIP,MI0291,002,,EXACT_OUTLET;TIE_FSCSKEY_SEQ,EXACT_OUTLET;NOT_USPS_VALIDITY;NO_INVENTORY
49872,ZCTA_NEAREST_ACTIVE_OUTLET,MI0126,002,19.915,ZCTA_NN;R6371;TIE_FIRST_LEX,ZCTA_NN_HAVERSINE;NOT_ELIGIBILITY;NOT_USPS_VALIDITY;NO_INVENTORY
49873,ZCTA_NEAREST_ACTIVE_OUTLET,MI0226,003,15.901,ZCTA_NN;R6371;TIE_FIRST_LEX,ZCTA_NN_HAVERSINE;NOT_ELIGIBILITY;NOT_USPS_VALIDITY;NO_INVENTORY
49874,ZCTA_NEAREST_ACTIVE_OUTLET,MI0226,003,11.556,ZCTA_NN;R6371;TIE_FIRST_LEX,ZCTA_NN_HAVERSINE;NOT_ELIGIBILITY;NOT_USPS_VALIDITY;NO_INVENTORY
49876,ZCTA_NEAREST_ACTIVE_OUTLET,WI0394,005,2.705,ZCTA_NN;R6371;TIE_FIRST_LEX,ZCTA_NN_HAVERSINE;NOT_ELIGIBILITY;NOT_USPS_VALIDITY;NO_INVENTORY
49877,ZCTA_NEAREST_ACTIVE_OUTLET,MI0112,002,24.970,ZCTA_NN;R6371;TIE_FIRST_LEX,ZCTA_NN_HAVERSINE;NOT_ELIGIBILITY;NOT_USPS_VALIDITY;NO_INVENTORY
49878,ZCTA_NEAREST_ACTIVE_OUTLET,MI0126,002,16.193,ZCTA_NN;R6371;TIE_FIRST_LEX,ZCTA_NN_HAVERSINE;NOT_ELIGIBILITY;NOT_USPS_VALIDITY;NO_INVENTORY
49879,EXACT_IMLS_OUTLET_ZIP,MI0285,002,,EXACT_OUTLET;TIE_FSCSKEY_SEQ,EXACT_OUTLET;NOT_USPS_VALIDITY;NO_INVENTORY
49880,ZCTA_NEAREST_ACTIVE_OUTLET,MI0112,002,24.994,ZCTA_NN;R6371;TIE_FIRST_LEX,ZCTA_NN_HAVERSINE;NOT_ELIGIBILITY;NOT_USPS_VALIDITY;NO_INVENTORY
49881,ZCTA_NEAREST_ACTIVE_OUTLET,MI0085,005,8.870,ZCTA_NN;R6371;TIE_FIRST_LEX,ZCTA_NN_HAVERSINE;NOT_ELIGIBILITY;NOT_USPS_VALIDITY;NO_INVENTORY
49883,ZCTA_NEAREST_ACTIVE_OUTLET,MI0022,004,30.224,ZCTA_NN;R6371;TIE_FIRST_LEX,ZCTA_NN_HAVERSINE;NOT_ELIGIBILITY;NOT_USPS_VALIDITY;NO_INVENTORY
49884,ZCTA_NEAREST_ACTIVE_OUTLET,MI0239,002,23.437,ZCTA_NN;R6371;TIE_FIRST_LEX,ZCTA_NN_HAVERSINE;NOT_ELIGIBILITY;NOT_USPS_VALIDITY;NO_INVENTORY
49885,ZCTA_NEAREST_ACTIVE_OUTLET,MI0112,002,19.548,ZCTA_NN;R6371;TIE_FIRST_LEX,ZCTA_NN_HAVERSINE;NOT_ELIGIBILITY;NOT_USPS_VALIDITY;NO_INVENTORY
49886,ZCTA_NEAREST_ACTIVE_OUTLET,MI0226,003,8.605,ZCTA_NN;R6371;TIE_FIRST_LEX,ZCTA_NN_HAVERSINE;NOT_ELIGIBILITY;NOT_USPS_VALIDITY;NO_INVENTORY
49887,EXACT_IMLS_OUTLET_ZIP,MI0226,002,,EXACT_OUTLET;TIE_FSCSKEY_SEQ,EXACT_OUTLET;NOT_USPS_VALIDITY;NO_INVENTORY
49891,ZCTA_NEAREST_ACTIVE_OUTLET,MI0112,002,33.253,ZCTA_NN;R6371;TIE_FIRST_LEX,ZCTA_NN_HAVERSINE;NOT_ELIGIBILITY;NOT_USPS_VALIDITY;NO_INVENTORY
49892,ZCTA_NEAREST_ACTIVE_OUTLET,MI0085,003,8.706,ZCTA_NN;R6371;TIE_FIRST_LEX,ZCTA_NN_HAVERSINE;NOT_ELIGIBILITY;NOT_USPS_VALIDITY;NO_INVENTORY
49893,ZCTA_NEAREST_ACTIVE_OUTLET,MI0226,002,13.072,ZCTA_NN;R6371;TIE_FIRST_LEX,ZCTA_NN_HAVERSINE;NOT_ELIGIBILITY;NOT_USPS_VALIDITY;NO_INVENTORY
49894,ZCTA_NEAREST_ACTIVE_OUTLET,MI0101,002,4.465,ZCTA_NN;R6371;TIE_FIRST_LEX,ZCTA_NN_HAVERSINE;NOT_ELIGIBILITY;NOT_USPS_VALIDITY;NO_INVENTORY
49895,ZCTA_NEAREST_ACTIVE_OUTLET,MI0239,002,27.307,ZCTA_NN;R6371;TIE_FIRST_LEX,ZCTA_NN_HAVERSINE;NOT_ELIGIBILITY;NOT_USPS_VALIDITY;NO_INVENTORY
49896,ZCTA_NEAREST_ACTIVE_OUTLET,MI0226,003,16.832,ZCTA_NN;R6371;TIE_FIRST_LEX,ZCTA_NN_HAVERSINE;NOT_ELIGIBILITY;NOT_USPS_VALIDITY;NO_INVENTORY
49901,ZCTA_NEAREST_ACTIVE_OUTLET,MI0050,002,6.822,ZCTA_NN;R6371;TIE_FIRST_LEX,ZCTA_NN_HAVERSINE;NOT_ELIGIBILITY;NOT_USPS_VALIDITY;NO_INVENTORY
49902,ZCTA_NEAREST_ACTIVE_OUTLET,MI0077,002,6.150,ZCTA_NN;R6371;TIE_FIRST_LEX,ZCTA_NN_HAVERSINE;NOT_ELIGIBILITY;NOT_USPS_VALIDITY;NO_INVENTORY
49903,EXACT_IMLS_OUTLET_ZIP,MI9011,002,,EXACT_OUTLET;TIE_FSCSKEY_SEQ,EXACT_OUTLET;NOT_USPS_VALIDITY;NO_INVENTORY
49905,ZCTA_NEAREST_ACTIVE_OUTLET,MI0276,004,10.044,ZCTA_NN;R6371;TIE_FIRST_LEX,ZCTA_NN_HAVERSINE;NOT_ELIGIBILITY;NOT_USPS_VALIDITY;NO_INVENTORY
49908,ZCTA_NEAREST_ACTIVE_OUTLET,MI0184,002,8.549,ZCTA_NN;R6371;TIE_FIRST_LEX,ZCTA_NN_HAVERSINE;NOT_ELIGIBILITY;NOT_USPS_VALIDITY;NO_INVENTORY
49910,ZCTA_NEAREST_ACTIVE_OUTLET,MI0053,002,14.473,ZCTA_NN;R6371;TIE_FIRST_LEX,ZCTA_NN_HAVERSINE;NOT_ELIGIBILITY;NOT_USPS_VALIDITY;NO_INVENTORY
49911,EXACT_IMLS_OUTLET_ZIP,MI0032,002,,EXACT_OUTLET;TIE_FSCSKEY_SEQ,EXACT_OUTLET;NOT_USPS_VALIDITY;NO_INVENTORY
49912,ZCTA_NEAREST_ACTIVE_OUTLET,MI0224,002,7.990,ZCTA_NN;R6371;TIE_FIRST_LEX,ZCTA_NN_HAVERSINE;NOT_ELIGIBILITY;NOT_USPS_VALIDITY;NO_INVENTORY
49913,EXACT_IMLS_OUTLET_ZIP,MI0050,002,,EXACT_OUTLET;TIE_FSCSKEY_SEQ,EXACT_OUTLET;NOT_USPS_VALIDITY;NO_INVENTORY
49915,ZCTA_NEAREST_ACTIVE_OUTLET,MI0364,002,3.142,ZCTA_NN;R6371;TIE_FIRST_LEX,ZCTA_NN_HAVERSINE;NOT_ELIGIBILITY;NOT_USPS_VALIDITY;NO_INVENTORY
49916,ZCTA_NEAREST_ACTIVE_OUTLET,MI0276,002,15.491,ZCTA_NN;R6371;TIE_FIRST_LEX,ZCTA_NN_HAVERSINE;NOT_ELIGIBILITY;NOT_USPS_VALIDITY;NO_INVENTORY
49917,ZCTA_NEAREST_ACTIVE_OUTLET,MI0050,002,7.981,ZCTA_NN;R6371;TIE_FIRST_LEX,ZCTA_NN_HAVERSINE;NOT_ELIGIBILITY;NOT_USPS_VALIDITY;NO_INVENTORY
49918,ZCTA_NEAREST_ACTIVE_OUTLET,MI0187,002,51.418,ZCTA_NN;R6371;TIE_FIRST_LEX,ZCTA_NN_HAVERSINE;NOT_ELIGIBILITY;NOT_USPS_VALIDITY;NO_INVENTORY
49919,ZCTA_NEAREST_ACTIVE_OUTLET,MI0184,002,27.024,ZCTA_NN;R6371;TIE_FIRST_LEX,ZCTA_NN_HAVERSINE;NOT_ELIGIBILITY;NOT_USPS_VALIDITY;NO_INVENTORY
49920,EXACT_IMLS_OUTLET_ZIP,MI0077,002,,EXACT_OUTLET;TIE_FSCSKEY_SEQ,EXACT_OUTLET;NOT_USPS_VALIDITY;NO_INVENTORY
49921,ZCTA_NEAREST_ACTIVE_OUTLET,MI0276,002,3.881,ZCTA_NN;R6371;TIE_FIRST_LEX,ZCTA_NN_HAVERSINE;NOT_ELIGIBILITY;NOT_USPS_VALIDITY;NO_INVENTORY
49922,EXACT_IMLS_OUTLET_ZIP,MI0256,002,,EXACT_OUTLET;TIE_FSCSKEY_SEQ,EXACT_OUTLET;NOT_USPS_VALIDITY;NO_INVENTORY
49925,EXACT_IMLS_OUTLET_ZIP,MI0224,002,,EXACT_OUTLET;TIE_FSCSKEY_SEQ,EXACT_OUTLET;NOT_USPS_VALIDITY;NO_INVENTORY
49927,ZCTA_NEAREST_ACTIVE_OUTLET,MI0364,002,9.649,ZCTA_NN;R6371;TIE_FIRST_LEX,ZCTA_NN_HAVERSINE;NOT_ELIGIBILITY;NOT_USPS_VALIDITY;NO_INVENTORY
49929,ZCTA_NEAREST_ACTIVE_OUTLET,MI0254,004,9.688,ZCTA_NN;R6371;TIE_FIRST_LEX,ZCTA_NN_HAVERSINE;NOT_ELIGIBILITY;NOT_USPS_VALIDITY;NO_INVENTORY
49930,EXACT_IMLS_OUTLET_ZIP,MI0276,004,,EXACT_OUTLET;TIE_FSCSKEY_SEQ,EXACT_OUTLET;NOT_USPS_VALIDITY;NO_INVENTORY
49931,EXACT_IMLS_OUTLET_ZIP,MI0276,002,,EXACT_OUTLET;TIE_FSCSKEY_SEQ,EXACT_OUTLET;NOT_USPS_VALIDITY;NO_INVENTORY
49934,ZCTA_NEAREST_ACTIVE_OUTLET,MI0187,002,3.888,ZCTA_NN;R6371;TIE_FIRST_LEX,ZCTA_NN_HAVERSINE;NOT_ELIGIBILITY;NOT_USPS_VALIDITY;NO_INVENTORY
49935,EXACT_IMLS_OUTLET_ZIP,MI0364,002,,EXACT_OUTLET;TIE_FSCSKEY_SEQ,EXACT_OUTLET;NOT_USPS_VALIDITY;NO_INVENTORY
49938,EXACT_IMLS_OUTLET_ZIP,MI0172,002,,EXACT_OUTLET;TIE_FSCSKEY_SEQ,EXACT_OUTLET;NOT_USPS_VALIDITY;NO_INVENTORY
49942,ZCTA_NEAREST_ACTIVE_OUTLET,MI0050,002,3.115,ZCTA_NN;R6371;TIE_FIRST_LEX,ZCTA_NN_HAVERSINE;NOT_ELIGIBILITY;NOT_USPS_VALIDITY;NO_INVENTORY
49945,EXACT_IMLS_OUTLET_ZIP,MI0187,002,,EXACT_OUTLET;TIE_FSCSKEY_SEQ,EXACT_OUTLET;NOT_USPS_VALIDITY;NO_INVENTORY
49946,EXACT_IMLS_OUTLET_ZIP,MI0184,002,,EXACT_OUTLET;TIE_FSCSKEY_SEQ,EXACT_OUTLET;NOT_USPS_VALIDITY;NO_INVENTORY
49947,EXACT_IMLS_OUTLET_ZIP,MI9023,002,,EXACT_OUTLET;TIE_FSCSKEY_SEQ,EXACT_OUTLET;NOT_USPS_VALIDITY;NO_INVENTORY
49948,ZCTA_NEAREST_ACTIVE_OUTLET,MI0254,004,13.967,ZCTA_NN;R6371;TIE_FIRST_LEX,ZCTA_NN_HAVERSINE;NOT_ELIGIBILITY;NOT_USPS_VALIDITY;NO_INVENTORY
49950,ZCTA_NEAREST_ACTIVE_OUTLET,MI0050,002,28.551,ZCTA_NN;R6371;TIE_FIRST_LEX,ZCTA_NN_HAVERSINE;NOT_ELIGIBILITY;NOT_USPS_VALIDITY;NO_INVENTORY
49952,ZCTA_NEAREST_ACTIVE_OUTLET,MI0184,002,26.203,ZCTA_NN;R6371;TIE_FIRST_LEX,ZCTA_NN_HAVERSINE;NOT_ELIGIBILITY;NOT_USPS_VALIDITY;NO_INVENTORY
49953,EXACT_IMLS_OUTLET_ZIP,MI0254,002,,EXACT_OUTLET;TIE_FSCSKEY_SEQ,EXACT_OUTLET;NOT_USPS_VALIDITY;NO_INVENTORY
49955,ZCTA_NEAREST_ACTIVE_OUTLET,MI0276,002,16.126,ZCTA_NN;R6371;TIE_FIRST_LEX,ZCTA_NN_HAVERSINE;NOT_ELIGIBILITY;NOT_USPS_VALIDITY;NO_INVENTORY
49958,ZCTA_NEAREST_ACTIVE_OUTLET,MI0184,002,17.370,ZCTA_NN;R6371;TIE_FIRST_LEX,ZCTA_NN_HAVERSINE;NOT_ELIGIBILITY;NOT_USPS_VALIDITY;NO_INVENTORY
49959,ZCTA_NEAREST_ACTIVE_OUTLET,MI0032,002,4.115,ZCTA_NN;R6371;TIE_FIRST_LEX,ZCTA_NN_HAVERSINE;NOT_ELIGIBILITY;NOT_USPS_VALIDITY;NO_INVENTORY
49960,EXACT_IMLS_OUTLET_ZIP,MI0254,004,,EXACT_OUTLET;TIE_FSCSKEY_SEQ,EXACT_OUTLET;NOT_USPS_VALIDITY;NO_INVENTORY
49961,ZCTA_NEAREST_ACTIVE_OUTLET,MI9011,002,31.048,ZCTA_NN;R6371;TIE_FIRST_LEX,ZCTA_NN_HAVERSINE;NOT_ELIGIBILITY;NOT_USPS_VALIDITY;NO_INVENTORY
49962,ZCTA_NEAREST_ACTIVE_OUTLET,MI0184,002,25.996,ZCTA_NN;R6371;TIE_FIRST_LEX,ZCTA_NN_HAVERSINE;NOT_ELIGIBILITY;NOT_USPS_VALIDITY;NO_INVENTORY
49963,ZCTA_NEAREST_ACTIVE_OUTLET,MI0276,002,9.856,ZCTA_NN;R6371;TIE_FIRST_LEX,ZCTA_NN_HAVERSINE;NOT_ELIGIBILITY;NOT_USPS_VALIDITY;NO_INVENTORY
49965,ZCTA_NEAREST_ACTIVE_OUTLET,MI0276,002,28.906,ZCTA_NN;R6371;TIE_FIRST_LEX,ZCTA_NN_HAVERSINE;NOT_ELIGIBILITY;NOT_USPS_VALIDITY;NO_INVENTORY
49967,ZCTA_NEAREST_ACTIVE_OUTLET,MI0224,002,24.362,ZCTA_NN;R6371;TIE_FIRST_LEX,ZCTA_NN_HAVERSINE;NOT_ELIGIBILITY;NOT_USPS_VALIDITY;NO_INVENTORY
49968,EXACT_IMLS_OUTLET_ZIP,MI0350,002,,EXACT_OUTLET;TIE_FSCSKEY_SEQ,EXACT_OUTLET;NOT_USPS_VALIDITY;NO_INVENTORY
49969,ZCTA_NEAREST_ACTIVE_OUTLET,WI0166,002,9.978,ZCTA_NN;R6371;TIE_FIRST_LEX,ZCTA_NN_HAVERSINE;NOT_ELIGIBILITY;NOT_USPS_VALIDITY;NO_INVENTORY
49970,ZCTA_NEAREST_ACTIVE_OUTLET,MI0184,002,28.470,ZCTA_NN;R6371;TIE_FIRST_LEX,ZCTA_NN_HAVERSINE;NOT_ELIGIBILITY;NOT_USPS_VALIDITY;NO_INVENTORY
49971,EXACT_IMLS_OUTLET_ZIP,MI0053,002,,EXACT_OUTLET;TIE_FSCSKEY_SEQ,EXACT_OUTLET;NOT_USPS_VALIDITY;NO_INVENTORY
50001,ZCTA_NEAREST_ACTIVE_OUTLET,IA0379,002,7.335,ZCTA_NN;R6371;TIE_FIRST_LEX,ZCTA_NN_HAVERSINE;NOT_ELIGIBILITY;NOT_USPS_VALIDITY;NO_INVENTORY
50002,EXACT_IMLS_OUTLET_ZIP,IA0305,002,,EXACT_OUTLET;TIE_FSCSKEY_SEQ,EXACT_OUTLET;NOT_USPS_VALIDITY;NO_INVENTORY
50003,EXACT_IMLS_OUTLET_ZIP,IA0044,002,,EXACT_OUTLET;TIE_FSCSKEY_SEQ,EXACT_OUTLET;NOT_USPS_VALIDITY;NO_INVENTORY
50005,EXACT_IMLS_OUTLET_ZIP,IA0200,002,,EXACT_OUTLET;TIE_FSCSKEY_SEQ,EXACT_OUTLET;NOT_USPS_VALIDITY;NO_INVENTORY
50006,EXACT_IMLS_OUTLET_ZIP,IA0099,002,,EXACT_OUTLET;TIE_FSCSKEY_SEQ,EXACT_OUTLET;NOT_USPS_VALIDITY;NO_INVENTORY
50007,ZCTA_NEAREST_ACTIVE_OUTLET,IA0150,002,10.048,ZCTA_NN;R6371;TIE_FIRST_LEX,ZCTA_NN_HAVERSINE;NOT_ELIGIBILITY;NOT_USPS_VALIDITY;NO_INVENTORY
50008,EXACT_IMLS_OUTLET_ZIP,IA0005,002,,EXACT_OUTLET;TIE_FSCSKEY_SEQ,EXACT_OUTLET;NOT_USPS_VALIDITY;NO_INVENTORY
50009,EXACT_IMLS_OUTLET_ZIP,IA0154,002,,EXACT_OUTLET;TIE_FSCSKEY_SEQ,EXACT_OUTLET;NOT_USPS_VALIDITY;NO_INVENTORY
50010,EXACT_IMLS_OUTLET_ZIP,IA0041,002,,EXACT_OUTLET;TIE_FSCSKEY_SEQ,EXACT_OUTLET;NOT_USPS_VALIDITY;NO_INVENTORY
50011,OBSERVED_REFERENCE_INDIRECT_ONLY,,,,INDIRECT_IMLS_SC;NO_FABRICATED_NEAREST,INDIRECT_IMLS_SC;NO_FABRICATED_NEAREST;NOT_REJECTED;NOT_USPS_VALIDITY;NO_INVENTORY
50012,ZCTA_NEAREST_ACTIVE_OUTLET,IA0041,002,3.186,ZCTA_NN;R6371;TIE_FIRST_LEX,ZCTA_NN_HAVERSINE;NOT_ELIGIBILITY;NOT_USPS_VALIDITY;NO_INVENTORY
50013,ZCTA_NEAREST_ACTIVE_OUTLET,IA0041,002,3.992,ZCTA_NN;R6371;TIE_FIRST_LEX,ZCTA_NN_HAVERSINE;NOT_ELIGIBILITY;NOT_USPS_VALIDITY;NO_INVENTORY
50014,ZCTA_NEAREST_ACTIVE_OUTLET,IA0041,002,7.041,ZCTA_NN;R6371;TIE_FIRST_LEX,ZCTA_NN_HAVERSINE;NOT_ELIGIBILITY;NOT_USPS_VALIDITY;NO_INVENTORY
50020,EXACT_IMLS_OUTLET_ZIP,IA0447,002,,EXACT_OUTLET;TIE_FSCSKEY_SEQ,EXACT_OUTLET;NOT_USPS_VALIDITY;NO_INVENTORY
50021,ZCTA_NEAREST_ACTIVE_OUTLET,IA0150,002,4.415,ZCTA_NN;R6371;TIE_FIRST_LEX,ZCTA_NN_HAVERSINE;NOT_ELIGIBILITY;NOT_USPS_VALIDITY;NO_INVENTORY
50022,EXACT_IMLS_OUTLET_ZIP,IA0448,002,,EXACT_OUTLET;TIE_FSCSKEY_SEQ,EXACT_OUTLET;NOT_USPS_VALIDITY;NO_INVENTORY
50023,EXACT_IMLS_OUTLET_ZIP,IA0150,002,,EXACT_OUTLET;TIE_FSCSKEY_SEQ,EXACT_OUTLET;NOT_USPS_VALIDITY;NO_INVENTORY
50025,EXACT_IMLS_OUTLET_ZIP,IA0231,002,,EXACT_OUTLET;TIE_FSCSKEY_SEQ,EXACT_OUTLET;NOT_USPS_VALIDITY;NO_INVENTORY
50026,EXACT_IMLS_OUTLET_ZIP,IA0127,002,,EXACT_OUTLET;TIE_FSCSKEY_SEQ,EXACT_OUTLET;NOT_USPS_VALIDITY;NO_INVENTORY
50027,ZCTA_NEAREST_ACTIVE_OUTLET,IA0062,002,12.291,ZCTA_NN;R6371;TIE_FIRST_LEX,ZCTA_NN_HAVERSINE;NOT_ELIGIBILITY;NOT_USPS_VALIDITY;NO_INVENTORY
50028,EXACT_IMLS_OUTLET_ZIP,IA0570,001,,EXACT_OUTLET;TIE_FSCSKEY_SEQ,EXACT_OUTLET;NOT_USPS_VALIDITY;NO_INVENTORY
50029,EXACT_IMLS_OUTLET_ZIP,IA0316,002,,EXACT_OUTLET;TIE_FSCSKEY_SEQ,EXACT_OUTLET;NOT_USPS_VALIDITY;NO_INVENTORY
50031,ZCTA_NEAREST_ACTIVE_OUTLET,IA0311,002,8.220,ZCTA_NN;R6371;TIE_FIRST_LEX,ZCTA_NN_HAVERSINE;NOT_ELIGIBILITY;NOT_USPS_VALIDITY;NO_INVENTORY
50032,ZCTA_NEAREST_ACTIVE_OUTLET,IA0027,005,3.291,ZCTA_NN;R6371;TIE_FIRST_LEX,ZCTA_NN_HAVERSINE;NOT_ELIGIBILITY;NOT_USPS_VALIDITY;NO_INVENTORY
50033,ZCTA_NEAREST_ACTIVE_OUTLET,IA0578,001,8.161,ZCTA_NN;R6371;TIE_FIRST_LEX,ZCTA_NN_HAVERSINE;NOT_ELIGIBILITY;NOT_USPS_VALIDITY;NO_INVENTORY
50034,ZCTA_NEAREST_ACTIVE_OUTLET,IA0092,002,10.439,ZCTA_NN;R6371;TIE_FIRST_LEX,ZCTA_NN_HAVERSINE;NOT_ELIGIBILITY;NOT_USPS_VALIDITY;NO_INVENTORY
50035,EXACT_IMLS_OUTLET_ZIP,IA0456,002,,EXACT_OUTLET;TIE_FSCSKEY_SEQ,EXACT_OUTLET;NOT_USPS_VALIDITY;NO_INVENTORY
50036,EXACT_IMLS_OUTLET_ZIP,IA0193,002,,EXACT_OUTLET;TIE_FSCSKEY_SEQ,EXACT_OUTLET;NOT_USPS_VALIDITY;NO_INVENTORY
50038,ZCTA_NEAREST_ACTIVE_OUTLET,IA0035,002,4.378,ZCTA_NN;R6371;TIE_FIRST_LEX,ZCTA_NN_HAVERSINE;NOT_ELIGIBILITY;NOT_USPS_VALIDITY;NO_INVENTORY
50039,ZCTA_NEAREST_ACTIVE_OUTLET,IA0033,003,7.612,ZCTA_NN;R6371;TIE_FIRST_LEX,ZCTA_NN_HAVERSINE;NOT_ELIGIBILITY;NOT_USPS_VALIDITY;NO_INVENTORY
50040,ZCTA_NEAREST_ACTIVE_OUTLET,IA0261,002,10.138,ZCTA_NN;R6371;TIE_FIRST_LEX,ZCTA_NN_HAVERSINE;NOT_ELIGIBILITY;NOT_USPS_VALIDITY;NO_INVENTORY
50041,ZCTA_NEAREST_ACTIVE_OUTLET,IA0085,002,12.348,ZCTA_NN;R6371;TIE_FIRST_LEX,ZCTA_NN_HAVERSINE;NOT_ELIGIBILITY;NOT_USPS_VALIDITY;NO_INVENTORY
50042,ZCTA_NEAREST_ACTIVE_OUTLET,IA0234,002,6.806,ZCTA_NN;R6371;TIE_FIRST_LEX,ZCTA_NN_HAVERSINE;NOT_ELIGIBILITY;NOT_USPS_VALIDITY;NO_INVENTORY
50044,EXACT_IMLS_OUTLET_ZIP,IA0210,002,,EXACT_OUTLET;TIE_FSCSKEY_SEQ,EXACT_OUTLET;NOT_USPS_VALIDITY;NO_INVENTORY
50046,EXACT_IMLS_OUTLET_ZIP,IA0042,002,,EXACT_OUTLET;TIE_FSCSKEY_SEQ,EXACT_OUTLET;NOT_USPS_VALIDITY;NO_INVENTORY
50047,EXACT_IMLS_OUTLET_ZIP,IA0381,002,,EXACT_OUTLET;TIE_FSCSKEY_SEQ,EXACT_OUTLET;NOT_USPS_VALIDITY;NO_INVENTORY
50048,EXACT_IMLS_OUTLET_ZIP,IA0306,002,,EXACT_OUTLET;TIE_FSCSKEY_SEQ,EXACT_OUTLET;NOT_USPS_VALIDITY;NO_INVENTORY
50049,EXACT_IMLS_OUTLET_ZIP,IA0008,002,,EXACT_OUTLET;TIE_FSCSKEY_SEQ,EXACT_OUTLET;NOT_USPS_VALIDITY;NO_INVENTORY
50050,EXACT_IMLS_OUTLET_ZIP,IA0310,002,,EXACT_OUTLET;TIE_FSCSKEY_SEQ,EXACT_OUTLET;NOT_USPS_VALIDITY;NO_INVENTORY
50051,ZCTA_NEAREST_ACTIVE_OUTLET,IA0200,002,12.693,ZCTA_NN;R6371;TIE_FIRST_LEX,ZCTA_NN_HAVERSINE;NOT_ELIGIBILITY;NOT_USPS_VALIDITY;NO_INVENTORY
50052,ZCTA_NEAREST_ACTIVE_OUTLET,IA0005,002,9.343,ZCTA_NN;R6371;TIE_FIRST_LEX,ZCTA_NN_HAVERSINE;NOT_ELIGIBILITY;NOT_USPS_VALIDITY;NO_INVENTORY
50054,EXACT_IMLS_OUTLET_ZIP,IA0501,002,,EXACT_OUTLET;TIE_FSCSKEY_SEQ,EXACT_OUTLET;NOT_USPS_VALIDITY;NO_INVENTORY
50055,EXACT_IMLS_OUTLET_ZIP,IA0043,002,,EXACT_OUTLET;TIE_FSCSKEY_SEQ,EXACT_OUTLET;NOT_USPS_VALIDITY;NO_INVENTORY
50056,EXACT_IMLS_OUTLET_ZIP,IA0045,002,,EXACT_OUTLET;TIE_FSCSKEY_SEQ,EXACT_OUTLET;NOT_USPS_VALIDITY;NO_INVENTORY
50057,ZCTA_NEAREST_ACTIVE_OUTLET,IA0561,001,10.228,ZCTA_NN;R6371;TIE_FIRST_LEX,ZCTA_NN_HAVERSINE;NOT_ELIGIBILITY;NOT_USPS_VALIDITY;NO_INVENTORY
50058,EXACT_IMLS_OUTLET_ZIP,IA0186,002,,EXACT_OUTLET;TIE_FSCSKEY_SEQ,EXACT_OUTLET;NOT_USPS_VALIDITY;NO_INVENTORY
50060,EXACT_IMLS_OUTLET_ZIP,IA0009,002,,EXACT_OUTLET;TIE_FSCSKEY_SEQ,EXACT_OUTLET;NOT_USPS_VALIDITY;NO_INVENTORY
50061,ZCTA_NEAREST_ACTIVE_OUTLET,IA0380,002,10.128,ZCTA_NN;R6371;TIE_FIRST_LEX,ZCTA_NN_HAVERSINE;NOT_ELIGIBILITY;NOT_USPS_VALIDITY;NO_INVENTORY
50062,ZCTA_NEAREST_ACTIVE_OUTLET,IA0561,001,1.353,ZCTA_NN;R6371;TIE_FIRST_LEX,ZCTA_NN_HAVERSINE;NOT_ELIGIBILITY;NOT_USPS_VALIDITY;NO_INVENTORY
50063,EXACT_IMLS_OUTLET_ZIP,IA0028,002,,EXACT_OUTLET;TIE_FSCSKEY_SEQ,EXACT_OUTLET;NOT_USPS_VALIDITY;NO_INVENTORY
50064,ZCTA_NEAREST_ACTIVE_OUTLET,IA0313,002,7.337,ZCTA_NN;R6371;TIE_FIRST_LEX,ZCTA_NN_HAVERSINE;NOT_ELIGIBILITY;NOT_USPS_VALIDITY;NO_INVENTORY
50065,ZCTA_NEAREST_ACTIVE_OUTLET,IA0017,002,13.741,ZCTA_NN;R6371;TIE_FIRST_LEX,ZCTA_NN_HAVERSINE;NOT_ELIGIBILITY;NOT_USPS_VALIDITY;NO_INVENTORY
50066,ZCTA_NEAREST_ACTIVE_OUTLET,IA0318,002,8.136,ZCTA_NN;R6371;TIE_FIRST_LEX,ZCTA_NN_HAVERSINE;NOT_ELIGIBILITY;NOT_USPS_VALIDITY;NO_INVENTORY
50067,ZCTA_NEAREST_ACTIVE_OUTLET,IA0017,002,8.912,ZCTA_NN;R6371;TIE_FIRST_LEX,ZCTA_NN_HAVERSINE;NOT_ELIGIBILITY;NOT_USPS_VALIDITY;NO_INVENTORY
50068,ZCTA_NEAREST_ACTIVE_OUTLET,IA0015,002,10.233,ZCTA_NN;R6371;TIE_FIRST_LEX,ZCTA_NN_HAVERSINE;NOT_ELIGIBILITY;NOT_USPS_VALIDITY;NO_INVENTORY
50069,EXACT_IMLS_OUTLET_ZIP,IA0156,002,,EXACT_OUTLET;TIE_FSCSKEY_SEQ,EXACT_OUTLET;NOT_USPS_VALIDITY;NO_INVENTORY
50070,EXACT_IMLS_OUTLET_ZIP,IA0029,002,,EXACT_OUTLET;TIE_FSCSKEY_SEQ,EXACT_OUTLET;NOT_USPS_VALIDITY;NO_INVENTORY
50071,EXACT_IMLS_OUTLET_ZIP,IA0083,002,,EXACT_OUTLET;TIE_FSCSKEY_SEQ,EXACT_OUTLET;NOT_USPS_VALIDITY;NO_INVENTORY
50072,EXACT_IMLS_OUTLET_ZIP,IA0038,002,,EXACT_OUTLET;TIE_FSCSKEY_SEQ,EXACT_OUTLET;NOT_USPS_VALIDITY;NO_INVENTORY
50073,ZCTA_NEAREST_ACTIVE_OUTLET,IA0456,002,11.143,ZCTA_NN;R6371;TIE_FIRST_LEX,ZCTA_NN_HAVERSINE;NOT_ELIGIBILITY;NOT_USPS_VALIDITY;NO_INVENTORY
50074,ZCTA_NEAREST_ACTIVE_OUTLET,IA0021,002,21.540,ZCTA_NN;R6371;TIE_FIRST_LEX,ZCTA_NN_HAVERSINE;NOT_ELIGIBILITY;NOT_USPS_VALIDITY;NO_INVENTORY
50075,EXACT_IMLS_OUTLET_ZIP,IA0087,002,,EXACT_OUTLET;TIE_FSCSKEY_SEQ,EXACT_OUTLET;NOT_USPS_VALIDITY;NO_INVENTORY
50076,EXACT_IMLS_OUTLET_ZIP,IA0234,002,,EXACT_OUTLET;TIE_FSCSKEY_SEQ,EXACT_OUTLET;NOT_USPS_VALIDITY;NO_INVENTORY
50078,ZCTA_NEAREST_ACTIVE_OUTLET,IA0506,002,7.781,ZCTA_NN;R6371;TIE_FIRST_LEX,ZCTA_NN_HAVERSINE;NOT_ELIGIBILITY;NOT_USPS_VALIDITY;NO_INVENTORY
50101,ZCTA_NEAREST_ACTIVE_OUTLET,IA0275,002,10.564,ZCTA_NN;R6371;TIE_FIRST_LEX,ZCTA_NN_HAVERSINE;NOT_ELIGIBILITY;NOT_USPS_VALIDITY;NO_INVENTORY
50102,ZCTA_NEAREST_ACTIVE_OUTLET,IA0241,002,8.142,ZCTA_NN;R6371;TIE_FIRST_LEX,ZCTA_NN_HAVERSINE;NOT_ELIGIBILITY;NOT_USPS_VALIDITY;NO_INVENTORY
50103,EXACT_IMLS_OUTLET_ZIP,IA0013,002,,EXACT_OUTLET;TIE_FSCSKEY_SEQ,EXACT_OUTLET;NOT_USPS_VALIDITY;NO_INVENTORY
50104,ZCTA_NEAREST_ACTIVE_OUTLET,IA0297,002,10.889,ZCTA_NN;R6371;TIE_FIRST_LEX,ZCTA_NN_HAVERSINE;NOT_ELIGIBILITY;NOT_USPS_VALIDITY;NO_INVENTORY
50105,EXACT_IMLS_OUTLET_ZIP,IA0048,003,,EXACT_OUTLET;TIE_FSCSKEY_SEQ,EXACT_OUTLET;NOT_USPS_VALIDITY;NO_INVENTORY
50106,EXACT_IMLS_OUTLET_ZIP,IA0163,002,,EXACT_OUTLET;TIE_FSCSKEY_SEQ,EXACT_OUTLET;NOT_USPS_VALIDITY;NO_INVENTORY
50107,EXACT_IMLS_OUTLET_ZIP,IA0311,002,,EXACT_OUTLET;TIE_FSCSKEY_SEQ,EXACT_OUTLET;NOT_USPS_VALIDITY;NO_INVENTORY
50108,ZCTA_NEAREST_ACTIVE_OUTLET,IA0018,002,20.607,ZCTA_NN;R6371;TIE_FIRST_LEX,ZCTA_NN_HAVERSINE;NOT_ELIGIBILITY;NOT_USPS_VALIDITY;NO_INVENTORY
50109,EXACT_IMLS_OUTLET_ZIP,IA0030,002,,EXACT_OUTLET;TIE_FSCSKEY_SEQ,EXACT_OUTLET;NOT_USPS_VALIDITY;NO_INVENTORY
50110,ZCTA_NEAREST_ACTIVE_OUTLET,IA0187,002,9.856,ZCTA_NN;R6371;TIE_FIRST_LEX,ZCTA_NN_HAVERSINE;NOT_ELIGIBILITY;NOT_USPS_VALIDITY;NO_INVENTORY
50111,EXACT_IMLS_OUTLET_ZIP,IA0155,002,,EXACT_OUTLET;TIE_FSCSKEY_SEQ,EXACT_OUTLET;NOT_USPS_VALIDITY;NO_INVENTORY
50112,EXACT_IMLS_OUTLET_ZIP,IA0061,002,,EXACT_OUTLET;TIE_FSCSKEY_SEQ,EXACT_OUTLET;NOT_USPS_VALIDITY;NO_INVENTORY
50115,EXACT_IMLS_OUTLET_ZIP,IA0317,002,,EXACT_OUTLET;TIE_FSCSKEY_SEQ,EXACT_OUTLET;NOT_USPS_VALIDITY;NO_INVENTORY
50116,ZCTA_NEAREST_ACTIVE_OUTLET,IA0210,002,8.569,ZCTA_NN;R6371;TIE_FIRST_LEX,ZCTA_NN_HAVERSINE;NOT_ELIGIBILITY;NOT_USPS_VALIDITY;NO_INVENTORY
50117,ZCTA_NEAREST_ACTIVE_OUTLET,IA0234,002,12.213,ZCTA_NN;R6371;TIE_FIRST_LEX,ZCTA_NN_HAVERSINE;NOT_ELIGIBILITY;NOT_USPS_VALIDITY;NO_INVENTORY
50118,ZCTA_NEAREST_ACTIVE_OUTLET,IA0580,001,7.041,ZCTA_NN;R6371;TIE_FIRST_LEX,ZCTA_NN_HAVERSINE;NOT_ELIGIBILITY;NOT_USPS_VALIDITY;NO_INVENTORY
50119,ZCTA_NEAREST_ACTIVE_OUTLET,IA0167,002,10.347,ZCTA_NN;R6371;TIE_FIRST_LEX,ZCTA_NN_HAVERSINE;NOT_ELIGIBILITY;NOT_USPS_VALIDITY;NO_INVENTORY
50120,ZCTA_NEAREST_ACTIVE_OUTLET,IA0506,002,7.439,ZCTA_NN;R6371;TIE_FIRST_LEX,ZCTA_NN_HAVERSINE;NOT_ELIGIBILITY;NOT_USPS_VALIDITY;NO_INVENTORY
50122,EXACT_IMLS_OUTLET_ZIP,IA0101,002,,EXACT_OUTLET;TIE_FSCSKEY_SEQ,EXACT_OUTLET;NOT_USPS_VALIDITY;NO_INVENTORY
50123,EXACT_IMLS_OUTLET_ZIP,IA0015,002,,EXACT_OUTLET;TIE_FSCSKEY_SEQ,EXACT_OUTLET;NOT_USPS_VALIDITY;NO_INVENTORY
50124,EXACT_IMLS_OUTLET_ZIP,IA0157,002,,EXACT_OUTLET;TIE_FSCSKEY_SEQ,EXACT_OUTLET;NOT_USPS_VALIDITY;NO_INVENTORY
50125,EXACT_IMLS_OUTLET_ZIP,IA0378,002,,EXACT_OUTLET;TIE_FSCSKEY_SEQ,EXACT_OUTLET;NOT_USPS_VALIDITY;NO_INVENTORY
50126,EXACT_IMLS_OUTLET_ZIP,IA0240,002,,EXACT_OUTLET;TIE_FSCSKEY_SEQ,EXACT_OUTLET;NOT_USPS_VALIDITY;NO_INVENTORY
50127,ZCTA_NEAREST_ACTIVE_OUTLET,IA0581,001,6.177,ZCTA_NN;R6371;TIE_FIRST_LEX,ZCTA_NN_HAVERSINE;NOT_ELIGIBILITY;NOT_USPS_VALIDITY;NO_INVENTORY
50128,EXACT_IMLS_OUTLET_ZIP,IA0318,002,,EXACT_OUTLET;TIE_FSCSKEY_SEQ,EXACT_OUTLET;NOT_USPS_VALIDITY;NO_INVENTORY
50129,EXACT_IMLS_OUTLET_ZIP,IA0304,002,,EXACT_OUTLET;TIE_FSCSKEY_SEQ,EXACT_OUTLET;NOT_USPS_VALIDITY;NO_INVENTORY
50130,EXACT_IMLS_OUTLET_ZIP,IA0088,002,,EXACT_OUTLET;TIE_FSCSKEY_SEQ,EXACT_OUTLET;NOT_USPS_VALIDITY;NO_INVENTORY
50131,EXACT_IMLS_OUTLET_ZIP,IA0547,002,,EXACT_OUTLET;TIE_FSCSKEY_SEQ,EXACT_OUTLET;NOT_USPS_VALIDITY;NO_INVENTORY
50132,ZCTA_NEAREST_ACTIVE_OUTLET,IA0088,002,10.126,ZCTA_NN;R6371;TIE_FIRST_LEX,ZCTA_NN_HAVERSINE;NOT_ELIGIBILITY;NOT_USPS_VALIDITY;NO_INVENTORY
50133,ZCTA_NEAREST_ACTIVE_OUTLET,IA0021,002,13.209,ZCTA_NN;R6371;TIE_FIRST_LEX,ZCTA_NN_HAVERSINE;NOT_ELIGIBILITY;NOT_USPS_VALIDITY;NO_INVENTORY
50134,ZCTA_NEAREST_ACTIVE_OUTLET,IA0051,002,6.294,ZCTA_NN;R6371;TIE_FIRST_LEX,ZCTA_NN_HAVERSINE;NOT_ELIGIBILITY;NOT_USPS_VALIDITY;NO_INVENTORY
50135,ZCTA_NEAREST_ACTIVE_OUTLET,IA0165,002,14.002,ZCTA_NN;R6371;TIE_FIRST_LEX,ZCTA_NN_HAVERSINE;NOT_ELIGIBILITY;NOT_USPS_VALIDITY;NO_INVENTORY
50136,ZCTA_NEAREST_ACTIVE_OUTLET,IA0297,002,9.293,ZCTA_NN;R6371;TIE_FIRST_LEX,ZCTA_NN_HAVERSINE;NOT_ELIGIBILITY;NOT_USPS_VALIDITY;NO_INVENTORY
50137,ZCTA_NEAREST_ACTIVE_OUTLET,IA0551,002,7.073,ZCTA_NN;R6371;TIE_FIRST_LEX,ZCTA_NN_HAVERSINE;NOT_ELIGIBILITY;NOT_USPS_VALIDITY;NO_INVENTORY
50138,EXACT_IMLS_OUTLET_ZIP,IA0166,002,,EXACT_OUTLET;TIE_FSCSKEY_SEQ,EXACT_OUTLET;NOT_USPS_VALIDITY;NO_INVENTORY
50139,EXACT_IMLS_OUTLET_ZIP,IA0524,002,,EXACT_OUTLET;TIE_FSCSKEY_SEQ,EXACT_OUTLET;NOT_USPS_VALIDITY;NO_INVENTORY
50140,EXACT_IMLS_OUTLET_ZIP,IA0017,002,,EXACT_OUTLET;TIE_FSCSKEY_SEQ,EXACT_OUTLET;NOT_USPS_VALIDITY;NO_INVENTORY
50141,EXACT_IMLS_OUTLET_ZIP,IA0506,002,,EXACT_OUTLET;TIE_FSCSKEY_SEQ,EXACT_OUTLET;NOT_USPS_VALIDITY;NO_INVENTORY
50142,EXACT_IMLS_OUTLET_ZIP,IA0223,002,,EXACT_OUTLET;TIE_FSCSKEY_SEQ,EXACT_OUTLET;NOT_USPS_VALIDITY;NO_INVENTORY
50143,ZCTA_NEAREST_ACTIVE_OUTLET,IA0167,002,11.649,ZCTA_NN;R6371;TIE_FIRST_LEX,ZCTA_NN_HAVERSINE;NOT_ELIGIBILITY;NOT_USPS_VALIDITY;NO_INVENTORY
50144,EXACT_IMLS_OUTLET_ZIP,IA0018,002,,EXACT_OUTLET;TIE_FSCSKEY_SEQ,EXACT_OUTLET;NOT_USPS_VALIDITY;NO_INVENTORY
50145,ZCTA_NEAREST_ACTIVE_OUTLET,IA0524,002,8.539,ZCTA_NN;R6371;TIE_FIRST_LEX,ZCTA_NN_HAVERSINE;NOT_ELIGIBILITY;NOT_USPS_VALIDITY;NO_INVENTORY
50146,EXACT_IMLS_OUTLET_ZIP,IA0031,002,,EXACT_OUTLET;TIE_FSCSKEY_SEQ,EXACT_OUTLET;NOT_USPS_VALIDITY;NO_INVENTORY
50147,ZCTA_NEAREST_ACTIVE_OUTLET,IA0005,002,18.277,ZCTA_NN;R6371;TIE_FIRST_LEX,ZCTA_NN_HAVERSINE;NOT_ELIGIBILITY;NOT_USPS_VALIDITY;NO_INVENTORY
50148,ZCTA_NEAREST_ACTIVE_OUTLET,IA0200,002,7.455,ZCTA_NN;R6371;TIE_FIRST_LEX,ZCTA_NN_HAVERSINE;NOT_ELIGIBILITY;NOT_USPS_VALIDITY;NO_INVENTORY
50149,ZCTA_NEAREST_ACTIVE_OUTLET,IA0534,002,17.083,ZCTA_NN;R6371;TIE_FIRST_LEX,ZCTA_NN_HAVERSINE;NOT_ELIGIBILITY;NOT_USPS_VALIDITY;NO_INVENTORY
50150,ZCTA_NEAREST_ACTIVE_OUTLET,IA0210,002,11.564,ZCTA_NN;R6371;TIE_FIRST_LEX,ZCTA_NN_HAVERSINE;NOT_ELIGIBILITY;NOT_USPS_VALIDITY;NO_INVENTORY
50151,ZCTA_NEAREST_ACTIVE_OUTLET,IA0524,002,15.086,ZCTA_NN;R6371;TIE_FIRST_LEX,ZCTA_NN_HAVERSINE;NOT_ELIGIBILITY;NOT_USPS_VALIDITY;NO_INVENTORY
50152,ZCTA_NEAREST_ACTIVE_OUTLET,IA0194,002,10.436,ZCTA_NN;R6371;TIE_FIRST_LEX,ZCTA_NN_HAVERSINE;NOT_ELIGIBILITY;NOT_USPS_VALIDITY;NO_INVENTORY
50153,EXACT_IMLS_OUTLET_ZIP,IA0549,002,,EXACT_OUTLET;TIE_FSCSKEY_SEQ,EXACT_OUTLET;NOT_USPS_VALIDITY;NO_INVENTORY
50154,ZCTA_NEAREST_ACTIVE_OUTLET,IA0050,002,7.900,ZCTA_NN;R6371;TIE_FIRST_LEX,ZCTA_NN_HAVERSINE;NOT_ELIGIBILITY;NOT_USPS_VALIDITY;NO_INVENTORY
50155,ZCTA_NEAREST_ACTIVE_OUTLET,IA0562,001,18.047,ZCTA_NN;R6371;TIE_FIRST_LEX,ZCTA_NN_HAVERSINE;NOT_ELIGIBILITY;NOT_USPS_VALIDITY;NO_INVENTORY
50156,EXACT_IMLS_OUTLET_ZIP,IA0194,002,,EXACT_OUTLET;TIE_FSCSKEY_SEQ,EXACT_OUTLET;NOT_USPS_VALIDITY;NO_INVENTORY
50157,ZCTA_NEAREST_ACTIVE_OUTLET,IA0060,002,9.826,ZCTA_NN;R6371;TIE_FIRST_LEX,ZCTA_NN_HAVERSINE;NOT_ELIGIBILITY;NOT_USPS_VALIDITY;NO_INVENTORY
50158,EXACT_IMLS_OUTLET_ZIP,IA0160,002,,EXACT_OUTLET;TIE_FSCSKEY_SEQ,EXACT_OUTLET;NOT_USPS_VALIDITY;NO_INVENTORY
50160,ZCTA_NEAREST_ACTIVE_OUTLET,IA0578,001,11.158,ZCTA_NN;R6371;TIE_FIRST_LEX,ZCTA_NN_HAVERSINE;NOT_ELIGIBILITY;NOT_USPS_VALIDITY;NO_INVENTORY
50161,EXACT_IMLS_OUTLET_ZIP,IA0046,002,,EXACT_OUTLET;TIE_FSCSKEY_SEQ,EXACT_OUTLET;NOT_USPS_VALIDITY;NO_INVENTORY
50162,EXACT_IMLS_OUTLET_ZIP,IA0162,002,,EXACT_OUTLET;TIE_FSCSKEY_SEQ,EXACT_OUTLET;NOT_USPS_VALIDITY;NO_INVENTORY
50163,EXACT_IMLS_OUTLET_ZIP,IA0561,001,,EXACT_OUTLET;TIE_FSCSKEY_SEQ,EXACT_OUTLET;NOT_USPS_VALIDITY;NO_INVENTORY
50164,EXACT_IMLS_OUTLET_ZIP,IA0319,002,,EXACT_OUTLET;TIE_FSCSKEY_SEQ,EXACT_OUTLET;NOT_USPS_VALIDITY;NO_INVENTORY
50165,ZCTA_NEAREST_ACTIVE_OUTLET,IA0009,002,10.423,ZCTA_NN;R6371;TIE_FIRST_LEX,ZCTA_NN_HAVERSINE;NOT_ELIGIBILITY;NOT_USPS_VALIDITY;NO_INVENTORY
50166,EXACT_IMLS_OUTLET_ZIP,IA0379,002,,EXACT_OUTLET;TIE_FSCSKEY_SEQ,EXACT_OUTLET;NOT_USPS_VALIDITY;NO_INVENTORY
50167,EXACT_IMLS_OUTLET_ZIP,IA0032,002,,EXACT_OUTLET;TIE_FSCSKEY_SEQ,EXACT_OUTLET;NOT_USPS_VALIDITY;NO_INVENTORY
50168,EXACT_IMLS_OUTLET_ZIP,IA0581,001,,EXACT_OUTLET;TIE_FSCSKEY_SEQ,EXACT_OUTLET;NOT_USPS_VALIDITY;NO_INVENTORY
50169,EXACT_IMLS_OUTLET_ZIP,IA0151,002,,EXACT_OUTLET;TIE_FSCSKEY_SEQ,EXACT_OUTLET;NOT_USPS_VALIDITY;NO_INVENTORY
50170,EXACT_IMLS_OUTLET_ZIP,IA0533,002,,EXACT_OUTLET;TIE_FSCSKEY_SEQ,EXACT_OUTLET;NOT_USPS_VALIDITY;NO_INVENTORY
50171,EXACT_IMLS_OUTLET_ZIP,IA0062,002,,EXACT_OUTLET;TIE_FSCSKEY_SEQ,EXACT_OUTLET;NOT_USPS_VALIDITY;NO_INVENTORY
50173,ZCTA_NEAREST_ACTIVE_OUTLET,IA0223,002,7.010,ZCTA_NN;R6371;TIE_FIRST_LEX,ZCTA_NN_HAVERSINE;NOT_ELIGIBILITY;NOT_USPS_VALIDITY;NO_INVENTORY
50174,EXACT_IMLS_OUTLET_ZIP,IA0534,002,,EXACT_OUTLET;TIE_FSCSKEY_SEQ,EXACT_OUTLET;NOT_USPS_VALIDITY;NO_INVENTORY
50201,EXACT_IMLS_OUTLET_ZIP,IA0047,002,,EXACT_OUTLET;TIE_FSCSKEY_SEQ,EXACT_OUTLET;NOT_USPS_VALIDITY;NO_INVENTORY
50206,ZCTA_NEAREST_ACTIVE_OUTLET,IA0101,002,10.282,ZCTA_NN;R6371;TIE_FIRST_LEX,ZCTA_NN_HAVERSINE;NOT_ELIGIBILITY;NOT_USPS_VALIDITY;NO_INVENTORY
50207,EXACT_IMLS_OUTLET_ZIP,IA0298,002,,EXACT_OUTLET;TIE_FSCSKEY_SEQ,EXACT_OUTLET;NOT_USPS_VALIDITY;NO_INVENTORY
50208,EXACT_IMLS_OUTLET_ZIP,IA0165,002,,EXACT_OUTLET;TIE_FSCSKEY_SEQ,EXACT_OUTLET;NOT_USPS_VALIDITY;NO_INVENTORY
50210,EXACT_IMLS_OUTLET_ZIP,IA0188,002,,EXACT_OUTLET;TIE_FSCSKEY_SEQ,EXACT_OUTLET;NOT_USPS_VALIDITY;NO_INVENTORY
50211,EXACT_IMLS_OUTLET_ZIP,IA0380,002,,EXACT_OUTLET;TIE_FSCSKEY_SEQ,EXACT_OUTLET;NOT_USPS_VALIDITY;NO_INVENTORY
50212,EXACT_IMLS_OUTLET_ZIP,IA0195,002,,EXACT_OUTLET;TIE_FSCSKEY_SEQ,EXACT_OUTLET;NOT_USPS_VALIDITY;NO_INVENTORY
50213,EXACT_IMLS_OUTLET_ZIP,IA0023,002,,EXACT_OUTLET;TIE_FSCSKEY_SEQ,EXACT_OUTLET;NOT_USPS_VALIDITY;NO_INVENTORY
50214,ZCTA_NEAREST_ACTIVE_OUTLET,IA0533,002,6.879,ZCTA_NN;R6371;TIE_FIRST_LEX,ZCTA_NN_HAVERSINE;NOT_ELIGIBILITY;NOT_USPS_VALIDITY;NO_INVENTORY
50216,EXACT_IMLS_OUTLET_ZIP,IA0320,002,,EXACT_OUTLET;TIE_FSCSKEY_SEQ,EXACT_OUTLET;NOT_USPS_VALIDITY;NO_INVENTORY
50217,EXACT_IMLS_OUTLET_ZIP,IA0313,002,,EXACT_OUTLET;TIE_FSCSKEY_SEQ,EXACT_OUTLET;NOT_USPS_VALIDITY;NO_INVENTORY
50218,ZCTA_NEAREST_ACTIVE_OUTLET,IA0578,001,8.959,ZCTA_NN;R6371;TIE_FIRST_LEX,ZCTA_NN_HAVERSINE;NOT_ELIGIBILITY;NOT_USPS_VALIDITY;NO_INVENTORY
50219,EXACT_IMLS_OUTLET_ZIP,IA0167,002,,EXACT_OUTLET;TIE_FSCSKEY_SEQ,EXACT_OUTLET;NOT_USPS_VALIDITY;NO_INVENTORY
50220,EXACT_IMLS_OUTLET_ZIP,IA0033,002,,EXACT_OUTLET;TIE_FSCSKEY_SEQ,EXACT_OUTLET;NOT_USPS_VALIDITY;NO_INVENTORY
50222,ZCTA_NEAREST_ACTIVE_OUTLET,IA0039,002,9.540,ZCTA_NN;R6371;TIE_FIRST_LEX,ZCTA_NN_HAVERSINE;NOT_ELIGIBILITY;NOT_USPS_VALIDITY;NO_INVENTORY
50223,ZCTA_NEAREST_ACTIVE_OUTLET,IA0261,002,10.132,ZCTA_NN;R6371;TIE_FIRST_LEX,ZCTA_NN_HAVERSINE;NOT_ELIGIBILITY;NOT_USPS_VALIDITY;NO_INVENTORY
50225,EXACT_IMLS_OUTLET_ZIP,IA0376,002,,EXACT_OUTLET;TIE_FSCSKEY_SEQ,EXACT_OUTLET;NOT_USPS_VALIDITY;NO_INVENTORY
50226,EXACT_IMLS_OUTLET_ZIP,IA0192,002,,EXACT_OUTLET;TIE_FSCSKEY_SEQ,EXACT_OUTLET;NOT_USPS_VALIDITY;NO_INVENTORY
50227,ZCTA_NEAREST_ACTIVE_OUTLET,IA0083,002,9.219,ZCTA_NN;R6371;TIE_FIRST_LEX,ZCTA_NN_HAVERSINE;NOT_ELIGIBILITY;NOT_USPS_VALIDITY;NO_INVENTORY
50228,EXACT_IMLS_OUTLET_ZIP,IA0548,002,,EXACT_OUTLET;TIE_FSCSKEY_SEQ,EXACT_OUTLET;NOT_USPS_VALIDITY;NO_INVENTORY
50229,ZCTA_NEAREST_ACTIVE_OUTLET,IA0578,001,10.512,ZCTA_NN;R6371;TIE_FIRST_LEX,ZCTA_NN_HAVERSINE;NOT_ELIGIBILITY;NOT_USPS_VALIDITY;NO_INVENTORY
50230,EXACT_IMLS_OUTLET_ZIP,IA0241,002,,EXACT_OUTLET;TIE_FSCSKEY_SEQ,EXACT_OUTLET;NOT_USPS_VALIDITY;NO_INVENTORY
50231,ZCTA_NEAREST_ACTIVE_OUTLET,IA0048,002,5.647,ZCTA_NN;R6371;TIE_FIRST_LEX,ZCTA_NN_HAVERSINE;NOT_ELIGIBILITY;NOT_USPS_VALIDITY;NO_INVENTORY
50232,ZCTA_NEAREST_ACTIVE_OUTLET,IA0551,002,10.466,ZCTA_NN;R6371;TIE_FIRST_LEX,ZCTA_NN_HAVERSINE;NOT_ELIGIBILITY;NOT_USPS_VALIDITY;NO_INVENTORY
50233,EXACT_IMLS_OUTLET_ZIP,IA0554,002,,EXACT_OUTLET;TIE_FSCSKEY_SEQ,EXACT_OUTLET;NOT_USPS_VALIDITY;NO_INVENTORY
50234,ZCTA_NEAREST_ACTIVE_OUTLET,IA0570,001,7.335,ZCTA_NN;R6371;TIE_FIRST_LEX,ZCTA_NN_HAVERSINE;NOT_ELIGIBILITY;NOT_USPS_VALIDITY;NO_INVENTORY
50235,EXACT_IMLS_OUTLET_ZIP,IA0314,002,,EXACT_OUTLET;TIE_FSCSKEY_SEQ,EXACT_OUTLET;NOT_USPS_VALIDITY;NO_INVENTORY
50236,EXACT_IMLS_OUTLET_ZIP,IA0049,002,,EXACT_OUTLET;TIE_FSCSKEY_SEQ,EXACT_OUTLET;NOT_USPS_VALIDITY;NO_INVENTORY
50237,EXACT_IMLS_OUTLET_ZIP,IA0580,001,,EXACT_OUTLET;TIE_FSCSKEY_SEQ,EXACT_OUTLET;NOT_USPS_VALIDITY;NO_INVENTORY
50238,ZCTA_NEAREST_ACTIVE_OUTLET,IA0008,002,11.824,ZCTA_NN;R6371;TIE_FIRST_LEX,ZCTA_NN_HAVERSINE;NOT_ELIGIBILITY;NOT_USPS_VALIDITY;NO_INVENTORY
50239,ZCTA_NEAREST_ACTIVE_OUTLET,IA0050,002,8.023,ZCTA_NN;R6371;TIE_FIRST_LEX,ZCTA_NN_HAVERSINE;NOT_ELIGIBILITY;NOT_USPS_VALIDITY;NO_INVENTORY
50240,EXACT_IMLS_OUTLET_ZIP,IA0578,001,,EXACT_OUTLET;TIE_FSCSKEY_SEQ,EXACT_OUTLET;NOT_USPS_VALIDITY;NO_INVENTORY
50241,ZCTA_NEAREST_ACTIVE_OUTLET,IA0578,001,6.513,ZCTA_NN;R6371;TIE_FIRST_LEX,ZCTA_NN_HAVERSINE;NOT_ELIGIBILITY;NOT_USPS_VALIDITY;NO_INVENTORY
50242,ZCTA_NEAREST_ACTIVE_OUTLET,IA0549,002,7.655,ZCTA_NN;R6371;TIE_FIRST_LEX,ZCTA_NN_HAVERSINE;NOT_ELIGIBILITY;NOT_USPS_VALIDITY;NO_INVENTORY
50243,ZCTA_NEAREST_ACTIVE_OUTLET,IA0051,002,2.486,ZCTA_NN;R6371;TIE_FIRST_LEX,ZCTA_NN_HAVERSINE;NOT_ELIGIBILITY;NOT_USPS_VALIDITY;NO_INVENTORY
50244,EXACT_IMLS_OUTLET_ZIP,IA0051,002,,EXACT_OUTLET;TIE_FSCSKEY_SEQ,EXACT_OUTLET;NOT_USPS_VALIDITY;NO_INVENTORY
50246,EXACT_IMLS_OUTLET_ZIP,IA0089,002,,EXACT_OUTLET;TIE_FSCSKEY_SEQ,EXACT_OUTLET;NOT_USPS_VALIDITY;NO_INVENTORY
50247,EXACT_IMLS_OUTLET_ZIP,IA0161,002,,EXACT_OUTLET;TIE_FSCSKEY_SEQ,EXACT_OUTLET;NOT_USPS_VALIDITY;NO_INVENTORY
50248,EXACT_IMLS_OUTLET_ZIP,IA0048,002,,EXACT_OUTLET;TIE_FSCSKEY_SEQ,EXACT_OUTLET;NOT_USPS_VALIDITY;NO_INVENTORY
50249,EXACT_IMLS_OUTLET_ZIP,IA0090,002,,EXACT_OUTLET;TIE_FSCSKEY_SEQ,EXACT_OUTLET;NOT_USPS_VALIDITY;NO_INVENTORY
50250,EXACT_IMLS_OUTLET_ZIP,IA0309,002,,EXACT_OUTLET;TIE_FSCSKEY_SEQ,EXACT_OUTLET;NOT_USPS_VALIDITY;NO_INVENTORY
50251,EXACT_IMLS_OUTLET_ZIP,IA0551,002,,EXACT_OUTLET;TIE_FSCSKEY_SEQ,EXACT_OUTLET;NOT_USPS_VALIDITY;NO_INVENTORY
50252,ZCTA_NEAREST_ACTIVE_OUTLET,IA0376,002,7.737,ZCTA_NN;R6371;TIE_FIRST_LEX,ZCTA_NN_HAVERSINE;NOT_ELIGIBILITY;NOT_USPS_VALIDITY;NO_INVENTORY
50254,ZCTA_NEAREST_ACTIVE_OUTLET,IA0534,002,10.676,ZCTA_NN;R6371;TIE_FIRST_LEX,ZCTA_NN_HAVERSINE;NOT_ELIGIBILITY;NOT_USPS_VALIDITY;NO_INVENTORY
50255,ZCTA_NEAREST_ACTIVE_OUTLET,IA0297,002,6.498,ZCTA_NN;R6371;TIE_FIRST_LEX,ZCTA_NN_HAVERSINE;NOT_ELIGIBILITY;NOT_USPS_VALIDITY;NO_INVENTORY
50256,ZCTA_NEAREST_ACTIVE_OUTLET,IA0210,002,6.241,ZCTA_NN;R6371;TIE_FIRST_LEX,ZCTA_NN_HAVERSINE;NOT_ELIGIBILITY;NOT_USPS_VALIDITY;NO_INVENTORY
50257,EXACT_IMLS_OUTLET_ZIP,IA0039,002,,EXACT_OUTLET;TIE_FSCSKEY_SEQ,EXACT_OUTLET;NOT_USPS_VALIDITY;NO_INVENTORY
50258,EXACT_IMLS_OUTLET_ZIP,IA0243,002,,EXACT_OUTLET;TIE_FSCSKEY_SEQ,EXACT_OUTLET;NOT_USPS_VALIDITY;NO_INVENTORY
50261,EXACT_IMLS_OUTLET_ZIP,IA0035,002,,EXACT_OUTLET;TIE_FSCSKEY_SEQ,EXACT_OUTLET;NOT_USPS_VALIDITY;NO_INVENTORY
50262,ZCTA_NEAREST_ACTIVE_OUTLET,IA0018,002,14.909,ZCTA_NN;R6371;TIE_FIRST_LEX,ZCTA_NN_HAVERSINE;NOT_ELIGIBILITY;NOT_USPS_VALIDITY;NO_INVENTORY
50263,EXACT_IMLS_OUTLET_ZIP,IA0036,002,,EXACT_OUTLET;TIE_FSCSKEY_SEQ,EXACT_OUTLET;NOT_USPS_VALIDITY;NO_INVENTORY
50264,ZCTA_NEAREST_ACTIVE_OUTLET,IA0013,002,11.003,ZCTA_NN;R6371;TIE_FIRST_LEX,ZCTA_NN_HAVERSINE;NOT_ELIGIBILITY;NOT_USPS_VALIDITY;NO_INVENTORY
50265,EXACT_IMLS_OUTLET_ZIP,IA0153,002,,EXACT_OUTLET;TIE_FSCSKEY_SEQ,EXACT_OUTLET;NOT_USPS_VALIDITY;NO_INVENTORY
50266,ZCTA_NEAREST_ACTIVE_OUTLET,IA0153,002,4.232,ZCTA_NN;R6371;TIE_FIRST_LEX,ZCTA_NN_HAVERSINE;NOT_ELIGIBILITY;NOT_USPS_VALIDITY;NO_INVENTORY
50268,EXACT_IMLS_OUTLET_ZIP,IA0297,002,,EXACT_OUTLET;TIE_FSCSKEY_SEQ,EXACT_OUTLET;NOT_USPS_VALIDITY;NO_INVENTORY
50269,ZCTA_NEAREST_ACTIVE_OUTLET,IA0243,002,4.968,ZCTA_NN;R6371;TIE_FIRST_LEX,ZCTA_NN_HAVERSINE;NOT_ELIGIBILITY;NOT_USPS_VALIDITY;NO_INVENTORY
50271,EXACT_IMLS_OUTLET_ZIP,IA0092,002,,EXACT_OUTLET;TIE_FSCSKEY_SEQ,EXACT_OUTLET;NOT_USPS_VALIDITY;NO_INVENTORY
50272,ZCTA_NEAREST_ACTIVE_OUTLET,IA0008,002,9.039,ZCTA_NN;R6371;TIE_FIRST_LEX,ZCTA_NN_HAVERSINE;NOT_ELIGIBILITY;NOT_USPS_VALIDITY;NO_INVENTORY
50273,EXACT_IMLS_OUTLET_ZIP,IA0040,002,,EXACT_OUTLET;TIE_FSCSKEY_SEQ,EXACT_OUTLET;NOT_USPS_VALIDITY;NO_INVENTORY
50274,ZCTA_NEAREST_ACTIVE_OUTLET,IA0447,002,10.380,ZCTA_NN;R6371;TIE_FIRST_LEX,ZCTA_NN_HAVERSINE;NOT_ELIGIBILITY;NOT_USPS_VALIDITY;NO_INVENTORY
50275,ZCTA_NEAREST_ACTIVE_OUTLET,IA0023,002,15.080,ZCTA_NN;R6371;TIE_FIRST_LEX,ZCTA_NN_HAVERSINE;NOT_ELIGIBILITY;NOT_USPS_VALIDITY;NO_INVENTORY
50276,EXACT_IMLS_OUTLET_ZIP,IA0037,002,,EXACT_OUTLET;TIE_FSCSKEY_SEQ,EXACT_OUTLET;NOT_USPS_VALIDITY;NO_INVENTORY
50277,ZCTA_NEAREST_ACTIVE_OUTLET,IA0318,002,7.900,ZCTA_NN;R6371;TIE_FIRST_LEX,ZCTA_NN_HAVERSINE;NOT_ELIGIBILITY;NOT_USPS_VALIDITY;NO_INVENTORY
50278,EXACT_IMLS_OUTLET_ZIP,IA0050,002,,EXACT_OUTLET;TIE_FSCSKEY_SEQ,EXACT_OUTLET;NOT_USPS_VALIDITY;NO_INVENTORY
50301,OBSERVED_REFERENCE_INDIRECT_ONLY,,,,INDIRECT_IMLS_SC;NO_FABRICATED_NEAREST,INDIRECT_IMLS_SC;NO_FABRICATED_NEAREST;NOT_REJECTED;NOT_USPS_VALIDITY;NO_INVENTORY
50303,OBSERVED_REFERENCE_INDIRECT_ONLY,,,,INDIRECT_IMLS_SC;NO_FABRICATED_NEAREST,INDIRECT_IMLS_SC;NO_FABRICATED_NEAREST;NOT_REJECTED;NOT_USPS_VALIDITY;NO_INVENTORY
50305,OBSERVED_REFERENCE_INDIRECT_ONLY,,,,INDIRECT_IMLS_SC;NO_FABRICATED_NEAREST,INDIRECT_IMLS_SC;NO_FABRICATED_NEAREST;NOT_REJECTED;NOT_USPS_VALIDITY;NO_INVENTORY
50309,EXACT_IMLS_OUTLET_ZIP,IA0027,002,,EXACT_OUTLET;TIE_FSCSKEY_SEQ,EXACT_OUTLET;NOT_USPS_VALIDITY;NO_INVENTORY
50310,EXACT_IMLS_OUTLET_ZIP,IA0027,006,,EXACT_OUTLET;TIE_FSCSKEY_SEQ,EXACT_OUTLET;NOT_USPS_VALIDITY;NO_INVENTORY
50311,ZCTA_NEAREST_ACTIVE_OUTLET,IA0027,006,1.671,ZCTA_NN;R6371;TIE_FIRST_LEX,ZCTA_NN_HAVERSINE;NOT_ELIGIBILITY;NOT_USPS_VALIDITY;NO_INVENTORY
50312,ZCTA_NEAREST_ACTIVE_OUTLET,IA0027,006,3.711,ZCTA_NN;R6371;TIE_FIRST_LEX,ZCTA_NN_HAVERSINE;NOT_ELIGIBILITY;NOT_USPS_VALIDITY;NO_INVENTORY
50313,ZCTA_NEAREST_ACTIVE_OUTLET,IA0027,008,3.279,ZCTA_NN;R6371;TIE_FIRST_LEX,ZCTA_NN_HAVERSINE;NOT_ELIGIBILITY;NOT_USPS_VALIDITY;NO_INVENTORY
50314,EXACT_IMLS_OUTLET_ZIP,IA0027,007,,EXACT_OUTLET;TIE_FSCSKEY_SEQ,EXACT_OUTLET;NOT_USPS_VALIDITY;NO_INVENTORY
50315,EXACT_IMLS_OUTLET_ZIP,IA0027,004,,EXACT_OUTLET;TIE_FSCSKEY_SEQ,EXACT_OUTLET;NOT_USPS_VALIDITY;NO_INVENTORY
50316,ZCTA_NEAREST_ACTIVE_OUTLET,IA0027,008,2.888,ZCTA_NN;R6371;TIE_FIRST_LEX,ZCTA_NN_HAVERSINE;NOT_ELIGIBILITY;NOT_USPS_VALIDITY;NO_INVENTORY
50317,EXACT_IMLS_OUTLET_ZIP,IA0027,005,,EXACT_OUTLET;TIE_FSCSKEY_SEQ,EXACT_OUTLET;NOT_USPS_VALIDITY;NO_INVENTORY
50319,ZCTA_NEAREST_ACTIVE_OUTLET,IA0027,002,2.350,ZCTA_NN;R6371;TIE_FIRST_LEX,ZCTA_NN_HAVERSINE;NOT_ELIGIBILITY;NOT_USPS_VALIDITY;NO_INVENTORY
50320,ZCTA_NEAREST_ACTIVE_OUTLET,IA0027,004,4.780,ZCTA_NN;R6371;TIE_FIRST_LEX,ZCTA_NN_HAVERSINE;NOT_ELIGIBILITY;NOT_USPS_VALIDITY;NO_INVENTORY
50321,ZCTA_NEAREST_ACTIVE_OUTLET,IA0027,004,2.731,ZCTA_NN;R6371;TIE_FIRST_LEX,ZCTA_NN_HAVERSINE;NOT_ELIGIBILITY;NOT_USPS_VALIDITY;NO_INVENTORY
50322,EXACT_IMLS_OUTLET_ZIP,IA0152,002,,EXACT_OUTLET;TIE_FSCSKEY_SEQ,EXACT_OUTLET;NOT_USPS_VALIDITY;NO_INVENTORY
50323,ZCTA_NEAREST_ACTIVE_OUTLET,IA0571,001,4.621,ZCTA_NN;R6371;TIE_FIRST_LEX,ZCTA_NN_HAVERSINE;NOT_ELIGIBILITY;NOT_USPS_VALIDITY;NO_INVENTORY
50324,ZCTA_NEAREST_ACTIVE_OUTLET,IA0571,002,1.838,ZCTA_NN;R6371;TIE_FIRST_LEX,ZCTA_NN_HAVERSINE;NOT_ELIGIBILITY;NOT_USPS_VALIDITY;NO_INVENTORY
50325,EXACT_IMLS_OUTLET_ZIP,IA0571,001,,EXACT_OUTLET;TIE_FSCSKEY_SEQ,EXACT_OUTLET;NOT_USPS_VALIDITY;NO_INVENTORY
50327,EXACT_IMLS_OUTLET_ZIP,IA0158,002,,EXACT_OUTLET;TIE_FSCSKEY_SEQ,EXACT_OUTLET;NOT_USPS_VALIDITY;NO_INVENTORY
50392,OBSERVED_REFERENCE_INDIRECT_ONLY,,,,INDIRECT_IMLS_SC;NO_FABRICATED_NEAREST,INDIRECT_IMLS_SC;NO_FABRICATED_NEAREST;NOT_REJECTED;NOT_USPS_VALIDITY;NO_INVENTORY
50398,OBSERVED_REFERENCE_INDIRECT_ONLY,,,,INDIRECT_IMLS_SC;NO_FABRICATED_NEAREST,INDIRECT_IMLS_SC;NO_FABRICATED_NEAREST;NOT_REJECTED;NOT_USPS_VALIDITY;NO_INVENTORY
50401,EXACT_IMLS_OUTLET_ZIP,IA0076,002,,EXACT_OUTLET;TIE_FSCSKEY_SEQ,EXACT_OUTLET;NOT_USPS_VALIDITY;NO_INVENTORY
50402,OBSERVED_REFERENCE_INDIRECT_ONLY,,,,INDIRECT_IMLS_SC;NO_FABRICATED_NEAREST,INDIRECT_IMLS_SC;NO_FABRICATED_NEAREST;NOT_REJECTED;NOT_USPS_VALIDITY;NO_INVENTORY
50420,EXACT_IMLS_OUTLET_ZIP,IA0082,002,,EXACT_OUTLET;TIE_FSCSKEY_SEQ,EXACT_OUTLET;NOT_USPS_VALIDITY;NO_INVENTORY
50421,EXACT_IMLS_OUTLET_ZIP,IA0271,002,,EXACT_OUTLET;TIE_FSCSKEY_SEQ,EXACT_OUTLET;NOT_USPS_VALIDITY;NO_INVENTORY
50423,EXACT_IMLS_OUTLET_ZIP,IA0093,002,,EXACT_OUTLET;TIE_FSCSKEY_SEQ,EXACT_OUTLET;NOT_USPS_VALIDITY;NO_INVENTORY
50424,EXACT_IMLS_OUTLET_ZIP,IA0266,002,,EXACT_OUTLET;TIE_FSCSKEY_SEQ,EXACT_OUTLET;NOT_USPS_VALIDITY;NO_INVENTORY
50426,ZCTA_NEAREST_ACTIVE_OUTLET,IA0286,002,8.847,ZCTA_NN;R6371;TIE_FIRST_LEX,ZCTA_NN_HAVERSINE;NOT_ELIGIBILITY;NOT_USPS_VALIDITY;NO_INVENTORY
50427,ZCTA_NEAREST_ACTIVE_OUTLET,IA0086,002,6.363,ZCTA_NN;R6371;TIE_FIRST_LEX,ZCTA_NN_HAVERSINE;NOT_ELIGIBILITY;NOT_USPS_VALIDITY;NO_INVENTORY
50428,EXACT_IMLS_OUTLET_ZIP,IA0077,002,,EXACT_OUTLET;TIE_FSCSKEY_SEQ,EXACT_OUTLET;NOT_USPS_VALIDITY;NO_INVENTORY
50430,EXACT_IMLS_OUTLET_ZIP,IA0094,002,,EXACT_OUTLET;TIE_FSCSKEY_SEQ,EXACT_OUTLET;NOT_USPS_VALIDITY;NO_INVENTORY
50431,EXACT_IMLS_OUTLET_ZIP,IA0222,002,,EXACT_OUTLET;TIE_FSCSKEY_SEQ,EXACT_OUTLET;NOT_USPS_VALIDITY;NO_INVENTORY
50432,EXACT_IMLS_OUTLET_ZIP,IA0557,002,,EXACT_OUTLET;TIE_FSCSKEY_SEQ,EXACT_OUTLET;NOT_USPS_VALIDITY;NO_INVENTORY
50433,ZCTA_NEAREST_ACTIVE_OUTLET,IA0079,002,13.114,ZCTA_NN;R6371;TIE_FIRST_LEX,ZCTA_NN_HAVERSINE;NOT_ELIGIBILITY;NOT_USPS_VALIDITY;NO_INVENTORY
50434,EXACT_IMLS_OUTLET_ZIP,IA0277,002,,EXACT_OUTLET;TIE_FSCSKEY_SEQ,EXACT_OUTLET;NOT_USPS_VALIDITY;NO_INVENTORY
50435,ZCTA_NEAREST_ACTIVE_OUTLET,IA0250,002,11.607,ZCTA_NN;R6371;TIE_FIRST_LEX,ZCTA_NN_HAVERSINE;NOT_ELIGIBILITY;NOT_USPS_VALIDITY;NO_INVENTORY
50436,EXACT_IMLS_OUTLET_ZIP,IA0267,002,,EXACT_OUTLET;TIE_FSCSKEY_SEQ,EXACT_OUTLET;NOT_USPS_VALIDITY;NO_INVENTORY
50438,EXACT_IMLS_OUTLET_ZIP,IA0095,002,,EXACT_OUTLET;TIE_FSCSKEY_SEQ,EXACT_OUTLET;NOT_USPS_VALIDITY;NO_INVENTORY
50439,ZCTA_NEAREST_ACTIVE_OUTLET,IA0097,002,7.201,ZCTA_NN;R6371;TIE_FIRST_LEX,ZCTA_NN_HAVERSINE;NOT_ELIGIBILITY;NOT_USPS_VALIDITY;NO_INVENTORY
50440,EXACT_IMLS_OUTLET_ZIP,IA0278,002,,EXACT_OUTLET;TIE_FSCSKEY_SEQ,EXACT_OUTLET;NOT_USPS_VALIDITY;NO_INVENTORY
50441,EXACT_IMLS_OUTLET_ZIP,IA0085,002,,EXACT_OUTLET;TIE_FSCSKEY_SEQ,EXACT_OUTLET;NOT_USPS_VALIDITY;NO_INVENTORY
50444,EXACT_IMLS_OUTLET_ZIP,IA0279,002,,EXACT_OUTLET;TIE_FSCSKEY_SEQ,EXACT_OUTLET;NOT_USPS_VALIDITY;NO_INVENTORY
50446,EXACT_IMLS_OUTLET_ZIP,IA0280,002,,EXACT_OUTLET;TIE_FSCSKEY_SEQ,EXACT_OUTLET;NOT_USPS_VALIDITY;NO_INVENTORY
50447,EXACT_IMLS_OUTLET_ZIP,IA0096,002,,EXACT_OUTLET;TIE_FSCSKEY_SEQ,EXACT_OUTLET;NOT_USPS_VALIDITY;NO_INVENTORY
50448,EXACT_IMLS_OUTLET_ZIP,IA0281,002,,EXACT_OUTLET;TIE_FSCSKEY_SEQ,EXACT_OUTLET;NOT_USPS_VALIDITY;NO_INVENTORY
50449,EXACT_IMLS_OUTLET_ZIP,IA0097,002,,EXACT_OUTLET;TIE_FSCSKEY_SEQ,EXACT_OUTLET;NOT_USPS_VALIDITY;NO_INVENTORY
50450,EXACT_IMLS_OUTLET_ZIP,IA0268,002,,EXACT_OUTLET;TIE_FSCSKEY_SEQ,EXACT_OUTLET;NOT_USPS_VALIDITY;NO_INVENTORY
50451,EXACT_IMLS_OUTLET_ZIP,IA0254,002,,EXACT_OUTLET;TIE_FSCSKEY_SEQ,EXACT_OUTLET;NOT_USPS_VALIDITY;NO_INVENTORY
50452,ZCTA_NEAREST_ACTIVE_OUTLET,IA0222,002,5.358,ZCTA_NN;R6371;TIE_FIRST_LEX,ZCTA_NN_HAVERSINE;NOT_ELIGIBILITY;NOT_USPS_VALIDITY;NO_INVENTORY
50453,ZCTA_NEAREST_ACTIVE_OUTLET,IA0224,002,10.044,ZCTA_NN;R6371;TIE_FIRST_LEX,ZCTA_NN_HAVERSINE;NOT_ELIGIBILITY;NOT_USPS_VALIDITY;NO_INVENTORY
50454,ZCTA_NEAREST_ACTIVE_OUTLET,IA0287,002,6.696,ZCTA_NN;R6371;TIE_FIRST_LEX,ZCTA_NN_HAVERSINE;NOT_ELIGIBILITY;NOT_USPS_VALIDITY;NO_INVENTORY
50455,ZCTA_NEAREST_ACTIVE_OUTLET,IA0287,002,10.929,ZCTA_NN;R6371;TIE_FIRST_LEX,ZCTA_NN_HAVERSINE;NOT_ELIGIBILITY;NOT_USPS_VALIDITY;NO_INVENTORY
50456,EXACT_IMLS_OUTLET_ZIP,IA0282,002,,EXACT_OUTLET;TIE_FSCSKEY_SEQ,EXACT_OUTLET;NOT_USPS_VALIDITY;NO_INVENTORY
50457,EXACT_IMLS_OUTLET_ZIP,IA0078,002,,EXACT_OUTLET;TIE_FSCSKEY_SEQ,EXACT_OUTLET;NOT_USPS_VALIDITY;NO_INVENTORY
50458,EXACT_IMLS_OUTLET_ZIP,IA0276,002,,EXACT_OUTLET;TIE_FSCSKEY_SEQ,EXACT_OUTLET;NOT_USPS_VALIDITY;NO_INVENTORY
50459,EXACT_IMLS_OUTLET_ZIP,IA0283,002,,EXACT_OUTLET;TIE_FSCSKEY_SEQ,EXACT_OUTLET;NOT_USPS_VALIDITY;NO_INVENTORY
50460,ZCTA_NEAREST_ACTIVE_OUTLET,IA0284,002,12.068,ZCTA_NN;R6371;TIE_FIRST_LEX,ZCTA_NN_HAVERSINE;NOT_ELIGIBILITY;NOT_USPS_VALIDITY;NO_INVENTORY
50461,EXACT_IMLS_OUTLET_ZIP,IA0284,002,,EXACT_OUTLET;TIE_FSCSKEY_SEQ,EXACT_OUTLET;NOT_USPS_VALIDITY;NO_INVENTORY
50464,ZCTA_NEAREST_ACTIVE_OUTLET,IA0278,002,8.672,ZCTA_NN;R6371;TIE_FIRST_LEX,ZCTA_NN_HAVERSINE;NOT_ELIGIBILITY;NOT_USPS_VALIDITY;NO_INVENTORY
50465,EXACT_IMLS_OUTLET_ZIP,IA0269,002,,EXACT_OUTLET;TIE_FSCSKEY_SEQ,EXACT_OUTLET;NOT_USPS_VALIDITY;NO_INVENTORY
50466,EXACT_IMLS_OUTLET_ZIP,IA0285,002,,EXACT_OUTLET;TIE_FSCSKEY_SEQ,EXACT_OUTLET;NOT_USPS_VALIDITY;NO_INVENTORY
50467,ZCTA_NEAREST_ACTIVE_OUTLET,IA0276,002,8.808,ZCTA_NN;R6371;TIE_FIRST_LEX,ZCTA_NN_HAVERSINE;NOT_ELIGIBILITY;NOT_USPS_VALIDITY;NO_INVENTORY
50468,EXACT_IMLS_OUTLET_ZIP,IA0270,002,,EXACT_OUTLET;TIE_FSCSKEY_SEQ,EXACT_OUTLET;NOT_USPS_VALIDITY;NO_INVENTORY
50469,EXACT_IMLS_OUTLET_ZIP,IA0079,002,,EXACT_OUTLET;TIE_FSCSKEY_SEQ,EXACT_OUTLET;NOT_USPS_VALIDITY;NO_INVENTORY
50470,EXACT_IMLS_OUTLET_ZIP,IA0275,002,,EXACT_OUTLET;TIE_FSCSKEY_SEQ,EXACT_OUTLET;NOT_USPS_VALIDITY;NO_INVENTORY
50471,EXACT_IMLS_OUTLET_ZIP,IA0250,002,,EXACT_OUTLET;TIE_FSCSKEY_SEQ,EXACT_OUTLET;NOT_USPS_VALIDITY;NO_INVENTORY
50472,EXACT_IMLS_OUTLET_ZIP,IA0286,002,,EXACT_OUTLET;TIE_FSCSKEY_SEQ,EXACT_OUTLET;NOT_USPS_VALIDITY;NO_INVENTORY
50473,ZCTA_NEAREST_ACTIVE_OUTLET,IA0268,002,12.028,ZCTA_NN;R6371;TIE_FIRST_LEX,ZCTA_NN_HAVERSINE;NOT_ELIGIBILITY;NOT_USPS_VALIDITY;NO_INVENTORY
50475,EXACT_IMLS_OUTLET_ZIP,IA0086,002,,EXACT_OUTLET;TIE_FSCSKEY_SEQ,EXACT_OUTLET;NOT_USPS_VALIDITY;NO_INVENTORY
50476,EXACT_IMLS_OUTLET_ZIP,IA0287,002,,EXACT_OUTLET;TIE_FSCSKEY_SEQ,EXACT_OUTLET;NOT_USPS_VALIDITY;NO_INVENTORY
50477,EXACT_IMLS_OUTLET_ZIP,IA0073,002,,EXACT_OUTLET;TIE_FSCSKEY_SEQ,EXACT_OUTLET;NOT_USPS_VALIDITY;NO_INVENTORY
50478,EXACT_IMLS_OUTLET_ZIP,IA0224,002,,EXACT_OUTLET;TIE_FSCSKEY_SEQ,EXACT_OUTLET;NOT_USPS_VALIDITY;NO_INVENTORY
50479,EXACT_IMLS_OUTLET_ZIP,IA0080,002,,EXACT_OUTLET;TIE_FSCSKEY_SEQ,EXACT_OUTLET;NOT_USPS_VALIDITY;NO_INVENTORY
50480,EXACT_IMLS_OUTLET_ZIP,IA0256,002,,EXACT_OUTLET;TIE_FSCSKEY_SEQ,EXACT_OUTLET;NOT_USPS_VALIDITY;NO_INVENTORY
50482,EXACT_IMLS_OUTLET_ZIP,IA0084,002,,EXACT_OUTLET;TIE_FSCSKEY_SEQ,EXACT_OUTLET;NOT_USPS_VALIDITY;NO_INVENTORY
50483,EXACT_IMLS_OUTLET_ZIP,IA0257,002,,EXACT_OUTLET;TIE_FSCSKEY_SEQ,EXACT_OUTLET;NOT_USPS_VALIDITY;NO_INVENTORY
50484,EXACT_IMLS_OUTLET_ZIP,IA0098,002,,EXACT_OUTLET;TIE_FSCSKEY_SEQ,EXACT_OUTLET;NOT_USPS_VALIDITY;NO_INVENTORY
50501,EXACT_IMLS_OUTLET_ZIP,IA0262,002,,EXACT_OUTLET;TIE_FSCSKEY_SEQ,EXACT_OUTLET;NOT_USPS_VALIDITY;NO_INVENTORY
50510,EXACT_IMLS_OUTLET_ZIP,IA0408,002,,EXACT_OUTLET;TIE_FSCSKEY_SEQ,EXACT_OUTLET;NOT_USPS_VALIDITY;NO_INVENTORY
50511,EXACT_IMLS_OUTLET_ZIP,IA0251,002,,EXACT_OUTLET;TIE_FSCSKEY_SEQ,EXACT_OUTLET;NOT_USPS_VALIDITY;NO_INVENTORY
50514,EXACT_IMLS_OUTLET_ZIP,IA0430,002,,EXACT_OUTLET;TIE_FSCSKEY_SEQ,EXACT_OUTLET;NOT_USPS_VALIDITY;NO_INVENTORY
50515,ZCTA_NEAREST_ACTIVE_OUTLET,IA0123,002,12.521,ZCTA_NN;R6371;TIE_FIRST_LEX,ZCTA_NN_HAVERSINE;NOT_ELIGIBILITY;NOT_USPS_VALIDITY;NO_INVENTORY
50516,EXACT_IMLS_OUTLET_ZIP,IA0556,002,,EXACT_OUTLET;TIE_FSCSKEY_SEQ,EXACT_OUTLET;NOT_USPS_VALIDITY;NO_INVENTORY
50517,EXACT_IMLS_OUTLET_ZIP,IA0252,002,,EXACT_OUTLET;TIE_FSCSKEY_SEQ,EXACT_OUTLET;NOT_USPS_VALIDITY;NO_INVENTORY
50518,ZCTA_NEAREST_ACTIVE_OUTLET,IA0290,002,8.965,ZCTA_NN;R6371;TIE_FIRST_LEX,ZCTA_NN_HAVERSINE;NOT_ELIGIBILITY;NOT_USPS_VALIDITY;NO_INVENTORY
50519,EXACT_IMLS_OUTLET_ZIP,IA0244,002,,EXACT_OUTLET;TIE_FSCSKEY_SEQ,EXACT_OUTLET;NOT_USPS_VALIDITY;NO_INVENTORY
50520,ZCTA_NEAREST_ACTIVE_OUTLET,IA0172,002,9.574,ZCTA_NN;R6371;TIE_FIRST_LEX,ZCTA_NN_HAVERSINE;NOT_ELIGIBILITY;NOT_USPS_VALIDITY;NO_INVENTORY
50521,ZCTA_NEAREST_ACTIVE_OUTLET,IA0265,002,4.455,ZCTA_NN;R6371;TIE_FIRST_LEX,ZCTA_NN_HAVERSINE;NOT_ELIGIBILITY;NOT_USPS_VALIDITY;NO_INVENTORY
50522,EXACT_IMLS_OUTLET_ZIP,IA0253,002,,EXACT_OUTLET;TIE_FSCSKEY_SEQ,EXACT_OUTLET;NOT_USPS_VALIDITY;NO_INVENTORY
50523,EXACT_IMLS_OUTLET_ZIP,IA0260,002,,EXACT_OUTLET;TIE_FSCSKEY_SEQ,EXACT_OUTLET;NOT_USPS_VALIDITY;NO_INVENTORY
50524,EXACT_IMLS_OUTLET_ZIP,IA0290,002,,EXACT_OUTLET;TIE_FSCSKEY_SEQ,EXACT_OUTLET;NOT_USPS_VALIDITY;NO_INVENTORY
50525,EXACT_IMLS_OUTLET_ZIP,IA0273,002,,EXACT_OUTLET;TIE_FSCSKEY_SEQ,EXACT_OUTLET;NOT_USPS_VALIDITY;NO_INVENTORY
50527,ZCTA_NEAREST_ACTIVE_OUTLET,IA0122,002,9.482,ZCTA_NN;R6371;TIE_FIRST_LEX,ZCTA_NN_HAVERSINE;NOT_ELIGIBILITY;NOT_USPS_VALIDITY;NO_INVENTORY
50528,ZCTA_NEAREST_ACTIVE_OUTLET,IA0120,002,12.143,ZCTA_NN;R6371;TIE_FIRST_LEX,ZCTA_NN_HAVERSINE;NOT_ELIGIBILITY;NOT_USPS_VALIDITY;NO_INVENTORY
50529,ZCTA_NEAREST_ACTIVE_OUTLET,IA0245,002,1.237,ZCTA_NN;R6371;TIE_FIRST_LEX,ZCTA_NN_HAVERSINE;NOT_ELIGIBILITY;NOT_USPS_VALIDITY;NO_INVENTORY
50530,EXACT_IMLS_OUTLET_ZIP,IA0261,002,,EXACT_OUTLET;TIE_FSCSKEY_SEQ,EXACT_OUTLET;NOT_USPS_VALIDITY;NO_INVENTORY
50531,ZCTA_NEAREST_ACTIVE_OUTLET,IA0430,002,12.207,ZCTA_NN;R6371;TIE_FIRST_LEX,ZCTA_NN_HAVERSINE;NOT_ELIGIBILITY;NOT_USPS_VALIDITY;NO_INVENTORY
50532,EXACT_IMLS_OUTLET_ZIP,IA0377,002,,EXACT_OUTLET;TIE_FSCSKEY_SEQ,EXACT_OUTLET;NOT_USPS_VALIDITY;NO_INVENTORY
50533,EXACT_IMLS_OUTLET_ZIP,IA0274,002,,EXACT_OUTLET;TIE_FSCSKEY_SEQ,EXACT_OUTLET;NOT_USPS_VALIDITY;NO_INVENTORY
50535,EXACT_IMLS_OUTLET_ZIP,IA0232,002,,EXACT_OUTLET;TIE_FSCSKEY_SEQ,EXACT_OUTLET;NOT_USPS_VALIDITY;NO_INVENTORY
50536,EXACT_IMLS_OUTLET_ZIP,IA0120,002,,EXACT_OUTLET;TIE_FSCSKEY_SEQ,EXACT_OUTLET;NOT_USPS_VALIDITY;NO_INVENTORY
50538,EXACT_IMLS_OUTLET_ZIP,IA0522,002,,EXACT_OUTLET;TIE_FSCSKEY_SEQ,EXACT_OUTLET;NOT_USPS_VALIDITY;NO_INVENTORY
50539,EXACT_IMLS_OUTLET_ZIP,IA0272,002,,EXACT_OUTLET;TIE_FSCSKEY_SEQ,EXACT_OUTLET;NOT_USPS_VALIDITY;NO_INVENTORY
50540,EXACT_IMLS_OUTLET_ZIP,IA0171,002,,EXACT_OUTLET;TIE_FSCSKEY_SEQ,EXACT_OUTLET;NOT_USPS_VALIDITY;NO_INVENTORY
50541,EXACT_IMLS_OUTLET_ZIP,IA0172,002,,EXACT_OUTLET;TIE_FSCSKEY_SEQ,EXACT_OUTLET;NOT_USPS_VALIDITY;NO_INVENTORY
50542,ZCTA_NEAREST_ACTIVE_OUTLET,IA0249,002,5.724,ZCTA_NN;R6371;TIE_FIRST_LEX,ZCTA_NN_HAVERSINE;NOT_ELIGIBILITY;NOT_USPS_VALIDITY;NO_INVENTORY
50543,EXACT_IMLS_OUTLET_ZIP,IA0263,002,,EXACT_OUTLET;TIE_FSCSKEY_SEQ,EXACT_OUTLET;NOT_USPS_VALIDITY;NO_INVENTORY
50544,EXACT_IMLS_OUTLET_ZIP,IA0264,002,,EXACT_OUTLET;TIE_FSCSKEY_SEQ,EXACT_OUTLET;NOT_USPS_VALIDITY;NO_INVENTORY
50545,ZCTA_NEAREST_ACTIVE_OUTLET,IA0249,002,9.387,ZCTA_NN;R6371;TIE_FIRST_LEX,ZCTA_NN_HAVERSINE;NOT_ELIGIBILITY;NOT_USPS_VALIDITY;NO_INVENTORY
50546,EXACT_IMLS_OUTLET_ZIP,IA0173,002,,EXACT_OUTLET;TIE_FSCSKEY_SEQ,EXACT_OUTLET;NOT_USPS_VALIDITY;NO_INVENTORY
50548,EXACT_IMLS_OUTLET_ZIP,IA0245,002,,EXACT_OUTLET;TIE_FSCSKEY_SEQ,EXACT_OUTLET;NOT_USPS_VALIDITY;NO_INVENTORY
50551,ZCTA_NEAREST_ACTIVE_OUTLET,IA0507,002,9.558,ZCTA_NN;R6371;TIE_FIRST_LEX,ZCTA_NN_HAVERSINE;NOT_ELIGIBILITY;NOT_USPS_VALIDITY;NO_INVENTORY
50552,ZCTA_NEAREST_ACTIVE_OUTLET,IA0185,002,8.965,ZCTA_NN;R6371;TIE_FIRST_LEX,ZCTA_NN_HAVERSINE;NOT_ELIGIBILITY;NOT_USPS_VALIDITY;NO_INVENTORY
50554,EXACT_IMLS_OUTLET_ZIP,IA0174,002,,EXACT_OUTLET;TIE_FSCSKEY_SEQ,EXACT_OUTLET;NOT_USPS_VALIDITY;NO_INVENTORY
50556,EXACT_IMLS_OUTLET_ZIP,IA0239,002,,EXACT_OUTLET;TIE_FSCSKEY_SEQ,EXACT_OUTLET;NOT_USPS_VALIDITY;NO_INVENTORY
50557,EXACT_IMLS_OUTLET_ZIP,IA0265,002,,EXACT_OUTLET;TIE_FSCSKEY_SEQ,EXACT_OUTLET;NOT_USPS_VALIDITY;NO_INVENTORY
50558,EXACT_IMLS_OUTLET_ZIP,IA0246,002,,EXACT_OUTLET;TIE_FSCSKEY_SEQ,EXACT_OUTLET;NOT_USPS_VALIDITY;NO_INVENTORY
50559,ZCTA_NEAREST_ACTIVE_OUTLET,IA0272,002,8.367,ZCTA_NN;R6371;TIE_FIRST_LEX,ZCTA_NN_HAVERSINE;NOT_ELIGIBILITY;NOT_USPS_VALIDITY;NO_INVENTORY
50560,EXACT_IMLS_OUTLET_ZIP,IA0248,002,,EXACT_OUTLET;TIE_FSCSKEY_SEQ,EXACT_OUTLET;NOT_USPS_VALIDITY;NO_INVENTORY
50561,EXACT_IMLS_OUTLET_ZIP,IA0382,002,,EXACT_OUTLET;TIE_FSCSKEY_SEQ,EXACT_OUTLET;NOT_USPS_VALIDITY;NO_INVENTORY
50562,EXACT_IMLS_OUTLET_ZIP,IA0122,002,,EXACT_OUTLET;TIE_FSCSKEY_SEQ,EXACT_OUTLET;NOT_USPS_VALIDITY;NO_INVENTORY
50563,EXACT_IMLS_OUTLET_ZIP,IA0323,002,,EXACT_OUTLET;TIE_FSCSKEY_SEQ,EXACT_OUTLET;NOT_USPS_VALIDITY;NO_INVENTORY
50565,EXACT_IMLS_OUTLET_ZIP,IA0411,002,,EXACT_OUTLET;TIE_FSCSKEY_SEQ,EXACT_OUTLET;NOT_USPS_VALIDITY;NO_INVENTORY
50566,ZCTA_NEAREST_ACTIVE_OUTLET,IA0260,002,8.821,ZCTA_NN;R6371;TIE_FIRST_LEX,ZCTA_NN_HAVERSINE;NOT_ELIGIBILITY;NOT_USPS_VALIDITY;NO_INVENTORY
50567,ZCTA_NEAREST_ACTIVE_OUTLET,IA0232,002,9.119,ZCTA_NN;R6371;TIE_FIRST_LEX,ZCTA_NN_HAVERSINE;NOT_ELIGIBILITY;NOT_USPS_VALIDITY;NO_INVENTORY
50568,EXACT_IMLS_OUTLET_ZIP,IA0412,002,,EXACT_OUTLET;TIE_FSCSKEY_SEQ,EXACT_OUTLET;NOT_USPS_VALIDITY;NO_INVENTORY
50569,ZCTA_NEAREST_ACTIVE_OUTLET,IA0265,002,8.459,ZCTA_NN;R6371;TIE_FIRST_LEX,ZCTA_NN_HAVERSINE;NOT_ELIGIBILITY;NOT_USPS_VALIDITY;NO_INVENTORY
50570,ZCTA_NEAREST_ACTIVE_OUTLET,IA0244,002,7.774,ZCTA_NN;R6371;TIE_FIRST_LEX,ZCTA_NN_HAVERSINE;NOT_ELIGIBILITY;NOT_USPS_VALIDITY;NO_INVENTORY
50571,EXACT_IMLS_OUTLET_ZIP,IA0168,002,,EXACT_OUTLET;TIE_FSCSKEY_SEQ,EXACT_OUTLET;NOT_USPS_VALIDITY;NO_INVENTORY
50573,EXACT_IMLS_OUTLET_ZIP,IA0375,002,,EXACT_OUTLET;TIE_FSCSKEY_SEQ,EXACT_OUTLET;NOT_USPS_VALIDITY;NO_INVENTORY
50574,EXACT_IMLS_OUTLET_ZIP,IA0175,002,,EXACT_OUTLET;TIE_FSCSKEY_SEQ,EXACT_OUTLET;NOT_USPS_VALIDITY;NO_INVENTORY
50575,EXACT_IMLS_OUTLET_ZIP,IA0507,002,,EXACT_OUTLET;TIE_FSCSKEY_SEQ,EXACT_OUTLET;NOT_USPS_VALIDITY;NO_INVENTORY
50576,EXACT_IMLS_OUTLET_ZIP,IA0312,002,,EXACT_OUTLET;TIE_FSCSKEY_SEQ,EXACT_OUTLET;NOT_USPS_VALIDITY;NO_INVENTORY
50577,EXACT_IMLS_OUTLET_ZIP,IA0249,002,,EXACT_OUTLET;TIE_FSCSKEY_SEQ,EXACT_OUTLET;NOT_USPS_VALIDITY;NO_INVENTORY
50578,EXACT_IMLS_OUTLET_ZIP,IA0104,002,,EXACT_OUTLET;TIE_FSCSKEY_SEQ,EXACT_OUTLET;NOT_USPS_VALIDITY;NO_INVENTORY
50579,EXACT_IMLS_OUTLET_ZIP,IA0324,002,,EXACT_OUTLET;TIE_FSCSKEY_SEQ,EXACT_OUTLET;NOT_USPS_VALIDITY;NO_INVENTORY
50581,EXACT_IMLS_OUTLET_ZIP,IA0176,002,,EXACT_OUTLET;TIE_FSCSKEY_SEQ,EXACT_OUTLET;NOT_USPS_VALIDITY;NO_INVENTORY
50582,ZCTA_NEAREST_ACTIVE_OUTLET,IA0244,002,8.386,ZCTA_NN;R6371;TIE_FIRST_LEX,ZCTA_NN_HAVERSINE;NOT_ELIGIBILITY;NOT_USPS_VALIDITY;NO_INVENTORY
50583,EXACT_IMLS_OUTLET_ZIP,IA0190,002,,EXACT_OUTLET;TIE_FSCSKEY_SEQ,EXACT_OUTLET;NOT_USPS_VALIDITY;NO_INVENTORY
50585,EXACT_IMLS_OUTLET_ZIP,IA0413,002,,EXACT_OUTLET;TIE_FSCSKEY_SEQ,EXACT_OUTLET;NOT_USPS_VALIDITY;NO_INVENTORY
50586,EXACT_IMLS_OUTLET_ZIP,IA0185,002,,EXACT_OUTLET;TIE_FSCSKEY_SEQ,EXACT_OUTLET;NOT_USPS_VALIDITY;NO_INVENTORY
50588,EXACT_IMLS_OUTLET_ZIP,IA0414,002,,EXACT_OUTLET;TIE_FSCSKEY_SEQ,EXACT_OUTLET;NOT_USPS_VALIDITY;NO_INVENTORY
50590,EXACT_IMLS_OUTLET_ZIP,IA0255,002,,EXACT_OUTLET;TIE_FSCSKEY_SEQ,EXACT_OUTLET;NOT_USPS_VALIDITY;NO_INVENTORY
50591,ZCTA_NEAREST_ACTIVE_OUTLET,IA0556,002,10.099,ZCTA_NN;R6371;TIE_FIRST_LEX,ZCTA_NN_HAVERSINE;NOT_ELIGIBILITY;NOT_USPS_VALIDITY;NO_INVENTORY
50592,ZCTA_NEAREST_ACTIVE_OUTLET,IA0414,002,9.455,ZCTA_NN;R6371;TIE_FIRST_LEX,ZCTA_NN_HAVERSINE;NOT_ELIGIBILITY;NOT_USPS_VALIDITY;NO_INVENTORY
50593,EXACT_IMLS_OUTLET_ZIP,IA0177,002,,EXACT_OUTLET;TIE_FSCSKEY_SEQ,EXACT_OUTLET;NOT_USPS_VALIDITY;NO_INVENTORY
50594,ZCTA_NEAREST_ACTIVE_OUTLET,IA0556,002,9.228,ZCTA_NN;R6371;TIE_FIRST_LEX,ZCTA_NN_HAVERSINE;NOT_ELIGIBILITY;NOT_USPS_VALIDITY;NO_INVENTORY
50595,EXACT_IMLS_OUTLET_ZIP,IA0091,002,,EXACT_OUTLET;TIE_FSCSKEY_SEQ,EXACT_OUTLET;NOT_USPS_VALIDITY;NO_INVENTORY
50597,EXACT_IMLS_OUTLET_ZIP,IA0258,002,,EXACT_OUTLET;TIE_FSCSKEY_SEQ,EXACT_OUTLET;NOT_USPS_VALIDITY;NO_INVENTORY
50598,EXACT_IMLS_OUTLET_ZIP,IA0259,002,,EXACT_OUTLET;TIE_FSCSKEY_SEQ,EXACT_OUTLET;NOT_USPS_VALIDITY;NO_INVENTORY
50599,ZCTA_NEAREST_ACTIVE_OUTLET,IA0274,002,11.651,ZCTA_NN;R6371;TIE_FIRST_LEX,ZCTA_NN_HAVERSINE;NOT_ELIGIBILITY;NOT_USPS_VALIDITY;NO_INVENTORY
50601,EXACT_IMLS_OUTLET_ZIP,IA0081,002,,EXACT_OUTLET;TIE_FSCSKEY_SEQ,EXACT_OUTLET;NOT_USPS_VALIDITY;NO_INVENTORY
50602,EXACT_IMLS_OUTLET_ZIP,IA0344,002,,EXACT_OUTLET;TIE_FSCSKEY_SEQ,EXACT_OUTLET;NOT_USPS_VALIDITY;NO_INVENTORY
50603,EXACT_IMLS_OUTLET_ZIP,IA0247,002,,EXACT_OUTLET;TIE_FSCSKEY_SEQ,EXACT_OUTLET;NOT_USPS_VALIDITY;NO_INVENTORY
50604,EXACT_IMLS_OUTLET_ZIP,IA0345,002,,EXACT_OUTLET;TIE_FSCSKEY_SEQ,EXACT_OUTLET;NOT_USPS_VALIDITY;NO_INVENTORY
50605,ZCTA_NEAREST_ACTIVE_OUTLET,IA0509,002,10.724,ZCTA_NN;R6371;TIE_FIRST_LEX,ZCTA_NN_HAVERSINE;NOT_ELIGIBILITY;NOT_USPS_VALIDITY;NO_INVENTORY
50606,EXACT_IMLS_OUTLET_ZIP,IA0389,002,,EXACT_OUTLET;TIE_FSCSKEY_SEQ,EXACT_OUTLET;NOT_USPS_VALIDITY;NO_INVENTORY
50607,EXACT_IMLS_OUTLET_ZIP,IA0555,002,,EXACT_OUTLET;TIE_FSCSKEY_SEQ,EXACT_OUTLET;NOT_USPS_VALIDITY;NO_INVENTORY
50608,ZCTA_NEAREST_ACTIVE_OUTLET,IA0345,002,6.269,ZCTA_NN;R6371;TIE_FIRST_LEX,ZCTA_NN_HAVERSINE;NOT_ELIGIBILITY;NOT_USPS_VALIDITY;NO_INVENTORY
50609,EXACT_IMLS_OUTLET_ZIP,IA0102,002,,EXACT_OUTLET;TIE_FSCSKEY_SEQ,EXACT_OUTLET;NOT_USPS_VALIDITY;NO_INVENTORY
50611,ZCTA_NEAREST_ACTIVE_OUTLET,IA0509,002,9.152,ZCTA_NN;R6371;TIE_FIRST_LEX,ZCTA_NN_HAVERSINE;NOT_ELIGIBILITY;NOT_USPS_VALIDITY;NO_INVENTORY
50612,ZCTA_NEAREST_ACTIVE_OUTLET,IA0372,002,12.162,ZCTA_NN;R6371;TIE_FIRST_LEX,ZCTA_NN_HAVERSINE;NOT_ELIGIBILITY;NOT_USPS_VALIDITY;NO_INVENTORY
50613,EXACT_IMLS_OUTLET_ZIP,IA0326,002,,EXACT_OUTLET;TIE_FSCSKEY_SEQ,EXACT_OUTLET;NOT_USPS_VALIDITY;NO_INVENTORY
50614,OBSERVED_REFERENCE_INDIRECT_ONLY,,,,INDIRECT_IMLS_SC;NO_FABRICATED_NEAREST,INDIRECT_IMLS_SC;NO_FABRICATED_NEAREST;NOT_REJECTED;NOT_USPS_VALIDITY;NO_INVENTORY
50616,EXACT_IMLS_OUTLET_ZIP,IA0288,002,,EXACT_OUTLET;TIE_FSCSKEY_SEQ,EXACT_OUTLET;NOT_USPS_VALIDITY;NO_INVENTORY
50619,EXACT_IMLS_OUTLET_ZIP,IA0346,002,,EXACT_OUTLET;TIE_FSCSKEY_SEQ,EXACT_OUTLET;NOT_USPS_VALIDITY;NO_INVENTORY
50620,ZCTA_NEAREST_ACTIVE_OUTLET,IA0288,002,12.253,ZCTA_NN;R6371;TIE_FIRST_LEX,ZCTA_NN_HAVERSINE;NOT_ELIGIBILITY;NOT_USPS_VALIDITY;NO_INVENTORY
50621,EXACT_IMLS_OUTLET_ZIP,IA0395,002,,EXACT_OUTLET;TIE_FSCSKEY_SEQ,EXACT_OUTLET;NOT_USPS_VALIDITY;NO_INVENTORY
50622,EXACT_IMLS_OUTLET_ZIP,IA0333,002,,EXACT_OUTLET;TIE_FSCSKEY_SEQ,EXACT_OUTLET;NOT_USPS_VALIDITY;NO_INVENTORY
50623,ZCTA_NEAREST_ACTIVE_OUTLET,IA0327,002,6.190,ZCTA_NN;R6371;TIE_FIRST_LEX,ZCTA_NN_HAVERSINE;NOT_ELIGIBILITY;NOT_USPS_VALIDITY;NO_INVENTORY
50624,EXACT_IMLS_OUTLET_ZIP,IA0129,002,,EXACT_OUTLET;TIE_FSCSKEY_SEQ,EXACT_OUTLET;NOT_USPS_VALIDITY;NO_INVENTORY
50625,EXACT_IMLS_OUTLET_ZIP,IA0509,002,,EXACT_OUTLET;TIE_FSCSKEY_SEQ,EXACT_OUTLET;NOT_USPS_VALIDITY;NO_INVENTORY
50626,EXACT_IMLS_OUTLET_ZIP,IA0327,002,,EXACT_OUTLET;TIE_FSCSKEY_SEQ,EXACT_OUTLET;NOT_USPS_VALIDITY;NO_INVENTORY
50627,EXACT_IMLS_OUTLET_ZIP,IA0100,002,,EXACT_OUTLET;TIE_FSCSKEY_SEQ,EXACT_OUTLET;NOT_USPS_VALIDITY;NO_INVENTORY
50628,EXACT_IMLS_OUTLET_ZIP,IA0401,002,,EXACT_OUTLET;TIE_FSCSKEY_SEQ,EXACT_OUTLET;NOT_USPS_VALIDITY;NO_INVENTORY
50629,EXACT_IMLS_OUTLET_ZIP,IA0339,002,,EXACT_OUTLET;TIE_FSCSKEY_SEQ,EXACT_OUTLET;NOT_USPS_VALIDITY;NO_INVENTORY
50630,EXACT_IMLS_OUTLET_ZIP,IA0130,002,,EXACT_OUTLET;TIE_FSCSKEY_SEQ,EXACT_OUTLET;NOT_USPS_VALIDITY;NO_INVENTORY
50631,ZCTA_NEAREST_ACTIVE_OUTLET,IA0337,002,9.781,ZCTA_NN;R6371;TIE_FIRST_LEX,ZCTA_NN_HAVERSINE;NOT_ELIGIBILITY;NOT_USPS_VALIDITY;NO_INVENTORY
50632,EXACT_IMLS_OUTLET_ZIP,IA0368,002,,EXACT_OUTLET;TIE_FSCSKEY_SEQ,EXACT_OUTLET;NOT_USPS_VALIDITY;NO_INVENTORY
50633,ZCTA_NEAREST_ACTIVE_OUTLET,IA0085,002,9.815,ZCTA_NN;R6371;TIE_FIRST_LEX,ZCTA_NN_HAVERSINE;NOT_ELIGIBILITY;NOT_USPS_VALIDITY;NO_INVENTORY
50634,ZCTA_NEAREST_ACTIVE_OUTLET,IA0332,002,9.020,ZCTA_NN;R6371;TIE_FIRST_LEX,ZCTA_NN_HAVERSINE;NOT_ELIGIBILITY;NOT_USPS_VALIDITY;NO_INVENTORY
50635,EXACT_IMLS_OUTLET_ZIP,IA0369,002,,EXACT_OUTLET;TIE_FSCSKEY_SEQ,EXACT_OUTLET;NOT_USPS_VALIDITY;NO_INVENTORY
50636,EXACT_IMLS_OUTLET_ZIP,IA0348,002,,EXACT_OUTLET;TIE_FSCSKEY_SEQ,EXACT_OUTLET;NOT_USPS_VALIDITY;NO_INVENTORY
50638,EXACT_IMLS_OUTLET_ZIP,IA0396,002,,EXACT_OUTLET;TIE_FSCSKEY_SEQ,EXACT_OUTLET;NOT_USPS_VALIDITY;NO_INVENTORY
50641,ZCTA_NEAREST_ACTIVE_OUTLET,IA0391,002,9.673,ZCTA_NN;R6371;TIE_FIRST_LEX,ZCTA_NN_HAVERSINE;NOT_ELIGIBILITY;NOT_USPS_VALIDITY;NO_INVENTORY
50642,ZCTA_NEAREST_ACTIVE_OUTLET,IA0398,002,9.010,ZCTA_NN;R6371;TIE_FIRST_LEX,ZCTA_NN_HAVERSINE;NOT_ELIGIBILITY;NOT_USPS_VALIDITY;NO_INVENTORY
50643,EXACT_IMLS_OUTLET_ZIP,IA0328,002,,EXACT_OUTLET;TIE_FSCSKEY_SEQ,EXACT_OUTLET;NOT_USPS_VALIDITY;NO_INVENTORY
50644,EXACT_IMLS_OUTLET_ZIP,IA0340,002,,EXACT_OUTLET;TIE_FSCSKEY_SEQ,EXACT_OUTLET;NOT_USPS_VALIDITY;NO_INVENTORY
50645,EXACT_IMLS_OUTLET_ZIP,IA0191,002,,EXACT_OUTLET;TIE_FSCSKEY_SEQ,EXACT_OUTLET;NOT_USPS_VALIDITY;NO_INVENTORY
50647,EXACT_IMLS_OUTLET_ZIP,IA0329,002,,EXACT_OUTLET;TIE_FSCSKEY_SEQ,EXACT_OUTLET;NOT_USPS_VALIDITY;NO_INVENTORY
50648,EXACT_IMLS_OUTLET_ZIP,IA0341,002,,EXACT_OUTLET;TIE_FSCSKEY_SEQ,EXACT_OUTLET;NOT_USPS_VALIDITY;NO_INVENTORY
50649,ZCTA_NEAREST_ACTIVE_OUTLET,IA0345,002,8.974,ZCTA_NN;R6371;TIE_FIRST_LEX,ZCTA_NN_HAVERSINE;NOT_ELIGIBILITY;NOT_USPS_VALIDITY;NO_INVENTORY
50650,EXACT_IMLS_OUTLET_ZIP,IA0342,002,,EXACT_OUTLET;TIE_FSCSKEY_SEQ,EXACT_OUTLET;NOT_USPS_VALIDITY;NO_INVENTORY
50651,EXACT_IMLS_OUTLET_ZIP,IA0330,002,,EXACT_OUTLET;TIE_FSCSKEY_SEQ,EXACT_OUTLET;NOT_USPS_VALIDITY;NO_INVENTORY
50652,ZCTA_NEAREST_ACTIVE_OUTLET,IA0369,002,8.776,ZCTA_NN;R6371;TIE_FIRST_LEX,ZCTA_NN_HAVERSINE;NOT_ELIGIBILITY;NOT_USPS_VALIDITY;NO_INVENTORY
50653,EXACT_IMLS_OUTLET_ZIP,IA0289,002,,EXACT_OUTLET;TIE_FSCSKEY_SEQ,EXACT_OUTLET;NOT_USPS_VALIDITY;NO_INVENTORY
50654,ZCTA_NEAREST_ACTIVE_OUTLET,IA0146,002,12.928,ZCTA_NN;R6371;TIE_FIRST_LEX,ZCTA_NN_HAVERSINE;NOT_ELIGIBILITY;NOT_USPS_VALIDITY;NO_INVENTORY
50655,EXACT_IMLS_OUTLET_ZIP,IA0390,002,,EXACT_OUTLET;TIE_FSCSKEY_SEQ,EXACT_OUTLET;NOT_USPS_VALIDITY;NO_INVENTORY
50657,ZCTA_NEAREST_ACTIVE_OUTLET,IA0397,002,6.537,ZCTA_NN;R6371;TIE_FIRST_LEX,ZCTA_NN_HAVERSINE;NOT_ELIGIBILITY;NOT_USPS_VALIDITY;NO_INVENTORY
50658,EXACT_IMLS_OUTLET_ZIP,IA0132,002,,EXACT_OUTLET;TIE_FSCSKEY_SEQ,EXACT_OUTLET;NOT_USPS_VALIDITY;NO_INVENTORY
50659,EXACT_IMLS_OUTLET_ZIP,IA0133,002,,EXACT_OUTLET;TIE_FSCSKEY_SEQ,EXACT_OUTLET;NOT_USPS_VALIDITY;NO_INVENTORY
50660,EXACT_IMLS_OUTLET_ZIP,IA0349,002,,EXACT_OUTLET;TIE_FSCSKEY_SEQ,EXACT_OUTLET;NOT_USPS_VALIDITY;NO_INVENTORY
50662,EXACT_IMLS_OUTLET_ZIP,IA0391,002,,EXACT_OUTLET;TIE_FSCSKEY_SEQ,EXACT_OUTLET;NOT_USPS_VALIDITY;NO_INVENTORY
50664,ZCTA_NEAREST_ACTIVE_OUTLET,IA0339,002,7.769,ZCTA_NN;R6371;TIE_FIRST_LEX,ZCTA_NN_HAVERSINE;NOT_ELIGIBILITY;NOT_USPS_VALIDITY;NO_INVENTORY
50665,EXACT_IMLS_OUTLET_ZIP,IA0350,002,,EXACT_OUTLET;TIE_FSCSKEY_SEQ,EXACT_OUTLET;NOT_USPS_VALIDITY;NO_INVENTORY
50666,EXACT_IMLS_OUTLET_ZIP,IA0303,002,,EXACT_OUTLET;TIE_FSCSKEY_SEQ,EXACT_OUTLET;NOT_USPS_VALIDITY;NO_INVENTORY
50667,ZCTA_NEAREST_ACTIVE_OUTLET,IA0332,002,5.212,ZCTA_NN;R6371;TIE_FIRST_LEX,ZCTA_NN_HAVERSINE;NOT_ELIGIBILITY;NOT_USPS_VALIDITY;NO_INVENTORY
50668,EXACT_IMLS_OUTLET_ZIP,IA0335,002,,EXACT_OUTLET;TIE_FSCSKEY_SEQ,EXACT_OUTLET;NOT_USPS_VALIDITY;NO_INVENTORY
50669,EXACT_IMLS_OUTLET_ZIP,IA0397,002,,EXACT_OUTLET;TIE_FSCSKEY_SEQ,EXACT_OUTLET;NOT_USPS_VALIDITY;NO_INVENTORY
50670,EXACT_IMLS_OUTLET_ZIP,IA0128,002,,EXACT_OUTLET;TIE_FSCSKEY_SEQ,EXACT_OUTLET;NOT_USPS_VALIDITY;NO_INVENTORY
50671,ZCTA_NEAREST_ACTIVE_OUTLET,IA0555,002,6.464,ZCTA_NN;R6371;TIE_FIRST_LEX,ZCTA_NN_HAVERSINE;NOT_ELIGIBILITY;NOT_USPS_VALIDITY;NO_INVENTORY
50672,EXACT_IMLS_OUTLET_ZIP,IA0242,002,,EXACT_OUTLET;TIE_FSCSKEY_SEQ,EXACT_OUTLET;NOT_USPS_VALIDITY;NO_INVENTORY
50673,ZCTA_NEAREST_ACTIVE_OUTLET,IA0350,002,8.481,ZCTA_NN;R6371;TIE_FIRST_LEX,ZCTA_NN_HAVERSINE;NOT_ELIGIBILITY;NOT_USPS_VALIDITY;NO_INVENTORY
50674,EXACT_IMLS_OUTLET_ZIP,IA0336,002,,EXACT_OUTLET;TIE_FSCSKEY_SEQ,EXACT_OUTLET;NOT_USPS_VALIDITY;NO_INVENTORY
50675,EXACT_IMLS_OUTLET_ZIP,IA0372,002,,EXACT_OUTLET;TIE_FSCSKEY_SEQ,EXACT_OUTLET;NOT_USPS_VALIDITY;NO_INVENTORY
50676,EXACT_IMLS_OUTLET_ZIP,IA0337,002,,EXACT_OUTLET;TIE_FSCSKEY_SEQ,EXACT_OUTLET;NOT_USPS_VALIDITY;NO_INVENTORY
50677,EXACT_IMLS_OUTLET_ZIP,IA0338,002,,EXACT_OUTLET;TIE_FSCSKEY_SEQ,EXACT_OUTLET;NOT_USPS_VALIDITY;NO_INVENTORY
50680,EXACT_IMLS_OUTLET_ZIP,IA0398,002,,EXACT_OUTLET;TIE_FSCSKEY_SEQ,EXACT_OUTLET;NOT_USPS_VALIDITY;NO_INVENTORY
50681,EXACT_IMLS_OUTLET_ZIP,IA0394,002,,EXACT_OUTLET;TIE_FSCSKEY_SEQ,EXACT_OUTLET;NOT_USPS_VALIDITY;NO_INVENTORY
50682,EXACT_IMLS_OUTLET_ZIP,IA0343,002,,EXACT_OUTLET;TIE_FSCSKEY_SEQ,EXACT_OUTLET;NOT_USPS_VALIDITY;NO_INVENTORY
50701,EXACT_IMLS_OUTLET_ZIP,IA0331,002,,EXACT_OUTLET;TIE_FSCSKEY_SEQ,EXACT_OUTLET;NOT_USPS_VALIDITY;NO_INVENTORY
50702,ZCTA_NEAREST_ACTIVE_OUTLET,IA0332,002,2.813,ZCTA_NN;R6371;TIE_FIRST_LEX,ZCTA_NN_HAVERSINE;NOT_ELIGIBILITY;NOT_USPS_VALIDITY;NO_INVENTORY
50703,ZCTA_NEAREST_ACTIVE_OUTLET,IA0331,002,7.314,ZCTA_NN;R6371;TIE_FIRST_LEX,ZCTA_NN_HAVERSINE;NOT_ELIGIBILITY;NOT_USPS_VALIDITY;NO_INVENTORY
50704,OBSERVED_REFERENCE_INDIRECT_ONLY,,,,INDIRECT_IMLS_SC;NO_FABRICATED_NEAREST,INDIRECT_IMLS_SC;NO_FABRICATED_NEAREST;NOT_REJECTED;NOT_USPS_VALIDITY;NO_INVENTORY
50707,EXACT_IMLS_OUTLET_ZIP,IA0332,002,,EXACT_OUTLET;TIE_FSCSKEY_SEQ,EXACT_OUTLET;NOT_USPS_VALIDITY;NO_INVENTORY
50801,EXACT_IMLS_OUTLET_ZIP,IA0010,002,,EXACT_OUTLET;TIE_FSCSKEY_SEQ,EXACT_OUTLET;NOT_USPS_VALIDITY;NO_INVENTORY
50830,ZCTA_NEAREST_ACTIVE_OUTLET,IA0010,002,15.082,ZCTA_NN;R6371;TIE_FIRST_LEX,ZCTA_NN_HAVERSINE;NOT_ELIGIBILITY;NOT_USPS_VALIDITY;NO_INVENTORY
50831,ZCTA_NEAREST_ACTIVE_OUTLET,IA0010,002,17.006,ZCTA_NN;R6371;TIE_FIRST_LEX,ZCTA_NN_HAVERSINE;NOT_ELIGIBILITY;NOT_USPS_VALIDITY;NO_INVENTORY
50833,EXACT_IMLS_OUTLET_ZIP,IA0291,002,,EXACT_OUTLET;TIE_FSCSKEY_SEQ,EXACT_OUTLET;NOT_USPS_VALIDITY;NO_INVENTORY
50835,ZCTA_NEAREST_ACTIVE_OUTLET,IA0021,002,11.572,ZCTA_NN;R6371;TIE_FIRST_LEX,ZCTA_NN_HAVERSINE;NOT_ELIGIBILITY;NOT_USPS_VALIDITY;NO_INVENTORY
50836,ZCTA_NEAREST_ACTIVE_OUTLET,MO0139,002,18.277,ZCTA_NN;R6371;TIE_FIRST_LEX,ZCTA_NN_HAVERSINE;NOT_ELIGIBILITY;NOT_USPS_VALIDITY;NO_INVENTORY
50837,ZCTA_NEAREST_ACTIVE_OUTLET,IA0451,002,7.433,ZCTA_NN;R6371;TIE_FIRST_LEX,ZCTA_NN_HAVERSINE;NOT_ELIGIBILITY;NOT_USPS_VALIDITY;NO_INVENTORY
50839,ZCTA_NEAREST_ACTIVE_OUTLET,IA0293,002,9.706,ZCTA_NN;R6371;TIE_FIRST_LEX,ZCTA_NN_HAVERSINE;NOT_ELIGIBILITY;NOT_USPS_VALIDITY;NO_INVENTORY
50840,EXACT_IMLS_OUTLET_ZIP,IA0502,002,,EXACT_OUTLET;TIE_FSCSKEY_SEQ,EXACT_OUTLET;NOT_USPS_VALIDITY;NO_INVENTORY
50841,EXACT_IMLS_OUTLET_ZIP,IA0293,002,,EXACT_OUTLET;TIE_FSCSKEY_SEQ,EXACT_OUTLET;NOT_USPS_VALIDITY;NO_INVENTORY
50842,ZCTA_NEAREST_ACTIVE_OUTLET,IA0010,002,8.615,ZCTA_NN;R6371;TIE_FIRST_LEX,ZCTA_NN_HAVERSINE;NOT_ELIGIBILITY;NOT_USPS_VALIDITY;NO_INVENTORY
50843,EXACT_IMLS_OUTLET_ZIP,IA0449,002,,EXACT_OUTLET;TIE_FSCSKEY_SEQ,EXACT_OUTLET;NOT_USPS_VALIDITY;NO_INVENTORY
50845,ZCTA_NEAREST_ACTIVE_OUTLET,IA0502,002,10.537,ZCTA_NN;R6371;TIE_FIRST_LEX,ZCTA_NN_HAVERSINE;NOT_ELIGIBILITY;NOT_USPS_VALIDITY;NO_INVENTORY
50846,EXACT_IMLS_OUTLET_ZIP,IA0307,002,,EXACT_OUTLET;TIE_FSCSKEY_SEQ,EXACT_OUTLET;NOT_USPS_VALIDITY;NO_INVENTORY
50847,ZCTA_NEAREST_ACTIVE_OUTLET,IA0434,002,14.996,ZCTA_NN;R6371;TIE_FIRST_LEX,ZCTA_NN_HAVERSINE;NOT_ELIGIBILITY;NOT_USPS_VALIDITY;NO_INVENTORY
50848,ZCTA_NEAREST_ACTIVE_OUTLET,IA0535,002,13.266,ZCTA_NN;R6371;TIE_FIRST_LEX,ZCTA_NN_HAVERSINE;NOT_ELIGIBILITY;NOT_USPS_VALIDITY;NO_INVENTORY
50849,EXACT_IMLS_OUTLET_ZIP,IA0308,002,,EXACT_OUTLET;TIE_FSCSKEY_SEQ,EXACT_OUTLET;NOT_USPS_VALIDITY;NO_INVENTORY
50851,EXACT_IMLS_OUTLET_ZIP,IA0292,002,,EXACT_OUTLET;TIE_FSCSKEY_SEQ,EXACT_OUTLET;NOT_USPS_VALIDITY;NO_INVENTORY
50853,EXACT_IMLS_OUTLET_ZIP,IA0451,002,,EXACT_OUTLET;TIE_FSCSKEY_SEQ,EXACT_OUTLET;NOT_USPS_VALIDITY;NO_INVENTORY
50854,EXACT_IMLS_OUTLET_ZIP,IA0021,002,,EXACT_OUTLET;TIE_FSCSKEY_SEQ,EXACT_OUTLET;NOT_USPS_VALIDITY;NO_INVENTORY
50857,ZCTA_NEAREST_ACTIVE_OUTLET,IA0437,002,8.223,ZCTA_NN;R6371;TIE_FIRST_LEX,ZCTA_NN_HAVERSINE;NOT_ELIGIBILITY;NOT_USPS_VALIDITY;NO_INVENTORY
50858,EXACT_IMLS_OUTLET_ZIP,IA0562,001,,EXACT_OUTLET;TIE_FSCSKEY_SEQ,EXACT_OUTLET;NOT_USPS_VALIDITY;NO_INVENTORY
50859,EXACT_IMLS_OUTLET_ZIP,IA0294,002,,EXACT_OUTLET;TIE_FSCSKEY_SEQ,EXACT_OUTLET;NOT_USPS_VALIDITY;NO_INVENTORY
50860,ZCTA_NEAREST_ACTIVE_OUTLET,IA0021,002,14.140,ZCTA_NN;R6371;TIE_FIRST_LEX,ZCTA_NN_HAVERSINE;NOT_ELIGIBILITY;NOT_USPS_VALIDITY;NO_INVENTORY
50861,ZCTA_NEAREST_ACTIVE_OUTLET,IA0010,002,19.197,ZCTA_NN;R6371;TIE_FIRST_LEX,ZCTA_NN_HAVERSINE;NOT_ELIGIBILITY;NOT_USPS_VALIDITY;NO_INVENTORY
50862,ZCTA_NEAREST_ACTIVE_OUTLET,IA0292,002,10.790,ZCTA_NN;R6371;TIE_FIRST_LEX,ZCTA_NN_HAVERSINE;NOT_ELIGIBILITY;NOT_USPS_VALIDITY;NO_INVENTORY
50863,ZCTA_NEAREST_ACTIVE_OUTLET,IA0021,002,15.807,ZCTA_NN;R6371;TIE_FIRST_LEX,ZCTA_NN_HAVERSINE;NOT_ELIGIBILITY;NOT_USPS_VALIDITY;NO_INVENTORY
50864,EXACT_IMLS_OUTLET_ZIP,IA0437,002,,EXACT_OUTLET;TIE_FSCSKEY_SEQ,EXACT_OUTLET;NOT_USPS_VALIDITY;NO_INVENTORY
51001,EXACT_IMLS_OUTLET_ZIP,IA0124,002,,EXACT_OUTLET;TIE_FSCSKEY_SEQ,EXACT_OUTLET;NOT_USPS_VALIDITY;NO_INVENTORY
51002,EXACT_IMLS_OUTLET_ZIP,IA0409,002,,EXACT_OUTLET;TIE_FSCSKEY_SEQ,EXACT_OUTLET;NOT_USPS_VALIDITY;NO_INVENTORY
51003,EXACT_IMLS_OUTLET_ZIP,IA0178,002,,EXACT_OUTLET;TIE_FSCSKEY_SEQ,EXACT_OUTLET;NOT_USPS_VALIDITY;NO_INVENTORY
51004,EXACT_IMLS_OUTLET_ZIP,IA0227,002,,EXACT_OUTLET;TIE_FSCSKEY_SEQ,EXACT_OUTLET;NOT_USPS_VALIDITY;NO_INVENTORY
51005,EXACT_IMLS_OUTLET_ZIP,IA0511,002,,EXACT_OUTLET;TIE_FSCSKEY_SEQ,EXACT_OUTLET;NOT_USPS_VALIDITY;NO_INVENTORY
51006,EXACT_IMLS_OUTLET_ZIP,IA0516,002,,EXACT_OUTLET;TIE_FSCSKEY_SEQ,EXACT_OUTLET;NOT_USPS_VALIDITY;NO_INVENTORY
51007,ZCTA_NEAREST_ACTIVE_OUTLET,IA0585,001,13.970,ZCTA_NN;R6371;TIE_FIRST_LEX,ZCTA_NN_HAVERSINE;NOT_ELIGIBILITY;NOT_USPS_VALIDITY;NO_INVENTORY
51008,ZCTA_NEAREST_ACTIVE_OUTLET,IA0126,002,8.421,ZCTA_NN;R6371;TIE_FIRST_LEX,ZCTA_NN_HAVERSINE;NOT_ELIGIBILITY;NOT_USPS_VALIDITY;NO_INVENTORY
51009,ZCTA_NEAREST_ACTIVE_OUTLET,IA0115,002,5.216,ZCTA_NN;R6371;TIE_FIRST_LEX,ZCTA_NN_HAVERSINE;NOT_ELIGIBILITY;NOT_USPS_VALIDITY;NO_INVENTORY
51010,ZCTA_NEAREST_ACTIVE_OUTLET,IA0497,002,14.372,ZCTA_NN;R6371;TIE_FIRST_LEX,ZCTA_NN_HAVERSINE;NOT_ELIGIBILITY;NOT_USPS_VALIDITY;NO_INVENTORY
51011,ZCTA_NEAREST_ACTIVE_OUTLET,IA0180,002,9.364,ZCTA_NN;R6371;TIE_FIRST_LEX,ZCTA_NN_HAVERSINE;NOT_ELIGIBILITY;NOT_USPS_VALIDITY;NO_INVENTORY
51012,EXACT_IMLS_OUTLET_ZIP,IA0416,002,,EXACT_OUTLET;TIE_FSCSKEY_SEQ,EXACT_OUTLET;NOT_USPS_VALIDITY;NO_INVENTORY
51014,EXACT_IMLS_OUTLET_ZIP,IA0417,002,,EXACT_OUTLET;TIE_FSCSKEY_SEQ,EXACT_OUTLET;NOT_USPS_VALIDITY;NO_INVENTORY
51015,ZCTA_NEAREST_ACTIVE_OUTLET,IA0229,004,12.014,ZCTA_NN;R6371;TIE_FIRST_LEX,ZCTA_NN_HAVERSINE;NOT_ELIGIBILITY;NOT_USPS_VALIDITY;NO_INVENTORY
51016,EXACT_IMLS_OUTLET_ZIP,IA0228,002,,EXACT_OUTLET;TIE_FSCSKEY_SEQ,EXACT_OUTLET;NOT_USPS_VALIDITY;NO_INVENTORY
51018,EXACT_IMLS_OUTLET_ZIP,IA0577,001,,EXACT_OUTLET;TIE_FSCSKEY_SEQ,EXACT_OUTLET;NOT_USPS_VALIDITY;NO_INVENTORY
51019,EXACT_IMLS_OUTLET_ZIP,IA0229,003,,EXACT_OUTLET;TIE_FSCSKEY_SEQ,EXACT_OUTLET;NOT_USPS_VALIDITY;NO_INVENTORY
51020,EXACT_IMLS_OUTLET_ZIP,IA0517,002,,EXACT_OUTLET;TIE_FSCSKEY_SEQ,EXACT_OUTLET;NOT_USPS_VALIDITY;NO_INVENTORY
51022,ZCTA_NEAREST_ACTIVE_OUTLET,IA0573,001,11.503,ZCTA_NN;R6371;TIE_FIRST_LEX,ZCTA_NN_HAVERSINE;NOT_ELIGIBILITY;NOT_USPS_VALIDITY;NO_INVENTORY
51023,EXACT_IMLS_OUTLET_ZIP,IA0180,002,,EXACT_OUTLET;TIE_FSCSKEY_SEQ,EXACT_OUTLET;NOT_USPS_VALIDITY;NO_INVENTORY
51024,ZCTA_NEAREST_ACTIVE_OUTLET,IA0169,002,10.407,ZCTA_NN;R6371;TIE_FIRST_LEX,ZCTA_NN_HAVERSINE;NOT_ELIGIBILITY;NOT_USPS_VALIDITY;NO_INVENTORY
51025,EXACT_IMLS_OUTLET_ZIP,IA0492,002,,EXACT_OUTLET;TIE_FSCSKEY_SEQ,EXACT_OUTLET;NOT_USPS_VALIDITY;NO_INVENTORY
51026,EXACT_IMLS_OUTLET_ZIP,IA0229,004,,EXACT_OUTLET;TIE_FSCSKEY_SEQ,EXACT_OUTLET;NOT_USPS_VALIDITY;NO_INVENTORY
51027,ZCTA_NEAREST_ACTIVE_OUTLET,IA0180,002,13.111,ZCTA_NN;R6371;TIE_FIRST_LEX,ZCTA_NN_HAVERSINE;NOT_ELIGIBILITY;NOT_USPS_VALIDITY;NO_INVENTORY
51028,EXACT_IMLS_OUTLET_ZIP,IA0125,002,,EXACT_OUTLET;TIE_FSCSKEY_SEQ,EXACT_OUTLET;NOT_USPS_VALIDITY;NO_INVENTORY
51029,ZCTA_NEAREST_ACTIVE_OUTLET,IA0115,002,10.245,ZCTA_NN;R6371;TIE_FIRST_LEX,ZCTA_NN_HAVERSINE;NOT_ELIGIBILITY;NOT_USPS_VALIDITY;NO_INVENTORY
51030,ZCTA_NEAREST_ACTIVE_OUTLET,IA0229,002,10.713,ZCTA_NN;R6371;TIE_FIRST_LEX,ZCTA_NN_HAVERSINE;NOT_ELIGIBILITY;NOT_USPS_VALIDITY;NO_INVENTORY
51031,EXACT_IMLS_OUTLET_ZIP,IA0126,002,,EXACT_OUTLET;TIE_FSCSKEY_SEQ,EXACT_OUTLET;NOT_USPS_VALIDITY;NO_INVENTORY
51033,EXACT_IMLS_OUTLET_ZIP,IA0410,002,,EXACT_OUTLET;TIE_FSCSKEY_SEQ,EXACT_OUTLET;NOT_USPS_VALIDITY;NO_INVENTORY
51034,EXACT_IMLS_OUTLET_ZIP,IA0497,002,,EXACT_OUTLET;TIE_FSCSKEY_SEQ,EXACT_OUTLET;NOT_USPS_VALIDITY;NO_INVENTORY
51035,EXACT_IMLS_OUTLET_ZIP,IA0418,002,,EXACT_OUTLET;TIE_FSCSKEY_SEQ,EXACT_OUTLET;NOT_USPS_VALIDITY;NO_INVENTORY
51036,ZCTA_NEAREST_ACTIVE_OUTLET,IA0182,002,11.504,ZCTA_NN;R6371;TIE_FIRST_LEX,ZCTA_NN_HAVERSINE;NOT_ELIGIBILITY;NOT_USPS_VALIDITY;NO_INVENTORY
51037,ZCTA_NEAREST_ACTIVE_OUTLET,IA0417,002,6.008,ZCTA_NN;R6371;TIE_FIRST_LEX,ZCTA_NN_HAVERSINE;NOT_ELIGIBILITY;NOT_USPS_VALIDITY;NO_INVENTORY
51038,EXACT_IMLS_OUTLET_ZIP,IA0169,002,,EXACT_OUTLET;TIE_FSCSKEY_SEQ,EXACT_OUTLET;NOT_USPS_VALIDITY;NO_INVENTORY
51039,EXACT_IMLS_OUTLET_ZIP,IA0229,002,,EXACT_OUTLET;TIE_FSCSKEY_SEQ,EXACT_OUTLET;NOT_USPS_VALIDITY;NO_INVENTORY
51040,EXACT_IMLS_OUTLET_ZIP,IA0494,002,,EXACT_OUTLET;TIE_FSCSKEY_SEQ,EXACT_OUTLET;NOT_USPS_VALIDITY;NO_INVENTORY
51041,EXACT_IMLS_OUTLET_ZIP,IA0182,002,,EXACT_OUTLET;TIE_FSCSKEY_SEQ,EXACT_OUTLET;NOT_USPS_VALIDITY;NO_INVENTORY
51044,ZCTA_NEAREST_ACTIVE_OUTLET,IA0227,002,10.146,ZCTA_NN;R6371;TIE_FIRST_LEX,ZCTA_NN_HAVERSINE;NOT_ELIGIBILITY;NOT_USPS_VALIDITY;NO_INVENTORY
51045,ZCTA_NEAREST_ACTIVE_OUTLET,IA0170,002,7.045,ZCTA_NN;R6371;TIE_FIRST_LEX,ZCTA_NN_HAVERSINE;NOT_ELIGIBILITY;NOT_USPS_VALIDITY;NO_INVENTORY
51046,EXACT_IMLS_OUTLET_ZIP,IA0112,002,,EXACT_OUTLET;TIE_FSCSKEY_SEQ,EXACT_OUTLET;NOT_USPS_VALIDITY;NO_INVENTORY
51047,EXACT_IMLS_OUTLET_ZIP,IA0421,002,,EXACT_OUTLET;TIE_FSCSKEY_SEQ,EXACT_OUTLET;NOT_USPS_VALIDITY;NO_INVENTORY
51048,EXACT_IMLS_OUTLET_ZIP,IA0229,005,,EXACT_OUTLET;TIE_FSCSKEY_SEQ,EXACT_OUTLET;NOT_USPS_VALIDITY;NO_INVENTORY
51049,EXACT_IMLS_OUTLET_ZIP,IA0419,002,,EXACT_OUTLET;TIE_FSCSKEY_SEQ,EXACT_OUTLET;NOT_USPS_VALIDITY;NO_INVENTORY
51050,EXACT_IMLS_OUTLET_ZIP,IA0170,002,,EXACT_OUTLET;TIE_FSCSKEY_SEQ,EXACT_OUTLET;NOT_USPS_VALIDITY;NO_INVENTORY
51051,ZCTA_NEAREST_ACTIVE_OUTLET,IA0229,004,11.267,ZCTA_NN;R6371;TIE_FIRST_LEX,ZCTA_NN_HAVERSINE;NOT_ELIGIBILITY;NOT_USPS_VALIDITY;NO_INVENTORY
51052,ZCTA_NEAREST_ACTIVE_OUTLET,IA0230,002,8.836,ZCTA_NN;R6371;TIE_FIRST_LEX,ZCTA_NN_HAVERSINE;NOT_ELIGIBILITY;NOT_USPS_VALIDITY;NO_INVENTORY
51053,EXACT_IMLS_OUTLET_ZIP,IA0536,002,,EXACT_OUTLET;TIE_FSCSKEY_SEQ,EXACT_OUTLET;NOT_USPS_VALIDITY;NO_INVENTORY
51054,EXACT_IMLS_OUTLET_ZIP,IA0585,001,,EXACT_OUTLET;TIE_FSCSKEY_SEQ,EXACT_OUTLET;NOT_USPS_VALIDITY;NO_INVENTORY
51055,EXACT_IMLS_OUTLET_ZIP,IA0230,002,,EXACT_OUTLET;TIE_FSCSKEY_SEQ,EXACT_OUTLET;NOT_USPS_VALIDITY;NO_INVENTORY
51056,ZCTA_NEAREST_ACTIVE_OUTLET,IA0229,004,11.640,ZCTA_NN;R6371;TIE_FIRST_LEX,ZCTA_NN_HAVERSINE;NOT_ELIGIBILITY;NOT_USPS_VALIDITY;NO_INVENTORY
51058,EXACT_IMLS_OUTLET_ZIP,IA0115,002,,EXACT_OUTLET;TIE_FSCSKEY_SEQ,EXACT_OUTLET;NOT_USPS_VALIDITY;NO_INVENTORY
51060,EXACT_IMLS_OUTLET_ZIP,IA0537,002,,EXACT_OUTLET;TIE_FSCSKEY_SEQ,EXACT_OUTLET;NOT_USPS_VALIDITY;NO_INVENTORY
51061,EXACT_IMLS_OUTLET_ZIP,IA0544,002,,EXACT_OUTLET;TIE_FSCSKEY_SEQ,EXACT_OUTLET;NOT_USPS_VALIDITY;NO_INVENTORY
51062,ZCTA_NEAREST_ACTIVE_OUTLET,SD0010,002,12.643,ZCTA_NN;R6371;TIE_FIRST_LEX,ZCTA_NN_HAVERSINE;NOT_ELIGIBILITY;NOT_USPS_VALIDITY;NO_INVENTORY
51063,EXACT_IMLS_OUTLET_ZIP,IA0495,002,,EXACT_OUTLET;TIE_FSCSKEY_SEQ,EXACT_OUTLET;NOT_USPS_VALIDITY;NO_INVENTORY
51101,EXACT_IMLS_OUTLET_ZIP,IA0225,002,,EXACT_OUTLET;TIE_FSCSKEY_SEQ,EXACT_OUTLET;NOT_USPS_VALIDITY;NO_INVENTORY
51102,OBSERVED_REFERENCE_INDIRECT_ONLY,,,,INDIRECT_IMLS_SC;NO_FABRICATED_NEAREST,INDIRECT_IMLS_SC;NO_FABRICATED_NEAREST;NOT_REJECTED;NOT_USPS_VALIDITY;NO_INVENTORY
51103,ZCTA_NEAREST_ACTIVE_OUTLET,IA0225,003,2.733,ZCTA_NN;R6371;TIE_FIRST_LEX,ZCTA_NN_HAVERSINE;NOT_ELIGIBILITY;NOT_USPS_VALIDITY;NO_INVENTORY
51104,EXACT_IMLS_OUTLET_ZIP,IA0225,003,,EXACT_OUTLET;TIE_FSCSKEY_SEQ,EXACT_OUTLET;NOT_USPS_VALIDITY;NO_INVENTORY
51105,ZCTA_NEAREST_ACTIVE_OUTLET,IA0225,002,3.434,ZCTA_NN;R6371;TIE_FIRST_LEX,ZCTA_NN_HAVERSINE;NOT_ELIGIBILITY;NOT_USPS_VALIDITY;NO_INVENTORY
51106,EXACT_IMLS_OUTLET_ZIP,IA0225,004,,EXACT_OUTLET;TIE_FSCSKEY_SEQ,EXACT_OUTLET;NOT_USPS_VALIDITY;NO_INVENTORY
51108,ZCTA_NEAREST_ACTIVE_OUTLET,IA0225,003,7.153,ZCTA_NN;R6371;TIE_FIRST_LEX,ZCTA_NN_HAVERSINE;NOT_ELIGIBILITY;NOT_USPS_VALIDITY;NO_INVENTORY
51109,ZCTA_NEAREST_ACTIVE_OUTLET,SD0157,001,9.245,ZCTA_NN;R6371;TIE_FIRST_LEX,ZCTA_NN_HAVERSINE;NOT_ELIGIBILITY;NOT_USPS_VALIDITY;NO_INVENTORY
51111,ZCTA_NEAREST_ACTIVE_OUTLET,NE0067,002,2.315,ZCTA_NN;R6371;TIE_FIRST_LEX,ZCTA_NN_HAVERSINE;NOT_ELIGIBILITY;NOT_USPS_VALIDITY;NO_INVENTORY
51201,EXACT_IMLS_OUTLET_ZIP,IA0407,002,,EXACT_OUTLET;TIE_FSCSKEY_SEQ,EXACT_OUTLET;NOT_USPS_VALIDITY;NO_INVENTORY
51230,ZCTA_NEAREST_ACTIVE_OUTLET,IA0107,002,10.298,ZCTA_NN;R6371;TIE_FIRST_LEX,ZCTA_NN_HAVERSINE;NOT_ELIGIBILITY;NOT_USPS_VALIDITY;NO_INVENTORY
51231,ZCTA_NEAREST_ACTIVE_OUTLET,IA0113,002,9.650,ZCTA_NN;R6371;TIE_FIRST_LEX,ZCTA_NN_HAVERSINE;NOT_ELIGIBILITY;NOT_USPS_VALIDITY;NO_INVENTORY
51232,EXACT_IMLS_OUTLET_ZIP,IA0116,002,,EXACT_OUTLET;TIE_FSCSKEY_SEQ,EXACT_OUTLET;NOT_USPS_VALIDITY;NO_INVENTORY
51234,EXACT_IMLS_OUTLET_ZIP,IA0179,002,,EXACT_OUTLET;TIE_FSCSKEY_SEQ,EXACT_OUTLET;NOT_USPS_VALIDITY;NO_INVENTORY
51235,EXACT_IMLS_OUTLET_ZIP,IA0531,002,,EXACT_OUTLET;TIE_FSCSKEY_SEQ,EXACT_OUTLET;NOT_USPS_VALIDITY;NO_INVENTORY
51237,EXACT_IMLS_OUTLET_ZIP,IA0106,002,,EXACT_OUTLET;TIE_FSCSKEY_SEQ,EXACT_OUTLET;NOT_USPS_VALIDITY;NO_INVENTORY
51238,EXACT_IMLS_OUTLET_ZIP,IA0573,001,,EXACT_OUTLET;TIE_FSCSKEY_SEQ,EXACT_OUTLET;NOT_USPS_VALIDITY;NO_INVENTORY
51239,EXACT_IMLS_OUTLET_ZIP,IA0181,002,,EXACT_OUTLET;TIE_FSCSKEY_SEQ,EXACT_OUTLET;NOT_USPS_VALIDITY;NO_INVENTORY
51240,EXACT_IMLS_OUTLET_ZIP,IA0107,002,,EXACT_OUTLET;TIE_FSCSKEY_SEQ,EXACT_OUTLET;NOT_USPS_VALIDITY;NO_INVENTORY
51241,EXACT_IMLS_OUTLET_ZIP,IA0108,002,,EXACT_OUTLET;TIE_FSCSKEY_SEQ,EXACT_OUTLET;NOT_USPS_VALIDITY;NO_INVENTORY
51242,ZCTA_NEAREST_ACTIVE_OUTLET,IA0108,002,8.120,ZCTA_NN;R6371;TIE_FIRST_LEX,ZCTA_NN_HAVERSINE;NOT_ELIGIBILITY;NOT_USPS_VALIDITY;NO_INVENTORY
51243,EXACT_IMLS_OUTLET_ZIP,IA0109,002,,EXACT_OUTLET;TIE_FSCSKEY_SEQ,EXACT_OUTLET;NOT_USPS_VALIDITY;NO_INVENTORY
51244,ZCTA_NEAREST_ACTIVE_OUTLET,IA0179,002,8.338,ZCTA_NN;R6371;TIE_FIRST_LEX,ZCTA_NN_HAVERSINE;NOT_ELIGIBILITY;NOT_USPS_VALIDITY;NO_INVENTORY
51245,EXACT_IMLS_OUTLET_ZIP,IA0113,002,,EXACT_OUTLET;TIE_FSCSKEY_SEQ,EXACT_OUTLET;NOT_USPS_VALIDITY;NO_INVENTORY
51246,EXACT_IMLS_OUTLET_ZIP,IA0111,002,,EXACT_OUTLET;TIE_FSCSKEY_SEQ,EXACT_OUTLET;NOT_USPS_VALIDITY;NO_INVENTORY
51247,EXACT_IMLS_OUTLET_ZIP,IA0183,002,,EXACT_OUTLET;TIE_FSCSKEY_SEQ,EXACT_OUTLET;NOT_USPS_VALIDITY;NO_INVENTORY
51248,EXACT_IMLS_OUTLET_ZIP,IA0114,002,,EXACT_OUTLET;TIE_FSCSKEY_SEQ,EXACT_OUTLET;NOT_USPS_VALIDITY;NO_INVENTORY
51249,EXACT_IMLS_OUTLET_ZIP,IA0119,002,,EXACT_OUTLET;TIE_FSCSKEY_SEQ,EXACT_OUTLET;NOT_USPS_VALIDITY;NO_INVENTORY
51250,EXACT_IMLS_OUTLET_ZIP,IA0184,002,,EXACT_OUTLET;TIE_FSCSKEY_SEQ,EXACT_OUTLET;NOT_USPS_VALIDITY;NO_INVENTORY
51301,EXACT_IMLS_OUTLET_ZIP,IA0423,002,,EXACT_OUTLET;TIE_FSCSKEY_SEQ,EXACT_OUTLET;NOT_USPS_VALIDITY;NO_INVENTORY
51331,EXACT_IMLS_OUTLET_ZIP,IA0425,002,,EXACT_OUTLET;TIE_FSCSKEY_SEQ,EXACT_OUTLET;NOT_USPS_VALIDITY;NO_INVENTORY
51333,ZCTA_NEAREST_ACTIVE_OUTLET,IA0123,002,8.328,ZCTA_NN;R6371;TIE_FIRST_LEX,ZCTA_NN_HAVERSINE;NOT_ELIGIBILITY;NOT_USPS_VALIDITY;NO_INVENTORY
51334,EXACT_IMLS_OUTLET_ZIP,IA0103,002,,EXACT_OUTLET;TIE_FSCSKEY_SEQ,EXACT_OUTLET;NOT_USPS_VALIDITY;NO_INVENTORY
51338,EXACT_IMLS_OUTLET_ZIP,IA0525,002,,EXACT_OUTLET;TIE_FSCSKEY_SEQ,EXACT_OUTLET;NOT_USPS_VALIDITY;NO_INVENTORY
51340,ZCTA_NEAREST_ACTIVE_OUTLET,IA0427,002,9.281,ZCTA_NN;R6371;TIE_FIRST_LEX,ZCTA_NN_HAVERSINE;NOT_ELIGIBILITY;NOT_USPS_VALIDITY;NO_INVENTORY
51341,ZCTA_NEAREST_ACTIVE_OUTLET,IA0424,002,8.041,ZCTA_NN;R6371;TIE_FIRST_LEX,ZCTA_NN_HAVERSINE;NOT_ELIGIBILITY;NOT_USPS_VALIDITY;NO_INVENTORY
51342,EXACT_IMLS_OUTLET_ZIP,IA0505,002,,EXACT_OUTLET;TIE_FSCSKEY_SEQ,EXACT_OUTLET;NOT_USPS_VALIDITY;NO_INVENTORY
51343,ZCTA_NEAREST_ACTIVE_OUTLET,IA0424,002,12.137,ZCTA_NN;R6371;TIE_FIRST_LEX,ZCTA_NN_HAVERSINE;NOT_ELIGIBILITY;NOT_USPS_VALIDITY;NO_INVENTORY
51345,ZCTA_NEAREST_ACTIVE_OUTLET,IA0118,002,7.979,ZCTA_NN;R6371;TIE_FIRST_LEX,ZCTA_NN_HAVERSINE;NOT_ELIGIBILITY;NOT_USPS_VALIDITY;NO_INVENTORY
51346,EXACT_IMLS_OUTLET_ZIP,IA0520,002,,EXACT_OUTLET;TIE_FSCSKEY_SEQ,EXACT_OUTLET;NOT_USPS_VALIDITY;NO_INVENTORY
51347,EXACT_IMLS_OUTLET_ZIP,IA0426,002,,EXACT_OUTLET;TIE_FSCSKEY_SEQ,EXACT_OUTLET;NOT_USPS_VALIDITY;NO_INVENTORY
51350,EXACT_IMLS_OUTLET_ZIP,IA0117,002,,EXACT_OUTLET;TIE_FSCSKEY_SEQ,EXACT_OUTLET;NOT_USPS_VALIDITY;NO_INVENTORY
51351,EXACT_IMLS_OUTLET_ZIP,IA0427,002,,EXACT_OUTLET;TIE_FSCSKEY_SEQ,EXACT_OUTLET;NOT_USPS_VALIDITY;NO_INVENTORY
51354,EXACT_IMLS_OUTLET_ZIP,IA0118,002,,EXACT_OUTLET;TIE_FSCSKEY_SEQ,EXACT_OUTLET;NOT_USPS_VALIDITY;NO_INVENTORY
51355,ZCTA_NEAREST_ACTIVE_OUTLET,IA0425,002,2.465,ZCTA_NN;R6371;TIE_FIRST_LEX,ZCTA_NN_HAVERSINE;NOT_ELIGIBILITY;NOT_USPS_VALIDITY;NO_INVENTORY
51357,EXACT_IMLS_OUTLET_ZIP,IA0422,002,,EXACT_OUTLET;TIE_FSCSKEY_SEQ,EXACT_OUTLET;NOT_USPS_VALIDITY;NO_INVENTORY
51358,EXACT_IMLS_OUTLET_ZIP,IA0123,002,,EXACT_OUTLET;TIE_FSCSKEY_SEQ,EXACT_OUTLET;NOT_USPS_VALIDITY;NO_INVENTORY
51360,EXACT_IMLS_OUTLET_ZIP,IA0428,002,,EXACT_OUTLET;TIE_FSCSKEY_SEQ,EXACT_OUTLET;NOT_USPS_VALIDITY;NO_INVENTORY
51363,ZCTA_NEAREST_ACTIVE_OUTLET,IA0103,002,9.610,ZCTA_NN;R6371;TIE_FIRST_LEX,ZCTA_NN_HAVERSINE;NOT_ELIGIBILITY;NOT_USPS_VALIDITY;NO_INVENTORY
51364,EXACT_IMLS_OUTLET_ZIP,IA0429,002,,EXACT_OUTLET;TIE_FSCSKEY_SEQ,EXACT_OUTLET;NOT_USPS_VALIDITY;NO_INVENTORY
51365,ZCTA_NEAREST_ACTIVE_OUTLET,IA0505,002,8.283,ZCTA_NN;R6371;TIE_FIRST_LEX,ZCTA_NN_HAVERSINE;NOT_ELIGIBILITY;NOT_USPS_VALIDITY;NO_INVENTORY
51366,EXACT_IMLS_OUTLET_ZIP,IA0424,002,,EXACT_OUTLET;TIE_FSCSKEY_SEQ,EXACT_OUTLET;NOT_USPS_VALIDITY;NO_INVENTORY
51401,EXACT_IMLS_OUTLET_ZIP,IA0325,002,,EXACT_OUTLET;TIE_FSCSKEY_SEQ,EXACT_OUTLET;NOT_USPS_VALIDITY;NO_INVENTORY
51430,ZCTA_NEAREST_ACTIVE_OUTLET,IA0545,002,6.151,ZCTA_NN;R6371;TIE_FIRST_LEX,ZCTA_NN_HAVERSINE;NOT_ELIGIBILITY;NOT_USPS_VALIDITY;NO_INVENTORY
51431,EXACT_IMLS_OUTLET_ZIP,IA0491,002,,EXACT_OUTLET;TIE_FSCSKEY_SEQ,EXACT_OUTLET;NOT_USPS_VALIDITY;NO_INVENTORY
51432,ZCTA_NEAREST_ACTIVE_OUTLET,IA0187,002,6.025,ZCTA_NN;R6371;TIE_FIRST_LEX,ZCTA_NN_HAVERSINE;NOT_ELIGIBILITY;NOT_USPS_VALIDITY;NO_INVENTORY
51433,EXACT_IMLS_OUTLET_ZIP,IA0528,002,,EXACT_OUTLET;TIE_FSCSKEY_SEQ,EXACT_OUTLET;NOT_USPS_VALIDITY;NO_INVENTORY
51436,ZCTA_NEAREST_ACTIVE_OUTLET,IA0238,002,11.559,ZCTA_NN;R6371;TIE_FIRST_LEX,ZCTA_NN_HAVERSINE;NOT_ELIGIBILITY;NOT_USPS_VALIDITY;NO_INVENTORY
51439,EXACT_IMLS_OUTLET_ZIP,IA0484,002,,EXACT_OUTLET;TIE_FSCSKEY_SEQ,EXACT_OUTLET;NOT_USPS_VALIDITY;NO_INVENTORY
51440,ZCTA_NEAREST_ACTIVE_OUTLET,IA0186,002,12.390,ZCTA_NN;R6371;TIE_FIRST_LEX,ZCTA_NN_HAVERSINE;NOT_ELIGIBILITY;NOT_USPS_VALIDITY;NO_INVENTORY
51441,ZCTA_NEAREST_ACTIVE_OUTLET,IA0481,002,11.310,ZCTA_NN;R6371;TIE_FIRST_LEX,ZCTA_NN_HAVERSINE;NOT_ELIGIBILITY;NOT_USPS_VALIDITY;NO_INVENTORY
51442,EXACT_IMLS_OUTLET_ZIP,IA0481,002,,EXACT_OUTLET;TIE_FSCSKEY_SEQ,EXACT_OUTLET;NOT_USPS_VALIDITY;NO_INVENTORY
51443,EXACT_IMLS_OUTLET_ZIP,IA0532,003,,EXACT_OUTLET;TIE_FSCSKEY_SEQ,EXACT_OUTLET;NOT_USPS_VALIDITY;NO_INVENTORY
51444,ZCTA_NEAREST_ACTIVE_OUTLET,IA0325,002,10.558,ZCTA_NN;R6371;TIE_FIRST_LEX,ZCTA_NN_HAVERSINE;NOT_ELIGIBILITY;NOT_USPS_VALIDITY;NO_INVENTORY
51445,EXACT_IMLS_OUTLET_ZIP,IA0493,002,,EXACT_OUTLET;TIE_FSCSKEY_SEQ,EXACT_OUTLET;NOT_USPS_VALIDITY;NO_INVENTORY
51446,EXACT_IMLS_OUTLET_ZIP,IA0582,001,,EXACT_OUTLET;TIE_FSCSKEY_SEQ,EXACT_OUTLET;NOT_USPS_VALIDITY;NO_INVENTORY
51447,ZCTA_NEAREST_ACTIVE_OUTLET,IA0582,001,7.775,ZCTA_NN;R6371;TIE_FIRST_LEX,ZCTA_NN_HAVERSINE;NOT_ELIGIBILITY;NOT_USPS_VALIDITY;NO_INVENTORY
51448,ZCTA_NEAREST_ACTIVE_OUTLET,IA0483,002,11.043,ZCTA_NN;R6371;TIE_FIRST_LEX,ZCTA_NN_HAVERSINE;NOT_ELIGIBILITY;NOT_USPS_VALIDITY;NO_INVENTORY
51449,EXACT_IMLS_OUTLET_ZIP,IA0523,002,,EXACT_OUTLET;TIE_FSCSKEY_SEQ,EXACT_OUTLET;NOT_USPS_VALIDITY;NO_INVENTORY
51450,EXACT_IMLS_OUTLET_ZIP,IA0235,002,,EXACT_OUTLET;TIE_FSCSKEY_SEQ,EXACT_OUTLET;NOT_USPS_VALIDITY;NO_INVENTORY
51451,ZCTA_NEAREST_ACTIVE_OUTLET,IA0523,002,9.785,ZCTA_NN;R6371;TIE_FIRST_LEX,ZCTA_NN_HAVERSINE;NOT_ELIGIBILITY;NOT_USPS_VALIDITY;NO_INVENTORY
51452,ZCTA_NEAREST_ACTIVE_OUTLET,IA0532,003,8.810,ZCTA_NN;R6371;TIE_FIRST_LEX,ZCTA_NN_HAVERSINE;NOT_ELIGIBILITY;NOT_USPS_VALIDITY;NO_INVENTORY
51453,EXACT_IMLS_OUTLET_ZIP,IA0503,002,,EXACT_OUTLET;TIE_FSCSKEY_SEQ,EXACT_OUTLET;NOT_USPS_VALIDITY;NO_INVENTORY
51454,EXACT_IMLS_OUTLET_ZIP,IA0541,002,,EXACT_OUTLET;TIE_FSCSKEY_SEQ,EXACT_OUTLET;NOT_USPS_VALIDITY;NO_INVENTORY
51455,EXACT_IMLS_OUTLET_ZIP,IA0187,002,,EXACT_OUTLET;TIE_FSCSKEY_SEQ,EXACT_OUTLET;NOT_USPS_VALIDITY;NO_INVENTORY
51458,EXACT_IMLS_OUTLET_ZIP,IA0189,002,,EXACT_OUTLET;TIE_FSCSKEY_SEQ,EXACT_OUTLET;NOT_USPS_VALIDITY;NO_INVENTORY
51459,ZCTA_NEAREST_ACTIVE_OUTLET,IA0532,003,7.556,ZCTA_NN;R6371;TIE_FIRST_LEX,ZCTA_NN_HAVERSINE;NOT_ELIGIBILITY;NOT_USPS_VALIDITY;NO_INVENTORY
51460,ZCTA_NEAREST_ACTIVE_OUTLET,IA0484,002,7.160,ZCTA_NN;R6371;TIE_FIRST_LEX,ZCTA_NN_HAVERSINE;NOT_ELIGIBILITY;NOT_USPS_VALIDITY;NO_INVENTORY
51461,EXACT_IMLS_OUTLET_ZIP,IA0483,002,,EXACT_OUTLET;TIE_FSCSKEY_SEQ,EXACT_OUTLET;NOT_USPS_VALIDITY;NO_INVENTORY
51462,EXACT_IMLS_OUTLET_ZIP,IA0521,002,,EXACT_OUTLET;TIE_FSCSKEY_SEQ,EXACT_OUTLET;NOT_USPS_VALIDITY;NO_INVENTORY
51463,ZCTA_NEAREST_ACTIVE_OUTLET,IA0187,002,12.624,ZCTA_NN;R6371;TIE_FIRST_LEX,ZCTA_NN_HAVERSINE;NOT_ELIGIBILITY;NOT_USPS_VALIDITY;NO_INVENTORY
51465,ZCTA_NEAREST_ACTIVE_OUTLET,IA0545,002,8.560,ZCTA_NN;R6371;TIE_FIRST_LEX,ZCTA_NN_HAVERSINE;NOT_ELIGIBILITY;NOT_USPS_VALIDITY;NO_INVENTORY
51466,EXACT_IMLS_OUTLET_ZIP,IA0238,002,,EXACT_OUTLET;TIE_FSCSKEY_SEQ,EXACT_OUTLET;NOT_USPS_VALIDITY;NO_INVENTORY
51467,EXACT_IMLS_OUTLET_ZIP,IA0545,002,,EXACT_OUTLET;TIE_FSCSKEY_SEQ,EXACT_OUTLET;NOT_USPS_VALIDITY;NO_INVENTORY
51501,ZCTA_NEAREST_ACTIVE_OUTLET,NE0162,015,4.451,ZCTA_NN;R6371;TIE_FIRST_LEX,ZCTA_NN_HAVERSINE;NOT_ELIGIBILITY;NOT_USPS_VALIDITY;NO_INVENTORY
51502,OBSERVED_REFERENCE_INDIRECT_ONLY,,,,INDIRECT_IMLS_SC;NO_FABRICATED_NEAREST,INDIRECT_IMLS_SC;NO_FABRICATED_NEAREST;NOT_REJECTED;NOT_USPS_VALIDITY;NO_INVENTORY
51503,EXACT_IMLS_OUTLET_ZIP,IA0453,002,,EXACT_OUTLET;TIE_FSCSKEY_SEQ,EXACT_OUTLET;NOT_USPS_VALIDITY;NO_INVENTORY
51510,EXACT_IMLS_OUTLET_ZIP,IA0518,002,,EXACT_OUTLET;TIE_FSCSKEY_SEQ,EXACT_OUTLET;NOT_USPS_VALIDITY;NO_INVENTORY
51520,ZCTA_NEAREST_ACTIVE_OUTLET,IA0513,002,5.447,ZCTA_NN;R6371;TIE_FIRST_LEX,ZCTA_NN_HAVERSINE;NOT_ELIGIBILITY;NOT_USPS_VALIDITY;NO_INVENTORY
51521,EXACT_IMLS_OUTLET_ZIP,IA0452,002,,EXACT_OUTLET;TIE_FSCSKEY_SEQ,EXACT_OUTLET;NOT_USPS_VALIDITY;NO_INVENTORY
51523,ZCTA_NEAREST_ACTIVE_OUTLET,IA0494,002,12.575,ZCTA_NN;R6371;TIE_FIRST_LEX,ZCTA_NN_HAVERSINE;NOT_ELIGIBILITY;NOT_USPS_VALIDITY;NO_INVENTORY
51525,ZCTA_NEAREST_ACTIVE_OUTLET,IA0454,002,8.370,ZCTA_NN;R6371;TIE_FIRST_LEX,ZCTA_NN_HAVERSINE;NOT_ELIGIBILITY;NOT_USPS_VALIDITY;NO_INVENTORY
51526,ZCTA_NEAREST_ACTIVE_OUTLET,NE0162,006,8.258,ZCTA_NN;R6371;TIE_FIRST_LEX,ZCTA_NN_HAVERSINE;NOT_ELIGIBILITY;NOT_USPS_VALIDITY;NO_INVENTORY
51527,ZCTA_NEAREST_ACTIVE_OUTLET,IA0541,002,10.426,ZCTA_NN;R6371;TIE_FIRST_LEX,ZCTA_NN_HAVERSINE;NOT_ELIGIBILITY;NOT_USPS_VALIDITY;NO_INVENTORY
51528,EXACT_IMLS_OUTLET_ZIP,IA0513,002,,EXACT_OUTLET;TIE_FSCSKEY_SEQ,EXACT_OUTLET;NOT_USPS_VALIDITY;NO_INVENTORY
51529,EXACT_IMLS_OUTLET_ZIP,IA0485,002,,EXACT_OUTLET;TIE_FSCSKEY_SEQ,EXACT_OUTLET;NOT_USPS_VALIDITY;NO_INVENTORY
51530,ZCTA_NEAREST_ACTIVE_OUTLET,IA0485,002,15.591,ZCTA_NN;R6371;TIE_FIRST_LEX,ZCTA_NN_HAVERSINE;NOT_ELIGIBILITY;NOT_USPS_VALIDITY;NO_INVENTORY
51531,EXACT_IMLS_OUTLET_ZIP,IA0226,002,,EXACT_OUTLET;TIE_FSCSKEY_SEQ,EXACT_OUTLET;NOT_USPS_VALIDITY;NO_INVENTORY
51532,EXACT_IMLS_OUTLET_ZIP,IA0434,002,,EXACT_OUTLET;TIE_FSCSKEY_SEQ,EXACT_OUTLET;NOT_USPS_VALIDITY;NO_INVENTORY
51533,EXACT_IMLS_OUTLET_ZIP,IA0442,002,,EXACT_OUTLET;TIE_FSCSKEY_SEQ,EXACT_OUTLET;NOT_USPS_VALIDITY;NO_INVENTORY
51534,EXACT_IMLS_OUTLET_ZIP,IA0438,002,,EXACT_OUTLET;TIE_FSCSKEY_SEQ,EXACT_OUTLET;NOT_USPS_VALIDITY;NO_INVENTORY
51535,EXACT_IMLS_OUTLET_ZIP,IA0450,002,,EXACT_OUTLET;TIE_FSCSKEY_SEQ,EXACT_OUTLET;NOT_USPS_VALIDITY;NO_INVENTORY
51536,ZCTA_NEAREST_ACTIVE_OUTLET,IA0454,002,8.793,ZCTA_NN;R6371;TIE_FIRST_LEX,ZCTA_NN_HAVERSINE;NOT_ELIGIBILITY;NOT_USPS_VALIDITY;NO_INVENTORY
51537,EXACT_IMLS_OUTLET_ZIP,IA0498,002,,EXACT_OUTLET;TIE_FSCSKEY_SEQ,EXACT_OUTLET;NOT_USPS_VALIDITY;NO_INVENTORY
51540,ZCTA_NEAREST_ACTIVE_OUTLET,IA0440,002,7.639,ZCTA_NN;R6371;TIE_FIRST_LEX,ZCTA_NN_HAVERSINE;NOT_ELIGIBILITY;NOT_USPS_VALIDITY;NO_INVENTORY
51541,ZCTA_NEAREST_ACTIVE_OUTLET,IA0442,002,13.622,ZCTA_NN;R6371;TIE_FIRST_LEX,ZCTA_NN_HAVERSINE;NOT_ELIGIBILITY;NOT_USPS_VALIDITY;NO_INVENTORY
51542,ZCTA_NEAREST_ACTIVE_OUTLET,IA0487,002,13.875,ZCTA_NN;R6371;TIE_FIRST_LEX,ZCTA_NN_HAVERSINE;NOT_ELIGIBILITY;NOT_USPS_VALIDITY;NO_INVENTORY
51543,ZCTA_NEAREST_ACTIVE_OUTLET,IA0226,002,7.444,ZCTA_NN;R6371;TIE_FIRST_LEX,ZCTA_NN_HAVERSINE;NOT_ELIGIBILITY;NOT_USPS_VALIDITY;NO_INVENTORY
51544,EXACT_IMLS_OUTLET_ZIP,IA0439,002,,EXACT_OUTLET;TIE_FSCSKEY_SEQ,EXACT_OUTLET;NOT_USPS_VALIDITY;NO_INVENTORY
51545,ZCTA_NEAREST_ACTIVE_OUTLET,IA0560,001,15.312,ZCTA_NN;R6371;TIE_FIRST_LEX,ZCTA_NN_HAVERSINE;NOT_ELIGIBILITY;NOT_USPS_VALIDITY;NO_INVENTORY
51546,EXACT_IMLS_OUTLET_ZIP,IA0486,002,,EXACT_OUTLET;TIE_FSCSKEY_SEQ,EXACT_OUTLET;NOT_USPS_VALIDITY;NO_INVENTORY
51548,ZCTA_NEAREST_ACTIVE_OUTLET,IA0453,002,19.073,ZCTA_NN;R6371;TIE_FIRST_LEX,ZCTA_NN_HAVERSINE;NOT_ELIGIBILITY;NOT_USPS_VALIDITY;NO_INVENTORY
51549,ZCTA_NEAREST_ACTIVE_OUTLET,IA0454,002,14.691,ZCTA_NN;R6371;TIE_FIRST_LEX,ZCTA_NN_HAVERSINE;NOT_ELIGIBILITY;NOT_USPS_VALIDITY;NO_INVENTORY
51550,ZCTA_NEAREST_ACTIVE_OUTLET,IA0486,002,8.828,ZCTA_NN;R6371;TIE_FIRST_LEX,ZCTA_NN_HAVERSINE;NOT_ELIGIBILITY;NOT_USPS_VALIDITY;NO_INVENTORY
51551,EXACT_IMLS_OUTLET_ZIP,IA0440,002,,EXACT_OUTLET;TIE_FSCSKEY_SEQ,EXACT_OUTLET;NOT_USPS_VALIDITY;NO_INVENTORY
51552,ZCTA_NEAREST_ACTIVE_OUTLET,IA0455,002,9.033,ZCTA_NN;R6371;TIE_FIRST_LEX,ZCTA_NN_HAVERSINE;NOT_ELIGIBILITY;NOT_USPS_VALIDITY;NO_INVENTORY
51553,ZCTA_NEAREST_ACTIVE_OUTLET,IA0454,002,17.202,ZCTA_NN;R6371;TIE_FIRST_LEX,ZCTA_NN_HAVERSINE;NOT_ELIGIBILITY;NOT_USPS_VALIDITY;NO_INVENTORY
51554,ZCTA_NEAREST_ACTIVE_OUTLET,IA0441,002,5.126,ZCTA_NN;R6371;TIE_FIRST_LEX,ZCTA_NN_HAVERSINE;NOT_ELIGIBILITY;NOT_USPS_VALIDITY;NO_INVENTORY
51555,EXACT_IMLS_OUTLET_ZIP,IA0487,002,,EXACT_OUTLET;TIE_FSCSKEY_SEQ,EXACT_OUTLET;NOT_USPS_VALIDITY;NO_INVENTORY
51556,EXACT_IMLS_OUTLET_ZIP,IA0488,002,,EXACT_OUTLET;TIE_FSCSKEY_SEQ,EXACT_OUTLET;NOT_USPS_VALIDITY;NO_INVENTORY
51557,EXACT_IMLS_OUTLET_ZIP,IA0489,002,,EXACT_OUTLET;TIE_FSCSKEY_SEQ,EXACT_OUTLET;NOT_USPS_VALIDITY;NO_INVENTORY
51558,EXACT_IMLS_OUTLET_ZIP,IA0560,001,,EXACT_OUTLET;TIE_FSCSKEY_SEQ,EXACT_OUTLET;NOT_USPS_VALIDITY;NO_INVENTORY
51559,ZCTA_NEAREST_ACTIVE_OUTLET,IA0487,002,23.458,ZCTA_NN;R6371;TIE_FIRST_LEX,ZCTA_NN_HAVERSINE;NOT_ELIGIBILITY;NOT_USPS_VALIDITY;NO_INVENTORY
51560,EXACT_IMLS_OUTLET_ZIP,IA0454,002,,EXACT_OUTLET;TIE_FSCSKEY_SEQ,EXACT_OUTLET;NOT_USPS_VALIDITY;NO_INVENTORY
51561,ZCTA_NEAREST_ACTIVE_OUTLET,NE0181,002,6.303,ZCTA_NN;R6371;TIE_FIRST_LEX,ZCTA_NN_HAVERSINE;NOT_ELIGIBILITY;NOT_USPS_VALIDITY;NO_INVENTORY
51562,ZCTA_NEAREST_ACTIVE_OUTLET,IA0498,002,16.235,ZCTA_NN;R6371;TIE_FIRST_LEX,ZCTA_NN_HAVERSINE;NOT_ELIGIBILITY;NOT_USPS_VALIDITY;NO_INVENTORY
51563,ZCTA_NEAREST_ACTIVE_OUTLET,IA0486,002,18.817,ZCTA_NN;R6371;TIE_FIRST_LEX,ZCTA_NN_HAVERSINE;NOT_ELIGIBILITY;NOT_USPS_VALIDITY;NO_INVENTORY
51564,ZCTA_NEAREST_ACTIVE_OUTLET,IA0560,001,13.671,ZCTA_NN;R6371;TIE_FIRST_LEX,ZCTA_NN_HAVERSINE;NOT_ELIGIBILITY;NOT_USPS_VALIDITY;NO_INVENTORY
51565,ZCTA_NEAREST_ACTIVE_OUTLET,IA0498,002,17.085,ZCTA_NN;R6371;TIE_FIRST_LEX,ZCTA_NN_HAVERSINE;NOT_ELIGIBILITY;NOT_USPS_VALIDITY;NO_INVENTORY
51566,EXACT_IMLS_OUTLET_ZIP,IA0435,002,,EXACT_OUTLET;TIE_FSCSKEY_SEQ,EXACT_OUTLET;NOT_USPS_VALIDITY;NO_INVENTORY
51570,ZCTA_NEAREST_ACTIVE_OUTLET,IA0452,002,11.852,ZCTA_NN;R6371;TIE_FIRST_LEX,ZCTA_NN_HAVERSINE;NOT_ELIGIBILITY;NOT_USPS_VALIDITY;NO_INVENTORY
51571,EXACT_IMLS_OUTLET_ZIP,IA0441,002,,EXACT_OUTLET;TIE_FSCSKEY_SEQ,EXACT_OUTLET;NOT_USPS_VALIDITY;NO_INVENTORY
51572,EXACT_IMLS_OUTLET_ZIP,IA0588,001,,EXACT_OUTLET;TIE_FSCSKEY_SEQ,EXACT_OUTLET;NOT_USPS_VALIDITY;NO_INVENTORY
51573,EXACT_IMLS_OUTLET_ZIP,IA0436,002,,EXACT_OUTLET;TIE_FSCSKEY_SEQ,EXACT_OUTLET;NOT_USPS_VALIDITY;NO_INVENTORY
51575,ZCTA_NEAREST_ACTIVE_OUTLET,IA0441,002,14.465,ZCTA_NN;R6371;TIE_FIRST_LEX,ZCTA_NN_HAVERSINE;NOT_ELIGIBILITY;NOT_USPS_VALIDITY;NO_INVENTORY
51576,ZCTA_NEAREST_ACTIVE_OUTLET,IA0453,002,17.862,ZCTA_NN;R6371;TIE_FIRST_LEX,ZCTA_NN_HAVERSINE;NOT_ELIGIBILITY;NOT_USPS_VALIDITY;NO_INVENTORY
51577,EXACT_IMLS_OUTLET_ZIP,IA0455,002,,EXACT_OUTLET;TIE_FSCSKEY_SEQ,EXACT_OUTLET;NOT_USPS_VALIDITY;NO_INVENTORY
51578,ZCTA_NEAREST_ACTIVE_OUTLET,IA0498,002,9.331,ZCTA_NN;R6371;TIE_FIRST_LEX,ZCTA_NN_HAVERSINE;NOT_ELIGIBILITY;NOT_USPS_VALIDITY;NO_INVENTORY
51579,EXACT_IMLS_OUTLET_ZIP,IA0490,002,,EXACT_OUTLET;TIE_FSCSKEY_SEQ,EXACT_OUTLET;NOT_USPS_VALIDITY;NO_INVENTORY
51601,EXACT_IMLS_OUTLET_ZIP,IA0431,002,,EXACT_OUTLET;TIE_FSCSKEY_SEQ,EXACT_OUTLET;NOT_USPS_VALIDITY;NO_INVENTORY
51630,ZCTA_NEAREST_ACTIVE_OUTLET,IA0519,002,6.885,ZCTA_NN;R6371;TIE_FIRST_LEX,ZCTA_NN_HAVERSINE;NOT_ELIGIBILITY;NOT_USPS_VALIDITY;NO_INVENTORY
51631,ZCTA_NEAREST_ACTIVE_OUTLET,IA0432,002,16.143,ZCTA_NN;R6371;TIE_FIRST_LEX,ZCTA_NN_HAVERSINE;NOT_ELIGIBILITY;NOT_USPS_VALIDITY;NO_INVENTORY
51632,EXACT_IMLS_OUTLET_ZIP,IA0432,002,,EXACT_OUTLET;TIE_FSCSKEY_SEQ,EXACT_OUTLET;NOT_USPS_VALIDITY;NO_INVENTORY
51636,EXACT_IMLS_OUTLET_ZIP,IA0519,002,,EXACT_OUTLET;TIE_FSCSKEY_SEQ,EXACT_OUTLET;NOT_USPS_VALIDITY;NO_INVENTORY
51637,ZCTA_NEAREST_ACTIVE_OUTLET,IA0519,002,10.432,ZCTA_NN;R6371;TIE_FIRST_LEX,ZCTA_NN_HAVERSINE;NOT_ELIGIBILITY;NOT_USPS_VALIDITY;NO_INVENTORY
51638,EXACT_IMLS_OUTLET_ZIP,IA0433,002,,EXACT_OUTLET;TIE_FSCSKEY_SEQ,EXACT_OUTLET;NOT_USPS_VALIDITY;NO_INVENTORY
51639,EXACT_IMLS_OUTLET_ZIP,IA0586,001,,EXACT_OUTLET;TIE_FSCSKEY_SEQ,EXACT_OUTLET;NOT_USPS_VALIDITY;NO_INVENTORY
51640,EXACT_IMLS_OUTLET_ZIP,IA0443,002,,EXACT_OUTLET;TIE_FSCSKEY_SEQ,EXACT_OUTLET;NOT_USPS_VALIDITY;NO_INVENTORY
51645,ZCTA_NEAREST_ACTIVE_OUTLET,IA0433,002,11.175,ZCTA_NN;R6371;TIE_FIRST_LEX,ZCTA_NN_HAVERSINE;NOT_ELIGIBILITY;NOT_USPS_VALIDITY;NO_INVENTORY
51646,EXACT_IMLS_OUTLET_ZIP,IA0535,002,,EXACT_OUTLET;TIE_FSCSKEY_SEQ,EXACT_OUTLET;NOT_USPS_VALIDITY;NO_INVENTORY
51647,ZCTA_NEAREST_ACTIVE_OUTLET,IA0519,002,10.980,ZCTA_NN;R6371;TIE_FIRST_LEX,ZCTA_NN_HAVERSINE;NOT_ELIGIBILITY;NOT_USPS_VALIDITY;NO_INVENTORY
51648,ZCTA_NEAREST_ACTIVE_OUTLET,NE0149,002,8.563,ZCTA_NN;R6371;TIE_FIRST_LEX,ZCTA_NN_HAVERSINE;NOT_ELIGIBILITY;NOT_USPS_VALIDITY;NO_INVENTORY
51649,EXACT_IMLS_OUTLET_ZIP,IA0444,002,,EXACT_OUTLET;TIE_FSCSKEY_SEQ,EXACT_OUTLET;NOT_USPS_VALIDITY;NO_INVENTORY
51650,ZCTA_NEAREST_ACTIVE_OUTLET,IA0586,001,7.436,ZCTA_NN;R6371;TIE_FIRST_LEX,ZCTA_NN_HAVERSINE;NOT_ELIGIBILITY;NOT_USPS_VALIDITY;NO_INVENTORY
51651,ZCTA_NEAREST_ACTIVE_OUTLET,IA0432,002,8.737,ZCTA_NN;R6371;TIE_FIRST_LEX,ZCTA_NN_HAVERSINE;NOT_ELIGIBILITY;NOT_USPS_VALIDITY;NO_INVENTORY
51652,EXACT_IMLS_OUTLET_ZIP,IA0445,002,,EXACT_OUTLET;TIE_FSCSKEY_SEQ,EXACT_OUTLET;NOT_USPS_VALIDITY;NO_INVENTORY
51653,EXACT_IMLS_OUTLET_ZIP,IA0446,002,,EXACT_OUTLET;TIE_FSCSKEY_SEQ,EXACT_OUTLET;NOT_USPS_VALIDITY;NO_INVENTORY
51654,ZCTA_NEAREST_ACTIVE_OUTLET,IA0446,002,11.760,ZCTA_NN;R6371;TIE_FIRST_LEX,ZCTA_NN_HAVERSINE;NOT_ELIGIBILITY;NOT_USPS_VALIDITY;NO_INVENTORY
51656,ZCTA_NEAREST_ACTIVE_OUTLET,IA0432,002,9.866,ZCTA_NN;R6371;TIE_FIRST_LEX,ZCTA_NN_HAVERSINE;NOT_ELIGIBILITY;NOT_USPS_VALIDITY;NO_INVENTORY
52001,EXACT_IMLS_OUTLET_ZIP,IA0147,002,,EXACT_OUTLET;TIE_FSCSKEY_SEQ,EXACT_OUTLET;NOT_USPS_VALIDITY;NO_INVENTORY
52002,EXACT_IMLS_OUTLET_ZIP,IA0148,002,,EXACT_OUTLET;TIE_FSCSKEY_SEQ,EXACT_OUTLET;NOT_USPS_VALIDITY;NO_INVENTORY
52003,ZCTA_NEAREST_ACTIVE_OUTLET,IL0152,002,7.216,ZCTA_NN;R6371;TIE_FIRST_LEX,ZCTA_NN_HAVERSINE;NOT_ELIGIBILITY;NOT_USPS_VALIDITY;NO_INVENTORY
52004,OBSERVED_REFERENCE_INDIRECT_ONLY,,,,INDIRECT_IMLS_SC;NO_FABRICATED_NEAREST,INDIRECT_IMLS_SC;NO_FABRICATED_NEAREST;NOT_REJECTED;NOT_USPS_VALIDITY;NO_INVENTORY
52030,ZCTA_NEAREST_ACTIVE_OUTLET,IA0359,002,11.300,ZCTA_NN;R6371;TIE_FIRST_LEX,ZCTA_NN_HAVERSINE;NOT_ELIGIBILITY;NOT_USPS_VALIDITY;NO_INVENTORY
52031,EXACT_IMLS_OUTLET_ZIP,IA0358,002,,EXACT_OUTLET;TIE_FSCSKEY_SEQ,EXACT_OUTLET;NOT_USPS_VALIDITY;NO_INVENTORY
52032,ZCTA_NEAREST_ACTIVE_OUTLET,IA0465,002,14.459,ZCTA_NN;R6371;TIE_FIRST_LEX,ZCTA_NN_HAVERSINE;NOT_ELIGIBILITY;NOT_USPS_VALIDITY;NO_INVENTORY
52033,EXACT_IMLS_OUTLET_ZIP,IA0465,002,,EXACT_OUTLET;TIE_FSCSKEY_SEQ,EXACT_OUTLET;NOT_USPS_VALIDITY;NO_INVENTORY
52035,EXACT_IMLS_OUTLET_ZIP,IA0074,002,,EXACT_OUTLET;TIE_FSCSKEY_SEQ,EXACT_OUTLET;NOT_USPS_VALIDITY;NO_INVENTORY
52036,ZCTA_NEAREST_ACTIVE_OUTLET,IA0143,002,4.865,ZCTA_NN;R6371;TIE_FIRST_LEX,ZCTA_NN_HAVERSINE;NOT_ELIGIBILITY;NOT_USPS_VALIDITY;NO_INVENTORY
52037,ZCTA_NEAREST_ACTIVE_OUTLET,IA0359,002,11.551,ZCTA_NN;R6371;TIE_FIRST_LEX,ZCTA_NN_HAVERSINE;NOT_ELIGIBILITY;NOT_USPS_VALIDITY;NO_INVENTORY
52038,ZCTA_NEAREST_ACTIVE_OUTLET,IA0342,002,6.733,ZCTA_NN;R6371;TIE_FIRST_LEX,ZCTA_NN_HAVERSINE;NOT_ELIGIBILITY;NOT_USPS_VALIDITY;NO_INVENTORY
52039,ZCTA_NEAREST_ACTIVE_OUTLET,IA0148,002,8.849,ZCTA_NN;R6371;TIE_FIRST_LEX,ZCTA_NN_HAVERSINE;NOT_ELIGIBILITY;NOT_USPS_VALIDITY;NO_INVENTORY
52040,EXACT_IMLS_OUTLET_ZIP,IA0334,002,,EXACT_OUTLET;TIE_FSCSKEY_SEQ,EXACT_OUTLET;NOT_USPS_VALIDITY;NO_INVENTORY
52041,EXACT_IMLS_OUTLET_ZIP,IA0144,002,,EXACT_OUTLET;TIE_FSCSKEY_SEQ,EXACT_OUTLET;NOT_USPS_VALIDITY;NO_INVENTORY
52042,EXACT_IMLS_OUTLET_ZIP,IA0134,002,,EXACT_OUTLET;TIE_FSCSKEY_SEQ,EXACT_OUTLET;NOT_USPS_VALIDITY;NO_INVENTORY
52043,EXACT_IMLS_OUTLET_ZIP,IA0135,002,,EXACT_OUTLET;TIE_FSCSKEY_SEQ,EXACT_OUTLET;NOT_USPS_VALIDITY;NO_INVENTORY
52044,ZCTA_NEAREST_ACTIVE_OUTLET,IA0135,002,11.768,ZCTA_NN;R6371;TIE_FIRST_LEX,ZCTA_NN_HAVERSINE;NOT_ELIGIBILITY;NOT_USPS_VALIDITY;NO_INVENTORY
52045,EXACT_IMLS_OUTLET_ZIP,IA0148,005,,EXACT_OUTLET;TIE_FSCSKEY_SEQ,EXACT_OUTLET;NOT_USPS_VALIDITY;NO_INVENTORY
52046,EXACT_IMLS_OUTLET_ZIP,IA0148,006,,EXACT_OUTLET;TIE_FSCSKEY_SEQ,EXACT_OUTLET;NOT_USPS_VALIDITY;NO_INVENTORY
52047,EXACT_IMLS_OUTLET_ZIP,IA0500,002,,EXACT_OUTLET;TIE_FSCSKEY_SEQ,EXACT_OUTLET;NOT_USPS_VALIDITY;NO_INVENTORY
52048,ZCTA_NEAREST_ACTIVE_OUTLET,IA0074,002,11.903,ZCTA_NN;R6371;TIE_FIRST_LEX,ZCTA_NN_HAVERSINE;NOT_ELIGIBILITY;NOT_USPS_VALIDITY;NO_INVENTORY
52049,EXACT_IMLS_OUTLET_ZIP,IA0136,002,,EXACT_OUTLET;TIE_FSCSKEY_SEQ,EXACT_OUTLET;NOT_USPS_VALIDITY;NO_INVENTORY
52050,ZCTA_NEAREST_ACTIVE_OUTLET,IA0134,002,7.297,ZCTA_NN;R6371;TIE_FIRST_LEX,ZCTA_NN_HAVERSINE;NOT_ELIGIBILITY;NOT_USPS_VALIDITY;NO_INVENTORY
52052,EXACT_IMLS_OUTLET_ZIP,IA0137,002,,EXACT_OUTLET;TIE_FSCSKEY_SEQ,EXACT_OUTLET;NOT_USPS_VALIDITY;NO_INVENTORY
52053,EXACT_IMLS_OUTLET_ZIP,IA0148,004,,EXACT_OUTLET;TIE_FSCSKEY_SEQ,EXACT_OUTLET;NOT_USPS_VALIDITY;NO_INVENTORY
52054,ZCTA_NEAREST_ACTIVE_OUTLET,IA0358,002,17.460,ZCTA_NN;R6371;TIE_FIRST_LEX,ZCTA_NN_HAVERSINE;NOT_ELIGIBILITY;NOT_USPS_VALIDITY;NO_INVENTORY
52056,ZCTA_NEAREST_ACTIVE_OUTLET,IA0148,004,6.224,ZCTA_NN;R6371;TIE_FIRST_LEX,ZCTA_NN_HAVERSINE;NOT_ELIGIBILITY;NOT_USPS_VALIDITY;NO_INVENTORY
52057,EXACT_IMLS_OUTLET_ZIP,IA0146,002,,EXACT_OUTLET;TIE_FSCSKEY_SEQ,EXACT_OUTLET;NOT_USPS_VALIDITY;NO_INVENTORY
52060,EXACT_IMLS_OUTLET_ZIP,IA0359,002,,EXACT_OUTLET;TIE_FSCSKEY_SEQ,EXACT_OUTLET;NOT_USPS_VALIDITY;NO_INVENTORY
52064,ZCTA_NEAREST_ACTIVE_OUTLET,IA0361,002,8.429,ZCTA_NN;R6371;TIE_FIRST_LEX,ZCTA_NN_HAVERSINE;NOT_ELIGIBILITY;NOT_USPS_VALIDITY;NO_INVENTORY
52065,ZCTA_NEAREST_ACTIVE_OUTLET,IA0148,004,8.865,ZCTA_NN;R6371;TIE_FIRST_LEX,ZCTA_NN_HAVERSINE;NOT_ELIGIBILITY;NOT_USPS_VALIDITY;NO_INVENTORY
52066,ZCTA_NEAREST_ACTIVE_OUTLET,WI0053,002,2.695,ZCTA_NN;R6371;TIE_FIRST_LEX,ZCTA_NN_HAVERSINE;NOT_ELIGIBILITY;NOT_USPS_VALIDITY;NO_INVENTORY
52068,EXACT_IMLS_OUTLET_ZIP,IA0148,007,,EXACT_OUTLET;TIE_FSCSKEY_SEQ,EXACT_OUTLET;NOT_USPS_VALIDITY;NO_INVENTORY
52069,EXACT_IMLS_OUTLET_ZIP,IA0361,002,,EXACT_OUTLET;TIE_FSCSKEY_SEQ,EXACT_OUTLET;NOT_USPS_VALIDITY;NO_INVENTORY
52070,EXACT_IMLS_OUTLET_ZIP,IA0360,002,,EXACT_OUTLET;TIE_FSCSKEY_SEQ,EXACT_OUTLET;NOT_USPS_VALIDITY;NO_INVENTORY
52071,ZCTA_NEAREST_ACTIVE_OUTLET,IL0198,002,10.637,ZCTA_NN;R6371;TIE_FIRST_LEX,ZCTA_NN_HAVERSINE;NOT_ELIGIBILITY;NOT_USPS_VALIDITY;NO_INVENTORY
52072,ZCTA_NEAREST_ACTIVE_OUTLET,IA0500,002,4.377,ZCTA_NN;R6371;TIE_FIRST_LEX,ZCTA_NN_HAVERSINE;NOT_ELIGIBILITY;NOT_USPS_VALIDITY;NO_INVENTORY
52073,ZCTA_NEAREST_ACTIVE_OUTLET,WI0165,003,11.958,ZCTA_NN;R6371;TIE_FIRST_LEX,ZCTA_NN_HAVERSINE;NOT_ELIGIBILITY;NOT_USPS_VALIDITY;NO_INVENTORY
52074,ZCTA_NEAREST_ACTIVE_OUTLET,IA0361,002,8.698,ZCTA_NN;R6371;TIE_FIRST_LEX,ZCTA_NN_HAVERSINE;NOT_ELIGIBILITY;NOT_USPS_VALIDITY;NO_INVENTORY
52075,ZCTA_NEAREST_ACTIVE_OUTLET,IA0358,002,11.232,ZCTA_NN;R6371;TIE_FIRST_LEX,ZCTA_NN_HAVERSINE;NOT_ELIGIBILITY;NOT_USPS_VALIDITY;NO_INVENTORY
52076,EXACT_IMLS_OUTLET_ZIP,IA0141,002,,EXACT_OUTLET;TIE_FSCSKEY_SEQ,EXACT_OUTLET;NOT_USPS_VALIDITY;NO_INVENTORY
52077,EXACT_IMLS_OUTLET_ZIP,IA0142,002,,EXACT_OUTLET;TIE_FSCSKEY_SEQ,EXACT_OUTLET;NOT_USPS_VALIDITY;NO_INVENTORY
52078,ZCTA_NEAREST_ACTIVE_OUTLET,IA0334,002,9.884,ZCTA_NN;R6371;TIE_FIRST_LEX,ZCTA_NN_HAVERSINE;NOT_ELIGIBILITY;NOT_USPS_VALIDITY;NO_INVENTORY
52079,ZCTA_NEAREST_ACTIVE_OUTLET,IA0148,007,20.242,ZCTA_NN;R6371;TIE_FIRST_LEX,ZCTA_NN_HAVERSINE;NOT_ELIGIBILITY;NOT_USPS_VALIDITY;NO_INVENTORY
52101,EXACT_IMLS_OUTLET_ZIP,IA0404,002,,EXACT_OUTLET;TIE_FSCSKEY_SEQ,EXACT_OUTLET;NOT_USPS_VALIDITY;NO_INVENTORY
52132,EXACT_IMLS_OUTLET_ZIP,IA0403,002,,EXACT_OUTLET;TIE_FSCSKEY_SEQ,EXACT_OUTLET;NOT_USPS_VALIDITY;NO_INVENTORY
52133,ZCTA_NEAREST_ACTIVE_OUTLET,IA0383,002,7.747,ZCTA_NN;R6371;TIE_FIRST_LEX,ZCTA_NN_HAVERSINE;NOT_ELIGIBILITY;NOT_USPS_VALIDITY;NO_INVENTORY
52134,ZCTA_NEAREST_ACTIVE_OUTLET,MN9026,001,9.387,ZCTA_NN;R6371;TIE_FIRST_LEX,ZCTA_NN_HAVERSINE;NOT_ELIGIBILITY;NOT_USPS_VALIDITY;NO_INVENTORY
52135,EXACT_IMLS_OUTLET_ZIP,IA0385,002,,EXACT_OUTLET;TIE_FSCSKEY_SEQ,EXACT_OUTLET;NOT_USPS_VALIDITY;NO_INVENTORY
52136,EXACT_IMLS_OUTLET_ZIP,IA0400,002,,EXACT_OUTLET;TIE_FSCSKEY_SEQ,EXACT_OUTLET;NOT_USPS_VALIDITY;NO_INVENTORY
52140,ZCTA_NEAREST_ACTIVE_OUTLET,MN9035,001,15.317,ZCTA_NN;R6371;TIE_FIRST_LEX,ZCTA_NN_HAVERSINE;NOT_ELIGIBILITY;NOT_USPS_VALIDITY;NO_INVENTORY
52141,EXACT_IMLS_OUTLET_ZIP,IA0386,002,,EXACT_OUTLET;TIE_FSCSKEY_SEQ,EXACT_OUTLET;NOT_USPS_VALIDITY;NO_INVENTORY
52142,EXACT_IMLS_OUTLET_ZIP,IA0387,002,,EXACT_OUTLET;TIE_FSCSKEY_SEQ,EXACT_OUTLET;NOT_USPS_VALIDITY;NO_INVENTORY
52144,EXACT_IMLS_OUTLET_ZIP,IA0405,002,,EXACT_OUTLET;TIE_FSCSKEY_SEQ,EXACT_OUTLET;NOT_USPS_VALIDITY;NO_INVENTORY
52146,EXACT_IMLS_OUTLET_ZIP,IA0550,002,,EXACT_OUTLET;TIE_FSCSKEY_SEQ,EXACT_OUTLET;NOT_USPS_VALIDITY;NO_INVENTORY
52147,EXACT_IMLS_OUTLET_ZIP,IA0388,002,,EXACT_OUTLET;TIE_FSCSKEY_SEQ,EXACT_OUTLET;NOT_USPS_VALIDITY;NO_INVENTORY
52151,EXACT_IMLS_OUTLET_ZIP,IA0399,002,,EXACT_OUTLET;TIE_FSCSKEY_SEQ,EXACT_OUTLET;NOT_USPS_VALIDITY;NO_INVENTORY
52154,EXACT_IMLS_OUTLET_ZIP,IA0131,002,,EXACT_OUTLET;TIE_FSCSKEY_SEQ,EXACT_OUTLET;NOT_USPS_VALIDITY;NO_INVENTORY
52155,EXACT_IMLS_OUTLET_ZIP,IA0402,002,,EXACT_OUTLET;TIE_FSCSKEY_SEQ,EXACT_OUTLET;NOT_USPS_VALIDITY;NO_INVENTORY
52156,ZCTA_NEAREST_ACTIVE_OUTLET,IA0140,002,6.033,ZCTA_NN;R6371;TIE_FIRST_LEX,ZCTA_NN_HAVERSINE;NOT_ELIGIBILITY;NOT_USPS_VALIDITY;NO_INVENTORY
52157,EXACT_IMLS_OUTLET_ZIP,IA0139,002,,EXACT_OUTLET;TIE_FSCSKEY_SEQ,EXACT_OUTLET;NOT_USPS_VALIDITY;NO_INVENTORY
52158,ZCTA_NEAREST_ACTIVE_OUTLET,IA0139,002,2.609,ZCTA_NN;R6371;TIE_FIRST_LEX,ZCTA_NN_HAVERSINE;NOT_ELIGIBILITY;NOT_USPS_VALIDITY;NO_INVENTORY
52159,EXACT_IMLS_OUTLET_ZIP,IA0140,002,,EXACT_OUTLET;TIE_FSCSKEY_SEQ,EXACT_OUTLET;NOT_USPS_VALIDITY;NO_INVENTORY
52160,EXACT_IMLS_OUTLET_ZIP,IA0149,002,,EXACT_OUTLET;TIE_FSCSKEY_SEQ,EXACT_OUTLET;NOT_USPS_VALIDITY;NO_INVENTORY
52161,EXACT_IMLS_OUTLET_ZIP,IA0406,002,,EXACT_OUTLET;TIE_FSCSKEY_SEQ,EXACT_OUTLET;NOT_USPS_VALIDITY;NO_INVENTORY
52162,EXACT_IMLS_OUTLET_ZIP,IA0383,002,,EXACT_OUTLET;TIE_FSCSKEY_SEQ,EXACT_OUTLET;NOT_USPS_VALIDITY;NO_INVENTORY
52163,ZCTA_NEAREST_ACTIVE_OUTLET,IA0302,002,12.276,ZCTA_NN;R6371;TIE_FIRST_LEX,ZCTA_NN_HAVERSINE;NOT_ELIGIBILITY;NOT_USPS_VALIDITY;NO_INVENTORY
52164,ZCTA_NEAREST_ACTIVE_OUTLET,IA0387,002,8.552,ZCTA_NN;R6371;TIE_FIRST_LEX,ZCTA_NN_HAVERSINE;NOT_ELIGIBILITY;NOT_USPS_VALIDITY;NO_INVENTORY
52165,ZCTA_NEAREST_ACTIVE_OUTLET,IA0302,002,12.096,ZCTA_NN;R6371;TIE_FIRST_LEX,ZCTA_NN_HAVERSINE;NOT_ELIGIBILITY;NOT_USPS_VALIDITY;NO_INVENTORY
52166,ZCTA_NEAREST_ACTIVE_OUTLET,IA0196,002,8.181,ZCTA_NN;R6371;TIE_FIRST_LEX,ZCTA_NN_HAVERSINE;NOT_ELIGIBILITY;NOT_USPS_VALIDITY;NO_INVENTORY
52168,EXACT_IMLS_OUTLET_ZIP,IA0302,002,,EXACT_OUTLET;TIE_FSCSKEY_SEQ,EXACT_OUTLET;NOT_USPS_VALIDITY;NO_INVENTORY
52169,EXACT_IMLS_OUTLET_ZIP,IA0392,002,,EXACT_OUTLET;TIE_FSCSKEY_SEQ,EXACT_OUTLET;NOT_USPS_VALIDITY;NO_INVENTORY
52170,EXACT_IMLS_OUTLET_ZIP,IA0552,002,,EXACT_OUTLET;TIE_FSCSKEY_SEQ,EXACT_OUTLET;NOT_USPS_VALIDITY;NO_INVENTORY
52171,EXACT_IMLS_OUTLET_ZIP,IA0196,002,,EXACT_OUTLET;TIE_FSCSKEY_SEQ,EXACT_OUTLET;NOT_USPS_VALIDITY;NO_INVENTORY
52172,EXACT_IMLS_OUTLET_ZIP,IA0384,002,,EXACT_OUTLET;TIE_FSCSKEY_SEQ,EXACT_OUTLET;NOT_USPS_VALIDITY;NO_INVENTORY
52175,EXACT_IMLS_OUTLET_ZIP,IA0510,002,,EXACT_OUTLET;TIE_FSCSKEY_SEQ,EXACT_OUTLET;NOT_USPS_VALIDITY;NO_INVENTORY
52201,ZCTA_NEAREST_ACTIVE_OUTLET,IA0065,002,12.623,ZCTA_NN;R6371;TIE_FIRST_LEX,ZCTA_NN_HAVERSINE;NOT_ELIGIBILITY;NOT_USPS_VALIDITY;NO_INVENTORY
52202,ZCTA_NEAREST_ACTIVE_OUTLET,IA0457,002,10.672,ZCTA_NN;R6371;TIE_FIRST_LEX,ZCTA_NN_HAVERSINE;NOT_ELIGIBILITY;NOT_USPS_VALIDITY;NO_INVENTORY
52203,ZCTA_NEAREST_ACTIVE_OUTLET,IA0236,002,10.129,ZCTA_NN;R6371;TIE_FIRST_LEX,ZCTA_NN_HAVERSINE;NOT_ELIGIBILITY;NOT_USPS_VALIDITY;NO_INVENTORY
52204,OBSERVED_REFERENCE_INDIRECT_ONLY,,,,INDIRECT_IMLS_SC;NO_FABRICATED_NEAREST,INDIRECT_IMLS_SC;NO_FABRICATED_NEAREST;NOT_REJECTED;NOT_USPS_VALIDITY;NO_INVENTORY
52205,EXACT_IMLS_OUTLET_ZIP,IA0464,002,,EXACT_OUTLET;TIE_FSCSKEY_SEQ,EXACT_OUTLET;NOT_USPS_VALIDITY;NO_INVENTORY
52206,EXACT_IMLS_OUTLET_ZIP,IA0559,001,,EXACT_OUTLET;TIE_FSCSKEY_SEQ,EXACT_OUTLET;NOT_USPS_VALIDITY;NO_INVENTORY
52207,ZCTA_NEAREST_ACTIVE_OUTLET,IA0359,002,13.743,ZCTA_NN;R6371;TIE_FIRST_LEX,ZCTA_NN_HAVERSINE;NOT_ELIGIBILITY;NOT_USPS_VALIDITY;NO_INVENTORY
52208,EXACT_IMLS_OUTLET_ZIP,IA0362,002,,EXACT_OUTLET;TIE_FSCSKEY_SEQ,EXACT_OUTLET;NOT_USPS_VALIDITY;NO_INVENTORY
52209,EXACT_IMLS_OUTLET_ZIP,IA0363,002,,EXACT_OUTLET;TIE_FSCSKEY_SEQ,EXACT_OUTLET;NOT_USPS_VALIDITY;NO_INVENTORY
52210,ZCTA_NEAREST_ACTIVE_OUTLET,IA0587,001,15.741,ZCTA_NN;R6371;TIE_FIRST_LEX,ZCTA_NN_HAVERSINE;NOT_ELIGIBILITY;NOT_USPS_VALIDITY;NO_INVENTORY
52211,EXACT_IMLS_OUTLET_ZIP,IA0060,002,,EXACT_OUTLET;TIE_FSCSKEY_SEQ,EXACT_OUTLET;NOT_USPS_VALIDITY;NO_INVENTORY
52212,ZCTA_NEAREST_ACTIVE_OUTLET,IA0470,002,9.056,ZCTA_NN;R6371;TIE_FIRST_LEX,ZCTA_NN_HAVERSINE;NOT_ELIGIBILITY;NOT_USPS_VALIDITY;NO_INVENTORY
52213,EXACT_IMLS_OUTLET_ZIP,IA0374,002,,EXACT_OUTLET;TIE_FSCSKEY_SEQ,EXACT_OUTLET;NOT_USPS_VALIDITY;NO_INVENTORY
52214,EXACT_IMLS_OUTLET_ZIP,IA0457,002,,EXACT_OUTLET;TIE_FSCSKEY_SEQ,EXACT_OUTLET;NOT_USPS_VALIDITY;NO_INVENTORY
52215,EXACT_IMLS_OUTLET_ZIP,IA0110,002,,EXACT_OUTLET;TIE_FSCSKEY_SEQ,EXACT_OUTLET;NOT_USPS_VALIDITY;NO_INVENTORY
52216,EXACT_IMLS_OUTLET_ZIP,IA0477,002,,EXACT_OUTLET;TIE_FSCSKEY_SEQ,EXACT_OUTLET;NOT_USPS_VALIDITY;NO_INVENTORY
52217,EXACT_IMLS_OUTLET_ZIP,IA0558,002,,EXACT_OUTLET;TIE_FSCSKEY_SEQ,EXACT_OUTLET;NOT_USPS_VALIDITY;NO_INVENTORY
52218,EXACT_IMLS_OUTLET_ZIP,IA0063,002,,EXACT_OUTLET;TIE_FSCSKEY_SEQ,EXACT_OUTLET;NOT_USPS_VALIDITY;NO_INVENTORY
52219,ZCTA_NEAREST_ACTIVE_OUTLET,IA0457,002,8.872,ZCTA_NN;R6371;TIE_FIRST_LEX,ZCTA_NN_HAVERSINE;NOT_ELIGIBILITY;NOT_USPS_VALIDITY;NO_INVENTORY
52220,ZCTA_NEAREST_ACTIVE_OUTLET,IA0059,002,7.272,ZCTA_NN;R6371;TIE_FIRST_LEX,ZCTA_NN_HAVERSINE;NOT_ELIGIBILITY;NOT_USPS_VALIDITY;NO_INVENTORY
52221,ZCTA_NEAREST_ACTIVE_OUTLET,IA0504,002,10.481,ZCTA_NN;R6371;TIE_FIRST_LEX,ZCTA_NN_HAVERSINE;NOT_ELIGIBILITY;NOT_USPS_VALIDITY;NO_INVENTORY
52222,ZCTA_NEAREST_ACTIVE_OUTLET,IA0062,002,15.119,ZCTA_NN;R6371;TIE_FIRST_LEX,ZCTA_NN_HAVERSINE;NOT_ELIGIBILITY;NOT_USPS_VALIDITY;NO_INVENTORY
52223,EXACT_IMLS_OUTLET_ZIP,IA0143,002,,EXACT_OUTLET;TIE_FSCSKEY_SEQ,EXACT_OUTLET;NOT_USPS_VALIDITY;NO_INVENTORY
52224,EXACT_IMLS_OUTLET_ZIP,IA0367,002,,EXACT_OUTLET;TIE_FSCSKEY_SEQ,EXACT_OUTLET;NOT_USPS_VALIDITY;NO_INVENTORY
52225,EXACT_IMLS_OUTLET_ZIP,IA0351,002,,EXACT_OUTLET;TIE_FSCSKEY_SEQ,EXACT_OUTLET;NOT_USPS_VALIDITY;NO_INVENTORY
52227,EXACT_IMLS_OUTLET_ZIP,IA0198,002,,EXACT_OUTLET;TIE_FSCSKEY_SEQ,EXACT_OUTLET;NOT_USPS_VALIDITY;NO_INVENTORY
52228,EXACT_IMLS_OUTLET_ZIP,IA0352,002,,EXACT_OUTLET;TIE_FSCSKEY_SEQ,EXACT_OUTLET;NOT_USPS_VALIDITY;NO_INVENTORY
52229,EXACT_IMLS_OUTLET_ZIP,IA0300,002,,EXACT_OUTLET;TIE_FSCSKEY_SEQ,EXACT_OUTLET;NOT_USPS_VALIDITY;NO_INVENTORY
52231,ZCTA_NEAREST_ACTIVE_OUTLET,IA0016,002,8.778,ZCTA_NN;R6371;TIE_FIRST_LEX,ZCTA_NN_HAVERSINE;NOT_ELIGIBILITY;NOT_USPS_VALIDITY;NO_INVENTORY
52232,ZCTA_NEAREST_ACTIVE_OUTLET,IA0504,002,9.084,ZCTA_NN;R6371;TIE_FIRST_LEX,ZCTA_NN_HAVERSINE;NOT_ELIGIBILITY;NOT_USPS_VALIDITY;NO_INVENTORY
52233,EXACT_IMLS_OUTLET_ZIP,IA0458,002,,EXACT_OUTLET;TIE_FSCSKEY_SEQ,EXACT_OUTLET;NOT_USPS_VALIDITY;NO_INVENTORY
52235,ZCTA_NEAREST_ACTIVE_OUTLET,IA0052,002,9.002,ZCTA_NN;R6371;TIE_FIRST_LEX,ZCTA_NN_HAVERSINE;NOT_ELIGIBILITY;NOT_USPS_VALIDITY;NO_INVENTORY
52236,ZCTA_NEAREST_ACTIVE_OUTLET,IA0054,002,7.199,ZCTA_NN;R6371;TIE_FIRST_LEX,ZCTA_NN_HAVERSINE;NOT_ELIGIBILITY;NOT_USPS_VALIDITY;NO_INVENTORY
52237,EXACT_IMLS_OUTLET_ZIP,IA0145,002,,EXACT_OUTLET;TIE_FSCSKEY_SEQ,EXACT_OUTLET;NOT_USPS_VALIDITY;NO_INVENTORY
52240,EXACT_IMLS_OUTLET_ZIP,IA0052,002,,EXACT_OUTLET;TIE_FSCSKEY_SEQ,EXACT_OUTLET;NOT_USPS_VALIDITY;NO_INVENTORY
52241,EXACT_IMLS_OUTLET_ZIP,IA0053,002,,EXACT_OUTLET;TIE_FSCSKEY_SEQ,EXACT_OUTLET;NOT_USPS_VALIDITY;NO_INVENTORY
52242,ZCTA_NEAREST_ACTIVE_OUTLET,IA0052,002,1.068,ZCTA_NN;R6371;TIE_FIRST_LEX,ZCTA_NN_HAVERSINE;NOT_ELIGIBILITY;NOT_USPS_VALIDITY;NO_INVENTORY
52243,OBSERVED_REFERENCE_INDIRECT_ONLY,,,,INDIRECT_IMLS_SC;NO_FABRICATED_NEAREST,INDIRECT_IMLS_SC;NO_FABRICATED_NEAREST;NOT_REJECTED;NOT_USPS_VALIDITY;NO_INVENTORY
52244,OBSERVED_REFERENCE_INDIRECT_ONLY,,,,INDIRECT_IMLS_SC;NO_FABRICATED_NEAREST,INDIRECT_IMLS_SC;NO_FABRICATED_NEAREST;NOT_REJECTED;NOT_USPS_VALIDITY;NO_INVENTORY
52245,ZCTA_NEAREST_ACTIVE_OUTLET,IA0052,002,2.220,ZCTA_NN;R6371;TIE_FIRST_LEX,ZCTA_NN_HAVERSINE;NOT_ELIGIBILITY;NOT_USPS_VALIDITY;NO_INVENTORY
52246,ZCTA_NEAREST_ACTIVE_OUTLET,IA0053,002,3.387,ZCTA_NN;R6371;TIE_FIRST_LEX,ZCTA_NN_HAVERSINE;NOT_ELIGIBILITY;NOT_USPS_VALIDITY;NO_INVENTORY
52247,EXACT_IMLS_OUTLET_ZIP,IA0064,002,,EXACT_OUTLET;TIE_FSCSKEY_SEQ,EXACT_OUTLET;NOT_USPS_VALIDITY;NO_INVENTORY
52248,EXACT_IMLS_OUTLET_ZIP,IA0016,002,,EXACT_OUTLET;TIE_FSCSKEY_SEQ,EXACT_OUTLET;NOT_USPS_VALIDITY;NO_INVENTORY
52249,EXACT_IMLS_OUTLET_ZIP,IA0364,002,,EXACT_OUTLET;TIE_FSCSKEY_SEQ,EXACT_OUTLET;NOT_USPS_VALIDITY;NO_INVENTORY
52251,ZCTA_NEAREST_ACTIVE_OUTLET,IA0504,002,7.583,ZCTA_NN;R6371;TIE_FIRST_LEX,ZCTA_NN_HAVERSINE;NOT_ELIGIBILITY;NOT_USPS_VALIDITY;NO_INVENTORY
52252,ZCTA_NEAREST_ACTIVE_OUTLET,IA0466,002,5.545,ZCTA_NN;R6371;TIE_FIRST_LEX,ZCTA_NN_HAVERSINE;NOT_ELIGIBILITY;NOT_USPS_VALIDITY;NO_INVENTORY
52253,EXACT_IMLS_OUTLET_ZIP,IA0459,002,,EXACT_OUTLET;TIE_FSCSKEY_SEQ,EXACT_OUTLET;NOT_USPS_VALIDITY;NO_INVENTORY
52254,EXACT_IMLS_OUTLET_ZIP,IA0475,002,,EXACT_OUTLET;TIE_FSCSKEY_SEQ,EXACT_OUTLET;NOT_USPS_VALIDITY;NO_INVENTORY
52255,EXACT_IMLS_OUTLET_ZIP,IA0201,002,,EXACT_OUTLET;TIE_FSCSKEY_SEQ,EXACT_OUTLET;NOT_USPS_VALIDITY;NO_INVENTORY
52257,ZCTA_NEAREST_ACTIVE_OUTLET,IA0363,002,7.300,ZCTA_NN;R6371;TIE_FIRST_LEX,ZCTA_NN_HAVERSINE;NOT_ELIGIBILITY;NOT_USPS_VALIDITY;NO_INVENTORY
52301,EXACT_IMLS_OUTLET_ZIP,IA0056,003,,EXACT_OUTLET;TIE_FSCSKEY_SEQ,EXACT_OUTLET;NOT_USPS_VALIDITY;NO_INVENTORY
52302,EXACT_IMLS_OUTLET_ZIP,IA0460,002,,EXACT_OUTLET;TIE_FSCSKEY_SEQ,EXACT_OUTLET;NOT_USPS_VALIDITY;NO_INVENTORY
52305,EXACT_IMLS_OUTLET_ZIP,IA0197,002,,EXACT_OUTLET;TIE_FSCSKEY_SEQ,EXACT_OUTLET;NOT_USPS_VALIDITY;NO_INVENTORY
52306,EXACT_IMLS_OUTLET_ZIP,IA0478,002,,EXACT_OUTLET;TIE_FSCSKEY_SEQ,EXACT_OUTLET;NOT_USPS_VALIDITY;NO_INVENTORY
52307,ZCTA_NEAREST_ACTIVE_OUTLET,IA0054,002,11.961,ZCTA_NN;R6371;TIE_FIRST_LEX,ZCTA_NN_HAVERSINE;NOT_ELIGIBILITY;NOT_USPS_VALIDITY;NO_INVENTORY
52308,EXACT_IMLS_OUTLET_ZIP,IA0584,001,,EXACT_OUTLET;TIE_FSCSKEY_SEQ,EXACT_OUTLET;NOT_USPS_VALIDITY;NO_INVENTORY
52309,ZCTA_NEAREST_ACTIVE_OUTLET,IA0470,002,12.627,ZCTA_NN;R6371;TIE_FIRST_LEX,ZCTA_NN_HAVERSINE;NOT_ELIGIBILITY;NOT_USPS_VALIDITY;NO_INVENTORY
52310,EXACT_IMLS_OUTLET_ZIP,IA0466,002,,EXACT_OUTLET;TIE_FSCSKEY_SEQ,EXACT_OUTLET;NOT_USPS_VALIDITY;NO_INVENTORY
52312,EXACT_IMLS_OUTLET_ZIP,IA0467,002,,EXACT_OUTLET;TIE_FSCSKEY_SEQ,EXACT_OUTLET;NOT_USPS_VALIDITY;NO_INVENTORY
52313,ZCTA_NEAREST_ACTIVE_OUTLET,IA0330,002,10.073,ZCTA_NN;R6371;TIE_FIRST_LEX,ZCTA_NN_HAVERSINE;NOT_ELIGIBILITY;NOT_USPS_VALIDITY;NO_INVENTORY
52314,EXACT_IMLS_OUTLET_ZIP,IA0575,001,,EXACT_OUTLET;TIE_FSCSKEY_SEQ,EXACT_OUTLET;NOT_USPS_VALIDITY;NO_INVENTORY
52315,EXACT_IMLS_OUTLET_ZIP,IA0159,002,,EXACT_OUTLET;TIE_FSCSKEY_SEQ,EXACT_OUTLET;NOT_USPS_VALIDITY;NO_INVENTORY
52316,EXACT_IMLS_OUTLET_ZIP,IA0057,002,,EXACT_OUTLET;TIE_FSCSKEY_SEQ,EXACT_OUTLET;NOT_USPS_VALIDITY;NO_INVENTORY
52317,EXACT_IMLS_OUTLET_ZIP,IA0075,002,,EXACT_OUTLET;TIE_FSCSKEY_SEQ,EXACT_OUTLET;NOT_USPS_VALIDITY;NO_INVENTORY
52318,EXACT_IMLS_OUTLET_ZIP,IA0236,002,,EXACT_OUTLET;TIE_FSCSKEY_SEQ,EXACT_OUTLET;NOT_USPS_VALIDITY;NO_INVENTORY
52320,EXACT_IMLS_OUTLET_ZIP,IA0468,002,,EXACT_OUTLET;TIE_FSCSKEY_SEQ,EXACT_OUTLET;NOT_USPS_VALIDITY;NO_INVENTORY
52321,ZCTA_NEAREST_ACTIVE_OUTLET,IA0470,002,9.406,ZCTA_NN;R6371;TIE_FIRST_LEX,ZCTA_NN_HAVERSINE;NOT_ELIGIBILITY;NOT_USPS_VALIDITY;NO_INVENTORY
52322,EXACT_IMLS_OUTLET_ZIP,IA0054,002,,EXACT_OUTLET;TIE_FSCSKEY_SEQ,EXACT_OUTLET;NOT_USPS_VALIDITY;NO_INVENTORY
52323,EXACT_IMLS_OUTLET_ZIP,IA0469,002,,EXACT_OUTLET;TIE_FSCSKEY_SEQ,EXACT_OUTLET;NOT_USPS_VALIDITY;NO_INVENTORY
52324,ZCTA_NEAREST_ACTIVE_OUTLET,IA0463,002,6.274,ZCTA_NN;R6371;TIE_FIRST_LEX,ZCTA_NN_HAVERSINE;NOT_ELIGIBILITY;NOT_USPS_VALIDITY;NO_INVENTORY
52325,ZCTA_NEAREST_ACTIVE_OUTLET,IA0059,002,11.155,ZCTA_NN;R6371;TIE_FIRST_LEX,ZCTA_NN_HAVERSINE;NOT_ELIGIBILITY;NOT_USPS_VALIDITY;NO_INVENTORY
52326,ZCTA_NEAREST_ACTIVE_OUTLET,IA0343,002,8.869,ZCTA_NN;R6371;TIE_FIRST_LEX,ZCTA_NN_HAVERSINE;NOT_ELIGIBILITY;NOT_USPS_VALIDITY;NO_INVENTORY
52327,ZCTA_NEAREST_ACTIVE_OUTLET,IA0064,002,10.250,ZCTA_NN;R6371;TIE_FIRST_LEX,ZCTA_NN_HAVERSINE;NOT_ELIGIBILITY;NOT_USPS_VALIDITY;NO_INVENTORY
52328,ZCTA_NEAREST_ACTIVE_OUTLET,IA0458,002,3.930,ZCTA_NN;R6371;TIE_FIRST_LEX,ZCTA_NN_HAVERSINE;NOT_ELIGIBILITY;NOT_USPS_VALIDITY;NO_INVENTORY
52329,ZCTA_NEAREST_ACTIVE_OUTLET,IA0340,002,13.145,ZCTA_NN;R6371;TIE_FIRST_LEX,ZCTA_NN_HAVERSINE;NOT_ELIGIBILITY;NOT_USPS_VALIDITY;NO_INVENTORY
52330,ZCTA_NEAREST_ACTIVE_OUTLET,IA0063,002,8.320,ZCTA_NN;R6371;TIE_FIRST_LEX,ZCTA_NN_HAVERSINE;NOT_ELIGIBILITY;NOT_USPS_VALIDITY;NO_INVENTORY
52332,EXACT_IMLS_OUTLET_ZIP,IA0463,002,,EXACT_OUTLET;TIE_FSCSKEY_SEQ,EXACT_OUTLET;NOT_USPS_VALIDITY;NO_INVENTORY
52333,EXACT_IMLS_OUTLET_ZIP,IA0055,002,,EXACT_OUTLET;TIE_FSCSKEY_SEQ,EXACT_OUTLET;NOT_USPS_VALIDITY;NO_INVENTORY
52334,ZCTA_NEAREST_ACTIVE_OUTLET,IA0059,002,9.469,ZCTA_NN;R6371;TIE_FIRST_LEX,ZCTA_NN_HAVERSINE;NOT_ELIGIBILITY;NOT_USPS_VALIDITY;NO_INVENTORY
52335,EXACT_IMLS_OUTLET_ZIP,IA0296,002,,EXACT_OUTLET;TIE_FSCSKEY_SEQ,EXACT_OUTLET;NOT_USPS_VALIDITY;NO_INVENTORY
52336,EXACT_IMLS_OUTLET_ZIP,IA0461,002,,EXACT_OUTLET;TIE_FSCSKEY_SEQ,EXACT_OUTLET;NOT_USPS_VALIDITY;NO_INVENTORY
52337,EXACT_IMLS_OUTLET_ZIP,IA0479,002,,EXACT_OUTLET;TIE_FSCSKEY_SEQ,EXACT_OUTLET;NOT_USPS_VALIDITY;NO_INVENTORY
52338,EXACT_IMLS_OUTLET_ZIP,IA0583,001,,EXACT_OUTLET;TIE_FSCSKEY_SEQ,EXACT_OUTLET;NOT_USPS_VALIDITY;NO_INVENTORY
52339,EXACT_IMLS_OUTLET_ZIP,IA0370,002,,EXACT_OUTLET;TIE_FSCSKEY_SEQ,EXACT_OUTLET;NOT_USPS_VALIDITY;NO_INVENTORY
52340,EXACT_IMLS_OUTLET_ZIP,IA0576,001,,EXACT_OUTLET;TIE_FSCSKEY_SEQ,EXACT_OUTLET;NOT_USPS_VALIDITY;NO_INVENTORY
52341,ZCTA_NEAREST_ACTIVE_OUTLET,IA0458,002,8.576,ZCTA_NN;R6371;TIE_FIRST_LEX,ZCTA_NN_HAVERSINE;NOT_ELIGIBILITY;NOT_USPS_VALIDITY;NO_INVENTORY
52342,EXACT_IMLS_OUTLET_ZIP,IA0371,002,,EXACT_OUTLET;TIE_FSCSKEY_SEQ,EXACT_OUTLET;NOT_USPS_VALIDITY;NO_INVENTORY
52344,ZCTA_NEAREST_ACTIVE_OUTLET,IA0063,002,12.634,ZCTA_NN;R6371;TIE_FIRST_LEX,ZCTA_NN_HAVERSINE;NOT_ELIGIBILITY;NOT_USPS_VALIDITY;NO_INVENTORY
52345,EXACT_IMLS_OUTLET_ZIP,IA0587,001,,EXACT_OUTLET;TIE_FSCSKEY_SEQ,EXACT_OUTLET;NOT_USPS_VALIDITY;NO_INVENTORY
52346,EXACT_IMLS_OUTLET_ZIP,IA0365,002,,EXACT_OUTLET;TIE_FSCSKEY_SEQ,EXACT_OUTLET;NOT_USPS_VALIDITY;NO_INVENTORY
52347,EXACT_IMLS_OUTLET_ZIP,IA0504,002,,EXACT_OUTLET;TIE_FSCSKEY_SEQ,EXACT_OUTLET;NOT_USPS_VALIDITY;NO_INVENTORY
52348,ZCTA_NEAREST_ACTIVE_OUTLET,IA0351,002,5.872,ZCTA_NN;R6371;TIE_FIRST_LEX,ZCTA_NN_HAVERSINE;NOT_ELIGIBILITY;NOT_USPS_VALIDITY;NO_INVENTORY
52349,EXACT_IMLS_OUTLET_ZIP,IA0366,002,,EXACT_OUTLET;TIE_FSCSKEY_SEQ,EXACT_OUTLET;NOT_USPS_VALIDITY;NO_INVENTORY
52351,ZCTA_NEAREST_ACTIVE_OUTLET,IA0352,002,6.726,ZCTA_NN;R6371;TIE_FIRST_LEX,ZCTA_NN_HAVERSINE;NOT_ELIGIBILITY;NOT_USPS_VALIDITY;NO_INVENTORY
52352,ZCTA_NEAREST_ACTIVE_OUTLET,IA0374,002,10.999,ZCTA_NN;R6371;TIE_FIRST_LEX,ZCTA_NN_HAVERSINE;NOT_ELIGIBILITY;NOT_USPS_VALIDITY;NO_INVENTORY
52353,EXACT_IMLS_OUTLET_ZIP,IA0065,002,,EXACT_OUTLET;TIE_FSCSKEY_SEQ,EXACT_OUTLET;NOT_USPS_VALIDITY;NO_INVENTORY
52354,ZCTA_NEAREST_ACTIVE_OUTLET,IA0236,002,5.860,ZCTA_NN;R6371;TIE_FIRST_LEX,ZCTA_NN_HAVERSINE;NOT_ELIGIBILITY;NOT_USPS_VALIDITY;NO_INVENTORY
52355,ZCTA_NEAREST_ACTIVE_OUTLET,IA0296,002,8.720,ZCTA_NN;R6371;TIE_FIRST_LEX,ZCTA_NN_HAVERSINE;NOT_ELIGIBILITY;NOT_USPS_VALIDITY;NO_INVENTORY
52356,EXACT_IMLS_OUTLET_ZIP,IA0066,002,,EXACT_OUTLET;TIE_FSCSKEY_SEQ,EXACT_OUTLET;NOT_USPS_VALIDITY;NO_INVENTORY
52358,EXACT_IMLS_OUTLET_ZIP,IA0462,002,,EXACT_OUTLET;TIE_FSCSKEY_SEQ,EXACT_OUTLET;NOT_USPS_VALIDITY;NO_INVENTORY
52359,ZCTA_NEAREST_ACTIVE_OUTLET,IA0065,002,11.631,ZCTA_NN;R6371;TIE_FIRST_LEX,ZCTA_NN_HAVERSINE;NOT_ELIGIBILITY;NOT_USPS_VALIDITY;NO_INVENTORY
52361,EXACT_IMLS_OUTLET_ZIP,IA0059,002,,EXACT_OUTLET;TIE_FSCSKEY_SEQ,EXACT_OUTLET;NOT_USPS_VALIDITY;NO_INVENTORY
52362,EXACT_IMLS_OUTLET_ZIP,IA0470,002,,EXACT_OUTLET;TIE_FSCSKEY_SEQ,EXACT_OUTLET;NOT_USPS_VALIDITY;NO_INVENTORY
52401,EXACT_IMLS_OUTLET_ZIP,IA0373,002,,EXACT_OUTLET;TIE_FSCSKEY_SEQ,EXACT_OUTLET;NOT_USPS_VALIDITY;NO_INVENTORY
52402,ZCTA_NEAREST_ACTIVE_OUTLET,IA0458,002,1.852,ZCTA_NN;R6371;TIE_FIRST_LEX,ZCTA_NN_HAVERSINE;NOT_ELIGIBILITY;NOT_USPS_VALIDITY;NO_INVENTORY
52403,ZCTA_NEAREST_ACTIVE_OUTLET,IA0460,002,7.897,ZCTA_NN;R6371;TIE_FIRST_LEX,ZCTA_NN_HAVERSINE;NOT_ELIGIBILITY;NOT_USPS_VALIDITY;NO_INVENTORY
52404,EXACT_IMLS_OUTLET_ZIP,IA0373,004,,EXACT_OUTLET;TIE_FSCSKEY_SEQ,EXACT_OUTLET;NOT_USPS_VALIDITY;NO_INVENTORY
52405,ZCTA_NEAREST_ACTIVE_OUTLET,IA0373,004,4.255,ZCTA_NN;R6371;TIE_FIRST_LEX,ZCTA_NN_HAVERSINE;NOT_ELIGIBILITY;NOT_USPS_VALIDITY;NO_INVENTORY
52406,OBSERVED_REFERENCE_INDIRECT_ONLY,,,,INDIRECT_IMLS_SC;NO_FABRICATED_NEAREST,INDIRECT_IMLS_SC;NO_FABRICATED_NEAREST;NOT_REJECTED;NOT_USPS_VALIDITY;NO_INVENTORY
52408,OBSERVED_REFERENCE_INDIRECT_ONLY,,,,INDIRECT_IMLS_SC;NO_FABRICATED_NEAREST,INDIRECT_IMLS_SC;NO_FABRICATED_NEAREST;NOT_REJECTED;NOT_USPS_VALIDITY;NO_INVENTORY
52410,OBSERVED_REFERENCE_INDIRECT_ONLY,,,,INDIRECT_IMLS_SC;NO_FABRICATED_NEAREST,INDIRECT_IMLS_SC;NO_FABRICATED_NEAREST;NOT_REJECTED;NOT_USPS_VALIDITY;NO_INVENTORY
52411,ZCTA_NEAREST_ACTIVE_OUTLET,IA0458,002,5.062,ZCTA_NN;R6371;TIE_FIRST_LEX,ZCTA_NN_HAVERSINE;NOT_ELIGIBILITY;NOT_USPS_VALIDITY;NO_INVENTORY
52498,OBSERVED_REFERENCE_INDIRECT_ONLY,,,,INDIRECT_IMLS_SC;NO_FABRICATED_NEAREST,INDIRECT_IMLS_SC;NO_FABRICATED_NEAREST;NOT_REJECTED;NOT_USPS_VALIDITY;NO_INVENTORY
52499,OBSERVED_REFERENCE_INDIRECT_ONLY,,,,INDIRECT_IMLS_SC;NO_FABRICATED_NEAREST,INDIRECT_IMLS_SC;NO_FABRICATED_NEAREST;NOT_REJECTED;NOT_USPS_VALIDITY;NO_INVENTORY
52501,EXACT_IMLS_OUTLET_ZIP,IA0002,002,,EXACT_OUTLET;TIE_FSCSKEY_SEQ,EXACT_OUTLET;NOT_USPS_VALIDITY;NO_INVENTORY
52530,EXACT_IMLS_OUTLET_ZIP,IA0003,002,,EXACT_OUTLET;TIE_FSCSKEY_SEQ,EXACT_OUTLET;NOT_USPS_VALIDITY;NO_INVENTORY
52531,EXACT_IMLS_OUTLET_ZIP,IA0004,002,,EXACT_OUTLET;TIE_FSCSKEY_SEQ,EXACT_OUTLET;NOT_USPS_VALIDITY;NO_INVENTORY
52533,EXACT_IMLS_OUTLET_ZIP,IA0301,002,,EXACT_OUTLET;TIE_FSCSKEY_SEQ,EXACT_OUTLET;NOT_USPS_VALIDITY;NO_INVENTORY
52534,ZCTA_NEAREST_ACTIVE_OUTLET,IA0024,002,3.703,ZCTA_NN;R6371;TIE_FIRST_LEX,ZCTA_NN_HAVERSINE;NOT_ELIGIBILITY;NOT_USPS_VALIDITY;NO_INVENTORY
52535,EXACT_IMLS_OUTLET_ZIP,IA0203,002,,EXACT_OUTLET;TIE_FSCSKEY_SEQ,EXACT_OUTLET;NOT_USPS_VALIDITY;NO_INVENTORY
52536,EXACT_IMLS_OUTLET_ZIP,IA0499,002,,EXACT_OUTLET;TIE_FSCSKEY_SEQ,EXACT_OUTLET;NOT_USPS_VALIDITY;NO_INVENTORY
52537,EXACT_IMLS_OUTLET_ZIP,IA0006,002,,EXACT_OUTLET;TIE_FSCSKEY_SEQ,EXACT_OUTLET;NOT_USPS_VALIDITY;NO_INVENTORY
52540,ZCTA_NEAREST_ACTIVE_OUTLET,IA0025,002,14.621,ZCTA_NN;R6371;TIE_FIRST_LEX,ZCTA_NN_HAVERSINE;NOT_ELIGIBILITY;NOT_USPS_VALIDITY;NO_INVENTORY
52542,EXACT_IMLS_OUTLET_ZIP,IA0215,002,,EXACT_OUTLET;TIE_FSCSKEY_SEQ,EXACT_OUTLET;NOT_USPS_VALIDITY;NO_INVENTORY
52543,ZCTA_NEAREST_ACTIVE_OUTLET,IA0299,002,11.627,ZCTA_NN;R6371;TIE_FIRST_LEX,ZCTA_NN_HAVERSINE;NOT_ELIGIBILITY;NOT_USPS_VALIDITY;NO_INVENTORY
52544,EXACT_IMLS_OUTLET_ZIP,IA0007,002,,EXACT_OUTLET;TIE_FSCSKEY_SEQ,EXACT_OUTLET;NOT_USPS_VALIDITY;NO_INVENTORY
52548,ZCTA_NEAREST_ACTIVE_OUTLET,IA0299,002,11.823,ZCTA_NN;R6371;TIE_FIRST_LEX,ZCTA_NN_HAVERSINE;NOT_ELIGIBILITY;NOT_USPS_VALIDITY;NO_INVENTORY
52549,ZCTA_NEAREST_ACTIVE_OUTLET,IA0007,002,13.938,ZCTA_NN;R6371;TIE_FIRST_LEX,ZCTA_NN_HAVERSINE;NOT_ELIGIBILITY;NOT_USPS_VALIDITY;NO_INVENTORY
52550,ZCTA_NEAREST_ACTIVE_OUTLET,IA0297,002,9.496,ZCTA_NN;R6371;TIE_FIRST_LEX,ZCTA_NN_HAVERSINE;NOT_ELIGIBILITY;NOT_USPS_VALIDITY;NO_INVENTORY
52551,ZCTA_NEAREST_ACTIVE_OUTLET,IA0203,002,14.558,ZCTA_NN;R6371;TIE_FIRST_LEX,ZCTA_NN_HAVERSINE;NOT_ELIGIBILITY;NOT_USPS_VALIDITY;NO_INVENTORY
52552,ZCTA_NEAREST_ACTIVE_OUTLET,IA0006,002,13.894,ZCTA_NN;R6371;TIE_FIRST_LEX,ZCTA_NN_HAVERSINE;NOT_ELIGIBILITY;NOT_USPS_VALIDITY;NO_INVENTORY
52553,EXACT_IMLS_OUTLET_ZIP,IA0299,002,,EXACT_OUTLET;TIE_FSCSKEY_SEQ,EXACT_OUTLET;NOT_USPS_VALIDITY;NO_INVENTORY
52554,EXACT_IMLS_OUTLET_ZIP,IA0011,002,,EXACT_OUTLET;TIE_FSCSKEY_SEQ,EXACT_OUTLET;NOT_USPS_VALIDITY;NO_INVENTORY
52555,ZCTA_NEAREST_ACTIVE_OUTLET,IA0007,002,10.858,ZCTA_NN;R6371;TIE_FIRST_LEX,ZCTA_NN_HAVERSINE;NOT_ELIGIBILITY;NOT_USPS_VALIDITY;NO_INVENTORY
52556,EXACT_IMLS_OUTLET_ZIP,IA0012,002,,EXACT_OUTLET;TIE_FSCSKEY_SEQ,EXACT_OUTLET;NOT_USPS_VALIDITY;NO_INVENTORY
52557,ZCTA_NEAREST_ACTIVE_OUTLET,IA0012,002,1.716,ZCTA_NN;R6371;TIE_FIRST_LEX,ZCTA_NN_HAVERSINE;NOT_ELIGIBILITY;NOT_USPS_VALIDITY;NO_INVENTORY
52560,ZCTA_NEAREST_ACTIVE_OUTLET,IA0011,002,7.486,ZCTA_NN;R6371;TIE_FIRST_LEX,ZCTA_NN_HAVERSINE;NOT_ELIGIBILITY;NOT_USPS_VALIDITY;NO_INVENTORY
52561,ZCTA_NEAREST_ACTIVE_OUTLET,IA0014,002,13.179,ZCTA_NN;R6371;TIE_FIRST_LEX,ZCTA_NN_HAVERSINE;NOT_ELIGIBILITY;NOT_USPS_VALIDITY;NO_INVENTORY
52562,ZCTA_NEAREST_ACTIVE_OUTLET,IA0295,002,9.055,ZCTA_NN;R6371;TIE_FIRST_LEX,ZCTA_NN_HAVERSINE;NOT_ELIGIBILITY;NOT_USPS_VALIDITY;NO_INVENTORY
52563,EXACT_IMLS_OUTLET_ZIP,IA0014,002,,EXACT_OUTLET;TIE_FSCSKEY_SEQ,EXACT_OUTLET;NOT_USPS_VALIDITY;NO_INVENTORY
52565,EXACT_IMLS_OUTLET_ZIP,IA0206,002,,EXACT_OUTLET;TIE_FSCSKEY_SEQ,EXACT_OUTLET;NOT_USPS_VALIDITY;NO_INVENTORY
52566,ZCTA_NEAREST_ACTIVE_OUTLET,IA0299,002,11.399,ZCTA_NN;R6371;TIE_FIRST_LEX,ZCTA_NN_HAVERSINE;NOT_ELIGIBILITY;NOT_USPS_VALIDITY;NO_INVENTORY
52567,ZCTA_NEAREST_ACTIVE_OUTLET,IA0301,002,10.628,ZCTA_NN;R6371;TIE_FIRST_LEX,ZCTA_NN_HAVERSINE;NOT_ELIGIBILITY;NOT_USPS_VALIDITY;NO_INVENTORY
52568,ZCTA_NEAREST_ACTIVE_OUTLET,IA0014,002,4.935,ZCTA_NN;R6371;TIE_FIRST_LEX,ZCTA_NN_HAVERSINE;NOT_ELIGIBILITY;NOT_USPS_VALIDITY;NO_INVENTORY
52569,ZCTA_NEAREST_ACTIVE_OUTLET,IA0004,002,21.115,ZCTA_NN;R6371;TIE_FIRST_LEX,ZCTA_NN_HAVERSINE;NOT_ELIGIBILITY;NOT_USPS_VALIDITY;NO_INVENTORY
52570,EXACT_IMLS_OUTLET_ZIP,IA0207,002,,EXACT_OUTLET;TIE_FSCSKEY_SEQ,EXACT_OUTLET;NOT_USPS_VALIDITY;NO_INVENTORY
52571,EXACT_IMLS_OUTLET_ZIP,IA0019,002,,EXACT_OUTLET;TIE_FSCSKEY_SEQ,EXACT_OUTLET;NOT_USPS_VALIDITY;NO_INVENTORY
52572,EXACT_IMLS_OUTLET_ZIP,IA0020,002,,EXACT_OUTLET;TIE_FSCSKEY_SEQ,EXACT_OUTLET;NOT_USPS_VALIDITY;NO_INVENTORY
52573,ZCTA_NEAREST_ACTIVE_OUTLET,IA0206,002,11.738,ZCTA_NN;R6371;TIE_FIRST_LEX,ZCTA_NN_HAVERSINE;NOT_ELIGIBILITY;NOT_USPS_VALIDITY;NO_INVENTORY
52574,ZCTA_NEAREST_ACTIVE_OUTLET,IA0007,002,11.392,ZCTA_NN;R6371;TIE_FIRST_LEX,ZCTA_NN_HAVERSINE;NOT_ELIGIBILITY;NOT_USPS_VALIDITY;NO_INVENTORY
52576,ZCTA_NEAREST_ACTIVE_OUTLET,IA0025,002,10.321,ZCTA_NN;R6371;TIE_FIRST_LEX,ZCTA_NN_HAVERSINE;NOT_ELIGIBILITY;NOT_USPS_VALIDITY;NO_INVENTORY
52577,EXACT_IMLS_OUTLET_ZIP,IA0024,002,,EXACT_OUTLET;TIE_FSCSKEY_SEQ,EXACT_OUTLET;NOT_USPS_VALIDITY;NO_INVENTORY
52580,ZCTA_NEAREST_ACTIVE_OUTLET,IA0025,002,12.007,ZCTA_NN;R6371;TIE_FIRST_LEX,ZCTA_NN_HAVERSINE;NOT_ELIGIBILITY;NOT_USPS_VALIDITY;NO_INVENTORY
52581,ZCTA_NEAREST_ACTIVE_OUTLET,IA0026,002,14.109,ZCTA_NN;R6371;TIE_FIRST_LEX,ZCTA_NN_HAVERSINE;NOT_ELIGIBILITY;NOT_USPS_VALIDITY;NO_INVENTORY
52583,ZCTA_NEAREST_ACTIVE_OUTLET,IA0026,002,13.829,ZCTA_NN;R6371;TIE_FIRST_LEX,ZCTA_NN_HAVERSINE;NOT_ELIGIBILITY;NOT_USPS_VALIDITY;NO_INVENTORY
52584,ZCTA_NEAREST_ACTIVE_OUTLET,IA0207,002,7.052,ZCTA_NN;R6371;TIE_FIRST_LEX,ZCTA_NN_HAVERSINE;NOT_ELIGIBILITY;NOT_USPS_VALIDITY;NO_INVENTORY
52585,EXACT_IMLS_OUTLET_ZIP,IA0025,002,,EXACT_OUTLET;TIE_FSCSKEY_SEQ,EXACT_OUTLET;NOT_USPS_VALIDITY;NO_INVENTORY
52586,ZCTA_NEAREST_ACTIVE_OUTLET,IA0297,002,10.828,ZCTA_NN;R6371;TIE_FIRST_LEX,ZCTA_NN_HAVERSINE;NOT_ELIGIBILITY;NOT_USPS_VALIDITY;NO_INVENTORY
52588,ZCTA_NEAREST_ACTIVE_OUTLET,IA0011,002,8.792,ZCTA_NN;R6371;TIE_FIRST_LEX,ZCTA_NN_HAVERSINE;NOT_ELIGIBILITY;NOT_USPS_VALIDITY;NO_INVENTORY
52590,EXACT_IMLS_OUTLET_ZIP,IA0026,002,,EXACT_OUTLET;TIE_FSCSKEY_SEQ,EXACT_OUTLET;NOT_USPS_VALIDITY;NO_INVENTORY
52591,EXACT_IMLS_OUTLET_ZIP,IA0295,002,,EXACT_OUTLET;TIE_FSCSKEY_SEQ,EXACT_OUTLET;NOT_USPS_VALIDITY;NO_INVENTORY
52593,ZCTA_NEAREST_ACTIVE_OUTLET,IA0020,002,11.409,ZCTA_NN;R6371;TIE_FIRST_LEX,ZCTA_NN_HAVERSINE;NOT_ELIGIBILITY;NOT_USPS_VALIDITY;NO_INVENTORY
52594,ZCTA_NEAREST_ACTIVE_OUTLET,IA0499,002,14.328,ZCTA_NN;R6371;TIE_FIRST_LEX,ZCTA_NN_HAVERSINE;NOT_ELIGIBILITY;NOT_USPS_VALIDITY;NO_INVENTORY
52595,ZCTA_NEAREST_ACTIVE_OUTLET,IA0024,002,2.562,ZCTA_NN;R6371;TIE_FIRST_LEX,ZCTA_NN_HAVERSINE;NOT_ELIGIBILITY;NOT_USPS_VALIDITY;NO_INVENTORY
52601,EXACT_IMLS_OUTLET_ZIP,IA0219,002,,EXACT_OUTLET;TIE_FSCSKEY_SEQ,EXACT_OUTLET;NOT_USPS_VALIDITY;NO_INVENTORY
52619,ZCTA_NEAREST_ACTIVE_OUTLET,IA0212,002,12.688,ZCTA_NN;R6371;TIE_FIRST_LEX,ZCTA_NN_HAVERSINE;NOT_ELIGIBILITY;NOT_USPS_VALIDITY;NO_INVENTORY
52620,EXACT_IMLS_OUTLET_ZIP,IA0204,002,,EXACT_OUTLET;TIE_FSCSKEY_SEQ,EXACT_OUTLET;NOT_USPS_VALIDITY;NO_INVENTORY
52621,ZCTA_NEAREST_ACTIVE_OUTLET,IA0218,002,11.802,ZCTA_NN;R6371;TIE_FIRST_LEX,ZCTA_NN_HAVERSINE;NOT_ELIGIBILITY;NOT_USPS_VALIDITY;NO_INVENTORY
52623,ZCTA_NEAREST_ACTIVE_OUTLET,IA0216,002,10.055,ZCTA_NN;R6371;TIE_FIRST_LEX,ZCTA_NN_HAVERSINE;NOT_ELIGIBILITY;NOT_USPS_VALIDITY;NO_INVENTORY
52624,ZCTA_NEAREST_ACTIVE_OUTLET,IA0213,002,9.991,ZCTA_NN;R6371;TIE_FIRST_LEX,ZCTA_NN_HAVERSINE;NOT_ELIGIBILITY;NOT_USPS_VALIDITY;NO_INVENTORY
52625,EXACT_IMLS_OUTLET_ZIP,IA0209,002,,EXACT_OUTLET;TIE_FSCSKEY_SEQ,EXACT_OUTLET;NOT_USPS_VALIDITY;NO_INVENTORY
52626,EXACT_IMLS_OUTLET_ZIP,IA0205,002,,EXACT_OUTLET;TIE_FSCSKEY_SEQ,EXACT_OUTLET;NOT_USPS_VALIDITY;NO_INVENTORY
52627,EXACT_IMLS_OUTLET_ZIP,IA0211,003,,EXACT_OUTLET;TIE_FSCSKEY_SEQ,EXACT_OUTLET;NOT_USPS_VALIDITY;NO_INVENTORY
52630,EXACT_IMLS_OUTLET_ZIP,IA0214,002,,EXACT_OUTLET;TIE_FSCSKEY_SEQ,EXACT_OUTLET;NOT_USPS_VALIDITY;NO_INVENTORY
52631,ZCTA_NEAREST_ACTIVE_OUTLET,IA0217,002,7.998,ZCTA_NN;R6371;TIE_FIRST_LEX,ZCTA_NN_HAVERSINE;NOT_ELIGIBILITY;NOT_USPS_VALIDITY;NO_INVENTORY
52632,EXACT_IMLS_OUTLET_ZIP,IA0202,002,,EXACT_OUTLET;TIE_FSCSKEY_SEQ,EXACT_OUTLET;NOT_USPS_VALIDITY;NO_INVENTORY
52635,ZCTA_NEAREST_ACTIVE_OUTLET,IA0208,002,16.324,ZCTA_NN;R6371;TIE_FIRST_LEX,ZCTA_NN_HAVERSINE;NOT_ELIGIBILITY;NOT_USPS_VALIDITY;NO_INVENTORY
52637,EXACT_IMLS_OUTLET_ZIP,IA0220,002,,EXACT_OUTLET;TIE_FSCSKEY_SEQ,EXACT_OUTLET;NOT_USPS_VALIDITY;NO_INVENTORY
52638,ZCTA_NEAREST_ACTIVE_OUTLET,IA0219,002,11.925,ZCTA_NN;R6371;TIE_FIRST_LEX,ZCTA_NN_HAVERSINE;NOT_ELIGIBILITY;NOT_USPS_VALIDITY;NO_INVENTORY
52639,EXACT_IMLS_OUTLET_ZIP,IA0212,002,,EXACT_OUTLET;TIE_FSCSKEY_SEQ,EXACT_OUTLET;NOT_USPS_VALIDITY;NO_INVENTORY
52640,EXACT_IMLS_OUTLET_ZIP,IA0069,002,,EXACT_OUTLET;TIE_FSCSKEY_SEQ,EXACT_OUTLET;NOT_USPS_VALIDITY;NO_INVENTORY
52641,EXACT_IMLS_OUTLET_ZIP,IA0221,002,,EXACT_OUTLET;TIE_FSCSKEY_SEQ,EXACT_OUTLET;NOT_USPS_VALIDITY;NO_INVENTORY
52644,ZCTA_NEAREST_ACTIVE_OUTLET,IA0218,002,10.197,ZCTA_NN;R6371;TIE_FIRST_LEX,ZCTA_NN_HAVERSINE;NOT_ELIGIBILITY;NOT_USPS_VALIDITY;NO_INVENTORY
52645,EXACT_IMLS_OUTLET_ZIP,IA0216,002,,EXACT_OUTLET;TIE_FSCSKEY_SEQ,EXACT_OUTLET;NOT_USPS_VALIDITY;NO_INVENTORY
52646,ZCTA_NEAREST_ACTIVE_OUTLET,IA0220,002,14.105,ZCTA_NN;R6371;TIE_FIRST_LEX,ZCTA_NN_HAVERSINE;NOT_ELIGIBILITY;NOT_USPS_VALIDITY;NO_INVENTORY
52647,ZCTA_NEAREST_ACTIVE_OUTLET,IA0218,002,8.876,ZCTA_NN;R6371;TIE_FIRST_LEX,ZCTA_NN_HAVERSINE;NOT_ELIGIBILITY;NOT_USPS_VALIDITY;NO_INVENTORY
52648,OBSERVED_REFERENCE_INDIRECT_ONLY,,,,INDIRECT_IMLS_SC;NO_FABRICATED_NEAREST,INDIRECT_IMLS_SC;NO_FABRICATED_NEAREST;NOT_REJECTED;NOT_USPS_VALIDITY;NO_INVENTORY
52649,EXACT_IMLS_OUTLET_ZIP,IA0217,002,,EXACT_OUTLET;TIE_FSCSKEY_SEQ,EXACT_OUTLET;NOT_USPS_VALIDITY;NO_INVENTORY
52650,ZCTA_NEAREST_ACTIVE_OUTLET,IA0220,002,6.442,ZCTA_NN;R6371;TIE_FIRST_LEX,ZCTA_NN_HAVERSINE;NOT_ELIGIBILITY;NOT_USPS_VALIDITY;NO_INVENTORY
52651,EXACT_IMLS_OUTLET_ZIP,IA0208,002,,EXACT_OUTLET;TIE_FSCSKEY_SEQ,EXACT_OUTLET;NOT_USPS_VALIDITY;NO_INVENTORY
52652,ZCTA_NEAREST_ACTIVE_OUTLET,IA0218,002,10.264,ZCTA_NN;R6371;TIE_FIRST_LEX,ZCTA_NN_HAVERSINE;NOT_ELIGIBILITY;NOT_USPS_VALIDITY;NO_INVENTORY
52653,EXACT_IMLS_OUTLET_ZIP,IA0070,002,,EXACT_OUTLET;TIE_FSCSKEY_SEQ,EXACT_OUTLET;NOT_USPS_VALIDITY;NO_INVENTORY
52654,ZCTA_NEAREST_ACTIVE_OUTLET,IA0065,002,17.620,ZCTA_NN;R6371;TIE_FIRST_LEX,ZCTA_NN_HAVERSINE;NOT_ELIGIBILITY;NOT_USPS_VALIDITY;NO_INVENTORY
52655,ZCTA_NEAREST_ACTIVE_OUTLET,IA0219,002,9.938,ZCTA_NN;R6371;TIE_FIRST_LEX,ZCTA_NN_HAVERSINE;NOT_ELIGIBILITY;NOT_USPS_VALIDITY;NO_INVENTORY
52656,EXACT_IMLS_OUTLET_ZIP,IA0213,002,,EXACT_OUTLET;TIE_FSCSKEY_SEQ,EXACT_OUTLET;NOT_USPS_VALIDITY;NO_INVENTORY
52657,ZCTA_NEAREST_ACTIVE_OUTLET,IA0213,002,7.778,ZCTA_NN;R6371;TIE_FIRST_LEX,ZCTA_NN_HAVERSINE;NOT_ELIGIBILITY;NOT_USPS_VALIDITY;NO_INVENTORY
52658,ZCTA_NEAREST_ACTIVE_OUTLET,IA0211,003,11.385,ZCTA_NN;R6371;TIE_FIRST_LEX,ZCTA_NN_HAVERSINE;NOT_ELIGIBILITY;NOT_USPS_VALIDITY;NO_INVENTORY
52659,EXACT_IMLS_OUTLET_ZIP,IA0218,002,,EXACT_OUTLET;TIE_FSCSKEY_SEQ,EXACT_OUTLET;NOT_USPS_VALIDITY;NO_INVENTORY
52660,ZCTA_NEAREST_ACTIVE_OUTLET,IA0220,002,11.458,ZCTA_NN;R6371;TIE_FIRST_LEX,ZCTA_NN_HAVERSINE;NOT_ELIGIBILITY;NOT_USPS_VALIDITY;NO_INVENTORY
52701,ZCTA_NEAREST_ACTIVE_OUTLET,IA0360,002,11.582,ZCTA_NN;R6371;TIE_FIRST_LEX,ZCTA_NN_HAVERSINE;NOT_ELIGIBILITY;NOT_USPS_VALIDITY;NO_INVENTORY
52720,ZCTA_NEAREST_ACTIVE_OUTLET,IA0072,002,7.581,ZCTA_NN;R6371;TIE_FIRST_LEX,ZCTA_NN_HAVERSINE;NOT_ELIGIBILITY;NOT_USPS_VALIDITY;NO_INVENTORY
52721,EXACT_IMLS_OUTLET_ZIP,IA0357,002,,EXACT_OUTLET;TIE_FSCSKEY_SEQ,EXACT_OUTLET;NOT_USPS_VALIDITY;NO_INVENTORY
52722,EXACT_IMLS_OUTLET_ZIP,IA0354,002,,EXACT_OUTLET;TIE_FSCSKEY_SEQ,EXACT_OUTLET;NOT_USPS_VALIDITY;NO_INVENTORY
52726,EXACT_IMLS_OUTLET_ZIP,IA0356,004,,EXACT_OUTLET;TIE_FSCSKEY_SEQ,EXACT_OUTLET;NOT_USPS_VALIDITY;NO_INVENTORY
52727,ZCTA_NEAREST_ACTIVE_OUTLET,IA0361,002,12.067,ZCTA_NN;R6371;TIE_FIRST_LEX,ZCTA_NN_HAVERSINE;NOT_ELIGIBILITY;NOT_USPS_VALIDITY;NO_INVENTORY
52728,EXACT_IMLS_OUTLET_ZIP,IA0356,005,,EXACT_OUTLET;TIE_FSCSKEY_SEQ,EXACT_OUTLET;NOT_USPS_VALIDITY;NO_INVENTORY
52729,EXACT_IMLS_OUTLET_ZIP,IA0471,002,,EXACT_OUTLET;TIE_FSCSKEY_SEQ,EXACT_OUTLET;NOT_USPS_VALIDITY;NO_INVENTORY
52730,EXACT_IMLS_OUTLET_ZIP,IA0472,002,,EXACT_OUTLET;TIE_FSCSKEY_SEQ,EXACT_OUTLET;NOT_USPS_VALIDITY;NO_INVENTORY
52731,ZCTA_NEAREST_ACTIVE_OUTLET,IA0361,002,11.985,ZCTA_NN;R6371;TIE_FIRST_LEX,ZCTA_NN_HAVERSINE;NOT_ELIGIBILITY;NOT_USPS_VALIDITY;NO_INVENTORY
52732,EXACT_IMLS_OUTLET_ZIP,IA0473,002,,EXACT_OUTLET;TIE_FSCSKEY_SEQ,EXACT_OUTLET;NOT_USPS_VALIDITY;NO_INVENTORY
52733,OBSERVED_REFERENCE_INDIRECT_ONLY,,,,INDIRECT_IMLS_SC;NO_FABRICATED_NEAREST,INDIRECT_IMLS_SC;NO_FABRICATED_NEAREST;NOT_REJECTED;NOT_USPS_VALIDITY;NO_INVENTORY
52737,ZCTA_NEAREST_ACTIVE_OUTLET,IA0067,002,2.480,ZCTA_NN;R6371;TIE_FIRST_LEX,ZCTA_NN_HAVERSINE;NOT_ELIGIBILITY;NOT_USPS_VALIDITY;NO_INVENTORY
52738,EXACT_IMLS_OUTLET_ZIP,IA0067,002,,EXACT_OUTLET;TIE_FSCSKEY_SEQ,EXACT_OUTLET;NOT_USPS_VALIDITY;NO_INVENTORY
52739,ZCTA_NEAREST_ACTIVE_OUTLET,IA0067,002,10.485,ZCTA_NN;R6371;TIE_FIRST_LEX,ZCTA_NN_HAVERSINE;NOT_ELIGIBILITY;NOT_USPS_VALIDITY;NO_INVENTORY
52742,EXACT_IMLS_OUTLET_ZIP,IA0474,002,,EXACT_OUTLET;TIE_FSCSKEY_SEQ,EXACT_OUTLET;NOT_USPS_VALIDITY;NO_INVENTORY
52745,ZCTA_NEAREST_ACTIVE_OUTLET,IA0471,002,11.900,ZCTA_NN;R6371;TIE_FIRST_LEX,ZCTA_NN_HAVERSINE;NOT_ELIGIBILITY;NOT_USPS_VALIDITY;NO_INVENTORY
52746,ZCTA_NEAREST_ACTIVE_OUTLET,IA0356,002,10.335,ZCTA_NN;R6371;TIE_FIRST_LEX,ZCTA_NN_HAVERSINE;NOT_ELIGIBILITY;NOT_USPS_VALIDITY;NO_INVENTORY
52747,EXACT_IMLS_OUTLET_ZIP,IA0356,006,,EXACT_OUTLET;TIE_FSCSKEY_SEQ,EXACT_OUTLET;NOT_USPS_VALIDITY;NO_INVENTORY
52748,EXACT_IMLS_OUTLET_ZIP,IA0356,002,,EXACT_OUTLET;TIE_FSCSKEY_SEQ,EXACT_OUTLET;NOT_USPS_VALIDITY;NO_INVENTORY
52749,ZCTA_NEAREST_ACTIVE_OUTLET,IA0068,002,9.036,ZCTA_NN;R6371;TIE_FIRST_LEX,ZCTA_NN_HAVERSINE;NOT_ELIGIBILITY;NOT_USPS_VALIDITY;NO_INVENTORY
52750,ZCTA_NEAREST_ACTIVE_OUTLET,IA0361,002,12.617,ZCTA_NN;R6371;TIE_FIRST_LEX,ZCTA_NN_HAVERSINE;NOT_ELIGIBILITY;NOT_USPS_VALIDITY;NO_INVENTORY
52751,ZCTA_NEAREST_ACTIVE_OUTLET,IA0471,002,5.014,ZCTA_NN;R6371;TIE_FIRST_LEX,ZCTA_NN_HAVERSINE;NOT_ELIGIBILITY;NOT_USPS_VALIDITY;NO_INVENTORY
52752,ZCTA_NEAREST_ACTIVE_OUTLET,IA0068,002,7.279,ZCTA_NN;R6371;TIE_FIRST_LEX,ZCTA_NN_HAVERSINE;NOT_ELIGIBILITY;NOT_USPS_VALIDITY;NO_INVENTORY
52753,EXACT_IMLS_OUTLET_ZIP,IA0579,001,,EXACT_OUTLET;TIE_FSCSKEY_SEQ,EXACT_OUTLET;NOT_USPS_VALIDITY;NO_INVENTORY
52754,EXACT_IMLS_OUTLET_ZIP,IA0068,002,,EXACT_OUTLET;TIE_FSCSKEY_SEQ,EXACT_OUTLET;NOT_USPS_VALIDITY;NO_INVENTORY
52755,ZCTA_NEAREST_ACTIVE_OUTLET,IA0072,002,17.554,ZCTA_NN;R6371;TIE_FIRST_LEX,ZCTA_NN_HAVERSINE;NOT_ELIGIBILITY;NOT_USPS_VALIDITY;NO_INVENTORY
52756,ZCTA_NEAREST_ACTIVE_OUTLET,IA0356,002,8.601,ZCTA_NN;R6371;TIE_FIRST_LEX,ZCTA_NN_HAVERSINE;NOT_ELIGIBILITY;NOT_USPS_VALIDITY;NO_INVENTORY
52757,ZCTA_NEAREST_ACTIVE_OUTLET,IA0472,002,8.558,ZCTA_NN;R6371;TIE_FIRST_LEX,ZCTA_NN_HAVERSINE;NOT_ELIGIBILITY;NOT_USPS_VALIDITY;NO_INVENTORY
52758,ZCTA_NEAREST_ACTIVE_OUTLET,IA0356,011,10.813,ZCTA_NN;R6371;TIE_FIRST_LEX,ZCTA_NN_HAVERSINE;NOT_ELIGIBILITY;NOT_USPS_VALIDITY;NO_INVENTORY
52759,ZCTA_NEAREST_ACTIVE_OUTLET,IA0356,004,6.607,ZCTA_NN;R6371;TIE_FIRST_LEX,ZCTA_NN_HAVERSINE;NOT_ELIGIBILITY;NOT_USPS_VALIDITY;NO_INVENTORY
52760,ZCTA_NEAREST_ACTIVE_OUTLET,IA0353,002,6.853,ZCTA_NN;R6371;TIE_FIRST_LEX,ZCTA_NN_HAVERSINE;NOT_ELIGIBILITY;NOT_USPS_VALIDITY;NO_INVENTORY
52761,EXACT_IMLS_OUTLET_ZIP,IA0071,002,,EXACT_OUTLET;TIE_FSCSKEY_SEQ,EXACT_OUTLET;NOT_USPS_VALIDITY;NO_INVENTORY
52765,ZCTA_NEAREST_ACTIVE_OUTLET,IA0357,002,8.937,ZCTA_NN;R6371;TIE_FIRST_LEX,ZCTA_NN_HAVERSINE;NOT_ELIGIBILITY;NOT_USPS_VALIDITY;NO_INVENTORY
52766,ZCTA_NEAREST_ACTIVE_OUTLET,IA0072,002,11.886,ZCTA_NN;R6371;TIE_FIRST_LEX,ZCTA_NN_HAVERSINE;NOT_ELIGIBILITY;NOT_USPS_VALIDITY;NO_INVENTORY
52767,ZCTA_NEAREST_ACTIVE_OUTLET,IA0354,002,6.878,ZCTA_NN;R6371;TIE_FIRST_LEX,ZCTA_NN_HAVERSINE;NOT_ELIGIBILITY;NOT_USPS_VALIDITY;NO_INVENTORY
52768,EXACT_IMLS_OUTLET_ZIP,IA0356,011,,EXACT_OUTLET;TIE_FSCSKEY_SEQ,EXACT_OUTLET;NOT_USPS_VALIDITY;NO_INVENTORY
52769,ZCTA_NEAREST_ACTIVE_OUTLET,IA0356,006,5.484,ZCTA_NN;R6371;TIE_FIRST_LEX,ZCTA_NN_HAVERSINE;NOT_ELIGIBILITY;NOT_USPS_VALIDITY;NO_INVENTORY
52771,ZCTA_NEAREST_ACTIVE_OUTLET,IA0360,002,8.837,ZCTA_NN;R6371;TIE_FIRST_LEX,ZCTA_NN_HAVERSINE;NOT_ELIGIBILITY;NOT_USPS_VALIDITY;NO_INVENTORY
52772,EXACT_IMLS_OUTLET_ZIP,IA0476,002,,EXACT_OUTLET;TIE_FSCSKEY_SEQ,EXACT_OUTLET;NOT_USPS_VALIDITY;NO_INVENTORY
52773,EXACT_IMLS_OUTLET_ZIP,IA0356,012,,EXACT_OUTLET;TIE_FSCSKEY_SEQ,EXACT_OUTLET;NOT_USPS_VALIDITY;NO_INVENTORY
52774,ZCTA_NEAREST_ACTIVE_OUTLET,IA0474,002,10.383,ZCTA_NN;R6371;TIE_FIRST_LEX,ZCTA_NN_HAVERSINE;NOT_ELIGIBILITY;NOT_USPS_VALIDITY;NO_INVENTORY
52776,EXACT_IMLS_OUTLET_ZIP,IA0072,002,,EXACT_OUTLET;TIE_FSCSKEY_SEQ,EXACT_OUTLET;NOT_USPS_VALIDITY;NO_INVENTORY
52777,EXACT_IMLS_OUTLET_ZIP,IA0480,002,,EXACT_OUTLET;TIE_FSCSKEY_SEQ,EXACT_OUTLET;NOT_USPS_VALIDITY;NO_INVENTORY
52778,EXACT_IMLS_OUTLET_ZIP,IA0353,002,,EXACT_OUTLET;TIE_FSCSKEY_SEQ,EXACT_OUTLET;NOT_USPS_VALIDITY;NO_INVENTORY
52801,EXACT_IMLS_OUTLET_ZIP,IA0355,002,,EXACT_OUTLET;TIE_FSCSKEY_SEQ,EXACT_OUTLET;NOT_USPS_VALIDITY;NO_INVENTORY
52802,ZCTA_NEAREST_ACTIVE_OUTLET,IL0461,002,5.572,ZCTA_NN;R6371;TIE_FIRST_LEX,ZCTA_NN_HAVERSINE;NOT_ELIGIBILITY;NOT_USPS_VALIDITY;NO_INVENTORY
52803,ZCTA_NEAREST_ACTIVE_OUTLET,IA0355,002,2.387,ZCTA_NN;R6371;TIE_FIRST_LEX,ZCTA_NN_HAVERSINE;NOT_ELIGIBILITY;NOT_USPS_VALIDITY;NO_INVENTORY
52804,EXACT_IMLS_OUTLET_ZIP,IA0355,003,,EXACT_OUTLET;TIE_FSCSKEY_SEQ,EXACT_OUTLET;NOT_USPS_VALIDITY;NO_INVENTORY
52805,OBSERVED_REFERENCE_INDIRECT_ONLY,,,,INDIRECT_IMLS_SC;NO_FABRICATED_NEAREST,INDIRECT_IMLS_SC;NO_FABRICATED_NEAREST;NOT_REJECTED;NOT_USPS_VALIDITY;NO_INVENTORY
52806,ZCTA_NEAREST_ACTIVE_OUTLET,IA0355,003,4.189,ZCTA_NN;R6371;TIE_FIRST_LEX,ZCTA_NN_HAVERSINE;NOT_ELIGIBILITY;NOT_USPS_VALIDITY;NO_INVENTORY
52807,EXACT_IMLS_OUTLET_ZIP,IA0355,005,,EXACT_OUTLET;TIE_FSCSKEY_SEQ,EXACT_OUTLET;NOT_USPS_VALIDITY;NO_INVENTORY
52808,OBSERVED_REFERENCE_INDIRECT_ONLY,,,,INDIRECT_IMLS_SC;NO_FABRICATED_NEAREST,INDIRECT_IMLS_SC;NO_FABRICATED_NEAREST;NOT_REJECTED;NOT_USPS_VALIDITY;NO_INVENTORY
52809,OBSERVED_REFERENCE_INDIRECT_ONLY,,,,INDIRECT_IMLS_SC;NO_FABRICATED_NEAREST,INDIRECT_IMLS_SC;NO_FABRICATED_NEAREST;NOT_REJECTED;NOT_USPS_VALIDITY;NO_INVENTORY
53001,ZCTA_NEAREST_ACTIVE_OUTLET,WI0270,002,9.917,ZCTA_NN;R6371;TIE_FIRST_LEX,ZCTA_NN_HAVERSINE;NOT_ELIGIBILITY;NOT_USPS_VALIDITY;NO_INVENTORY
53002,ZCTA_NEAREST_ACTIVE_OUTLET,WI0318,002,10.275,ZCTA_NN;R6371;TIE_FIRST_LEX,ZCTA_NN_HAVERSINE;NOT_ELIGIBILITY;NOT_USPS_VALIDITY;NO_INVENTORY
53003,ZCTA_NEAREST_ACTIVE_OUTLET,WI0229,002,11.404,ZCTA_NN;R6371;TIE_FIRST_LEX,ZCTA_NN_HAVERSINE;NOT_ELIGIBILITY;NOT_USPS_VALIDITY;NO_INVENTORY
53004,ZCTA_NEAREST_ACTIVE_OUTLET,WI0270,002,8.617,ZCTA_NN;R6371;TIE_FIRST_LEX,ZCTA_NN_HAVERSINE;NOT_ELIGIBILITY;NOT_USPS_VALIDITY;NO_INVENTORY
53005,EXACT_IMLS_OUTLET_ZIP,WI0042,002,,EXACT_OUTLET;TIE_FSCSKEY_SEQ,EXACT_OUTLET;NOT_USPS_VALIDITY;NO_INVENTORY
53006,EXACT_IMLS_OUTLET_ZIP,WI0044,002,,EXACT_OUTLET;TIE_FSCSKEY_SEQ,EXACT_OUTLET;NOT_USPS_VALIDITY;NO_INVENTORY
53007,EXACT_IMLS_OUTLET_ZIP,WI0046,002,,EXACT_OUTLET;TIE_FSCSKEY_SEQ,EXACT_OUTLET;NOT_USPS_VALIDITY;NO_INVENTORY
53008,OBSERVED_REFERENCE_INDIRECT_ONLY,,,,INDIRECT_IMLS_SC;NO_FABRICATED_NEAREST,INDIRECT_IMLS_SC;NO_FABRICATED_NEAREST;NOT_REJECTED;NOT_USPS_VALIDITY;NO_INVENTORY
53010,EXACT_IMLS_OUTLET_ZIP,WI0052,002,,EXACT_OUTLET;TIE_FSCSKEY_SEQ,EXACT_OUTLET;NOT_USPS_VALIDITY;NO_INVENTORY
53011,ZCTA_NEAREST_ACTIVE_OUTLET,WI0257,002,13.530,ZCTA_NN;R6371;TIE_FIRST_LEX,ZCTA_NN_HAVERSINE;NOT_ELIGIBILITY;NOT_USPS_VALIDITY;NO_INVENTORY
53012,EXACT_IMLS_OUTLET_ZIP,WI0055,002,,EXACT_OUTLET;TIE_FSCSKEY_SEQ,EXACT_OUTLET;NOT_USPS_VALIDITY;NO_INVENTORY
53013,EXACT_IMLS_OUTLET_ZIP,WI0054,002,,EXACT_OUTLET;TIE_FSCSKEY_SEQ,EXACT_OUTLET;NOT_USPS_VALIDITY;NO_INVENTORY
53014,EXACT_IMLS_OUTLET_ZIP,WI0058,002,,EXACT_OUTLET;TIE_FSCSKEY_SEQ,EXACT_OUTLET;NOT_USPS_VALIDITY;NO_INVENTORY
53015,ZCTA_NEAREST_ACTIVE_OUTLET,WI0292,002,18.247,ZCTA_NN;R6371;TIE_FIRST_LEX,ZCTA_NN_HAVERSINE;NOT_ELIGIBILITY;NOT_USPS_VALIDITY;NO_INVENTORY
53016,ZCTA_NEAREST_ACTIVE_OUTLET,WI0388,002,9.465,ZCTA_NN;R6371;TIE_FIRST_LEX,ZCTA_NN_HAVERSINE;NOT_ELIGIBILITY;NOT_USPS_VALIDITY;NO_INVENTORY
53017,ZCTA_NEAREST_ACTIVE_OUTLET,WI0408,002,7.975,ZCTA_NN;R6371;TIE_FIRST_LEX,ZCTA_NN_HAVERSINE;NOT_ELIGIBILITY;NOT_USPS_VALIDITY;NO_INVENTORY
53018,EXACT_IMLS_OUTLET_ZIP,WI0079,002,,EXACT_OUTLET;TIE_FSCSKEY_SEQ,EXACT_OUTLET;NOT_USPS_VALIDITY;NO_INVENTORY
53019,ZCTA_NEAREST_ACTIVE_OUTLET,WI0052,002,10.947,ZCTA_NN;R6371;TIE_FIRST_LEX,ZCTA_NN_HAVERSINE;NOT_ELIGIBILITY;NOT_USPS_VALIDITY;NO_INVENTORY
53020,EXACT_IMLS_OUTLET_ZIP,WI0092,002,,EXACT_OUTLET;TIE_FSCSKEY_SEQ,EXACT_OUTLET;NOT_USPS_VALIDITY;NO_INVENTORY
53021,ZCTA_NEAREST_ACTIVE_OUTLET,WI0270,002,7.336,ZCTA_NN;R6371;TIE_FIRST_LEX,ZCTA_NN_HAVERSINE;NOT_ELIGIBILITY;NOT_USPS_VALIDITY;NO_INVENTORY
53022,EXACT_IMLS_OUTLET_ZIP,WI0113,002,,EXACT_OUTLET;TIE_FSCSKEY_SEQ,EXACT_OUTLET;NOT_USPS_VALIDITY;NO_INVENTORY
53023,ZCTA_NEAREST_ACTIVE_OUTLET,WI0092,002,9.343,ZCTA_NN;R6371;TIE_FIRST_LEX,ZCTA_NN_HAVERSINE;NOT_ELIGIBILITY;NOT_USPS_VALIDITY;NO_INVENTORY
53024,EXACT_IMLS_OUTLET_ZIP,WI0385,002,,EXACT_OUTLET;TIE_FSCSKEY_SEQ,EXACT_OUTLET;NOT_USPS_VALIDITY;NO_INVENTORY
53026,OBSERVED_REFERENCE_INDIRECT_ONLY,,,,INDIRECT_IMLS_SC;NO_FABRICATED_NEAREST,INDIRECT_IMLS_SC;NO_FABRICATED_NEAREST;NOT_REJECTED;NOT_USPS_VALIDITY;NO_INVENTORY
53027,EXACT_IMLS_OUTLET_ZIP,WI0129,002,,EXACT_OUTLET;TIE_FSCSKEY_SEQ,EXACT_OUTLET;NOT_USPS_VALIDITY;NO_INVENTORY
53029,EXACT_IMLS_OUTLET_ZIP,WI0130,002,,EXACT_OUTLET;TIE_FSCSKEY_SEQ,EXACT_OUTLET;NOT_USPS_VALIDITY;NO_INVENTORY
53031,ZCTA_NEAREST_ACTIVE_OUTLET,WI0235,002,10.095,ZCTA_NN;R6371;TIE_FIRST_LEX,ZCTA_NN_HAVERSINE;NOT_ELIGIBILITY;NOT_USPS_VALIDITY;NO_INVENTORY
53032,EXACT_IMLS_OUTLET_ZIP,WI0135,002,,EXACT_OUTLET;TIE_FSCSKEY_SEQ,EXACT_OUTLET;NOT_USPS_VALIDITY;NO_INVENTORY
53033,ZCTA_NEAREST_ACTIVE_OUTLET,WI0298,002,9.663,ZCTA_NN;R6371;TIE_FIRST_LEX,ZCTA_NN_HAVERSINE;NOT_ELIGIBILITY;NOT_USPS_VALIDITY;NO_INVENTORY
53034,EXACT_IMLS_OUTLET_ZIP,WI0388,002,,EXACT_OUTLET;TIE_FSCSKEY_SEQ,EXACT_OUTLET;NOT_USPS_VALIDITY;NO_INVENTORY
53035,EXACT_IMLS_OUTLET_ZIP,WI0389,002,,EXACT_OUTLET;TIE_FSCSKEY_SEQ,EXACT_OUTLET;NOT_USPS_VALIDITY;NO_INVENTORY
53036,ZCTA_NEAREST_ACTIVE_OUTLET,WI0229,002,9.702,ZCTA_NN;R6371;TIE_FIRST_LEX,ZCTA_NN_HAVERSINE;NOT_ELIGIBILITY;NOT_USPS_VALIDITY;NO_INVENTORY
53037,ZCTA_NEAREST_ACTIVE_OUTLET,WI0298,002,9.871,ZCTA_NN;R6371;TIE_FIRST_LEX,ZCTA_NN_HAVERSINE;NOT_ELIGIBILITY;NOT_USPS_VALIDITY;NO_INVENTORY
53038,EXACT_IMLS_OUTLET_ZIP,WI0144,002,,EXACT_OUTLET;TIE_FSCSKEY_SEQ,EXACT_OUTLET;NOT_USPS_VALIDITY;NO_INVENTORY
53039,EXACT_IMLS_OUTLET_ZIP,WI0145,002,,EXACT_OUTLET;TIE_FSCSKEY_SEQ,EXACT_OUTLET;NOT_USPS_VALIDITY;NO_INVENTORY
53040,EXACT_IMLS_OUTLET_ZIP,WI0150,002,,EXACT_OUTLET;TIE_FSCSKEY_SEQ,EXACT_OUTLET;NOT_USPS_VALIDITY;NO_INVENTORY
53042,EXACT_IMLS_OUTLET_ZIP,WI0152,002,,EXACT_OUTLET;TIE_FSCSKEY_SEQ,EXACT_OUTLET;NOT_USPS_VALIDITY;NO_INVENTORY
53044,EXACT_IMLS_OUTLET_ZIP,WI0155,002,,EXACT_OUTLET;TIE_FSCSKEY_SEQ,EXACT_OUTLET;NOT_USPS_VALIDITY;NO_INVENTORY
53045,ZCTA_NEAREST_ACTIVE_OUTLET,WI0042,002,2.177,ZCTA_NN;R6371;TIE_FIRST_LEX,ZCTA_NN_HAVERSINE;NOT_ELIGIBILITY;NOT_USPS_VALIDITY;NO_INVENTORY
53046,ZCTA_NEAREST_ACTIVE_OUTLET,WI0191,002,4.690,ZCTA_NN;R6371;TIE_FIRST_LEX,ZCTA_NN_HAVERSINE;NOT_ELIGIBILITY;NOT_USPS_VALIDITY;NO_INVENTORY
53047,ZCTA_NEAREST_ACTIVE_OUTLET,WI0388,002,9.635,ZCTA_NN;R6371;TIE_FIRST_LEX,ZCTA_NN_HAVERSINE;NOT_ELIGIBILITY;NOT_USPS_VALIDITY;NO_INVENTORY
53048,EXACT_IMLS_OUTLET_ZIP,WI0172,002,,EXACT_OUTLET;TIE_FSCSKEY_SEQ,EXACT_OUTLET;NOT_USPS_VALIDITY;NO_INVENTORY
53049,ZCTA_NEAREST_ACTIVE_OUTLET,WI0103,004,14.633,ZCTA_NN;R6371;TIE_FIRST_LEX,ZCTA_NN_HAVERSINE;NOT_ELIGIBILITY;NOT_USPS_VALIDITY;NO_INVENTORY
53050,EXACT_IMLS_OUTLET_ZIP,WI0186,002,,EXACT_OUTLET;TIE_FSCSKEY_SEQ,EXACT_OUTLET;NOT_USPS_VALIDITY;NO_INVENTORY
53051,EXACT_IMLS_OUTLET_ZIP,WI0191,002,,EXACT_OUTLET;TIE_FSCSKEY_SEQ,EXACT_OUTLET;NOT_USPS_VALIDITY;NO_INVENTORY
53052,OBSERVED_REFERENCE_INDIRECT_ONLY,,,,INDIRECT_IMLS_SC;NO_FABRICATED_NEAREST,INDIRECT_IMLS_SC;NO_FABRICATED_NEAREST;NOT_REJECTED;NOT_USPS_VALIDITY;NO_INVENTORY
53056,OBSERVED_REFERENCE_INDIRECT_ONLY,,,,INDIRECT_IMLS_SC;NO_FABRICATED_NEAREST,INDIRECT_IMLS_SC;NO_FABRICATED_NEAREST;NOT_REJECTED;NOT_USPS_VALIDITY;NO_INVENTORY
53057,ZCTA_NEAREST_ACTIVE_OUTLET,WI0103,004,13.395,ZCTA_NN;R6371;TIE_FIRST_LEX,ZCTA_NN_HAVERSINE;NOT_ELIGIBILITY;NOT_USPS_VALIDITY;NO_INVENTORY
53058,ZCTA_NEAREST_ACTIVE_OUTLET,WI0130,002,5.431,ZCTA_NN;R6371;TIE_FIRST_LEX,ZCTA_NN_HAVERSINE;NOT_ELIGIBILITY;NOT_USPS_VALIDITY;NO_INVENTORY
53059,ZCTA_NEAREST_ACTIVE_OUTLET,WI0388,002,9.474,ZCTA_NN;R6371;TIE_FIRST_LEX,ZCTA_NN_HAVERSINE;NOT_ELIGIBILITY;NOT_USPS_VALIDITY;NO_INVENTORY
53060,OBSERVED_REFERENCE_INDIRECT_ONLY,,,,INDIRECT_IMLS_SC;NO_FABRICATED_NEAREST,INDIRECT_IMLS_SC;NO_FABRICATED_NEAREST;NOT_REJECTED;NOT_USPS_VALIDITY;NO_INVENTORY
53061,EXACT_IMLS_OUTLET_ZIP,WI0220,002,,EXACT_OUTLET;TIE_FSCSKEY_SEQ,EXACT_OUTLET;NOT_USPS_VALIDITY;NO_INVENTORY
53063,ZCTA_NEAREST_ACTIVE_OUTLET,WI0179,002,18.369,ZCTA_NN;R6371;TIE_FIRST_LEX,ZCTA_NN_HAVERSINE;NOT_ELIGIBILITY;NOT_USPS_VALIDITY;NO_INVENTORY
53064,EXACT_IMLS_OUTLET_ZIP,WI0226,002,,EXACT_OUTLET;TIE_FSCSKEY_SEQ,EXACT_OUTLET;NOT_USPS_VALIDITY;NO_INVENTORY
53065,EXACT_IMLS_OUTLET_ZIP,WI0228,002,,EXACT_OUTLET;TIE_FSCSKEY_SEQ,EXACT_OUTLET;NOT_USPS_VALIDITY;NO_INVENTORY
53066,EXACT_IMLS_OUTLET_ZIP,WI0229,002,,EXACT_OUTLET;TIE_FSCSKEY_SEQ,EXACT_OUTLET;NOT_USPS_VALIDITY;NO_INVENTORY
53069,ZCTA_NEAREST_ACTIVE_OUTLET,WI0229,002,5.725,ZCTA_NN;R6371;TIE_FIRST_LEX,ZCTA_NN_HAVERSINE;NOT_ELIGIBILITY;NOT_USPS_VALIDITY;NO_INVENTORY
53070,EXACT_IMLS_OUTLET_ZIP,WI0235,002,,EXACT_OUTLET;TIE_FSCSKEY_SEQ,EXACT_OUTLET;NOT_USPS_VALIDITY;NO_INVENTORY
53072,EXACT_IMLS_OUTLET_ZIP,WI0421,001,,EXACT_OUTLET;TIE_FSCSKEY_SEQ,EXACT_OUTLET;NOT_USPS_VALIDITY;NO_INVENTORY
53073,EXACT_IMLS_OUTLET_ZIP,WI0257,002,,EXACT_OUTLET;TIE_FSCSKEY_SEQ,EXACT_OUTLET;NOT_USPS_VALIDITY;NO_INVENTORY
53074,EXACT_IMLS_OUTLET_ZIP,WI0258,002,,EXACT_OUTLET;TIE_FSCSKEY_SEQ,EXACT_OUTLET;NOT_USPS_VALIDITY;NO_INVENTORY
53075,EXACT_IMLS_OUTLET_ZIP,WI0270,002,,EXACT_OUTLET;TIE_FSCSKEY_SEQ,EXACT_OUTLET;NOT_USPS_VALIDITY;NO_INVENTORY
53076,ZCTA_NEAREST_ACTIVE_OUTLET,WI0298,002,8.731,ZCTA_NN;R6371;TIE_FIRST_LEX,ZCTA_NN_HAVERSINE;NOT_ELIGIBILITY;NOT_USPS_VALIDITY;NO_INVENTORY
53078,ZCTA_NEAREST_ACTIVE_OUTLET,WI0129,002,7.478,ZCTA_NN;R6371;TIE_FIRST_LEX,ZCTA_NN_HAVERSINE;NOT_ELIGIBILITY;NOT_USPS_VALIDITY;NO_INVENTORY
53079,ZCTA_NEAREST_ACTIVE_OUTLET,WI0092,002,14.775,ZCTA_NN;R6371;TIE_FIRST_LEX,ZCTA_NN_HAVERSINE;NOT_ELIGIBILITY;NOT_USPS_VALIDITY;NO_INVENTORY
53080,EXACT_IMLS_OUTLET_ZIP,WI0403,002,,EXACT_OUTLET;TIE_FSCSKEY_SEQ,EXACT_OUTLET;NOT_USPS_VALIDITY;NO_INVENTORY
53081,EXACT_IMLS_OUTLET_ZIP,WI0292,002,,EXACT_OUTLET;TIE_FSCSKEY_SEQ,EXACT_OUTLET;NOT_USPS_VALIDITY;NO_INVENTORY
53082,OBSERVED_REFERENCE_INDIRECT_ONLY,,,,INDIRECT_IMLS_SC;NO_FABRICATED_NEAREST,INDIRECT_IMLS_SC;NO_FABRICATED_NEAREST;NOT_REJECTED;NOT_USPS_VALIDITY;NO_INVENTORY
53083,ZCTA_NEAREST_ACTIVE_OUTLET,WI0292,002,8.204,ZCTA_NN;R6371;TIE_FIRST_LEX,ZCTA_NN_HAVERSINE;NOT_ELIGIBILITY;NOT_USPS_VALIDITY;NO_INVENTORY
53085,EXACT_IMLS_OUTLET_ZIP,WI0293,002,,EXACT_OUTLET;TIE_FSCSKEY_SEQ,EXACT_OUTLET;NOT_USPS_VALIDITY;NO_INVENTORY
53086,EXACT_IMLS_OUTLET_ZIP,WI0298,002,,EXACT_OUTLET;TIE_FSCSKEY_SEQ,EXACT_OUTLET;NOT_USPS_VALIDITY;NO_INVENTORY
53088,ZCTA_NEAREST_ACTIVE_OUTLET,WI0058,002,12.247,ZCTA_NN;R6371;TIE_FIRST_LEX,ZCTA_NN_HAVERSINE;NOT_ELIGIBILITY;NOT_USPS_VALIDITY;NO_INVENTORY
53089,EXACT_IMLS_OUTLET_ZIP,WI0408,002,,EXACT_OUTLET;TIE_FSCSKEY_SEQ,EXACT_OUTLET;NOT_USPS_VALIDITY;NO_INVENTORY
53090,ZCTA_NEAREST_ACTIVE_OUTLET,WI0345,002,4.717,ZCTA_NN;R6371;TIE_FIRST_LEX,ZCTA_NN_HAVERSINE;NOT_ELIGIBILITY;NOT_USPS_VALIDITY;NO_INVENTORY
53091,EXACT_IMLS_OUTLET_ZIP,WI0318,002,,EXACT_OUTLET;TIE_FSCSKEY_SEQ,EXACT_OUTLET;NOT_USPS_VALIDITY;NO_INVENTORY
53092,EXACT_IMLS_OUTLET_ZIP,WI0193,002,,EXACT_OUTLET;TIE_FSCSKEY_SEQ,EXACT_OUTLET;NOT_USPS_VALIDITY;NO_INVENTORY
53093,ZCTA_NEAREST_ACTIVE_OUTLET,WI0270,002,11.255,ZCTA_NN;R6371;TIE_FIRST_LEX,ZCTA_NN_HAVERSINE;NOT_ELIGIBILITY;NOT_USPS_VALIDITY;NO_INVENTORY
53094,EXACT_IMLS_OUTLET_ZIP,WI0336,002,,EXACT_OUTLET;TIE_FSCSKEY_SEQ,EXACT_OUTLET;NOT_USPS_VALIDITY;NO_INVENTORY
53095,EXACT_IMLS_OUTLET_ZIP,WI0345,002,,EXACT_OUTLET;TIE_FSCSKEY_SEQ,EXACT_OUTLET;NOT_USPS_VALIDITY;NO_INVENTORY
53097,ZCTA_NEAREST_ACTIVE_OUTLET,WI0193,002,2.788,ZCTA_NN;R6371;TIE_FIRST_LEX,ZCTA_NN_HAVERSINE;NOT_ELIGIBILITY;NOT_USPS_VALIDITY;NO_INVENTORY
53098,ZCTA_NEAREST_ACTIVE_OUTLET,WI0336,002,6.735,ZCTA_NN;R6371;TIE_FIRST_LEX,ZCTA_NN_HAVERSINE;NOT_ELIGIBILITY;NOT_USPS_VALIDITY;NO_INVENTORY
53099,ZCTA_NEAREST_ACTIVE_OUTLET,WI0389,002,2.503,ZCTA_NN;R6371;TIE_FIRST_LEX,ZCTA_NN_HAVERSINE;NOT_ELIGIBILITY;NOT_USPS_VALIDITY;NO_INVENTORY
53103,EXACT_IMLS_OUTLET_ZIP,WI0028,002,,EXACT_OUTLET;TIE_FSCSKEY_SEQ,EXACT_OUTLET;NOT_USPS_VALIDITY;NO_INVENTORY
53104,ZCTA_NEAREST_ACTIVE_OUTLET,WI0283,005,5.460,ZCTA_NN;R6371;TIE_FIRST_LEX,ZCTA_NN_HAVERSINE;NOT_ELIGIBILITY;NOT_USPS_VALIDITY;NO_INVENTORY
53105,EXACT_IMLS_OUTLET_ZIP,WI0045,002,,EXACT_OUTLET;TIE_FSCSKEY_SEQ,EXACT_OUTLET;NOT_USPS_VALIDITY;NO_INVENTORY
53108,ZCTA_NEAREST_ACTIVE_OUTLET,WI0227,002,9.476,ZCTA_NN;R6371;TIE_FIRST_LEX,ZCTA_NN_HAVERSINE;NOT_ELIGIBILITY;NOT_USPS_VALIDITY;NO_INVENTORY
53109,OBSERVED_REFERENCE_INDIRECT_ONLY,,,,INDIRECT_IMLS_SC;NO_FABRICATED_NEAREST,INDIRECT_IMLS_SC;NO_FABRICATED_NEAREST;NOT_REJECTED;NOT_USPS_VALIDITY;NO_INVENTORY
53110,EXACT_IMLS_OUTLET_ZIP,WI0071,002,,EXACT_OUTLET;TIE_FSCSKEY_SEQ,EXACT_OUTLET;NOT_USPS_VALIDITY;NO_INVENTORY
53114,EXACT_IMLS_OUTLET_ZIP,WI0074,002,,EXACT_OUTLET;TIE_FSCSKEY_SEQ,EXACT_OUTLET;NOT_USPS_VALIDITY;NO_INVENTORY
53115,EXACT_IMLS_OUTLET_ZIP,WI0080,002,,EXACT_OUTLET;TIE_FSCSKEY_SEQ,EXACT_OUTLET;NOT_USPS_VALIDITY;NO_INVENTORY
53118,ZCTA_NEAREST_ACTIVE_OUTLET,WI0087,002,9.554,ZCTA_NN;R6371;TIE_FIRST_LEX,ZCTA_NN_HAVERSINE;NOT_ELIGIBILITY;NOT_USPS_VALIDITY;NO_INVENTORY
53119,EXACT_IMLS_OUTLET_ZIP,WI0087,002,,EXACT_OUTLET;TIE_FSCSKEY_SEQ,EXACT_OUTLET;NOT_USPS_VALIDITY;NO_INVENTORY
53120,EXACT_IMLS_OUTLET_ZIP,WI0089,002,,EXACT_OUTLET;TIE_FSCSKEY_SEQ,EXACT_OUTLET;NOT_USPS_VALIDITY;NO_INVENTORY
53121,EXACT_IMLS_OUTLET_ZIP,WI0093,002,,EXACT_OUTLET;TIE_FSCSKEY_SEQ,EXACT_OUTLET;NOT_USPS_VALIDITY;NO_INVENTORY
53122,EXACT_IMLS_OUTLET_ZIP,WI0095,002,,EXACT_OUTLET;TIE_FSCSKEY_SEQ,EXACT_OUTLET;NOT_USPS_VALIDITY;NO_INVENTORY
53125,EXACT_IMLS_OUTLET_ZIP,WI0104,002,,EXACT_OUTLET;TIE_FSCSKEY_SEQ,EXACT_OUTLET;NOT_USPS_VALIDITY;NO_INVENTORY
53126,ZCTA_NEAREST_ACTIVE_OUTLET,WI0107,002,12.165,ZCTA_NN;R6371;TIE_FIRST_LEX,ZCTA_NN_HAVERSINE;NOT_ELIGIBILITY;NOT_USPS_VALIDITY;NO_INVENTORY
53127,ZCTA_NEAREST_ACTIVE_OUTLET,WI0396,002,10.605,ZCTA_NN;R6371;TIE_FIRST_LEX,ZCTA_NN_HAVERSINE;NOT_ELIGIBILITY;NOT_USPS_VALIDITY;NO_INVENTORY
53128,EXACT_IMLS_OUTLET_ZIP,WI0112,002,,EXACT_OUTLET;TIE_FSCSKEY_SEQ,EXACT_OUTLET;NOT_USPS_VALIDITY;NO_INVENTORY
53129,EXACT_IMLS_OUTLET_ZIP,WI0123,002,,EXACT_OUTLET;TIE_FSCSKEY_SEQ,EXACT_OUTLET;NOT_USPS_VALIDITY;NO_INVENTORY
53130,EXACT_IMLS_OUTLET_ZIP,WI0126,002,,EXACT_OUTLET;TIE_FSCSKEY_SEQ,EXACT_OUTLET;NOT_USPS_VALIDITY;NO_INVENTORY
53132,EXACT_IMLS_OUTLET_ZIP,WI0107,002,,EXACT_OUTLET;TIE_FSCSKEY_SEQ,EXACT_OUTLET;NOT_USPS_VALIDITY;NO_INVENTORY
53137,ZCTA_NEAREST_ACTIVE_OUTLET,WI0143,002,11.258,ZCTA_NN;R6371;TIE_FIRST_LEX,ZCTA_NN_HAVERSINE;NOT_ELIGIBILITY;NOT_USPS_VALIDITY;NO_INVENTORY
53139,ZCTA_NEAREST_ACTIVE_OUTLET,WI0326,002,5.637,ZCTA_NN;R6371;TIE_FIRST_LEX,ZCTA_NN_HAVERSINE;NOT_ELIGIBILITY;NOT_USPS_VALIDITY;NO_INVENTORY
53140,EXACT_IMLS_OUTLET_ZIP,WI0148,002,,EXACT_OUTLET;TIE_FSCSKEY_SEQ,EXACT_OUTLET;NOT_USPS_VALIDITY;NO_INVENTORY
53141,OBSERVED_REFERENCE_INDIRECT_ONLY,,,,INDIRECT_IMLS_SC;NO_FABRICATED_NEAREST,INDIRECT_IMLS_SC;NO_FABRICATED_NEAREST;NOT_REJECTED;NOT_USPS_VALIDITY;NO_INVENTORY
53142,EXACT_IMLS_OUTLET_ZIP,WI0148,004,,EXACT_OUTLET;TIE_FSCSKEY_SEQ,EXACT_OUTLET;NOT_USPS_VALIDITY;NO_INVENTORY
53143,EXACT_IMLS_OUTLET_ZIP,WI0148,005,,EXACT_OUTLET;TIE_FSCSKEY_SEQ,EXACT_OUTLET;NOT_USPS_VALIDITY;NO_INVENTORY
53144,ZCTA_NEAREST_ACTIVE_OUTLET,WI0148,002,6.479,ZCTA_NN;R6371;TIE_FIRST_LEX,ZCTA_NN_HAVERSINE;NOT_ELIGIBILITY;NOT_USPS_VALIDITY;NO_INVENTORY
53146,ZCTA_NEAREST_ACTIVE_OUTLET,WI0218,002,4.414,ZCTA_NN;R6371;TIE_FIRST_LEX,ZCTA_NN_HAVERSINE;NOT_ELIGIBILITY;NOT_USPS_VALIDITY;NO_INVENTORY
53147,EXACT_IMLS_OUTLET_ZIP,WI0162,002,,EXACT_OUTLET;TIE_FSCSKEY_SEQ,EXACT_OUTLET;NOT_USPS_VALIDITY;NO_INVENTORY
53148,OBSERVED_REFERENCE_INDIRECT_ONLY,,,,INDIRECT_IMLS_SC;NO_FABRICATED_NEAREST,INDIRECT_IMLS_SC;NO_FABRICATED_NEAREST;NOT_REJECTED;NOT_USPS_VALIDITY;NO_INVENTORY
53149,EXACT_IMLS_OUTLET_ZIP,WI0396,002,,EXACT_OUTLET;TIE_FSCSKEY_SEQ,EXACT_OUTLET;NOT_USPS_VALIDITY;NO_INVENTORY
53150,EXACT_IMLS_OUTLET_ZIP,WI0212,002,,EXACT_OUTLET;TIE_FSCSKEY_SEQ,EXACT_OUTLET;NOT_USPS_VALIDITY;NO_INVENTORY
53151,EXACT_IMLS_OUTLET_ZIP,WI0218,002,,EXACT_OUTLET;TIE_FSCSKEY_SEQ,EXACT_OUTLET;NOT_USPS_VALIDITY;NO_INVENTORY
53152,OBSERVED_REFERENCE_INDIRECT_ONLY,,,,INDIRECT_IMLS_SC;NO_FABRICATED_NEAREST,INDIRECT_IMLS_SC;NO_FABRICATED_NEAREST;NOT_REJECTED;NOT_USPS_VALIDITY;NO_INVENTORY
53153,ZCTA_NEAREST_ACTIVE_OUTLET,WI0087,002,8.385,ZCTA_NN;R6371;TIE_FIRST_LEX,ZCTA_NN_HAVERSINE;NOT_ELIGIBILITY;NOT_USPS_VALIDITY;NO_INVENTORY
53154,EXACT_IMLS_OUTLET_ZIP,WI0227,002,,EXACT_OUTLET;TIE_FSCSKEY_SEQ,EXACT_OUTLET;NOT_USPS_VALIDITY;NO_INVENTORY
53156,EXACT_IMLS_OUTLET_ZIP,WI0397,002,,EXACT_OUTLET;TIE_FSCSKEY_SEQ,EXACT_OUTLET;NOT_USPS_VALIDITY;NO_INVENTORY
53157,ZCTA_NEAREST_ACTIVE_OUTLET,WI0112,002,5.554,ZCTA_NN;R6371;TIE_FIRST_LEX,ZCTA_NN_HAVERSINE;NOT_ELIGIBILITY;NOT_USPS_VALIDITY;NO_INVENTORY
53158,ZCTA_NEAREST_ACTIVE_OUTLET,WI0148,004,4.674,ZCTA_NN;R6371;TIE_FIRST_LEX,ZCTA_NN_HAVERSINE;NOT_ELIGIBILITY;NOT_USPS_VALIDITY;NO_INVENTORY
53159,OBSERVED_REFERENCE_INDIRECT_ONLY,,,,INDIRECT_IMLS_SC;NO_FABRICATED_NEAREST,INDIRECT_IMLS_SC;NO_FABRICATED_NEAREST;NOT_REJECTED;NOT_USPS_VALIDITY;NO_INVENTORY
53167,EXACT_IMLS_OUTLET_ZIP,WI0281,002,,EXACT_OUTLET;TIE_FSCSKEY_SEQ,EXACT_OUTLET;NOT_USPS_VALIDITY;NO_INVENTORY
53168,EXACT_IMLS_OUTLET_ZIP,WI0283,005,,EXACT_OUTLET;TIE_FSCSKEY_SEQ,EXACT_OUTLET;NOT_USPS_VALIDITY;NO_INVENTORY
53170,ZCTA_NEAREST_ACTIVE_OUTLET,WI0283,005,4.244,ZCTA_NN;R6371;TIE_FIRST_LEX,ZCTA_NN_HAVERSINE;NOT_ELIGIBILITY;NOT_USPS_VALIDITY;NO_INVENTORY
53171,OBSERVED_REFERENCE_INDIRECT_ONLY,,,,INDIRECT_IMLS_SC;NO_FABRICATED_NEAREST,INDIRECT_IMLS_SC;NO_FABRICATED_NEAREST;NOT_REJECTED;NOT_USPS_VALIDITY;NO_INVENTORY
53172,EXACT_IMLS_OUTLET_ZIP,WI0301,002,,EXACT_OUTLET;TIE_FSCSKEY_SEQ,EXACT_OUTLET;NOT_USPS_VALIDITY;NO_INVENTORY
53176,ZCTA_NEAREST_ACTIVE_OUTLET,WI0162,002,6.012,ZCTA_NN;R6371;TIE_FIRST_LEX,ZCTA_NN_HAVERSINE;NOT_ELIGIBILITY;NOT_USPS_VALIDITY;NO_INVENTORY
53177,ZCTA_NEAREST_ACTIVE_OUTLET,WI0326,002,9.877,ZCTA_NN;R6371;TIE_FIRST_LEX,ZCTA_NN_HAVERSINE;NOT_ELIGIBILITY;NOT_USPS_VALIDITY;NO_INVENTORY
53178,ZCTA_NEAREST_ACTIVE_OUTLET,WI0229,002,11.843,ZCTA_NN;R6371;TIE_FIRST_LEX,ZCTA_NN_HAVERSINE;NOT_ELIGIBILITY;NOT_USPS_VALIDITY;NO_INVENTORY
53179,ZCTA_NEAREST_ACTIVE_OUTLET,WI0283,005,4.160,ZCTA_NN;R6371;TIE_FIRST_LEX,ZCTA_NN_HAVERSINE;NOT_ELIGIBILITY;NOT_USPS_VALIDITY;NO_INVENTORY
53181,EXACT_IMLS_OUTLET_ZIP,WI0283,004,,EXACT_OUTLET;TIE_FSCSKEY_SEQ,EXACT_OUTLET;NOT_USPS_VALIDITY;NO_INVENTORY
53182,EXACT_IMLS_OUTLET_ZIP,WI0326,002,,EXACT_OUTLET;TIE_FSCSKEY_SEQ,EXACT_OUTLET;NOT_USPS_VALIDITY;NO_INVENTORY
53183,ZCTA_NEAREST_ACTIVE_OUTLET,WI0079,002,6.539,ZCTA_NN;R6371;TIE_FIRST_LEX,ZCTA_NN_HAVERSINE;NOT_ELIGIBILITY;NOT_USPS_VALIDITY;NO_INVENTORY
53184,EXACT_IMLS_OUTLET_ZIP,WI0332,002,,EXACT_OUTLET;TIE_FSCSKEY_SEQ,EXACT_OUTLET;NOT_USPS_VALIDITY;NO_INVENTORY
53185,EXACT_IMLS_OUTLET_ZIP,WI0334,002,,EXACT_OUTLET;TIE_FSCSKEY_SEQ,EXACT_OUTLET;NOT_USPS_VALIDITY;NO_INVENTORY
53186,EXACT_IMLS_OUTLET_ZIP,WI0337,002,,EXACT_OUTLET;TIE_FSCSKEY_SEQ,EXACT_OUTLET;NOT_USPS_VALIDITY;NO_INVENTORY
53187,OBSERVED_REFERENCE_INDIRECT_ONLY,,,,INDIRECT_IMLS_SC;NO_FABRICATED_NEAREST,INDIRECT_IMLS_SC;NO_FABRICATED_NEAREST;NOT_REJECTED;NOT_USPS_VALIDITY;NO_INVENTORY
53188,ZCTA_NEAREST_ACTIVE_OUTLET,WI0337,002,5.079,ZCTA_NN;R6371;TIE_FIRST_LEX,ZCTA_NN_HAVERSINE;NOT_ELIGIBILITY;NOT_USPS_VALIDITY;NO_INVENTORY
53189,ZCTA_NEAREST_ACTIVE_OUTLET,WI0337,002,8.699,ZCTA_NN;R6371;TIE_FIRST_LEX,ZCTA_NN_HAVERSINE;NOT_ELIGIBILITY;NOT_USPS_VALIDITY;NO_INVENTORY
53190,EXACT_IMLS_OUTLET_ZIP,WI0352,002,,EXACT_OUTLET;TIE_FSCSKEY_SEQ,EXACT_OUTLET;NOT_USPS_VALIDITY;NO_INVENTORY
53191,EXACT_IMLS_OUTLET_ZIP,WI0354,002,,EXACT_OUTLET;TIE_FSCSKEY_SEQ,EXACT_OUTLET;NOT_USPS_VALIDITY;NO_INVENTORY
53192,ZCTA_NEAREST_ACTIVE_OUTLET,WI0283,004,5.530,ZCTA_NN;R6371;TIE_FIRST_LEX,ZCTA_NN_HAVERSINE;NOT_ELIGIBILITY;NOT_USPS_VALIDITY;NO_INVENTORY
53195,ZCTA_NEAREST_ACTIVE_OUTLET,WI0104,002,8.294,ZCTA_NN;R6371;TIE_FIRST_LEX,ZCTA_NN_HAVERSINE;NOT_ELIGIBILITY;NOT_USPS_VALIDITY;NO_INVENTORY
53201,OBSERVED_REFERENCE_INDIRECT_ONLY,,,,INDIRECT_IMLS_SC;NO_FABRICATED_NEAREST,INDIRECT_IMLS_SC;NO_FABRICATED_NEAREST;NOT_REJECTED;NOT_USPS_VALIDITY;NO_INVENTORY
53202,ZCTA_NEAREST_ACTIVE_OUTLET,WI0199,005,1.746,ZCTA_NN;R6371;TIE_FIRST_LEX,ZCTA_NN_HAVERSINE;NOT_ELIGIBILITY;NOT_USPS_VALIDITY;NO_INVENTORY
53203,ZCTA_NEAREST_ACTIVE_OUTLET,WI0199,015,0.640,ZCTA_NN;R6371;TIE_FIRST_LEX,ZCTA_NN_HAVERSINE;NOT_ELIGIBILITY;NOT_USPS_VALIDITY;NO_INVENTORY
53204,EXACT_IMLS_OUTLET_ZIP,WI0199,007,,EXACT_OUTLET;TIE_FSCSKEY_SEQ,EXACT_OUTLET;NOT_USPS_VALIDITY;NO_INVENTORY
53205,ZCTA_NEAREST_ACTIVE_OUTLET,WI0199,015,1.871,ZCTA_NN;R6371;TIE_FIRST_LEX,ZCTA_NN_HAVERSINE;NOT_ELIGIBILITY;NOT_USPS_VALIDITY;NO_INVENTORY
53206,ZCTA_NEAREST_ACTIVE_OUTLET,WI0199,004,1.434,ZCTA_NN;R6371;TIE_FIRST_LEX,ZCTA_NN_HAVERSINE;NOT_ELIGIBILITY;NOT_USPS_VALIDITY;NO_INVENTORY
53207,EXACT_IMLS_OUTLET_ZIP,WI0199,012,,EXACT_OUTLET;TIE_FSCSKEY_SEQ,EXACT_OUTLET;NOT_USPS_VALIDITY;NO_INVENTORY
53208,EXACT_IMLS_OUTLET_ZIP,WI0199,018,,EXACT_OUTLET;TIE_FSCSKEY_SEQ,EXACT_OUTLET;NOT_USPS_VALIDITY;NO_INVENTORY
53209,EXACT_IMLS_OUTLET_ZIP,WI0199,002,,EXACT_OUTLET;TIE_FSCSKEY_SEQ,EXACT_OUTLET;NOT_USPS_VALIDITY;NO_INVENTORY
53210,EXACT_IMLS_OUTLET_ZIP,WI0199,004,,EXACT_OUTLET;TIE_FSCSKEY_SEQ,EXACT_OUTLET;NOT_USPS_VALIDITY;NO_INVENTORY
53211,EXACT_IMLS_OUTLET_ZIP,WI0199,005,,EXACT_OUTLET;TIE_FSCSKEY_SEQ,EXACT_OUTLET;NOT_USPS_VALIDITY;NO_INVENTORY
53212,EXACT_IMLS_OUTLET_ZIP,WI0199,009,,EXACT_OUTLET;TIE_FSCSKEY_SEQ,EXACT_OUTLET;NOT_USPS_VALIDITY;NO_INVENTORY
53213,EXACT_IMLS_OUTLET_ZIP,WI0343,002,,EXACT_OUTLET;TIE_FSCSKEY_SEQ,EXACT_OUTLET;NOT_USPS_VALIDITY;NO_INVENTORY
53214,EXACT_IMLS_OUTLET_ZIP,WI0344,002,,EXACT_OUTLET;TIE_FSCSKEY_SEQ,EXACT_OUTLET;NOT_USPS_VALIDITY;NO_INVENTORY
53215,EXACT_IMLS_OUTLET_ZIP,WI0199,013,,EXACT_OUTLET;TIE_FSCSKEY_SEQ,EXACT_OUTLET;NOT_USPS_VALIDITY;NO_INVENTORY
53216,EXACT_IMLS_OUTLET_ZIP,WI0199,003,,EXACT_OUTLET;TIE_FSCSKEY_SEQ,EXACT_OUTLET;NOT_USPS_VALIDITY;NO_INVENTORY
53217,EXACT_IMLS_OUTLET_ZIP,WI0116,002,,EXACT_OUTLET;TIE_FSCSKEY_SEQ,EXACT_OUTLET;NOT_USPS_VALIDITY;NO_INVENTORY
53218,ZCTA_NEAREST_ACTIVE_OUTLET,WI0199,003,2.876,ZCTA_NN;R6371;TIE_FIRST_LEX,ZCTA_NN_HAVERSINE;NOT_ELIGIBILITY;NOT_USPS_VALIDITY;NO_INVENTORY
53219,ZCTA_NEAREST_ACTIVE_OUTLET,WI0344,002,2.103,ZCTA_NN;R6371;TIE_FIRST_LEX,ZCTA_NN_HAVERSINE;NOT_ELIGIBILITY;NOT_USPS_VALIDITY;NO_INVENTORY
53220,EXACT_IMLS_OUTLET_ZIP,WI0124,002,,EXACT_OUTLET;TIE_FSCSKEY_SEQ,EXACT_OUTLET;NOT_USPS_VALIDITY;NO_INVENTORY
53221,ZCTA_NEAREST_ACTIVE_OUTLET,WI0124,002,3.166,ZCTA_NN;R6371;TIE_FIRST_LEX,ZCTA_NN_HAVERSINE;NOT_ELIGIBILITY;NOT_USPS_VALIDITY;NO_INVENTORY
53222,ZCTA_NEAREST_ACTIVE_OUTLET,WI0199,003,2.602,ZCTA_NN;R6371;TIE_FIRST_LEX,ZCTA_NN_HAVERSINE;NOT_ELIGIBILITY;NOT_USPS_VALIDITY;NO_INVENTORY
53223,EXACT_IMLS_OUTLET_ZIP,WI0043,002,,EXACT_OUTLET;TIE_FSCSKEY_SEQ,EXACT_OUTLET;NOT_USPS_VALIDITY;NO_INVENTORY
53224,ZCTA_NEAREST_ACTIVE_OUTLET,WI0199,010,3.076,ZCTA_NN;R6371;TIE_FIRST_LEX,ZCTA_NN_HAVERSINE;NOT_ELIGIBILITY;NOT_USPS_VALIDITY;NO_INVENTORY
53225,ZCTA_NEAREST_ACTIVE_OUTLET,WI0046,002,2.601,ZCTA_NN;R6371;TIE_FIRST_LEX,ZCTA_NN_HAVERSINE;NOT_ELIGIBILITY;NOT_USPS_VALIDITY;NO_INVENTORY
53226,ZCTA_NEAREST_ACTIVE_OUTLET,WI0343,002,3.013,ZCTA_NN;R6371;TIE_FIRST_LEX,ZCTA_NN_HAVERSINE;NOT_ELIGIBILITY;NOT_USPS_VALIDITY;NO_INVENTORY
53227,ZCTA_NEAREST_ACTIVE_OUTLET,WI0344,002,3.492,ZCTA_NN;R6371;TIE_FIRST_LEX,ZCTA_NN_HAVERSINE;NOT_ELIGIBILITY;NOT_USPS_VALIDITY;NO_INVENTORY
53228,ZCTA_NEAREST_ACTIVE_OUTLET,WI0126,002,3.787,ZCTA_NN;R6371;TIE_FIRST_LEX,ZCTA_NN_HAVERSINE;NOT_ELIGIBILITY;NOT_USPS_VALIDITY;NO_INVENTORY
53233,EXACT_IMLS_OUTLET_ZIP,WI0199,015,,EXACT_OUTLET;TIE_FSCSKEY_SEQ,EXACT_OUTLET;NOT_USPS_VALIDITY;NO_INVENTORY
53234,OBSERVED_REFERENCE_INDIRECT_ONLY,,,,INDIRECT_IMLS_SC;NO_FABRICATED_NEAREST,INDIRECT_IMLS_SC;NO_FABRICATED_NEAREST;NOT_REJECTED;NOT_USPS_VALIDITY;NO_INVENTORY
53235,EXACT_IMLS_OUTLET_ZIP,WI0313,002,,EXACT_OUTLET;TIE_FSCSKEY_SEQ,EXACT_OUTLET;NOT_USPS_VALIDITY;NO_INVENTORY
53237,OBSERVED_REFERENCE_INDIRECT_ONLY,,,,INDIRECT_IMLS_SC;NO_FABRICATED_NEAREST,INDIRECT_IMLS_SC;NO_FABRICATED_NEAREST;NOT_REJECTED;NOT_USPS_VALIDITY;NO_INVENTORY
53295,ZCTA_NEAREST_ACTIVE_OUTLET,WI0344,002,2.591,ZCTA_NN;R6371;TIE_FIRST_LEX,ZCTA_NN_HAVERSINE;NOT_ELIGIBILITY;NOT_USPS_VALIDITY;NO_INVENTORY
53401,OBSERVED_REFERENCE_INDIRECT_ONLY,,,,INDIRECT_IMLS_SC;NO_FABRICATED_NEAREST,INDIRECT_IMLS_SC;NO_FABRICATED_NEAREST;NOT_REJECTED;NOT_USPS_VALIDITY;NO_INVENTORY
53402,ZCTA_NEAREST_ACTIVE_OUTLET,WI0268,003,8.285,ZCTA_NN;R6371;TIE_FIRST_LEX,ZCTA_NN_HAVERSINE;NOT_ELIGIBILITY;NOT_USPS_VALIDITY;NO_INVENTORY
53403,EXACT_IMLS_OUTLET_ZIP,WI0268,003,,EXACT_OUTLET;TIE_FSCSKEY_SEQ,EXACT_OUTLET;NOT_USPS_VALIDITY;NO_INVENTORY
53404,ZCTA_NEAREST_ACTIVE_OUTLET,WI0268,003,4.761,ZCTA_NN;R6371;TIE_FIRST_LEX,ZCTA_NN_HAVERSINE;NOT_ELIGIBILITY;NOT_USPS_VALIDITY;NO_INVENTORY
53405,ZCTA_NEAREST_ACTIVE_OUTLET,WI0268,003,3.907,ZCTA_NN;R6371;TIE_FIRST_LEX,ZCTA_NN_HAVERSINE;NOT_ELIGIBILITY;NOT_USPS_VALIDITY;NO_INVENTORY
53406,ZCTA_NEAREST_ACTIVE_OUTLET,WI0268,003,6.888,ZCTA_NN;R6371;TIE_FIRST_LEX,ZCTA_NN_HAVERSINE;NOT_ELIGIBILITY;NOT_USPS_VALIDITY;NO_INVENTORY
53501,ZCTA_NEAREST_ACTIVE_OUTLET,WI0142,002,9.646,ZCTA_NN;R6371;TIE_FIRST_LEX,ZCTA_NN_HAVERSINE;NOT_ELIGIBILITY;NOT_USPS_VALIDITY;NO_INVENTORY
53502,EXACT_IMLS_OUTLET_ZIP,WI0003,002,,EXACT_OUTLET;TIE_FSCSKEY_SEQ,EXACT_OUTLET;NOT_USPS_VALIDITY;NO_INVENTORY
53503,ZCTA_NEAREST_ACTIVE_OUTLET,WI0304,002,9.624,ZCTA_NN;R6371;TIE_FIRST_LEX,ZCTA_NN_HAVERSINE;NOT_ELIGIBILITY;NOT_USPS_VALIDITY;NO_INVENTORY
53504,EXACT_IMLS_OUTLET_ZIP,WI0012,002,,EXACT_OUTLET;TIE_FSCSKEY_SEQ,EXACT_OUTLET;NOT_USPS_VALIDITY;NO_INVENTORY
53505,ZCTA_NEAREST_ACTIVE_OUTLET,WI0074,002,11.586,ZCTA_NN;R6371;TIE_FIRST_LEX,ZCTA_NN_HAVERSINE;NOT_ELIGIBILITY;NOT_USPS_VALIDITY;NO_INVENTORY
53506,ZCTA_NEAREST_ACTIVE_OUTLET,WI0173,002,7.563,ZCTA_NN;R6371;TIE_FIRST_LEX,ZCTA_NN_HAVERSINE;NOT_ELIGIBILITY;NOT_USPS_VALIDITY;NO_INVENTORY
53507,EXACT_IMLS_OUTLET_ZIP,WI0019,002,,EXACT_OUTLET;TIE_FSCSKEY_SEQ,EXACT_OUTLET;NOT_USPS_VALIDITY;NO_INVENTORY
53508,EXACT_IMLS_OUTLET_ZIP,WI0023,002,,EXACT_OUTLET;TIE_FSCSKEY_SEQ,EXACT_OUTLET;NOT_USPS_VALIDITY;NO_INVENTORY
53510,EXACT_IMLS_OUTLET_ZIP,WI0024,002,,EXACT_OUTLET;TIE_FSCSKEY_SEQ,EXACT_OUTLET;NOT_USPS_VALIDITY;NO_INVENTORY
53511,EXACT_IMLS_OUTLET_ZIP,WI0025,002,,EXACT_OUTLET;TIE_FSCSKEY_SEQ,EXACT_OUTLET;NOT_USPS_VALIDITY;NO_INVENTORY
53512,OBSERVED_REFERENCE_INDIRECT_ONLY,,,,INDIRECT_IMLS_SC;NO_FABRICATED_NEAREST,INDIRECT_IMLS_SC;NO_FABRICATED_NEAREST;NOT_REJECTED;NOT_USPS_VALIDITY;NO_INVENTORY
53515,EXACT_IMLS_OUTLET_ZIP,WI0030,002,,EXACT_OUTLET;TIE_FSCSKEY_SEQ,EXACT_OUTLET;NOT_USPS_VALIDITY;NO_INVENTORY
53516,EXACT_IMLS_OUTLET_ZIP,WI0033,002,,EXACT_OUTLET;TIE_FSCSKEY_SEQ,EXACT_OUTLET;NOT_USPS_VALIDITY;NO_INVENTORY
53517,ZCTA_NEAREST_ACTIVE_OUTLET,WI0019,002,6.984,ZCTA_NN;R6371;TIE_FIRST_LEX,ZCTA_NN_HAVERSINE;NOT_ELIGIBILITY;NOT_USPS_VALIDITY;NO_INVENTORY
53518,ZCTA_NEAREST_ACTIVE_OUTLET,WI0211,002,13.604,ZCTA_NN;R6371;TIE_FIRST_LEX,ZCTA_NN_HAVERSINE;NOT_ELIGIBILITY;NOT_USPS_VALIDITY;NO_INVENTORY
53520,EXACT_IMLS_OUTLET_ZIP,WI0041,002,,EXACT_OUTLET;TIE_FSCSKEY_SEQ,EXACT_OUTLET;NOT_USPS_VALIDITY;NO_INVENTORY
53521,ZCTA_NEAREST_ACTIVE_OUTLET,WI0099,002,10.345,ZCTA_NN;R6371;TIE_FIRST_LEX,ZCTA_NN_HAVERSINE;NOT_ELIGIBILITY;NOT_USPS_VALIDITY;NO_INVENTORY
53522,ZCTA_NEAREST_ACTIVE_OUTLET,WI0204,002,12.801,ZCTA_NN;R6371;TIE_FIRST_LEX,ZCTA_NN_HAVERSINE;NOT_ELIGIBILITY;NOT_USPS_VALIDITY;NO_INVENTORY
53523,EXACT_IMLS_OUTLET_ZIP,WI0050,002,,EXACT_OUTLET;TIE_FSCSKEY_SEQ,EXACT_OUTLET;NOT_USPS_VALIDITY;NO_INVENTORY
53525,EXACT_IMLS_OUTLET_ZIP,WI0061,002,,EXACT_OUTLET;TIE_FSCSKEY_SEQ,EXACT_OUTLET;NOT_USPS_VALIDITY;NO_INVENTORY
53526,EXACT_IMLS_OUTLET_ZIP,WI0063,002,,EXACT_OUTLET;TIE_FSCSKEY_SEQ,EXACT_OUTLET;NOT_USPS_VALIDITY;NO_INVENTORY
53527,ZCTA_NEAREST_ACTIVE_OUTLET,WI0420,002,8.802,ZCTA_NN;R6371;TIE_FIRST_LEX,ZCTA_NN_HAVERSINE;NOT_ELIGIBILITY;NOT_USPS_VALIDITY;NO_INVENTORY
53528,EXACT_IMLS_OUTLET_ZIP,WI0069,002,,EXACT_OUTLET;TIE_FSCSKEY_SEQ,EXACT_OUTLET;NOT_USPS_VALIDITY;NO_INVENTORY
53529,ZCTA_NEAREST_ACTIVE_OUTLET,WI0392,002,7.840,ZCTA_NN;R6371;TIE_FIRST_LEX,ZCTA_NN_HAVERSINE;NOT_ELIGIBILITY;NOT_USPS_VALIDITY;NO_INVENTORY
53530,EXACT_IMLS_OUTLET_ZIP,WI0075,002,,EXACT_OUTLET;TIE_FSCSKEY_SEQ,EXACT_OUTLET;NOT_USPS_VALIDITY;NO_INVENTORY
53531,EXACT_IMLS_OUTLET_ZIP,WI0077,002,,EXACT_OUTLET;TIE_FSCSKEY_SEQ,EXACT_OUTLET;NOT_USPS_VALIDITY;NO_INVENTORY
53532,EXACT_IMLS_OUTLET_ZIP,WI0078,002,,EXACT_OUTLET;TIE_FSCSKEY_SEQ,EXACT_OUTLET;NOT_USPS_VALIDITY;NO_INVENTORY
53533,EXACT_IMLS_OUTLET_ZIP,WI0380,002,,EXACT_OUTLET;TIE_FSCSKEY_SEQ,EXACT_OUTLET;NOT_USPS_VALIDITY;NO_INVENTORY
53534,EXACT_IMLS_OUTLET_ZIP,WI0091,002,,EXACT_OUTLET;TIE_FSCSKEY_SEQ,EXACT_OUTLET;NOT_USPS_VALIDITY;NO_INVENTORY
53535,OBSERVED_REFERENCE_INDIRECT_ONLY,,,,INDIRECT_IMLS_SC;NO_FABRICATED_NEAREST,INDIRECT_IMLS_SC;NO_FABRICATED_NEAREST;NOT_REJECTED;NOT_USPS_VALIDITY;NO_INVENTORY
53536,EXACT_IMLS_OUTLET_ZIP,WI0099,002,,EXACT_OUTLET;TIE_FSCSKEY_SEQ,EXACT_OUTLET;NOT_USPS_VALIDITY;NO_INVENTORY
53537,ZCTA_NEAREST_ACTIVE_OUTLET,WI0237,002,6.205,ZCTA_NN;R6371;TIE_FIRST_LEX,ZCTA_NN_HAVERSINE;NOT_ELIGIBILITY;NOT_USPS_VALIDITY;NO_INVENTORY
53538,EXACT_IMLS_OUTLET_ZIP,WI0105,002,,EXACT_OUTLET;TIE_FSCSKEY_SEQ,EXACT_OUTLET;NOT_USPS_VALIDITY;NO_INVENTORY
53540,ZCTA_NEAREST_ACTIVE_OUTLET,WI0173,002,8.777,ZCTA_NN;R6371;TIE_FIRST_LEX,ZCTA_NN_HAVERSINE;NOT_ELIGIBILITY;NOT_USPS_VALIDITY;NO_INVENTORY
53541,EXACT_IMLS_OUTLET_ZIP,WI0297,003,,EXACT_OUTLET;TIE_FSCSKEY_SEQ,EXACT_OUTLET;NOT_USPS_VALIDITY;NO_INVENTORY
53543,ZCTA_NEAREST_ACTIVE_OUTLET,WI0063,002,10.180,ZCTA_NN;R6371;TIE_FIRST_LEX,ZCTA_NN_HAVERSINE;NOT_ELIGIBILITY;NOT_USPS_VALIDITY;NO_INVENTORY
53544,ZCTA_NEAREST_ACTIVE_OUTLET,WI0033,002,8.318,ZCTA_NN;R6371;TIE_FIRST_LEX,ZCTA_NN_HAVERSINE;NOT_ELIGIBILITY;NOT_USPS_VALIDITY;NO_INVENTORY
53545,EXACT_IMLS_OUTLET_ZIP,WI0142,002,,EXACT_OUTLET;TIE_FSCSKEY_SEQ,EXACT_OUTLET;NOT_USPS_VALIDITY;NO_INVENTORY
53546,ZCTA_NEAREST_ACTIVE_OUTLET,WI0142,002,6.521,ZCTA_NN;R6371;TIE_FIRST_LEX,ZCTA_NN_HAVERSINE;NOT_ELIGIBILITY;NOT_USPS_VALIDITY;NO_INVENTORY
53547,OBSERVED_REFERENCE_INDIRECT_ONLY,,,,INDIRECT_IMLS_SC;NO_FABRICATED_NEAREST,INDIRECT_IMLS_SC;NO_FABRICATED_NEAREST;NOT_REJECTED;NOT_USPS_VALIDITY;NO_INVENTORY
53548,ZCTA_NEAREST_ACTIVE_OUTLET,WI0142,002,9.262,ZCTA_NN;R6371;TIE_FIRST_LEX,ZCTA_NN_HAVERSINE;NOT_ELIGIBILITY;NOT_USPS_VALIDITY;NO_INVENTORY
53549,EXACT_IMLS_OUTLET_ZIP,WI0143,002,,EXACT_OUTLET;TIE_FSCSKEY_SEQ,EXACT_OUTLET;NOT_USPS_VALIDITY;NO_INVENTORY
53550,ZCTA_NEAREST_ACTIVE_OUTLET,WI0041,002,10.987,ZCTA_NN;R6371;TIE_FIRST_LEX,ZCTA_NN_HAVERSINE;NOT_ELIGIBILITY;NOT_USPS_VALIDITY;NO_INVENTORY
53551,EXACT_IMLS_OUTLET_ZIP,WI0163,002,,EXACT_OUTLET;TIE_FSCSKEY_SEQ,EXACT_OUTLET;NOT_USPS_VALIDITY;NO_INVENTORY
53553,ZCTA_NEAREST_ACTIVE_OUTLET,WI0063,002,6.617,ZCTA_NN;R6371;TIE_FIRST_LEX,ZCTA_NN_HAVERSINE;NOT_ELIGIBILITY;NOT_USPS_VALIDITY;NO_INVENTORY
53554,EXACT_IMLS_OUTLET_ZIP,WI0170,002,,EXACT_OUTLET;TIE_FSCSKEY_SEQ,EXACT_OUTLET;NOT_USPS_VALIDITY;NO_INVENTORY
53555,EXACT_IMLS_OUTLET_ZIP,WI0392,002,,EXACT_OUTLET;TIE_FSCSKEY_SEQ,EXACT_OUTLET;NOT_USPS_VALIDITY;NO_INVENTORY
53556,EXACT_IMLS_OUTLET_ZIP,WI0173,002,,EXACT_OUTLET;TIE_FSCSKEY_SEQ,EXACT_OUTLET;NOT_USPS_VALIDITY;NO_INVENTORY
53557,ZCTA_NEAREST_ACTIVE_OUTLET,WI0400,002,5.666,ZCTA_NN;R6371;TIE_FIRST_LEX,ZCTA_NN_HAVERSINE;NOT_ELIGIBILITY;NOT_USPS_VALIDITY;NO_INVENTORY
53558,EXACT_IMLS_OUTLET_ZIP,WI0420,002,,EXACT_OUTLET;TIE_FSCSKEY_SEQ,EXACT_OUTLET;NOT_USPS_VALIDITY;NO_INVENTORY
53559,EXACT_IMLS_OUTLET_ZIP,WI0183,002,,EXACT_OUTLET;TIE_FSCSKEY_SEQ,EXACT_OUTLET;NOT_USPS_VALIDITY;NO_INVENTORY
53560,EXACT_IMLS_OUTLET_ZIP,WI0187,002,,EXACT_OUTLET;TIE_FSCSKEY_SEQ,EXACT_OUTLET;NOT_USPS_VALIDITY;NO_INVENTORY
53561,ZCTA_NEAREST_ACTIVE_OUTLET,WI0018,002,10.991,ZCTA_NN;R6371;TIE_FIRST_LEX,ZCTA_NN_HAVERSINE;NOT_ELIGIBILITY;NOT_USPS_VALIDITY;NO_INVENTORY
53562,EXACT_IMLS_OUTLET_ZIP,WI0196,002,,EXACT_OUTLET;TIE_FSCSKEY_SEQ,EXACT_OUTLET;NOT_USPS_VALIDITY;NO_INVENTORY
53563,EXACT_IMLS_OUTLET_ZIP,WI0198,002,,EXACT_OUTLET;TIE_FSCSKEY_SEQ,EXACT_OUTLET;NOT_USPS_VALIDITY;NO_INVENTORY
53565,EXACT_IMLS_OUTLET_ZIP,WI0200,002,,EXACT_OUTLET;TIE_FSCSKEY_SEQ,EXACT_OUTLET;NOT_USPS_VALIDITY;NO_INVENTORY
53566,EXACT_IMLS_OUTLET_ZIP,WI0204,002,,EXACT_OUTLET;TIE_FSCSKEY_SEQ,EXACT_OUTLET;NOT_USPS_VALIDITY;NO_INVENTORY
53569,EXACT_IMLS_OUTLET_ZIP,WI0206,002,,EXACT_OUTLET;TIE_FSCSKEY_SEQ,EXACT_OUTLET;NOT_USPS_VALIDITY;NO_INVENTORY
53570,EXACT_IMLS_OUTLET_ZIP,WI0207,002,,EXACT_OUTLET;TIE_FSCSKEY_SEQ,EXACT_OUTLET;NOT_USPS_VALIDITY;NO_INVENTORY
53571,ZCTA_NEAREST_ACTIVE_OUTLET,WI0078,002,3.562,ZCTA_NN;R6371;TIE_FIRST_LEX,ZCTA_NN_HAVERSINE;NOT_ELIGIBILITY;NOT_USPS_VALIDITY;NO_INVENTORY
53572,EXACT_IMLS_OUTLET_ZIP,WI0209,002,,EXACT_OUTLET;TIE_FSCSKEY_SEQ,EXACT_OUTLET;NOT_USPS_VALIDITY;NO_INVENTORY
53573,EXACT_IMLS_OUTLET_ZIP,WI0211,002,,EXACT_OUTLET;TIE_FSCSKEY_SEQ,EXACT_OUTLET;NOT_USPS_VALIDITY;NO_INVENTORY
53574,EXACT_IMLS_OUTLET_ZIP,WI0219,002,,EXACT_OUTLET;TIE_FSCSKEY_SEQ,EXACT_OUTLET;NOT_USPS_VALIDITY;NO_INVENTORY
53575,EXACT_IMLS_OUTLET_ZIP,WI0236,002,,EXACT_OUTLET;TIE_FSCSKEY_SEQ,EXACT_OUTLET;NOT_USPS_VALIDITY;NO_INVENTORY
53576,EXACT_IMLS_OUTLET_ZIP,WI0237,002,,EXACT_OUTLET;TIE_FSCSKEY_SEQ,EXACT_OUTLET;NOT_USPS_VALIDITY;NO_INVENTORY
53577,EXACT_IMLS_OUTLET_ZIP,WI0253,002,,EXACT_OUTLET;TIE_FSCSKEY_SEQ,EXACT_OUTLET;NOT_USPS_VALIDITY;NO_INVENTORY
53578,EXACT_IMLS_OUTLET_ZIP,WI0263,002,,EXACT_OUTLET;TIE_FSCSKEY_SEQ,EXACT_OUTLET;NOT_USPS_VALIDITY;NO_INVENTORY
53579,EXACT_IMLS_OUTLET_ZIP,WI0400,002,,EXACT_OUTLET;TIE_FSCSKEY_SEQ,EXACT_OUTLET;NOT_USPS_VALIDITY;NO_INVENTORY
53580,ZCTA_NEAREST_ACTIVE_OUTLET,WI0170,002,6.114,ZCTA_NN;R6371;TIE_FIRST_LEX,ZCTA_NN_HAVERSINE;NOT_ELIGIBILITY;NOT_USPS_VALIDITY;NO_INVENTORY
53581,EXACT_IMLS_OUTLET_ZIP,WI0276,002,,EXACT_OUTLET;TIE_FSCSKEY_SEQ,EXACT_OUTLET;NOT_USPS_VALIDITY;NO_INVENTORY
53582,ZCTA_NEAREST_ACTIVE_OUTLET,WI0019,002,6.758,ZCTA_NN;R6371;TIE_FIRST_LEX,ZCTA_NN_HAVERSINE;NOT_ELIGIBILITY;NOT_USPS_VALIDITY;NO_INVENTORY
53583,EXACT_IMLS_OUTLET_ZIP,WI0285,002,,EXACT_OUTLET;TIE_FSCSKEY_SEQ,EXACT_OUTLET;NOT_USPS_VALIDITY;NO_INVENTORY
53584,ZCTA_NEAREST_ACTIVE_OUTLET,WI0276,002,9.786,ZCTA_NN;R6371;TIE_FIRST_LEX,ZCTA_NN_HAVERSINE;NOT_ELIGIBILITY;NOT_USPS_VALIDITY;NO_INVENTORY
53585,EXACT_IMLS_OUTLET_ZIP,WI0290,002,,EXACT_OUTLET;TIE_FSCSKEY_SEQ,EXACT_OUTLET;NOT_USPS_VALIDITY;NO_INVENTORY
53586,EXACT_IMLS_OUTLET_ZIP,WI0297,002,,EXACT_OUTLET;TIE_FSCSKEY_SEQ,EXACT_OUTLET;NOT_USPS_VALIDITY;NO_INVENTORY
53587,ZCTA_NEAREST_ACTIVE_OUTLET,WI0297,003,9.844,ZCTA_NN;R6371;TIE_FIRST_LEX,ZCTA_NN_HAVERSINE;NOT_ELIGIBILITY;NOT_USPS_VALIDITY;NO_INVENTORY
53588,EXACT_IMLS_OUTLET_ZIP,WI0304,002,,EXACT_OUTLET;TIE_FSCSKEY_SEQ,EXACT_OUTLET;NOT_USPS_VALIDITY;NO_INVENTORY
53589,EXACT_IMLS_OUTLET_ZIP,WI0310,002,,EXACT_OUTLET;TIE_FSCSKEY_SEQ,EXACT_OUTLET;NOT_USPS_VALIDITY;NO_INVENTORY
53590,EXACT_IMLS_OUTLET_ZIP,WI0314,002,,EXACT_OUTLET;TIE_FSCSKEY_SEQ,EXACT_OUTLET;NOT_USPS_VALIDITY;NO_INVENTORY
53593,EXACT_IMLS_OUTLET_ZIP,WI0327,002,,EXACT_OUTLET;TIE_FSCSKEY_SEQ,EXACT_OUTLET;NOT_USPS_VALIDITY;NO_INVENTORY
53594,EXACT_IMLS_OUTLET_ZIP,WI0335,002,,EXACT_OUTLET;TIE_FSCSKEY_SEQ,EXACT_OUTLET;NOT_USPS_VALIDITY;NO_INVENTORY
53595,OBSERVED_REFERENCE_INDIRECT_ONLY,,,,INDIRECT_IMLS_SC;NO_FABRICATED_NEAREST,INDIRECT_IMLS_SC;NO_FABRICATED_NEAREST;NOT_REJECTED;NOT_USPS_VALIDITY;NO_INVENTORY
53596,OBSERVED_REFERENCE_INDIRECT_ONLY,,,,INDIRECT_IMLS_SC;NO_FABRICATED_NEAREST,INDIRECT_IMLS_SC;NO_FABRICATED_NEAREST;NOT_REJECTED;NOT_USPS_VALIDITY;NO_INVENTORY
53597,EXACT_IMLS_OUTLET_ZIP,WI0338,002,,EXACT_OUTLET;TIE_FSCSKEY_SEQ,EXACT_OUTLET;NOT_USPS_VALIDITY;NO_INVENTORY
53598,ZCTA_NEAREST_ACTIVE_OUTLET,WI0078,002,4.260,ZCTA_NN;R6371;TIE_FIRST_LEX,ZCTA_NN_HAVERSINE;NOT_ELIGIBILITY;NOT_USPS_VALIDITY;NO_INVENTORY
53599,ZCTA_NEAREST_ACTIVE_OUTLET,WI0012,002,6.037,ZCTA_NN;R6371;TIE_FIRST_LEX,ZCTA_NN_HAVERSINE;NOT_ELIGIBILITY;NOT_USPS_VALIDITY;NO_INVENTORY
53701,OBSERVED_REFERENCE_INDIRECT_ONLY,,,,INDIRECT_IMLS_SC;NO_FABRICATED_NEAREST,INDIRECT_IMLS_SC;NO_FABRICATED_NEAREST;NOT_REJECTED;NOT_USPS_VALIDITY;NO_INVENTORY
53702,OBSERVED_REFERENCE_INDIRECT_ONLY,,,,INDIRECT_IMLS_SC;NO_FABRICATED_NEAREST,INDIRECT_IMLS_SC;NO_FABRICATED_NEAREST;NOT_REJECTED;NOT_USPS_VALIDITY;NO_INVENTORY
53703,EXACT_IMLS_OUTLET_ZIP,WI0176,009,,EXACT_OUTLET;TIE_FSCSKEY_SEQ,EXACT_OUTLET;NOT_USPS_VALIDITY;NO_INVENTORY
53704,EXACT_IMLS_OUTLET_ZIP,WI0176,002,,EXACT_OUTLET;TIE_FSCSKEY_SEQ,EXACT_OUTLET;NOT_USPS_VALIDITY;NO_INVENTORY
53705,ZCTA_NEAREST_ACTIVE_OUTLET,WI0176,007,2.404,ZCTA_NN;R6371;TIE_FIRST_LEX,ZCTA_NN_HAVERSINE;NOT_ELIGIBILITY;NOT_USPS_VALIDITY;NO_INVENTORY
53706,ZCTA_NEAREST_ACTIVE_OUTLET,WI0176,005,1.085,ZCTA_NN;R6371;TIE_FIRST_LEX,ZCTA_NN_HAVERSINE;NOT_ELIGIBILITY;NOT_USPS_VALIDITY;NO_INVENTORY
53707,OBSERVED_REFERENCE_INDIRECT_ONLY,,,,INDIRECT_IMLS_SC;NO_FABRICATED_NEAREST,INDIRECT_IMLS_SC;NO_FABRICATED_NEAREST;NOT_REJECTED;NOT_USPS_VALIDITY;NO_INVENTORY
53708,OBSERVED_REFERENCE_INDIRECT_ONLY,,,,INDIRECT_IMLS_SC;NO_FABRICATED_NEAREST,INDIRECT_IMLS_SC;NO_FABRICATED_NEAREST;NOT_REJECTED;NOT_USPS_VALIDITY;NO_INVENTORY
53711,EXACT_IMLS_OUTLET_ZIP,WI0176,004,,EXACT_OUTLET;TIE_FSCSKEY_SEQ,EXACT_OUTLET;NOT_USPS_VALIDITY;NO_INVENTORY
53713,EXACT_IMLS_OUTLET_ZIP,WI0176,008,,EXACT_OUTLET;TIE_FSCSKEY_SEQ,EXACT_OUTLET;NOT_USPS_VALIDITY;NO_INVENTORY
53714,ZCTA_NEAREST_ACTIVE_OUTLET,WI0176,006,1.870,ZCTA_NN;R6371;TIE_FIRST_LEX,ZCTA_NN_HAVERSINE;NOT_ELIGIBILITY;NOT_USPS_VALIDITY;NO_INVENTORY
53715,ZCTA_NEAREST_ACTIVE_OUTLET,WI0176,008,1.654,ZCTA_NN;R6371;TIE_FIRST_LEX,ZCTA_NN_HAVERSINE;NOT_ELIGIBILITY;NOT_USPS_VALIDITY;NO_INVENTORY
53716,EXACT_IMLS_OUTLET_ZIP,WI0176,006,,EXACT_OUTLET;TIE_FSCSKEY_SEQ,EXACT_OUTLET;NOT_USPS_VALIDITY;NO_INVENTORY
53717,EXACT_IMLS_OUTLET_ZIP,WI0176,010,,EXACT_OUTLET;TIE_FSCSKEY_SEQ,EXACT_OUTLET;NOT_USPS_VALIDITY;NO_INVENTORY
53718,ZCTA_NEAREST_ACTIVE_OUTLET,WI0176,006,3.783,ZCTA_NN;R6371;TIE_FIRST_LEX,ZCTA_NN_HAVERSINE;NOT_ELIGIBILITY;NOT_USPS_VALIDITY;NO_INVENTORY
53719,ZCTA_NEAREST_ACTIVE_OUTLET,WI0176,004,2.839,ZCTA_NN;R6371;TIE_FIRST_LEX,ZCTA_NN_HAVERSINE;NOT_ELIGIBILITY;NOT_USPS_VALIDITY;NO_INVENTORY
53725,OBSERVED_REFERENCE_INDIRECT_ONLY,,,,INDIRECT_IMLS_SC;NO_FABRICATED_NEAREST,INDIRECT_IMLS_SC;NO_FABRICATED_NEAREST;NOT_REJECTED;NOT_USPS_VALIDITY;NO_INVENTORY
53726,ZCTA_NEAREST_ACTIVE_OUTLET,WI0176,005,0.742,ZCTA_NN;R6371;TIE_FIRST_LEX,ZCTA_NN_HAVERSINE;NOT_ELIGIBILITY;NOT_USPS_VALIDITY;NO_INVENTORY
53744,OBSERVED_REFERENCE_INDIRECT_ONLY,,,,INDIRECT_IMLS_SC;NO_FABRICATED_NEAREST,INDIRECT_IMLS_SC;NO_FABRICATED_NEAREST;NOT_REJECTED;NOT_USPS_VALIDITY;NO_INVENTORY
53783,OBSERVED_REFERENCE_INDIRECT_ONLY,,,,INDIRECT_IMLS_SC;NO_FABRICATED_NEAREST,INDIRECT_IMLS_SC;NO_FABRICATED_NEAREST;NOT_REJECTED;NOT_USPS_VALIDITY;NO_INVENTORY
53784,OBSERVED_REFERENCE_INDIRECT_ONLY,,,,INDIRECT_IMLS_SC;NO_FABRICATED_NEAREST,INDIRECT_IMLS_SC;NO_FABRICATED_NEAREST;NOT_REJECTED;NOT_USPS_VALIDITY;NO_INVENTORY
53791,OBSERVED_REFERENCE_INDIRECT_ONLY,,,,INDIRECT_IMLS_SC;NO_FABRICATED_NEAREST,INDIRECT_IMLS_SC;NO_FABRICATED_NEAREST;NOT_REJECTED;NOT_USPS_VALIDITY;NO_INVENTORY
53792,ZCTA_NEAREST_ACTIVE_OUTLET,WI0176,005,1.739,ZCTA_NN;R6371;TIE_FIRST_LEX,ZCTA_NN_HAVERSINE;NOT_ELIGIBILITY;NOT_USPS_VALIDITY;NO_INVENTORY
53801,ZCTA_NEAREST_ACTIVE_OUTLET,WI0035,002,12.996,ZCTA_NN;R6371;TIE_FIRST_LEX,ZCTA_NN_HAVERSINE;NOT_ELIGIBILITY;NOT_USPS_VALIDITY;NO_INVENTORY
53802,ZCTA_NEAREST_ACTIVE_OUTLET,WI0035,002,9.041,ZCTA_NN;R6371;TIE_FIRST_LEX,ZCTA_NN_HAVERSINE;NOT_ELIGIBILITY;NOT_USPS_VALIDITY;NO_INVENTORY
53803,EXACT_IMLS_OUTLET_ZIP,WI0026,002,,EXACT_OUTLET;TIE_FSCSKEY_SEQ,EXACT_OUTLET;NOT_USPS_VALIDITY;NO_INVENTORY
53804,EXACT_IMLS_OUTLET_ZIP,WI0035,002,,EXACT_OUTLET;TIE_FSCSKEY_SEQ,EXACT_OUTLET;NOT_USPS_VALIDITY;NO_INVENTORY
53805,EXACT_IMLS_OUTLET_ZIP,WI0036,002,,EXACT_OUTLET;TIE_FSCSKEY_SEQ,EXACT_OUTLET;NOT_USPS_VALIDITY;NO_INVENTORY
53806,EXACT_IMLS_OUTLET_ZIP,WI0053,002,,EXACT_OUTLET;TIE_FSCSKEY_SEQ,EXACT_OUTLET;NOT_USPS_VALIDITY;NO_INVENTORY
53807,EXACT_IMLS_OUTLET_ZIP,WI0070,002,,EXACT_OUTLET;TIE_FSCSKEY_SEQ,EXACT_OUTLET;NOT_USPS_VALIDITY;NO_INVENTORY
53808,EXACT_IMLS_OUTLET_ZIP,WI0423,001,,EXACT_OUTLET;TIE_FSCSKEY_SEQ,EXACT_OUTLET;NOT_USPS_VALIDITY;NO_INVENTORY
53809,EXACT_IMLS_OUTLET_ZIP,WI0102,002,,EXACT_OUTLET;TIE_FSCSKEY_SEQ,EXACT_OUTLET;NOT_USPS_VALIDITY;NO_INVENTORY
53810,ZCTA_NEAREST_ACTIVE_OUTLET,WI0035,002,9.208,ZCTA_NN;R6371;TIE_FIRST_LEX,ZCTA_NN_HAVERSINE;NOT_ELIGIBILITY;NOT_USPS_VALIDITY;NO_INVENTORY
53811,EXACT_IMLS_OUTLET_ZIP,WI0133,002,,EXACT_OUTLET;TIE_FSCSKEY_SEQ,EXACT_OUTLET;NOT_USPS_VALIDITY;NO_INVENTORY
53812,ZCTA_NEAREST_ACTIVE_OUTLET,WI0423,001,5.410,ZCTA_NN;R6371;TIE_FIRST_LEX,ZCTA_NN_HAVERSINE;NOT_ELIGIBILITY;NOT_USPS_VALIDITY;NO_INVENTORY
53813,EXACT_IMLS_OUTLET_ZIP,WI0165,002,,EXACT_OUTLET;TIE_FSCSKEY_SEQ,EXACT_OUTLET;NOT_USPS_VALIDITY;NO_INVENTORY
53816,ZCTA_NEAREST_ACTIVE_OUTLET,WI0035,002,11.874,ZCTA_NN;R6371;TIE_FIRST_LEX,ZCTA_NN_HAVERSINE;NOT_ELIGIBILITY;NOT_USPS_VALIDITY;NO_INVENTORY
53817,ZCTA_NEAREST_ACTIVE_OUTLET,WI0035,002,7.396,ZCTA_NN;R6371;TIE_FIRST_LEX,ZCTA_NN_HAVERSINE;NOT_ELIGIBILITY;NOT_USPS_VALIDITY;NO_INVENTORY
53818,EXACT_IMLS_OUTLET_ZIP,WI0255,002,,EXACT_OUTLET;TIE_FSCSKEY_SEQ,EXACT_OUTLET;NOT_USPS_VALIDITY;NO_INVENTORY
53820,EXACT_IMLS_OUTLET_ZIP,WI0165,003,,EXACT_OUTLET;TIE_FSCSKEY_SEQ,EXACT_OUTLET;NOT_USPS_VALIDITY;NO_INVENTORY
53821,EXACT_IMLS_OUTLET_ZIP,WI0262,002,,EXACT_OUTLET;TIE_FSCSKEY_SEQ,EXACT_OUTLET;NOT_USPS_VALIDITY;NO_INVENTORY
53825,ZCTA_NEAREST_ACTIVE_OUTLET,WI0102,002,9.061,ZCTA_NN;R6371;TIE_FIRST_LEX,ZCTA_NN_HAVERSINE;NOT_ELIGIBILITY;NOT_USPS_VALIDITY;NO_INVENTORY
53826,ZCTA_NEAREST_ACTIVE_OUTLET,WI0036,002,17.908,ZCTA_NN;R6371;TIE_FIRST_LEX,ZCTA_NN_HAVERSINE;NOT_ELIGIBILITY;NOT_USPS_VALIDITY;NO_INVENTORY
53827,ZCTA_NEAREST_ACTIVE_OUTLET,WI0036,002,13.522,ZCTA_NN;R6371;TIE_FIRST_LEX,ZCTA_NN_HAVERSINE;NOT_ELIGIBILITY;NOT_USPS_VALIDITY;NO_INVENTORY
53901,EXACT_IMLS_OUTLET_ZIP,WI0259,002,,EXACT_OUTLET;TIE_FSCSKEY_SEQ,EXACT_OUTLET;NOT_USPS_VALIDITY;NO_INVENTORY
53910,EXACT_IMLS_OUTLET_ZIP,WI0002,002,,EXACT_OUTLET;TIE_FSCSKEY_SEQ,EXACT_OUTLET;NOT_USPS_VALIDITY;NO_INVENTORY
53911,ZCTA_NEAREST_ACTIVE_OUTLET,WI0261,002,7.371,ZCTA_NN;R6371;TIE_FIRST_LEX,ZCTA_NN_HAVERSINE;NOT_ELIGIBILITY;NOT_USPS_VALIDITY;NO_INVENTORY
53913,EXACT_IMLS_OUTLET_ZIP,WI0018,002,,EXACT_OUTLET;TIE_FSCSKEY_SEQ,EXACT_OUTLET;NOT_USPS_VALIDITY;NO_INVENTORY
53916,EXACT_IMLS_OUTLET_ZIP,WI0022,002,,EXACT_OUTLET;TIE_FSCSKEY_SEQ,EXACT_OUTLET;NOT_USPS_VALIDITY;NO_INVENTORY
53919,EXACT_IMLS_OUTLET_ZIP,WI0039,002,,EXACT_OUTLET;TIE_FSCSKEY_SEQ,EXACT_OUTLET;NOT_USPS_VALIDITY;NO_INVENTORY
53920,ZCTA_NEAREST_ACTIVE_OUTLET,WI0098,002,12.043,ZCTA_NN;R6371;TIE_FIRST_LEX,ZCTA_NN_HAVERSINE;NOT_ELIGIBILITY;NOT_USPS_VALIDITY;NO_INVENTORY
53922,ZCTA_NEAREST_ACTIVE_OUTLET,WI0135,002,10.283,ZCTA_NN;R6371;TIE_FIRST_LEX,ZCTA_NN_HAVERSINE;NOT_ELIGIBILITY;NOT_USPS_VALIDITY;NO_INVENTORY
53923,EXACT_IMLS_OUTLET_ZIP,WI0049,002,,EXACT_OUTLET;TIE_FSCSKEY_SEQ,EXACT_OUTLET;NOT_USPS_VALIDITY;NO_INVENTORY
53924,ZCTA_NEAREST_ACTIVE_OUTLET,WI0168,002,15.270,ZCTA_NN;R6371;TIE_FIRST_LEX,ZCTA_NN_HAVERSINE;NOT_ELIGIBILITY;NOT_USPS_VALIDITY;NO_INVENTORY
53925,EXACT_IMLS_OUTLET_ZIP,WI0066,002,,EXACT_OUTLET;TIE_FSCSKEY_SEQ,EXACT_OUTLET;NOT_USPS_VALIDITY;NO_INVENTORY
53926,ZCTA_NEAREST_ACTIVE_OUTLET,WI0154,002,8.239,ZCTA_NN;R6371;TIE_FIRST_LEX,ZCTA_NN_HAVERSINE;NOT_ELIGIBILITY;NOT_USPS_VALIDITY;NO_INVENTORY
53928,ZCTA_NEAREST_ACTIVE_OUTLET,WI0277,002,7.731,ZCTA_NN;R6371;TIE_FIRST_LEX,ZCTA_NN_HAVERSINE;NOT_ELIGIBILITY;NOT_USPS_VALIDITY;NO_INVENTORY
53929,EXACT_IMLS_OUTLET_ZIP,WI0097,002,,EXACT_OUTLET;TIE_FSCSKEY_SEQ,EXACT_OUTLET;NOT_USPS_VALIDITY;NO_INVENTORY
53930,EXACT_IMLS_OUTLET_ZIP,WI0098,002,,EXACT_OUTLET;TIE_FSCSKEY_SEQ,EXACT_OUTLET;NOT_USPS_VALIDITY;NO_INVENTORY
53931,ZCTA_NEAREST_ACTIVE_OUTLET,WI0039,002,6.852,ZCTA_NN;R6371;TIE_FIRST_LEX,ZCTA_NN_HAVERSINE;NOT_ELIGIBILITY;NOT_USPS_VALIDITY;NO_INVENTORY
53932,ZCTA_NEAREST_ACTIVE_OUTLET,WI0066,002,9.762,ZCTA_NN;R6371;TIE_FIRST_LEX,ZCTA_NN_HAVERSINE;NOT_ELIGIBILITY;NOT_USPS_VALIDITY;NO_INVENTORY
53933,EXACT_IMLS_OUTLET_ZIP,WI0106,002,,EXACT_OUTLET;TIE_FSCSKEY_SEQ,EXACT_OUTLET;NOT_USPS_VALIDITY;NO_INVENTORY
53934,ZCTA_NEAREST_ACTIVE_OUTLET,WI0002,002,1.493,ZCTA_NN;R6371;TIE_FIRST_LEX,ZCTA_NN_HAVERSINE;NOT_ELIGIBILITY;NOT_USPS_VALIDITY;NO_INVENTORY
53935,ZCTA_NEAREST_ACTIVE_OUTLET,WI0049,002,6.034,ZCTA_NN;R6371;TIE_FIRST_LEX,ZCTA_NN_HAVERSINE;NOT_ELIGIBILITY;NOT_USPS_VALIDITY;NO_INVENTORY
53936,ZCTA_NEAREST_ACTIVE_OUTLET,WI0002,002,14.169,ZCTA_NN;R6371;TIE_FIRST_LEX,ZCTA_NN_HAVERSINE;NOT_ELIGIBILITY;NOT_USPS_VALIDITY;NO_INVENTORY
53937,ZCTA_NEAREST_ACTIVE_OUTLET,WI0253,002,14.575,ZCTA_NN;R6371;TIE_FIRST_LEX,ZCTA_NN_HAVERSINE;NOT_ELIGIBILITY;NOT_USPS_VALIDITY;NO_INVENTORY
53939,EXACT_IMLS_OUTLET_ZIP,WI0154,002,,EXACT_OUTLET;TIE_FSCSKEY_SEQ,EXACT_OUTLET;NOT_USPS_VALIDITY;NO_INVENTORY
53940,ZCTA_NEAREST_ACTIVE_OUTLET,WI0359,002,4.207,ZCTA_NN;R6371;TIE_FIRST_LEX,ZCTA_NN_HAVERSINE;NOT_ELIGIBILITY;NOT_USPS_VALIDITY;NO_INVENTORY
53941,EXACT_IMLS_OUTLET_ZIP,WI0168,002,,EXACT_OUTLET;TIE_FSCSKEY_SEQ,EXACT_OUTLET;NOT_USPS_VALIDITY;NO_INVENTORY
53942,ZCTA_NEAREST_ACTIVE_OUTLET,WI0168,002,13.455,ZCTA_NN;R6371;TIE_FIRST_LEX,ZCTA_NN_HAVERSINE;NOT_ELIGIBILITY;NOT_USPS_VALIDITY;NO_INVENTORY
53943,ZCTA_NEAREST_ACTIVE_OUTLET,WI0253,002,12.023,ZCTA_NN;R6371;TIE_FIRST_LEX,ZCTA_NN_HAVERSINE;NOT_ELIGIBILITY;NOT_USPS_VALIDITY;NO_INVENTORY
53944,ZCTA_NEAREST_ACTIVE_OUTLET,WI0359,002,14.507,ZCTA_NN;R6371;TIE_FIRST_LEX,ZCTA_NN_HAVERSINE;NOT_ELIGIBILITY;NOT_USPS_VALIDITY;NO_INVENTORY
53946,EXACT_IMLS_OUTLET_ZIP,WI0182,002,,EXACT_OUTLET;TIE_FSCSKEY_SEQ,EXACT_OUTLET;NOT_USPS_VALIDITY;NO_INVENTORY
53947,ZCTA_NEAREST_ACTIVE_OUTLET,WI0154,002,5.856,ZCTA_NN;R6371;TIE_FIRST_LEX,ZCTA_NN_HAVERSINE;NOT_ELIGIBILITY;NOT_USPS_VALIDITY;NO_INVENTORY
53948,EXACT_IMLS_OUTLET_ZIP,WI0185,002,,EXACT_OUTLET;TIE_FSCSKEY_SEQ,EXACT_OUTLET;NOT_USPS_VALIDITY;NO_INVENTORY
53949,EXACT_IMLS_OUTLET_ZIP,WI0205,002,,EXACT_OUTLET;TIE_FSCSKEY_SEQ,EXACT_OUTLET;NOT_USPS_VALIDITY;NO_INVENTORY
53950,EXACT_IMLS_OUTLET_ZIP,WI0221,002,,EXACT_OUTLET;TIE_FSCSKEY_SEQ,EXACT_OUTLET;NOT_USPS_VALIDITY;NO_INVENTORY
53951,EXACT_IMLS_OUTLET_ZIP,WI0225,002,,EXACT_OUTLET;TIE_FSCSKEY_SEQ,EXACT_OUTLET;NOT_USPS_VALIDITY;NO_INVENTORY
53952,EXACT_IMLS_OUTLET_ZIP,WI0242,002,,EXACT_OUTLET;TIE_FSCSKEY_SEQ,EXACT_OUTLET;NOT_USPS_VALIDITY;NO_INVENTORY
53953,EXACT_IMLS_OUTLET_ZIP,WI0243,002,,EXACT_OUTLET;TIE_FSCSKEY_SEQ,EXACT_OUTLET;NOT_USPS_VALIDITY;NO_INVENTORY
53954,EXACT_IMLS_OUTLET_ZIP,WI0245,002,,EXACT_OUTLET;TIE_FSCSKEY_SEQ,EXACT_OUTLET;NOT_USPS_VALIDITY;NO_INVENTORY
53955,EXACT_IMLS_OUTLET_ZIP,WI0261,002,,EXACT_OUTLET;TIE_FSCSKEY_SEQ,EXACT_OUTLET;NOT_USPS_VALIDITY;NO_INVENTORY
53956,EXACT_IMLS_OUTLET_ZIP,WI0269,002,,EXACT_OUTLET;TIE_FSCSKEY_SEQ,EXACT_OUTLET;NOT_USPS_VALIDITY;NO_INVENTORY
53959,EXACT_IMLS_OUTLET_ZIP,WI0272,002,,EXACT_OUTLET;TIE_FSCSKEY_SEQ,EXACT_OUTLET;NOT_USPS_VALIDITY;NO_INVENTORY
53960,EXACT_IMLS_OUTLET_ZIP,WI0277,002,,EXACT_OUTLET;TIE_FSCSKEY_SEQ,EXACT_OUTLET;NOT_USPS_VALIDITY;NO_INVENTORY
53961,EXACT_IMLS_OUTLET_ZIP,WI0282,002,,EXACT_OUTLET;TIE_FSCSKEY_SEQ,EXACT_OUTLET;NOT_USPS_VALIDITY;NO_INVENTORY
53962,ZCTA_NEAREST_ACTIVE_OUTLET,WI0362,002,4.635,ZCTA_NN;R6371;TIE_FIRST_LEX,ZCTA_NN_HAVERSINE;NOT_ELIGIBILITY;NOT_USPS_VALIDITY;NO_INVENTORY
53963,EXACT_IMLS_OUTLET_ZIP,WI0340,002,,EXACT_OUTLET;TIE_FSCSKEY_SEQ,EXACT_OUTLET;NOT_USPS_VALIDITY;NO_INVENTORY
53964,EXACT_IMLS_OUTLET_ZIP,WI0348,002,,EXACT_OUTLET;TIE_FSCSKEY_SEQ,EXACT_OUTLET;NOT_USPS_VALIDITY;NO_INVENTORY
53965,EXACT_IMLS_OUTLET_ZIP,WI0359,002,,EXACT_OUTLET;TIE_FSCSKEY_SEQ,EXACT_OUTLET;NOT_USPS_VALIDITY;NO_INVENTORY
53968,EXACT_IMLS_OUTLET_ZIP,WI0362,002,,EXACT_OUTLET;TIE_FSCSKEY_SEQ,EXACT_OUTLET;NOT_USPS_VALIDITY;NO_INVENTORY
53969,EXACT_IMLS_OUTLET_ZIP,WI0422,001,,EXACT_OUTLET;TIE_FSCSKEY_SEQ,EXACT_OUTLET;NOT_USPS_VALIDITY;NO_INVENTORY
54001,EXACT_IMLS_OUTLET_ZIP,WI0007,002,,EXACT_OUTLET;TIE_FSCSKEY_SEQ,EXACT_OUTLET;NOT_USPS_VALIDITY;NO_INVENTORY
54002,EXACT_IMLS_OUTLET_ZIP,WI0016,002,,EXACT_OUTLET;TIE_FSCSKEY_SEQ,EXACT_OUTLET;NOT_USPS_VALIDITY;NO_INVENTORY
54003,ZCTA_NEAREST_ACTIVE_OUTLET,WI0094,002,6.415,ZCTA_NN;R6371;TIE_FIRST_LEX,ZCTA_NN_HAVERSINE;NOT_ELIGIBILITY;NOT_USPS_VALIDITY;NO_INVENTORY
54004,ZCTA_NEAREST_ACTIVE_OUTLET,WI0324,002,10.171,ZCTA_NN;R6371;TIE_FIRST_LEX,ZCTA_NN_HAVERSINE;NOT_ELIGIBILITY;NOT_USPS_VALIDITY;NO_INVENTORY
54005,EXACT_IMLS_OUTLET_ZIP,WI0060,002,,EXACT_OUTLET;TIE_FSCSKEY_SEQ,EXACT_OUTLET;NOT_USPS_VALIDITY;NO_INVENTORY
54006,ZCTA_NEAREST_ACTIVE_OUTLET,WI0175,002,12.910,ZCTA_NN;R6371;TIE_FIRST_LEX,ZCTA_NN_HAVERSINE;NOT_ELIGIBILITY;NOT_USPS_VALIDITY;NO_INVENTORY
54007,EXACT_IMLS_OUTLET_ZIP,WI0076,002,,EXACT_OUTLET;TIE_FSCSKEY_SEQ,EXACT_OUTLET;NOT_USPS_VALIDITY;NO_INVENTORY
54009,EXACT_IMLS_OUTLET_ZIP,WI0382,002,,EXACT_OUTLET;TIE_FSCSKEY_SEQ,EXACT_OUTLET;NOT_USPS_VALIDITY;NO_INVENTORY
54011,EXACT_IMLS_OUTLET_ZIP,WI0094,002,,EXACT_OUTLET;TIE_FSCSKEY_SEQ,EXACT_OUTLET;NOT_USPS_VALIDITY;NO_INVENTORY
54013,EXACT_IMLS_OUTLET_ZIP,WI0117,002,,EXACT_OUTLET;TIE_FSCSKEY_SEQ,EXACT_OUTLET;NOT_USPS_VALIDITY;NO_INVENTORY
54014,ZCTA_NEAREST_ACTIVE_OUTLET,MN0089,002,9.832,ZCTA_NN;R6371;TIE_FIRST_LEX,ZCTA_NN_HAVERSINE;NOT_ELIGIBILITY;NOT_USPS_VALIDITY;NO_INVENTORY
54015,EXACT_IMLS_OUTLET_ZIP,WI0127,002,,EXACT_OUTLET;TIE_FSCSKEY_SEQ,EXACT_OUTLET;NOT_USPS_VALIDITY;NO_INVENTORY
54016,EXACT_IMLS_OUTLET_ZIP,WI0137,002,,EXACT_OUTLET;TIE_FSCSKEY_SEQ,EXACT_OUTLET;NOT_USPS_VALIDITY;NO_INVENTORY
54017,EXACT_IMLS_OUTLET_ZIP,WI0223,002,,EXACT_OUTLET;TIE_FSCSKEY_SEQ,EXACT_OUTLET;NOT_USPS_VALIDITY;NO_INVENTORY
54020,EXACT_IMLS_OUTLET_ZIP,WI0238,002,,EXACT_OUTLET;TIE_FSCSKEY_SEQ,EXACT_OUTLET;NOT_USPS_VALIDITY;NO_INVENTORY
54021,EXACT_IMLS_OUTLET_ZIP,WI0265,002,,EXACT_OUTLET;TIE_FSCSKEY_SEQ,EXACT_OUTLET;NOT_USPS_VALIDITY;NO_INVENTORY
54022,EXACT_IMLS_OUTLET_ZIP,WI0279,002,,EXACT_OUTLET;TIE_FSCSKEY_SEQ,EXACT_OUTLET;NOT_USPS_VALIDITY;NO_INVENTORY
54023,EXACT_IMLS_OUTLET_ZIP,WI0280,002,,EXACT_OUTLET;TIE_FSCSKEY_SEQ,EXACT_OUTLET;NOT_USPS_VALIDITY;NO_INVENTORY
54024,EXACT_IMLS_OUTLET_ZIP,WI0406,002,,EXACT_OUTLET;TIE_FSCSKEY_SEQ,EXACT_OUTLET;NOT_USPS_VALIDITY;NO_INVENTORY
54025,EXACT_IMLS_OUTLET_ZIP,WI0300,002,,EXACT_OUTLET;TIE_FSCSKEY_SEQ,EXACT_OUTLET;NOT_USPS_VALIDITY;NO_INVENTORY
54026,ZCTA_NEAREST_ACTIVE_OUTLET,WI0223,002,11.146,ZCTA_NN;R6371;TIE_FIRST_LEX,ZCTA_NN_HAVERSINE;NOT_ELIGIBILITY;NOT_USPS_VALIDITY;NO_INVENTORY
54027,ZCTA_NEAREST_ACTIVE_OUTLET,WI0363,002,7.894,ZCTA_NN;R6371;TIE_FIRST_LEX,ZCTA_NN_HAVERSINE;NOT_ELIGIBILITY;NOT_USPS_VALIDITY;NO_INVENTORY
54028,EXACT_IMLS_OUTLET_ZIP,WI0363,002,,EXACT_OUTLET;TIE_FSCSKEY_SEQ,EXACT_OUTLET;NOT_USPS_VALIDITY;NO_INVENTORY
54082,ZCTA_NEAREST_ACTIVE_OUTLET,MN0049,002,4.775,ZCTA_NN;R6371;TIE_FIRST_LEX,ZCTA_NN_HAVERSINE;NOT_ELIGIBILITY;NOT_USPS_VALIDITY;NO_INVENTORY
54101,ZCTA_NEAREST_ACTIVE_OUTLET,WI0231,002,11.522,ZCTA_NN;R6371;TIE_FIRST_LEX,ZCTA_NN_HAVERSINE;NOT_ELIGIBILITY;NOT_USPS_VALIDITY;NO_INVENTORY
54102,ZCTA_NEAREST_ACTIVE_OUTLET,WI0394,007,14.430,ZCTA_NN;R6371;TIE_FIRST_LEX,ZCTA_NN_HAVERSINE;NOT_ELIGIBILITY;NOT_USPS_VALIDITY;NO_INVENTORY
54103,ZCTA_NEAREST_ACTIVE_OUTLET,WI0394,004,12.337,ZCTA_NN;R6371;TIE_FIRST_LEX,ZCTA_NN_HAVERSINE;NOT_ELIGIBILITY;NOT_USPS_VALIDITY;NO_INVENTORY
54104,ZCTA_NEAREST_ACTIVE_OUTLET,WI0394,004,22.406,ZCTA_NN;R6371;TIE_FIRST_LEX,ZCTA_NN_HAVERSINE;NOT_ELIGIBILITY;NOT_USPS_VALIDITY;NO_INVENTORY
54106,EXACT_IMLS_OUTLET_ZIP,WI0375,002,,EXACT_OUTLET;TIE_FSCSKEY_SEQ,EXACT_OUTLET;NOT_USPS_VALIDITY;NO_INVENTORY
54107,EXACT_IMLS_OUTLET_ZIP,WI0291,004,,EXACT_OUTLET;TIE_FSCSKEY_SEQ,EXACT_OUTLET;NOT_USPS_VALIDITY;NO_INVENTORY
54110,EXACT_IMLS_OUTLET_ZIP,WI0040,002,,EXACT_OUTLET;TIE_FSCSKEY_SEQ,EXACT_OUTLET;NOT_USPS_VALIDITY;NO_INVENTORY
54111,ZCTA_NEAREST_ACTIVE_OUTLET,WI0291,004,9.519,ZCTA_NN;R6371;TIE_FIRST_LEX,ZCTA_NN_HAVERSINE;NOT_ELIGIBILITY;NOT_USPS_VALIDITY;NO_INVENTORY
54112,EXACT_IMLS_OUTLET_ZIP,WI0394,002,,EXACT_OUTLET;TIE_FSCSKEY_SEQ,EXACT_OUTLET;NOT_USPS_VALIDITY;NO_INVENTORY
54113,ZCTA_NEAREST_ACTIVE_OUTLET,WI9026,001,2.150,ZCTA_NN;R6371;TIE_FIRST_LEX,ZCTA_NN_HAVERSINE;NOT_ELIGIBILITY;NOT_USPS_VALIDITY;NO_INVENTORY
54114,EXACT_IMLS_OUTLET_ZIP,WI0394,003,,EXACT_OUTLET;TIE_FSCSKEY_SEQ,EXACT_OUTLET;NOT_USPS_VALIDITY;NO_INVENTORY
54115,EXACT_IMLS_OUTLET_ZIP,WI0121,014,,EXACT_OUTLET;TIE_FSCSKEY_SEQ,EXACT_OUTLET;NOT_USPS_VALIDITY;NO_INVENTORY
54119,ZCTA_NEAREST_ACTIVE_OUTLET,WI0394,004,12.701,ZCTA_NN;R6371;TIE_FIRST_LEX,ZCTA_NN_HAVERSINE;NOT_ELIGIBILITY;NOT_USPS_VALIDITY;NO_INVENTORY
54120,ZCTA_NEAREST_ACTIVE_OUTLET,WI0394,004,25.610,ZCTA_NN;R6371;TIE_FIRST_LEX,ZCTA_NN_HAVERSINE;NOT_ELIGIBILITY;NOT_USPS_VALIDITY;NO_INVENTORY
54121,EXACT_IMLS_OUTLET_ZIP,WI0384,002,,EXACT_OUTLET;TIE_FSCSKEY_SEQ,EXACT_OUTLET;NOT_USPS_VALIDITY;NO_INVENTORY
54123,ZCTA_NEAREST_ACTIVE_OUTLET,WI0040,002,7.947,ZCTA_NN;R6371;TIE_FIRST_LEX,ZCTA_NN_HAVERSINE;NOT_ELIGIBILITY;NOT_USPS_VALIDITY;NO_INVENTORY
54124,EXACT_IMLS_OUTLET_ZIP,WI0418,002,,EXACT_OUTLET;TIE_FSCSKEY_SEQ,EXACT_OUTLET;NOT_USPS_VALIDITY;NO_INVENTORY
54125,EXACT_IMLS_OUTLET_ZIP,WI0394,004,,EXACT_OUTLET;TIE_FSCSKEY_SEQ,EXACT_OUTLET;NOT_USPS_VALIDITY;NO_INVENTORY
54126,ZCTA_NEAREST_ACTIVE_OUTLET,WI0121,009,11.568,ZCTA_NN;R6371;TIE_FIRST_LEX,ZCTA_NN_HAVERSINE;NOT_ELIGIBILITY;NOT_USPS_VALIDITY;NO_INVENTORY
54127,ZCTA_NEAREST_ACTIVE_OUTLET,WI0418,002,10.801,ZCTA_NN;R6371;TIE_FIRST_LEX,ZCTA_NN_HAVERSINE;NOT_ELIGIBILITY;NOT_USPS_VALIDITY;NO_INVENTORY
54128,ZCTA_NEAREST_ACTIVE_OUTLET,WI9025,001,13.651,ZCTA_NN;R6371;TIE_FIRST_LEX,ZCTA_NN_HAVERSINE;NOT_ELIGIBILITY;NOT_USPS_VALIDITY;NO_INVENTORY
54129,ZCTA_NEAREST_ACTIVE_OUTLET,WI0058,002,11.153,ZCTA_NN;R6371;TIE_FIRST_LEX,ZCTA_NN_HAVERSINE;NOT_ELIGIBILITY;NOT_USPS_VALIDITY;NO_INVENTORY
54130,EXACT_IMLS_OUTLET_ZIP,WI0146,002,,EXACT_OUTLET;TIE_FSCSKEY_SEQ,EXACT_OUTLET;NOT_USPS_VALIDITY;NO_INVENTORY
54131,OBSERVED_REFERENCE_INDIRECT_ONLY,,,,INDIRECT_IMLS_SC;NO_FABRICATED_NEAREST,INDIRECT_IMLS_SC;NO_FABRICATED_NEAREST;NOT_REJECTED;NOT_USPS_VALIDITY;NO_INVENTORY
54135,EXACT_IMLS_OUTLET_ZIP,WI9025,001,,EXACT_OUTLET;TIE_FSCSKEY_SEQ,EXACT_OUTLET;NOT_USPS_VALIDITY;NO_INVENTORY
54136,EXACT_IMLS_OUTLET_ZIP,WI0153,002,,EXACT_OUTLET;TIE_FSCSKEY_SEQ,EXACT_OUTLET;NOT_USPS_VALIDITY;NO_INVENTORY
54137,ZCTA_NEAREST_ACTIVE_OUTLET,WI0121,007,9.596,ZCTA_NN;R6371;TIE_FIRST_LEX,ZCTA_NN_HAVERSINE;NOT_ELIGIBILITY;NOT_USPS_VALIDITY;NO_INVENTORY
54138,EXACT_IMLS_OUTLET_ZIP,WI0391,002,,EXACT_OUTLET;TIE_FSCSKEY_SEQ,EXACT_OUTLET;NOT_USPS_VALIDITY;NO_INVENTORY
54139,EXACT_IMLS_OUTLET_ZIP,WI0169,002,,EXACT_OUTLET;TIE_FSCSKEY_SEQ,EXACT_OUTLET;NOT_USPS_VALIDITY;NO_INVENTORY
54140,EXACT_IMLS_OUTLET_ZIP,WI9026,001,,EXACT_OUTLET;TIE_FSCSKEY_SEQ,EXACT_OUTLET;NOT_USPS_VALIDITY;NO_INVENTORY
54141,ZCTA_NEAREST_ACTIVE_OUTLET,WI0231,002,20.138,ZCTA_NN;R6371;TIE_FIRST_LEX,ZCTA_NN_HAVERSINE;NOT_ELIGIBILITY;NOT_USPS_VALIDITY;NO_INVENTORY
54143,EXACT_IMLS_OUTLET_ZIP,WI0394,009,,EXACT_OUTLET;TIE_FSCSKEY_SEQ,EXACT_OUTLET;NOT_USPS_VALIDITY;NO_INVENTORY
54149,ZCTA_NEAREST_ACTIVE_OUTLET,WI0391,002,11.404,ZCTA_NN;R6371;TIE_FIRST_LEX,ZCTA_NN_HAVERSINE;NOT_ELIGIBILITY;NOT_USPS_VALIDITY;NO_INVENTORY
54150,ZCTA_NEAREST_ACTIVE_OUTLET,WI9025,001,17.331,ZCTA_NN;R6371;TIE_FIRST_LEX,ZCTA_NN_HAVERSINE;NOT_ELIGIBILITY;NOT_USPS_VALIDITY;NO_INVENTORY
54151,EXACT_IMLS_OUTLET_ZIP,WI0394,005,,EXACT_OUTLET;TIE_FSCSKEY_SEQ,EXACT_OUTLET;NOT_USPS_VALIDITY;NO_INVENTORY
54152,ZCTA_NEAREST_ACTIVE_OUTLET,WI0375,002,11.063,ZCTA_NN;R6371;TIE_FIRST_LEX,ZCTA_NN_HAVERSINE;NOT_ELIGIBILITY;NOT_USPS_VALIDITY;NO_INVENTORY
54153,EXACT_IMLS_OUTLET_ZIP,WI0230,002,,EXACT_OUTLET;TIE_FSCSKEY_SEQ,EXACT_OUTLET;NOT_USPS_VALIDITY;NO_INVENTORY
54154,EXACT_IMLS_OUTLET_ZIP,WI0231,002,,EXACT_OUTLET;TIE_FSCSKEY_SEQ,EXACT_OUTLET;NOT_USPS_VALIDITY;NO_INVENTORY
54155,EXACT_IMLS_OUTLET_ZIP,WI0370,002,,EXACT_OUTLET;TIE_FSCSKEY_SEQ,EXACT_OUTLET;NOT_USPS_VALIDITY;NO_INVENTORY
54156,ZCTA_NEAREST_ACTIVE_OUTLET,WI0394,005,19.792,ZCTA_NN;R6371;TIE_FIRST_LEX,ZCTA_NN_HAVERSINE;NOT_ELIGIBILITY;NOT_USPS_VALIDITY;NO_INVENTORY
54157,EXACT_IMLS_OUTLET_ZIP,WI0394,006,,EXACT_OUTLET;TIE_FSCSKEY_SEQ,EXACT_OUTLET;NOT_USPS_VALIDITY;NO_INVENTORY
54159,ZCTA_NEAREST_ACTIVE_OUTLET,WI0394,003,13.665,ZCTA_NN;R6371;TIE_FIRST_LEX,ZCTA_NN_HAVERSINE;NOT_ELIGIBILITY;NOT_USPS_VALIDITY;NO_INVENTORY
54160,ZCTA_NEAREST_ACTIVE_OUTLET,WI0040,002,7.478,ZCTA_NN;R6371;TIE_FIRST_LEX,ZCTA_NN_HAVERSINE;NOT_ELIGIBILITY;NOT_USPS_VALIDITY;NO_INVENTORY
54161,ZCTA_NEAREST_ACTIVE_OUTLET,WI0394,002,11.956,ZCTA_NN;R6371;TIE_FIRST_LEX,ZCTA_NN_HAVERSINE;NOT_ELIGIBILITY;NOT_USPS_VALIDITY;NO_INVENTORY
54162,EXACT_IMLS_OUTLET_ZIP,WI0121,007,,EXACT_OUTLET;TIE_FSCSKEY_SEQ,EXACT_OUTLET;NOT_USPS_VALIDITY;NO_INVENTORY
54165,EXACT_IMLS_OUTLET_ZIP,WI0289,002,,EXACT_OUTLET;TIE_FSCSKEY_SEQ,EXACT_OUTLET;NOT_USPS_VALIDITY;NO_INVENTORY
54166,EXACT_IMLS_OUTLET_ZIP,WI0291,008,,EXACT_OUTLET;TIE_FSCSKEY_SEQ,EXACT_OUTLET;NOT_USPS_VALIDITY;NO_INVENTORY
54169,ZCTA_NEAREST_ACTIVE_OUTLET,WI0153,002,11.610,ZCTA_NN;R6371;TIE_FIRST_LEX,ZCTA_NN_HAVERSINE;NOT_ELIGIBILITY;NOT_USPS_VALIDITY;NO_INVENTORY
54170,EXACT_IMLS_OUTLET_ZIP,WI0295,002,,EXACT_OUTLET;TIE_FSCSKEY_SEQ,EXACT_OUTLET;NOT_USPS_VALIDITY;NO_INVENTORY
54171,ZCTA_NEAREST_ACTIVE_OUTLET,WI0121,007,12.711,ZCTA_NN;R6371;TIE_FIRST_LEX,ZCTA_NN_HAVERSINE;NOT_ELIGIBILITY;NOT_USPS_VALIDITY;NO_INVENTORY
54173,ZCTA_NEAREST_ACTIVE_OUTLET,WI0121,013,11.170,ZCTA_NN;R6371;TIE_FIRST_LEX,ZCTA_NN_HAVERSINE;NOT_ELIGIBILITY;NOT_USPS_VALIDITY;NO_INVENTORY
54174,EXACT_IMLS_OUTLET_ZIP,WI0407,002,,EXACT_OUTLET;TIE_FSCSKEY_SEQ,EXACT_OUTLET;NOT_USPS_VALIDITY;NO_INVENTORY
54175,ZCTA_NEAREST_ACTIVE_OUTLET,WI0391,002,8.361,ZCTA_NN;R6371;TIE_FIRST_LEX,ZCTA_NN_HAVERSINE;NOT_ELIGIBILITY;NOT_USPS_VALIDITY;NO_INVENTORY
54177,EXACT_IMLS_OUTLET_ZIP,WI0394,007,,EXACT_OUTLET;TIE_FSCSKEY_SEQ,EXACT_OUTLET;NOT_USPS_VALIDITY;NO_INVENTORY
54180,EXACT_IMLS_OUTLET_ZIP,WI0121,009,,EXACT_OUTLET;TIE_FSCSKEY_SEQ,EXACT_OUTLET;NOT_USPS_VALIDITY;NO_INVENTORY
54201,EXACT_IMLS_OUTLET_ZIP,WI0004,002,,EXACT_OUTLET;TIE_FSCSKEY_SEQ,EXACT_OUTLET;NOT_USPS_VALIDITY;NO_INVENTORY
54202,EXACT_IMLS_OUTLET_ZIP,WI0312,006,,EXACT_OUTLET;TIE_FSCSKEY_SEQ,EXACT_OUTLET;NOT_USPS_VALIDITY;NO_INVENTORY
54204,ZCTA_NEAREST_ACTIVE_OUTLET,WI0312,005,12.377,ZCTA_NN;R6371;TIE_FIRST_LEX,ZCTA_NN_HAVERSINE;NOT_ELIGIBILITY;NOT_USPS_VALIDITY;NO_INVENTORY
54205,ZCTA_NEAREST_ACTIVE_OUTLET,WI0312,005,14.923,ZCTA_NN;R6371;TIE_FIRST_LEX,ZCTA_NN_HAVERSINE;NOT_ELIGIBILITY;NOT_USPS_VALIDITY;NO_INVENTORY
54207,ZCTA_NEAREST_ACTIVE_OUTLET,WI0040,002,12.852,ZCTA_NN;R6371;TIE_FIRST_LEX,ZCTA_NN_HAVERSINE;NOT_ELIGIBILITY;NOT_USPS_VALIDITY;NO_INVENTORY
54208,EXACT_IMLS_OUTLET_ZIP,WI0121,004,,EXACT_OUTLET;TIE_FSCSKEY_SEQ,EXACT_OUTLET;NOT_USPS_VALIDITY;NO_INVENTORY
54209,EXACT_IMLS_OUTLET_ZIP,WI0312,002,,EXACT_OUTLET;TIE_FSCSKEY_SEQ,EXACT_OUTLET;NOT_USPS_VALIDITY;NO_INVENTORY
54210,ZCTA_NEAREST_ACTIVE_OUTLET,WI0312,007,9.260,ZCTA_NN;R6371;TIE_FIRST_LEX,ZCTA_NN_HAVERSINE;NOT_ELIGIBILITY;NOT_USPS_VALIDITY;NO_INVENTORY
54211,EXACT_IMLS_OUTLET_ZIP,WI0312,003,,EXACT_OUTLET;TIE_FSCSKEY_SEQ,EXACT_OUTLET;NOT_USPS_VALIDITY;NO_INVENTORY
54212,EXACT_IMLS_OUTLET_ZIP,WI0312,004,,EXACT_OUTLET;TIE_FSCSKEY_SEQ,EXACT_OUTLET;NOT_USPS_VALIDITY;NO_INVENTORY
54213,EXACT_IMLS_OUTLET_ZIP,WI0312,005,,EXACT_OUTLET;TIE_FSCSKEY_SEQ,EXACT_OUTLET;NOT_USPS_VALIDITY;NO_INVENTORY
54214,ZCTA_NEAREST_ACTIVE_OUTLET,WI0179,002,12.818,ZCTA_NN;R6371;TIE_FIRST_LEX,ZCTA_NN_HAVERSINE;NOT_ELIGIBILITY;NOT_USPS_VALIDITY;NO_INVENTORY
54215,ZCTA_NEAREST_ACTIVE_OUTLET,WI0121,004,14.043,ZCTA_NN;R6371;TIE_FIRST_LEX,ZCTA_NN_HAVERSINE;NOT_ELIGIBILITY;NOT_USPS_VALIDITY;NO_INVENTORY
54216,EXACT_IMLS_OUTLET_ZIP,WI0151,002,,EXACT_OUTLET;TIE_FSCSKEY_SEQ,EXACT_OUTLET;NOT_USPS_VALIDITY;NO_INVENTORY
54217,ZCTA_NEAREST_ACTIVE_OUTLET,WI0151,002,19.773,ZCTA_NN;R6371;TIE_FIRST_LEX,ZCTA_NN_HAVERSINE;NOT_ELIGIBILITY;NOT_USPS_VALIDITY;NO_INVENTORY
54220,EXACT_IMLS_OUTLET_ZIP,WI0179,002,,EXACT_OUTLET;TIE_FSCSKEY_SEQ,EXACT_OUTLET;NOT_USPS_VALIDITY;NO_INVENTORY
54221,OBSERVED_REFERENCE_INDIRECT_ONLY,,,,INDIRECT_IMLS_SC;NO_FABRICATED_NEAREST,INDIRECT_IMLS_SC;NO_FABRICATED_NEAREST;NOT_REJECTED;NOT_USPS_VALIDITY;NO_INVENTORY
54227,ZCTA_NEAREST_ACTIVE_OUTLET,WI0121,004,7.742,ZCTA_NN;R6371;TIE_FIRST_LEX,ZCTA_NN_HAVERSINE;NOT_ELIGIBILITY;NOT_USPS_VALIDITY;NO_INVENTORY
54228,ZCTA_NEAREST_ACTIVE_OUTLET,WI0121,004,16.262,ZCTA_NN;R6371;TIE_FIRST_LEX,ZCTA_NN_HAVERSINE;NOT_ELIGIBILITY;NOT_USPS_VALIDITY;NO_INVENTORY
54229,ZCTA_NEAREST_ACTIVE_OUTLET,WI0121,005,14.962,ZCTA_NN;R6371;TIE_FIRST_LEX,ZCTA_NN_HAVERSINE;NOT_ELIGIBILITY;NOT_USPS_VALIDITY;NO_INVENTORY
54230,ZCTA_NEAREST_ACTIVE_OUTLET,WI0040,002,12.098,ZCTA_NN;R6371;TIE_FIRST_LEX,ZCTA_NN_HAVERSINE;NOT_ELIGIBILITY;NOT_USPS_VALIDITY;NO_INVENTORY
54232,ZCTA_NEAREST_ACTIVE_OUTLET,WI0152,002,13.705,ZCTA_NN;R6371;TIE_FIRST_LEX,ZCTA_NN_HAVERSINE;NOT_ELIGIBILITY;NOT_USPS_VALIDITY;NO_INVENTORY
54234,EXACT_IMLS_OUTLET_ZIP,WI0312,007,,EXACT_OUTLET;TIE_FSCSKEY_SEQ,EXACT_OUTLET;NOT_USPS_VALIDITY;NO_INVENTORY
54235,EXACT_IMLS_OUTLET_ZIP,WI0312,008,,EXACT_OUTLET;TIE_FSCSKEY_SEQ,EXACT_OUTLET;NOT_USPS_VALIDITY;NO_INVENTORY
54240,OBSERVED_REFERENCE_INDIRECT_ONLY,,,,INDIRECT_IMLS_SC;NO_FABRICATED_NEAREST,INDIRECT_IMLS_SC;NO_FABRICATED_NEAREST;NOT_REJECTED;NOT_USPS_VALIDITY;NO_INVENTORY
54241,EXACT_IMLS_OUTLET_ZIP,WI0325,002,,EXACT_OUTLET;TIE_FSCSKEY_SEQ,EXACT_OUTLET;NOT_USPS_VALIDITY;NO_INVENTORY
54245,ZCTA_NEAREST_ACTIVE_OUTLET,WI0152,002,17.087,ZCTA_NN;R6371;TIE_FIRST_LEX,ZCTA_NN_HAVERSINE;NOT_ELIGIBILITY;NOT_USPS_VALIDITY;NO_INVENTORY
54246,EXACT_IMLS_OUTLET_ZIP,WI0312,009,,EXACT_OUTLET;TIE_FSCSKEY_SEQ,EXACT_OUTLET;NOT_USPS_VALIDITY;NO_INVENTORY
54247,ZCTA_NEAREST_ACTIVE_OUTLET,WI0179,002,16.083,ZCTA_NN;R6371;TIE_FIRST_LEX,ZCTA_NN_HAVERSINE;NOT_ELIGIBILITY;NOT_USPS_VALIDITY;NO_INVENTORY
54301,EXACT_IMLS_OUTLET_ZIP,WI0121,010,,EXACT_OUTLET;TIE_FSCSKEY_SEQ,EXACT_OUTLET;NOT_USPS_VALIDITY;NO_INVENTORY
54302,EXACT_IMLS_OUTLET_ZIP,WI0121,005,,EXACT_OUTLET;TIE_FSCSKEY_SEQ,EXACT_OUTLET;NOT_USPS_VALIDITY;NO_INVENTORY
54303,ZCTA_NEAREST_ACTIVE_OUTLET,WI0121,013,3.505,ZCTA_NN;R6371;TIE_FIRST_LEX,ZCTA_NN_HAVERSINE;NOT_ELIGIBILITY;NOT_USPS_VALIDITY;NO_INVENTORY
54304,EXACT_IMLS_OUTLET_ZIP,WI0121,002,,EXACT_OUTLET;TIE_FSCSKEY_SEQ,EXACT_OUTLET;NOT_USPS_VALIDITY;NO_INVENTORY
54305,OBSERVED_REFERENCE_INDIRECT_ONLY,,,,INDIRECT_IMLS_SC;NO_FABRICATED_NEAREST,INDIRECT_IMLS_SC;NO_FABRICATED_NEAREST;NOT_REJECTED;NOT_USPS_VALIDITY;NO_INVENTORY
54306,OBSERVED_REFERENCE_INDIRECT_ONLY,,,,INDIRECT_IMLS_SC;NO_FABRICATED_NEAREST,INDIRECT_IMLS_SC;NO_FABRICATED_NEAREST;NOT_REJECTED;NOT_USPS_VALIDITY;NO_INVENTORY
54307,ZCTA_NEAREST_ACTIVE_OUTLET,WI0121,014,2.788,ZCTA_NN;R6371;TIE_FIRST_LEX,ZCTA_NN_HAVERSINE;NOT_ELIGIBILITY;NOT_USPS_VALIDITY;NO_INVENTORY
54308,OBSERVED_REFERENCE_INDIRECT_ONLY,,,,INDIRECT_IMLS_SC;NO_FABRICATED_NEAREST,INDIRECT_IMLS_SC;NO_FABRICATED_NEAREST;NOT_REJECTED;NOT_USPS_VALIDITY;NO_INVENTORY
54311,ZCTA_NEAREST_ACTIVE_OUTLET,WI0121,005,6.164,ZCTA_NN;R6371;TIE_FIRST_LEX,ZCTA_NN_HAVERSINE;NOT_ELIGIBILITY;NOT_USPS_VALIDITY;NO_INVENTORY
54313,EXACT_IMLS_OUTLET_ZIP,WI0121,013,,EXACT_OUTLET;TIE_FSCSKEY_SEQ,EXACT_OUTLET;NOT_USPS_VALIDITY;NO_INVENTORY
54324,OBSERVED_REFERENCE_INDIRECT_ONLY,,,,INDIRECT_IMLS_SC;NO_FABRICATED_NEAREST,INDIRECT_IMLS_SC;NO_FABRICATED_NEAREST;NOT_REJECTED;NOT_USPS_VALIDITY;NO_INVENTORY
54344,OBSERVED_REFERENCE_INDIRECT_ONLY,,,,INDIRECT_IMLS_SC;NO_FABRICATED_NEAREST,INDIRECT_IMLS_SC;NO_FABRICATED_NEAREST;NOT_REJECTED;NOT_USPS_VALIDITY;NO_INVENTORY
54401,ZCTA_NEAREST_ACTIVE_OUTLET,WI0341,013,6.275,ZCTA_NN;R6371;TIE_FIRST_LEX,ZCTA_NN_HAVERSINE;NOT_ELIGIBILITY;NOT_USPS_VALIDITY;NO_INVENTORY
54402,OBSERVED_REFERENCE_INDIRECT_ONLY,,,,INDIRECT_IMLS_SC;NO_FABRICATED_NEAREST,INDIRECT_IMLS_SC;NO_FABRICATED_NEAREST;NOT_REJECTED;NOT_USPS_VALIDITY;NO_INVENTORY
54403,EXACT_IMLS_OUTLET_ZIP,WI0341,013,,EXACT_OUTLET;TIE_FSCSKEY_SEQ,EXACT_OUTLET;NOT_USPS_VALIDITY;NO_INVENTORY
54404,OBSERVED_REFERENCE_INDIRECT_ONLY,,,,INDIRECT_IMLS_SC;NO_FABRICATED_NEAREST,INDIRECT_IMLS_SC;NO_FABRICATED_NEAREST;NOT_REJECTED;NOT_USPS_VALIDITY;NO_INVENTORY
54405,EXACT_IMLS_OUTLET_ZIP,WI0001,002,,EXACT_OUTLET;TIE_FSCSKEY_SEQ,EXACT_OUTLET;NOT_USPS_VALIDITY;NO_INVENTORY
54406,EXACT_IMLS_OUTLET_ZIP,WI0008,002,,EXACT_OUTLET;TIE_FSCSKEY_SEQ,EXACT_OUTLET;NOT_USPS_VALIDITY;NO_INVENTORY
54407,ZCTA_NEAREST_ACTIVE_OUTLET,WI0008,002,8.760,ZCTA_NN;R6371;TIE_FIRST_LEX,ZCTA_NN_HAVERSINE;NOT_ELIGIBILITY;NOT_USPS_VALIDITY;NO_INVENTORY
54408,ZCTA_NEAREST_ACTIVE_OUTLET,WI0291,003,14.011,ZCTA_NN;R6371;TIE_FIRST_LEX,ZCTA_NN_HAVERSINE;NOT_ELIGIBILITY;NOT_USPS_VALIDITY;NO_INVENTORY
54409,EXACT_IMLS_OUTLET_ZIP,WI0009,006,,EXACT_OUTLET;TIE_FSCSKEY_SEQ,EXACT_OUTLET;NOT_USPS_VALIDITY;NO_INVENTORY
54410,EXACT_IMLS_OUTLET_ZIP,WI0013,002,,EXACT_OUTLET;TIE_FSCSKEY_SEQ,EXACT_OUTLET;NOT_USPS_VALIDITY;NO_INVENTORY
54411,EXACT_IMLS_OUTLET_ZIP,WI0341,012,,EXACT_OUTLET;TIE_FSCSKEY_SEQ,EXACT_OUTLET;NOT_USPS_VALIDITY;NO_INVENTORY
54412,ZCTA_NEAREST_ACTIVE_OUTLET,WI0013,002,14.765,ZCTA_NN;R6371;TIE_FIRST_LEX,ZCTA_NN_HAVERSINE;NOT_ELIGIBILITY;NOT_USPS_VALIDITY;NO_INVENTORY
54413,ZCTA_NEAREST_ACTIVE_OUTLET,WI0399,002,16.463,ZCTA_NN;R6371;TIE_FIRST_LEX,ZCTA_NN_HAVERSINE;NOT_ELIGIBILITY;NOT_USPS_VALIDITY;NO_INVENTORY
54414,EXACT_IMLS_OUTLET_ZIP,WI0291,003,,EXACT_OUTLET;TIE_FSCSKEY_SEQ,EXACT_OUTLET;NOT_USPS_VALIDITY;NO_INVENTORY
54415,OBSERVED_REFERENCE_INDIRECT_ONLY,,,,INDIRECT_IMLS_SC;NO_FABRICATED_NEAREST,INDIRECT_IMLS_SC;NO_FABRICATED_NEAREST;NOT_REJECTED;NOT_USPS_VALIDITY;NO_INVENTORY
54416,ZCTA_NEAREST_ACTIVE_OUTLET,WI0291,005,15.367,ZCTA_NN;R6371;TIE_FIRST_LEX,ZCTA_NN_HAVERSINE;NOT_ELIGIBILITY;NOT_USPS_VALIDITY;NO_INVENTORY
54417,ZCTA_NEAREST_ACTIVE_OUTLET,WI0341,013,7.744,ZCTA_NN;R6371;TIE_FIRST_LEX,ZCTA_NN_HAVERSINE;NOT_ELIGIBILITY;NOT_USPS_VALIDITY;NO_INVENTORY
54418,ZCTA_NEAREST_ACTIVE_OUTLET,WI0009,006,15.534,ZCTA_NN;R6371;TIE_FIRST_LEX,ZCTA_NN_HAVERSINE;NOT_ELIGIBILITY;NOT_USPS_VALIDITY;NO_INVENTORY
54420,ZCTA_NEAREST_ACTIVE_OUTLET,WI0386,002,9.083,ZCTA_NN;R6371;TIE_FIRST_LEX,ZCTA_NN_HAVERSINE;NOT_ELIGIBILITY;NOT_USPS_VALIDITY;NO_INVENTORY
54421,EXACT_IMLS_OUTLET_ZIP,WI0064,002,,EXACT_OUTLET;TIE_FSCSKEY_SEQ,EXACT_OUTLET;NOT_USPS_VALIDITY;NO_INVENTORY
54422,ZCTA_NEAREST_ACTIVE_OUTLET,WI0381,002,9.380,ZCTA_NN;R6371;TIE_FIRST_LEX,ZCTA_NN_HAVERSINE;NOT_ELIGIBILITY;NOT_USPS_VALIDITY;NO_INVENTORY
54423,ZCTA_NEAREST_ACTIVE_OUTLET,WI0309,004,10.786,ZCTA_NN;R6371;TIE_FIRST_LEX,ZCTA_NN_HAVERSINE;NOT_ELIGIBILITY;NOT_USPS_VALIDITY;NO_INVENTORY
54424,ZCTA_NEAREST_ACTIVE_OUTLET,WI0009,006,16.448,ZCTA_NN;R6371;TIE_FIRST_LEX,ZCTA_NN_HAVERSINE;NOT_ELIGIBILITY;NOT_USPS_VALIDITY;NO_INVENTORY
54425,EXACT_IMLS_OUTLET_ZIP,WI0381,002,,EXACT_OUTLET;TIE_FSCSKEY_SEQ,EXACT_OUTLET;NOT_USPS_VALIDITY;NO_INVENTORY
54426,EXACT_IMLS_OUTLET_ZIP,WI0341,004,,EXACT_OUTLET;TIE_FSCSKEY_SEQ,EXACT_OUTLET;NOT_USPS_VALIDITY;NO_INVENTORY
54427,ZCTA_NEAREST_ACTIVE_OUTLET,WI0291,007,7.083,ZCTA_NN;R6371;TIE_FIRST_LEX,ZCTA_NN_HAVERSINE;NOT_ELIGIBILITY;NOT_USPS_VALIDITY;NO_INVENTORY
54428,EXACT_IMLS_OUTLET_ZIP,WI0009,002,,EXACT_OUTLET;TIE_FSCSKEY_SEQ,EXACT_OUTLET;NOT_USPS_VALIDITY;NO_INVENTORY
54430,ZCTA_NEAREST_ACTIVE_OUTLET,WI0009,004,9.869,ZCTA_NN;R6371;TIE_FIRST_LEX,ZCTA_NN_HAVERSINE;NOT_ELIGIBILITY;NOT_USPS_VALIDITY;NO_INVENTORY
54433,EXACT_IMLS_OUTLET_ZIP,WI0115,002,,EXACT_OUTLET;TIE_FSCSKEY_SEQ,EXACT_OUTLET;NOT_USPS_VALIDITY;NO_INVENTORY
54435,ZCTA_NEAREST_ACTIVE_OUTLET,WI0009,002,22.076,ZCTA_NN;R6371;TIE_FIRST_LEX,ZCTA_NN_HAVERSINE;NOT_ELIGIBILITY;NOT_USPS_VALIDITY;NO_INVENTORY
54436,EXACT_IMLS_OUTLET_ZIP,WI0386,002,,EXACT_OUTLET;TIE_FSCSKEY_SEQ,EXACT_OUTLET;NOT_USPS_VALIDITY;NO_INVENTORY
54437,EXACT_IMLS_OUTLET_ZIP,WI0125,002,,EXACT_OUTLET;TIE_FSCSKEY_SEQ,EXACT_OUTLET;NOT_USPS_VALIDITY;NO_INVENTORY
54440,EXACT_IMLS_OUTLET_ZIP,WI0341,014,,EXACT_OUTLET;TIE_FSCSKEY_SEQ,EXACT_OUTLET;NOT_USPS_VALIDITY;NO_INVENTORY
54441,ZCTA_NEAREST_ACTIVE_OUTLET,WI0184,002,5.892,ZCTA_NN;R6371;TIE_FIRST_LEX,ZCTA_NN_HAVERSINE;NOT_ELIGIBILITY;NOT_USPS_VALIDITY;NO_INVENTORY
54442,ZCTA_NEAREST_ACTIVE_OUTLET,WI0322,002,14.066,ZCTA_NN;R6371;TIE_FIRST_LEX,ZCTA_NN_HAVERSINE;NOT_ELIGIBILITY;NOT_USPS_VALIDITY;NO_INVENTORY
54443,ZCTA_NEAREST_ACTIVE_OUTLET,WI0309,005,16.144,ZCTA_NN;R6371;TIE_FIRST_LEX,ZCTA_NN_HAVERSINE;NOT_ELIGIBILITY;NOT_USPS_VALIDITY;NO_INVENTORY
54446,EXACT_IMLS_OUTLET_ZIP,WI0174,002,,EXACT_OUTLET;TIE_FSCSKEY_SEQ,EXACT_OUTLET;NOT_USPS_VALIDITY;NO_INVENTORY
54447,ZCTA_NEAREST_ACTIVE_OUTLET,WI0115,002,9.543,ZCTA_NN;R6371;TIE_FIRST_LEX,ZCTA_NN_HAVERSINE;NOT_ELIGIBILITY;NOT_USPS_VALIDITY;NO_INVENTORY
54448,EXACT_IMLS_OUTLET_ZIP,WI0341,006,,EXACT_OUTLET;TIE_FSCSKEY_SEQ,EXACT_OUTLET;NOT_USPS_VALIDITY;NO_INVENTORY
54449,EXACT_IMLS_OUTLET_ZIP,WI0184,002,,EXACT_OUTLET;TIE_FSCSKEY_SEQ,EXACT_OUTLET;NOT_USPS_VALIDITY;NO_INVENTORY
54450,EXACT_IMLS_OUTLET_ZIP,WI0291,005,,EXACT_OUTLET;TIE_FSCSKEY_SEQ,EXACT_OUTLET;NOT_USPS_VALIDITY;NO_INVENTORY
54451,EXACT_IMLS_OUTLET_ZIP,WI0188,002,,EXACT_OUTLET;TIE_FSCSKEY_SEQ,EXACT_OUTLET;NOT_USPS_VALIDITY;NO_INVENTORY
54452,EXACT_IMLS_OUTLET_ZIP,WI0395,004,,EXACT_OUTLET;TIE_FSCSKEY_SEQ,EXACT_OUTLET;NOT_USPS_VALIDITY;NO_INVENTORY
54454,ZCTA_NEAREST_ACTIVE_OUTLET,WI0013,002,14.520,ZCTA_NN;R6371;TIE_FIRST_LEX,ZCTA_NN_HAVERSINE;NOT_ELIGIBILITY;NOT_USPS_VALIDITY;NO_INVENTORY
54455,EXACT_IMLS_OUTLET_ZIP,WI0341,005,,EXACT_OUTLET;TIE_FSCSKEY_SEQ,EXACT_OUTLET;NOT_USPS_VALIDITY;NO_INVENTORY
54456,EXACT_IMLS_OUTLET_ZIP,WI0215,002,,EXACT_OUTLET;TIE_FSCSKEY_SEQ,EXACT_OUTLET;NOT_USPS_VALIDITY;NO_INVENTORY
54457,EXACT_IMLS_OUTLET_ZIP,WI0216,002,,EXACT_OUTLET;TIE_FSCSKEY_SEQ,EXACT_OUTLET;NOT_USPS_VALIDITY;NO_INVENTORY
54458,ZCTA_NEAREST_ACTIVE_OUTLET,WI0008,002,5.147,ZCTA_NN;R6371;TIE_FIRST_LEX,ZCTA_NN_HAVERSINE;NOT_ELIGIBILITY;NOT_USPS_VALIDITY;NO_INVENTORY
54459,EXACT_IMLS_OUTLET_ZIP,WI0232,002,,EXACT_OUTLET;TIE_FSCSKEY_SEQ,EXACT_OUTLET;NOT_USPS_VALIDITY;NO_INVENTORY
54460,EXACT_IMLS_OUTLET_ZIP,WI0241,002,,EXACT_OUTLET;TIE_FSCSKEY_SEQ,EXACT_OUTLET;NOT_USPS_VALIDITY;NO_INVENTORY
54462,ZCTA_NEAREST_ACTIVE_OUTLET,WI0009,002,14.834,ZCTA_NN;R6371;TIE_FIRST_LEX,ZCTA_NN_HAVERSINE;NOT_ELIGIBILITY;NOT_USPS_VALIDITY;NO_INVENTORY
54463,ZCTA_NEAREST_ACTIVE_OUTLET,WI0009,002,7.199,ZCTA_NN;R6371;TIE_FIRST_LEX,ZCTA_NN_HAVERSINE;NOT_ELIGIBILITY;NOT_USPS_VALIDITY;NO_INVENTORY
54464,ZCTA_NEAREST_ACTIVE_OUTLET,WI0291,005,5.990,ZCTA_NN;R6371;TIE_FIRST_LEX,ZCTA_NN_HAVERSINE;NOT_ELIGIBILITY;NOT_USPS_VALIDITY;NO_INVENTORY
54465,ZCTA_NEAREST_ACTIVE_OUTLET,WI0331,002,17.394,ZCTA_NN;R6371;TIE_FIRST_LEX,ZCTA_NN_HAVERSINE;NOT_ELIGIBILITY;NOT_USPS_VALIDITY;NO_INVENTORY
54466,EXACT_IMLS_OUTLET_ZIP,WI0399,002,,EXACT_OUTLET;TIE_FSCSKEY_SEQ,EXACT_OUTLET;NOT_USPS_VALIDITY;NO_INVENTORY
54467,EXACT_IMLS_OUTLET_ZIP,WI0309,003,,EXACT_OUTLET;TIE_FSCSKEY_SEQ,EXACT_OUTLET;NOT_USPS_VALIDITY;NO_INVENTORY
54469,ZCTA_NEAREST_ACTIVE_OUTLET,WI0216,002,4.361,ZCTA_NN;R6371;TIE_FIRST_LEX,ZCTA_NN_HAVERSINE;NOT_ELIGIBILITY;NOT_USPS_VALIDITY;NO_INVENTORY
54470,EXACT_IMLS_OUTLET_ZIP,WI0274,002,,EXACT_OUTLET;TIE_FSCSKEY_SEQ,EXACT_OUTLET;NOT_USPS_VALIDITY;NO_INVENTORY
54471,ZCTA_NEAREST_ACTIVE_OUTLET,WI0341,014,8.232,ZCTA_NN;R6371;TIE_FIRST_LEX,ZCTA_NN_HAVERSINE;NOT_ELIGIBILITY;NOT_USPS_VALIDITY;NO_INVENTORY
54473,EXACT_IMLS_OUTLET_ZIP,WI0309,004,,EXACT_OUTLET;TIE_FSCSKEY_SEQ,EXACT_OUTLET;NOT_USPS_VALIDITY;NO_INVENTORY
54474,EXACT_IMLS_OUTLET_ZIP,WI0341,007,,EXACT_OUTLET;TIE_FSCSKEY_SEQ,EXACT_OUTLET;NOT_USPS_VALIDITY;NO_INVENTORY
54475,ZCTA_NEAREST_ACTIVE_OUTLET,WI0360,002,10.938,ZCTA_NN;R6371;TIE_FIRST_LEX,ZCTA_NN_HAVERSINE;NOT_ELIGIBILITY;NOT_USPS_VALIDITY;NO_INVENTORY
54476,ZCTA_NEAREST_ACTIVE_OUTLET,WI0341,007,8.229,ZCTA_NN;R6371;TIE_FIRST_LEX,ZCTA_NN_HAVERSINE;NOT_ELIGIBILITY;NOT_USPS_VALIDITY;NO_INVENTORY
54479,EXACT_IMLS_OUTLET_ZIP,WI0341,009,,EXACT_OUTLET;TIE_FSCSKEY_SEQ,EXACT_OUTLET;NOT_USPS_VALIDITY;NO_INVENTORY
54480,EXACT_IMLS_OUTLET_ZIP,WI0308,002,,EXACT_OUTLET;TIE_FSCSKEY_SEQ,EXACT_OUTLET;NOT_USPS_VALIDITY;NO_INVENTORY
54481,EXACT_IMLS_OUTLET_ZIP,WI0309,005,,EXACT_OUTLET;TIE_FSCSKEY_SEQ,EXACT_OUTLET;NOT_USPS_VALIDITY;NO_INVENTORY
54482,ZCTA_NEAREST_ACTIVE_OUTLET,WI0309,005,6.626,ZCTA_NN;R6371;TIE_FIRST_LEX,ZCTA_NN_HAVERSINE;NOT_ELIGIBILITY;NOT_USPS_VALIDITY;NO_INVENTORY
54484,EXACT_IMLS_OUTLET_ZIP,WI0341,010,,EXACT_OUTLET;TIE_FSCSKEY_SEQ,EXACT_OUTLET;NOT_USPS_VALIDITY;NO_INVENTORY
54485,ZCTA_NEAREST_ACTIVE_OUTLET,WI0009,002,6.421,ZCTA_NN;R6371;TIE_FIRST_LEX,ZCTA_NN_HAVERSINE;NOT_ELIGIBILITY;NOT_USPS_VALIDITY;NO_INVENTORY
54486,EXACT_IMLS_OUTLET_ZIP,WI0291,006,,EXACT_OUTLET;TIE_FSCSKEY_SEQ,EXACT_OUTLET;NOT_USPS_VALIDITY;NO_INVENTORY
54487,EXACT_IMLS_OUTLET_ZIP,WI0322,002,,EXACT_OUTLET;TIE_FSCSKEY_SEQ,EXACT_OUTLET;NOT_USPS_VALIDITY;NO_INVENTORY
54488,ZCTA_NEAREST_ACTIVE_OUTLET,WI0064,002,7.614,ZCTA_NN;R6371;TIE_FIRST_LEX,ZCTA_NN_HAVERSINE;NOT_ELIGIBILITY;NOT_USPS_VALIDITY;NO_INVENTORY
54489,EXACT_IMLS_OUTLET_ZIP,WI0328,002,,EXACT_OUTLET;TIE_FSCSKEY_SEQ,EXACT_OUTLET;NOT_USPS_VALIDITY;NO_INVENTORY
54490,EXACT_IMLS_OUTLET_ZIP,WI0346,002,,EXACT_OUTLET;TIE_FSCSKEY_SEQ,EXACT_OUTLET;NOT_USPS_VALIDITY;NO_INVENTORY
54491,EXACT_IMLS_OUTLET_ZIP,WI0009,004,,EXACT_OUTLET;TIE_FSCSKEY_SEQ,EXACT_OUTLET;NOT_USPS_VALIDITY;NO_INVENTORY
54493,ZCTA_NEAREST_ACTIVE_OUTLET,WI0100,002,16.261,ZCTA_NN;R6371;TIE_FIRST_LEX,ZCTA_NN_HAVERSINE;NOT_ELIGIBILITY;NOT_USPS_VALIDITY;NO_INVENTORY
54494,EXACT_IMLS_OUTLET_ZIP,WI0360,002,,EXACT_OUTLET;TIE_FSCSKEY_SEQ,EXACT_OUTLET;NOT_USPS_VALIDITY;NO_INVENTORY
54495,ZCTA_NEAREST_ACTIVE_OUTLET,WI0216,002,9.737,ZCTA_NN;R6371;TIE_FIRST_LEX,ZCTA_NN_HAVERSINE;NOT_ELIGIBILITY;NOT_USPS_VALIDITY;NO_INVENTORY
54498,EXACT_IMLS_OUTLET_ZIP,WI0361,002,,EXACT_OUTLET;TIE_FSCSKEY_SEQ,EXACT_OUTLET;NOT_USPS_VALIDITY;NO_INVENTORY
54499,EXACT_IMLS_OUTLET_ZIP,WI0291,007,,EXACT_OUTLET;TIE_FSCSKEY_SEQ,EXACT_OUTLET;NOT_USPS_VALIDITY;NO_INVENTORY
54501,EXACT_IMLS_OUTLET_ZIP,WI0273,002,,EXACT_OUTLET;TIE_FSCSKEY_SEQ,EXACT_OUTLET;NOT_USPS_VALIDITY;NO_INVENTORY
54511,ZCTA_NEAREST_ACTIVE_OUTLET,WI0068,002,19.913,ZCTA_NN;R6371;TIE_FIRST_LEX,ZCTA_NN_HAVERSINE;NOT_ELIGIBILITY;NOT_USPS_VALIDITY;NO_INVENTORY
54512,EXACT_IMLS_OUTLET_ZIP,WI0037,002,,EXACT_OUTLET;TIE_FSCSKEY_SEQ,EXACT_OUTLET;NOT_USPS_VALIDITY;NO_INVENTORY
54513,ZCTA_NEAREST_ACTIVE_OUTLET,WI0232,002,19.109,ZCTA_NN;R6371;TIE_FIRST_LEX,ZCTA_NN_HAVERSINE;NOT_ELIGIBILITY;NOT_USPS_VALIDITY;NO_INVENTORY
54514,ZCTA_NEAREST_ACTIVE_OUTLET,WI0246,002,11.323,ZCTA_NN;R6371;TIE_FIRST_LEX,ZCTA_NN_HAVERSINE;NOT_ELIGIBILITY;NOT_USPS_VALIDITY;NO_INVENTORY
54515,ZCTA_NEAREST_ACTIVE_OUTLET,WI0232,002,17.130,ZCTA_NN;R6371;TIE_FIRST_LEX,ZCTA_NN_HAVERSINE;NOT_ELIGIBILITY;NOT_USPS_VALIDITY;NO_INVENTORY
54517,ZCTA_NEAREST_ACTIVE_OUTLET,WI0047,002,29.191,ZCTA_NN;R6371;TIE_FIRST_LEX,ZCTA_NN_HAVERSINE;NOT_ELIGIBILITY;NOT_USPS_VALIDITY;NO_INVENTORY
54519,ZCTA_NEAREST_ACTIVE_OUTLET,WI0166,002,12.450,ZCTA_NN;R6371;TIE_FIRST_LEX,ZCTA_NN_HAVERSINE;NOT_ELIGIBILITY;NOT_USPS_VALIDITY;NO_INVENTORY
54520,EXACT_IMLS_OUTLET_ZIP,WI0068,002,,EXACT_OUTLET;TIE_FSCSKEY_SEQ,EXACT_OUTLET;NOT_USPS_VALIDITY;NO_INVENTORY
54521,EXACT_IMLS_OUTLET_ZIP,WI0088,002,,EXACT_OUTLET;TIE_FSCSKEY_SEQ,EXACT_OUTLET;NOT_USPS_VALIDITY;NO_INVENTORY
54524,ZCTA_NEAREST_ACTIVE_OUTLET,WI0246,002,12.782,ZCTA_NN;R6371;TIE_FIRST_LEX,ZCTA_NN_HAVERSINE;NOT_ELIGIBILITY;NOT_USPS_VALIDITY;NO_INVENTORY
54525,ZCTA_NEAREST_ACTIVE_OUTLET,WI0138,002,3.718,ZCTA_NN;R6371;TIE_FIRST_LEX,ZCTA_NN_HAVERSINE;NOT_ELIGIBILITY;NOT_USPS_VALIDITY;NO_INVENTORY
54526,ZCTA_NEAREST_ACTIVE_OUTLET,WI0387,002,11.257,ZCTA_NN;R6371;TIE_FIRST_LEX,ZCTA_NN_HAVERSINE;NOT_ELIGIBILITY;NOT_USPS_VALIDITY;NO_INVENTORY
54527,ZCTA_NEAREST_ACTIVE_OUTLET,WI0189,002,22.413,ZCTA_NN;R6371;TIE_FIRST_LEX,ZCTA_NN_HAVERSINE;NOT_ELIGIBILITY;NOT_USPS_VALIDITY;NO_INVENTORY
54529,ZCTA_NEAREST_ACTIVE_OUTLET,WI0273,002,20.339,ZCTA_NN;R6371;TIE_FIRST_LEX,ZCTA_NN_HAVERSINE;NOT_ELIGIBILITY;NOT_USPS_VALIDITY;NO_INVENTORY
54530,EXACT_IMLS_OUTLET_ZIP,WI0387,002,,EXACT_OUTLET;TIE_FSCSKEY_SEQ,EXACT_OUTLET;NOT_USPS_VALIDITY;NO_INVENTORY
54531,ZCTA_NEAREST_ACTIVE_OUTLET,WI0201,002,14.069,ZCTA_NN;R6371;TIE_FIRST_LEX,ZCTA_NN_HAVERSINE;NOT_ELIGIBILITY;NOT_USPS_VALIDITY;NO_INVENTORY
54534,EXACT_IMLS_OUTLET_ZIP,WI0138,002,,EXACT_OUTLET;TIE_FSCSKEY_SEQ,EXACT_OUTLET;NOT_USPS_VALIDITY;NO_INVENTORY
54536,ZCTA_NEAREST_ACTIVE_OUTLET,WI0138,002,16.592,ZCTA_NN;R6371;TIE_FIRST_LEX,ZCTA_NN_HAVERSINE;NOT_ELIGIBILITY;NOT_USPS_VALIDITY;NO_INVENTORY
54537,ZCTA_NEAREST_ACTIVE_OUTLET,WI0387,002,9.072,ZCTA_NN;R6371;TIE_FIRST_LEX,ZCTA_NN_HAVERSINE;NOT_ELIGIBILITY;NOT_USPS_VALIDITY;NO_INVENTORY
54538,EXACT_IMLS_OUTLET_ZIP,WI0158,002,,EXACT_OUTLET;TIE_FSCSKEY_SEQ,EXACT_OUTLET;NOT_USPS_VALIDITY;NO_INVENTORY
54539,ZCTA_NEAREST_ACTIVE_OUTLET,WI0201,002,12.116,ZCTA_NN;R6371;TIE_FIRST_LEX,ZCTA_NN_HAVERSINE;NOT_ELIGIBILITY;NOT_USPS_VALIDITY;NO_INVENTORY
54540,EXACT_IMLS_OUTLET_ZIP,WI0166,002,,EXACT_OUTLET;TIE_FSCSKEY_SEQ,EXACT_OUTLET;NOT_USPS_VALIDITY;NO_INVENTORY
54541,EXACT_IMLS_OUTLET_ZIP,WI0167,002,,EXACT_OUTLET;TIE_FSCSKEY_SEQ,EXACT_OUTLET;NOT_USPS_VALIDITY;NO_INVENTORY
54542,ZCTA_NEAREST_ACTIVE_OUTLET,MI0364,002,20.412,ZCTA_NN;R6371;TIE_FIRST_LEX,ZCTA_NN_HAVERSINE;NOT_ELIGIBILITY;NOT_USPS_VALIDITY;NO_INVENTORY
54543,OBSERVED_REFERENCE_INDIRECT_ONLY,,,,INDIRECT_IMLS_SC;NO_FABRICATED_NEAREST,INDIRECT_IMLS_SC;NO_FABRICATED_NEAREST;NOT_REJECTED;NOT_USPS_VALIDITY;NO_INVENTORY
54545,EXACT_IMLS_OUTLET_ZIP,WI0369,002,,EXACT_OUTLET;TIE_FSCSKEY_SEQ,EXACT_OUTLET;NOT_USPS_VALIDITY;NO_INVENTORY
54546,EXACT_IMLS_OUTLET_ZIP,WI0189,002,,EXACT_OUTLET;TIE_FSCSKEY_SEQ,EXACT_OUTLET;NOT_USPS_VALIDITY;NO_INVENTORY
54547,EXACT_IMLS_OUTLET_ZIP,WI0194,002,,EXACT_OUTLET;TIE_FSCSKEY_SEQ,EXACT_OUTLET;NOT_USPS_VALIDITY;NO_INVENTORY
54548,EXACT_IMLS_OUTLET_ZIP,WI0201,002,,EXACT_OUTLET;TIE_FSCSKEY_SEQ,EXACT_OUTLET;NOT_USPS_VALIDITY;NO_INVENTORY
54550,ZCTA_NEAREST_ACTIVE_OUTLET,WI0138,002,13.073,ZCTA_NN;R6371;TIE_FIRST_LEX,ZCTA_NN_HAVERSINE;NOT_ELIGIBILITY;NOT_USPS_VALIDITY;NO_INVENTORY
54552,EXACT_IMLS_OUTLET_ZIP,WI0246,002,,EXACT_OUTLET;TIE_FSCSKEY_SEQ,EXACT_OUTLET;NOT_USPS_VALIDITY;NO_INVENTORY
54554,EXACT_IMLS_OUTLET_ZIP,WI0249,002,,EXACT_OUTLET;TIE_FSCSKEY_SEQ,EXACT_OUTLET;NOT_USPS_VALIDITY;NO_INVENTORY
54555,EXACT_IMLS_OUTLET_ZIP,WI0250,002,,EXACT_OUTLET;TIE_FSCSKEY_SEQ,EXACT_OUTLET;NOT_USPS_VALIDITY;NO_INVENTORY
54556,ZCTA_NEAREST_ACTIVE_OUTLET,WI0232,002,10.019,ZCTA_NN;R6371;TIE_FIRST_LEX,ZCTA_NN_HAVERSINE;NOT_ELIGIBILITY;NOT_USPS_VALIDITY;NO_INVENTORY
54557,EXACT_IMLS_OUTLET_ZIP,WI0266,002,,EXACT_OUTLET;TIE_FSCSKEY_SEQ,EXACT_OUTLET;NOT_USPS_VALIDITY;NO_INVENTORY
54558,ZCTA_NEAREST_ACTIVE_OUTLET,WI0404,002,7.494,ZCTA_NN;R6371;TIE_FIRST_LEX,ZCTA_NN_HAVERSINE;NOT_ELIGIBILITY;NOT_USPS_VALIDITY;NO_INVENTORY
54559,ZCTA_NEAREST_ACTIVE_OUTLET,WI0189,002,22.586,ZCTA_NN;R6371;TIE_FIRST_LEX,ZCTA_NN_HAVERSINE;NOT_ELIGIBILITY;NOT_USPS_VALIDITY;NO_INVENTORY
54560,EXACT_IMLS_OUTLET_ZIP,WI0404,002,,EXACT_OUTLET;TIE_FSCSKEY_SEQ,EXACT_OUTLET;NOT_USPS_VALIDITY;NO_INVENTORY
54561,ZCTA_NEAREST_ACTIVE_OUTLET,WI0404,002,12.145,ZCTA_NN;R6371;TIE_FIRST_LEX,ZCTA_NN_HAVERSINE;NOT_ELIGIBILITY;NOT_USPS_VALIDITY;NO_INVENTORY
54562,EXACT_IMLS_OUTLET_ZIP,WI0320,002,,EXACT_OUTLET;TIE_FSCSKEY_SEQ,EXACT_OUTLET;NOT_USPS_VALIDITY;NO_INVENTORY
54563,ZCTA_NEAREST_ACTIVE_OUTLET,WI0160,002,10.553,ZCTA_NN;R6371;TIE_FIRST_LEX,ZCTA_NN_HAVERSINE;NOT_ELIGIBILITY;NOT_USPS_VALIDITY;NO_INVENTORY
54564,ZCTA_NEAREST_ACTIVE_OUTLET,WI0322,002,22.890,ZCTA_NN;R6371;TIE_FIRST_LEX,ZCTA_NN_HAVERSINE;NOT_ELIGIBILITY;NOT_USPS_VALIDITY;NO_INVENTORY
54565,ZCTA_NEAREST_ACTIVE_OUTLET,WI0189,002,15.589,ZCTA_NN;R6371;TIE_FIRST_LEX,ZCTA_NN_HAVERSINE;NOT_ELIGIBILITY;NOT_USPS_VALIDITY;NO_INVENTORY
54566,EXACT_IMLS_OUTLET_ZIP,WI0331,002,,EXACT_OUTLET;TIE_FSCSKEY_SEQ,EXACT_OUTLET;NOT_USPS_VALIDITY;NO_INVENTORY
54568,ZCTA_NEAREST_ACTIVE_OUTLET,WI0201,002,10.465,ZCTA_NN;R6371;TIE_FIRST_LEX,ZCTA_NN_HAVERSINE;NOT_ELIGIBILITY;NOT_USPS_VALIDITY;NO_INVENTORY
54601,EXACT_IMLS_OUTLET_ZIP,WI0159,004,,EXACT_OUTLET;TIE_FSCSKEY_SEQ,EXACT_OUTLET;NOT_USPS_VALIDITY;NO_INVENTORY
54602,OBSERVED_REFERENCE_INDIRECT_ONLY,,,,INDIRECT_IMLS_SC;NO_FABRICATED_NEAREST,INDIRECT_IMLS_SC;NO_FABRICATED_NEAREST;NOT_REJECTED;NOT_USPS_VALIDITY;NO_INVENTORY
54603,EXACT_IMLS_OUTLET_ZIP,WI0159,002,,EXACT_OUTLET;TIE_FSCSKEY_SEQ,EXACT_OUTLET;NOT_USPS_VALIDITY;NO_INVENTORY
54610,EXACT_IMLS_OUTLET_ZIP,WI0005,002,,EXACT_OUTLET;TIE_FSCSKEY_SEQ,EXACT_OUTLET;NOT_USPS_VALIDITY;NO_INVENTORY
54611,ZCTA_NEAREST_ACTIVE_OUTLET,WI0100,002,17.166,ZCTA_NN;R6371;TIE_FIRST_LEX,ZCTA_NN_HAVERSINE;NOT_ELIGIBILITY;NOT_USPS_VALIDITY;NO_INVENTORY
54612,EXACT_IMLS_OUTLET_ZIP,WI0011,002,,EXACT_OUTLET;TIE_FSCSKEY_SEQ,EXACT_OUTLET;NOT_USPS_VALIDITY;NO_INVENTORY
54613,ZCTA_NEAREST_ACTIVE_OUTLET,WI0213,002,13.797,ZCTA_NN;R6371;TIE_FIRST_LEX,ZCTA_NN_HAVERSINE;NOT_ELIGIBILITY;NOT_USPS_VALIDITY;NO_INVENTORY
54614,EXACT_IMLS_OUTLET_ZIP,WI0390,002,,EXACT_OUTLET;TIE_FSCSKEY_SEQ,EXACT_OUTLET;NOT_USPS_VALIDITY;NO_INVENTORY
54615,EXACT_IMLS_OUTLET_ZIP,WI0031,002,,EXACT_OUTLET;TIE_FSCSKEY_SEQ,EXACT_OUTLET;NOT_USPS_VALIDITY;NO_INVENTORY
54616,EXACT_IMLS_OUTLET_ZIP,WI0376,002,,EXACT_OUTLET;TIE_FSCSKEY_SEQ,EXACT_OUTLET;NOT_USPS_VALIDITY;NO_INVENTORY
54618,ZCTA_NEAREST_ACTIVE_OUTLET,WI0221,002,13.543,ZCTA_NN;R6371;TIE_FIRST_LEX,ZCTA_NN_HAVERSINE;NOT_ELIGIBILITY;NOT_USPS_VALIDITY;NO_INVENTORY
54619,EXACT_IMLS_OUTLET_ZIP,WI0416,003,,EXACT_OUTLET;TIE_FSCSKEY_SEQ,EXACT_OUTLET;NOT_USPS_VALIDITY;NO_INVENTORY
54621,ZCTA_NEAREST_ACTIVE_OUTLET,WI9019,001,8.338,ZCTA_NN;R6371;TIE_FIRST_LEX,ZCTA_NN_HAVERSINE;NOT_ELIGIBILITY;NOT_USPS_VALIDITY;NO_INVENTORY
54622,ZCTA_NEAREST_ACTIVE_OUTLET,WI0005,002,12.779,ZCTA_NN;R6371;TIE_FIRST_LEX,ZCTA_NN_HAVERSINE;NOT_ELIGIBILITY;NOT_USPS_VALIDITY;NO_INVENTORY
54623,EXACT_IMLS_OUTLET_ZIP,WI9019,001,,EXACT_OUTLET;TIE_FSCSKEY_SEQ,EXACT_OUTLET;NOT_USPS_VALIDITY;NO_INVENTORY
54624,EXACT_IMLS_OUTLET_ZIP,WI0081,002,,EXACT_OUTLET;TIE_FSCSKEY_SEQ,EXACT_OUTLET;NOT_USPS_VALIDITY;NO_INVENTORY
54625,ZCTA_NEAREST_ACTIVE_OUTLET,WI0011,002,12.545,ZCTA_NN;R6371;TIE_FIRST_LEX,ZCTA_NN_HAVERSINE;NOT_ELIGIBILITY;NOT_USPS_VALIDITY;NO_INVENTORY
54626,ZCTA_NEAREST_ACTIVE_OUTLET,IA0550,002,8.085,ZCTA_NN;R6371;TIE_FIRST_LEX,ZCTA_NN_HAVERSINE;NOT_ELIGIBILITY;NOT_USPS_VALIDITY;NO_INVENTORY
54627,EXACT_IMLS_OUTLET_ZIP,WI9017,001,,EXACT_OUTLET;TIE_FSCSKEY_SEQ,EXACT_OUTLET;NOT_USPS_VALIDITY;NO_INVENTORY
54628,ZCTA_NEAREST_ACTIVE_OUTLET,WI0081,002,14.961,ZCTA_NN;R6371;TIE_FIRST_LEX,ZCTA_NN_HAVERSINE;NOT_ELIGIBILITY;NOT_USPS_VALIDITY;NO_INVENTORY
54629,ZCTA_NEAREST_ACTIVE_OUTLET,MN0097,002,13.647,ZCTA_NN;R6371;TIE_FIRST_LEX,ZCTA_NN_HAVERSINE;NOT_ELIGIBILITY;NOT_USPS_VALIDITY;NO_INVENTORY
54630,EXACT_IMLS_OUTLET_ZIP,WI0110,002,,EXACT_OUTLET;TIE_FSCSKEY_SEQ,EXACT_OUTLET;NOT_USPS_VALIDITY;NO_INVENTORY
54631,EXACT_IMLS_OUTLET_ZIP,WI0111,002,,EXACT_OUTLET;TIE_FSCSKEY_SEQ,EXACT_OUTLET;NOT_USPS_VALIDITY;NO_INVENTORY
54632,ZCTA_NEAREST_ACTIVE_OUTLET,IA0149,002,13.514,ZCTA_NN;R6371;TIE_FIRST_LEX,ZCTA_NN_HAVERSINE;NOT_ELIGIBILITY;NOT_USPS_VALIDITY;NO_INVENTORY
54634,EXACT_IMLS_OUTLET_ZIP,WI0134,002,,EXACT_OUTLET;TIE_FSCSKEY_SEQ,EXACT_OUTLET;NOT_USPS_VALIDITY;NO_INVENTORY
54635,ZCTA_NEAREST_ACTIVE_OUTLET,WI9018,001,10.838,ZCTA_NN;R6371;TIE_FIRST_LEX,ZCTA_NN_HAVERSINE;NOT_ELIGIBILITY;NOT_USPS_VALIDITY;NO_INVENTORY
54636,EXACT_IMLS_OUTLET_ZIP,WI0390,004,,EXACT_OUTLET;TIE_FSCSKEY_SEQ,EXACT_OUTLET;NOT_USPS_VALIDITY;NO_INVENTORY
54637,ZCTA_NEAREST_ACTIVE_OUTLET,WI0221,002,8.354,ZCTA_NN;R6371;TIE_FIRST_LEX,ZCTA_NN_HAVERSINE;NOT_ELIGIBILITY;NOT_USPS_VALIDITY;NO_INVENTORY
54638,EXACT_IMLS_OUTLET_ZIP,WI0147,002,,EXACT_OUTLET;TIE_FSCSKEY_SEQ,EXACT_OUTLET;NOT_USPS_VALIDITY;NO_INVENTORY
54639,EXACT_IMLS_OUTLET_ZIP,WI0161,002,,EXACT_OUTLET;TIE_FSCSKEY_SEQ,EXACT_OUTLET;NOT_USPS_VALIDITY;NO_INVENTORY
54642,ZCTA_NEAREST_ACTIVE_OUTLET,WI9017,001,17.794,ZCTA_NN;R6371;TIE_FIRST_LEX,ZCTA_NN_HAVERSINE;NOT_ELIGIBILITY;NOT_USPS_VALIDITY;NO_INVENTORY
54643,ZCTA_NEAREST_ACTIVE_OUTLET,WI0031,002,20.995,ZCTA_NN;R6371;TIE_FIRST_LEX,ZCTA_NN_HAVERSINE;NOT_ELIGIBILITY;NOT_USPS_VALIDITY;NO_INVENTORY
54644,ZCTA_NEAREST_ACTIVE_OUTLET,WI0390,006,15.384,ZCTA_NN;R6371;TIE_FIRST_LEX,ZCTA_NN_HAVERSINE;NOT_ELIGIBILITY;NOT_USPS_VALIDITY;NO_INVENTORY
54645,ZCTA_NEAREST_ACTIVE_OUTLET,WI0111,002,7.400,ZCTA_NN;R6371;TIE_FIRST_LEX,ZCTA_NN_HAVERSINE;NOT_ELIGIBILITY;NOT_USPS_VALIDITY;NO_INVENTORY
54646,EXACT_IMLS_OUTLET_ZIP,WI0213,002,,EXACT_OUTLET;TIE_FSCSKEY_SEQ,EXACT_OUTLET;NOT_USPS_VALIDITY;NO_INVENTORY
54648,EXACT_IMLS_OUTLET_ZIP,WI0419,002,,EXACT_OUTLET;TIE_FSCSKEY_SEQ,EXACT_OUTLET;NOT_USPS_VALIDITY;NO_INVENTORY
54649,OBSERVED_REFERENCE_INDIRECT_ONLY,,,,INDIRECT_IMLS_SC;NO_FABRICATED_NEAREST,INDIRECT_IMLS_SC;NO_FABRICATED_NEAREST;NOT_REJECTED;NOT_USPS_VALIDITY;NO_INVENTORY
54650,EXACT_IMLS_OUTLET_ZIP,WI0390,005,,EXACT_OUTLET;TIE_FSCSKEY_SEQ,EXACT_OUTLET;NOT_USPS_VALIDITY;NO_INVENTORY
54651,EXACT_IMLS_OUTLET_ZIP,WI0234,002,,EXACT_OUTLET;TIE_FSCSKEY_SEQ,EXACT_OUTLET;NOT_USPS_VALIDITY;NO_INVENTORY
54652,EXACT_IMLS_OUTLET_ZIP,WI0410,002,,EXACT_OUTLET;TIE_FSCSKEY_SEQ,EXACT_OUTLET;NOT_USPS_VALIDITY;NO_INVENTORY
54653,ZCTA_NEAREST_ACTIVE_OUTLET,WI0390,002,9.656,ZCTA_NN;R6371;TIE_FIRST_LEX,ZCTA_NN_HAVERSINE;NOT_ELIGIBILITY;NOT_USPS_VALIDITY;NO_INVENTORY
54654,ZCTA_NEAREST_ACTIVE_OUTLET,WI0111,002,11.581,ZCTA_NN;R6371;TIE_FIRST_LEX,ZCTA_NN_HAVERSINE;NOT_ELIGIBILITY;NOT_USPS_VALIDITY;NO_INVENTORY
54655,EXACT_IMLS_OUTLET_ZIP,WI0299,002,,EXACT_OUTLET;TIE_FSCSKEY_SEQ,EXACT_OUTLET;NOT_USPS_VALIDITY;NO_INVENTORY
54656,EXACT_IMLS_OUTLET_ZIP,WI0302,002,,EXACT_OUTLET;TIE_FSCSKEY_SEQ,EXACT_OUTLET;NOT_USPS_VALIDITY;NO_INVENTORY
54657,ZCTA_NEAREST_ACTIVE_OUTLET,WI0111,002,15.604,ZCTA_NN;R6371;TIE_FIRST_LEX,ZCTA_NN_HAVERSINE;NOT_ELIGIBILITY;NOT_USPS_VALIDITY;NO_INVENTORY
54658,ZCTA_NEAREST_ACTIVE_OUTLET,WI9019,001,14.155,ZCTA_NN;R6371;TIE_FIRST_LEX,ZCTA_NN_HAVERSINE;NOT_ELIGIBILITY;NOT_USPS_VALIDITY;NO_INVENTORY
54659,EXACT_IMLS_OUTLET_ZIP,WI9018,001,,EXACT_OUTLET;TIE_FSCSKEY_SEQ,EXACT_OUTLET;NOT_USPS_VALIDITY;NO_INVENTORY
54660,EXACT_IMLS_OUTLET_ZIP,WI0321,002,,EXACT_OUTLET;TIE_FSCSKEY_SEQ,EXACT_OUTLET;NOT_USPS_VALIDITY;NO_INVENTORY
54661,EXACT_IMLS_OUTLET_ZIP,WI0323,002,,EXACT_OUTLET;TIE_FSCSKEY_SEQ,EXACT_OUTLET;NOT_USPS_VALIDITY;NO_INVENTORY
54664,EXACT_IMLS_OUTLET_ZIP,WI0329,002,,EXACT_OUTLET;TIE_FSCSKEY_SEQ,EXACT_OUTLET;NOT_USPS_VALIDITY;NO_INVENTORY
54665,EXACT_IMLS_OUTLET_ZIP,WI0330,002,,EXACT_OUTLET;TIE_FSCSKEY_SEQ,EXACT_OUTLET;NOT_USPS_VALIDITY;NO_INVENTORY
54666,ZCTA_NEAREST_ACTIVE_OUTLET,WI0321,002,21.608,ZCTA_NN;R6371;TIE_FIRST_LEX,ZCTA_NN_HAVERSINE;NOT_ELIGIBILITY;NOT_USPS_VALIDITY;NO_INVENTORY
54667,EXACT_IMLS_OUTLET_ZIP,WI0347,002,,EXACT_OUTLET;TIE_FSCSKEY_SEQ,EXACT_OUTLET;NOT_USPS_VALIDITY;NO_INVENTORY
54669,EXACT_IMLS_OUTLET_ZIP,WI0390,006,,EXACT_OUTLET;TIE_FSCSKEY_SEQ,EXACT_OUTLET;NOT_USPS_VALIDITY;NO_INVENTORY
54670,EXACT_IMLS_OUTLET_ZIP,WI0355,002,,EXACT_OUTLET;TIE_FSCSKEY_SEQ,EXACT_OUTLET;NOT_USPS_VALIDITY;NO_INVENTORY
54701,EXACT_IMLS_OUTLET_ZIP,WI0090,002,,EXACT_OUTLET;TIE_FSCSKEY_SEQ,EXACT_OUTLET;NOT_USPS_VALIDITY;NO_INVENTORY
54702,OBSERVED_REFERENCE_INDIRECT_ONLY,,,,INDIRECT_IMLS_SC;NO_FABRICATED_NEAREST,INDIRECT_IMLS_SC;NO_FABRICATED_NEAREST;NOT_REJECTED;NOT_USPS_VALIDITY;NO_INVENTORY
54703,ZCTA_NEAREST_ACTIVE_OUTLET,WI0090,002,2.964,ZCTA_NN;R6371;TIE_FIRST_LEX,ZCTA_NN_HAVERSINE;NOT_ELIGIBILITY;NOT_USPS_VALIDITY;NO_INVENTORY
54720,EXACT_IMLS_OUTLET_ZIP,WI0006,002,,EXACT_OUTLET;TIE_FSCSKEY_SEQ,EXACT_OUTLET;NOT_USPS_VALIDITY;NO_INVENTORY
54721,ZCTA_NEAREST_ACTIVE_OUTLET,WI0256,002,8.702,ZCTA_NN;R6371;TIE_FIRST_LEX,ZCTA_NN_HAVERSINE;NOT_ELIGIBILITY;NOT_USPS_VALIDITY;NO_INVENTORY
54722,EXACT_IMLS_OUTLET_ZIP,WI0015,002,,EXACT_OUTLET;TIE_FSCSKEY_SEQ,EXACT_OUTLET;NOT_USPS_VALIDITY;NO_INVENTORY
54723,ZCTA_NEAREST_ACTIVE_OUTLET,MN0089,002,10.551,ZCTA_NN;R6371;TIE_FIRST_LEX,ZCTA_NN_HAVERSINE;NOT_ELIGIBILITY;NOT_USPS_VALIDITY;NO_INVENTORY
54724,EXACT_IMLS_OUTLET_ZIP,WI0377,002,,EXACT_OUTLET;TIE_FSCSKEY_SEQ,EXACT_OUTLET;NOT_USPS_VALIDITY;NO_INVENTORY
54725,EXACT_IMLS_OUTLET_ZIP,WI0038,002,,EXACT_OUTLET;TIE_FSCSKEY_SEQ,EXACT_OUTLET;NOT_USPS_VALIDITY;NO_INVENTORY
54726,ZCTA_NEAREST_ACTIVE_OUTLET,WI0307,002,7.649,ZCTA_NN;R6371;TIE_FIRST_LEX,ZCTA_NN_HAVERSINE;NOT_ELIGIBILITY;NOT_USPS_VALIDITY;NO_INVENTORY
54727,EXACT_IMLS_OUTLET_ZIP,WI0378,002,,EXACT_OUTLET;TIE_FSCSKEY_SEQ,EXACT_OUTLET;NOT_USPS_VALIDITY;NO_INVENTORY
54728,EXACT_IMLS_OUTLET_ZIP,WI0057,002,,EXACT_OUTLET;TIE_FSCSKEY_SEQ,EXACT_OUTLET;NOT_USPS_VALIDITY;NO_INVENTORY
54729,EXACT_IMLS_OUTLET_ZIP,WI0059,002,,EXACT_OUTLET;TIE_FSCSKEY_SEQ,EXACT_OUTLET;NOT_USPS_VALIDITY;NO_INVENTORY
54730,EXACT_IMLS_OUTLET_ZIP,WI0065,002,,EXACT_OUTLET;TIE_FSCSKEY_SEQ,EXACT_OUTLET;NOT_USPS_VALIDITY;NO_INVENTORY
54731,ZCTA_NEAREST_ACTIVE_OUTLET,WI0160,002,12.454,ZCTA_NN;R6371;TIE_FIRST_LEX,ZCTA_NN_HAVERSINE;NOT_ELIGIBILITY;NOT_USPS_VALIDITY;NO_INVENTORY
54732,EXACT_IMLS_OUTLET_ZIP,WI0067,002,,EXACT_OUTLET;TIE_FSCSKEY_SEQ,EXACT_OUTLET;NOT_USPS_VALIDITY;NO_INVENTORY
54733,ZCTA_NEAREST_ACTIVE_OUTLET,WI0020,002,13.682,ZCTA_NN;R6371;TIE_FIRST_LEX,ZCTA_NN_HAVERSINE;NOT_ELIGIBILITY;NOT_USPS_VALIDITY;NO_INVENTORY
54734,ZCTA_NEAREST_ACTIVE_OUTLET,WI0117,002,6.102,ZCTA_NN;R6371;TIE_FIRST_LEX,ZCTA_NN_HAVERSINE;NOT_ELIGIBILITY;NOT_USPS_VALIDITY;NO_INVENTORY
54736,EXACT_IMLS_OUTLET_ZIP,WI0086,002,,EXACT_OUTLET;TIE_FSCSKEY_SEQ,EXACT_OUTLET;NOT_USPS_VALIDITY;NO_INVENTORY
54737,ZCTA_NEAREST_ACTIVE_OUTLET,WI0086,002,9.987,ZCTA_NN;R6371;TIE_FIRST_LEX,ZCTA_NN_HAVERSINE;NOT_ELIGIBILITY;NOT_USPS_VALIDITY;NO_INVENTORY
54738,ZCTA_NEAREST_ACTIVE_OUTLET,WI0311,002,8.712,ZCTA_NN;R6371;TIE_FIRST_LEX,ZCTA_NN_HAVERSINE;NOT_ELIGIBILITY;NOT_USPS_VALIDITY;NO_INVENTORY
54739,EXACT_IMLS_OUTLET_ZIP,WI0192,003,,EXACT_OUTLET;TIE_FSCSKEY_SEQ,EXACT_OUTLET;NOT_USPS_VALIDITY;NO_INVENTORY
54740,EXACT_IMLS_OUTLET_ZIP,WI0096,002,,EXACT_OUTLET;TIE_FSCSKEY_SEQ,EXACT_OUTLET;NOT_USPS_VALIDITY;NO_INVENTORY
54741,EXACT_IMLS_OUTLET_ZIP,WI0100,002,,EXACT_OUTLET;TIE_FSCSKEY_SEQ,EXACT_OUTLET;NOT_USPS_VALIDITY;NO_INVENTORY
54742,EXACT_IMLS_OUTLET_ZIP,WI0101,002,,EXACT_OUTLET;TIE_FSCSKEY_SEQ,EXACT_OUTLET;NOT_USPS_VALIDITY;NO_INVENTORY
54745,ZCTA_NEAREST_ACTIVE_OUTLET,WI0067,002,9.377,ZCTA_NN;R6371;TIE_FIRST_LEX,ZCTA_NN_HAVERSINE;NOT_ELIGIBILITY;NOT_USPS_VALIDITY;NO_INVENTORY
54746,ZCTA_NEAREST_ACTIVE_OUTLET,WI0100,002,9.887,ZCTA_NN;R6371;TIE_FIRST_LEX,ZCTA_NN_HAVERSINE;NOT_ELIGIBILITY;NOT_USPS_VALIDITY;NO_INVENTORY
54747,EXACT_IMLS_OUTLET_ZIP,WI0140,002,,EXACT_OUTLET;TIE_FSCSKEY_SEQ,EXACT_OUTLET;NOT_USPS_VALIDITY;NO_INVENTORY
54748,ZCTA_NEAREST_ACTIVE_OUTLET,WI0067,002,13.676,ZCTA_NN;R6371;TIE_FIRST_LEX,ZCTA_NN_HAVERSINE;NOT_ELIGIBILITY;NOT_USPS_VALIDITY;NO_INVENTORY
54749,ZCTA_NEAREST_ACTIVE_OUTLET,WI0038,002,11.396,ZCTA_NN;R6371;TIE_FIRST_LEX,ZCTA_NN_HAVERSINE;NOT_ELIGIBILITY;NOT_USPS_VALIDITY;NO_INVENTORY
54750,ZCTA_NEAREST_ACTIVE_OUTLET,WI0256,002,7.305,ZCTA_NN;R6371;TIE_FIRST_LEX,ZCTA_NN_HAVERSINE;NOT_ELIGIBILITY;NOT_USPS_VALIDITY;NO_INVENTORY
54751,EXACT_IMLS_OUTLET_ZIP,WI0192,002,,EXACT_OUTLET;TIE_FSCSKEY_SEQ,EXACT_OUTLET;NOT_USPS_VALIDITY;NO_INVENTORY
54754,ZCTA_NEAREST_ACTIVE_OUTLET,WI0031,002,15.920,ZCTA_NN;R6371;TIE_FIRST_LEX,ZCTA_NN_HAVERSINE;NOT_ELIGIBILITY;NOT_USPS_VALIDITY;NO_INVENTORY
54755,EXACT_IMLS_OUTLET_ZIP,WI0202,002,,EXACT_OUTLET;TIE_FSCSKEY_SEQ,EXACT_OUTLET;NOT_USPS_VALIDITY;NO_INVENTORY
54756,ZCTA_NEAREST_ACTIVE_OUTLET,MN0095,002,11.920,ZCTA_NN;R6371;TIE_FIRST_LEX,ZCTA_NN_HAVERSINE;NOT_ELIGIBILITY;NOT_USPS_VALIDITY;NO_INVENTORY
54757,ZCTA_NEAREST_ACTIVE_OUTLET,WI0057,002,13.425,ZCTA_NN;R6371;TIE_FIRST_LEX,ZCTA_NN_HAVERSINE;NOT_ELIGIBILITY;NOT_USPS_VALIDITY;NO_INVENTORY
54758,EXACT_IMLS_OUTLET_ZIP,WI0240,002,,EXACT_OUTLET;TIE_FSCSKEY_SEQ,EXACT_OUTLET;NOT_USPS_VALIDITY;NO_INVENTORY
54759,EXACT_IMLS_OUTLET_ZIP,WI0247,002,,EXACT_OUTLET;TIE_FSCSKEY_SEQ,EXACT_OUTLET;NOT_USPS_VALIDITY;NO_INVENTORY
54760,ZCTA_NEAREST_ACTIVE_OUTLET,WI0351,002,10.735,ZCTA_NN;R6371;TIE_FIRST_LEX,ZCTA_NN_HAVERSINE;NOT_ELIGIBILITY;NOT_USPS_VALIDITY;NO_INVENTORY
54761,EXACT_IMLS_OUTLET_ZIP,WI0256,002,,EXACT_OUTLET;TIE_FSCSKEY_SEQ,EXACT_OUTLET;NOT_USPS_VALIDITY;NO_INVENTORY
54762,ZCTA_NEAREST_ACTIVE_OUTLET,WI0324,002,18.972,ZCTA_NN;R6371;TIE_FIRST_LEX,ZCTA_NN_HAVERSINE;NOT_ELIGIBILITY;NOT_USPS_VALIDITY;NO_INVENTORY
54763,ZCTA_NEAREST_ACTIVE_OUTLET,WI0402,002,14.871,ZCTA_NN;R6371;TIE_FIRST_LEX,ZCTA_NN_HAVERSINE;NOT_ELIGIBILITY;NOT_USPS_VALIDITY;NO_INVENTORY
54765,EXACT_IMLS_OUTLET_ZIP,WI0402,002,,EXACT_OUTLET;TIE_FSCSKEY_SEQ,EXACT_OUTLET;NOT_USPS_VALIDITY;NO_INVENTORY
54766,ZCTA_NEAREST_ACTIVE_OUTLET,WI0115,002,19.752,ZCTA_NN;R6371;TIE_FIRST_LEX,ZCTA_NN_HAVERSINE;NOT_ELIGIBILITY;NOT_USPS_VALIDITY;NO_INVENTORY
54767,EXACT_IMLS_OUTLET_ZIP,WI0305,002,,EXACT_OUTLET;TIE_FSCSKEY_SEQ,EXACT_OUTLET;NOT_USPS_VALIDITY;NO_INVENTORY
54768,EXACT_IMLS_OUTLET_ZIP,WI0307,002,,EXACT_OUTLET;TIE_FSCSKEY_SEQ,EXACT_OUTLET;NOT_USPS_VALIDITY;NO_INVENTORY
54769,ZCTA_NEAREST_ACTIVE_OUTLET,MN0081,002,7.512,ZCTA_NN;R6371;TIE_FIRST_LEX,ZCTA_NN_HAVERSINE;NOT_ELIGIBILITY;NOT_USPS_VALIDITY;NO_INVENTORY
54770,EXACT_IMLS_OUTLET_ZIP,WI0311,002,,EXACT_OUTLET;TIE_FSCSKEY_SEQ,EXACT_OUTLET;NOT_USPS_VALIDITY;NO_INVENTORY
54771,EXACT_IMLS_OUTLET_ZIP,WI0319,002,,EXACT_OUTLET;TIE_FSCSKEY_SEQ,EXACT_OUTLET;NOT_USPS_VALIDITY;NO_INVENTORY
54772,ZCTA_NEAREST_ACTIVE_OUTLET,WI0038,002,12.598,ZCTA_NN;R6371;TIE_FIRST_LEX,ZCTA_NN_HAVERSINE;NOT_ELIGIBILITY;NOT_USPS_VALIDITY;NO_INVENTORY
54773,EXACT_IMLS_OUTLET_ZIP,WI0351,002,,EXACT_OUTLET;TIE_FSCSKEY_SEQ,EXACT_OUTLET;NOT_USPS_VALIDITY;NO_INVENTORY
54801,EXACT_IMLS_OUTLET_ZIP,WI0303,002,,EXACT_OUTLET;TIE_FSCSKEY_SEQ,EXACT_OUTLET;NOT_USPS_VALIDITY;NO_INVENTORY
54805,ZCTA_NEAREST_ACTIVE_OUTLET,WI0324,002,9.529,ZCTA_NN;R6371;TIE_FIRST_LEX,ZCTA_NN_HAVERSINE;NOT_ELIGIBILITY;NOT_USPS_VALIDITY;NO_INVENTORY
54806,EXACT_IMLS_OUTLET_ZIP,WI0014,002,,EXACT_OUTLET;TIE_FSCSKEY_SEQ,EXACT_OUTLET;NOT_USPS_VALIDITY;NO_INVENTORY
54810,EXACT_IMLS_OUTLET_ZIP,WI0017,002,,EXACT_OUTLET;TIE_FSCSKEY_SEQ,EXACT_OUTLET;NOT_USPS_VALIDITY;NO_INVENTORY
54812,EXACT_IMLS_OUTLET_ZIP,WI0020,002,,EXACT_OUTLET;TIE_FSCSKEY_SEQ,EXACT_OUTLET;NOT_USPS_VALIDITY;NO_INVENTORY
54813,ZCTA_NEAREST_ACTIVE_OUTLET,WI0294,002,12.158,ZCTA_NN;R6371;TIE_FIRST_LEX,ZCTA_NN_HAVERSINE;NOT_ELIGIBILITY;NOT_USPS_VALIDITY;NO_INVENTORY
54814,EXACT_IMLS_OUTLET_ZIP,WI0021,002,,EXACT_OUTLET;TIE_FSCSKEY_SEQ,EXACT_OUTLET;NOT_USPS_VALIDITY;NO_INVENTORY
54817,ZCTA_NEAREST_ACTIVE_OUTLET,WI0275,002,24.697,ZCTA_NN;R6371;TIE_FIRST_LEX,ZCTA_NN_HAVERSINE;NOT_ELIGIBILITY;NOT_USPS_VALIDITY;NO_INVENTORY
54819,EXACT_IMLS_OUTLET_ZIP,WI0366,002,,EXACT_OUTLET;TIE_FSCSKEY_SEQ,EXACT_OUTLET;NOT_USPS_VALIDITY;NO_INVENTORY
54820,ZCTA_NEAREST_ACTIVE_OUTLET,WI9021,001,11.125,ZCTA_NN;R6371;TIE_FIRST_LEX,ZCTA_NN_HAVERSINE;NOT_ELIGIBILITY;NOT_USPS_VALIDITY;NO_INVENTORY
54821,EXACT_IMLS_OUTLET_ZIP,WI0047,002,,EXACT_OUTLET;TIE_FSCSKEY_SEQ,EXACT_OUTLET;NOT_USPS_VALIDITY;NO_INVENTORY
54822,EXACT_IMLS_OUTLET_ZIP,WI0051,002,,EXACT_OUTLET;TIE_FSCSKEY_SEQ,EXACT_OUTLET;NOT_USPS_VALIDITY;NO_INVENTORY
54824,EXACT_IMLS_OUTLET_ZIP,WI0056,002,,EXACT_OUTLET;TIE_FSCSKEY_SEQ,EXACT_OUTLET;NOT_USPS_VALIDITY;NO_INVENTORY
54826,ZCTA_NEAREST_ACTIVE_OUTLET,WI0324,002,11.830,ZCTA_NN;R6371;TIE_FIRST_LEX,ZCTA_NN_HAVERSINE;NOT_ELIGIBILITY;NOT_USPS_VALIDITY;NO_INVENTORY
54827,ZCTA_NEAREST_ACTIVE_OUTLET,WI0333,002,21.810,ZCTA_NN;R6371;TIE_FIRST_LEX,ZCTA_NN_HAVERSINE;NOT_ELIGIBILITY;NOT_USPS_VALIDITY;NO_INVENTORY
54828,ZCTA_NEAREST_ACTIVE_OUTLET,WI0413,002,12.472,ZCTA_NN;R6371;TIE_FIRST_LEX,ZCTA_NN_HAVERSINE;NOT_ELIGIBILITY;NOT_USPS_VALIDITY;NO_INVENTORY
54829,EXACT_IMLS_OUTLET_ZIP,WI0072,002,,EXACT_OUTLET;TIE_FSCSKEY_SEQ,EXACT_OUTLET;NOT_USPS_VALIDITY;NO_INVENTORY
54830,ZCTA_NEAREST_ACTIVE_OUTLET,WI0415,002,27.611,ZCTA_NN;R6371;TIE_FIRST_LEX,ZCTA_NN_HAVERSINE;NOT_ELIGIBILITY;NOT_USPS_VALIDITY;NO_INVENTORY
54832,EXACT_IMLS_OUTLET_ZIP,WI0085,002,,EXACT_OUTLET;TIE_FSCSKEY_SEQ,EXACT_OUTLET;NOT_USPS_VALIDITY;NO_INVENTORY
54835,ZCTA_NEAREST_ACTIVE_OUTLET,WI0358,002,24.228,ZCTA_NN;R6371;TIE_FIRST_LEX,ZCTA_NN_HAVERSINE;NOT_ELIGIBILITY;NOT_USPS_VALIDITY;NO_INVENTORY
54836,ZCTA_NEAREST_ACTIVE_OUTLET,MN0008,002,29.150,ZCTA_NN;R6371;TIE_FIRST_LEX,ZCTA_NN_HAVERSINE;NOT_ELIGIBILITY;NOT_USPS_VALIDITY;NO_INVENTORY
54837,EXACT_IMLS_OUTLET_ZIP,WI0108,002,,EXACT_OUTLET;TIE_FSCSKEY_SEQ,EXACT_OUTLET;NOT_USPS_VALIDITY;NO_INVENTORY
54838,ZCTA_NEAREST_ACTIVE_OUTLET,WI0315,006,11.679,ZCTA_NN;R6371;TIE_FIRST_LEX,ZCTA_NN_HAVERSINE;NOT_ELIGIBILITY;NOT_USPS_VALIDITY;NO_INVENTORY
54839,ZCTA_NEAREST_ACTIVE_OUTLET,WI0085,002,8.602,ZCTA_NN;R6371;TIE_FIRST_LEX,ZCTA_NN_HAVERSINE;NOT_ELIGIBILITY;NOT_USPS_VALIDITY;NO_INVENTORY
54840,EXACT_IMLS_OUTLET_ZIP,WI0120,002,,EXACT_OUTLET;TIE_FSCSKEY_SEQ,EXACT_OUTLET;NOT_USPS_VALIDITY;NO_INVENTORY
54841,ZCTA_NEAREST_ACTIVE_OUTLET,WI0275,002,12.013,ZCTA_NN;R6371;TIE_FIRST_LEX,ZCTA_NN_HAVERSINE;NOT_ELIGIBILITY;NOT_USPS_VALIDITY;NO_INVENTORY
54842,ZCTA_NEAREST_ACTIVE_OUTLET,WI0315,007,13.722,ZCTA_NN;R6371;TIE_FIRST_LEX,ZCTA_NN_HAVERSINE;NOT_ELIGIBILITY;NOT_USPS_VALIDITY;NO_INVENTORY
54843,EXACT_IMLS_OUTLET_ZIP,WI0132,002,,EXACT_OUTLET;TIE_FSCSKEY_SEQ,EXACT_OUTLET;NOT_USPS_VALIDITY;NO_INVENTORY
54844,ZCTA_NEAREST_ACTIVE_OUTLET,WI0333,002,27.236,ZCTA_NN;R6371;TIE_FIRST_LEX,ZCTA_NN_HAVERSINE;NOT_ELIGIBILITY;NOT_USPS_VALIDITY;NO_INVENTORY
54845,ZCTA_NEAREST_ACTIVE_OUTLET,WI0294,002,18.261,ZCTA_NN;R6371;TIE_FIRST_LEX,ZCTA_NN_HAVERSINE;NOT_ELIGIBILITY;NOT_USPS_VALIDITY;NO_INVENTORY
54846,ZCTA_NEAREST_ACTIVE_OUTLET,WI0189,002,7.369,ZCTA_NN;R6371;TIE_FIRST_LEX,ZCTA_NN_HAVERSINE;NOT_ELIGIBILITY;NOT_USPS_VALIDITY;NO_INVENTORY
54847,EXACT_IMLS_OUTLET_ZIP,WI9021,001,,EXACT_OUTLET;TIE_FSCSKEY_SEQ,EXACT_OUTLET;NOT_USPS_VALIDITY;NO_INVENTORY
54848,EXACT_IMLS_OUTLET_ZIP,WI0160,002,,EXACT_OUTLET;TIE_FSCSKEY_SEQ,EXACT_OUTLET;NOT_USPS_VALIDITY;NO_INVENTORY
54849,EXACT_IMLS_OUTLET_ZIP,WI0315,007,,EXACT_OUTLET;TIE_FSCSKEY_SEQ,EXACT_OUTLET;NOT_USPS_VALIDITY;NO_INVENTORY
54850,EXACT_IMLS_OUTLET_ZIP,WI0157,002,,EXACT_OUTLET;TIE_FSCSKEY_SEQ,EXACT_OUTLET;NOT_USPS_VALIDITY;NO_INVENTORY
54853,EXACT_IMLS_OUTLET_ZIP,WI0175,002,,EXACT_OUTLET;TIE_FSCSKEY_SEQ,EXACT_OUTLET;NOT_USPS_VALIDITY;NO_INVENTORY
54854,ZCTA_NEAREST_ACTIVE_OUTLET,WI0315,007,15.207,ZCTA_NN;R6371;TIE_FIRST_LEX,ZCTA_NN_HAVERSINE;NOT_ELIGIBILITY;NOT_USPS_VALIDITY;NO_INVENTORY
54855,ZCTA_NEAREST_ACTIVE_OUTLET,WI0189,002,14.327,ZCTA_NN;R6371;TIE_FIRST_LEX,ZCTA_NN_HAVERSINE;NOT_ELIGIBILITY;NOT_USPS_VALIDITY;NO_INVENTORY
54856,ZCTA_NEAREST_ACTIVE_OUTLET,WI0085,002,15.620,ZCTA_NN;R6371;TIE_FIRST_LEX,ZCTA_NN_HAVERSINE;NOT_ELIGIBILITY;NOT_USPS_VALIDITY;NO_INVENTORY
54857,ZCTA_NEAREST_ACTIVE_OUTLET,WI0275,002,14.370,ZCTA_NN;R6371;TIE_FIRST_LEX,ZCTA_NN_HAVERSINE;NOT_ELIGIBILITY;NOT_USPS_VALIDITY;NO_INVENTORY
54858,EXACT_IMLS_OUTLET_ZIP,WI0197,002,,EXACT_OUTLET;TIE_FSCSKEY_SEQ,EXACT_OUTLET;NOT_USPS_VALIDITY;NO_INVENTORY
54859,ZCTA_NEAREST_ACTIVE_OUTLET,WI0315,006,25.325,ZCTA_NN;R6371;TIE_FIRST_LEX,ZCTA_NN_HAVERSINE;NOT_ELIGIBILITY;NOT_USPS_VALIDITY;NO_INVENTORY
54861,ZCTA_NEAREST_ACTIVE_OUTLET,WI0014,002,18.748,ZCTA_NN;R6371;TIE_FIRST_LEX,ZCTA_NN_HAVERSINE;NOT_ELIGIBILITY;NOT_USPS_VALIDITY;NO_INVENTORY
54862,ZCTA_NEAREST_ACTIVE_OUTLET,WI0358,002,8.378,ZCTA_NN;R6371;TIE_FIRST_LEX,ZCTA_NN_HAVERSINE;NOT_ELIGIBILITY;NOT_USPS_VALIDITY;NO_INVENTORY
54864,ZCTA_NEAREST_ACTIVE_OUTLET,WI0315,007,12.442,ZCTA_NN;R6371;TIE_FIRST_LEX,ZCTA_NN_HAVERSINE;NOT_ELIGIBILITY;NOT_USPS_VALIDITY;NO_INVENTORY
54865,ZCTA_NEAREST_ACTIVE_OUTLET,WI9021,001,21.564,ZCTA_NN;R6371;TIE_FIRST_LEX,ZCTA_NN_HAVERSINE;NOT_ELIGIBILITY;NOT_USPS_VALIDITY;NO_INVENTORY
54867,ZCTA_NEAREST_ACTIVE_OUTLET,WI0358,002,14.833,ZCTA_NN;R6371;TIE_FIRST_LEX,ZCTA_NN_HAVERSINE;NOT_ELIGIBILITY;NOT_USPS_VALIDITY;NO_INVENTORY
54868,EXACT_IMLS_OUTLET_ZIP,WI0275,002,,EXACT_OUTLET;TIE_FSCSKEY_SEQ,EXACT_OUTLET;NOT_USPS_VALIDITY;NO_INVENTORY
54870,ZCTA_NEAREST_ACTIVE_OUTLET,WI0294,002,12.248,ZCTA_NN;R6371;TIE_FIRST_LEX,ZCTA_NN_HAVERSINE;NOT_ELIGIBILITY;NOT_USPS_VALIDITY;NO_INVENTORY
54871,EXACT_IMLS_OUTLET_ZIP,WI0294,002,,EXACT_OUTLET;TIE_FSCSKEY_SEQ,EXACT_OUTLET;NOT_USPS_VALIDITY;NO_INVENTORY
54872,ZCTA_NEAREST_ACTIVE_OUTLET,WI0415,002,11.860,ZCTA_NN;R6371;TIE_FIRST_LEX,ZCTA_NN_HAVERSINE;NOT_ELIGIBILITY;NOT_USPS_VALIDITY;NO_INVENTORY
54873,EXACT_IMLS_OUTLET_ZIP,WI0315,006,,EXACT_OUTLET;TIE_FSCSKEY_SEQ,EXACT_OUTLET;NOT_USPS_VALIDITY;NO_INVENTORY
54874,ZCTA_NEAREST_ACTIVE_OUTLET,WI0315,007,19.393,ZCTA_NN;R6371;TIE_FIRST_LEX,ZCTA_NN_HAVERSINE;NOT_ELIGIBILITY;NOT_USPS_VALIDITY;NO_INVENTORY
54875,ZCTA_NEAREST_ACTIVE_OUTLET,WI0132,002,17.141,ZCTA_NN;R6371;TIE_FIRST_LEX,ZCTA_NN_HAVERSINE;NOT_ELIGIBILITY;NOT_USPS_VALIDITY;NO_INVENTORY
54876,ZCTA_NEAREST_ACTIVE_OUTLET,WI0413,002,16.526,ZCTA_NN;R6371;TIE_FIRST_LEX,ZCTA_NN_HAVERSINE;NOT_ELIGIBILITY;NOT_USPS_VALIDITY;NO_INVENTORY
54880,EXACT_IMLS_OUTLET_ZIP,WI0315,005,,EXACT_OUTLET;TIE_FSCSKEY_SEQ,EXACT_OUTLET;NOT_USPS_VALIDITY;NO_INVENTORY
54888,ZCTA_NEAREST_ACTIVE_OUTLET,WI0303,002,16.519,ZCTA_NN;R6371;TIE_FIRST_LEX,ZCTA_NN_HAVERSINE;NOT_ELIGIBILITY;NOT_USPS_VALIDITY;NO_INVENTORY
54889,EXACT_IMLS_OUTLET_ZIP,WI0324,002,,EXACT_OUTLET;TIE_FSCSKEY_SEQ,EXACT_OUTLET;NOT_USPS_VALIDITY;NO_INVENTORY
54891,EXACT_IMLS_OUTLET_ZIP,WI0333,002,,EXACT_OUTLET;TIE_FSCSKEY_SEQ,EXACT_OUTLET;NOT_USPS_VALIDITY;NO_INVENTORY
54893,EXACT_IMLS_OUTLET_ZIP,WI0415,002,,EXACT_OUTLET;TIE_FSCSKEY_SEQ,EXACT_OUTLET;NOT_USPS_VALIDITY;NO_INVENTORY
54895,ZCTA_NEAREST_ACTIVE_OUTLET,WI0366,002,14.598,ZCTA_NN;R6371;TIE_FIRST_LEX,ZCTA_NN_HAVERSINE;NOT_ELIGIBILITY;NOT_USPS_VALIDITY;NO_INVENTORY
54896,EXACT_IMLS_OUTLET_ZIP,WI0358,002,,EXACT_OUTLET;TIE_FSCSKEY_SEQ,EXACT_OUTLET;NOT_USPS_VALIDITY;NO_INVENTORY
54901,EXACT_IMLS_OUTLET_ZIP,WI0239,004,,EXACT_OUTLET;TIE_FSCSKEY_SEQ,EXACT_OUTLET;NOT_USPS_VALIDITY;NO_INVENTORY
54902,ZCTA_NEAREST_ACTIVE_OUTLET,WI0239,004,8.185,ZCTA_NN;R6371;TIE_FIRST_LEX,ZCTA_NN_HAVERSINE;NOT_ELIGIBILITY;NOT_USPS_VALIDITY;NO_INVENTORY
54903,OBSERVED_REFERENCE_INDIRECT_ONLY,,,,INDIRECT_IMLS_SC;NO_FABRICATED_NEAREST,INDIRECT_IMLS_SC;NO_FABRICATED_NEAREST;NOT_REJECTED;NOT_USPS_VALIDITY;NO_INVENTORY
54904,ZCTA_NEAREST_ACTIVE_OUTLET,WI0239,004,7.058,ZCTA_NN;R6371;TIE_FIRST_LEX,ZCTA_NN_HAVERSINE;NOT_ELIGIBILITY;NOT_USPS_VALIDITY;NO_INVENTORY
54909,EXACT_IMLS_OUTLET_ZIP,WI0309,002,,EXACT_OUTLET;TIE_FSCSKEY_SEQ,EXACT_OUTLET;NOT_USPS_VALIDITY;NO_INVENTORY
54911,EXACT_IMLS_OUTLET_ZIP,WI0010,002,,EXACT_OUTLET;TIE_FSCSKEY_SEQ,EXACT_OUTLET;NOT_USPS_VALIDITY;NO_INVENTORY
54912,OBSERVED_REFERENCE_INDIRECT_ONLY,,,,INDIRECT_IMLS_SC;NO_FABRICATED_NEAREST,INDIRECT_IMLS_SC;NO_FABRICATED_NEAREST;NOT_REJECTED;NOT_USPS_VALIDITY;NO_INVENTORY
54913,ZCTA_NEAREST_ACTIVE_OUTLET,WI0010,002,8.061,ZCTA_NN;R6371;TIE_FIRST_LEX,ZCTA_NN_HAVERSINE;NOT_ELIGIBILITY;NOT_USPS_VALIDITY;NO_INVENTORY
54914,ZCTA_NEAREST_ACTIVE_OUTLET,WI0010,002,7.324,ZCTA_NN;R6371;TIE_FIRST_LEX,ZCTA_NN_HAVERSINE;NOT_ELIGIBILITY;NOT_USPS_VALIDITY;NO_INVENTORY
54915,ZCTA_NEAREST_ACTIVE_OUTLET,WI0153,002,3.728,ZCTA_NN;R6371;TIE_FIRST_LEX,ZCTA_NN_HAVERSINE;NOT_ELIGIBILITY;NOT_USPS_VALIDITY;NO_INVENTORY
54919,OBSERVED_REFERENCE_INDIRECT_ONLY,,,,INDIRECT_IMLS_SC;NO_FABRICATED_NEAREST,INDIRECT_IMLS_SC;NO_FABRICATED_NEAREST;NOT_REJECTED;NOT_USPS_VALIDITY;NO_INVENTORY
54921,ZCTA_NEAREST_ACTIVE_OUTLET,WI0254,002,11.512,ZCTA_NN;R6371;TIE_FIRST_LEX,ZCTA_NN_HAVERSINE;NOT_ELIGIBILITY;NOT_USPS_VALIDITY;NO_INVENTORY
54922,ZCTA_NEAREST_ACTIVE_OUTLET,WI0062,002,8.322,ZCTA_NN;R6371;TIE_FIRST_LEX,ZCTA_NN_HAVERSINE;NOT_ELIGIBILITY;NOT_USPS_VALIDITY;NO_INVENTORY
54923,EXACT_IMLS_OUTLET_ZIP,WI0027,002,,EXACT_OUTLET;TIE_FSCSKEY_SEQ,EXACT_OUTLET;NOT_USPS_VALIDITY;NO_INVENTORY
54926,ZCTA_NEAREST_ACTIVE_OUTLET,WI0181,002,12.079,ZCTA_NN;R6371;TIE_FIRST_LEX,ZCTA_NN_HAVERSINE;NOT_ELIGIBILITY;NOT_USPS_VALIDITY;NO_INVENTORY
54927,ZCTA_NEAREST_ACTIVE_OUTLET,WI0357,002,4.802,ZCTA_NN;R6371;TIE_FIRST_LEX,ZCTA_NN_HAVERSINE;NOT_ELIGIBILITY;NOT_USPS_VALIDITY;NO_INVENTORY
54928,ZCTA_NEAREST_ACTIVE_OUTLET,WI0181,002,9.080,ZCTA_NN;R6371;TIE_FIRST_LEX,ZCTA_NN_HAVERSINE;NOT_ELIGIBILITY;NOT_USPS_VALIDITY;NO_INVENTORY
54929,EXACT_IMLS_OUTLET_ZIP,WI0062,002,,EXACT_OUTLET;TIE_FSCSKEY_SEQ,EXACT_OUTLET;NOT_USPS_VALIDITY;NO_INVENTORY
54930,EXACT_IMLS_OUTLET_ZIP,WI0379,002,,EXACT_OUTLET;TIE_FSCSKEY_SEQ,EXACT_OUTLET;NOT_USPS_VALIDITY;NO_INVENTORY
54931,ZCTA_NEAREST_ACTIVE_OUTLET,WI0136,002,8.335,ZCTA_NN;R6371;TIE_FIRST_LEX,ZCTA_NN_HAVERSINE;NOT_ELIGIBILITY;NOT_USPS_VALIDITY;NO_INVENTORY
54932,ZCTA_NEAREST_ACTIVE_OUTLET,WI0224,002,11.642,ZCTA_NN;R6371;TIE_FIRST_LEX,ZCTA_NN_HAVERSINE;NOT_ELIGIBILITY;NOT_USPS_VALIDITY;NO_INVENTORY
54933,ZCTA_NEAREST_ACTIVE_OUTLET,WI0062,002,5.990,ZCTA_NN;R6371;TIE_FIRST_LEX,ZCTA_NN_HAVERSINE;NOT_ELIGIBILITY;NOT_USPS_VALIDITY;NO_INVENTORY
54935,EXACT_IMLS_OUTLET_ZIP,WI0103,003,,EXACT_OUTLET;TIE_FSCSKEY_SEQ,EXACT_OUTLET;NOT_USPS_VALIDITY;NO_INVENTORY
54936,OBSERVED_REFERENCE_INDIRECT_ONLY,,,,INDIRECT_IMLS_SC;NO_FABRICATED_NEAREST,INDIRECT_IMLS_SC;NO_FABRICATED_NEAREST;NOT_REJECTED;NOT_USPS_VALIDITY;NO_INVENTORY
54937,EXACT_IMLS_OUTLET_ZIP,WI0224,002,,EXACT_OUTLET;TIE_FSCSKEY_SEQ,EXACT_OUTLET;NOT_USPS_VALIDITY;NO_INVENTORY
54940,EXACT_IMLS_OUTLET_ZIP,WI0109,002,,EXACT_OUTLET;TIE_FSCSKEY_SEQ,EXACT_OUTLET;NOT_USPS_VALIDITY;NO_INVENTORY
54941,EXACT_IMLS_OUTLET_ZIP,WI0122,002,,EXACT_OUTLET;TIE_FSCSKEY_SEQ,EXACT_OUTLET;NOT_USPS_VALIDITY;NO_INVENTORY
54942,ZCTA_NEAREST_ACTIVE_OUTLET,WI0136,002,8.566,ZCTA_NN;R6371;TIE_FIRST_LEX,ZCTA_NN_HAVERSINE;NOT_ELIGIBILITY;NOT_USPS_VALIDITY;NO_INVENTORY
54943,EXACT_IMLS_OUTLET_ZIP,WI0128,002,,EXACT_OUTLET;TIE_FSCSKEY_SEQ,EXACT_OUTLET;NOT_USPS_VALIDITY;NO_INVENTORY
54944,EXACT_IMLS_OUTLET_ZIP,WI0136,002,,EXACT_OUTLET;TIE_FSCSKEY_SEQ,EXACT_OUTLET;NOT_USPS_VALIDITY;NO_INVENTORY
54945,EXACT_IMLS_OUTLET_ZIP,WI0141,002,,EXACT_OUTLET;TIE_FSCSKEY_SEQ,EXACT_OUTLET;NOT_USPS_VALIDITY;NO_INVENTORY
54946,ZCTA_NEAREST_ACTIVE_OUTLET,WI0339,002,5.309,ZCTA_NN;R6371;TIE_FIRST_LEX,ZCTA_NN_HAVERSINE;NOT_ELIGIBILITY;NOT_USPS_VALIDITY;NO_INVENTORY
54947,ZCTA_NEAREST_ACTIVE_OUTLET,WI0357,002,10.456,ZCTA_NN;R6371;TIE_FIRST_LEX,ZCTA_NN_HAVERSINE;NOT_ELIGIBILITY;NOT_USPS_VALIDITY;NO_INVENTORY
54948,ZCTA_NEAREST_ACTIVE_OUTLET,WI0181,002,11.646,ZCTA_NN;R6371;TIE_FIRST_LEX,ZCTA_NN_HAVERSINE;NOT_ELIGIBILITY;NOT_USPS_VALIDITY;NO_INVENTORY
54949,EXACT_IMLS_OUTLET_ZIP,WI0177,002,,EXACT_OUTLET;TIE_FSCSKEY_SEQ,EXACT_OUTLET;NOT_USPS_VALIDITY;NO_INVENTORY
54950,EXACT_IMLS_OUTLET_ZIP,WI0181,002,,EXACT_OUTLET;TIE_FSCSKEY_SEQ,EXACT_OUTLET;NOT_USPS_VALIDITY;NO_INVENTORY
54952,EXACT_IMLS_OUTLET_ZIP,WI0190,002,,EXACT_OUTLET;TIE_FSCSKEY_SEQ,EXACT_OUTLET;NOT_USPS_VALIDITY;NO_INVENTORY
54956,ZCTA_NEAREST_ACTIVE_OUTLET,WI0214,002,5.564,ZCTA_NN;R6371;TIE_FIRST_LEX,ZCTA_NN_HAVERSINE;NOT_ELIGIBILITY;NOT_USPS_VALIDITY;NO_INVENTORY
54957,EXACT_IMLS_OUTLET_ZIP,WI0214,002,,EXACT_OUTLET;TIE_FSCSKEY_SEQ,EXACT_OUTLET;NOT_USPS_VALIDITY;NO_INVENTORY
54960,EXACT_IMLS_OUTLET_ZIP,WI0217,002,,EXACT_OUTLET;TIE_FSCSKEY_SEQ,EXACT_OUTLET;NOT_USPS_VALIDITY;NO_INVENTORY
54961,EXACT_IMLS_OUTLET_ZIP,WI0222,002,,EXACT_OUTLET;TIE_FSCSKEY_SEQ,EXACT_OUTLET;NOT_USPS_VALIDITY;NO_INVENTORY
54962,ZCTA_NEAREST_ACTIVE_OUTLET,WI0141,002,8.240,ZCTA_NN;R6371;TIE_FIRST_LEX,ZCTA_NN_HAVERSINE;NOT_ELIGIBILITY;NOT_USPS_VALIDITY;NO_INVENTORY
54963,EXACT_IMLS_OUTLET_ZIP,WI0233,002,,EXACT_OUTLET;TIE_FSCSKEY_SEQ,EXACT_OUTLET;NOT_USPS_VALIDITY;NO_INVENTORY
54964,ZCTA_NEAREST_ACTIVE_OUTLET,WI0278,002,10.865,ZCTA_NN;R6371;TIE_FIRST_LEX,ZCTA_NN_HAVERSINE;NOT_ELIGIBILITY;NOT_USPS_VALIDITY;NO_INVENTORY
54965,EXACT_IMLS_OUTLET_ZIP,WI0251,002,,EXACT_OUTLET;TIE_FSCSKEY_SEQ,EXACT_OUTLET;NOT_USPS_VALIDITY;NO_INVENTORY
54966,EXACT_IMLS_OUTLET_ZIP,WI0254,002,,EXACT_OUTLET;TIE_FSCSKEY_SEQ,EXACT_OUTLET;NOT_USPS_VALIDITY;NO_INVENTORY
54967,EXACT_IMLS_OUTLET_ZIP,WI0260,002,,EXACT_OUTLET;TIE_FSCSKEY_SEQ,EXACT_OUTLET;NOT_USPS_VALIDITY;NO_INVENTORY
54968,EXACT_IMLS_OUTLET_ZIP,WI0267,002,,EXACT_OUTLET;TIE_FSCSKEY_SEQ,EXACT_OUTLET;NOT_USPS_VALIDITY;NO_INVENTORY
54969,OBSERVED_REFERENCE_INDIRECT_ONLY,,,,INDIRECT_IMLS_SC;NO_FABRICATED_NEAREST,INDIRECT_IMLS_SC;NO_FABRICATED_NEAREST;NOT_REJECTED;NOT_USPS_VALIDITY;NO_INVENTORY
54970,EXACT_IMLS_OUTLET_ZIP,WI0271,002,,EXACT_OUTLET;TIE_FSCSKEY_SEQ,EXACT_OUTLET;NOT_USPS_VALIDITY;NO_INVENTORY
54971,EXACT_IMLS_OUTLET_ZIP,WI0278,002,,EXACT_OUTLET;TIE_FSCSKEY_SEQ,EXACT_OUTLET;NOT_USPS_VALIDITY;NO_INVENTORY
54974,ZCTA_NEAREST_ACTIVE_OUTLET,WI0039,002,11.676,ZCTA_NN;R6371;TIE_FIRST_LEX,ZCTA_NN_HAVERSINE;NOT_ELIGIBILITY;NOT_USPS_VALIDITY;NO_INVENTORY
54976,OBSERVED_REFERENCE_INDIRECT_ONLY,,,,INDIRECT_IMLS_SC;NO_FABRICATED_NEAREST,INDIRECT_IMLS_SC;NO_FABRICATED_NEAREST;NOT_REJECTED;NOT_USPS_VALIDITY;NO_INVENTORY
54977,EXACT_IMLS_OUTLET_ZIP,WI0405,002,,EXACT_OUTLET;TIE_FSCSKEY_SEQ,EXACT_OUTLET;NOT_USPS_VALIDITY;NO_INVENTORY
54978,ZCTA_NEAREST_ACTIVE_OUTLET,WI0291,006,13.089,ZCTA_NN;R6371;TIE_FIRST_LEX,ZCTA_NN_HAVERSINE;NOT_ELIGIBILITY;NOT_USPS_VALIDITY;NO_INVENTORY
54979,ZCTA_NEAREST_ACTIVE_OUTLET,WI0224,002,8.355,ZCTA_NN;R6371;TIE_FIRST_LEX,ZCTA_NN_HAVERSINE;NOT_ELIGIBILITY;NOT_USPS_VALIDITY;NO_INVENTORY
54980,ZCTA_NEAREST_ACTIVE_OUTLET,WI0233,002,6.213,ZCTA_NN;R6371;TIE_FIRST_LEX,ZCTA_NN_HAVERSINE;NOT_ELIGIBILITY;NOT_USPS_VALIDITY;NO_INVENTORY
54981,EXACT_IMLS_OUTLET_ZIP,WI0339,002,,EXACT_OUTLET;TIE_FSCSKEY_SEQ,EXACT_OUTLET;NOT_USPS_VALIDITY;NO_INVENTORY
54982,EXACT_IMLS_OUTLET_ZIP,WI0342,002,,EXACT_OUTLET;TIE_FSCSKEY_SEQ,EXACT_OUTLET;NOT_USPS_VALIDITY;NO_INVENTORY
54983,EXACT_IMLS_OUTLET_ZIP,WI0349,002,,EXACT_OUTLET;TIE_FSCSKEY_SEQ,EXACT_OUTLET;NOT_USPS_VALIDITY;NO_INVENTORY
54984,EXACT_IMLS_OUTLET_ZIP,WI0353,002,,EXACT_OUTLET;TIE_FSCSKEY_SEQ,EXACT_OUTLET;NOT_USPS_VALIDITY;NO_INVENTORY
54985,ZCTA_NEAREST_ACTIVE_OUTLET,WI0239,004,6.568,ZCTA_NN;R6371;TIE_FIRST_LEX,ZCTA_NN_HAVERSINE;NOT_ELIGIBILITY;NOT_USPS_VALIDITY;NO_INVENTORY
54986,EXACT_IMLS_OUTLET_ZIP,WI0357,002,,EXACT_OUTLET;TIE_FSCSKEY_SEQ,EXACT_OUTLET;NOT_USPS_VALIDITY;NO_INVENTORY
55001,ZCTA_NEAREST_ACTIVE_OUTLET,MN0046,006,6.190,ZCTA_NN;R6371;TIE_FIRST_LEX,ZCTA_NN_HAVERSINE;NOT_ELIGIBILITY;NOT_USPS_VALIDITY;NO_INVENTORY
55003,EXACT_IMLS_OUTLET_ZIP,MN0047,002,,EXACT_OUTLET;TIE_FSCSKEY_SEQ,EXACT_OUTLET;NOT_USPS_VALIDITY;NO_INVENTORY
55005,ZCTA_NEAREST_ACTIVE_OUTLET,MN0035,011,10.746,ZCTA_NN;R6371;TIE_FIRST_LEX,ZCTA_NN_HAVERSINE;NOT_ELIGIBILITY;NOT_USPS_VALIDITY;NO_INVENTORY
55006,ZCTA_NEAREST_ACTIVE_OUTLET,MN0031,009,17.328,ZCTA_NN;R6371;TIE_FIRST_LEX,ZCTA_NN_HAVERSINE;NOT_ELIGIBILITY;NOT_USPS_VALIDITY;NO_INVENTORY
55007,ZCTA_NEAREST_ACTIVE_OUTLET,MN0031,004,14.393,ZCTA_NN;R6371;TIE_FIRST_LEX,ZCTA_NN_HAVERSINE;NOT_ELIGIBILITY;NOT_USPS_VALIDITY;NO_INVENTORY
55008,EXACT_IMLS_OUTLET_ZIP,MN0031,003,,EXACT_OUTLET;TIE_FSCSKEY_SEQ,EXACT_OUTLET;NOT_USPS_VALIDITY;NO_INVENTORY
55009,EXACT_IMLS_OUTLET_ZIP,MN0072,002,,EXACT_OUTLET;TIE_FSCSKEY_SEQ,EXACT_OUTLET;NOT_USPS_VALIDITY;NO_INVENTORY
55010,OBSERVED_REFERENCE_INDIRECT_ONLY,,,,INDIRECT_IMLS_SC;NO_FABRICATED_NEAREST,INDIRECT_IMLS_SC;NO_FABRICATED_NEAREST;NOT_REJECTED;NOT_USPS_VALIDITY;NO_INVENTORY
55011,ZCTA_NEAREST_ACTIVE_OUTLET,MN0035,006,6.270,ZCTA_NN;R6371;TIE_FIRST_LEX,ZCTA_NN_HAVERSINE;NOT_ELIGIBILITY;NOT_USPS_VALIDITY;NO_INVENTORY
55012,ZCTA_NEAREST_ACTIVE_OUTLET,MN0031,017,8.677,ZCTA_NN;R6371;TIE_FIRST_LEX,ZCTA_NN_HAVERSINE;NOT_ELIGIBILITY;NOT_USPS_VALIDITY;NO_INVENTORY
55013,EXACT_IMLS_OUTLET_ZIP,MN0031,017,,EXACT_OUTLET;TIE_FSCSKEY_SEQ,EXACT_OUTLET;NOT_USPS_VALIDITY;NO_INVENTORY
55014,EXACT_IMLS_OUTLET_ZIP,MN0035,003,,EXACT_OUTLET;TIE_FSCSKEY_SEQ,EXACT_OUTLET;NOT_USPS_VALIDITY;NO_INVENTORY
55016,EXACT_IMLS_OUTLET_ZIP,MN0046,005,,EXACT_OUTLET;TIE_FSCSKEY_SEQ,EXACT_OUTLET;NOT_USPS_VALIDITY;NO_INVENTORY
55017,ZCTA_NEAREST_ACTIVE_OUTLET,MN0031,012,15.197,ZCTA_NN;R6371;TIE_FIRST_LEX,ZCTA_NN_HAVERSINE;NOT_ELIGIBILITY;NOT_USPS_VALIDITY;NO_INVENTORY
55018,ZCTA_NEAREST_ACTIVE_OUTLET,MN0072,002,12.109,ZCTA_NN;R6371;TIE_FIRST_LEX,ZCTA_NN_HAVERSINE;NOT_ELIGIBILITY;NOT_USPS_VALIDITY;NO_INVENTORY
55019,ZCTA_NEAREST_ACTIVE_OUTLET,MN0084,007,7.432,ZCTA_NN;R6371;TIE_FIRST_LEX,ZCTA_NN_HAVERSINE;NOT_ELIGIBILITY;NOT_USPS_VALIDITY;NO_INVENTORY
55020,ZCTA_NEAREST_ACTIVE_OUTLET,MN0045,004,2.227,ZCTA_NN;R6371;TIE_FIRST_LEX,ZCTA_NN_HAVERSINE;NOT_ELIGIBILITY;NOT_USPS_VALIDITY;NO_INVENTORY
55021,EXACT_IMLS_OUTLET_ZIP,MN0075,002,,EXACT_OUTLET;TIE_FSCSKEY_SEQ,EXACT_OUTLET;NOT_USPS_VALIDITY;NO_INVENTORY
55024,EXACT_IMLS_OUTLET_ZIP,MN0039,002,,EXACT_OUTLET;TIE_FSCSKEY_SEQ,EXACT_OUTLET;NOT_USPS_VALIDITY;NO_INVENTORY
55025,EXACT_IMLS_OUTLET_ZIP,MN0046,012,,EXACT_OUTLET;TIE_FSCSKEY_SEQ,EXACT_OUTLET;NOT_USPS_VALIDITY;NO_INVENTORY
55026,ZCTA_NEAREST_ACTIVE_OUTLET,MN0081,002,9.890,ZCTA_NN;R6371;TIE_FIRST_LEX,ZCTA_NN_HAVERSINE;NOT_ELIGIBILITY;NOT_USPS_VALIDITY;NO_INVENTORY
55027,ZCTA_NEAREST_ACTIVE_OUTLET,MN0098,002,13.229,ZCTA_NN;R6371;TIE_FIRST_LEX,ZCTA_NN_HAVERSINE;NOT_ELIGIBILITY;NOT_USPS_VALIDITY;NO_INVENTORY
55029,ZCTA_NEAREST_ACTIVE_OUTLET,MN0031,003,7.253,ZCTA_NN;R6371;TIE_FIRST_LEX,ZCTA_NN_HAVERSINE;NOT_ELIGIBILITY;NOT_USPS_VALIDITY;NO_INVENTORY
55030,ZCTA_NEAREST_ACTIVE_OUTLET,MN0031,011,11.926,ZCTA_NN;R6371;TIE_FIRST_LEX,ZCTA_NN_HAVERSINE;NOT_ELIGIBILITY;NOT_USPS_VALIDITY;NO_INVENTORY
55031,ZCTA_NEAREST_ACTIVE_OUTLET,MN0072,002,12.477,ZCTA_NN;R6371;TIE_FIRST_LEX,ZCTA_NN_HAVERSINE;NOT_ELIGIBILITY;NOT_USPS_VALIDITY;NO_INVENTORY
55032,ZCTA_NEAREST_ACTIVE_OUTLET,MN0031,010,10.472,ZCTA_NN;R6371;TIE_FIRST_LEX,ZCTA_NN_HAVERSINE;NOT_ELIGIBILITY;NOT_USPS_VALIDITY;NO_INVENTORY
55033,EXACT_IMLS_OUTLET_ZIP,MN0039,003,,EXACT_OUTLET;TIE_FSCSKEY_SEQ,EXACT_OUTLET;NOT_USPS_VALIDITY;NO_INVENTORY
55036,ZCTA_NEAREST_ACTIVE_OUTLET,MN0031,011,12.664,ZCTA_NN;R6371;TIE_FIRST_LEX,ZCTA_NN_HAVERSINE;NOT_ELIGIBILITY;NOT_USPS_VALIDITY;NO_INVENTORY
55037,EXACT_IMLS_OUTLET_ZIP,MN0031,004,,EXACT_OUTLET;TIE_FSCSKEY_SEQ,EXACT_OUTLET;NOT_USPS_VALIDITY;NO_INVENTORY
55038,ZCTA_NEAREST_ACTIVE_OUTLET,MN0046,012,7.446,ZCTA_NN;R6371;TIE_FIRST_LEX,ZCTA_NN_HAVERSINE;NOT_ELIGIBILITY;NOT_USPS_VALIDITY;NO_INVENTORY
55040,ZCTA_NEAREST_ACTIVE_OUTLET,MN0035,011,10.899,ZCTA_NN;R6371;TIE_FIRST_LEX,ZCTA_NN_HAVERSINE;NOT_ELIGIBILITY;NOT_USPS_VALIDITY;NO_INVENTORY
55041,EXACT_IMLS_OUTLET_ZIP,MN0081,002,,EXACT_OUTLET;TIE_FSCSKEY_SEQ,EXACT_OUTLET;NOT_USPS_VALIDITY;NO_INVENTORY
55042,EXACT_IMLS_OUTLET_ZIP,MN0046,014,,EXACT_OUTLET;TIE_FSCSKEY_SEQ,EXACT_OUTLET;NOT_USPS_VALIDITY;NO_INVENTORY
55043,EXACT_IMLS_OUTLET_ZIP,MN0046,006,,EXACT_OUTLET;TIE_FSCSKEY_SEQ,EXACT_OUTLET;NOT_USPS_VALIDITY;NO_INVENTORY
55044,EXACT_IMLS_OUTLET_ZIP,MN0039,009,,EXACT_OUTLET;TIE_FSCSKEY_SEQ,EXACT_OUTLET;NOT_USPS_VALIDITY;NO_INVENTORY
55045,ZCTA_NEAREST_ACTIVE_OUTLET,MN0031,017,3.392,ZCTA_NN;R6371;TIE_FIRST_LEX,ZCTA_NN_HAVERSINE;NOT_ELIGIBILITY;NOT_USPS_VALIDITY;NO_INVENTORY
55046,EXACT_IMLS_OUTLET_ZIP,MN0155,001,,EXACT_OUTLET;TIE_FSCSKEY_SEQ,EXACT_OUTLET;NOT_USPS_VALIDITY;NO_INVENTORY
55047,ZCTA_NEAREST_ACTIVE_OUTLET,MN0046,012,13.842,ZCTA_NN;R6371;TIE_FIRST_LEX,ZCTA_NN_HAVERSINE;NOT_ELIGIBILITY;NOT_USPS_VALIDITY;NO_INVENTORY
55049,ZCTA_NEAREST_ACTIVE_OUTLET,MN0085,003,10.277,ZCTA_NN;R6371;TIE_FIRST_LEX,ZCTA_NN_HAVERSINE;NOT_ELIGIBILITY;NOT_USPS_VALIDITY;NO_INVENTORY
55051,EXACT_IMLS_OUTLET_ZIP,MN0031,009,,EXACT_OUTLET;TIE_FSCSKEY_SEQ,EXACT_OUTLET;NOT_USPS_VALIDITY;NO_INVENTORY
55052,ZCTA_NEAREST_ACTIVE_OUTLET,MN0107,008,10.216,ZCTA_NN;R6371;TIE_FIRST_LEX,ZCTA_NN_HAVERSINE;NOT_ELIGIBILITY;NOT_USPS_VALIDITY;NO_INVENTORY
55053,ZCTA_NEAREST_ACTIVE_OUTLET,MN0079,002,10.733,ZCTA_NN;R6371;TIE_FIRST_LEX,ZCTA_NN_HAVERSINE;NOT_ELIGIBILITY;NOT_USPS_VALIDITY;NO_INVENTORY
55054,EXACT_IMLS_OUTLET_ZIP,MN0045,004,,EXACT_OUTLET;TIE_FSCSKEY_SEQ,EXACT_OUTLET;NOT_USPS_VALIDITY;NO_INVENTORY
55055,ZCTA_NEAREST_ACTIVE_OUTLET,MN0039,012,3.915,ZCTA_NN;R6371;TIE_FIRST_LEX,ZCTA_NN_HAVERSINE;NOT_ELIGIBILITY;NOT_USPS_VALIDITY;NO_INVENTORY
55056,EXACT_IMLS_OUTLET_ZIP,MN0031,010,,EXACT_OUTLET;TIE_FSCSKEY_SEQ,EXACT_OUTLET;NOT_USPS_VALIDITY;NO_INVENTORY
55057,EXACT_IMLS_OUTLET_ZIP,MN0084,002,,EXACT_OUTLET;TIE_FSCSKEY_SEQ,EXACT_OUTLET;NOT_USPS_VALIDITY;NO_INVENTORY
55060,EXACT_IMLS_OUTLET_ZIP,MN0085,003,,EXACT_OUTLET;TIE_FSCSKEY_SEQ,EXACT_OUTLET;NOT_USPS_VALIDITY;NO_INVENTORY
55063,EXACT_IMLS_OUTLET_ZIP,MN0031,011,,EXACT_OUTLET;TIE_FSCSKEY_SEQ,EXACT_OUTLET;NOT_USPS_VALIDITY;NO_INVENTORY
55065,ZCTA_NEAREST_ACTIVE_OUTLET,MN0072,002,10.633,ZCTA_NN;R6371;TIE_FIRST_LEX,ZCTA_NN_HAVERSINE;NOT_ELIGIBILITY;NOT_USPS_VALIDITY;NO_INVENTORY
55066,EXACT_IMLS_OUTLET_ZIP,MN0089,002,,EXACT_OUTLET;TIE_FSCSKEY_SEQ,EXACT_OUTLET;NOT_USPS_VALIDITY;NO_INVENTORY
55068,EXACT_IMLS_OUTLET_ZIP,MN0039,011,,EXACT_OUTLET;TIE_FSCSKEY_SEQ,EXACT_OUTLET;NOT_USPS_VALIDITY;NO_INVENTORY
55069,EXACT_IMLS_OUTLET_ZIP,MN0031,013,,EXACT_OUTLET;TIE_FSCSKEY_SEQ,EXACT_OUTLET;NOT_USPS_VALIDITY;NO_INVENTORY
55070,EXACT_IMLS_OUTLET_ZIP,MN0035,011,,EXACT_OUTLET;TIE_FSCSKEY_SEQ,EXACT_OUTLET;NOT_USPS_VALIDITY;NO_INVENTORY
55071,ZCTA_NEAREST_ACTIVE_OUTLET,MN0046,005,3.893,ZCTA_NN;R6371;TIE_FIRST_LEX,ZCTA_NN_HAVERSINE;NOT_ELIGIBILITY;NOT_USPS_VALIDITY;NO_INVENTORY
55072,EXACT_IMLS_OUTLET_ZIP,MN0031,014,,EXACT_OUTLET;TIE_FSCSKEY_SEQ,EXACT_OUTLET;NOT_USPS_VALIDITY;NO_INVENTORY
55073,ZCTA_NEAREST_ACTIVE_OUTLET,WI0238,002,11.115,ZCTA_NN;R6371;TIE_FIRST_LEX,ZCTA_NN_HAVERSINE;NOT_ELIGIBILITY;NOT_USPS_VALIDITY;NO_INVENTORY
55074,ZCTA_NEAREST_ACTIVE_OUTLET,MN0129,002,5.558,ZCTA_NN;R6371;TIE_FIRST_LEX,ZCTA_NN_HAVERSINE;NOT_ELIGIBILITY;NOT_USPS_VALIDITY;NO_INVENTORY
55075,EXACT_IMLS_OUTLET_ZIP,MN0039,012,,EXACT_OUTLET;TIE_FSCSKEY_SEQ,EXACT_OUTLET;NOT_USPS_VALIDITY;NO_INVENTORY
55076,EXACT_IMLS_OUTLET_ZIP,MN0039,010,,EXACT_OUTLET;TIE_FSCSKEY_SEQ,EXACT_OUTLET;NOT_USPS_VALIDITY;NO_INVENTORY
55077,ZCTA_NEAREST_ACTIVE_OUTLET,MN0039,010,2.638,ZCTA_NN;R6371;TIE_FIRST_LEX,ZCTA_NN_HAVERSINE;NOT_ELIGIBILITY;NOT_USPS_VALIDITY;NO_INVENTORY
55079,ZCTA_NEAREST_ACTIVE_OUTLET,MN0031,016,9.504,ZCTA_NN;R6371;TIE_FIRST_LEX,ZCTA_NN_HAVERSINE;NOT_ELIGIBILITY;NOT_USPS_VALIDITY;NO_INVENTORY
55080,ZCTA_NEAREST_ACTIVE_OUTLET,MN0031,003,10.400,ZCTA_NN;R6371;TIE_FIRST_LEX,ZCTA_NN_HAVERSINE;NOT_ELIGIBILITY;NOT_USPS_VALIDITY;NO_INVENTORY
55082,EXACT_IMLS_OUTLET_ZIP,MN0049,002,,EXACT_OUTLET;TIE_FSCSKEY_SEQ,EXACT_OUTLET;NOT_USPS_VALIDITY;NO_INVENTORY
55084,EXACT_IMLS_OUTLET_ZIP,MN0129,002,,EXACT_OUTLET;TIE_FSCSKEY_SEQ,EXACT_OUTLET;NOT_USPS_VALIDITY;NO_INVENTORY
55085,ZCTA_NEAREST_ACTIVE_OUTLET,MN0039,003,9.754,ZCTA_NN;R6371;TIE_FIRST_LEX,ZCTA_NN_HAVERSINE;NOT_ELIGIBILITY;NOT_USPS_VALIDITY;NO_INVENTORY
55087,ZCTA_NEAREST_ACTIVE_OUTLET,MN0107,008,12.725,ZCTA_NN;R6371;TIE_FIRST_LEX,ZCTA_NN_HAVERSINE;NOT_ELIGIBILITY;NOT_USPS_VALIDITY;NO_INVENTORY
55088,ZCTA_NEAREST_ACTIVE_OUTLET,MN0155,001,5.238,ZCTA_NN;R6371;TIE_FIRST_LEX,ZCTA_NN_HAVERSINE;NOT_ELIGIBILITY;NOT_USPS_VALIDITY;NO_INVENTORY
55089,ZCTA_NEAREST_ACTIVE_OUTLET,MN0089,002,14.100,ZCTA_NN;R6371;TIE_FIRST_LEX,ZCTA_NN_HAVERSINE;NOT_ELIGIBILITY;NOT_USPS_VALIDITY;NO_INVENTORY
55090,ZCTA_NEAREST_ACTIVE_OUTLET,MN0046,007,0.647,ZCTA_NN;R6371;TIE_FIRST_LEX,ZCTA_NN_HAVERSINE;NOT_ELIGIBILITY;NOT_USPS_VALIDITY;NO_INVENTORY
55092,EXACT_IMLS_OUTLET_ZIP,MN0031,016,,EXACT_OUTLET;TIE_FSCSKEY_SEQ,EXACT_OUTLET;NOT_USPS_VALIDITY;NO_INVENTORY
55101,ZCTA_NEAREST_ACTIVE_OUTLET,MN0044,003,1.064,ZCTA_NN;R6371;TIE_FIRST_LEX,ZCTA_NN_HAVERSINE;NOT_ELIGIBILITY;NOT_USPS_VALIDITY;NO_INVENTORY
55102,EXACT_IMLS_OUTLET_ZIP,MN0044,003,,EXACT_OUTLET;TIE_FSCSKEY_SEQ,EXACT_OUTLET;NOT_USPS_VALIDITY;NO_INVENTORY
55103,EXACT_IMLS_OUTLET_ZIP,MN0044,015,,EXACT_OUTLET;TIE_FSCSKEY_SEQ,EXACT_OUTLET;NOT_USPS_VALIDITY;NO_INVENTORY
55104,EXACT_IMLS_OUTLET_ZIP,MN0044,008,,EXACT_OUTLET;TIE_FSCSKEY_SEQ,EXACT_OUTLET;NOT_USPS_VALIDITY;NO_INVENTORY
55105,ZCTA_NEAREST_ACTIVE_OUTLET,MN0044,008,1.792,ZCTA_NN;R6371;TIE_FIRST_LEX,ZCTA_NN_HAVERSINE;NOT_ELIGIBILITY;NOT_USPS_VALIDITY;NO_INVENTORY
55106,EXACT_IMLS_OUTLET_ZIP,MN0044,005,,EXACT_OUTLET;TIE_FSCSKEY_SEQ,EXACT_OUTLET;NOT_USPS_VALIDITY;NO_INVENTORY
55107,EXACT_IMLS_OUTLET_ZIP,MN0044,010,,EXACT_OUTLET;TIE_FSCSKEY_SEQ,EXACT_OUTLET;NOT_USPS_VALIDITY;NO_INVENTORY
55108,EXACT_IMLS_OUTLET_ZIP,MN0044,011,,EXACT_OUTLET;TIE_FSCSKEY_SEQ,EXACT_OUTLET;NOT_USPS_VALIDITY;NO_INVENTORY
55109,EXACT_IMLS_OUTLET_ZIP,MN0043,003,,EXACT_OUTLET;TIE_FSCSKEY_SEQ,EXACT_OUTLET;NOT_USPS_VALIDITY;NO_INVENTORY
55110,EXACT_IMLS_OUTLET_ZIP,MN0043,006,,EXACT_OUTLET;TIE_FSCSKEY_SEQ,EXACT_OUTLET;NOT_USPS_VALIDITY;NO_INVENTORY
55111,ZCTA_NEAREST_ACTIVE_OUTLET,MN0044,006,3.473,ZCTA_NN;R6371;TIE_FIRST_LEX,ZCTA_NN_HAVERSINE;NOT_ELIGIBILITY;NOT_USPS_VALIDITY;NO_INVENTORY
55112,EXACT_IMLS_OUTLET_ZIP,MN0043,007,,EXACT_OUTLET;TIE_FSCSKEY_SEQ,EXACT_OUTLET;NOT_USPS_VALIDITY;NO_INVENTORY
55113,EXACT_IMLS_OUTLET_ZIP,MN0043,005,,EXACT_OUTLET;TIE_FSCSKEY_SEQ,EXACT_OUTLET;NOT_USPS_VALIDITY;NO_INVENTORY
55114,ZCTA_NEAREST_ACTIVE_OUTLET,MN0044,011,1.571,ZCTA_NN;R6371;TIE_FIRST_LEX,ZCTA_NN_HAVERSINE;NOT_ELIGIBILITY;NOT_USPS_VALIDITY;NO_INVENTORY
55115,EXACT_IMLS_OUTLET_ZIP,MN0046,007,,EXACT_OUTLET;TIE_FSCSKEY_SEQ,EXACT_OUTLET;NOT_USPS_VALIDITY;NO_INVENTORY
55116,EXACT_IMLS_OUTLET_ZIP,MN0044,006,,EXACT_OUTLET;TIE_FSCSKEY_SEQ,EXACT_OUTLET;NOT_USPS_VALIDITY;NO_INVENTORY
55117,EXACT_IMLS_OUTLET_ZIP,MN0044,009,,EXACT_OUTLET;TIE_FSCSKEY_SEQ,EXACT_OUTLET;NOT_USPS_VALIDITY;NO_INVENTORY
55118,EXACT_IMLS_OUTLET_ZIP,MN0039,004,,EXACT_OUTLET;TIE_FSCSKEY_SEQ,EXACT_OUTLET;NOT_USPS_VALIDITY;NO_INVENTORY
55119,EXACT_IMLS_OUTLET_ZIP,MN0044,012,,EXACT_OUTLET;TIE_FSCSKEY_SEQ,EXACT_OUTLET;NOT_USPS_VALIDITY;NO_INVENTORY
55120,ZCTA_NEAREST_ACTIVE_OUTLET,MN0044,006,5.302,ZCTA_NN;R6371;TIE_FIRST_LEX,ZCTA_NN_HAVERSINE;NOT_ELIGIBILITY;NOT_USPS_VALIDITY;NO_INVENTORY
55121,ZCTA_NEAREST_ACTIVE_OUTLET,MN0039,007,3.018,ZCTA_NN;R6371;TIE_FIRST_LEX,ZCTA_NN_HAVERSINE;NOT_ELIGIBILITY;NOT_USPS_VALIDITY;NO_INVENTORY
55122,ZCTA_NEAREST_ACTIVE_OUTLET,MN0039,007,3.218,ZCTA_NN;R6371;TIE_FIRST_LEX,ZCTA_NN_HAVERSINE;NOT_ELIGIBILITY;NOT_USPS_VALIDITY;NO_INVENTORY
55123,EXACT_IMLS_OUTLET_ZIP,MN0039,007,,EXACT_OUTLET;TIE_FSCSKEY_SEQ,EXACT_OUTLET;NOT_USPS_VALIDITY;NO_INVENTORY
55124,EXACT_IMLS_OUTLET_ZIP,MN0039,008,,EXACT_OUTLET;TIE_FSCSKEY_SEQ,EXACT_OUTLET;NOT_USPS_VALIDITY;NO_INVENTORY
55125,EXACT_IMLS_OUTLET_ZIP,MN0046,008,,EXACT_OUTLET;TIE_FSCSKEY_SEQ,EXACT_OUTLET;NOT_USPS_VALIDITY;NO_INVENTORY
55126,EXACT_IMLS_OUTLET_ZIP,MN0043,008,,EXACT_OUTLET;TIE_FSCSKEY_SEQ,EXACT_OUTLET;NOT_USPS_VALIDITY;NO_INVENTORY
55127,ZCTA_NEAREST_ACTIVE_OUTLET,MN0043,008,4.599,ZCTA_NN;R6371;TIE_FIRST_LEX,ZCTA_NN_HAVERSINE;NOT_ELIGIBILITY;NOT_USPS_VALIDITY;NO_INVENTORY
55128,EXACT_IMLS_OUTLET_ZIP,MN0046,009,,EXACT_OUTLET;TIE_FSCSKEY_SEQ,EXACT_OUTLET;NOT_USPS_VALIDITY;NO_INVENTORY
55129,ZCTA_NEAREST_ACTIVE_OUTLET,MN0046,008,4.881,ZCTA_NN;R6371;TIE_FIRST_LEX,ZCTA_NN_HAVERSINE;NOT_ELIGIBILITY;NOT_USPS_VALIDITY;NO_INVENTORY
55130,EXACT_IMLS_OUTLET_ZIP,MN0044,002,,EXACT_OUTLET;TIE_FSCSKEY_SEQ,EXACT_OUTLET;NOT_USPS_VALIDITY;NO_INVENTORY
55144,OBSERVED_REFERENCE_INDIRECT_ONLY,,,,INDIRECT_IMLS_SC;NO_FABRICATED_NEAREST,INDIRECT_IMLS_SC;NO_FABRICATED_NEAREST;NOT_REJECTED;NOT_USPS_VALIDITY;NO_INVENTORY
55150,ZCTA_NEAREST_ACTIVE_OUTLET,MN0044,006,3.786,ZCTA_NN;R6371;TIE_FIRST_LEX,ZCTA_NN_HAVERSINE;NOT_ELIGIBILITY;NOT_USPS_VALIDITY;NO_INVENTORY
55155,ZCTA_NEAREST_ACTIVE_OUTLET,MN0044,003,0.885,ZCTA_NN;R6371;TIE_FIRST_LEX,ZCTA_NN_HAVERSINE;NOT_ELIGIBILITY;NOT_USPS_VALIDITY;NO_INVENTORY
55164,OBSERVED_REFERENCE_INDIRECT_ONLY,,,,INDIRECT_IMLS_SC;NO_FABRICATED_NEAREST,INDIRECT_IMLS_SC;NO_FABRICATED_NEAREST;NOT_REJECTED;NOT_USPS_VALIDITY;NO_INVENTORY
55301,ZCTA_NEAREST_ACTIVE_OUTLET,MN0032,025,3.667,ZCTA_NN;R6371;TIE_FIRST_LEX,ZCTA_NN_HAVERSINE;NOT_ELIGIBILITY;NOT_USPS_VALIDITY;NO_INVENTORY
55302,EXACT_IMLS_OUTLET_ZIP,MN0032,003,,EXACT_OUTLET;TIE_FSCSKEY_SEQ,EXACT_OUTLET;NOT_USPS_VALIDITY;NO_INVENTORY
55303,EXACT_IMLS_OUTLET_ZIP,MN0035,015,,EXACT_OUTLET;TIE_FSCSKEY_SEQ,EXACT_OUTLET;NOT_USPS_VALIDITY;NO_INVENTORY
55304,EXACT_IMLS_OUTLET_ZIP,MN0035,006,,EXACT_OUTLET;TIE_FSCSKEY_SEQ,EXACT_OUTLET;NOT_USPS_VALIDITY;NO_INVENTORY
55305,EXACT_IMLS_OUTLET_ZIP,MN0041,017,,EXACT_OUTLET;TIE_FSCSKEY_SEQ,EXACT_OUTLET;NOT_USPS_VALIDITY;NO_INVENTORY
55306,ZCTA_NEAREST_ACTIVE_OUTLET,MN0039,006,1.682,ZCTA_NN;R6371;TIE_FIRST_LEX,ZCTA_NN_HAVERSINE;NOT_ELIGIBILITY;NOT_USPS_VALIDITY;NO_INVENTORY
55307,EXACT_IMLS_OUTLET_ZIP,MN9038,001,,EXACT_OUTLET;TIE_FSCSKEY_SEQ,EXACT_OUTLET;NOT_USPS_VALIDITY;NO_INVENTORY
55308,EXACT_IMLS_OUTLET_ZIP,MN0032,004,,EXACT_OUTLET;TIE_FSCSKEY_SEQ,EXACT_OUTLET;NOT_USPS_VALIDITY;NO_INVENTORY
55309,EXACT_IMLS_OUTLET_ZIP,MN0032,006,,EXACT_OUTLET;TIE_FSCSKEY_SEQ,EXACT_OUTLET;NOT_USPS_VALIDITY;NO_INVENTORY
55310,EXACT_IMLS_OUTLET_ZIP,MN0051,005,,EXACT_OUTLET;TIE_FSCSKEY_SEQ,EXACT_OUTLET;NOT_USPS_VALIDITY;NO_INVENTORY
55311,ZCTA_NEAREST_ACTIVE_OUTLET,MN0041,011,4.450,ZCTA_NN;R6371;TIE_FIRST_LEX,ZCTA_NN_HAVERSINE;NOT_ELIGIBILITY;NOT_USPS_VALIDITY;NO_INVENTORY
55312,EXACT_IMLS_OUTLET_ZIP,MN0051,006,,EXACT_OUTLET;TIE_FSCSKEY_SEQ,EXACT_OUTLET;NOT_USPS_VALIDITY;NO_INVENTORY
55313,EXACT_IMLS_OUTLET_ZIP,MN0032,007,,EXACT_OUTLET;TIE_FSCSKEY_SEQ,EXACT_OUTLET;NOT_USPS_VALIDITY;NO_INVENTORY
55314,ZCTA_NEAREST_ACTIVE_OUTLET,MN0051,015,9.240,ZCTA_NN;R6371;TIE_FIRST_LEX,ZCTA_NN_HAVERSINE;NOT_ELIGIBILITY;NOT_USPS_VALIDITY;NO_INVENTORY
55315,ZCTA_NEAREST_ACTIVE_OUTLET,MN0045,003,6.977,ZCTA_NN;R6371;TIE_FIRST_LEX,ZCTA_NN_HAVERSINE;NOT_ELIGIBILITY;NOT_USPS_VALIDITY;NO_INVENTORY
55316,EXACT_IMLS_OUTLET_ZIP,MN0041,004,,EXACT_OUTLET;TIE_FSCSKEY_SEQ,EXACT_OUTLET;NOT_USPS_VALIDITY;NO_INVENTORY
55317,EXACT_IMLS_OUTLET_ZIP,MN0038,002,,EXACT_OUTLET;TIE_FSCSKEY_SEQ,EXACT_OUTLET;NOT_USPS_VALIDITY;NO_INVENTORY
55318,EXACT_IMLS_OUTLET_ZIP,MN0038,003,,EXACT_OUTLET;TIE_FSCSKEY_SEQ,EXACT_OUTLET;NOT_USPS_VALIDITY;NO_INVENTORY
55319,ZCTA_NEAREST_ACTIVE_OUTLET,MN0032,004,10.109,ZCTA_NN;R6371;TIE_FIRST_LEX,ZCTA_NN_HAVERSINE;NOT_ELIGIBILITY;NOT_USPS_VALIDITY;NO_INVENTORY
55320,EXACT_IMLS_OUTLET_ZIP,MN0032,033,,EXACT_OUTLET;TIE_FSCSKEY_SEQ,EXACT_OUTLET;NOT_USPS_VALIDITY;NO_INVENTORY
55321,EXACT_IMLS_OUTLET_ZIP,MN0032,008,,EXACT_OUTLET;TIE_FSCSKEY_SEQ,EXACT_OUTLET;NOT_USPS_VALIDITY;NO_INVENTORY
55322,ZCTA_NEAREST_ACTIVE_OUTLET,MN0038,004,8.457,ZCTA_NN;R6371;TIE_FIRST_LEX,ZCTA_NN_HAVERSINE;NOT_ELIGIBILITY;NOT_USPS_VALIDITY;NO_INVENTORY
55323,OBSERVED_REFERENCE_INDIRECT_ONLY,,,,INDIRECT_IMLS_SC;NO_FABRICATED_NEAREST,INDIRECT_IMLS_SC;NO_FABRICATED_NEAREST;NOT_REJECTED;NOT_USPS_VALIDITY;NO_INVENTORY
55324,ZCTA_NEAREST_ACTIVE_OUTLET,MN0051,009,10.151,ZCTA_NN;R6371;TIE_FIRST_LEX,ZCTA_NN_HAVERSINE;NOT_ELIGIBILITY;NOT_USPS_VALIDITY;NO_INVENTORY
55325,EXACT_IMLS_OUTLET_ZIP,MN0051,009,,EXACT_OUTLET;TIE_FSCSKEY_SEQ,EXACT_OUTLET;NOT_USPS_VALIDITY;NO_INVENTORY
55327,ZCTA_NEAREST_ACTIVE_OUTLET,MN0041,019,6.416,ZCTA_NN;R6371;TIE_FIRST_LEX,ZCTA_NN_HAVERSINE;NOT_ELIGIBILITY;NOT_USPS_VALIDITY;NO_INVENTORY
55328,EXACT_IMLS_OUTLET_ZIP,MN0032,010,,EXACT_OUTLET;TIE_FSCSKEY_SEQ,EXACT_OUTLET;NOT_USPS_VALIDITY;NO_INVENTORY
55329,ZCTA_NEAREST_ACTIVE_OUTLET,MN0032,030,14.848,ZCTA_NN;R6371;TIE_FIRST_LEX,ZCTA_NN_HAVERSINE;NOT_ELIGIBILITY;NOT_USPS_VALIDITY;NO_INVENTORY
55330,EXACT_IMLS_OUTLET_ZIP,MN0032,012,,EXACT_OUTLET;TIE_FSCSKEY_SEQ,EXACT_OUTLET;NOT_USPS_VALIDITY;NO_INVENTORY
55331,EXACT_IMLS_OUTLET_ZIP,MN0041,007,,EXACT_OUTLET;TIE_FSCSKEY_SEQ,EXACT_OUTLET;NOT_USPS_VALIDITY;NO_INVENTORY
55332,EXACT_IMLS_OUTLET_ZIP,MN0051,033,,EXACT_OUTLET;TIE_FSCSKEY_SEQ,EXACT_OUTLET;NOT_USPS_VALIDITY;NO_INVENTORY
55333,ZCTA_NEAREST_ACTIVE_OUTLET,MN0051,033,11.848,ZCTA_NN;R6371;TIE_FIRST_LEX,ZCTA_NN_HAVERSINE;NOT_ELIGIBILITY;NOT_USPS_VALIDITY;NO_INVENTORY
55334,EXACT_IMLS_OUTLET_ZIP,MN9039,001,,EXACT_OUTLET;TIE_FSCSKEY_SEQ,EXACT_OUTLET;NOT_USPS_VALIDITY;NO_INVENTORY
55335,EXACT_IMLS_OUTLET_ZIP,MN9040,001,,EXACT_OUTLET;TIE_FSCSKEY_SEQ,EXACT_OUTLET;NOT_USPS_VALIDITY;NO_INVENTORY
55336,EXACT_IMLS_OUTLET_ZIP,MN0051,011,,EXACT_OUTLET;TIE_FSCSKEY_SEQ,EXACT_OUTLET;NOT_USPS_VALIDITY;NO_INVENTORY
55337,EXACT_IMLS_OUTLET_ZIP,MN0039,006,,EXACT_OUTLET;TIE_FSCSKEY_SEQ,EXACT_OUTLET;NOT_USPS_VALIDITY;NO_INVENTORY
55338,ZCTA_NEAREST_ACTIVE_OUTLET,MN9038,001,9.663,ZCTA_NN;R6371;TIE_FIRST_LEX,ZCTA_NN_HAVERSINE;NOT_ELIGIBILITY;NOT_USPS_VALIDITY;NO_INVENTORY
55339,ZCTA_NEAREST_ACTIVE_OUTLET,MN0038,006,5.394,ZCTA_NN;R6371;TIE_FIRST_LEX,ZCTA_NN_HAVERSINE;NOT_ELIGIBILITY;NOT_USPS_VALIDITY;NO_INVENTORY
55340,ZCTA_NEAREST_ACTIVE_OUTLET,MN0041,029,9.481,ZCTA_NN;R6371;TIE_FIRST_LEX,ZCTA_NN_HAVERSINE;NOT_ELIGIBILITY;NOT_USPS_VALIDITY;NO_INVENTORY
55341,ZCTA_NEAREST_ACTIVE_OUTLET,MN0032,025,6.127,ZCTA_NN;R6371;TIE_FIRST_LEX,ZCTA_NN_HAVERSINE;NOT_ELIGIBILITY;NOT_USPS_VALIDITY;NO_INVENTORY
55342,EXACT_IMLS_OUTLET_ZIP,MN0051,015,,EXACT_OUTLET;TIE_FSCSKEY_SEQ,EXACT_OUTLET;NOT_USPS_VALIDITY;NO_INVENTORY
55343,EXACT_IMLS_OUTLET_ZIP,MN0041,009,,EXACT_OUTLET;TIE_FSCSKEY_SEQ,EXACT_OUTLET;NOT_USPS_VALIDITY;NO_INVENTORY
55344,EXACT_IMLS_OUTLET_ZIP,MN0041,005,,EXACT_OUTLET;TIE_FSCSKEY_SEQ,EXACT_OUTLET;NOT_USPS_VALIDITY;NO_INVENTORY
55345,EXACT_IMLS_OUTLET_ZIP,MN0041,013,,EXACT_OUTLET;TIE_FSCSKEY_SEQ,EXACT_OUTLET;NOT_USPS_VALIDITY;NO_INVENTORY
55346,ZCTA_NEAREST_ACTIVE_OUTLET,MN0041,013,4.330,ZCTA_NN;R6371;TIE_FIRST_LEX,ZCTA_NN_HAVERSINE;NOT_ELIGIBILITY;NOT_USPS_VALIDITY;NO_INVENTORY
55347,ZCTA_NEAREST_ACTIVE_OUTLET,MN0041,005,3.713,ZCTA_NN;R6371;TIE_FIRST_LEX,ZCTA_NN_HAVERSINE;NOT_ELIGIBILITY;NOT_USPS_VALIDITY;NO_INVENTORY
55349,EXACT_IMLS_OUTLET_ZIP,MN0032,014,,EXACT_OUTLET;TIE_FSCSKEY_SEQ,EXACT_OUTLET;NOT_USPS_VALIDITY;NO_INVENTORY
55350,EXACT_IMLS_OUTLET_ZIP,MN0051,016,,EXACT_OUTLET;TIE_FSCSKEY_SEQ,EXACT_OUTLET;NOT_USPS_VALIDITY;NO_INVENTORY
55352,EXACT_IMLS_OUTLET_ZIP,MN0045,003,,EXACT_OUTLET;TIE_FSCSKEY_SEQ,EXACT_OUTLET;NOT_USPS_VALIDITY;NO_INVENTORY
55353,EXACT_IMLS_OUTLET_ZIP,MN0032,015,,EXACT_OUTLET;TIE_FSCSKEY_SEQ,EXACT_OUTLET;NOT_USPS_VALIDITY;NO_INVENTORY
55354,ZCTA_NEAREST_ACTIVE_OUTLET,MN0051,030,8.679,ZCTA_NN;R6371;TIE_FIRST_LEX,ZCTA_NN_HAVERSINE;NOT_ELIGIBILITY;NOT_USPS_VALIDITY;NO_INVENTORY
55355,EXACT_IMLS_OUTLET_ZIP,MN0051,019,,EXACT_OUTLET;TIE_FSCSKEY_SEQ,EXACT_OUTLET;NOT_USPS_VALIDITY;NO_INVENTORY
55356,EXACT_IMLS_OUTLET_ZIP,MN0041,010,,EXACT_OUTLET;TIE_FSCSKEY_SEQ,EXACT_OUTLET;NOT_USPS_VALIDITY;NO_INVENTORY
55357,ZCTA_NEAREST_ACTIVE_OUTLET,MN0032,022,4.880,ZCTA_NN;R6371;TIE_FIRST_LEX,ZCTA_NN_HAVERSINE;NOT_ELIGIBILITY;NOT_USPS_VALIDITY;NO_INVENTORY
55358,ZCTA_NEAREST_ACTIVE_OUTLET,MN0032,003,10.079,ZCTA_NN;R6371;TIE_FIRST_LEX,ZCTA_NN_HAVERSINE;NOT_ELIGIBILITY;NOT_USPS_VALIDITY;NO_INVENTORY
55359,EXACT_IMLS_OUTLET_ZIP,MN0041,012,,EXACT_OUTLET;TIE_FSCSKEY_SEQ,EXACT_OUTLET;NOT_USPS_VALIDITY;NO_INVENTORY
55360,ZCTA_NEAREST_ACTIVE_OUTLET,MN0038,005,7.417,ZCTA_NN;R6371;TIE_FIRST_LEX,ZCTA_NN_HAVERSINE;NOT_ELIGIBILITY;NOT_USPS_VALIDITY;NO_INVENTORY
55361,OBSERVED_REFERENCE_INDIRECT_ONLY,,,,INDIRECT_IMLS_SC;NO_FABRICATED_NEAREST,INDIRECT_IMLS_SC;NO_FABRICATED_NEAREST;NOT_REJECTED;NOT_USPS_VALIDITY;NO_INVENTORY
55362,EXACT_IMLS_OUTLET_ZIP,MN0032,019,,EXACT_OUTLET;TIE_FSCSKEY_SEQ,EXACT_OUTLET;NOT_USPS_VALIDITY;NO_INVENTORY
55363,ZCTA_NEAREST_ACTIVE_OUTLET,MN0038,005,10.062,ZCTA_NN;R6371;TIE_FIRST_LEX,ZCTA_NN_HAVERSINE;NOT_ELIGIBILITY;NOT_USPS_VALIDITY;NO_INVENTORY
55364,EXACT_IMLS_OUTLET_ZIP,MN0041,025,,EXACT_OUTLET;TIE_FSCSKEY_SEQ,EXACT_OUTLET;NOT_USPS_VALIDITY;NO_INVENTORY
55366,ZCTA_NEAREST_ACTIVE_OUTLET,MN0051,006,11.361,ZCTA_NN;R6371;TIE_FIRST_LEX,ZCTA_NN_HAVERSINE;NOT_ELIGIBILITY;NOT_USPS_VALIDITY;NO_INVENTORY
55367,ZCTA_NEAREST_ACTIVE_OUTLET,MN0051,030,9.877,ZCTA_NN;R6371;TIE_FIRST_LEX,ZCTA_NN_HAVERSINE;NOT_ELIGIBILITY;NOT_USPS_VALIDITY;NO_INVENTORY
55368,EXACT_IMLS_OUTLET_ZIP,MN0038,006,,EXACT_OUTLET;TIE_FSCSKEY_SEQ,EXACT_OUTLET;NOT_USPS_VALIDITY;NO_INVENTORY
55369,EXACT_IMLS_OUTLET_ZIP,MN0041,011,,EXACT_OUTLET;TIE_FSCSKEY_SEQ,EXACT_OUTLET;NOT_USPS_VALIDITY;NO_INVENTORY
55370,ZCTA_NEAREST_ACTIVE_OUTLET,MN0038,006,8.478,ZCTA_NN;R6371;TIE_FIRST_LEX,ZCTA_NN_HAVERSINE;NOT_ELIGIBILITY;NOT_USPS_VALIDITY;NO_INVENTORY
55371,EXACT_IMLS_OUTLET_ZIP,MN0031,012,,EXACT_OUTLET;TIE_FSCSKEY_SEQ,EXACT_OUTLET;NOT_USPS_VALIDITY;NO_INVENTORY
55372,EXACT_IMLS_OUTLET_ZIP,MN0045,006,,EXACT_OUTLET;TIE_FSCSKEY_SEQ,EXACT_OUTLET;NOT_USPS_VALIDITY;NO_INVENTORY
55373,EXACT_IMLS_OUTLET_ZIP,MN0032,022,,EXACT_OUTLET;TIE_FSCSKEY_SEQ,EXACT_OUTLET;NOT_USPS_VALIDITY;NO_INVENTORY
55374,EXACT_IMLS_OUTLET_ZIP,MN0041,019,,EXACT_OUTLET;TIE_FSCSKEY_SEQ,EXACT_OUTLET;NOT_USPS_VALIDITY;NO_INVENTORY
55375,EXACT_IMLS_OUTLET_ZIP,MN0041,021,,EXACT_OUTLET;TIE_FSCSKEY_SEQ,EXACT_OUTLET;NOT_USPS_VALIDITY;NO_INVENTORY
55376,EXACT_IMLS_OUTLET_ZIP,MN0032,025,,EXACT_OUTLET;TIE_FSCSKEY_SEQ,EXACT_OUTLET;NOT_USPS_VALIDITY;NO_INVENTORY
55377,OBSERVED_REFERENCE_INDIRECT_ONLY,,,,INDIRECT_IMLS_SC;NO_FABRICATED_NEAREST,INDIRECT_IMLS_SC;NO_FABRICATED_NEAREST;NOT_REJECTED;NOT_USPS_VALIDITY;NO_INVENTORY
55378,EXACT_IMLS_OUTLET_ZIP,MN0045,007,,EXACT_OUTLET;TIE_FSCSKEY_SEQ,EXACT_OUTLET;NOT_USPS_VALIDITY;NO_INVENTORY
55379,EXACT_IMLS_OUTLET_ZIP,MN0045,008,,EXACT_OUTLET;TIE_FSCSKEY_SEQ,EXACT_OUTLET;NOT_USPS_VALIDITY;NO_INVENTORY
55381,ZCTA_NEAREST_ACTIVE_OUTLET,MN0051,030,12.056,ZCTA_NN;R6371;TIE_FIRST_LEX,ZCTA_NN_HAVERSINE;NOT_ELIGIBILITY;NOT_USPS_VALIDITY;NO_INVENTORY
55382,ZCTA_NEAREST_ACTIVE_OUTLET,MN0032,003,7.170,ZCTA_NN;R6371;TIE_FIRST_LEX,ZCTA_NN_HAVERSINE;NOT_ELIGIBILITY;NOT_USPS_VALIDITY;NO_INVENTORY
55384,ZCTA_NEAREST_ACTIVE_OUTLET,MN0041,025,2.879,ZCTA_NN;R6371;TIE_FIRST_LEX,ZCTA_NN_HAVERSINE;NOT_ELIGIBILITY;NOT_USPS_VALIDITY;NO_INVENTORY
55385,ZCTA_NEAREST_ACTIVE_OUTLET,MN0051,006,10.554,ZCTA_NN;R6371;TIE_FIRST_LEX,ZCTA_NN_HAVERSINE;NOT_ELIGIBILITY;NOT_USPS_VALIDITY;NO_INVENTORY
55386,EXACT_IMLS_OUTLET_ZIP,MN0038,008,,EXACT_OUTLET;TIE_FSCSKEY_SEQ,EXACT_OUTLET;NOT_USPS_VALIDITY;NO_INVENTORY
55387,EXACT_IMLS_OUTLET_ZIP,MN0038,004,,EXACT_OUTLET;TIE_FSCSKEY_SEQ,EXACT_OUTLET;NOT_USPS_VALIDITY;NO_INVENTORY
55388,EXACT_IMLS_OUTLET_ZIP,MN0038,005,,EXACT_OUTLET;TIE_FSCSKEY_SEQ,EXACT_OUTLET;NOT_USPS_VALIDITY;NO_INVENTORY
55389,ZCTA_NEAREST_ACTIVE_OUTLET,MN0032,015,11.182,ZCTA_NN;R6371;TIE_FIRST_LEX,ZCTA_NN_HAVERSINE;NOT_ELIGIBILITY;NOT_USPS_VALIDITY;NO_INVENTORY
55390,ZCTA_NEAREST_ACTIVE_OUTLET,MN0032,014,7.387,ZCTA_NN;R6371;TIE_FIRST_LEX,ZCTA_NN_HAVERSINE;NOT_ELIGIBILITY;NOT_USPS_VALIDITY;NO_INVENTORY
55391,EXACT_IMLS_OUTLET_ZIP,MN0041,024,,EXACT_OUTLET;TIE_FSCSKEY_SEQ,EXACT_OUTLET;NOT_USPS_VALIDITY;NO_INVENTORY
55395,EXACT_IMLS_OUTLET_ZIP,MN0051,030,,EXACT_OUTLET;TIE_FSCSKEY_SEQ,EXACT_OUTLET;NOT_USPS_VALIDITY;NO_INVENTORY
55396,EXACT_IMLS_OUTLET_ZIP,MN9030,005,,EXACT_OUTLET;TIE_FSCSKEY_SEQ,EXACT_OUTLET;NOT_USPS_VALIDITY;NO_INVENTORY
55397,ZCTA_NEAREST_ACTIVE_OUTLET,MN0038,006,6.245,ZCTA_NN;R6371;TIE_FIRST_LEX,ZCTA_NN_HAVERSINE;NOT_ELIGIBILITY;NOT_USPS_VALIDITY;NO_INVENTORY
55398,ZCTA_NEAREST_ACTIVE_OUTLET,MN0031,012,12.355,ZCTA_NN;R6371;TIE_FIRST_LEX,ZCTA_NN_HAVERSINE;NOT_ELIGIBILITY;NOT_USPS_VALIDITY;NO_INVENTORY
55401,EXACT_IMLS_OUTLET_ZIP,MN0041,031,,EXACT_OUTLET;TIE_FSCSKEY_SEQ,EXACT_OUTLET;NOT_USPS_VALIDITY;NO_INVENTORY
55402,ZCTA_NEAREST_ACTIVE_OUTLET,MN0041,031,0.467,ZCTA_NN;R6371;TIE_FIRST_LEX,ZCTA_NN_HAVERSINE;NOT_ELIGIBILITY;NOT_USPS_VALIDITY;NO_INVENTORY
55403,ZCTA_NEAREST_ACTIVE_OUTLET,MN0041,031,1.619,ZCTA_NN;R6371;TIE_FIRST_LEX,ZCTA_NN_HAVERSINE;NOT_ELIGIBILITY;NOT_USPS_VALIDITY;NO_INVENTORY
55404,EXACT_IMLS_OUTLET_ZIP,MN0041,032,,EXACT_OUTLET;TIE_FSCSKEY_SEQ,EXACT_OUTLET;NOT_USPS_VALIDITY;NO_INVENTORY
55405,ZCTA_NEAREST_ACTIVE_OUTLET,MN0041,041,1.477,ZCTA_NN;R6371;TIE_FIRST_LEX,ZCTA_NN_HAVERSINE;NOT_ELIGIBILITY;NOT_USPS_VALIDITY;NO_INVENTORY
55406,EXACT_IMLS_OUTLET_ZIP,MN0041,030,,EXACT_OUTLET;TIE_FSCSKEY_SEQ,EXACT_OUTLET;NOT_USPS_VALIDITY;NO_INVENTORY
55407,ZCTA_NEAREST_ACTIVE_OUTLET,MN0041,033,1.412,ZCTA_NN;R6371;TIE_FIRST_LEX,ZCTA_NN_HAVERSINE;NOT_ELIGIBILITY;NOT_USPS_VALIDITY;NO_INVENTORY
55408,EXACT_IMLS_OUTLET_ZIP,MN0041,033,,EXACT_OUTLET;TIE_FSCSKEY_SEQ,EXACT_OUTLET;NOT_USPS_VALIDITY;NO_INVENTORY
55409,ZCTA_NEAREST_ACTIVE_OUTLET,MN0041,033,1.202,ZCTA_NN;R6371;TIE_FIRST_LEX,ZCTA_NN_HAVERSINE;NOT_ELIGIBILITY;NOT_USPS_VALIDITY;NO_INVENTORY
55410,EXACT_IMLS_OUTLET_ZIP,MN0041,034,,EXACT_OUTLET;TIE_FSCSKEY_SEQ,EXACT_OUTLET;NOT_USPS_VALIDITY;NO_INVENTORY
55411,EXACT_IMLS_OUTLET_ZIP,MN0041,036,,EXACT_OUTLET;TIE_FSCSKEY_SEQ,EXACT_OUTLET;NOT_USPS_VALIDITY;NO_INVENTORY
55412,EXACT_IMLS_OUTLET_ZIP,MN0041,044,,EXACT_OUTLET;TIE_FSCSKEY_SEQ,EXACT_OUTLET;NOT_USPS_VALIDITY;NO_INVENTORY
55413,EXACT_IMLS_OUTLET_ZIP,MN0041,038,,EXACT_OUTLET;TIE_FSCSKEY_SEQ,EXACT_OUTLET;NOT_USPS_VALIDITY;NO_INVENTORY
55414,EXACT_IMLS_OUTLET_ZIP,MN0041,040,,EXACT_OUTLET;TIE_FSCSKEY_SEQ,EXACT_OUTLET;NOT_USPS_VALIDITY;NO_INVENTORY
55415,ZCTA_NEAREST_ACTIVE_OUTLET,MN0041,031,1.106,ZCTA_NN;R6371;TIE_FIRST_LEX,ZCTA_NN_HAVERSINE;NOT_ELIGIBILITY;NOT_USPS_VALIDITY;NO_INVENTORY
55416,ZCTA_NEAREST_ACTIVE_OUTLET,MN0041,022,2.281,ZCTA_NN;R6371;TIE_FIRST_LEX,ZCTA_NN_HAVERSINE;NOT_ELIGIBILITY;NOT_USPS_VALIDITY;NO_INVENTORY
55417,EXACT_IMLS_OUTLET_ZIP,MN0041,035,,EXACT_OUTLET;TIE_FSCSKEY_SEQ,EXACT_OUTLET;NOT_USPS_VALIDITY;NO_INVENTORY
55418,EXACT_IMLS_OUTLET_ZIP,MN0041,020,,EXACT_OUTLET;TIE_FSCSKEY_SEQ,EXACT_OUTLET;NOT_USPS_VALIDITY;NO_INVENTORY
55419,EXACT_IMLS_OUTLET_ZIP,MN0041,043,,EXACT_OUTLET;TIE_FSCSKEY_SEQ,EXACT_OUTLET;NOT_USPS_VALIDITY;NO_INVENTORY
55420,EXACT_IMLS_OUTLET_ZIP,MN0041,015,,EXACT_OUTLET;TIE_FSCSKEY_SEQ,EXACT_OUTLET;NOT_USPS_VALIDITY;NO_INVENTORY
55421,EXACT_IMLS_OUTLET_ZIP,MN0037,002,,EXACT_OUTLET;TIE_FSCSKEY_SEQ,EXACT_OUTLET;NOT_USPS_VALIDITY;NO_INVENTORY
55422,ZCTA_NEAREST_ACTIVE_OUTLET,MN0041,018,3.077,ZCTA_NN;R6371;TIE_FIRST_LEX,ZCTA_NN_HAVERSINE;NOT_ELIGIBILITY;NOT_USPS_VALIDITY;NO_INVENTORY
55423,EXACT_IMLS_OUTLET_ZIP,MN0041,002,,EXACT_OUTLET;TIE_FSCSKEY_SEQ,EXACT_OUTLET;NOT_USPS_VALIDITY;NO_INVENTORY
55424,ZCTA_NEAREST_ACTIVE_OUTLET,MN0041,006,0.923,ZCTA_NN;R6371;TIE_FIRST_LEX,ZCTA_NN_HAVERSINE;NOT_ELIGIBILITY;NOT_USPS_VALIDITY;NO_INVENTORY
55425,ZCTA_NEAREST_ACTIVE_OUTLET,MN0041,015,3.414,ZCTA_NN;R6371;TIE_FIRST_LEX,ZCTA_NN_HAVERSINE;NOT_ELIGIBILITY;NOT_USPS_VALIDITY;NO_INVENTORY
55426,EXACT_IMLS_OUTLET_ZIP,MN0041,022,,EXACT_OUTLET;TIE_FSCSKEY_SEQ,EXACT_OUTLET;NOT_USPS_VALIDITY;NO_INVENTORY
55427,EXACT_IMLS_OUTLET_ZIP,MN0041,008,,EXACT_OUTLET;TIE_FSCSKEY_SEQ,EXACT_OUTLET;NOT_USPS_VALIDITY;NO_INVENTORY
55428,ZCTA_NEAREST_ACTIVE_OUTLET,MN0041,018,3.873,ZCTA_NN;R6371;TIE_FIRST_LEX,ZCTA_NN_HAVERSINE;NOT_ELIGIBILITY;NOT_USPS_VALIDITY;NO_INVENTORY
55429,ZCTA_NEAREST_ACTIVE_OUTLET,MN0041,026,2.477,ZCTA_NN;R6371;TIE_FIRST_LEX,ZCTA_NN_HAVERSINE;NOT_ELIGIBILITY;NOT_USPS_VALIDITY;NO_INVENTORY
55430,EXACT_IMLS_OUTLET_ZIP,MN0041,026,,EXACT_OUTLET;TIE_FSCSKEY_SEQ,EXACT_OUTLET;NOT_USPS_VALIDITY;NO_INVENTORY
55431,EXACT_IMLS_OUTLET_ZIP,MN0041,016,,EXACT_OUTLET;TIE_FSCSKEY_SEQ,EXACT_OUTLET;NOT_USPS_VALIDITY;NO_INVENTORY
55432,EXACT_IMLS_OUTLET_ZIP,MN0035,005,,EXACT_OUTLET;TIE_FSCSKEY_SEQ,EXACT_OUTLET;NOT_USPS_VALIDITY;NO_INVENTORY
55433,EXACT_IMLS_OUTLET_ZIP,MN0035,004,,EXACT_OUTLET;TIE_FSCSKEY_SEQ,EXACT_OUTLET;NOT_USPS_VALIDITY;NO_INVENTORY
55434,EXACT_IMLS_OUTLET_ZIP,MN0035,007,,EXACT_OUTLET;TIE_FSCSKEY_SEQ,EXACT_OUTLET;NOT_USPS_VALIDITY;NO_INVENTORY
55435,EXACT_IMLS_OUTLET_ZIP,MN0041,023,,EXACT_OUTLET;TIE_FSCSKEY_SEQ,EXACT_OUTLET;NOT_USPS_VALIDITY;NO_INVENTORY
55436,EXACT_IMLS_OUTLET_ZIP,MN0041,006,,EXACT_OUTLET;TIE_FSCSKEY_SEQ,EXACT_OUTLET;NOT_USPS_VALIDITY;NO_INVENTORY
55437,ZCTA_NEAREST_ACTIVE_OUTLET,MN0041,016,3.423,ZCTA_NN;R6371;TIE_FIRST_LEX,ZCTA_NN_HAVERSINE;NOT_ELIGIBILITY;NOT_USPS_VALIDITY;NO_INVENTORY
55438,ZCTA_NEAREST_ACTIVE_OUTLET,MN0041,005,4.506,ZCTA_NN;R6371;TIE_FIRST_LEX,ZCTA_NN_HAVERSINE;NOT_ELIGIBILITY;NOT_USPS_VALIDITY;NO_INVENTORY
55439,ZCTA_NEAREST_ACTIVE_OUTLET,MN0041,006,4.014,ZCTA_NN;R6371;TIE_FIRST_LEX,ZCTA_NN_HAVERSINE;NOT_ELIGIBILITY;NOT_USPS_VALIDITY;NO_INVENTORY
55440,OBSERVED_REFERENCE_INDIRECT_ONLY,,,,INDIRECT_IMLS_SC;NO_FABRICATED_NEAREST,INDIRECT_IMLS_SC;NO_FABRICATED_NEAREST;NOT_REJECTED;NOT_USPS_VALIDITY;NO_INVENTORY
55441,ZCTA_NEAREST_ACTIVE_OUTLET,MN0041,029,4.249,ZCTA_NN;R6371;TIE_FIRST_LEX,ZCTA_NN_HAVERSINE;NOT_ELIGIBILITY;NOT_USPS_VALIDITY;NO_INVENTORY
55442,ZCTA_NEAREST_ACTIVE_OUTLET,MN0041,029,4.935,ZCTA_NN;R6371;TIE_FIRST_LEX,ZCTA_NN_HAVERSINE;NOT_ELIGIBILITY;NOT_USPS_VALIDITY;NO_INVENTORY
55443,ZCTA_NEAREST_ACTIVE_OUTLET,MN0041,003,3.131,ZCTA_NN;R6371;TIE_FIRST_LEX,ZCTA_NN_HAVERSINE;NOT_ELIGIBILITY;NOT_USPS_VALIDITY;NO_INVENTORY
55444,ZCTA_NEAREST_ACTIVE_OUTLET,MN0035,005,3.961,ZCTA_NN;R6371;TIE_FIRST_LEX,ZCTA_NN_HAVERSINE;NOT_ELIGIBILITY;NOT_USPS_VALIDITY;NO_INVENTORY
55445,EXACT_IMLS_OUTLET_ZIP,MN0041,003,,EXACT_OUTLET;TIE_FSCSKEY_SEQ,EXACT_OUTLET;NOT_USPS_VALIDITY;NO_INVENTORY
55446,EXACT_IMLS_OUTLET_ZIP,MN0041,029,,EXACT_OUTLET;TIE_FSCSKEY_SEQ,EXACT_OUTLET;NOT_USPS_VALIDITY;NO_INVENTORY
55447,ZCTA_NEAREST_ACTIVE_OUTLET,MN0041,029,2.448,ZCTA_NN;R6371;TIE_FIRST_LEX,ZCTA_NN_HAVERSINE;NOT_ELIGIBILITY;NOT_USPS_VALIDITY;NO_INVENTORY
55448,ZCTA_NEAREST_ACTIVE_OUTLET,MN0035,004,3.381,ZCTA_NN;R6371;TIE_FIRST_LEX,ZCTA_NN_HAVERSINE;NOT_ELIGIBILITY;NOT_USPS_VALIDITY;NO_INVENTORY
55449,ZCTA_NEAREST_ACTIVE_OUTLET,MN0035,003,4.239,ZCTA_NN;R6371;TIE_FIRST_LEX,ZCTA_NN_HAVERSINE;NOT_ELIGIBILITY;NOT_USPS_VALIDITY;NO_INVENTORY
55450,ZCTA_NEAREST_ACTIVE_OUTLET,MN0041,002,3.585,ZCTA_NN;R6371;TIE_FIRST_LEX,ZCTA_NN_HAVERSINE;NOT_ELIGIBILITY;NOT_USPS_VALIDITY;NO_INVENTORY
55454,ZCTA_NEAREST_ACTIVE_OUTLET,MN0041,040,0.995,ZCTA_NN;R6371;TIE_FIRST_LEX,ZCTA_NN_HAVERSINE;NOT_ELIGIBILITY;NOT_USPS_VALIDITY;NO_INVENTORY
55455,ZCTA_NEAREST_ACTIVE_OUTLET,MN0041,040,0.657,ZCTA_NN;R6371;TIE_FIRST_LEX,ZCTA_NN_HAVERSINE;NOT_ELIGIBILITY;NOT_USPS_VALIDITY;NO_INVENTORY
55458,OBSERVED_REFERENCE_INDIRECT_ONLY,,,,INDIRECT_IMLS_SC;NO_FABRICATED_NEAREST,INDIRECT_IMLS_SC;NO_FABRICATED_NEAREST;NOT_REJECTED;NOT_USPS_VALIDITY;NO_INVENTORY
55467,OBSERVED_REFERENCE_INDIRECT_ONLY,,,,INDIRECT_IMLS_SC;NO_FABRICATED_NEAREST,INDIRECT_IMLS_SC;NO_FABRICATED_NEAREST;NOT_REJECTED;NOT_USPS_VALIDITY;NO_INVENTORY
55472,OBSERVED_REFERENCE_INDIRECT_ONLY,,,,INDIRECT_IMLS_SC;NO_FABRICATED_NEAREST,INDIRECT_IMLS_SC;NO_FABRICATED_NEAREST;NOT_REJECTED;NOT_USPS_VALIDITY;NO_INVENTORY
55474,OBSERVED_REFERENCE_INDIRECT_ONLY,,,,INDIRECT_IMLS_SC;NO_FABRICATED_NEAREST,INDIRECT_IMLS_SC;NO_FABRICATED_NEAREST;NOT_REJECTED;NOT_USPS_VALIDITY;NO_INVENTORY
55480,OBSERVED_REFERENCE_INDIRECT_ONLY,,,,INDIRECT_IMLS_SC;NO_FABRICATED_NEAREST,INDIRECT_IMLS_SC;NO_FABRICATED_NEAREST;NOT_REJECTED;NOT_USPS_VALIDITY;NO_INVENTORY
55601,ZCTA_NEAREST_ACTIVE_OUTLET,MN0028,002,9.787,ZCTA_NN;R6371;TIE_FIRST_LEX,ZCTA_NN_HAVERSINE;NOT_ELIGIBILITY;NOT_USPS_VALIDITY;NO_INVENTORY
55602,ZCTA_NEAREST_ACTIVE_OUTLET,MN0020,002,27.750,ZCTA_NN;R6371;TIE_FIRST_LEX,ZCTA_NN_HAVERSINE;NOT_ELIGIBILITY;NOT_USPS_VALIDITY;NO_INVENTORY
55603,ZCTA_NEAREST_ACTIVE_OUTLET,MN0028,002,28.777,ZCTA_NN;R6371;TIE_FIRST_LEX,ZCTA_NN_HAVERSINE;NOT_ELIGIBILITY;NOT_USPS_VALIDITY;NO_INVENTORY
55604,EXACT_IMLS_OUTLET_ZIP,MN0017,002,,EXACT_OUTLET;TIE_FSCSKEY_SEQ,EXACT_OUTLET;NOT_USPS_VALIDITY;NO_INVENTORY
55605,ZCTA_NEAREST_ACTIVE_OUTLET,MN0017,002,55.215,ZCTA_NN;R6371;TIE_FIRST_LEX,ZCTA_NN_HAVERSINE;NOT_ELIGIBILITY;NOT_USPS_VALIDITY;NO_INVENTORY
55606,ZCTA_NEAREST_ACTIVE_OUTLET,MN0017,002,33.297,ZCTA_NN;R6371;TIE_FIRST_LEX,ZCTA_NN_HAVERSINE;NOT_ELIGIBILITY;NOT_USPS_VALIDITY;NO_INVENTORY
55607,ZCTA_NEAREST_ACTIVE_OUTLET,MN0003,002,34.193,ZCTA_NN;R6371;TIE_FIRST_LEX,ZCTA_NN_HAVERSINE;NOT_ELIGIBILITY;NOT_USPS_VALIDITY;NO_INVENTORY
55609,ZCTA_NEAREST_ACTIVE_OUTLET,MN0029,002,10.886,ZCTA_NN;R6371;TIE_FIRST_LEX,ZCTA_NN_HAVERSINE;NOT_ELIGIBILITY;NOT_USPS_VALIDITY;NO_INVENTORY
55612,ZCTA_NEAREST_ACTIVE_OUTLET,MN0017,002,27.937,ZCTA_NN;R6371;TIE_FIRST_LEX,ZCTA_NN_HAVERSINE;NOT_ELIGIBILITY;NOT_USPS_VALIDITY;NO_INVENTORY
55613,ZCTA_NEAREST_ACTIVE_OUTLET,MN0028,002,37.596,ZCTA_NN;R6371;TIE_FIRST_LEX,ZCTA_NN_HAVERSINE;NOT_ELIGIBILITY;NOT_USPS_VALIDITY;NO_INVENTORY
55614,EXACT_IMLS_OUTLET_ZIP,MN0028,002,,EXACT_OUTLET;TIE_FSCSKEY_SEQ,EXACT_OUTLET;NOT_USPS_VALIDITY;NO_INVENTORY
55615,ZCTA_NEAREST_ACTIVE_OUTLET,MN0017,002,38.524,ZCTA_NN;R6371;TIE_FIRST_LEX,ZCTA_NN_HAVERSINE;NOT_ELIGIBILITY;NOT_USPS_VALIDITY;NO_INVENTORY
55616,EXACT_IMLS_OUTLET_ZIP,MN0029,002,,EXACT_OUTLET;TIE_FSCSKEY_SEQ,EXACT_OUTLET;NOT_USPS_VALIDITY;NO_INVENTORY
55702,ZCTA_NEAREST_ACTIVE_OUTLET,MN0010,002,30.352,ZCTA_NN;R6371;TIE_FIRST_LEX,ZCTA_NN_HAVERSINE;NOT_ELIGIBILITY;NOT_USPS_VALIDITY;NO_INVENTORY
55703,ZCTA_NEAREST_ACTIVE_OUTLET,MN0012,002,14.238,ZCTA_NN;R6371;TIE_FIRST_LEX,ZCTA_NN_HAVERSINE;NOT_ELIGIBILITY;NOT_USPS_VALIDITY;NO_INVENTORY
55704,ZCTA_NEAREST_ACTIVE_OUTLET,MN0031,014,13.374,ZCTA_NN;R6371;TIE_FIRST_LEX,ZCTA_NN_HAVERSINE;NOT_ELIGIBILITY;NOT_USPS_VALIDITY;NO_INVENTORY
55705,EXACT_IMLS_OUTLET_ZIP,MN0002,002,,EXACT_OUTLET;TIE_FSCSKEY_SEQ,EXACT_OUTLET;NOT_USPS_VALIDITY;NO_INVENTORY
55706,EXACT_IMLS_OUTLET_ZIP,MN0003,002,,EXACT_OUTLET;TIE_FSCSKEY_SEQ,EXACT_OUTLET;NOT_USPS_VALIDITY;NO_INVENTORY
55707,ZCTA_NEAREST_ACTIVE_OUTLET,MN0026,002,14.558,ZCTA_NN;R6371;TIE_FIRST_LEX,ZCTA_NN_HAVERSINE;NOT_ELIGIBILITY;NOT_USPS_VALIDITY;NO_INVENTORY
55708,ZCTA_NEAREST_ACTIVE_OUTLET,MN0002,002,7.863,ZCTA_NN;R6371;TIE_FIRST_LEX,ZCTA_NN_HAVERSINE;NOT_ELIGIBILITY;NOT_USPS_VALIDITY;NO_INVENTORY
55709,EXACT_IMLS_OUTLET_ZIP,MN0005,002,,EXACT_OUTLET;TIE_FSCSKEY_SEQ,EXACT_OUTLET;NOT_USPS_VALIDITY;NO_INVENTORY
55710,ZCTA_NEAREST_ACTIVE_OUTLET,MN0027,002,14.183,ZCTA_NN;R6371;TIE_FIRST_LEX,ZCTA_NN_HAVERSINE;NOT_ELIGIBILITY;NOT_USPS_VALIDITY;NO_INVENTORY
55711,ZCTA_NEAREST_ACTIVE_OUTLET,MN0010,002,21.630,ZCTA_NN;R6371;TIE_FIRST_LEX,ZCTA_NN_HAVERSINE;NOT_ELIGIBILITY;NOT_USPS_VALIDITY;NO_INVENTORY
55712,ZCTA_NEAREST_ACTIVE_OUTLET,MN0026,002,26.602,ZCTA_NN;R6371;TIE_FIRST_LEX,ZCTA_NN_HAVERSINE;NOT_ELIGIBILITY;NOT_USPS_VALIDITY;NO_INVENTORY
55713,EXACT_IMLS_OUTLET_ZIP,MN0006,002,,EXACT_OUTLET;TIE_FSCSKEY_SEQ,EXACT_OUTLET;NOT_USPS_VALIDITY;NO_INVENTORY
55716,EXACT_IMLS_OUTLET_ZIP,MN0007,002,,EXACT_OUTLET;TIE_FSCSKEY_SEQ,EXACT_OUTLET;NOT_USPS_VALIDITY;NO_INVENTORY
55717,ZCTA_NEAREST_ACTIVE_OUTLET,MN0013,007,36.383,ZCTA_NN;R6371;TIE_FIRST_LEX,ZCTA_NN_HAVERSINE;NOT_ELIGIBILITY;NOT_USPS_VALIDITY;NO_INVENTORY
55718,EXACT_IMLS_OUTLET_ZIP,MN0008,002,,EXACT_OUTLET;TIE_FSCSKEY_SEQ,EXACT_OUTLET;NOT_USPS_VALIDITY;NO_INVENTORY
55719,EXACT_IMLS_OUTLET_ZIP,MN0009,002,,EXACT_OUTLET;TIE_FSCSKEY_SEQ,EXACT_OUTLET;NOT_USPS_VALIDITY;NO_INVENTORY
55720,EXACT_IMLS_OUTLET_ZIP,MN0010,002,,EXACT_OUTLET;TIE_FSCSKEY_SEQ,EXACT_OUTLET;NOT_USPS_VALIDITY;NO_INVENTORY
55721,ZCTA_NEAREST_ACTIVE_OUTLET,MN0018,002,11.961,ZCTA_NN;R6371;TIE_FIRST_LEX,ZCTA_NN_HAVERSINE;NOT_ELIGIBILITY;NOT_USPS_VALIDITY;NO_INVENTORY
55722,EXACT_IMLS_OUTLET_ZIP,MN0011,002,,EXACT_OUTLET;TIE_FSCSKEY_SEQ,EXACT_OUTLET;NOT_USPS_VALIDITY;NO_INVENTORY
55723,EXACT_IMLS_OUTLET_ZIP,MN0012,002,,EXACT_OUTLET;TIE_FSCSKEY_SEQ,EXACT_OUTLET;NOT_USPS_VALIDITY;NO_INVENTORY
55724,ZCTA_NEAREST_ACTIVE_OUTLET,MN0015,002,35.164,ZCTA_NN;R6371;TIE_FIRST_LEX,ZCTA_NN_HAVERSINE;NOT_ELIGIBILITY;NOT_USPS_VALIDITY;NO_INVENTORY
55725,ZCTA_NEAREST_ACTIVE_OUTLET,MN0012,002,56.612,ZCTA_NN;R6371;TIE_FIRST_LEX,ZCTA_NN_HAVERSINE;NOT_ELIGIBILITY;NOT_USPS_VALIDITY;NO_INVENTORY
55726,ZCTA_NEAREST_ACTIVE_OUTLET,MN0026,002,22.364,ZCTA_NN;R6371;TIE_FIRST_LEX,ZCTA_NN_HAVERSINE;NOT_ELIGIBILITY;NOT_USPS_VALIDITY;NO_INVENTORY
55731,EXACT_IMLS_OUTLET_ZIP,MN0014,002,,EXACT_OUTLET;TIE_FSCSKEY_SEQ,EXACT_OUTLET;NOT_USPS_VALIDITY;NO_INVENTORY
55732,ZCTA_NEAREST_ACTIVE_OUTLET,MN0002,002,17.688,ZCTA_NN;R6371;TIE_FIRST_LEX,ZCTA_NN_HAVERSINE;NOT_ELIGIBILITY;NOT_USPS_VALIDITY;NO_INVENTORY
55733,ZCTA_NEAREST_ACTIVE_OUTLET,MN0010,002,6.735,ZCTA_NN;R6371;TIE_FIRST_LEX,ZCTA_NN_HAVERSINE;NOT_ELIGIBILITY;NOT_USPS_VALIDITY;NO_INVENTORY
55734,EXACT_IMLS_OUTLET_ZIP,MN0015,002,,EXACT_OUTLET;TIE_FSCSKEY_SEQ,EXACT_OUTLET;NOT_USPS_VALIDITY;NO_INVENTORY
55735,ZCTA_NEAREST_ACTIVE_OUTLET,MN0031,014,14.082,ZCTA_NN;R6371;TIE_FIRST_LEX,ZCTA_NN_HAVERSINE;NOT_ELIGIBILITY;NOT_USPS_VALIDITY;NO_INVENTORY
55736,ZCTA_NEAREST_ACTIVE_OUTLET,MN0010,002,44.722,ZCTA_NN;R6371;TIE_FIRST_LEX,ZCTA_NN_HAVERSINE;NOT_ELIGIBILITY;NOT_USPS_VALIDITY;NO_INVENTORY
55738,ZCTA_NEAREST_ACTIVE_OUTLET,MN0015,002,23.967,ZCTA_NN;R6371;TIE_FIRST_LEX,ZCTA_NN_HAVERSINE;NOT_ELIGIBILITY;NOT_USPS_VALIDITY;NO_INVENTORY
55741,EXACT_IMLS_OUTLET_ZIP,MN0016,002,,EXACT_OUTLET;TIE_FSCSKEY_SEQ,EXACT_OUTLET;NOT_USPS_VALIDITY;NO_INVENTORY
55742,ZCTA_NEAREST_ACTIVE_OUTLET,MN0007,002,19.699,ZCTA_NN;R6371;TIE_FIRST_LEX,ZCTA_NN_HAVERSINE;NOT_ELIGIBILITY;NOT_USPS_VALIDITY;NO_INVENTORY
55744,EXACT_IMLS_OUTLET_ZIP,MN0018,002,,EXACT_OUTLET;TIE_FSCSKEY_SEQ,EXACT_OUTLET;NOT_USPS_VALIDITY;NO_INVENTORY
55746,EXACT_IMLS_OUTLET_ZIP,MN0019,002,,EXACT_OUTLET;TIE_FSCSKEY_SEQ,EXACT_OUTLET;NOT_USPS_VALIDITY;NO_INVENTORY
55748,ZCTA_NEAREST_ACTIVE_OUTLET,MN0018,002,27.234,ZCTA_NN;R6371;TIE_FIRST_LEX,ZCTA_NN_HAVERSINE;NOT_ELIGIBILITY;NOT_USPS_VALIDITY;NO_INVENTORY
55749,ZCTA_NEAREST_ACTIVE_OUTLET,MN0026,002,24.452,ZCTA_NN;R6371;TIE_FIRST_LEX,ZCTA_NN_HAVERSINE;NOT_ELIGIBILITY;NOT_USPS_VALIDITY;NO_INVENTORY
55750,EXACT_IMLS_OUTLET_ZIP,MN0020,002,,EXACT_OUTLET;TIE_FSCSKEY_SEQ,EXACT_OUTLET;NOT_USPS_VALIDITY;NO_INVENTORY
55751,ZCTA_NEAREST_ACTIVE_OUTLET,MN0015,002,13.111,ZCTA_NN;R6371;TIE_FIRST_LEX,ZCTA_NN_HAVERSINE;NOT_ELIGIBILITY;NOT_USPS_VALIDITY;NO_INVENTORY
55752,ZCTA_NEAREST_ACTIVE_OUTLET,MN0018,002,37.519,ZCTA_NN;R6371;TIE_FIRST_LEX,ZCTA_NN_HAVERSINE;NOT_ELIGIBILITY;NOT_USPS_VALIDITY;NO_INVENTORY
55753,EXACT_IMLS_OUTLET_ZIP,MN0022,002,,EXACT_OUTLET;TIE_FSCSKEY_SEQ,EXACT_OUTLET;NOT_USPS_VALIDITY;NO_INVENTORY
55756,ZCTA_NEAREST_ACTIVE_OUTLET,MN0026,002,15.062,ZCTA_NN;R6371;TIE_FIRST_LEX,ZCTA_NN_HAVERSINE;NOT_ELIGIBILITY;NOT_USPS_VALIDITY;NO_INVENTORY
55757,ZCTA_NEAREST_ACTIVE_OUTLET,MN0026,002,16.366,ZCTA_NN;R6371;TIE_FIRST_LEX,ZCTA_NN_HAVERSINE;NOT_ELIGIBILITY;NOT_USPS_VALIDITY;NO_INVENTORY
55758,EXACT_IMLS_OUTLET_ZIP,MN0023,003,,EXACT_OUTLET;TIE_FSCSKEY_SEQ,EXACT_OUTLET;NOT_USPS_VALIDITY;NO_INVENTORY
55760,EXACT_IMLS_OUTLET_ZIP,MN0031,006,,EXACT_OUTLET;TIE_FSCSKEY_SEQ,EXACT_OUTLET;NOT_USPS_VALIDITY;NO_INVENTORY
55763,ZCTA_NEAREST_ACTIVE_OUTLET,MN0020,002,21.990,ZCTA_NN;R6371;TIE_FIRST_LEX,ZCTA_NN_HAVERSINE;NOT_ELIGIBILITY;NOT_USPS_VALIDITY;NO_INVENTORY
55764,EXACT_IMLS_OUTLET_ZIP,MN0025,002,,EXACT_OUTLET;TIE_FSCSKEY_SEQ,EXACT_OUTLET;NOT_USPS_VALIDITY;NO_INVENTORY
55765,ZCTA_NEAREST_ACTIVE_OUTLET,MN0019,002,39.452,ZCTA_NN;R6371;TIE_FIRST_LEX,ZCTA_NN_HAVERSINE;NOT_ELIGIBILITY;NOT_USPS_VALIDITY;NO_INVENTORY
55767,EXACT_IMLS_OUTLET_ZIP,MN0026,002,,EXACT_OUTLET;TIE_FSCSKEY_SEQ,EXACT_OUTLET;NOT_USPS_VALIDITY;NO_INVENTORY
55768,EXACT_IMLS_OUTLET_ZIP,MN0001,002,,EXACT_OUTLET;TIE_FSCSKEY_SEQ,EXACT_OUTLET;NOT_USPS_VALIDITY;NO_INVENTORY
55769,ZCTA_NEAREST_ACTIVE_OUTLET,MN0022,002,12.082,ZCTA_NN;R6371;TIE_FIRST_LEX,ZCTA_NN_HAVERSINE;NOT_ELIGIBILITY;NOT_USPS_VALIDITY;NO_INVENTORY
55771,ZCTA_NEAREST_ACTIVE_OUTLET,MN0012,002,33.090,ZCTA_NN;R6371;TIE_FIRST_LEX,ZCTA_NN_HAVERSINE;NOT_ELIGIBILITY;NOT_USPS_VALIDITY;NO_INVENTORY
55772,ZCTA_NEAREST_ACTIVE_OUTLET,MN0012,002,41.949,ZCTA_NN;R6371;TIE_FIRST_LEX,ZCTA_NN_HAVERSINE;NOT_ELIGIBILITY;NOT_USPS_VALIDITY;NO_INVENTORY
55775,ZCTA_NEAREST_ACTIVE_OUTLET,MN0007,002,9.224,ZCTA_NN;R6371;TIE_FIRST_LEX,ZCTA_NN_HAVERSINE;NOT_ELIGIBILITY;NOT_USPS_VALIDITY;NO_INVENTORY
55779,ZCTA_NEAREST_ACTIVE_OUTLET,MN0010,002,21.359,ZCTA_NN;R6371;TIE_FIRST_LEX,ZCTA_NN_HAVERSINE;NOT_ELIGIBILITY;NOT_USPS_VALIDITY;NO_INVENTORY
55780,ZCTA_NEAREST_ACTIVE_OUTLET,MN0010,002,18.012,ZCTA_NN;R6371;TIE_FIRST_LEX,ZCTA_NN_HAVERSINE;NOT_ELIGIBILITY;NOT_USPS_VALIDITY;NO_INVENTORY
55781,ZCTA_NEAREST_ACTIVE_OUTLET,MN0009,002,25.247,ZCTA_NN;R6371;TIE_FIRST_LEX,ZCTA_NN_HAVERSINE;NOT_ELIGIBILITY;NOT_USPS_VALIDITY;NO_INVENTORY
55782,ZCTA_NEAREST_ACTIVE_OUTLET,MN0003,002,24.193,ZCTA_NN;R6371;TIE_FIRST_LEX,ZCTA_NN_HAVERSINE;NOT_ELIGIBILITY;NOT_USPS_VALIDITY;NO_INVENTORY
55783,ZCTA_NEAREST_ACTIVE_OUTLET,MN0026,002,12.825,ZCTA_NN;R6371;TIE_FIRST_LEX,ZCTA_NN_HAVERSINE;NOT_ELIGIBILITY;NOT_USPS_VALIDITY;NO_INVENTORY
55784,ZCTA_NEAREST_ACTIVE_OUTLET,MN0007,002,30.692,ZCTA_NN;R6371;TIE_FIRST_LEX,ZCTA_NN_HAVERSINE;NOT_ELIGIBILITY;NOT_USPS_VALIDITY;NO_INVENTORY
55785,ZCTA_NEAREST_ACTIVE_OUTLET,MN9037,001,27.363,ZCTA_NN;R6371;TIE_FIRST_LEX,ZCTA_NN_HAVERSINE;NOT_ELIGIBILITY;NOT_USPS_VALIDITY;NO_INVENTORY
55786,ZCTA_NEAREST_ACTIVE_OUTLET,MN0005,002,3.538,ZCTA_NN;R6371;TIE_FIRST_LEX,ZCTA_NN_HAVERSINE;NOT_ELIGIBILITY;NOT_USPS_VALIDITY;NO_INVENTORY
55787,ZCTA_NEAREST_ACTIVE_OUTLET,MN0031,006,19.959,ZCTA_NN;R6371;TIE_FIRST_LEX,ZCTA_NN_HAVERSINE;NOT_ELIGIBILITY;NOT_USPS_VALIDITY;NO_INVENTORY
55790,ZCTA_NEAREST_ACTIVE_OUTLET,MN0012,002,23.537,ZCTA_NN;R6371;TIE_FIRST_LEX,ZCTA_NN_HAVERSINE;NOT_ELIGIBILITY;NOT_USPS_VALIDITY;NO_INVENTORY
55792,EXACT_IMLS_OUTLET_ZIP,MN0030,002,,EXACT_OUTLET;TIE_FSCSKEY_SEQ,EXACT_OUTLET;NOT_USPS_VALIDITY;NO_INVENTORY
55793,ZCTA_NEAREST_ACTIVE_OUTLET,MN0011,002,21.736,ZCTA_NN;R6371;TIE_FIRST_LEX,ZCTA_NN_HAVERSINE;NOT_ELIGIBILITY;NOT_USPS_VALIDITY;NO_INVENTORY
55795,ZCTA_NEAREST_ACTIVE_OUTLET,MN0031,014,18.718,ZCTA_NN;R6371;TIE_FIRST_LEX,ZCTA_NN_HAVERSINE;NOT_ELIGIBILITY;NOT_USPS_VALIDITY;NO_INVENTORY
55796,ZCTA_NEAREST_ACTIVE_OUTLET,MN0014,002,5.941,ZCTA_NN;R6371;TIE_FIRST_LEX,ZCTA_NN_HAVERSINE;NOT_ELIGIBILITY;NOT_USPS_VALIDITY;NO_INVENTORY
55797,ZCTA_NEAREST_ACTIVE_OUTLET,MN0008,002,11.829,ZCTA_NN;R6371;TIE_FIRST_LEX,ZCTA_NN_HAVERSINE;NOT_ELIGIBILITY;NOT_USPS_VALIDITY;NO_INVENTORY
55798,ZCTA_NEAREST_ACTIVE_OUTLET,MN0031,006,28.909,ZCTA_NN;R6371;TIE_FIRST_LEX,ZCTA_NN_HAVERSINE;NOT_ELIGIBILITY;NOT_USPS_VALIDITY;NO_INVENTORY
55801,OBSERVED_REFERENCE_INDIRECT_ONLY,,,,INDIRECT_IMLS_SC;NO_FABRICATED_NEAREST,INDIRECT_IMLS_SC;NO_FABRICATED_NEAREST;NOT_REJECTED;NOT_USPS_VALIDITY;NO_INVENTORY
55802,EXACT_IMLS_OUTLET_ZIP,MN0013,006,,EXACT_OUTLET;TIE_FSCSKEY_SEQ,EXACT_OUTLET;NOT_USPS_VALIDITY;NO_INVENTORY
55803,EXACT_IMLS_OUTLET_ZIP,MN0013,007,,EXACT_OUTLET;TIE_FSCSKEY_SEQ,EXACT_OUTLET;NOT_USPS_VALIDITY;NO_INVENTORY
55804,ZCTA_NEAREST_ACTIVE_OUTLET,MN0013,007,16.485,ZCTA_NN;R6371;TIE_FIRST_LEX,ZCTA_NN_HAVERSINE;NOT_ELIGIBILITY;NOT_USPS_VALIDITY;NO_INVENTORY
55805,ZCTA_NEAREST_ACTIVE_OUTLET,MN0013,006,2.231,ZCTA_NN;R6371;TIE_FIRST_LEX,ZCTA_NN_HAVERSINE;NOT_ELIGIBILITY;NOT_USPS_VALIDITY;NO_INVENTORY
55806,ZCTA_NEAREST_ACTIVE_OUTLET,MN0013,006,2.278,ZCTA_NN;R6371;TIE_FIRST_LEX,ZCTA_NN_HAVERSINE;NOT_ELIGIBILITY;NOT_USPS_VALIDITY;NO_INVENTORY
55807,EXACT_IMLS_OUTLET_ZIP,MN0013,004,,EXACT_OUTLET;TIE_FSCSKEY_SEQ,EXACT_OUTLET;NOT_USPS_VALIDITY;NO_INVENTORY
55808,ZCTA_NEAREST_ACTIVE_OUTLET,MN0013,004,8.194,ZCTA_NN;R6371;TIE_FIRST_LEX,ZCTA_NN_HAVERSINE;NOT_ELIGIBILITY;NOT_USPS_VALIDITY;NO_INVENTORY
55810,ZCTA_NEAREST_ACTIVE_OUTLET,MN0013,004,7.761,ZCTA_NN;R6371;TIE_FIRST_LEX,ZCTA_NN_HAVERSINE;NOT_ELIGIBILITY;NOT_USPS_VALIDITY;NO_INVENTORY
55811,ZCTA_NEAREST_ACTIVE_OUTLET,MN0013,006,10.932,ZCTA_NN;R6371;TIE_FIRST_LEX,ZCTA_NN_HAVERSINE;NOT_ELIGIBILITY;NOT_USPS_VALIDITY;NO_INVENTORY
55812,ZCTA_NEAREST_ACTIVE_OUTLET,MN0013,007,1.380,ZCTA_NN;R6371;TIE_FIRST_LEX,ZCTA_NN_HAVERSINE;NOT_ELIGIBILITY;NOT_USPS_VALIDITY;NO_INVENTORY
55814,ZCTA_NEAREST_ACTIVE_OUTLET,MN0013,006,9.195,ZCTA_NN;R6371;TIE_FIRST_LEX,ZCTA_NN_HAVERSINE;NOT_ELIGIBILITY;NOT_USPS_VALIDITY;NO_INVENTORY
55816,OBSERVED_REFERENCE_INDIRECT_ONLY,,,,INDIRECT_IMLS_SC;NO_FABRICATED_NEAREST,INDIRECT_IMLS_SC;NO_FABRICATED_NEAREST;NOT_REJECTED;NOT_USPS_VALIDITY;NO_INVENTORY
55901,ZCTA_NEAREST_ACTIVE_OUTLET,MN0090,003,6.867,ZCTA_NN;R6371;TIE_FIRST_LEX,ZCTA_NN_HAVERSINE;NOT_ELIGIBILITY;NOT_USPS_VALIDITY;NO_INVENTORY
55902,ZCTA_NEAREST_ACTIVE_OUTLET,MN0090,003,6.745,ZCTA_NN;R6371;TIE_FIRST_LEX,ZCTA_NN_HAVERSINE;NOT_ELIGIBILITY;NOT_USPS_VALIDITY;NO_INVENTORY
55903,ZCTA_NEAREST_ACTIVE_OUTLET,MN0090,003,1.963,ZCTA_NN;R6371;TIE_FIRST_LEX,ZCTA_NN_HAVERSINE;NOT_ELIGIBILITY;NOT_USPS_VALIDITY;NO_INVENTORY
55904,EXACT_IMLS_OUTLET_ZIP,MN0090,003,,EXACT_OUTLET;TIE_FSCSKEY_SEQ,EXACT_OUTLET;NOT_USPS_VALIDITY;NO_INVENTORY
55905,ZCTA_NEAREST_ACTIVE_OUTLET,MN0090,003,6.448,ZCTA_NN;R6371;TIE_FIRST_LEX,ZCTA_NN_HAVERSINE;NOT_ELIGIBILITY;NOT_USPS_VALIDITY;NO_INVENTORY
55906,ZCTA_NEAREST_ACTIVE_OUTLET,MN0090,003,9.666,ZCTA_NN;R6371;TIE_FIRST_LEX,ZCTA_NN_HAVERSINE;NOT_ELIGIBILITY;NOT_USPS_VALIDITY;NO_INVENTORY
55909,ZCTA_NEAREST_ACTIVE_OUTLET,IA0287,002,14.588,ZCTA_NN;R6371;TIE_FIRST_LEX,ZCTA_NN_HAVERSINE;NOT_ELIGIBILITY;NOT_USPS_VALIDITY;NO_INVENTORY
55910,ZCTA_NEAREST_ACTIVE_OUTLET,MN0087,002,16.299,ZCTA_NN;R6371;TIE_FIRST_LEX,ZCTA_NN_HAVERSINE;NOT_ELIGIBILITY;NOT_USPS_VALIDITY;NO_INVENTORY
55912,EXACT_IMLS_OUTLET_ZIP,MN0070,007,,EXACT_OUTLET;TIE_FSCSKEY_SEQ,EXACT_OUTLET;NOT_USPS_VALIDITY;NO_INVENTORY
55917,EXACT_IMLS_OUTLET_ZIP,MN0085,002,,EXACT_OUTLET;TIE_FSCSKEY_SEQ,EXACT_OUTLET;NOT_USPS_VALIDITY;NO_INVENTORY
55918,EXACT_IMLS_OUTLET_ZIP,MN9024,001,,EXACT_OUTLET;TIE_FSCSKEY_SEQ,EXACT_OUTLET;NOT_USPS_VALIDITY;NO_INVENTORY
55919,ZCTA_NEAREST_ACTIVE_OUTLET,IA0149,002,13.834,ZCTA_NN;R6371;TIE_FIRST_LEX,ZCTA_NN_HAVERSINE;NOT_ELIGIBILITY;NOT_USPS_VALIDITY;NO_INVENTORY
55920,ZCTA_NEAREST_ACTIVE_OUTLET,MN0078,002,11.028,ZCTA_NN;R6371;TIE_FIRST_LEX,ZCTA_NN_HAVERSINE;NOT_ELIGIBILITY;NOT_USPS_VALIDITY;NO_INVENTORY
55921,EXACT_IMLS_OUTLET_ZIP,MN0071,002,,EXACT_OUTLET;TIE_FSCSKEY_SEQ,EXACT_OUTLET;NOT_USPS_VALIDITY;NO_INVENTORY
55922,ZCTA_NEAREST_ACTIVE_OUTLET,MN0076,002,9.585,ZCTA_NN;R6371;TIE_FIRST_LEX,ZCTA_NN_HAVERSINE;NOT_ELIGIBILITY;NOT_USPS_VALIDITY;NO_INVENTORY
55923,EXACT_IMLS_OUTLET_ZIP,MN0073,002,,EXACT_OUTLET;TIE_FSCSKEY_SEQ,EXACT_OUTLET;NOT_USPS_VALIDITY;NO_INVENTORY
55924,ZCTA_NEAREST_ACTIVE_OUTLET,MN0074,002,12.832,ZCTA_NN;R6371;TIE_FIRST_LEX,ZCTA_NN_HAVERSINE;NOT_ELIGIBILITY;NOT_USPS_VALIDITY;NO_INVENTORY
55925,ZCTA_NEAREST_ACTIVE_OUTLET,WI0323,002,10.519,ZCTA_NN;R6371;TIE_FIRST_LEX,ZCTA_NN_HAVERSINE;NOT_ELIGIBILITY;NOT_USPS_VALIDITY;NO_INVENTORY
55926,ZCTA_NEAREST_ACTIVE_OUTLET,MN9025,001,11.627,ZCTA_NN;R6371;TIE_FIRST_LEX,ZCTA_NN_HAVERSINE;NOT_ELIGIBILITY;NOT_USPS_VALIDITY;NO_INVENTORY
55927,EXACT_IMLS_OUTLET_ZIP,MN0074,002,,EXACT_OUTLET;TIE_FSCSKEY_SEQ,EXACT_OUTLET;NOT_USPS_VALIDITY;NO_INVENTORY
55929,ZCTA_NEAREST_ACTIVE_OUTLET,MN0092,002,6.351,ZCTA_NN;R6371;TIE_FIRST_LEX,ZCTA_NN_HAVERSINE;NOT_ELIGIBILITY;NOT_USPS_VALIDITY;NO_INVENTORY
55931,ZCTA_NEAREST_ACTIVE_OUTLET,IA0149,002,7.940,ZCTA_NN;R6371;TIE_FIRST_LEX,ZCTA_NN_HAVERSINE;NOT_ELIGIBILITY;NOT_USPS_VALIDITY;NO_INVENTORY
55932,ZCTA_NEAREST_ACTIVE_OUTLET,MN0087,002,10.265,ZCTA_NN;R6371;TIE_FIRST_LEX,ZCTA_NN_HAVERSINE;NOT_ELIGIBILITY;NOT_USPS_VALIDITY;NO_INVENTORY
55933,ZCTA_NEAREST_ACTIVE_OUTLET,MN9025,001,11.176,ZCTA_NN;R6371;TIE_FIRST_LEX,ZCTA_NN_HAVERSINE;NOT_ELIGIBILITY;NOT_USPS_VALIDITY;NO_INVENTORY
55934,ZCTA_NEAREST_ACTIVE_OUTLET,MN0090,003,15.728,ZCTA_NN;R6371;TIE_FIRST_LEX,ZCTA_NN_HAVERSINE;NOT_ELIGIBILITY;NOT_USPS_VALIDITY;NO_INVENTORY
55935,ZCTA_NEAREST_ACTIVE_OUTLET,MN0088,002,9.261,ZCTA_NN;R6371;TIE_FIRST_LEX,ZCTA_NN_HAVERSINE;NOT_ELIGIBILITY;NOT_USPS_VALIDITY;NO_INVENTORY
55936,EXACT_IMLS_OUTLET_ZIP,MN9025,001,,EXACT_OUTLET;TIE_FSCSKEY_SEQ,EXACT_OUTLET;NOT_USPS_VALIDITY;NO_INVENTORY
55939,EXACT_IMLS_OUTLET_ZIP,MN0076,002,,EXACT_OUTLET;TIE_FSCSKEY_SEQ,EXACT_OUTLET;NOT_USPS_VALIDITY;NO_INVENTORY
55940,ZCTA_NEAREST_ACTIVE_OUTLET,MN0074,002,14.904,ZCTA_NN;R6371;TIE_FIRST_LEX,ZCTA_NN_HAVERSINE;NOT_ELIGIBILITY;NOT_USPS_VALIDITY;NO_INVENTORY
55941,EXACT_IMLS_OUTLET_ZIP,MN0077,002,,EXACT_OUTLET;TIE_FSCSKEY_SEQ,EXACT_OUTLET;NOT_USPS_VALIDITY;NO_INVENTORY
55943,EXACT_IMLS_OUTLET_ZIP,MN9036,001,,EXACT_OUTLET;TIE_FSCSKEY_SEQ,EXACT_OUTLET;NOT_USPS_VALIDITY;NO_INVENTORY
55944,EXACT_IMLS_OUTLET_ZIP,MN0078,002,,EXACT_OUTLET;TIE_FSCSKEY_SEQ,EXACT_OUTLET;NOT_USPS_VALIDITY;NO_INVENTORY
55945,ZCTA_NEAREST_ACTIVE_OUTLET,WI0005,002,12.567,ZCTA_NN;R6371;TIE_FIRST_LEX,ZCTA_NN_HAVERSINE;NOT_ELIGIBILITY;NOT_USPS_VALIDITY;NO_INVENTORY
55946,EXACT_IMLS_OUTLET_ZIP,MN0079,002,,EXACT_OUTLET;TIE_FSCSKEY_SEQ,EXACT_OUTLET;NOT_USPS_VALIDITY;NO_INVENTORY
55947,EXACT_IMLS_OUTLET_ZIP,MN0080,002,,EXACT_OUTLET;TIE_FSCSKEY_SEQ,EXACT_OUTLET;NOT_USPS_VALIDITY;NO_INVENTORY
55949,EXACT_IMLS_OUTLET_ZIP,MN0082,002,,EXACT_OUTLET;TIE_FSCSKEY_SEQ,EXACT_OUTLET;NOT_USPS_VALIDITY;NO_INVENTORY
55950,ZCTA_NEAREST_ACTIVE_OUTLET,MN9024,001,7.831,ZCTA_NN;R6371;TIE_FIRST_LEX,ZCTA_NN_HAVERSINE;NOT_ELIGIBILITY;NOT_USPS_VALIDITY;NO_INVENTORY
55951,EXACT_IMLS_OUTLET_ZIP,MN9026,001,,EXACT_OUTLET;TIE_FSCSKEY_SEQ,EXACT_OUTLET;NOT_USPS_VALIDITY;NO_INVENTORY
55952,ZCTA_NEAREST_ACTIVE_OUTLET,MN0091,002,16.485,ZCTA_NN;R6371;TIE_FIRST_LEX,ZCTA_NN_HAVERSINE;NOT_ELIGIBILITY;NOT_USPS_VALIDITY;NO_INVENTORY
55953,ZCTA_NEAREST_ACTIVE_OUTLET,MN0070,007,15.822,ZCTA_NN;R6371;TIE_FIRST_LEX,ZCTA_NN_HAVERSINE;NOT_ELIGIBILITY;NOT_USPS_VALIDITY;NO_INVENTORY
55954,EXACT_IMLS_OUTLET_ZIP,MN0083,002,,EXACT_OUTLET;TIE_FSCSKEY_SEQ,EXACT_OUTLET;NOT_USPS_VALIDITY;NO_INVENTORY
55955,ZCTA_NEAREST_ACTIVE_OUTLET,MN0078,002,6.445,ZCTA_NN;R6371;TIE_FIRST_LEX,ZCTA_NN_HAVERSINE;NOT_ELIGIBILITY;NOT_USPS_VALIDITY;NO_INVENTORY
55956,ZCTA_NEAREST_ACTIVE_OUTLET,MN0098,002,11.423,ZCTA_NN;R6371;TIE_FIRST_LEX,ZCTA_NN_HAVERSINE;NOT_ELIGIBILITY;NOT_USPS_VALIDITY;NO_INVENTORY
55957,ZCTA_NEAREST_ACTIVE_OUTLET,MN0087,002,13.940,ZCTA_NN;R6371;TIE_FIRST_LEX,ZCTA_NN_HAVERSINE;NOT_ELIGIBILITY;NOT_USPS_VALIDITY;NO_INVENTORY
55959,ZCTA_NEAREST_ACTIVE_OUTLET,MN0097,002,14.696,ZCTA_NN;R6371;TIE_FIRST_LEX,ZCTA_NN_HAVERSINE;NOT_ELIGIBILITY;NOT_USPS_VALIDITY;NO_INVENTORY
55960,ZCTA_NEAREST_ACTIVE_OUTLET,MN0086,002,11.063,ZCTA_NN;R6371;TIE_FIRST_LEX,ZCTA_NN_HAVERSINE;NOT_ELIGIBILITY;NOT_USPS_VALIDITY;NO_INVENTORY
55961,ZCTA_NEAREST_ACTIVE_OUTLET,MN9026,001,10.712,ZCTA_NN;R6371;TIE_FIRST_LEX,ZCTA_NN_HAVERSINE;NOT_ELIGIBILITY;NOT_USPS_VALIDITY;NO_INVENTORY
55962,ZCTA_NEAREST_ACTIVE_OUTLET,MN0091,002,9.097,ZCTA_NN;R6371;TIE_FIRST_LEX,ZCTA_NN_HAVERSINE;NOT_ELIGIBILITY;NOT_USPS_VALIDITY;NO_INVENTORY
55963,EXACT_IMLS_OUTLET_ZIP,MN0086,002,,EXACT_OUTLET;TIE_FSCSKEY_SEQ,EXACT_OUTLET;NOT_USPS_VALIDITY;NO_INVENTORY
55964,EXACT_IMLS_OUTLET_ZIP,MN0087,002,,EXACT_OUTLET;TIE_FSCSKEY_SEQ,EXACT_OUTLET;NOT_USPS_VALIDITY;NO_INVENTORY
55965,EXACT_IMLS_OUTLET_ZIP,MN0088,002,,EXACT_OUTLET;TIE_FSCSKEY_SEQ,EXACT_OUTLET;NOT_USPS_VALIDITY;NO_INVENTORY
55967,ZCTA_NEAREST_ACTIVE_OUTLET,MN0094,002,7.115,ZCTA_NN;R6371;TIE_FIRST_LEX,ZCTA_NN_HAVERSINE;NOT_ELIGIBILITY;NOT_USPS_VALIDITY;NO_INVENTORY
55968,ZCTA_NEAREST_ACTIVE_OUTLET,MN0095,002,4.771,ZCTA_NN;R6371;TIE_FIRST_LEX,ZCTA_NN_HAVERSINE;NOT_ELIGIBILITY;NOT_USPS_VALIDITY;NO_INVENTORY
55969,ZCTA_NEAREST_ACTIVE_OUTLET,MN0097,002,19.168,ZCTA_NN;R6371;TIE_FIRST_LEX,ZCTA_NN_HAVERSINE;NOT_ELIGIBILITY;NOT_USPS_VALIDITY;NO_INVENTORY
55970,ZCTA_NEAREST_ACTIVE_OUTLET,MN0070,007,13.894,ZCTA_NN;R6371;TIE_FIRST_LEX,ZCTA_NN_HAVERSINE;NOT_ELIGIBILITY;NOT_USPS_VALIDITY;NO_INVENTORY
55971,EXACT_IMLS_OUTLET_ZIP,MN0091,002,,EXACT_OUTLET;TIE_FSCSKEY_SEQ,EXACT_OUTLET;NOT_USPS_VALIDITY;NO_INVENTORY
55972,EXACT_IMLS_OUTLET_ZIP,MN0092,002,,EXACT_OUTLET;TIE_FSCSKEY_SEQ,EXACT_OUTLET;NOT_USPS_VALIDITY;NO_INVENTORY
55973,ZCTA_NEAREST_ACTIVE_OUTLET,MN9024,001,10.781,ZCTA_NN;R6371;TIE_FIRST_LEX,ZCTA_NN_HAVERSINE;NOT_ELIGIBILITY;NOT_USPS_VALIDITY;NO_INVENTORY
55974,EXACT_IMLS_OUTLET_ZIP,MN9035,001,,EXACT_OUTLET;TIE_FSCSKEY_SEQ,EXACT_OUTLET;NOT_USPS_VALIDITY;NO_INVENTORY
55975,EXACT_IMLS_OUTLET_ZIP,MN0093,002,,EXACT_OUTLET;TIE_FSCSKEY_SEQ,EXACT_OUTLET;NOT_USPS_VALIDITY;NO_INVENTORY
55976,EXACT_IMLS_OUTLET_ZIP,MN0094,002,,EXACT_OUTLET;TIE_FSCSKEY_SEQ,EXACT_OUTLET;NOT_USPS_VALIDITY;NO_INVENTORY
55977,ZCTA_NEAREST_ACTIVE_OUTLET,MN9026,001,12.564,ZCTA_NN;R6371;TIE_FIRST_LEX,ZCTA_NN_HAVERSINE;NOT_ELIGIBILITY;NOT_USPS_VALIDITY;NO_INVENTORY
55979,ZCTA_NEAREST_ACTIVE_OUTLET,MN0092,002,10.435,ZCTA_NN;R6371;TIE_FIRST_LEX,ZCTA_NN_HAVERSINE;NOT_ELIGIBILITY;NOT_USPS_VALIDITY;NO_INVENTORY
55981,EXACT_IMLS_OUTLET_ZIP,MN0095,002,,EXACT_OUTLET;TIE_FSCSKEY_SEQ,EXACT_OUTLET;NOT_USPS_VALIDITY;NO_INVENTORY
55982,ZCTA_NEAREST_ACTIVE_OUTLET,MN9024,001,8.447,ZCTA_NN;R6371;TIE_FIRST_LEX,ZCTA_NN_HAVERSINE;NOT_ELIGIBILITY;NOT_USPS_VALIDITY;NO_INVENTORY
55983,ZCTA_NEAREST_ACTIVE_OUTLET,MN0098,002,10.875,ZCTA_NN;R6371;TIE_FIRST_LEX,ZCTA_NN_HAVERSINE;NOT_ELIGIBILITY;NOT_USPS_VALIDITY;NO_INVENTORY
55985,EXACT_IMLS_OUTLET_ZIP,MN0096,002,,EXACT_OUTLET;TIE_FSCSKEY_SEQ,EXACT_OUTLET;NOT_USPS_VALIDITY;NO_INVENTORY
55987,EXACT_IMLS_OUTLET_ZIP,MN0097,002,,EXACT_OUTLET;TIE_FSCSKEY_SEQ,EXACT_OUTLET;NOT_USPS_VALIDITY;NO_INVENTORY
55990,ZCTA_NEAREST_ACTIVE_OUTLET,MN0093,002,11.491,ZCTA_NN;R6371;TIE_FIRST_LEX,ZCTA_NN_HAVERSINE;NOT_ELIGIBILITY;NOT_USPS_VALIDITY;NO_INVENTORY
55991,ZCTA_NEAREST_ACTIVE_OUTLET,MN0086,002,19.306,ZCTA_NN;R6371;TIE_FIRST_LEX,ZCTA_NN_HAVERSINE;NOT_ELIGIBILITY;NOT_USPS_VALIDITY;NO_INVENTORY
55992,EXACT_IMLS_OUTLET_ZIP,MN0098,002,,EXACT_OUTLET;TIE_FSCSKEY_SEQ,EXACT_OUTLET;NOT_USPS_VALIDITY;NO_INVENTORY
56001,EXACT_IMLS_OUTLET_ZIP,MN0106,007,,EXACT_OUTLET;TIE_FSCSKEY_SEQ,EXACT_OUTLET;NOT_USPS_VALIDITY;NO_INVENTORY
56002,OBSERVED_REFERENCE_INDIRECT_ONLY,,,,INDIRECT_IMLS_SC;NO_FABRICATED_NEAREST,INDIRECT_IMLS_SC;NO_FABRICATED_NEAREST;NOT_REJECTED;NOT_USPS_VALIDITY;NO_INVENTORY
56003,EXACT_IMLS_OUTLET_ZIP,MN9027,001,,EXACT_OUTLET;TIE_FSCSKEY_SEQ,EXACT_OUTLET;NOT_USPS_VALIDITY;NO_INVENTORY
56007,EXACT_IMLS_OUTLET_ZIP,MN0069,002,,EXACT_OUTLET;TIE_FSCSKEY_SEQ,EXACT_OUTLET;NOT_USPS_VALIDITY;NO_INVENTORY
56009,ZCTA_NEAREST_ACTIVE_OUTLET,MN0069,002,14.778,ZCTA_NN;R6371;TIE_FIRST_LEX,ZCTA_NN_HAVERSINE;NOT_ELIGIBILITY;NOT_USPS_VALIDITY;NO_INVENTORY
56010,ZCTA_NEAREST_ACTIVE_OUTLET,MN9010,001,13.113,ZCTA_NN;R6371;TIE_FIRST_LEX,ZCTA_NN_HAVERSINE;NOT_ELIGIBILITY;NOT_USPS_VALIDITY;NO_INVENTORY
56011,EXACT_IMLS_OUTLET_ZIP,MN0045,009,,EXACT_OUTLET;TIE_FSCSKEY_SEQ,EXACT_OUTLET;NOT_USPS_VALIDITY;NO_INVENTORY
56013,EXACT_IMLS_OUTLET_ZIP,MN9013,001,,EXACT_OUTLET;TIE_FSCSKEY_SEQ,EXACT_OUTLET;NOT_USPS_VALIDITY;NO_INVENTORY
56014,ZCTA_NEAREST_ACTIVE_OUTLET,IA0269,002,13.627,ZCTA_NN;R6371;TIE_FIRST_LEX,ZCTA_NN_HAVERSINE;NOT_ELIGIBILITY;NOT_USPS_VALIDITY;NO_INVENTORY
56016,ZCTA_NEAREST_ACTIVE_OUTLET,MN0069,002,12.632,ZCTA_NN;R6371;TIE_FIRST_LEX,ZCTA_NN_HAVERSINE;NOT_ELIGIBILITY;NOT_USPS_VALIDITY;NO_INVENTORY
56017,ZCTA_NEAREST_ACTIVE_OUTLET,MN9028,001,11.748,ZCTA_NN;R6371;TIE_FIRST_LEX,ZCTA_NN_HAVERSINE;NOT_ELIGIBILITY;NOT_USPS_VALIDITY;NO_INVENTORY
56019,EXACT_IMLS_OUTLET_ZIP,MN0099,003,,EXACT_OUTLET;TIE_FSCSKEY_SEQ,EXACT_OUTLET;NOT_USPS_VALIDITY;NO_INVENTORY
56020,ZCTA_NEAREST_ACTIVE_OUTLET,MN0069,002,13.686,ZCTA_NN;R6371;TIE_FIRST_LEX,ZCTA_NN_HAVERSINE;NOT_ELIGIBILITY;NOT_USPS_VALIDITY;NO_INVENTORY
56021,ZCTA_NEAREST_ACTIVE_OUTLET,MN0101,002,11.856,ZCTA_NN;R6371;TIE_FIRST_LEX,ZCTA_NN_HAVERSINE;NOT_ELIGIBILITY;NOT_USPS_VALIDITY;NO_INVENTORY
56022,EXACT_IMLS_OUTLET_ZIP,MN0108,003,,EXACT_OUTLET;TIE_FSCSKEY_SEQ,EXACT_OUTLET;NOT_USPS_VALIDITY;NO_INVENTORY
56023,ZCTA_NEAREST_ACTIVE_OUTLET,MN9010,001,12.274,ZCTA_NN;R6371;TIE_FIRST_LEX,ZCTA_NN_HAVERSINE;NOT_ELIGIBILITY;NOT_USPS_VALIDITY;NO_INVENTORY
56024,ZCTA_NEAREST_ACTIVE_OUTLET,MN0107,002,10.852,ZCTA_NN;R6371;TIE_FIRST_LEX,ZCTA_NN_HAVERSINE;NOT_ELIGIBILITY;NOT_USPS_VALIDITY;NO_INVENTORY
56025,ZCTA_NEAREST_ACTIVE_OUTLET,MN9011,001,15.374,ZCTA_NN;R6371;TIE_FIRST_LEX,ZCTA_NN_HAVERSINE;NOT_ELIGIBILITY;NOT_USPS_VALIDITY;NO_INVENTORY
56026,ZCTA_NEAREST_ACTIVE_OUTLET,MN0107,006,16.283,ZCTA_NN;R6371;TIE_FIRST_LEX,ZCTA_NN_HAVERSINE;NOT_ELIGIBILITY;NOT_USPS_VALIDITY;NO_INVENTORY
56027,EXACT_IMLS_OUTLET_ZIP,MN9012,001,,EXACT_OUTLET;TIE_FSCSKEY_SEQ,EXACT_OUTLET;NOT_USPS_VALIDITY;NO_INVENTORY
56028,EXACT_IMLS_OUTLET_ZIP,MN0107,010,,EXACT_OUTLET;TIE_FSCSKEY_SEQ,EXACT_OUTLET;NOT_USPS_VALIDITY;NO_INVENTORY
56029,ZCTA_NEAREST_ACTIVE_OUTLET,IA0268,002,10.990,ZCTA_NN;R6371;TIE_FIRST_LEX,ZCTA_NN_HAVERSINE;NOT_ELIGIBILITY;NOT_USPS_VALIDITY;NO_INVENTORY
56030,ZCTA_NEAREST_ACTIVE_OUTLET,MN0102,002,10.183,ZCTA_NN;R6371;TIE_FIRST_LEX,ZCTA_NN_HAVERSINE;NOT_ELIGIBILITY;NOT_USPS_VALIDITY;NO_INVENTORY
56031,EXACT_IMLS_OUTLET_ZIP,MN0105,004,,EXACT_OUTLET;TIE_FSCSKEY_SEQ,EXACT_OUTLET;NOT_USPS_VALIDITY;NO_INVENTORY
56032,ZCTA_NEAREST_ACTIVE_OUTLET,MN9011,001,13.180,ZCTA_NN;R6371;TIE_FIRST_LEX,ZCTA_NN_HAVERSINE;NOT_ELIGIBILITY;NOT_USPS_VALIDITY;NO_INVENTORY
56033,ZCTA_NEAREST_ACTIVE_OUTLET,IA0269,002,9.062,ZCTA_NN;R6371;TIE_FIRST_LEX,ZCTA_NN_HAVERSINE;NOT_ELIGIBILITY;NOT_USPS_VALIDITY;NO_INVENTORY
56034,ZCTA_NEAREST_ACTIVE_OUTLET,MN0106,006,9.268,ZCTA_NN;R6371;TIE_FIRST_LEX,ZCTA_NN_HAVERSINE;NOT_ELIGIBILITY;NOT_USPS_VALIDITY;NO_INVENTORY
56035,ZCTA_NEAREST_ACTIVE_OUTLET,MN0085,002,18.654,ZCTA_NN;R6371;TIE_FIRST_LEX,ZCTA_NN_HAVERSINE;NOT_ELIGIBILITY;NOT_USPS_VALIDITY;NO_INVENTORY
56036,ZCTA_NEAREST_ACTIVE_OUTLET,IA0283,002,12.089,ZCTA_NN;R6371;TIE_FIRST_LEX,ZCTA_NN_HAVERSINE;NOT_ELIGIBILITY;NOT_USPS_VALIDITY;NO_INVENTORY
56037,ZCTA_NEAREST_ACTIVE_OUTLET,MN0106,008,11.361,ZCTA_NN;R6371;TIE_FIRST_LEX,ZCTA_NN_HAVERSINE;NOT_ELIGIBILITY;NOT_USPS_VALIDITY;NO_INVENTORY
56039,ZCTA_NEAREST_ACTIVE_OUTLET,MN0105,004,11.104,ZCTA_NN;R6371;TIE_FIRST_LEX,ZCTA_NN_HAVERSINE;NOT_ELIGIBILITY;NOT_USPS_VALIDITY;NO_INVENTORY
56041,EXACT_IMLS_OUTLET_ZIP,MN0100,002,,EXACT_OUTLET;TIE_FSCSKEY_SEQ,EXACT_OUTLET;NOT_USPS_VALIDITY;NO_INVENTORY
56042,ZCTA_NEAREST_ACTIVE_OUTLET,MN0107,006,9.961,ZCTA_NN;R6371;TIE_FIRST_LEX,ZCTA_NN_HAVERSINE;NOT_ELIGIBILITY;NOT_USPS_VALIDITY;NO_INVENTORY
56043,ZCTA_NEAREST_ACTIVE_OUTLET,MN0069,002,11.650,ZCTA_NN;R6371;TIE_FIRST_LEX,ZCTA_NN_HAVERSINE;NOT_ELIGIBILITY;NOT_USPS_VALIDITY;NO_INVENTORY
56044,EXACT_IMLS_OUTLET_ZIP,MN9041,001,,EXACT_OUTLET;TIE_FSCSKEY_SEQ,EXACT_OUTLET;NOT_USPS_VALIDITY;NO_INVENTORY
56045,ZCTA_NEAREST_ACTIVE_OUTLET,MN0069,002,17.131,ZCTA_NN;R6371;TIE_FIRST_LEX,ZCTA_NN_HAVERSINE;NOT_ELIGIBILITY;NOT_USPS_VALIDITY;NO_INVENTORY
56046,ZCTA_NEAREST_ACTIVE_OUTLET,MN0085,003,13.540,ZCTA_NN;R6371;TIE_FIRST_LEX,ZCTA_NN_HAVERSINE;NOT_ELIGIBILITY;NOT_USPS_VALIDITY;NO_INVENTORY
56047,OBSERVED_REFERENCE_INDIRECT_ONLY,,,,INDIRECT_IMLS_SC;NO_FABRICATED_NEAREST,INDIRECT_IMLS_SC;NO_FABRICATED_NEAREST;NOT_REJECTED;NOT_USPS_VALIDITY;NO_INVENTORY
56048,EXACT_IMLS_OUTLET_ZIP,MN0107,002,,EXACT_OUTLET;TIE_FSCSKEY_SEQ,EXACT_OUTLET;NOT_USPS_VALIDITY;NO_INVENTORY
56050,ZCTA_NEAREST_ACTIVE_OUTLET,MN9028,001,7.346,ZCTA_NN;R6371;TIE_FIRST_LEX,ZCTA_NN_HAVERSINE;NOT_ELIGIBILITY;NOT_USPS_VALIDITY;NO_INVENTORY
56051,ZCTA_NEAREST_ACTIVE_OUTLET,IA0269,002,17.901,ZCTA_NN;R6371;TIE_FIRST_LEX,ZCTA_NN_HAVERSINE;NOT_ELIGIBILITY;NOT_USPS_VALIDITY;NO_INVENTORY
56052,ZCTA_NEAREST_ACTIVE_OUTLET,MN0107,008,12.173,ZCTA_NN;R6371;TIE_FIRST_LEX,ZCTA_NN_HAVERSINE;NOT_ELIGIBILITY;NOT_USPS_VALIDITY;NO_INVENTORY
56054,ZCTA_NEAREST_ACTIVE_OUTLET,MN9030,005,11.861,ZCTA_NN;R6371;TIE_FIRST_LEX,ZCTA_NN_HAVERSINE;NOT_ELIGIBILITY;NOT_USPS_VALIDITY;NO_INVENTORY
56055,EXACT_IMLS_OUTLET_ZIP,MN0106,006,,EXACT_OUTLET;TIE_FSCSKEY_SEQ,EXACT_OUTLET;NOT_USPS_VALIDITY;NO_INVENTORY
56056,ZCTA_NEAREST_ACTIVE_OUTLET,MN0100,002,10.807,ZCTA_NN;R6371;TIE_FIRST_LEX,ZCTA_NN_HAVERSINE;NOT_ELIGIBILITY;NOT_USPS_VALIDITY;NO_INVENTORY
56057,EXACT_IMLS_OUTLET_ZIP,MN0107,003,,EXACT_OUTLET;TIE_FSCSKEY_SEQ,EXACT_OUTLET;NOT_USPS_VALIDITY;NO_INVENTORY
56058,EXACT_IMLS_OUTLET_ZIP,MN0107,004,,EXACT_OUTLET;TIE_FSCSKEY_SEQ,EXACT_OUTLET;NOT_USPS_VALIDITY;NO_INVENTORY
56060,EXACT_IMLS_OUTLET_ZIP,MN0108,004,,EXACT_OUTLET;TIE_FSCSKEY_SEQ,EXACT_OUTLET;NOT_USPS_VALIDITY;NO_INVENTORY
56062,EXACT_IMLS_OUTLET_ZIP,MN0108,005,,EXACT_OUTLET;TIE_FSCSKEY_SEQ,EXACT_OUTLET;NOT_USPS_VALIDITY;NO_INVENTORY
56063,ZCTA_NEAREST_ACTIVE_OUTLET,MN0107,010,11.831,ZCTA_NN;R6371;TIE_FIRST_LEX,ZCTA_NN_HAVERSINE;NOT_ELIGIBILITY;NOT_USPS_VALIDITY;NO_INVENTORY
56065,EXACT_IMLS_OUTLET_ZIP,MN0106,008,,EXACT_OUTLET;TIE_FSCSKEY_SEQ,EXACT_OUTLET;NOT_USPS_VALIDITY;NO_INVENTORY
56068,ZCTA_NEAREST_ACTIVE_OUTLET,MN0107,013,11.497,ZCTA_NN;R6371;TIE_FIRST_LEX,ZCTA_NN_HAVERSINE;NOT_ELIGIBILITY;NOT_USPS_VALIDITY;NO_INVENTORY
56069,EXACT_IMLS_OUTLET_ZIP,MN0107,005,,EXACT_OUTLET;TIE_FSCSKEY_SEQ,EXACT_OUTLET;NOT_USPS_VALIDITY;NO_INVENTORY
56071,EXACT_IMLS_OUTLET_ZIP,MN0045,005,,EXACT_OUTLET;TIE_FSCSKEY_SEQ,EXACT_OUTLET;NOT_USPS_VALIDITY;NO_INVENTORY
56072,EXACT_IMLS_OUTLET_ZIP,MN0107,006,,EXACT_OUTLET;TIE_FSCSKEY_SEQ,EXACT_OUTLET;NOT_USPS_VALIDITY;NO_INVENTORY
56073,EXACT_IMLS_OUTLET_ZIP,MN0101,002,,EXACT_OUTLET;TIE_FSCSKEY_SEQ,EXACT_OUTLET;NOT_USPS_VALIDITY;NO_INVENTORY
56074,ZCTA_NEAREST_ACTIVE_OUTLET,MN9028,001,18.463,ZCTA_NN;R6371;TIE_FIRST_LEX,ZCTA_NN_HAVERSINE;NOT_ELIGIBILITY;NOT_USPS_VALIDITY;NO_INVENTORY
56075,ZCTA_NEAREST_ACTIVE_OUTLET,MN0105,004,9.268,ZCTA_NN;R6371;TIE_FIRST_LEX,ZCTA_NN_HAVERSINE;NOT_ELIGIBILITY;NOT_USPS_VALIDITY;NO_INVENTORY
56078,ZCTA_NEAREST_ACTIVE_OUTLET,MN0107,013,9.570,ZCTA_NN;R6371;TIE_FIRST_LEX,ZCTA_NN_HAVERSINE;NOT_ELIGIBILITY;NOT_USPS_VALIDITY;NO_INVENTORY
56080,ZCTA_NEAREST_ACTIVE_OUTLET,MN0107,002,12.617,ZCTA_NN;R6371;TIE_FIRST_LEX,ZCTA_NN_HAVERSINE;NOT_ELIGIBILITY;NOT_USPS_VALIDITY;NO_INVENTORY
56081,EXACT_IMLS_OUTLET_ZIP,MN0108,006,,EXACT_OUTLET;TIE_FSCSKEY_SEQ,EXACT_OUTLET;NOT_USPS_VALIDITY;NO_INVENTORY
56082,EXACT_IMLS_OUTLET_ZIP,MN9028,001,,EXACT_OUTLET;TIE_FSCSKEY_SEQ,EXACT_OUTLET;NOT_USPS_VALIDITY;NO_INVENTORY
56083,ZCTA_NEAREST_ACTIVE_OUTLET,MN0124,002,10.654,ZCTA_NN;R6371;TIE_FIRST_LEX,ZCTA_NN_HAVERSINE;NOT_ELIGIBILITY;NOT_USPS_VALIDITY;NO_INVENTORY
56085,EXACT_IMLS_OUTLET_ZIP,MN0102,002,,EXACT_OUTLET;TIE_FSCSKEY_SEQ,EXACT_OUTLET;NOT_USPS_VALIDITY;NO_INVENTORY
56087,EXACT_IMLS_OUTLET_ZIP,MN0103,002,,EXACT_OUTLET;TIE_FSCSKEY_SEQ,EXACT_OUTLET;NOT_USPS_VALIDITY;NO_INVENTORY
56088,EXACT_IMLS_OUTLET_ZIP,MN0105,008,,EXACT_OUTLET;TIE_FSCSKEY_SEQ,EXACT_OUTLET;NOT_USPS_VALIDITY;NO_INVENTORY
56089,ZCTA_NEAREST_ACTIVE_OUTLET,MN0069,002,11.643,ZCTA_NN;R6371;TIE_FIRST_LEX,ZCTA_NN_HAVERSINE;NOT_ELIGIBILITY;NOT_USPS_VALIDITY;NO_INVENTORY
56090,ZCTA_NEAREST_ACTIVE_OUTLET,MN0108,004,16.916,ZCTA_NN;R6371;TIE_FIRST_LEX,ZCTA_NN_HAVERSINE;NOT_ELIGIBILITY;NOT_USPS_VALIDITY;NO_INVENTORY
56091,EXACT_IMLS_OUTLET_ZIP,MN0107,013,,EXACT_OUTLET;TIE_FSCSKEY_SEQ,EXACT_OUTLET;NOT_USPS_VALIDITY;NO_INVENTORY
56093,EXACT_IMLS_OUTLET_ZIP,MN0107,007,,EXACT_OUTLET;TIE_FSCSKEY_SEQ,EXACT_OUTLET;NOT_USPS_VALIDITY;NO_INVENTORY
56096,EXACT_IMLS_OUTLET_ZIP,MN0107,008,,EXACT_OUTLET;TIE_FSCSKEY_SEQ,EXACT_OUTLET;NOT_USPS_VALIDITY;NO_INVENTORY
56097,EXACT_IMLS_OUTLET_ZIP,MN9011,001,,EXACT_OUTLET;TIE_FSCSKEY_SEQ,EXACT_OUTLET;NOT_USPS_VALIDITY;NO_INVENTORY
56098,EXACT_IMLS_OUTLET_ZIP,MN9010,001,,EXACT_OUTLET;TIE_FSCSKEY_SEQ,EXACT_OUTLET;NOT_USPS_VALIDITY;NO_INVENTORY
56101,EXACT_IMLS_OUTLET_ZIP,MN0067,002,,EXACT_OUTLET;TIE_FSCSKEY_SEQ,EXACT_OUTLET;NOT_USPS_VALIDITY;NO_INVENTORY
56110,EXACT_IMLS_OUTLET_ZIP,MN0060,002,,EXACT_OUTLET;TIE_FSCSKEY_SEQ,EXACT_OUTLET;NOT_USPS_VALIDITY;NO_INVENTORY
56111,ZCTA_NEAREST_ACTIVE_OUTLET,MN0055,005,8.531,ZCTA_NN;R6371;TIE_FIRST_LEX,ZCTA_NN_HAVERSINE;NOT_ELIGIBILITY;NOT_USPS_VALIDITY;NO_INVENTORY
56113,ZCTA_NEAREST_ACTIVE_OUTLET,MN0054,002,9.998,ZCTA_NN;R6371;TIE_FIRST_LEX,ZCTA_NN_HAVERSINE;NOT_ELIGIBILITY;NOT_USPS_VALIDITY;NO_INVENTORY
56114,ZCTA_NEAREST_ACTIVE_OUTLET,MN0053,002,12.702,ZCTA_NN;R6371;TIE_FIRST_LEX,ZCTA_NN_HAVERSINE;NOT_ELIGIBILITY;NOT_USPS_VALIDITY;NO_INVENTORY
56115,EXACT_IMLS_OUTLET_ZIP,MN0057,002,,EXACT_OUTLET;TIE_FSCSKEY_SEQ,EXACT_OUTLET;NOT_USPS_VALIDITY;NO_INVENTORY
56116,ZCTA_NEAREST_ACTIVE_OUTLET,SD0141,009,8.629,ZCTA_NN;R6371;TIE_FIRST_LEX,ZCTA_NN_HAVERSINE;NOT_ELIGIBILITY;NOT_USPS_VALIDITY;NO_INVENTORY
56117,ZCTA_NEAREST_ACTIVE_OUTLET,MN0060,003,13.271,ZCTA_NN;R6371;TIE_FIRST_LEX,ZCTA_NN_HAVERSINE;NOT_ELIGIBILITY;NOT_USPS_VALIDITY;NO_INVENTORY
56118,ZCTA_NEAREST_ACTIVE_OUTLET,MN0059,002,8.027,ZCTA_NN;R6371;TIE_FIRST_LEX,ZCTA_NN_HAVERSINE;NOT_ELIGIBILITY;NOT_USPS_VALIDITY;NO_INVENTORY
56119,ZCTA_NEAREST_ACTIVE_OUTLET,MN0060,003,14.733,ZCTA_NN;R6371;TIE_FIRST_LEX,ZCTA_NN_HAVERSINE;NOT_ELIGIBILITY;NOT_USPS_VALIDITY;NO_INVENTORY
56120,EXACT_IMLS_OUTLET_ZIP,MN0108,002,,EXACT_OUTLET;TIE_FSCSKEY_SEQ,EXACT_OUTLET;NOT_USPS_VALIDITY;NO_INVENTORY
56121,ZCTA_NEAREST_ACTIVE_OUTLET,MN0105,004,16.552,ZCTA_NN;R6371;TIE_FIRST_LEX,ZCTA_NN_HAVERSINE;NOT_ELIGIBILITY;NOT_USPS_VALIDITY;NO_INVENTORY
56122,ZCTA_NEAREST_ACTIVE_OUTLET,MN0052,002,14.240,ZCTA_NN;R6371;TIE_FIRST_LEX,ZCTA_NN_HAVERSINE;NOT_ELIGIBILITY;NOT_USPS_VALIDITY;NO_INVENTORY
56123,ZCTA_NEAREST_ACTIVE_OUTLET,MN0066,002,13.456,ZCTA_NN;R6371;TIE_FIRST_LEX,ZCTA_NN_HAVERSINE;NOT_ELIGIBILITY;NOT_USPS_VALIDITY;NO_INVENTORY
56125,ZCTA_NEAREST_ACTIVE_OUTLET,MN0066,002,9.042,ZCTA_NN;R6371;TIE_FIRST_LEX,ZCTA_NN_HAVERSINE;NOT_ELIGIBILITY;NOT_USPS_VALIDITY;NO_INVENTORY
56127,ZCTA_NEAREST_ACTIVE_OUTLET,MN0105,006,12.109,ZCTA_NN;R6371;TIE_FIRST_LEX,ZCTA_NN_HAVERSINE;NOT_ELIGIBILITY;NOT_USPS_VALIDITY;NO_INVENTORY
56128,EXACT_IMLS_OUTLET_ZIP,MN0052,002,,EXACT_OUTLET;TIE_FSCSKEY_SEQ,EXACT_OUTLET;NOT_USPS_VALIDITY;NO_INVENTORY
56129,ZCTA_NEAREST_ACTIVE_OUTLET,MN0060,002,14.627,ZCTA_NN;R6371;TIE_FIRST_LEX,ZCTA_NN_HAVERSINE;NOT_ELIGIBILITY;NOT_USPS_VALIDITY;NO_INVENTORY
56131,EXACT_IMLS_OUTLET_ZIP,MN0053,002,,EXACT_OUTLET;TIE_FSCSKEY_SEQ,EXACT_OUTLET;NOT_USPS_VALIDITY;NO_INVENTORY
56132,ZCTA_NEAREST_ACTIVE_OUTLET,MN0057,002,9.169,ZCTA_NN;R6371;TIE_FIRST_LEX,ZCTA_NN_HAVERSINE;NOT_ELIGIBILITY;NOT_USPS_VALIDITY;NO_INVENTORY
56134,ZCTA_NEAREST_ACTIVE_OUTLET,MN0052,002,12.355,ZCTA_NN;R6371;TIE_FIRST_LEX,ZCTA_NN_HAVERSINE;NOT_ELIGIBILITY;NOT_USPS_VALIDITY;NO_INVENTORY
56136,EXACT_IMLS_OUTLET_ZIP,MN0131,002,,EXACT_OUTLET;TIE_FSCSKEY_SEQ,EXACT_OUTLET;NOT_USPS_VALIDITY;NO_INVENTORY
56137,EXACT_IMLS_OUTLET_ZIP,MN0055,002,,EXACT_OUTLET;TIE_FSCSKEY_SEQ,EXACT_OUTLET;NOT_USPS_VALIDITY;NO_INVENTORY
56138,ZCTA_NEAREST_ACTIVE_OUTLET,SD0141,009,8.689,ZCTA_NN;R6371;TIE_FIRST_LEX,ZCTA_NN_HAVERSINE;NOT_ELIGIBILITY;NOT_USPS_VALIDITY;NO_INVENTORY
56139,ZCTA_NEAREST_ACTIVE_OUTLET,MN0132,002,15.951,ZCTA_NN;R6371;TIE_FIRST_LEX,ZCTA_NN_HAVERSINE;NOT_ELIGIBILITY;NOT_USPS_VALIDITY;NO_INVENTORY
56140,ZCTA_NEAREST_ACTIVE_OUTLET,MN0132,002,10.766,ZCTA_NN;R6371;TIE_FIRST_LEX,ZCTA_NN_HAVERSINE;NOT_ELIGIBILITY;NOT_USPS_VALIDITY;NO_INVENTORY
56141,ZCTA_NEAREST_ACTIVE_OUTLET,MN0063,002,12.109,ZCTA_NN;R6371;TIE_FIRST_LEX,ZCTA_NN_HAVERSINE;NOT_ELIGIBILITY;NOT_USPS_VALIDITY;NO_INVENTORY
56142,EXACT_IMLS_OUTLET_ZIP,MN0054,002,,EXACT_OUTLET;TIE_FSCSKEY_SEQ,EXACT_OUTLET;NOT_USPS_VALIDITY;NO_INVENTORY
56143,EXACT_IMLS_OUTLET_ZIP,MN0055,005,,EXACT_OUTLET;TIE_FSCSKEY_SEQ,EXACT_OUTLET;NOT_USPS_VALIDITY;NO_INVENTORY
56144,ZCTA_NEAREST_ACTIVE_OUTLET,SD0141,007,16.420,ZCTA_NN;R6371;TIE_FIRST_LEX,ZCTA_NN_HAVERSINE;NOT_ELIGIBILITY;NOT_USPS_VALIDITY;NO_INVENTORY
56145,ZCTA_NEAREST_ACTIVE_OUTLET,MN0124,002,20.800,ZCTA_NN;R6371;TIE_FIRST_LEX,ZCTA_NN_HAVERSINE;NOT_ELIGIBILITY;NOT_USPS_VALIDITY;NO_INVENTORY
56146,ZCTA_NEAREST_ACTIVE_OUTLET,MN0062,002,11.984,ZCTA_NN;R6371;TIE_FIRST_LEX,ZCTA_NN_HAVERSINE;NOT_ELIGIBILITY;NOT_USPS_VALIDITY;NO_INVENTORY
56147,ZCTA_NEAREST_ACTIVE_OUTLET,MN0052,002,14.151,ZCTA_NN;R6371;TIE_FIRST_LEX,ZCTA_NN_HAVERSINE;NOT_ELIGIBILITY;NOT_USPS_VALIDITY;NO_INVENTORY
56149,EXACT_IMLS_OUTLET_ZIP,MN0056,002,,EXACT_OUTLET;TIE_FSCSKEY_SEQ,EXACT_OUTLET;NOT_USPS_VALIDITY;NO_INVENTORY
56150,EXACT_IMLS_OUTLET_ZIP,MN0055,004,,EXACT_OUTLET;TIE_FSCSKEY_SEQ,EXACT_OUTLET;NOT_USPS_VALIDITY;NO_INVENTORY
56151,ZCTA_NEAREST_ACTIVE_OUTLET,MN0063,002,14.618,ZCTA_NN;R6371;TIE_FIRST_LEX,ZCTA_NN_HAVERSINE;NOT_ELIGIBILITY;NOT_USPS_VALIDITY;NO_INVENTORY
56152,EXACT_IMLS_OUTLET_ZIP,MN0124,002,,EXACT_OUTLET;TIE_FSCSKEY_SEQ,EXACT_OUTLET;NOT_USPS_VALIDITY;NO_INVENTORY
56153,ZCTA_NEAREST_ACTIVE_OUTLET,MN0052,002,9.978,ZCTA_NN;R6371;TIE_FIRST_LEX,ZCTA_NN_HAVERSINE;NOT_ELIGIBILITY;NOT_USPS_VALIDITY;NO_INVENTORY
56155,ZCTA_NEAREST_ACTIVE_OUTLET,MN0060,002,14.640,ZCTA_NN;R6371;TIE_FIRST_LEX,ZCTA_NN_HAVERSINE;NOT_ELIGIBILITY;NOT_USPS_VALIDITY;NO_INVENTORY
56156,EXACT_IMLS_OUTLET_ZIP,MN0062,002,,EXACT_OUTLET;TIE_FSCSKEY_SEQ,EXACT_OUTLET;NOT_USPS_VALIDITY;NO_INVENTORY
56157,ZCTA_NEAREST_ACTIVE_OUTLET,MN0057,004,13.587,ZCTA_NN;R6371;TIE_FIRST_LEX,ZCTA_NN_HAVERSINE;NOT_ELIGIBILITY;NOT_USPS_VALIDITY;NO_INVENTORY
56158,ZCTA_NEAREST_ACTIVE_OUTLET,MN0062,002,10.510,ZCTA_NN;R6371;TIE_FIRST_LEX,ZCTA_NN_HAVERSINE;NOT_ELIGIBILITY;NOT_USPS_VALIDITY;NO_INVENTORY
56159,EXACT_IMLS_OUTLET_ZIP,MN0059,002,,EXACT_OUTLET;TIE_FSCSKEY_SEQ,EXACT_OUTLET;NOT_USPS_VALIDITY;NO_INVENTORY
56160,ZCTA_NEAREST_ACTIVE_OUTLET,MN0105,007,10.237,ZCTA_NN;R6371;TIE_FIRST_LEX,ZCTA_NN_HAVERSINE;NOT_ELIGIBILITY;NOT_USPS_VALIDITY;NO_INVENTORY
56161,ZCTA_NEAREST_ACTIVE_OUTLET,MN0055,002,9.691,ZCTA_NN;R6371;TIE_FIRST_LEX,ZCTA_NN_HAVERSINE;NOT_ELIGIBILITY;NOT_USPS_VALIDITY;NO_INVENTORY
56162,ZCTA_NEAREST_ACTIVE_OUTLET,MN0105,007,9.614,ZCTA_NN;R6371;TIE_FIRST_LEX,ZCTA_NN_HAVERSINE;NOT_ELIGIBILITY;NOT_USPS_VALIDITY;NO_INVENTORY
56164,EXACT_IMLS_OUTLET_ZIP,MN0132,002,,EXACT_OUTLET;TIE_FSCSKEY_SEQ,EXACT_OUTLET;NOT_USPS_VALIDITY;NO_INVENTORY
56165,ZCTA_NEAREST_ACTIVE_OUTLET,MN0060,003,14.373,ZCTA_NN;R6371;TIE_FIRST_LEX,ZCTA_NN_HAVERSINE;NOT_ELIGIBILITY;NOT_USPS_VALIDITY;NO_INVENTORY
56166,ZCTA_NEAREST_ACTIVE_OUTLET,MN0124,002,9.844,ZCTA_NN;R6371;TIE_FIRST_LEX,ZCTA_NN_HAVERSINE;NOT_ELIGIBILITY;NOT_USPS_VALIDITY;NO_INVENTORY
56167,ZCTA_NEAREST_ACTIVE_OUTLET,IA0426,002,13.887,ZCTA_NN;R6371;TIE_FIRST_LEX,ZCTA_NN_HAVERSINE;NOT_ELIGIBILITY;NOT_USPS_VALIDITY;NO_INVENTORY
56168,ZCTA_NEAREST_ACTIVE_OUTLET,MN0060,002,11.110,ZCTA_NN;R6371;TIE_FIRST_LEX,ZCTA_NN_HAVERSINE;NOT_ELIGIBILITY;NOT_USPS_VALIDITY;NO_INVENTORY
56169,ZCTA_NEAREST_ACTIVE_OUTLET,MN0064,002,11.446,ZCTA_NN;R6371;TIE_FIRST_LEX,ZCTA_NN_HAVERSINE;NOT_ELIGIBILITY;NOT_USPS_VALIDITY;NO_INVENTORY
56170,ZCTA_NEAREST_ACTIVE_OUTLET,MN0064,002,13.081,ZCTA_NN;R6371;TIE_FIRST_LEX,ZCTA_NN_HAVERSINE;NOT_ELIGIBILITY;NOT_USPS_VALIDITY;NO_INVENTORY
56171,EXACT_IMLS_OUTLET_ZIP,MN0105,006,,EXACT_OUTLET;TIE_FSCSKEY_SEQ,EXACT_OUTLET;NOT_USPS_VALIDITY;NO_INVENTORY
56172,EXACT_IMLS_OUTLET_ZIP,MN0063,002,,EXACT_OUTLET;TIE_FSCSKEY_SEQ,EXACT_OUTLET;NOT_USPS_VALIDITY;NO_INVENTORY
56173,ZCTA_NEAREST_ACTIVE_OUTLET,IA0111,002,11.871,ZCTA_NN;R6371;TIE_FIRST_LEX,ZCTA_NN_HAVERSINE;NOT_ELIGIBILITY;NOT_USPS_VALIDITY;NO_INVENTORY
56174,ZCTA_NEAREST_ACTIVE_OUTLET,MN0066,002,10.838,ZCTA_NN;R6371;TIE_FIRST_LEX,ZCTA_NN_HAVERSINE;NOT_ELIGIBILITY;NOT_USPS_VALIDITY;NO_INVENTORY
56175,EXACT_IMLS_OUTLET_ZIP,MN0130,002,,EXACT_OUTLET;TIE_FSCSKEY_SEQ,EXACT_OUTLET;NOT_USPS_VALIDITY;NO_INVENTORY
56176,EXACT_IMLS_OUTLET_ZIP,MN0105,007,,EXACT_OUTLET;TIE_FSCSKEY_SEQ,EXACT_OUTLET;NOT_USPS_VALIDITY;NO_INVENTORY
56178,EXACT_IMLS_OUTLET_ZIP,MN0064,002,,EXACT_OUTLET;TIE_FSCSKEY_SEQ,EXACT_OUTLET;NOT_USPS_VALIDITY;NO_INVENTORY
56180,ZCTA_NEAREST_ACTIVE_OUTLET,MN0130,002,12.820,ZCTA_NN;R6371;TIE_FIRST_LEX,ZCTA_NN_HAVERSINE;NOT_ELIGIBILITY;NOT_USPS_VALIDITY;NO_INVENTORY
56181,ZCTA_NEAREST_ACTIVE_OUTLET,MN0105,006,8.566,ZCTA_NN;R6371;TIE_FIRST_LEX,ZCTA_NN_HAVERSINE;NOT_ELIGIBILITY;NOT_USPS_VALIDITY;NO_INVENTORY
56183,EXACT_IMLS_OUTLET_ZIP,MN0066,002,,EXACT_OUTLET;TIE_FSCSKEY_SEQ,EXACT_OUTLET;NOT_USPS_VALIDITY;NO_INVENTORY
56185,ZCTA_NEAREST_ACTIVE_OUTLET,MN0053,002,19.760,ZCTA_NN;R6371;TIE_FIRST_LEX,ZCTA_NN_HAVERSINE;NOT_ELIGIBILITY;NOT_USPS_VALIDITY;NO_INVENTORY
56186,ZCTA_NEAREST_ACTIVE_OUTLET,MN0052,002,17.407,ZCTA_NN;R6371;TIE_FIRST_LEX,ZCTA_NN_HAVERSINE;NOT_ELIGIBILITY;NOT_USPS_VALIDITY;NO_INVENTORY
56187,EXACT_IMLS_OUTLET_ZIP,MN0060,003,,EXACT_OUTLET;TIE_FSCSKEY_SEQ,EXACT_OUTLET;NOT_USPS_VALIDITY;NO_INVENTORY
56201,EXACT_IMLS_OUTLET_ZIP,MN0051,029,,EXACT_OUTLET;TIE_FSCSKEY_SEQ,EXACT_OUTLET;NOT_USPS_VALIDITY;NO_INVENTORY
56207,ZCTA_NEAREST_ACTIVE_OUTLET,MN0116,002,15.052,ZCTA_NN;R6371;TIE_FIRST_LEX,ZCTA_NN_HAVERSINE;NOT_ELIGIBILITY;NOT_USPS_VALIDITY;NO_INVENTORY
56208,EXACT_IMLS_OUTLET_ZIP,MN0051,002,,EXACT_OUTLET;TIE_FSCSKEY_SEQ,EXACT_OUTLET;NOT_USPS_VALIDITY;NO_INVENTORY
56209,EXACT_IMLS_OUTLET_ZIP,MN0051,003,,EXACT_OUTLET;TIE_FSCSKEY_SEQ,EXACT_OUTLET;NOT_USPS_VALIDITY;NO_INVENTORY
56210,ZCTA_NEAREST_ACTIVE_OUTLET,MN0051,012,9.636,ZCTA_NN;R6371;TIE_FIRST_LEX,ZCTA_NN_HAVERSINE;NOT_ELIGIBILITY;NOT_USPS_VALIDITY;NO_INVENTORY
56211,ZCTA_NEAREST_ACTIVE_OUTLET,MN0111,002,11.248,ZCTA_NN;R6371;TIE_FIRST_LEX,ZCTA_NN_HAVERSINE;NOT_ELIGIBILITY;NOT_USPS_VALIDITY;NO_INVENTORY
56212,ZCTA_NEAREST_ACTIVE_OUTLET,MN0051,020,16.694,ZCTA_NN;R6371;TIE_FIRST_LEX,ZCTA_NN_HAVERSINE;NOT_ELIGIBILITY;NOT_USPS_VALIDITY;NO_INVENTORY
56214,ZCTA_NEAREST_ACTIVE_OUTLET,MN0061,002,18.501,ZCTA_NN;R6371;TIE_FIRST_LEX,ZCTA_NN_HAVERSINE;NOT_ELIGIBILITY;NOT_USPS_VALIDITY;NO_INVENTORY
56215,EXACT_IMLS_OUTLET_ZIP,MN0051,004,,EXACT_OUTLET;TIE_FSCSKEY_SEQ,EXACT_OUTLET;NOT_USPS_VALIDITY;NO_INVENTORY
56216,ZCTA_NEAREST_ACTIVE_OUTLET,MN0051,018,14.120,ZCTA_NN;R6371;TIE_FIRST_LEX,ZCTA_NN_HAVERSINE;NOT_ELIGIBILITY;NOT_USPS_VALIDITY;NO_INVENTORY
56218,ZCTA_NEAREST_ACTIVE_OUTLET,MN0138,002,11.608,ZCTA_NN;R6371;TIE_FIRST_LEX,ZCTA_NN_HAVERSINE;NOT_ELIGIBILITY;NOT_USPS_VALIDITY;NO_INVENTORY
56219,EXACT_IMLS_OUTLET_ZIP,MN0111,002,,EXACT_OUTLET;TIE_FSCSKEY_SEQ,EXACT_OUTLET;NOT_USPS_VALIDITY;NO_INVENTORY
56220,EXACT_IMLS_OUTLET_ZIP,MN0051,034,,EXACT_OUTLET;TIE_FSCSKEY_SEQ,EXACT_OUTLET;NOT_USPS_VALIDITY;NO_INVENTORY
56221,ZCTA_NEAREST_ACTIVE_OUTLET,MN0051,012,19.456,ZCTA_NN;R6371;TIE_FIRST_LEX,ZCTA_NN_HAVERSINE;NOT_ELIGIBILITY;NOT_USPS_VALIDITY;NO_INVENTORY
56222,EXACT_IMLS_OUTLET_ZIP,MN0051,007,,EXACT_OUTLET;TIE_FSCSKEY_SEQ,EXACT_OUTLET;NOT_USPS_VALIDITY;NO_INVENTORY
56223,EXACT_IMLS_OUTLET_ZIP,MN0138,002,,EXACT_OUTLET;TIE_FSCSKEY_SEQ,EXACT_OUTLET;NOT_USPS_VALIDITY;NO_INVENTORY
56224,ZCTA_NEAREST_ACTIVE_OUTLET,MN0058,002,12.167,ZCTA_NN;R6371;TIE_FIRST_LEX,ZCTA_NN_HAVERSINE;NOT_ELIGIBILITY;NOT_USPS_VALIDITY;NO_INVENTORY
56225,ZCTA_NEAREST_ACTIVE_OUTLET,MN0051,012,14.125,ZCTA_NN;R6371;TIE_FIRST_LEX,ZCTA_NN_HAVERSINE;NOT_ELIGIBILITY;NOT_USPS_VALIDITY;NO_INVENTORY
56226,ZCTA_NEAREST_ACTIVE_OUTLET,MN0051,004,11.910,ZCTA_NN;R6371;TIE_FIRST_LEX,ZCTA_NN_HAVERSINE;NOT_ELIGIBILITY;NOT_USPS_VALIDITY;NO_INVENTORY
56227,ZCTA_NEAREST_ACTIVE_OUTLET,MN0051,002,15.697,ZCTA_NN;R6371;TIE_FIRST_LEX,ZCTA_NN_HAVERSINE;NOT_ELIGIBILITY;NOT_USPS_VALIDITY;NO_INVENTORY
56228,EXACT_IMLS_OUTLET_ZIP,MN0051,008,,EXACT_OUTLET;TIE_FSCSKEY_SEQ,EXACT_OUTLET;NOT_USPS_VALIDITY;NO_INVENTORY
56229,EXACT_IMLS_OUTLET_ZIP,MN0057,003,,EXACT_OUTLET;TIE_FSCSKEY_SEQ,EXACT_OUTLET;NOT_USPS_VALIDITY;NO_INVENTORY
56230,ZCTA_NEAREST_ACTIVE_OUTLET,MN0051,032,8.205,ZCTA_NN;R6371;TIE_FIRST_LEX,ZCTA_NN_HAVERSINE;NOT_ELIGIBILITY;NOT_USPS_VALIDITY;NO_INVENTORY
56231,ZCTA_NEAREST_ACTIVE_OUTLET,MN0051,004,13.413,ZCTA_NN;R6371;TIE_FIRST_LEX,ZCTA_NN_HAVERSINE;NOT_ELIGIBILITY;NOT_USPS_VALIDITY;NO_INVENTORY
56232,EXACT_IMLS_OUTLET_ZIP,MN0051,010,,EXACT_OUTLET;TIE_FSCSKEY_SEQ,EXACT_OUTLET;NOT_USPS_VALIDITY;NO_INVENTORY
56235,ZCTA_NEAREST_ACTIVE_OUTLET,MN0116,002,15.769,ZCTA_NN;R6371;TIE_FIRST_LEX,ZCTA_NN_HAVERSINE;NOT_ELIGIBILITY;NOT_USPS_VALIDITY;NO_INVENTORY
56236,ZCTA_NEAREST_ACTIVE_OUTLET,MN0051,012,11.242,ZCTA_NN;R6371;TIE_FIRST_LEX,ZCTA_NN_HAVERSINE;NOT_ELIGIBILITY;NOT_USPS_VALIDITY;NO_INVENTORY
56237,ZCTA_NEAREST_ACTIVE_OUTLET,MN0057,003,19.250,ZCTA_NN;R6371;TIE_FIRST_LEX,ZCTA_NN_HAVERSINE;NOT_ELIGIBILITY;NOT_USPS_VALIDITY;NO_INVENTORY
56239,ZCTA_NEAREST_ACTIVE_OUTLET,MN0126,002,8.790,ZCTA_NN;R6371;TIE_FIRST_LEX,ZCTA_NN_HAVERSINE;NOT_ELIGIBILITY;NOT_USPS_VALIDITY;NO_INVENTORY
56240,EXACT_IMLS_OUTLET_ZIP,MN0051,012,,EXACT_OUTLET;TIE_FSCSKEY_SEQ,EXACT_OUTLET;NOT_USPS_VALIDITY;NO_INVENTORY
56241,EXACT_IMLS_OUTLET_ZIP,MN0051,013,,EXACT_OUTLET;TIE_FSCSKEY_SEQ,EXACT_OUTLET;NOT_USPS_VALIDITY;NO_INVENTORY
56243,EXACT_IMLS_OUTLET_ZIP,MN0051,014,,EXACT_OUTLET;TIE_FSCSKEY_SEQ,EXACT_OUTLET;NOT_USPS_VALIDITY;NO_INVENTORY
56244,EXACT_IMLS_OUTLET_ZIP,MN0115,002,,EXACT_OUTLET;TIE_FSCSKEY_SEQ,EXACT_OUTLET;NOT_USPS_VALIDITY;NO_INVENTORY
56245,ZCTA_NEAREST_ACTIVE_OUTLET,MN0057,003,8.366,ZCTA_NN;R6371;TIE_FIRST_LEX,ZCTA_NN_HAVERSINE;NOT_ELIGIBILITY;NOT_USPS_VALIDITY;NO_INVENTORY
56248,ZCTA_NEAREST_ACTIVE_OUTLET,MN0112,002,26.176,ZCTA_NN;R6371;TIE_FIRST_LEX,ZCTA_NN_HAVERSINE;NOT_ELIGIBILITY;NOT_USPS_VALIDITY;NO_INVENTORY
56249,ZCTA_NEAREST_ACTIVE_OUTLET,MN0051,002,16.078,ZCTA_NN;R6371;TIE_FIRST_LEX,ZCTA_NN_HAVERSINE;NOT_ELIGIBILITY;NOT_USPS_VALIDITY;NO_INVENTORY
56251,ZCTA_NEAREST_ACTIVE_OUTLET,MN0051,028,10.398,ZCTA_NN;R6371;TIE_FIRST_LEX,ZCTA_NN_HAVERSINE;NOT_ELIGIBILITY;NOT_USPS_VALIDITY;NO_INVENTORY
56252,EXACT_IMLS_OUTLET_ZIP,MN0051,017,,EXACT_OUTLET;TIE_FSCSKEY_SEQ,EXACT_OUTLET;NOT_USPS_VALIDITY;NO_INVENTORY
56253,EXACT_IMLS_OUTLET_ZIP,MN0051,018,,EXACT_OUTLET;TIE_FSCSKEY_SEQ,EXACT_OUTLET;NOT_USPS_VALIDITY;NO_INVENTORY
56255,ZCTA_NEAREST_ACTIVE_OUTLET,MN0065,002,13.188,ZCTA_NN;R6371;TIE_FIRST_LEX,ZCTA_NN_HAVERSINE;NOT_ELIGIBILITY;NOT_USPS_VALIDITY;NO_INVENTORY
56256,EXACT_IMLS_OUTLET_ZIP,MN0051,020,,EXACT_OUTLET;TIE_FSCSKEY_SEQ,EXACT_OUTLET;NOT_USPS_VALIDITY;NO_INVENTORY
56257,ZCTA_NEAREST_ACTIVE_OUTLET,SD0043,004,14.310,ZCTA_NN;R6371;TIE_FIRST_LEX,ZCTA_NN_HAVERSINE;NOT_ELIGIBILITY;NOT_USPS_VALIDITY;NO_INVENTORY
56258,EXACT_IMLS_OUTLET_ZIP,MN0057,004,,EXACT_OUTLET;TIE_FSCSKEY_SEQ,EXACT_OUTLET;NOT_USPS_VALIDITY;NO_INVENTORY
56260,EXACT_IMLS_OUTLET_ZIP,MN0051,021,,EXACT_OUTLET;TIE_FSCSKEY_SEQ,EXACT_OUTLET;NOT_USPS_VALIDITY;NO_INVENTORY
56262,EXACT_IMLS_OUTLET_ZIP,MN0051,022,,EXACT_OUTLET;TIE_FSCSKEY_SEQ,EXACT_OUTLET;NOT_USPS_VALIDITY;NO_INVENTORY
56263,ZCTA_NEAREST_ACTIVE_OUTLET,MN0057,004,20.198,ZCTA_NN;R6371;TIE_FIRST_LEX,ZCTA_NN_HAVERSINE;NOT_ELIGIBILITY;NOT_USPS_VALIDITY;NO_INVENTORY
56264,EXACT_IMLS_OUTLET_ZIP,MN0126,002,,EXACT_OUTLET;TIE_FSCSKEY_SEQ,EXACT_OUTLET;NOT_USPS_VALIDITY;NO_INVENTORY
56265,EXACT_IMLS_OUTLET_ZIP,MN0051,023,,EXACT_OUTLET;TIE_FSCSKEY_SEQ,EXACT_OUTLET;NOT_USPS_VALIDITY;NO_INVENTORY
56266,EXACT_IMLS_OUTLET_ZIP,MN0058,002,,EXACT_OUTLET;TIE_FSCSKEY_SEQ,EXACT_OUTLET;NOT_USPS_VALIDITY;NO_INVENTORY
56267,EXACT_IMLS_OUTLET_ZIP,MN0116,002,,EXACT_OUTLET;TIE_FSCSKEY_SEQ,EXACT_OUTLET;NOT_USPS_VALIDITY;NO_INVENTORY
56270,ZCTA_NEAREST_ACTIVE_OUTLET,MN0061,002,12.098,ZCTA_NN;R6371;TIE_FIRST_LEX,ZCTA_NN_HAVERSINE;NOT_ELIGIBILITY;NOT_USPS_VALIDITY;NO_INVENTORY
56271,ZCTA_NEAREST_ACTIVE_OUTLET,MN0051,017,9.494,ZCTA_NN;R6371;TIE_FIRST_LEX,ZCTA_NN_HAVERSINE;NOT_ELIGIBILITY;NOT_USPS_VALIDITY;NO_INVENTORY
56273,EXACT_IMLS_OUTLET_ZIP,MN0051,024,,EXACT_OUTLET;TIE_FSCSKEY_SEQ,EXACT_OUTLET;NOT_USPS_VALIDITY;NO_INVENTORY
56274,ZCTA_NEAREST_ACTIVE_OUTLET,MN0120,002,22.012,ZCTA_NN;R6371;TIE_FIRST_LEX,ZCTA_NN_HAVERSINE;NOT_ELIGIBILITY;NOT_USPS_VALIDITY;NO_INVENTORY
56276,ZCTA_NEAREST_ACTIVE_OUTLET,SD0043,003,13.280,ZCTA_NN;R6371;TIE_FIRST_LEX,ZCTA_NN_HAVERSINE;NOT_ELIGIBILITY;NOT_USPS_VALIDITY;NO_INVENTORY
56277,EXACT_IMLS_OUTLET_ZIP,MN0051,032,,EXACT_OUTLET;TIE_FSCSKEY_SEQ,EXACT_OUTLET;NOT_USPS_VALIDITY;NO_INVENTORY
56278,EXACT_IMLS_OUTLET_ZIP,MN0051,025,,EXACT_OUTLET;TIE_FSCSKEY_SEQ,EXACT_OUTLET;NOT_USPS_VALIDITY;NO_INVENTORY
56279,ZCTA_NEAREST_ACTIVE_OUTLET,MN0051,017,11.815,ZCTA_NN;R6371;TIE_FIRST_LEX,ZCTA_NN_HAVERSINE;NOT_ELIGIBILITY;NOT_USPS_VALIDITY;NO_INVENTORY
56280,ZCTA_NEAREST_ACTIVE_OUTLET,MN0051,034,12.040,ZCTA_NN;R6371;TIE_FIRST_LEX,ZCTA_NN_HAVERSINE;NOT_ELIGIBILITY;NOT_USPS_VALIDITY;NO_INVENTORY
56281,ZCTA_NEAREST_ACTIVE_OUTLET,MN0051,026,9.617,ZCTA_NN;R6371;TIE_FIRST_LEX,ZCTA_NN_HAVERSINE;NOT_ELIGIBILITY;NOT_USPS_VALIDITY;NO_INVENTORY
56282,EXACT_IMLS_OUTLET_ZIP,MN0051,026,,EXACT_OUTLET;TIE_FSCSKEY_SEQ,EXACT_OUTLET;NOT_USPS_VALIDITY;NO_INVENTORY
56283,EXACT_IMLS_OUTLET_ZIP,MN0061,002,,EXACT_OUTLET;TIE_FSCSKEY_SEQ,EXACT_OUTLET;NOT_USPS_VALIDITY;NO_INVENTORY
56284,EXACT_IMLS_OUTLET_ZIP,MN0051,027,,EXACT_OUTLET;TIE_FSCSKEY_SEQ,EXACT_OUTLET;NOT_USPS_VALIDITY;NO_INVENTORY
56285,ZCTA_NEAREST_ACTIVE_OUTLET,MN0051,027,10.558,ZCTA_NN;R6371;TIE_FIRST_LEX,ZCTA_NN_HAVERSINE;NOT_ELIGIBILITY;NOT_USPS_VALIDITY;NO_INVENTORY
56287,ZCTA_NEAREST_ACTIVE_OUTLET,MN0065,002,9.840,ZCTA_NN;R6371;TIE_FIRST_LEX,ZCTA_NN_HAVERSINE;NOT_ELIGIBILITY;NOT_USPS_VALIDITY;NO_INVENTORY
56288,EXACT_IMLS_OUTLET_ZIP,MN0051,028,,EXACT_OUTLET;TIE_FSCSKEY_SEQ,EXACT_OUTLET;NOT_USPS_VALIDITY;NO_INVENTORY
56289,ZCTA_NEAREST_ACTIVE_OUTLET,MN0051,017,17.274,ZCTA_NN;R6371;TIE_FIRST_LEX,ZCTA_NN_HAVERSINE;NOT_ELIGIBILITY;NOT_USPS_VALIDITY;NO_INVENTORY
56291,ZCTA_NEAREST_ACTIVE_OUTLET,MN0126,002,9.023,ZCTA_NN;R6371;TIE_FIRST_LEX,ZCTA_NN_HAVERSINE;NOT_ELIGIBILITY;NOT_USPS_VALIDITY;NO_INVENTORY
56292,ZCTA_NEAREST_ACTIVE_OUTLET,MN0065,002,19.361,ZCTA_NN;R6371;TIE_FIRST_LEX,ZCTA_NN_HAVERSINE;NOT_ELIGIBILITY;NOT_USPS_VALIDITY;NO_INVENTORY
56293,EXACT_IMLS_OUTLET_ZIP,MN0065,002,,EXACT_OUTLET;TIE_FSCSKEY_SEQ,EXACT_OUTLET;NOT_USPS_VALIDITY;NO_INVENTORY
56294,ZCTA_NEAREST_ACTIVE_OUTLET,MN0124,002,10.134,ZCTA_NN;R6371;TIE_FIRST_LEX,ZCTA_NN_HAVERSINE;NOT_ELIGIBILITY;NOT_USPS_VALIDITY;NO_INVENTORY
56295,ZCTA_NEAREST_ACTIVE_OUTLET,MN0051,022,9.059,ZCTA_NN;R6371;TIE_FIRST_LEX,ZCTA_NN_HAVERSINE;NOT_ELIGIBILITY;NOT_USPS_VALIDITY;NO_INVENTORY
56296,EXACT_IMLS_OUTLET_ZIP,MN0120,002,,EXACT_OUTLET;TIE_FSCSKEY_SEQ,EXACT_OUTLET;NOT_USPS_VALIDITY;NO_INVENTORY
56297,ZCTA_NEAREST_ACTIVE_OUTLET,MN0057,003,9.976,ZCTA_NN;R6371;TIE_FIRST_LEX,ZCTA_NN_HAVERSINE;NOT_ELIGIBILITY;NOT_USPS_VALIDITY;NO_INVENTORY
56301,EXACT_IMLS_OUTLET_ZIP,MN0032,024,,EXACT_OUTLET;TIE_FSCSKEY_SEQ,EXACT_OUTLET;NOT_USPS_VALIDITY;NO_INVENTORY
56302,OBSERVED_REFERENCE_INDIRECT_ONLY,,,,INDIRECT_IMLS_SC;NO_FABRICATED_NEAREST,INDIRECT_IMLS_SC;NO_FABRICATED_NEAREST;NOT_REJECTED;NOT_USPS_VALIDITY;NO_INVENTORY
56303,ZCTA_NEAREST_ACTIVE_OUTLET,MN0032,028,1.802,ZCTA_NN;R6371;TIE_FIRST_LEX,ZCTA_NN_HAVERSINE;NOT_ELIGIBILITY;NOT_USPS_VALIDITY;NO_INVENTORY
56304,ZCTA_NEAREST_ACTIVE_OUTLET,MN0032,024,9.040,ZCTA_NN;R6371;TIE_FIRST_LEX,ZCTA_NN_HAVERSINE;NOT_ELIGIBILITY;NOT_USPS_VALIDITY;NO_INVENTORY
56307,EXACT_IMLS_OUTLET_ZIP,MN0032,002,,EXACT_OUTLET;TIE_FSCSKEY_SEQ,EXACT_OUTLET;NOT_USPS_VALIDITY;NO_INVENTORY
56308,EXACT_IMLS_OUTLET_ZIP,MN0137,002,,EXACT_OUTLET;TIE_FSCSKEY_SEQ,EXACT_OUTLET;NOT_USPS_VALIDITY;NO_INVENTORY
56309,ZCTA_NEAREST_ACTIVE_OUTLET,MN0112,002,16.238,ZCTA_NN;R6371;TIE_FIRST_LEX,ZCTA_NN_HAVERSINE;NOT_ELIGIBILITY;NOT_USPS_VALIDITY;NO_INVENTORY
56310,ZCTA_NEAREST_ACTIVE_OUTLET,MN0032,002,9.139,ZCTA_NN;R6371;TIE_FIRST_LEX,ZCTA_NN_HAVERSINE;NOT_ELIGIBILITY;NOT_USPS_VALIDITY;NO_INVENTORY
56311,ZCTA_NEAREST_ACTIVE_OUTLET,MN0112,002,12.426,ZCTA_NN;R6371;TIE_FIRST_LEX,ZCTA_NN_HAVERSINE;NOT_ELIGIBILITY;NOT_USPS_VALIDITY;NO_INVENTORY
56312,EXACT_IMLS_OUTLET_ZIP,MN0032,005,,EXACT_OUTLET;TIE_FSCSKEY_SEQ,EXACT_OUTLET;NOT_USPS_VALIDITY;NO_INVENTORY
56313,ZCTA_NEAREST_ACTIVE_OUTLET,MN0031,007,8.179,ZCTA_NN;R6371;TIE_FIRST_LEX,ZCTA_NN_HAVERSINE;NOT_ELIGIBILITY;NOT_USPS_VALIDITY;NO_INVENTORY
56314,ZCTA_NEAREST_ACTIVE_OUTLET,MN0032,027,10.755,ZCTA_NN;R6371;TIE_FIRST_LEX,ZCTA_NN_HAVERSINE;NOT_ELIGIBILITY;NOT_USPS_VALIDITY;NO_INVENTORY
56315,ZCTA_NEAREST_ACTIVE_OUTLET,MN0137,002,19.728,ZCTA_NN;R6371;TIE_FIRST_LEX,ZCTA_NN_HAVERSINE;NOT_ELIGIBILITY;NOT_USPS_VALIDITY;NO_INVENTORY
56316,ZCTA_NEAREST_ACTIVE_OUTLET,MN0032,005,12.232,ZCTA_NN;R6371;TIE_FIRST_LEX,ZCTA_NN_HAVERSINE;NOT_ELIGIBILITY;NOT_USPS_VALIDITY;NO_INVENTORY
56317,OBSERVED_REFERENCE_INDIRECT_ONLY,,,,INDIRECT_IMLS_SC;NO_FABRICATED_NEAREST,INDIRECT_IMLS_SC;NO_FABRICATED_NEAREST;NOT_REJECTED;NOT_USPS_VALIDITY;NO_INVENTORY
56318,ZCTA_NEAREST_ACTIVE_OUTLET,MN0032,031,6.546,ZCTA_NN;R6371;TIE_FIRST_LEX,ZCTA_NN_HAVERSINE;NOT_ELIGIBILITY;NOT_USPS_VALIDITY;NO_INVENTORY
56319,ZCTA_NEAREST_ACTIVE_OUTLET,MN0137,002,18.961,ZCTA_NN;R6371;TIE_FIRST_LEX,ZCTA_NN_HAVERSINE;NOT_ELIGIBILITY;NOT_USPS_VALIDITY;NO_INVENTORY
56320,EXACT_IMLS_OUTLET_ZIP,MN0032,009,,EXACT_OUTLET;TIE_FSCSKEY_SEQ,EXACT_OUTLET;NOT_USPS_VALIDITY;NO_INVENTORY
56321,ZCTA_NEAREST_ACTIVE_OUTLET,MN0032,028,13.367,ZCTA_NN;R6371;TIE_FIRST_LEX,ZCTA_NN_HAVERSINE;NOT_ELIGIBILITY;NOT_USPS_VALIDITY;NO_INVENTORY
56323,ZCTA_NEAREST_ACTIVE_OUTLET,MN0116,002,15.404,ZCTA_NN;R6371;TIE_FIRST_LEX,ZCTA_NN_HAVERSINE;NOT_ELIGIBILITY;NOT_USPS_VALIDITY;NO_INVENTORY
56324,ZCTA_NEAREST_ACTIVE_OUTLET,MN0113,002,17.768,ZCTA_NN;R6371;TIE_FIRST_LEX,ZCTA_NN_HAVERSINE;NOT_ELIGIBILITY;NOT_USPS_VALIDITY;NO_INVENTORY
56325,ZCTA_NEAREST_ACTIVE_OUTLET,MN0032,005,12.888,ZCTA_NN;R6371;TIE_FIRST_LEX,ZCTA_NN_HAVERSINE;NOT_ELIGIBILITY;NOT_USPS_VALIDITY;NO_INVENTORY
56326,ZCTA_NEAREST_ACTIVE_OUTLET,MN0112,002,24.158,ZCTA_NN;R6371;TIE_FIRST_LEX,ZCTA_NN_HAVERSINE;NOT_ELIGIBILITY;NOT_USPS_VALIDITY;NO_INVENTORY
56327,ZCTA_NEAREST_ACTIVE_OUTLET,MN0114,002,20.713,ZCTA_NN;R6371;TIE_FIRST_LEX,ZCTA_NN_HAVERSINE;NOT_ELIGIBILITY;NOT_USPS_VALIDITY;NO_INVENTORY
56328,ZCTA_NEAREST_ACTIVE_OUTLET,MN0032,026,10.096,ZCTA_NN;R6371;TIE_FIRST_LEX,ZCTA_NN_HAVERSINE;NOT_ELIGIBILITY;NOT_USPS_VALIDITY;NO_INVENTORY
56329,EXACT_IMLS_OUTLET_ZIP,MN0032,013,,EXACT_OUTLET;TIE_FSCSKEY_SEQ,EXACT_OUTLET;NOT_USPS_VALIDITY;NO_INVENTORY
56330,ZCTA_NEAREST_ACTIVE_OUTLET,MN0031,007,8.289,ZCTA_NN;R6371;TIE_FIRST_LEX,ZCTA_NN_HAVERSINE;NOT_ELIGIBILITY;NOT_USPS_VALIDITY;NO_INVENTORY
56331,ZCTA_NEAREST_ACTIVE_OUTLET,MN0032,002,9.688,ZCTA_NN;R6371;TIE_FIRST_LEX,ZCTA_NN_HAVERSINE;NOT_ELIGIBILITY;NOT_USPS_VALIDITY;NO_INVENTORY
56332,ZCTA_NEAREST_ACTIVE_OUTLET,MN0137,002,13.542,ZCTA_NN;R6371;TIE_FIRST_LEX,ZCTA_NN_HAVERSINE;NOT_ELIGIBILITY;NOT_USPS_VALIDITY;NO_INVENTORY
56333,OBSERVED_REFERENCE_INDIRECT_ONLY,,,,INDIRECT_IMLS_SC;NO_FABRICATED_NEAREST,INDIRECT_IMLS_SC;NO_FABRICATED_NEAREST;NOT_REJECTED;NOT_USPS_VALIDITY;NO_INVENTORY
56334,EXACT_IMLS_OUTLET_ZIP,MN0114,002,,EXACT_OUTLET;TIE_FSCSKEY_SEQ,EXACT_OUTLET;NOT_USPS_VALIDITY;NO_INVENTORY
56335,ZCTA_NEAREST_ACTIVE_OUTLET,MN0032,018,9.100,ZCTA_NN;R6371;TIE_FIRST_LEX,ZCTA_NN_HAVERSINE;NOT_ELIGIBILITY;NOT_USPS_VALIDITY;NO_INVENTORY
56336,EXACT_IMLS_OUTLET_ZIP,MN0032,031,,EXACT_OUTLET;TIE_FSCSKEY_SEQ,EXACT_OUTLET;NOT_USPS_VALIDITY;NO_INVENTORY
56338,ZCTA_NEAREST_ACTIVE_OUTLET,MN0032,020,21.018,ZCTA_NN;R6371;TIE_FIRST_LEX,ZCTA_NN_HAVERSINE;NOT_ELIGIBILITY;NOT_USPS_VALIDITY;NO_INVENTORY
56339,ZCTA_NEAREST_ACTIVE_OUTLET,MN0112,002,22.309,ZCTA_NN;R6371;TIE_FIRST_LEX,ZCTA_NN_HAVERSINE;NOT_ELIGIBILITY;NOT_USPS_VALIDITY;NO_INVENTORY
56340,ZCTA_NEAREST_ACTIVE_OUTLET,MN0032,027,12.379,ZCTA_NN;R6371;TIE_FIRST_LEX,ZCTA_NN_HAVERSINE;NOT_ELIGIBILITY;NOT_USPS_VALIDITY;NO_INVENTORY
56341,OBSERVED_REFERENCE_INDIRECT_ONLY,,,,INDIRECT_IMLS_SC;NO_FABRICATED_NEAREST,INDIRECT_IMLS_SC;NO_FABRICATED_NEAREST;NOT_REJECTED;NOT_USPS_VALIDITY;NO_INVENTORY
56342,EXACT_IMLS_OUTLET_ZIP,MN0031,008,,EXACT_OUTLET;TIE_FSCSKEY_SEQ,EXACT_OUTLET;NOT_USPS_VALIDITY;NO_INVENTORY
56343,ZCTA_NEAREST_ACTIVE_OUTLET,MN0137,002,27.639,ZCTA_NN;R6371;TIE_FIRST_LEX,ZCTA_NN_HAVERSINE;NOT_ELIGIBILITY;NOT_USPS_VALIDITY;NO_INVENTORY
56345,EXACT_IMLS_OUTLET_ZIP,MN0032,016,,EXACT_OUTLET;TIE_FSCSKEY_SEQ,EXACT_OUTLET;NOT_USPS_VALIDITY;NO_INVENTORY
56347,EXACT_IMLS_OUTLET_ZIP,MN0032,017,,EXACT_OUTLET;TIE_FSCSKEY_SEQ,EXACT_OUTLET;NOT_USPS_VALIDITY;NO_INVENTORY
56349,ZCTA_NEAREST_ACTIVE_OUTLET,MN0114,002,12.801,ZCTA_NN;R6371;TIE_FIRST_LEX,ZCTA_NN_HAVERSINE;NOT_ELIGIBILITY;NOT_USPS_VALIDITY;NO_INVENTORY
56350,ZCTA_NEAREST_ACTIVE_OUTLET,MN0031,008,26.215,ZCTA_NN;R6371;TIE_FIRST_LEX,ZCTA_NN_HAVERSINE;NOT_ELIGIBILITY;NOT_USPS_VALIDITY;NO_INVENTORY
56352,EXACT_IMLS_OUTLET_ZIP,MN0032,018,,EXACT_OUTLET;TIE_FSCSKEY_SEQ,EXACT_OUTLET;NOT_USPS_VALIDITY;NO_INVENTORY
56353,EXACT_IMLS_OUTLET_ZIP,MN0031,007,,EXACT_OUTLET;TIE_FSCSKEY_SEQ,EXACT_OUTLET;NOT_USPS_VALIDITY;NO_INVENTORY
56354,ZCTA_NEAREST_ACTIVE_OUTLET,MN0137,002,21.415,ZCTA_NN;R6371;TIE_FIRST_LEX,ZCTA_NN_HAVERSINE;NOT_ELIGIBILITY;NOT_USPS_VALIDITY;NO_INVENTORY
56355,ZCTA_NEAREST_ACTIVE_OUTLET,MN0137,002,12.160,ZCTA_NN;R6371;TIE_FIRST_LEX,ZCTA_NN_HAVERSINE;NOT_ELIGIBILITY;NOT_USPS_VALIDITY;NO_INVENTORY
56356,ZCTA_NEAREST_ACTIVE_OUTLET,MN0032,018,7.934,ZCTA_NN;R6371;TIE_FIRST_LEX,ZCTA_NN_HAVERSINE;NOT_ELIGIBILITY;NOT_USPS_VALIDITY;NO_INVENTORY
56357,ZCTA_NEAREST_ACTIVE_OUTLET,MN0032,013,9.301,ZCTA_NN;R6371;TIE_FIRST_LEX,ZCTA_NN_HAVERSINE;NOT_ELIGIBILITY;NOT_USPS_VALIDITY;NO_INVENTORY
56358,ZCTA_NEAREST_ACTIVE_OUTLET,MN0031,009,12.264,ZCTA_NN;R6371;TIE_FIRST_LEX,ZCTA_NN_HAVERSINE;NOT_ELIGIBILITY;NOT_USPS_VALIDITY;NO_INVENTORY
56359,ZCTA_NEAREST_ACTIVE_OUTLET,MN0031,008,15.661,ZCTA_NN;R6371;TIE_FIRST_LEX,ZCTA_NN_HAVERSINE;NOT_ELIGIBILITY;NOT_USPS_VALIDITY;NO_INVENTORY
56360,ZCTA_NEAREST_ACTIVE_OUTLET,MN0032,029,20.626,ZCTA_NN;R6371;TIE_FIRST_LEX,ZCTA_NN_HAVERSINE;NOT_ELIGIBILITY;NOT_USPS_VALIDITY;NO_INVENTORY
56361,ZCTA_NEAREST_ACTIVE_OUTLET,MN0032,011,22.852,ZCTA_NN;R6371;TIE_FIRST_LEX,ZCTA_NN_HAVERSINE;NOT_ELIGIBILITY;NOT_USPS_VALIDITY;NO_INVENTORY
56362,EXACT_IMLS_OUTLET_ZIP,MN0032,030,,EXACT_OUTLET;TIE_FSCSKEY_SEQ,EXACT_OUTLET;NOT_USPS_VALIDITY;NO_INVENTORY
56363,ZCTA_NEAREST_ACTIVE_OUTLET,MN0031,007,6.391,ZCTA_NN;R6371;TIE_FIRST_LEX,ZCTA_NN_HAVERSINE;NOT_ELIGIBILITY;NOT_USPS_VALIDITY;NO_INVENTORY
56364,EXACT_IMLS_OUTLET_ZIP,MN0032,020,,EXACT_OUTLET;TIE_FSCSKEY_SEQ,EXACT_OUTLET;NOT_USPS_VALIDITY;NO_INVENTORY
56367,ZCTA_NEAREST_ACTIVE_OUTLET,MN0032,023,11.361,ZCTA_NN;R6371;TIE_FIRST_LEX,ZCTA_NN_HAVERSINE;NOT_ELIGIBILITY;NOT_USPS_VALIDITY;NO_INVENTORY
56368,EXACT_IMLS_OUTLET_ZIP,MN0032,021,,EXACT_OUTLET;TIE_FSCSKEY_SEQ,EXACT_OUTLET;NOT_USPS_VALIDITY;NO_INVENTORY
56369,ZCTA_NEAREST_ACTIVE_OUTLET,MN0032,009,7.437,ZCTA_NN;R6371;TIE_FIRST_LEX,ZCTA_NN_HAVERSINE;NOT_ELIGIBILITY;NOT_USPS_VALIDITY;NO_INVENTORY
56371,ZCTA_NEAREST_ACTIVE_OUTLET,MN0032,030,8.241,ZCTA_NN;R6371;TIE_FIRST_LEX,ZCTA_NN_HAVERSINE;NOT_ELIGIBILITY;NOT_USPS_VALIDITY;NO_INVENTORY
56373,EXACT_IMLS_OUTLET_ZIP,MN0032,023,,EXACT_OUTLET;TIE_FSCSKEY_SEQ,EXACT_OUTLET;NOT_USPS_VALIDITY;NO_INVENTORY
56374,ZCTA_NEAREST_ACTIVE_OUTLET,MN0032,028,7.344,ZCTA_NN;R6371;TIE_FIRST_LEX,ZCTA_NN_HAVERSINE;NOT_ELIGIBILITY;NOT_USPS_VALIDITY;NO_INVENTORY
56375,ZCTA_NEAREST_ACTIVE_OUTLET,MN0032,023,14.427,ZCTA_NN;R6371;TIE_FIRST_LEX,ZCTA_NN_HAVERSINE;NOT_ELIGIBILITY;NOT_USPS_VALIDITY;NO_INVENTORY
56376,ZCTA_NEAREST_ACTIVE_OUTLET,MN0032,021,12.721,ZCTA_NN;R6371;TIE_FIRST_LEX,ZCTA_NN_HAVERSINE;NOT_ELIGIBILITY;NOT_USPS_VALIDITY;NO_INVENTORY
56377,ZCTA_NEAREST_ACTIVE_OUTLET,MN0032,028,8.631,ZCTA_NN;R6371;TIE_FIRST_LEX,ZCTA_NN_HAVERSINE;NOT_ELIGIBILITY;NOT_USPS_VALIDITY;NO_INVENTORY
56378,EXACT_IMLS_OUTLET_ZIP,MN0032,029,,EXACT_OUTLET;TIE_FSCSKEY_SEQ,EXACT_OUTLET;NOT_USPS_VALIDITY;NO_INVENTORY
56379,ZCTA_NEAREST_ACTIVE_OUTLET,MN0032,024,11.228,ZCTA_NN;R6371;TIE_FIRST_LEX,ZCTA_NN_HAVERSINE;NOT_ELIGIBILITY;NOT_USPS_VALIDITY;NO_INVENTORY
56381,ZCTA_NEAREST_ACTIVE_OUTLET,MN0114,002,15.537,ZCTA_NN;R6371;TIE_FIRST_LEX,ZCTA_NN_HAVERSINE;NOT_ELIGIBILITY;NOT_USPS_VALIDITY;NO_INVENTORY
56382,EXACT_IMLS_OUTLET_ZIP,MN0032,026,,EXACT_OUTLET;TIE_FSCSKEY_SEQ,EXACT_OUTLET;NOT_USPS_VALIDITY;NO_INVENTORY
56384,EXACT_IMLS_OUTLET_ZIP,MN0032,027,,EXACT_OUTLET;TIE_FSCSKEY_SEQ,EXACT_OUTLET;NOT_USPS_VALIDITY;NO_INVENTORY
56385,ZCTA_NEAREST_ACTIVE_OUTLET,MN0114,002,14.270,ZCTA_NN;R6371;TIE_FIRST_LEX,ZCTA_NN_HAVERSINE;NOT_ELIGIBILITY;NOT_USPS_VALIDITY;NO_INVENTORY
56386,ZCTA_NEAREST_ACTIVE_OUTLET,MN0031,008,4.603,ZCTA_NN;R6371;TIE_FIRST_LEX,ZCTA_NN_HAVERSINE;NOT_ELIGIBILITY;NOT_USPS_VALIDITY;NO_INVENTORY
56387,EXACT_IMLS_OUTLET_ZIP,MN0032,028,,EXACT_OUTLET;TIE_FSCSKEY_SEQ,EXACT_OUTLET;NOT_USPS_VALIDITY;NO_INVENTORY
56389,ZCTA_NEAREST_ACTIVE_OUTLET,MN0032,029,12.498,ZCTA_NN;R6371;TIE_FIRST_LEX,ZCTA_NN_HAVERSINE;NOT_ELIGIBILITY;NOT_USPS_VALIDITY;NO_INVENTORY
56401,EXACT_IMLS_OUTLET_ZIP,MN0145,004,,EXACT_OUTLET;TIE_FSCSKEY_SEQ,EXACT_OUTLET;NOT_USPS_VALIDITY;NO_INVENTORY
56425,ZCTA_NEAREST_ACTIVE_OUTLET,MN0145,004,5.785,ZCTA_NN;R6371;TIE_FIRST_LEX,ZCTA_NN_HAVERSINE;NOT_ELIGIBILITY;NOT_USPS_VALIDITY;NO_INVENTORY
56431,EXACT_IMLS_OUTLET_ZIP,MN0031,002,,EXACT_OUTLET;TIE_FSCSKEY_SEQ,EXACT_OUTLET;NOT_USPS_VALIDITY;NO_INVENTORY
56433,ZCTA_NEAREST_ACTIVE_OUTLET,MN0145,010,17.851,ZCTA_NN;R6371;TIE_FIRST_LEX,ZCTA_NN_HAVERSINE;NOT_ELIGIBILITY;NOT_USPS_VALIDITY;NO_INVENTORY
56434,ZCTA_NEAREST_ACTIVE_OUTLET,MN0032,032,11.278,ZCTA_NN;R6371;TIE_FIRST_LEX,ZCTA_NN_HAVERSINE;NOT_ELIGIBILITY;NOT_USPS_VALIDITY;NO_INVENTORY
56435,ZCTA_NEAREST_ACTIVE_OUTLET,MN0145,011,13.397,ZCTA_NN;R6371;TIE_FIRST_LEX,ZCTA_NN_HAVERSINE;NOT_ELIGIBILITY;NOT_USPS_VALIDITY;NO_INVENTORY
56436,OBSERVED_REFERENCE_INDIRECT_ONLY,,,,INDIRECT_IMLS_SC;NO_FABRICATED_NEAREST,INDIRECT_IMLS_SC;NO_FABRICATED_NEAREST;NOT_REJECTED;NOT_USPS_VALIDITY;NO_INVENTORY
56437,ZCTA_NEAREST_ACTIVE_OUTLET,MN0032,011,9.158,ZCTA_NN;R6371;TIE_FIRST_LEX,ZCTA_NN_HAVERSINE;NOT_ELIGIBILITY;NOT_USPS_VALIDITY;NO_INVENTORY
56438,ZCTA_NEAREST_ACTIVE_OUTLET,MN0032,011,17.111,ZCTA_NN;R6371;TIE_FIRST_LEX,ZCTA_NN_HAVERSINE;NOT_ELIGIBILITY;NOT_USPS_VALIDITY;NO_INVENTORY
56440,ZCTA_NEAREST_ACTIVE_OUTLET,MN0032,011,6.722,ZCTA_NN;R6371;TIE_FIRST_LEX,ZCTA_NN_HAVERSINE;NOT_ELIGIBILITY;NOT_USPS_VALIDITY;NO_INVENTORY
56441,EXACT_IMLS_OUTLET_ZIP,MN0133,002,,EXACT_OUTLET;TIE_FSCSKEY_SEQ,EXACT_OUTLET;NOT_USPS_VALIDITY;NO_INVENTORY
56442,ZCTA_NEAREST_ACTIVE_OUTLET,MN9037,001,11.969,ZCTA_NN;R6371;TIE_FIRST_LEX,ZCTA_NN_HAVERSINE;NOT_ELIGIBILITY;NOT_USPS_VALIDITY;NO_INVENTORY
56443,ZCTA_NEAREST_ACTIVE_OUTLET,MN0032,032,26.418,ZCTA_NN;R6371;TIE_FIRST_LEX,ZCTA_NN_HAVERSINE;NOT_ELIGIBILITY;NOT_USPS_VALIDITY;NO_INVENTORY
56444,ZCTA_NEAREST_ACTIVE_OUTLET,MN0133,002,6.912,ZCTA_NN;R6371;TIE_FIRST_LEX,ZCTA_NN_HAVERSINE;NOT_ELIGIBILITY;NOT_USPS_VALIDITY;NO_INVENTORY
56446,EXACT_IMLS_OUTLET_ZIP,MN0032,011,,EXACT_OUTLET;TIE_FSCSKEY_SEQ,EXACT_OUTLET;NOT_USPS_VALIDITY;NO_INVENTORY
56447,EXACT_IMLS_OUTLET_ZIP,MN9037,001,,EXACT_OUTLET;TIE_FSCSKEY_SEQ,EXACT_OUTLET;NOT_USPS_VALIDITY;NO_INVENTORY
56448,ZCTA_NEAREST_ACTIVE_OUTLET,MN9037,001,11.370,ZCTA_NN;R6371;TIE_FIRST_LEX,ZCTA_NN_HAVERSINE;NOT_ELIGIBILITY;NOT_USPS_VALIDITY;NO_INVENTORY
56449,ZCTA_NEAREST_ACTIVE_OUTLET,MN0145,004,20.077,ZCTA_NN;R6371;TIE_FIRST_LEX,ZCTA_NN_HAVERSINE;NOT_ELIGIBILITY;NOT_USPS_VALIDITY;NO_INVENTORY
56450,ZCTA_NEAREST_ACTIVE_OUTLET,MN0133,002,29.010,ZCTA_NN;R6371;TIE_FIRST_LEX,ZCTA_NN_HAVERSINE;NOT_ELIGIBILITY;NOT_USPS_VALIDITY;NO_INVENTORY
56452,ZCTA_NEAREST_ACTIVE_OUTLET,MN0145,010,18.169,ZCTA_NN;R6371;TIE_FIRST_LEX,ZCTA_NN_HAVERSINE;NOT_ELIGIBILITY;NOT_USPS_VALIDITY;NO_INVENTORY
56453,ZCTA_NEAREST_ACTIVE_OUTLET,MN0145,009,14.016,ZCTA_NN;R6371;TIE_FIRST_LEX,ZCTA_NN_HAVERSINE;NOT_ELIGIBILITY;NOT_USPS_VALIDITY;NO_INVENTORY
56455,ZCTA_NEAREST_ACTIVE_OUTLET,MN0133,002,5.942,ZCTA_NN;R6371;TIE_FIRST_LEX,ZCTA_NN_HAVERSINE;NOT_ELIGIBILITY;NOT_USPS_VALIDITY;NO_INVENTORY
56456,OBSERVED_REFERENCE_INDIRECT_ONLY,,,,INDIRECT_IMLS_SC;NO_FABRICATED_NEAREST,INDIRECT_IMLS_SC;NO_FABRICATED_NEAREST;NOT_REJECTED;NOT_USPS_VALIDITY;NO_INVENTORY
56458,ZCTA_NEAREST_ACTIVE_OUTLET,MN0145,007,30.762,ZCTA_NN;R6371;TIE_FIRST_LEX,ZCTA_NN_HAVERSINE;NOT_ELIGIBILITY;NOT_USPS_VALIDITY;NO_INVENTORY
56461,ZCTA_NEAREST_ACTIVE_OUTLET,MN0145,005,24.903,ZCTA_NN;R6371;TIE_FIRST_LEX,ZCTA_NN_HAVERSINE;NOT_ELIGIBILITY;NOT_USPS_VALIDITY;NO_INVENTORY
56464,ZCTA_NEAREST_ACTIVE_OUTLET,MN0145,007,17.354,ZCTA_NN;R6371;TIE_FIRST_LEX,ZCTA_NN_HAVERSINE;NOT_ELIGIBILITY;NOT_USPS_VALIDITY;NO_INVENTORY
56465,ZCTA_NEAREST_ACTIVE_OUTLET,MN0133,002,14.026,ZCTA_NN;R6371;TIE_FIRST_LEX,ZCTA_NN_HAVERSINE;NOT_ELIGIBILITY;NOT_USPS_VALIDITY;NO_INVENTORY
56466,ZCTA_NEAREST_ACTIVE_OUTLET,MN0032,032,15.234,ZCTA_NN;R6371;TIE_FIRST_LEX,ZCTA_NN_HAVERSINE;NOT_ELIGIBILITY;NOT_USPS_VALIDITY;NO_INVENTORY
56467,ZCTA_NEAREST_ACTIVE_OUTLET,MN0145,007,18.432,ZCTA_NN;R6371;TIE_FIRST_LEX,ZCTA_NN_HAVERSINE;NOT_ELIGIBILITY;NOT_USPS_VALIDITY;NO_INVENTORY
56468,ZCTA_NEAREST_ACTIVE_OUTLET,MN0145,004,17.508,ZCTA_NN;R6371;TIE_FIRST_LEX,ZCTA_NN_HAVERSINE;NOT_ELIGIBILITY;NOT_USPS_VALIDITY;NO_INVENTORY
56469,ZCTA_NEAREST_ACTIVE_OUTLET,MN0031,006,27.449,ZCTA_NN;R6371;TIE_FIRST_LEX,ZCTA_NN_HAVERSINE;NOT_ELIGIBILITY;NOT_USPS_VALIDITY;NO_INVENTORY
56470,EXACT_IMLS_OUTLET_ZIP,MN0145,007,,EXACT_OUTLET;TIE_FSCSKEY_SEQ,EXACT_OUTLET;NOT_USPS_VALIDITY;NO_INVENTORY
56472,ZCTA_NEAREST_ACTIVE_OUTLET,MN0145,008,16.016,ZCTA_NN;R6371;TIE_FIRST_LEX,ZCTA_NN_HAVERSINE;NOT_ELIGIBILITY;NOT_USPS_VALIDITY;NO_INVENTORY
56473,ZCTA_NEAREST_ACTIVE_OUTLET,MN0145,004,20.545,ZCTA_NN;R6371;TIE_FIRST_LEX,ZCTA_NN_HAVERSINE;NOT_ELIGIBILITY;NOT_USPS_VALIDITY;NO_INVENTORY
56474,EXACT_IMLS_OUTLET_ZIP,MN0145,008,,EXACT_OUTLET;TIE_FSCSKEY_SEQ,EXACT_OUTLET;NOT_USPS_VALIDITY;NO_INVENTORY
56475,ZCTA_NEAREST_ACTIVE_OUTLET,MN0032,016,18.408,ZCTA_NN;R6371;TIE_FIRST_LEX,ZCTA_NN_HAVERSINE;NOT_ELIGIBILITY;NOT_USPS_VALIDITY;NO_INVENTORY
56477,ZCTA_NEAREST_ACTIVE_OUTLET,MN0145,009,25.168,ZCTA_NN;R6371;TIE_FIRST_LEX,ZCTA_NN_HAVERSINE;NOT_ELIGIBILITY;NOT_USPS_VALIDITY;NO_INVENTORY
56479,EXACT_IMLS_OUTLET_ZIP,MN0032,032,,EXACT_OUTLET;TIE_FSCSKEY_SEQ,EXACT_OUTLET;NOT_USPS_VALIDITY;NO_INVENTORY
56481,ZCTA_NEAREST_ACTIVE_OUTLET,MN0145,009,15.802,ZCTA_NN;R6371;TIE_FIRST_LEX,ZCTA_NN_HAVERSINE;NOT_ELIGIBILITY;NOT_USPS_VALIDITY;NO_INVENTORY
56482,EXACT_IMLS_OUTLET_ZIP,MN0145,009,,EXACT_OUTLET;TIE_FSCSKEY_SEQ,EXACT_OUTLET;NOT_USPS_VALIDITY;NO_INVENTORY
56484,EXACT_IMLS_OUTLET_ZIP,MN0145,010,,EXACT_OUTLET;TIE_FSCSKEY_SEQ,EXACT_OUTLET;NOT_USPS_VALIDITY;NO_INVENTORY
56501,EXACT_IMLS_OUTLET_ZIP,MN0034,008,,EXACT_OUTLET;TIE_FSCSKEY_SEQ,EXACT_OUTLET;NOT_USPS_VALIDITY;NO_INVENTORY
56502,OBSERVED_REFERENCE_INDIRECT_ONLY,,,,INDIRECT_IMLS_SC;NO_FABRICATED_NEAREST,INDIRECT_IMLS_SC;NO_FABRICATED_NEAREST;NOT_REJECTED;NOT_USPS_VALIDITY;NO_INVENTORY
56510,EXACT_IMLS_OUTLET_ZIP,MN0034,002,,EXACT_OUTLET;TIE_FSCSKEY_SEQ,EXACT_OUTLET;NOT_USPS_VALIDITY;NO_INVENTORY
56511,ZCTA_NEAREST_ACTIVE_OUTLET,MN0034,008,13.339,ZCTA_NN;R6371;TIE_FIRST_LEX,ZCTA_NN_HAVERSINE;NOT_ELIGIBILITY;NOT_USPS_VALIDITY;NO_INVENTORY
56514,EXACT_IMLS_OUTLET_ZIP,MN0034,004,,EXACT_OUTLET;TIE_FSCSKEY_SEQ,EXACT_OUTLET;NOT_USPS_VALIDITY;NO_INVENTORY
56515,ZCTA_NEAREST_ACTIVE_OUTLET,MN0113,002,29.428,ZCTA_NN;R6371;TIE_FIRST_LEX,ZCTA_NN_HAVERSINE;NOT_ELIGIBILITY;NOT_USPS_VALIDITY;NO_INVENTORY
56516,ZCTA_NEAREST_ACTIVE_OUTLET,MN0034,015,14.524,ZCTA_NN;R6371;TIE_FIRST_LEX,ZCTA_NN_HAVERSINE;NOT_ELIGIBILITY;NOT_USPS_VALIDITY;NO_INVENTORY
56517,ZCTA_NEAREST_ACTIVE_OUTLET,MN0034,006,20.304,ZCTA_NN;R6371;TIE_FIRST_LEX,ZCTA_NN_HAVERSINE;NOT_ELIGIBILITY;NOT_USPS_VALIDITY;NO_INVENTORY
56518,ZCTA_NEAREST_ACTIVE_OUTLET,MN0117,002,10.118,ZCTA_NN;R6371;TIE_FIRST_LEX,ZCTA_NN_HAVERSINE;NOT_ELIGIBILITY;NOT_USPS_VALIDITY;NO_INVENTORY
56519,ZCTA_NEAREST_ACTIVE_OUTLET,MN0034,002,15.591,ZCTA_NN;R6371;TIE_FIRST_LEX,ZCTA_NN_HAVERSINE;NOT_ELIGIBILITY;NOT_USPS_VALIDITY;NO_INVENTORY
56520,EXACT_IMLS_OUTLET_ZIP,MN0034,005,,EXACT_OUTLET;TIE_FSCSKEY_SEQ,EXACT_OUTLET;NOT_USPS_VALIDITY;NO_INVENTORY
56521,ZCTA_NEAREST_ACTIVE_OUTLET,MN0034,008,20.869,ZCTA_NN;R6371;TIE_FIRST_LEX,ZCTA_NN_HAVERSINE;NOT_ELIGIBILITY;NOT_USPS_VALIDITY;NO_INVENTORY
56522,ZCTA_NEAREST_ACTIVE_OUTLET,MN0034,005,20.878,ZCTA_NN;R6371;TIE_FIRST_LEX,ZCTA_NN_HAVERSINE;NOT_ELIGIBILITY;NOT_USPS_VALIDITY;NO_INVENTORY
56523,EXACT_IMLS_OUTLET_ZIP,MN0034,006,,EXACT_OUTLET;TIE_FSCSKEY_SEQ,EXACT_OUTLET;NOT_USPS_VALIDITY;NO_INVENTORY
56524,ZCTA_NEAREST_ACTIVE_OUTLET,MN0113,002,35.748,ZCTA_NN;R6371;TIE_FIRST_LEX,ZCTA_NN_HAVERSINE;NOT_ELIGIBILITY;NOT_USPS_VALIDITY;NO_INVENTORY
56525,ZCTA_NEAREST_ACTIVE_OUTLET,ND0026,003,18.801,ZCTA_NN;R6371;TIE_FIRST_LEX,ZCTA_NN_HAVERSINE;NOT_ELIGIBILITY;NOT_USPS_VALIDITY;NO_INVENTORY
56527,ZCTA_NEAREST_ACTIVE_OUTLET,MN0145,009,15.366,ZCTA_NN;R6371;TIE_FIRST_LEX,ZCTA_NN_HAVERSINE;NOT_ELIGIBILITY;NOT_USPS_VALIDITY;NO_INVENTORY
56528,ZCTA_NEAREST_ACTIVE_OUTLET,MN0119,002,19.400,ZCTA_NN;R6371;TIE_FIRST_LEX,ZCTA_NN_HAVERSINE;NOT_ELIGIBILITY;NOT_USPS_VALIDITY;NO_INVENTORY
56529,ZCTA_NEAREST_ACTIVE_OUTLET,MN0034,013,5.825,ZCTA_NN;R6371;TIE_FIRST_LEX,ZCTA_NN_HAVERSINE;NOT_ELIGIBILITY;NOT_USPS_VALIDITY;NO_INVENTORY
56531,EXACT_IMLS_OUTLET_ZIP,MN0112,002,,EXACT_OUTLET;TIE_FSCSKEY_SEQ,EXACT_OUTLET;NOT_USPS_VALIDITY;NO_INVENTORY
56533,ZCTA_NEAREST_ACTIVE_OUTLET,MN0109,002,11.279,ZCTA_NN;R6371;TIE_FIRST_LEX,ZCTA_NN_HAVERSINE;NOT_ELIGIBILITY;NOT_USPS_VALIDITY;NO_INVENTORY
56534,ZCTA_NEAREST_ACTIVE_OUTLET,MN0118,002,12.232,ZCTA_NN;R6371;TIE_FIRST_LEX,ZCTA_NN_HAVERSINE;NOT_ELIGIBILITY;NOT_USPS_VALIDITY;NO_INVENTORY
56535,ZCTA_NEAREST_ACTIVE_OUTLET,MN0034,012,12.377,ZCTA_NN;R6371;TIE_FIRST_LEX,ZCTA_NN_HAVERSINE;NOT_ELIGIBILITY;NOT_USPS_VALIDITY;NO_INVENTORY
56536,ZCTA_NEAREST_ACTIVE_OUTLET,MN0034,011,24.002,ZCTA_NN;R6371;TIE_FIRST_LEX,ZCTA_NN_HAVERSINE;NOT_ELIGIBILITY;NOT_USPS_VALIDITY;NO_INVENTORY
56537,EXACT_IMLS_OUTLET_ZIP,MN0109,002,,EXACT_OUTLET;TIE_FSCSKEY_SEQ,EXACT_OUTLET;NOT_USPS_VALIDITY;NO_INVENTORY
56538,OBSERVED_REFERENCE_INDIRECT_ONLY,,,,INDIRECT_IMLS_SC;NO_FABRICATED_NEAREST,INDIRECT_IMLS_SC;NO_FABRICATED_NEAREST;NOT_REJECTED;NOT_USPS_VALIDITY;NO_INVENTORY
56540,EXACT_IMLS_OUTLET_ZIP,MN0034,009,,EXACT_OUTLET;TIE_FSCSKEY_SEQ,EXACT_OUTLET;NOT_USPS_VALIDITY;NO_INVENTORY
56541,ZCTA_NEAREST_ACTIVE_OUTLET,MN0034,015,20.376,ZCTA_NN;R6371;TIE_FIRST_LEX,ZCTA_NN_HAVERSINE;NOT_ELIGIBILITY;NOT_USPS_VALIDITY;NO_INVENTORY
56542,EXACT_IMLS_OUTLET_ZIP,MN0034,010,,EXACT_OUTLET;TIE_FSCSKEY_SEQ,EXACT_OUTLET;NOT_USPS_VALIDITY;NO_INVENTORY
56543,ZCTA_NEAREST_ACTIVE_OUTLET,MN0109,002,18.919,ZCTA_NN;R6371;TIE_FIRST_LEX,ZCTA_NN_HAVERSINE;NOT_ELIGIBILITY;NOT_USPS_VALIDITY;NO_INVENTORY
56544,ZCTA_NEAREST_ACTIVE_OUTLET,MN0119,002,18.297,ZCTA_NN;R6371;TIE_FIRST_LEX,ZCTA_NN_HAVERSINE;NOT_ELIGIBILITY;NOT_USPS_VALIDITY;NO_INVENTORY
56545,ZCTA_NEAREST_ACTIVE_OUTLET,MN0034,009,15.447,ZCTA_NN;R6371;TIE_FIRST_LEX,ZCTA_NN_HAVERSINE;NOT_ELIGIBILITY;NOT_USPS_VALIDITY;NO_INVENTORY
56546,ZCTA_NEAREST_ACTIVE_OUTLET,ND0026,005,22.076,ZCTA_NN;R6371;TIE_FIRST_LEX,ZCTA_NN_HAVERSINE;NOT_ELIGIBILITY;NOT_USPS_VALIDITY;NO_INVENTORY
56547,ZCTA_NEAREST_ACTIVE_OUTLET,MN0034,013,16.715,ZCTA_NN;R6371;TIE_FIRST_LEX,ZCTA_NN_HAVERSINE;NOT_ELIGIBILITY;NOT_USPS_VALIDITY;NO_INVENTORY
56548,ZCTA_NEAREST_ACTIVE_OUTLET,MN0034,002,19.194,ZCTA_NN;R6371;TIE_FIRST_LEX,ZCTA_NN_HAVERSINE;NOT_ELIGIBILITY;NOT_USPS_VALIDITY;NO_INVENTORY
56549,EXACT_IMLS_OUTLET_ZIP,MN0034,011,,EXACT_OUTLET;TIE_FSCSKEY_SEQ,EXACT_OUTLET;NOT_USPS_VALIDITY;NO_INVENTORY
56550,ZCTA_NEAREST_ACTIVE_OUTLET,MN0034,002,17.739,ZCTA_NN;R6371;TIE_FIRST_LEX,ZCTA_NN_HAVERSINE;NOT_ELIGIBILITY;NOT_USPS_VALIDITY;NO_INVENTORY
56551,ZCTA_NEAREST_ACTIVE_OUTLET,MN0117,002,23.034,ZCTA_NN;R6371;TIE_FIRST_LEX,ZCTA_NN_HAVERSINE;NOT_ELIGIBILITY;NOT_USPS_VALIDITY;NO_INVENTORY
56552,ZCTA_NEAREST_ACTIVE_OUTLET,MN0034,011,13.020,ZCTA_NN;R6371;TIE_FIRST_LEX,ZCTA_NN_HAVERSINE;NOT_ELIGIBILITY;NOT_USPS_VALIDITY;NO_INVENTORY
56553,ZCTA_NEAREST_ACTIVE_OUTLET,ND0049,002,18.302,ZCTA_NN;R6371;TIE_FIRST_LEX,ZCTA_NN_HAVERSINE;NOT_ELIGIBILITY;NOT_USPS_VALIDITY;NO_INVENTORY
56554,ZCTA_NEAREST_ACTIVE_OUTLET,MN0034,011,15.152,ZCTA_NN;R6371;TIE_FIRST_LEX,ZCTA_NN_HAVERSINE;NOT_ELIGIBILITY;NOT_USPS_VALIDITY;NO_INVENTORY
56556,EXACT_IMLS_OUTLET_ZIP,MN0034,012,,EXACT_OUTLET;TIE_FSCSKEY_SEQ,EXACT_OUTLET;NOT_USPS_VALIDITY;NO_INVENTORY
56557,EXACT_IMLS_OUTLET_ZIP,MN0034,015,,EXACT_OUTLET;TIE_FSCSKEY_SEQ,EXACT_OUTLET;NOT_USPS_VALIDITY;NO_INVENTORY
56560,EXACT_IMLS_OUTLET_ZIP,MN0034,013,,EXACT_OUTLET;TIE_FSCSKEY_SEQ,EXACT_OUTLET;NOT_USPS_VALIDITY;NO_INVENTORY
56561,OBSERVED_REFERENCE_INDIRECT_ONLY,,,,INDIRECT_IMLS_SC;NO_FABRICATED_NEAREST,INDIRECT_IMLS_SC;NO_FABRICATED_NEAREST;NOT_REJECTED;NOT_USPS_VALIDITY;NO_INVENTORY
56562,ZCTA_NEAREST_ACTIVE_OUTLET,MN0034,013,0.973,ZCTA_NN;R6371;TIE_FIRST_LEX,ZCTA_NN_HAVERSINE;NOT_ELIGIBILITY;NOT_USPS_VALIDITY;NO_INVENTORY
56563,ZCTA_NEAREST_ACTIVE_OUTLET,MN0034,013,1.471,ZCTA_NN;R6371;TIE_FIRST_LEX,ZCTA_NN_HAVERSINE;NOT_ELIGIBILITY;NOT_USPS_VALIDITY;NO_INVENTORY
56565,ZCTA_NEAREST_ACTIVE_OUTLET,MN0112,002,26.832,ZCTA_NN;R6371;TIE_FIRST_LEX,ZCTA_NN_HAVERSINE;NOT_ELIGIBILITY;NOT_USPS_VALIDITY;NO_INVENTORY
56566,ZCTA_NEAREST_ACTIVE_OUTLET,MN0034,015,28.466,ZCTA_NN;R6371;TIE_FIRST_LEX,ZCTA_NN_HAVERSINE;NOT_ELIGIBILITY;NOT_USPS_VALIDITY;NO_INVENTORY
56567,EXACT_IMLS_OUTLET_ZIP,MN0117,002,,EXACT_OUTLET;TIE_FSCSKEY_SEQ,EXACT_OUTLET;NOT_USPS_VALIDITY;NO_INVENTORY
56568,ZCTA_NEAREST_ACTIVE_OUTLET,MN0034,006,8.433,ZCTA_NN;R6371;TIE_FIRST_LEX,ZCTA_NN_HAVERSINE;NOT_ELIGIBILITY;NOT_USPS_VALIDITY;NO_INVENTORY
56569,ZCTA_NEAREST_ACTIVE_OUTLET,MN0034,015,28.304,ZCTA_NN;R6371;TIE_FIRST_LEX,ZCTA_NN_HAVERSINE;NOT_ELIGIBILITY;NOT_USPS_VALIDITY;NO_INVENTORY
56570,ZCTA_NEAREST_ACTIVE_OUTLET,MN0145,007,23.240,ZCTA_NN;R6371;TIE_FIRST_LEX,ZCTA_NN_HAVERSINE;NOT_ELIGIBILITY;NOT_USPS_VALIDITY;NO_INVENTORY
56571,ZCTA_NEAREST_ACTIVE_OUTLET,MN0117,002,15.902,ZCTA_NN;R6371;TIE_FIRST_LEX,ZCTA_NN_HAVERSINE;NOT_ELIGIBILITY;NOT_USPS_VALIDITY;NO_INVENTORY
56572,EXACT_IMLS_OUTLET_ZIP,MN0118,002,,EXACT_OUTLET;TIE_FSCSKEY_SEQ,EXACT_OUTLET;NOT_USPS_VALIDITY;NO_INVENTORY
56573,EXACT_IMLS_OUTLET_ZIP,MN0119,002,,EXACT_OUTLET;TIE_FSCSKEY_SEQ,EXACT_OUTLET;NOT_USPS_VALIDITY;NO_INVENTORY
56574,ZCTA_NEAREST_ACTIVE_OUTLET,MN0034,002,18.672,ZCTA_NN;R6371;TIE_FIRST_LEX,ZCTA_NN_HAVERSINE;NOT_ELIGIBILITY;NOT_USPS_VALIDITY;NO_INVENTORY
56575,ZCTA_NEAREST_ACTIVE_OUTLET,MN0145,007,31.344,ZCTA_NN;R6371;TIE_FIRST_LEX,ZCTA_NN_HAVERSINE;NOT_ELIGIBILITY;NOT_USPS_VALIDITY;NO_INVENTORY
56576,ZCTA_NEAREST_ACTIVE_OUTLET,MN0119,002,18.526,ZCTA_NN;R6371;TIE_FIRST_LEX,ZCTA_NN_HAVERSINE;NOT_ELIGIBILITY;NOT_USPS_VALIDITY;NO_INVENTORY
56578,ZCTA_NEAREST_ACTIVE_OUTLET,MN0034,008,20.843,ZCTA_NN;R6371;TIE_FIRST_LEX,ZCTA_NN_HAVERSINE;NOT_ELIGIBILITY;NOT_USPS_VALIDITY;NO_INVENTORY
56579,ZCTA_NEAREST_ACTIVE_OUTLET,MN0034,004,22.038,ZCTA_NN;R6371;TIE_FIRST_LEX,ZCTA_NN_HAVERSINE;NOT_ELIGIBILITY;NOT_USPS_VALIDITY;NO_INVENTORY
56580,ZCTA_NEAREST_ACTIVE_OUTLET,MN0034,004,16.761,ZCTA_NN;R6371;TIE_FIRST_LEX,ZCTA_NN_HAVERSINE;NOT_ELIGIBILITY;NOT_USPS_VALIDITY;NO_INVENTORY
56581,ZCTA_NEAREST_ACTIVE_OUTLET,MN0034,006,16.674,ZCTA_NN;R6371;TIE_FIRST_LEX,ZCTA_NN_HAVERSINE;NOT_ELIGIBILITY;NOT_USPS_VALIDITY;NO_INVENTORY
56583,ZCTA_NEAREST_ACTIVE_OUTLET,MN0120,002,23.075,ZCTA_NN;R6371;TIE_FIRST_LEX,ZCTA_NN_HAVERSINE;NOT_ELIGIBILITY;NOT_USPS_VALIDITY;NO_INVENTORY
56584,ZCTA_NEAREST_ACTIVE_OUTLET,MN0034,002,22.352,ZCTA_NN;R6371;TIE_FIRST_LEX,ZCTA_NN_HAVERSINE;NOT_ELIGIBILITY;NOT_USPS_VALIDITY;NO_INVENTORY
56585,ZCTA_NEAREST_ACTIVE_OUTLET,MN0034,011,23.521,ZCTA_NN;R6371;TIE_FIRST_LEX,ZCTA_NN_HAVERSINE;NOT_ELIGIBILITY;NOT_USPS_VALIDITY;NO_INVENTORY
56586,ZCTA_NEAREST_ACTIVE_OUTLET,MN0113,002,19.003,ZCTA_NN;R6371;TIE_FIRST_LEX,ZCTA_NN_HAVERSINE;NOT_ELIGIBILITY;NOT_USPS_VALIDITY;NO_INVENTORY
56587,ZCTA_NEAREST_ACTIVE_OUTLET,MN0118,002,18.962,ZCTA_NN;R6371;TIE_FIRST_LEX,ZCTA_NN_HAVERSINE;NOT_ELIGIBILITY;NOT_USPS_VALIDITY;NO_INVENTORY
56588,ZCTA_NEAREST_ACTIVE_OUTLET,MN0117,002,35.670,ZCTA_NN;R6371;TIE_FIRST_LEX,ZCTA_NN_HAVERSINE;NOT_ELIGIBILITY;NOT_USPS_VALIDITY;NO_INVENTORY
56589,ZCTA_NEAREST_ACTIVE_OUTLET,MN0034,015,21.444,ZCTA_NN;R6371;TIE_FIRST_LEX,ZCTA_NN_HAVERSINE;NOT_ELIGIBILITY;NOT_USPS_VALIDITY;NO_INVENTORY
56590,ZCTA_NEAREST_ACTIVE_OUTLET,MN0112,002,14.119,ZCTA_NN;R6371;TIE_FIRST_LEX,ZCTA_NN_HAVERSINE;NOT_ELIGIBILITY;NOT_USPS_VALIDITY;NO_INVENTORY
56591,ZCTA_NEAREST_ACTIVE_OUTLET,MN0034,015,25.101,ZCTA_NN;R6371;TIE_FIRST_LEX,ZCTA_NN_HAVERSINE;NOT_ELIGIBILITY;NOT_USPS_VALIDITY;NO_INVENTORY
56592,ZCTA_NEAREST_ACTIVE_OUTLET,MN0034,012,14.787,ZCTA_NN;R6371;TIE_FIRST_LEX,ZCTA_NN_HAVERSINE;NOT_ELIGIBILITY;NOT_USPS_VALIDITY;NO_INVENTORY
56593,OBSERVED_REFERENCE_INDIRECT_ONLY,,,,INDIRECT_IMLS_SC;NO_FABRICATED_NEAREST,INDIRECT_IMLS_SC;NO_FABRICATED_NEAREST;NOT_REJECTED;NOT_USPS_VALIDITY;NO_INVENTORY
56594,ZCTA_NEAREST_ACTIVE_OUTLET,MN0034,004,20.755,ZCTA_NN;R6371;TIE_FIRST_LEX,ZCTA_NN_HAVERSINE;NOT_ELIGIBILITY;NOT_USPS_VALIDITY;NO_INVENTORY
56601,EXACT_IMLS_OUTLET_ZIP,MN0145,002,,EXACT_OUTLET;TIE_FSCSKEY_SEQ,EXACT_OUTLET;NOT_USPS_VALIDITY;NO_INVENTORY
56619,OBSERVED_REFERENCE_INDIRECT_ONLY,,,,INDIRECT_IMLS_SC;NO_FABRICATED_NEAREST,INDIRECT_IMLS_SC;NO_FABRICATED_NEAREST;NOT_REJECTED;NOT_USPS_VALIDITY;NO_INVENTORY
56621,EXACT_IMLS_OUTLET_ZIP,MN0034,003,,EXACT_OUTLET;TIE_FSCSKEY_SEQ,EXACT_OUTLET;NOT_USPS_VALIDITY;NO_INVENTORY
56623,EXACT_IMLS_OUTLET_ZIP,MN0004,002,,EXACT_OUTLET;TIE_FSCSKEY_SEQ,EXACT_OUTLET;NOT_USPS_VALIDITY;NO_INVENTORY
56626,ZCTA_NEAREST_ACTIVE_OUTLET,MN0145,005,34.381,ZCTA_NN;R6371;TIE_FIRST_LEX,ZCTA_NN_HAVERSINE;NOT_ELIGIBILITY;NOT_USPS_VALIDITY;NO_INVENTORY
56627,ZCTA_NEAREST_ACTIVE_OUTLET,MN0145,003,63.634,ZCTA_NN;R6371;TIE_FIRST_LEX,ZCTA_NN_HAVERSINE;NOT_ELIGIBILITY;NOT_USPS_VALIDITY;NO_INVENTORY
56628,ZCTA_NEAREST_ACTIVE_OUTLET,MN0025,002,45.938,ZCTA_NN;R6371;TIE_FIRST_LEX,ZCTA_NN_HAVERSINE;NOT_ELIGIBILITY;NOT_USPS_VALIDITY;NO_INVENTORY
56629,ZCTA_NEAREST_ACTIVE_OUTLET,MN0004,002,39.017,ZCTA_NN;R6371;TIE_FIRST_LEX,ZCTA_NN_HAVERSINE;NOT_ELIGIBILITY;NOT_USPS_VALIDITY;NO_INVENTORY
56630,EXACT_IMLS_OUTLET_ZIP,MN0145,003,,EXACT_OUTLET;TIE_FSCSKEY_SEQ,EXACT_OUTLET;NOT_USPS_VALIDITY;NO_INVENTORY
56633,EXACT_IMLS_OUTLET_ZIP,MN0145,005,,EXACT_OUTLET;TIE_FSCSKEY_SEQ,EXACT_OUTLET;NOT_USPS_VALIDITY;NO_INVENTORY
56634,ZCTA_NEAREST_ACTIVE_OUTLET,MN0034,003,17.845,ZCTA_NN;R6371;TIE_FIRST_LEX,ZCTA_NN_HAVERSINE;NOT_ELIGIBILITY;NOT_USPS_VALIDITY;NO_INVENTORY
56636,ZCTA_NEAREST_ACTIVE_OUTLET,MN0018,002,29.930,ZCTA_NN;R6371;TIE_FIRST_LEX,ZCTA_NN_HAVERSINE;NOT_ELIGIBILITY;NOT_USPS_VALIDITY;NO_INVENTORY
56637,ZCTA_NEAREST_ACTIVE_OUTLET,MN0005,002,48.176,ZCTA_NN;R6371;TIE_FIRST_LEX,ZCTA_NN_HAVERSINE;NOT_ELIGIBILITY;NOT_USPS_VALIDITY;NO_INVENTORY
56639,ZCTA_NEAREST_ACTIVE_OUTLET,MN0012,002,63.613,ZCTA_NN;R6371;TIE_FIRST_LEX,ZCTA_NN_HAVERSINE;NOT_ELIGIBILITY;NOT_USPS_VALIDITY;NO_INVENTORY
56641,ZCTA_NEAREST_ACTIVE_OUTLET,MN0145,006,24.128,ZCTA_NN;R6371;TIE_FIRST_LEX,ZCTA_NN_HAVERSINE;NOT_ELIGIBILITY;NOT_USPS_VALIDITY;NO_INVENTORY
56644,ZCTA_NEAREST_ACTIVE_OUTLET,MN0034,010,28.262,ZCTA_NN;R6371;TIE_FIRST_LEX,ZCTA_NN_HAVERSINE;NOT_ELIGIBILITY;NOT_USPS_VALIDITY;NO_INVENTORY
56646,ZCTA_NEAREST_ACTIVE_OUTLET,MN0034,010,24.288,ZCTA_NN;R6371;TIE_FIRST_LEX,ZCTA_NN_HAVERSINE;NOT_ELIGIBILITY;NOT_USPS_VALIDITY;NO_INVENTORY
56647,ZCTA_NEAREST_ACTIVE_OUTLET,MN0145,003,6.897,ZCTA_NN;R6371;TIE_FIRST_LEX,ZCTA_NN_HAVERSINE;NOT_ELIGIBILITY;NOT_USPS_VALIDITY;NO_INVENTORY
56649,EXACT_IMLS_OUTLET_ZIP,MN0021,002,,EXACT_OUTLET;TIE_FSCSKEY_SEQ,EXACT_OUTLET;NOT_USPS_VALIDITY;NO_INVENTORY
56650,ZCTA_NEAREST_ACTIVE_OUTLET,MN0145,003,29.667,ZCTA_NN;R6371;TIE_FIRST_LEX,ZCTA_NN_HAVERSINE;NOT_ELIGIBILITY;NOT_USPS_VALIDITY;NO_INVENTORY
56651,ZCTA_NEAREST_ACTIVE_OUTLET,MN0034,003,16.816,ZCTA_NN;R6371;TIE_FIRST_LEX,ZCTA_NN_HAVERSINE;NOT_ELIGIBILITY;NOT_USPS_VALIDITY;NO_INVENTORY
56652,ZCTA_NEAREST_ACTIVE_OUTLET,MN0034,003,25.155,ZCTA_NN;R6371;TIE_FIRST_LEX,ZCTA_NN_HAVERSINE;NOT_ELIGIBILITY;NOT_USPS_VALIDITY;NO_INVENTORY
56653,ZCTA_NEAREST_ACTIVE_OUTLET,MN0021,002,37.414,ZCTA_NN;R6371;TIE_FIRST_LEX,ZCTA_NN_HAVERSINE;NOT_ELIGIBILITY;NOT_USPS_VALIDITY;NO_INVENTORY
56654,ZCTA_NEAREST_ACTIVE_OUTLET,MN0021,002,45.003,ZCTA_NN;R6371;TIE_FIRST_LEX,ZCTA_NN_HAVERSINE;NOT_ELIGIBILITY;NOT_USPS_VALIDITY;NO_INVENTORY
56655,EXACT_IMLS_OUTLET_ZIP,MN0145,006,,EXACT_OUTLET;TIE_FSCSKEY_SEQ,EXACT_OUTLET;NOT_USPS_VALIDITY;NO_INVENTORY
56657,ZCTA_NEAREST_ACTIVE_OUTLET,MN0005,002,35.020,ZCTA_NN;R6371;TIE_FIRST_LEX,ZCTA_NN_HAVERSINE;NOT_ELIGIBILITY;NOT_USPS_VALIDITY;NO_INVENTORY
56658,ZCTA_NEAREST_ACTIVE_OUTLET,MN0145,003,62.537,ZCTA_NN;R6371;TIE_FIRST_LEX,ZCTA_NN_HAVERSINE;NOT_ELIGIBILITY;NOT_USPS_VALIDITY;NO_INVENTORY
56659,ZCTA_NEAREST_ACTIVE_OUTLET,MN0145,003,42.541,ZCTA_NN;R6371;TIE_FIRST_LEX,ZCTA_NN_HAVERSINE;NOT_ELIGIBILITY;NOT_USPS_VALIDITY;NO_INVENTORY
56660,ZCTA_NEAREST_ACTIVE_OUTLET,MN0145,003,39.830,ZCTA_NN;R6371;TIE_FIRST_LEX,ZCTA_NN_HAVERSINE;NOT_ELIGIBILITY;NOT_USPS_VALIDITY;NO_INVENTORY
56661,ZCTA_NEAREST_ACTIVE_OUTLET,MN0145,003,33.786,ZCTA_NN;R6371;TIE_FIRST_LEX,ZCTA_NN_HAVERSINE;NOT_ELIGIBILITY;NOT_USPS_VALIDITY;NO_INVENTORY
56662,ZCTA_NEAREST_ACTIVE_OUTLET,MN9037,001,16.986,ZCTA_NN;R6371;TIE_FIRST_LEX,ZCTA_NN_HAVERSINE;NOT_ELIGIBILITY;NOT_USPS_VALIDITY;NO_INVENTORY
56663,ZCTA_NEAREST_ACTIVE_OUTLET,MN0145,005,18.624,ZCTA_NN;R6371;TIE_FIRST_LEX,ZCTA_NN_HAVERSINE;NOT_ELIGIBILITY;NOT_USPS_VALIDITY;NO_INVENTORY
56666,ZCTA_NEAREST_ACTIVE_OUTLET,MN0145,003,39.194,ZCTA_NN;R6371;TIE_FIRST_LEX,ZCTA_NN_HAVERSINE;NOT_ELIGIBILITY;NOT_USPS_VALIDITY;NO_INVENTORY
56667,ZCTA_NEAREST_ACTIVE_OUTLET,MN0145,002,28.394,ZCTA_NN;R6371;TIE_FIRST_LEX,ZCTA_NN_HAVERSINE;NOT_ELIGIBILITY;NOT_USPS_VALIDITY;NO_INVENTORY
56668,ZCTA_NEAREST_ACTIVE_OUTLET,MN0021,002,5.177,ZCTA_NN;R6371;TIE_FIRST_LEX,ZCTA_NN_HAVERSINE;NOT_ELIGIBILITY;NOT_USPS_VALIDITY;NO_INVENTORY
56669,ZCTA_NEAREST_ACTIVE_OUTLET,MN0021,002,29.588,ZCTA_NN;R6371;TIE_FIRST_LEX,ZCTA_NN_HAVERSINE;NOT_ELIGIBILITY;NOT_USPS_VALIDITY;NO_INVENTORY
56670,ZCTA_NEAREST_ACTIVE_OUTLET,MN0145,003,25.926,ZCTA_NN;R6371;TIE_FIRST_LEX,ZCTA_NN_HAVERSINE;NOT_ELIGIBILITY;NOT_USPS_VALIDITY;NO_INVENTORY
56671,ZCTA_NEAREST_ACTIVE_OUTLET,MN0034,003,47.355,ZCTA_NN;R6371;TIE_FIRST_LEX,ZCTA_NN_HAVERSINE;NOT_ELIGIBILITY;NOT_USPS_VALIDITY;NO_INVENTORY
56672,ZCTA_NEAREST_ACTIVE_OUTLET,MN0145,006,18.241,ZCTA_NN;R6371;TIE_FIRST_LEX,ZCTA_NN_HAVERSINE;NOT_ELIGIBILITY;NOT_USPS_VALIDITY;NO_INVENTORY
56673,ZCTA_NEAREST_ACTIVE_OUTLET,MN0050,008,19.172,ZCTA_NN;R6371;TIE_FIRST_LEX,ZCTA_NN_HAVERSINE;NOT_ELIGIBILITY;NOT_USPS_VALIDITY;NO_INVENTORY
56676,ZCTA_NEAREST_ACTIVE_OUTLET,MN0034,003,16.104,ZCTA_NN;R6371;TIE_FIRST_LEX,ZCTA_NN_HAVERSINE;NOT_ELIGIBILITY;NOT_USPS_VALIDITY;NO_INVENTORY
56678,ZCTA_NEAREST_ACTIVE_OUTLET,MN0145,002,16.149,ZCTA_NN;R6371;TIE_FIRST_LEX,ZCTA_NN_HAVERSINE;NOT_ELIGIBILITY;NOT_USPS_VALIDITY;NO_INVENTORY
56680,ZCTA_NEAREST_ACTIVE_OUTLET,MN0145,003,45.279,ZCTA_NN;R6371;TIE_FIRST_LEX,ZCTA_NN_HAVERSINE;NOT_ELIGIBILITY;NOT_USPS_VALIDITY;NO_INVENTORY
56681,ZCTA_NEAREST_ACTIVE_OUTLET,MN0145,003,29.115,ZCTA_NN;R6371;TIE_FIRST_LEX,ZCTA_NN_HAVERSINE;NOT_ELIGIBILITY;NOT_USPS_VALIDITY;NO_INVENTORY
56683,ZCTA_NEAREST_ACTIVE_OUTLET,MN0145,003,15.031,ZCTA_NN;R6371;TIE_FIRST_LEX,ZCTA_NN_HAVERSINE;NOT_ELIGIBILITY;NOT_USPS_VALIDITY;NO_INVENTORY
56684,ZCTA_NEAREST_ACTIVE_OUTLET,MN0034,012,29.497,ZCTA_NN;R6371;TIE_FIRST_LEX,ZCTA_NN_HAVERSINE;NOT_ELIGIBILITY;NOT_USPS_VALIDITY;NO_INVENTORY
56685,ZCTA_NEAREST_ACTIVE_OUTLET,MN0004,002,52.897,ZCTA_NN;R6371;TIE_FIRST_LEX,ZCTA_NN_HAVERSINE;NOT_ELIGIBILITY;NOT_USPS_VALIDITY;NO_INVENTORY
56686,ZCTA_NEAREST_ACTIVE_OUTLET,MN0004,002,24.100,ZCTA_NN;R6371;TIE_FIRST_LEX,ZCTA_NN_HAVERSINE;NOT_ELIGIBILITY;NOT_USPS_VALIDITY;NO_INVENTORY
56688,ZCTA_NEAREST_ACTIVE_OUTLET,MN0145,003,53.709,ZCTA_NN;R6371;TIE_FIRST_LEX,ZCTA_NN_HAVERSINE;NOT_ELIGIBILITY;NOT_USPS_VALIDITY;NO_INVENTORY
56701,EXACT_IMLS_OUTLET_ZIP,MN0050,006,,EXACT_OUTLET;TIE_FSCSKEY_SEQ,EXACT_OUTLET;NOT_USPS_VALIDITY;NO_INVENTORY
56710,ZCTA_NEAREST_ACTIVE_OUTLET,MN0050,007,17.131,ZCTA_NN;R6371;TIE_FIRST_LEX,ZCTA_NN_HAVERSINE;NOT_ELIGIBILITY;NOT_USPS_VALIDITY;NO_INVENTORY
56711,ZCTA_NEAREST_ACTIVE_OUTLET,MN0050,008,20.796,ZCTA_NN;R6371;TIE_FIRST_LEX,ZCTA_NN_HAVERSINE;NOT_ELIGIBILITY;NOT_USPS_VALIDITY;NO_INVENTORY
56713,ZCTA_NEAREST_ACTIVE_OUTLET,MN0050,007,17.353,ZCTA_NN;R6371;TIE_FIRST_LEX,ZCTA_NN_HAVERSINE;NOT_ELIGIBILITY;NOT_USPS_VALIDITY;NO_INVENTORY
56714,ZCTA_NEAREST_ACTIVE_OUTLET,MN0050,002,16.148,ZCTA_NN;R6371;TIE_FIRST_LEX,ZCTA_NN_HAVERSINE;NOT_ELIGIBILITY;NOT_USPS_VALIDITY;NO_INVENTORY
56715,ZCTA_NEAREST_ACTIVE_OUTLET,MN0034,012,19.383,ZCTA_NN;R6371;TIE_FIRST_LEX,ZCTA_NN_HAVERSINE;NOT_ELIGIBILITY;NOT_USPS_VALIDITY;NO_INVENTORY
56716,EXACT_IMLS_OUTLET_ZIP,MN0034,007,,EXACT_OUTLET;TIE_FSCSKEY_SEQ,EXACT_OUTLET;NOT_USPS_VALIDITY;NO_INVENTORY
56720,ZCTA_NEAREST_ACTIVE_OUTLET,MN0050,003,23.584,ZCTA_NN;R6371;TIE_FIRST_LEX,ZCTA_NN_HAVERSINE;NOT_ELIGIBILITY;NOT_USPS_VALIDITY;NO_INVENTORY
56721,EXACT_IMLS_OUTLET_ZIP,MN0122,002,,EXACT_OUTLET;TIE_FSCSKEY_SEQ,EXACT_OUTLET;NOT_USPS_VALIDITY;NO_INVENTORY
56722,ZCTA_NEAREST_ACTIVE_OUTLET,MN0034,007,23.708,ZCTA_NN;R6371;TIE_FIRST_LEX,ZCTA_NN_HAVERSINE;NOT_ELIGIBILITY;NOT_USPS_VALIDITY;NO_INVENTORY
56723,ZCTA_NEAREST_ACTIVE_OUTLET,MN0034,007,15.400,ZCTA_NN;R6371;TIE_FIRST_LEX,ZCTA_NN_HAVERSINE;NOT_ELIGIBILITY;NOT_USPS_VALIDITY;NO_INVENTORY
56724,ZCTA_NEAREST_ACTIVE_OUTLET,MN0050,002,43.492,ZCTA_NN;R6371;TIE_FIRST_LEX,ZCTA_NN_HAVERSINE;NOT_ELIGIBILITY;NOT_USPS_VALIDITY;NO_INVENTORY
56725,ZCTA_NEAREST_ACTIVE_OUTLET,MN0050,006,34.947,ZCTA_NN;R6371;TIE_FIRST_LEX,ZCTA_NN_HAVERSINE;NOT_ELIGIBILITY;NOT_USPS_VALIDITY;NO_INVENTORY
56726,EXACT_IMLS_OUTLET_ZIP,MN0050,002,,EXACT_OUTLET;TIE_FSCSKEY_SEQ,EXACT_OUTLET;NOT_USPS_VALIDITY;NO_INVENTORY
56727,ZCTA_NEAREST_ACTIVE_OUTLET,MN0050,005,61.909,ZCTA_NN;R6371;TIE_FIRST_LEX,ZCTA_NN_HAVERSINE;NOT_ELIGIBILITY;NOT_USPS_VALIDITY;NO_INVENTORY
56728,EXACT_IMLS_OUTLET_ZIP,MN0050,003,,EXACT_OUTLET;TIE_FSCSKEY_SEQ,EXACT_OUTLET;NOT_USPS_VALIDITY;NO_INVENTORY
56729,ZCTA_NEAREST_ACTIVE_OUTLET,MN0050,003,28.242,ZCTA_NN;R6371;TIE_FIRST_LEX,ZCTA_NN_HAVERSINE;NOT_ELIGIBILITY;NOT_USPS_VALIDITY;NO_INVENTORY
56731,ZCTA_NEAREST_ACTIVE_OUTLET,ND0073,002,14.159,ZCTA_NN;R6371;TIE_FIRST_LEX,ZCTA_NN_HAVERSINE;NOT_ELIGIBILITY;NOT_USPS_VALIDITY;NO_INVENTORY
56732,ZCTA_NEAREST_ACTIVE_OUTLET,MN0050,002,24.697,ZCTA_NN;R6371;TIE_FIRST_LEX,ZCTA_NN_HAVERSINE;NOT_ELIGIBILITY;NOT_USPS_VALIDITY;NO_INVENTORY
56733,ZCTA_NEAREST_ACTIVE_OUTLET,MN0050,003,15.525,ZCTA_NN;R6371;TIE_FIRST_LEX,ZCTA_NN_HAVERSINE;NOT_ELIGIBILITY;NOT_USPS_VALIDITY;NO_INVENTORY
56734,ZCTA_NEAREST_ACTIVE_OUTLET,MN0050,003,24.972,ZCTA_NN;R6371;TIE_FIRST_LEX,ZCTA_NN_HAVERSINE;NOT_ELIGIBILITY;NOT_USPS_VALIDITY;NO_INVENTORY
56735,ZCTA_NEAREST_ACTIVE_OUTLET,MN0050,003,27.107,ZCTA_NN;R6371;TIE_FIRST_LEX,ZCTA_NN_HAVERSINE;NOT_ELIGIBILITY;NOT_USPS_VALIDITY;NO_INVENTORY
56736,ZCTA_NEAREST_ACTIVE_OUTLET,MN0034,009,19.855,ZCTA_NN;R6371;TIE_FIRST_LEX,ZCTA_NN_HAVERSINE;NOT_ELIGIBILITY;NOT_USPS_VALIDITY;NO_INVENTORY
56737,ZCTA_NEAREST_ACTIVE_OUTLET,MN0050,006,34.650,ZCTA_NN;R6371;TIE_FIRST_LEX,ZCTA_NN_HAVERSINE;NOT_ELIGIBILITY;NOT_USPS_VALIDITY;NO_INVENTORY
56738,ZCTA_NEAREST_ACTIVE_OUTLET,MN0050,006,28.079,ZCTA_NN;R6371;TIE_FIRST_LEX,ZCTA_NN_HAVERSINE;NOT_ELIGIBILITY;NOT_USPS_VALIDITY;NO_INVENTORY
56741,OBSERVED_REFERENCE_INDIRECT_ONLY,,,,INDIRECT_IMLS_SC;NO_FABRICATED_NEAREST,INDIRECT_IMLS_SC;NO_FABRICATED_NEAREST;NOT_REJECTED;NOT_USPS_VALIDITY;NO_INVENTORY
56742,ZCTA_NEAREST_ACTIVE_OUTLET,MN0034,012,32.944,ZCTA_NN;R6371;TIE_FIRST_LEX,ZCTA_NN_HAVERSINE;NOT_ELIGIBILITY;NOT_USPS_VALIDITY;NO_INVENTORY
56744,ZCTA_NEAREST_ACTIVE_OUTLET,MN0050,007,26.122,ZCTA_NN;R6371;TIE_FIRST_LEX,ZCTA_NN_HAVERSINE;NOT_ELIGIBILITY;NOT_USPS_VALIDITY;NO_INVENTORY
56748,ZCTA_NEAREST_ACTIVE_OUTLET,MN0050,004,20.391,ZCTA_NN;R6371;TIE_FIRST_LEX,ZCTA_NN_HAVERSINE;NOT_ELIGIBILITY;NOT_USPS_VALIDITY;NO_INVENTORY
56750,EXACT_IMLS_OUTLET_ZIP,MN0050,004,,EXACT_OUTLET;TIE_FSCSKEY_SEQ,EXACT_OUTLET;NOT_USPS_VALIDITY;NO_INVENTORY
56751,EXACT_IMLS_OUTLET_ZIP,MN0050,005,,EXACT_OUTLET;TIE_FSCSKEY_SEQ,EXACT_OUTLET;NOT_USPS_VALIDITY;NO_INVENTORY
56754,ZCTA_NEAREST_ACTIVE_OUTLET,MN0050,006,13.805,ZCTA_NN;R6371;TIE_FIRST_LEX,ZCTA_NN_HAVERSINE;NOT_ELIGIBILITY;NOT_USPS_VALIDITY;NO_INVENTORY
56755,ZCTA_NEAREST_ACTIVE_OUTLET,ND0073,002,9.507,ZCTA_NN;R6371;TIE_FIRST_LEX,ZCTA_NN_HAVERSINE;NOT_ELIGIBILITY;NOT_USPS_VALIDITY;NO_INVENTORY
56756,ZCTA_NEAREST_ACTIVE_OUTLET,MN0050,005,15.928,ZCTA_NN;R6371;TIE_FIRST_LEX,ZCTA_NN_HAVERSINE;NOT_ELIGIBILITY;NOT_USPS_VALIDITY;NO_INVENTORY
56757,ZCTA_NEAREST_ACTIVE_OUTLET,MN0050,007,32.574,ZCTA_NN;R6371;TIE_FIRST_LEX,ZCTA_NN_HAVERSINE;NOT_ELIGIBILITY;NOT_USPS_VALIDITY;NO_INVENTORY
56758,ZCTA_NEAREST_ACTIVE_OUTLET,MN0050,007,34.627,ZCTA_NN;R6371;TIE_FIRST_LEX,ZCTA_NN_HAVERSINE;NOT_ELIGIBILITY;NOT_USPS_VALIDITY;NO_INVENTORY
56759,ZCTA_NEAREST_ACTIVE_OUTLET,MN0050,002,18.291,ZCTA_NN;R6371;TIE_FIRST_LEX,ZCTA_NN_HAVERSINE;NOT_ELIGIBILITY;NOT_USPS_VALIDITY;NO_INVENTORY
56760,ZCTA_NEAREST_ACTIVE_OUTLET,MN0050,006,23.943,ZCTA_NN;R6371;TIE_FIRST_LEX,ZCTA_NN_HAVERSINE;NOT_ELIGIBILITY;NOT_USPS_VALIDITY;NO_INVENTORY
56761,ZCTA_NEAREST_ACTIVE_OUTLET,MN0050,005,26.849,ZCTA_NN;R6371;TIE_FIRST_LEX,ZCTA_NN_HAVERSINE;NOT_ELIGIBILITY;NOT_USPS_VALIDITY;NO_INVENTORY
56762,EXACT_IMLS_OUTLET_ZIP,MN0050,007,,EXACT_OUTLET;TIE_FSCSKEY_SEQ,EXACT_OUTLET;NOT_USPS_VALIDITY;NO_INVENTORY
56763,EXACT_IMLS_OUTLET_ZIP,MN0050,008,,EXACT_OUTLET;TIE_FSCSKEY_SEQ,EXACT_OUTLET;NOT_USPS_VALIDITY;NO_INVENTORY
57001,EXACT_IMLS_OUTLET_ZIP,SD0002,002,,EXACT_OUTLET;TIE_FSCSKEY_SEQ,EXACT_OUTLET;NOT_USPS_VALIDITY;NO_INVENTORY
57002,ZCTA_NEAREST_ACTIVE_OUTLET,SD0004,002,9.691,ZCTA_NN;R6371;TIE_FIRST_LEX,ZCTA_NN_HAVERSINE;NOT_ELIGIBILITY;NOT_USPS_VALIDITY;NO_INVENTORY
57003,EXACT_IMLS_OUTLET_ZIP,SD0141,004,,EXACT_OUTLET;TIE_FSCSKEY_SEQ,EXACT_OUTLET;NOT_USPS_VALIDITY;NO_INVENTORY
57004,EXACT_IMLS_OUTLET_ZIP,SD0003,002,,EXACT_OUTLET;TIE_FSCSKEY_SEQ,EXACT_OUTLET;NOT_USPS_VALIDITY;NO_INVENTORY
57005,EXACT_IMLS_OUTLET_ZIP,SD0141,005,,EXACT_OUTLET;TIE_FSCSKEY_SEQ,EXACT_OUTLET;NOT_USPS_VALIDITY;NO_INVENTORY
57006,EXACT_IMLS_OUTLET_ZIP,SD0004,002,,EXACT_OUTLET;TIE_FSCSKEY_SEQ,EXACT_OUTLET;NOT_USPS_VALIDITY;NO_INVENTORY
57007,ZCTA_NEAREST_ACTIVE_OUTLET,SD0004,002,1.577,ZCTA_NN;R6371;TIE_FIRST_LEX,ZCTA_NN_HAVERSINE;NOT_ELIGIBILITY;NOT_USPS_VALIDITY;NO_INVENTORY
57010,ZCTA_NEAREST_ACTIVE_OUTLET,SD0026,002,10.058,ZCTA_NN;R6371;TIE_FIRST_LEX,ZCTA_NN_HAVERSINE;NOT_ELIGIBILITY;NOT_USPS_VALIDITY;NO_INVENTORY
57012,ZCTA_NEAREST_ACTIVE_OUTLET,SD0141,008,17.370,ZCTA_NN;R6371;TIE_FIRST_LEX,ZCTA_NN_HAVERSINE;NOT_ELIGIBILITY;NOT_USPS_VALIDITY;NO_INVENTORY
57013,EXACT_IMLS_OUTLET_ZIP,SD0005,002,,EXACT_OUTLET;TIE_FSCSKEY_SEQ,EXACT_OUTLET;NOT_USPS_VALIDITY;NO_INVENTORY
57014,EXACT_IMLS_OUTLET_ZIP,SD0006,002,,EXACT_OUTLET;TIE_FSCSKEY_SEQ,EXACT_OUTLET;NOT_USPS_VALIDITY;NO_INVENTORY
57015,ZCTA_NEAREST_ACTIVE_OUTLET,SD0017,002,10.527,ZCTA_NN;R6371;TIE_FIRST_LEX,ZCTA_NN_HAVERSINE;NOT_ELIGIBILITY;NOT_USPS_VALIDITY;NO_INVENTORY
57016,ZCTA_NEAREST_ACTIVE_OUTLET,SD0141,006,10.438,ZCTA_NN;R6371;TIE_FIRST_LEX,ZCTA_NN_HAVERSINE;NOT_ELIGIBILITY;NOT_USPS_VALIDITY;NO_INVENTORY
57017,EXACT_IMLS_OUTLET_ZIP,SD0012,004,,EXACT_OUTLET;TIE_FSCSKEY_SEQ,EXACT_OUTLET;NOT_USPS_VALIDITY;NO_INVENTORY
57018,EXACT_IMLS_OUTLET_ZIP,SD0141,006,,EXACT_OUTLET;TIE_FSCSKEY_SEQ,EXACT_OUTLET;NOT_USPS_VALIDITY;NO_INVENTORY
57020,EXACT_IMLS_OUTLET_ZIP,SD0141,002,,EXACT_OUTLET;TIE_FSCSKEY_SEQ,EXACT_OUTLET;NOT_USPS_VALIDITY;NO_INVENTORY
57021,ZCTA_NEAREST_ACTIVE_OUTLET,SD0015,002,8.996,ZCTA_NN;R6371;TIE_FIRST_LEX,ZCTA_NN_HAVERSINE;NOT_ELIGIBILITY;NOT_USPS_VALIDITY;NO_INVENTORY
57022,EXACT_IMLS_OUTLET_ZIP,SD0009,002,,EXACT_OUTLET;TIE_FSCSKEY_SEQ,EXACT_OUTLET;NOT_USPS_VALIDITY;NO_INVENTORY
57024,ZCTA_NEAREST_ACTIVE_OUTLET,SD0012,002,9.579,ZCTA_NN;R6371;TIE_FIRST_LEX,ZCTA_NN_HAVERSINE;NOT_ELIGIBILITY;NOT_USPS_VALIDITY;NO_INVENTORY
57025,EXACT_IMLS_OUTLET_ZIP,SD0010,002,,EXACT_OUTLET;TIE_FSCSKEY_SEQ,EXACT_OUTLET;NOT_USPS_VALIDITY;NO_INVENTORY
57026,EXACT_IMLS_OUTLET_ZIP,SD0011,002,,EXACT_OUTLET;TIE_FSCSKEY_SEQ,EXACT_OUTLET;NOT_USPS_VALIDITY;NO_INVENTORY
57027,ZCTA_NEAREST_ACTIVE_OUTLET,SD0155,001,8.703,ZCTA_NN;R6371;TIE_FIRST_LEX,ZCTA_NN_HAVERSINE;NOT_ELIGIBILITY;NOT_USPS_VALIDITY;NO_INVENTORY
57028,EXACT_IMLS_OUTLET_ZIP,SD0012,002,,EXACT_OUTLET;TIE_FSCSKEY_SEQ,EXACT_OUTLET;NOT_USPS_VALIDITY;NO_INVENTORY
57029,EXACT_IMLS_OUTLET_ZIP,SD0013,002,,EXACT_OUTLET;TIE_FSCSKEY_SEQ,EXACT_OUTLET;NOT_USPS_VALIDITY;NO_INVENTORY
57030,EXACT_IMLS_OUTLET_ZIP,SD0141,007,,EXACT_OUTLET;TIE_FSCSKEY_SEQ,EXACT_OUTLET;NOT_USPS_VALIDITY;NO_INVENTORY
57031,ZCTA_NEAREST_ACTIVE_OUTLET,SD0030,002,16.941,ZCTA_NN;R6371;TIE_FIRST_LEX,ZCTA_NN_HAVERSINE;NOT_ELIGIBILITY;NOT_USPS_VALIDITY;NO_INVENTORY
57032,EXACT_IMLS_OUTLET_ZIP,SD0158,001,,EXACT_OUTLET;TIE_FSCSKEY_SEQ,EXACT_OUTLET;NOT_USPS_VALIDITY;NO_INVENTORY
57033,EXACT_IMLS_OUTLET_ZIP,SD0141,010,,EXACT_OUTLET;TIE_FSCSKEY_SEQ,EXACT_OUTLET;NOT_USPS_VALIDITY;NO_INVENTORY
57034,EXACT_IMLS_OUTLET_ZIP,SD0155,001,,EXACT_OUTLET;TIE_FSCSKEY_SEQ,EXACT_OUTLET;NOT_USPS_VALIDITY;NO_INVENTORY
57035,EXACT_IMLS_OUTLET_ZIP,SD0141,008,,EXACT_OUTLET;TIE_FSCSKEY_SEQ,EXACT_OUTLET;NOT_USPS_VALIDITY;NO_INVENTORY
57036,EXACT_IMLS_OUTLET_ZIP,SD0015,002,,EXACT_OUTLET;TIE_FSCSKEY_SEQ,EXACT_OUTLET;NOT_USPS_VALIDITY;NO_INVENTORY
57037,EXACT_IMLS_OUTLET_ZIP,SD0016,002,,EXACT_OUTLET;TIE_FSCSKEY_SEQ,EXACT_OUTLET;NOT_USPS_VALIDITY;NO_INVENTORY
57038,ZCTA_NEAREST_ACTIVE_OUTLET,SD0157,001,9.350,ZCTA_NN;R6371;TIE_FIRST_LEX,ZCTA_NN_HAVERSINE;NOT_ELIGIBILITY;NOT_USPS_VALIDITY;NO_INVENTORY
57039,EXACT_IMLS_OUTLET_ZIP,SD0017,002,,EXACT_OUTLET;TIE_FSCSKEY_SEQ,EXACT_OUTLET;NOT_USPS_VALIDITY;NO_INVENTORY
57040,ZCTA_NEAREST_ACTIVE_OUTLET,SD0025,002,14.264,ZCTA_NN;R6371;TIE_FIRST_LEX,ZCTA_NN_HAVERSINE;NOT_ELIGIBILITY;NOT_USPS_VALIDITY;NO_INVENTORY
57041,ZCTA_NEAREST_ACTIVE_OUTLET,SD0141,006,7.994,ZCTA_NN;R6371;TIE_FIRST_LEX,ZCTA_NN_HAVERSINE;NOT_ELIGIBILITY;NOT_USPS_VALIDITY;NO_INVENTORY
57042,EXACT_IMLS_OUTLET_ZIP,SD0018,002,,EXACT_OUTLET;TIE_FSCSKEY_SEQ,EXACT_OUTLET;NOT_USPS_VALIDITY;NO_INVENTORY
57043,ZCTA_NEAREST_ACTIVE_OUTLET,SD0013,002,12.924,ZCTA_NN;R6371;TIE_FIRST_LEX,ZCTA_NN_HAVERSINE;NOT_ELIGIBILITY;NOT_USPS_VALIDITY;NO_INVENTORY
57045,EXACT_IMLS_OUTLET_ZIP,SD0019,002,,EXACT_OUTLET;TIE_FSCSKEY_SEQ,EXACT_OUTLET;NOT_USPS_VALIDITY;NO_INVENTORY
57046,ZCTA_NEAREST_ACTIVE_OUTLET,SD0030,002,11.755,ZCTA_NN;R6371;TIE_FIRST_LEX,ZCTA_NN_HAVERSINE;NOT_ELIGIBILITY;NOT_USPS_VALIDITY;NO_INVENTORY
57047,ZCTA_NEAREST_ACTIVE_OUTLET,SD0021,002,14.686,ZCTA_NN;R6371;TIE_FIRST_LEX,ZCTA_NN_HAVERSINE;NOT_ELIGIBILITY;NOT_USPS_VALIDITY;NO_INVENTORY
57048,ZCTA_NEAREST_ACTIVE_OUTLET,SD0141,008,14.879,ZCTA_NN;R6371;TIE_FIRST_LEX,ZCTA_NN_HAVERSINE;NOT_ELIGIBILITY;NOT_USPS_VALIDITY;NO_INVENTORY
57049,EXACT_IMLS_OUTLET_ZIP,SD0157,001,,EXACT_OUTLET;TIE_FSCSKEY_SEQ,EXACT_OUTLET;NOT_USPS_VALIDITY;NO_INVENTORY
57050,ZCTA_NEAREST_ACTIVE_OUTLET,SD0018,002,18.421,ZCTA_NN;R6371;TIE_FIRST_LEX,ZCTA_NN_HAVERSINE;NOT_ELIGIBILITY;NOT_USPS_VALIDITY;NO_INVENTORY
57051,ZCTA_NEAREST_ACTIVE_OUTLET,SD0042,002,16.285,ZCTA_NN;R6371;TIE_FIRST_LEX,ZCTA_NN_HAVERSINE;NOT_ELIGIBILITY;NOT_USPS_VALIDITY;NO_INVENTORY
57052,ZCTA_NEAREST_ACTIVE_OUTLET,SD0019,002,12.211,ZCTA_NN;R6371;TIE_FIRST_LEX,ZCTA_NN_HAVERSINE;NOT_ELIGIBILITY;NOT_USPS_VALIDITY;NO_INVENTORY
57053,EXACT_IMLS_OUTLET_ZIP,SD0021,002,,EXACT_OUTLET;TIE_FSCSKEY_SEQ,EXACT_OUTLET;NOT_USPS_VALIDITY;NO_INVENTORY
57054,ZCTA_NEAREST_ACTIVE_OUTLET,SD0018,002,17.107,ZCTA_NN;R6371;TIE_FIRST_LEX,ZCTA_NN_HAVERSINE;NOT_ELIGIBILITY;NOT_USPS_VALIDITY;NO_INVENTORY
57055,ZCTA_NEAREST_ACTIVE_OUTLET,SD0141,002,5.418,ZCTA_NN;R6371;TIE_FIRST_LEX,ZCTA_NN_HAVERSINE;NOT_ELIGIBILITY;NOT_USPS_VALIDITY;NO_INVENTORY
57057,ZCTA_NEAREST_ACTIVE_OUTLET,SD0018,002,16.320,ZCTA_NN;R6371;TIE_FIRST_LEX,ZCTA_NN_HAVERSINE;NOT_ELIGIBILITY;NOT_USPS_VALIDITY;NO_INVENTORY
57058,ZCTA_NEAREST_ACTIVE_OUTLET,SD0141,008,28.606,ZCTA_NN;R6371;TIE_FIRST_LEX,ZCTA_NN_HAVERSINE;NOT_ELIGIBILITY;NOT_USPS_VALIDITY;NO_INVENTORY
57059,EXACT_IMLS_OUTLET_ZIP,SD0025,002,,EXACT_OUTLET;TIE_FSCSKEY_SEQ,EXACT_OUTLET;NOT_USPS_VALIDITY;NO_INVENTORY
57061,ZCTA_NEAREST_ACTIVE_OUTLET,SD0004,002,20.966,ZCTA_NN;R6371;TIE_FIRST_LEX,ZCTA_NN_HAVERSINE;NOT_ELIGIBILITY;NOT_USPS_VALIDITY;NO_INVENTORY
57062,EXACT_IMLS_OUTLET_ZIP,SD0144,001,,EXACT_OUTLET;TIE_FSCSKEY_SEQ,EXACT_OUTLET;NOT_USPS_VALIDITY;NO_INVENTORY
57063,ZCTA_NEAREST_ACTIVE_OUTLET,SD0024,002,16.124,ZCTA_NN;R6371;TIE_FIRST_LEX,ZCTA_NN_HAVERSINE;NOT_ELIGIBILITY;NOT_USPS_VALIDITY;NO_INVENTORY
57064,EXACT_IMLS_OUTLET_ZIP,SD0161,001,,EXACT_OUTLET;TIE_FSCSKEY_SEQ,EXACT_OUTLET;NOT_USPS_VALIDITY;NO_INVENTORY
57065,ZCTA_NEAREST_ACTIVE_OUTLET,SD0009,002,11.818,ZCTA_NN;R6371;TIE_FIRST_LEX,ZCTA_NN_HAVERSINE;NOT_ELIGIBILITY;NOT_USPS_VALIDITY;NO_INVENTORY
57066,EXACT_IMLS_OUTLET_ZIP,SD0024,002,,EXACT_OUTLET;TIE_FSCSKEY_SEQ,EXACT_OUTLET;NOT_USPS_VALIDITY;NO_INVENTORY
57067,ZCTA_NEAREST_ACTIVE_OUTLET,SD0030,002,20.111,ZCTA_NN;R6371;TIE_FIRST_LEX,ZCTA_NN_HAVERSINE;NOT_ELIGIBILITY;NOT_USPS_VALIDITY;NO_INVENTORY
57068,EXACT_IMLS_OUTLET_ZIP,SD0141,009,,EXACT_OUTLET;TIE_FSCSKEY_SEQ,EXACT_OUTLET;NOT_USPS_VALIDITY;NO_INVENTORY
57069,EXACT_IMLS_OUTLET_ZIP,SD0026,002,,EXACT_OUTLET;TIE_FSCSKEY_SEQ,EXACT_OUTLET;NOT_USPS_VALIDITY;NO_INVENTORY
57070,EXACT_IMLS_OUTLET_ZIP,SD0027,002,,EXACT_OUTLET;TIE_FSCSKEY_SEQ,EXACT_OUTLET;NOT_USPS_VALIDITY;NO_INVENTORY
57071,ZCTA_NEAREST_ACTIVE_OUTLET,SD0004,002,13.865,ZCTA_NN;R6371;TIE_FIRST_LEX,ZCTA_NN_HAVERSINE;NOT_ELIGIBILITY;NOT_USPS_VALIDITY;NO_INVENTORY
57072,ZCTA_NEAREST_ACTIVE_OUTLET,SD0016,002,11.390,ZCTA_NN;R6371;TIE_FIRST_LEX,ZCTA_NN_HAVERSINE;NOT_ELIGIBILITY;NOT_USPS_VALIDITY;NO_INVENTORY
57073,ZCTA_NEAREST_ACTIVE_OUTLET,SD0016,002,12.073,ZCTA_NN;R6371;TIE_FIRST_LEX,ZCTA_NN_HAVERSINE;NOT_ELIGIBILITY;NOT_USPS_VALIDITY;NO_INVENTORY
57075,ZCTA_NEAREST_ACTIVE_OUTLET,SD0018,002,11.644,ZCTA_NN;R6371;TIE_FIRST_LEX,ZCTA_NN_HAVERSINE;NOT_ELIGIBILITY;NOT_USPS_VALIDITY;NO_INVENTORY
57076,ZCTA_NEAREST_ACTIVE_OUTLET,SD0059,002,14.020,ZCTA_NN;R6371;TIE_FIRST_LEX,ZCTA_NN_HAVERSINE;NOT_ELIGIBILITY;NOT_USPS_VALIDITY;NO_INVENTORY
57077,ZCTA_NEAREST_ACTIVE_OUTLET,SD0017,002,12.308,ZCTA_NN;R6371;TIE_FIRST_LEX,ZCTA_NN_HAVERSINE;NOT_ELIGIBILITY;NOT_USPS_VALIDITY;NO_INVENTORY
57078,EXACT_IMLS_OUTLET_ZIP,SD0030,002,,EXACT_OUTLET;TIE_FSCSKEY_SEQ,EXACT_OUTLET;NOT_USPS_VALIDITY;NO_INVENTORY
57101,OBSERVED_REFERENCE_INDIRECT_ONLY,,,,INDIRECT_IMLS_SC;NO_FABRICATED_NEAREST,INDIRECT_IMLS_SC;NO_FABRICATED_NEAREST;NOT_REJECTED;NOT_USPS_VALIDITY;NO_INVENTORY
57103,EXACT_IMLS_OUTLET_ZIP,SD0141,014,,EXACT_OUTLET;TIE_FSCSKEY_SEQ,EXACT_OUTLET;NOT_USPS_VALIDITY;NO_INVENTORY
57104,ZCTA_NEAREST_ACTIVE_OUTLET,SD0141,017,5.584,ZCTA_NN;R6371;TIE_FIRST_LEX,ZCTA_NN_HAVERSINE;NOT_ELIGIBILITY;NOT_USPS_VALIDITY;NO_INVENTORY
57105,ZCTA_NEAREST_ACTIVE_OUTLET,SD0141,013,2.711,ZCTA_NN;R6371;TIE_FIRST_LEX,ZCTA_NN_HAVERSINE;NOT_ELIGIBILITY;NOT_USPS_VALIDITY;NO_INVENTORY
57106,EXACT_IMLS_OUTLET_ZIP,SD0141,013,,EXACT_OUTLET;TIE_FSCSKEY_SEQ,EXACT_OUTLET;NOT_USPS_VALIDITY;NO_INVENTORY
57107,ZCTA_NEAREST_ACTIVE_OUTLET,SD0141,002,7.616,ZCTA_NN;R6371;TIE_FIRST_LEX,ZCTA_NN_HAVERSINE;NOT_ELIGIBILITY;NOT_USPS_VALIDITY;NO_INVENTORY
57108,ZCTA_NEAREST_ACTIVE_OUTLET,SD0141,014,3.688,ZCTA_NN;R6371;TIE_FIRST_LEX,ZCTA_NN_HAVERSINE;NOT_ELIGIBILITY;NOT_USPS_VALIDITY;NO_INVENTORY
57109,OBSERVED_REFERENCE_INDIRECT_ONLY,,,,INDIRECT_IMLS_SC;NO_FABRICATED_NEAREST,INDIRECT_IMLS_SC;NO_FABRICATED_NEAREST;NOT_REJECTED;NOT_USPS_VALIDITY;NO_INVENTORY
57110,ZCTA_NEAREST_ACTIVE_OUTLET,SD0141,017,3.660,ZCTA_NN;R6371;TIE_FIRST_LEX,ZCTA_NN_HAVERSINE;NOT_ELIGIBILITY;NOT_USPS_VALIDITY;NO_INVENTORY
57117,EXACT_IMLS_OUTLET_ZIP,SD0141,016,,EXACT_OUTLET;TIE_FSCSKEY_SEQ,EXACT_OUTLET;NOT_USPS_VALIDITY;NO_INVENTORY
57118,OBSERVED_REFERENCE_INDIRECT_ONLY,,,,INDIRECT_IMLS_SC;NO_FABRICATED_NEAREST,INDIRECT_IMLS_SC;NO_FABRICATED_NEAREST;NOT_REJECTED;NOT_USPS_VALIDITY;NO_INVENTORY
57197,ZCTA_NEAREST_ACTIVE_OUTLET,SD0141,013,2.781,ZCTA_NN;R6371;TIE_FIRST_LEX,ZCTA_NN_HAVERSINE;NOT_ELIGIBILITY;NOT_USPS_VALIDITY;NO_INVENTORY
57198,OBSERVED_REFERENCE_INDIRECT_ONLY,,,,INDIRECT_IMLS_SC;NO_FABRICATED_NEAREST,INDIRECT_IMLS_SC;NO_FABRICATED_NEAREST;NOT_REJECTED;NOT_USPS_VALIDITY;NO_INVENTORY
57201,EXACT_IMLS_OUTLET_ZIP,SD0032,002,,EXACT_OUTLET;TIE_FSCSKEY_SEQ,EXACT_OUTLET;NOT_USPS_VALIDITY;NO_INVENTORY
57212,ZCTA_NEAREST_ACTIVE_OUTLET,SD0042,002,19.007,ZCTA_NN;R6371;TIE_FIRST_LEX,ZCTA_NN_HAVERSINE;NOT_ELIGIBILITY;NOT_USPS_VALIDITY;NO_INVENTORY
57213,ZCTA_NEAREST_ACTIVE_OUTLET,MN0131,002,11.324,ZCTA_NN;R6371;TIE_FIRST_LEX,ZCTA_NN_HAVERSINE;NOT_ELIGIBILITY;NOT_USPS_VALIDITY;NO_INVENTORY
57214,ZCTA_NEAREST_ACTIVE_OUTLET,SD0042,002,19.525,ZCTA_NN;R6371;TIE_FIRST_LEX,ZCTA_NN_HAVERSINE;NOT_ELIGIBILITY;NOT_USPS_VALIDITY;NO_INVENTORY
57216,EXACT_IMLS_OUTLET_ZIP,SD0043,003,,EXACT_OUTLET;TIE_FSCSKEY_SEQ,EXACT_OUTLET;NOT_USPS_VALIDITY;NO_INVENTORY
57217,ZCTA_NEAREST_ACTIVE_OUTLET,SD0037,002,23.744,ZCTA_NN;R6371;TIE_FIRST_LEX,ZCTA_NN_HAVERSINE;NOT_ELIGIBILITY;NOT_USPS_VALIDITY;NO_INVENTORY
57218,ZCTA_NEAREST_ACTIVE_OUTLET,SD0129,002,13.757,ZCTA_NN;R6371;TIE_FIRST_LEX,ZCTA_NN_HAVERSINE;NOT_ELIGIBILITY;NOT_USPS_VALIDITY;NO_INVENTORY
57219,ZCTA_NEAREST_ACTIVE_OUTLET,SD0046,002,22.103,ZCTA_NN;R6371;TIE_FIRST_LEX,ZCTA_NN_HAVERSINE;NOT_ELIGIBILITY;NOT_USPS_VALIDITY;NO_INVENTORY
57220,ZCTA_NEAREST_ACTIVE_OUTLET,SD0004,002,19.440,ZCTA_NN;R6371;TIE_FIRST_LEX,ZCTA_NN_HAVERSINE;NOT_ELIGIBILITY;NOT_USPS_VALIDITY;NO_INVENTORY
57221,ZCTA_NEAREST_ACTIVE_OUTLET,SD0038,002,26.062,ZCTA_NN;R6371;TIE_FIRST_LEX,ZCTA_NN_HAVERSINE;NOT_ELIGIBILITY;NOT_USPS_VALIDITY;NO_INVENTORY
57223,ZCTA_NEAREST_ACTIVE_OUTLET,SD0032,002,22.182,ZCTA_NN;R6371;TIE_FIRST_LEX,ZCTA_NN_HAVERSINE;NOT_ELIGIBILITY;NOT_USPS_VALIDITY;NO_INVENTORY
57224,ZCTA_NEAREST_ACTIVE_OUTLET,SD0044,002,18.497,ZCTA_NN;R6371;TIE_FIRST_LEX,ZCTA_NN_HAVERSINE;NOT_ELIGIBILITY;NOT_USPS_VALIDITY;NO_INVENTORY
57225,EXACT_IMLS_OUTLET_ZIP,SD0037,002,,EXACT_OUTLET;TIE_FSCSKEY_SEQ,EXACT_OUTLET;NOT_USPS_VALIDITY;NO_INVENTORY
57226,EXACT_IMLS_OUTLET_ZIP,SD0129,002,,EXACT_OUTLET;TIE_FSCSKEY_SEQ,EXACT_OUTLET;NOT_USPS_VALIDITY;NO_INVENTORY
57227,ZCTA_NEAREST_ACTIVE_OUTLET,SD0130,002,10.898,ZCTA_NN;R6371;TIE_FIRST_LEX,ZCTA_NN_HAVERSINE;NOT_ELIGIBILITY;NOT_USPS_VALIDITY;NO_INVENTORY
57231,EXACT_IMLS_OUTLET_ZIP,SD0038,002,,EXACT_OUTLET;TIE_FSCSKEY_SEQ,EXACT_OUTLET;NOT_USPS_VALIDITY;NO_INVENTORY
57232,ZCTA_NEAREST_ACTIVE_OUTLET,SD0148,001,26.925,ZCTA_NN;R6371;TIE_FIRST_LEX,ZCTA_NN_HAVERSINE;NOT_ELIGIBILITY;NOT_USPS_VALIDITY;NO_INVENTORY
57233,ZCTA_NEAREST_ACTIVE_OUTLET,SD0042,002,16.472,ZCTA_NN;R6371;TIE_FIRST_LEX,ZCTA_NN_HAVERSINE;NOT_ELIGIBILITY;NOT_USPS_VALIDITY;NO_INVENTORY
57234,ZCTA_NEAREST_ACTIVE_OUTLET,SD0129,002,23.439,ZCTA_NN;R6371;TIE_FIRST_LEX,ZCTA_NN_HAVERSINE;NOT_ELIGIBILITY;NOT_USPS_VALIDITY;NO_INVENTORY
57235,ZCTA_NEAREST_ACTIVE_OUTLET,SD0033,002,25.381,ZCTA_NN;R6371;TIE_FIRST_LEX,ZCTA_NN_HAVERSINE;NOT_ELIGIBILITY;NOT_USPS_VALIDITY;NO_INVENTORY
57236,ZCTA_NEAREST_ACTIVE_OUTLET,SD0037,002,16.623,ZCTA_NN;R6371;TIE_FIRST_LEX,ZCTA_NN_HAVERSINE;NOT_ELIGIBILITY;NOT_USPS_VALIDITY;NO_INVENTORY
57237,ZCTA_NEAREST_ACTIVE_OUTLET,SD0129,002,15.050,ZCTA_NN;R6371;TIE_FIRST_LEX,ZCTA_NN_HAVERSINE;NOT_ELIGIBILITY;NOT_USPS_VALIDITY;NO_INVENTORY
57238,ZCTA_NEAREST_ACTIVE_OUTLET,SD0129,002,19.024,ZCTA_NN;R6371;TIE_FIRST_LEX,ZCTA_NN_HAVERSINE;NOT_ELIGIBILITY;NOT_USPS_VALIDITY;NO_INVENTORY
57239,ZCTA_NEAREST_ACTIVE_OUTLET,SD0045,002,20.155,ZCTA_NN;R6371;TIE_FIRST_LEX,ZCTA_NN_HAVERSINE;NOT_ELIGIBILITY;NOT_USPS_VALIDITY;NO_INVENTORY
57241,ZCTA_NEAREST_ACTIVE_OUTLET,SD0032,002,23.147,ZCTA_NN;R6371;TIE_FIRST_LEX,ZCTA_NN_HAVERSINE;NOT_ELIGIBILITY;NOT_USPS_VALIDITY;NO_INVENTORY
57242,ZCTA_NEAREST_ACTIVE_OUTLET,SD0032,002,23.022,ZCTA_NN;R6371;TIE_FIRST_LEX,ZCTA_NN_HAVERSINE;NOT_ELIGIBILITY;NOT_USPS_VALIDITY;NO_INVENTORY
57243,ZCTA_NEAREST_ACTIVE_OUTLET,SD0037,002,23.228,ZCTA_NN;R6371;TIE_FIRST_LEX,ZCTA_NN_HAVERSINE;NOT_ELIGIBILITY;NOT_USPS_VALIDITY;NO_INVENTORY
57245,ZCTA_NEAREST_ACTIVE_OUTLET,SD0033,002,14.675,ZCTA_NN;R6371;TIE_FIRST_LEX,ZCTA_NN_HAVERSINE;NOT_ELIGIBILITY;NOT_USPS_VALIDITY;NO_INVENTORY
57246,ZCTA_NEAREST_ACTIVE_OUTLET,SD0043,004,8.634,ZCTA_NN;R6371;TIE_FIRST_LEX,ZCTA_NN_HAVERSINE;NOT_ELIGIBILITY;NOT_USPS_VALIDITY;NO_INVENTORY
57247,ZCTA_NEAREST_ACTIVE_OUTLET,SD0079,002,24.093,ZCTA_NN;R6371;TIE_FIRST_LEX,ZCTA_NN_HAVERSINE;NOT_ELIGIBILITY;NOT_USPS_VALIDITY;NO_INVENTORY
57248,ZCTA_NEAREST_ACTIVE_OUTLET,SD0042,002,28.392,ZCTA_NN;R6371;TIE_FIRST_LEX,ZCTA_NN_HAVERSINE;NOT_ELIGIBILITY;NOT_USPS_VALIDITY;NO_INVENTORY
57249,EXACT_IMLS_OUTLET_ZIP,SD0042,002,,EXACT_OUTLET;TIE_FSCSKEY_SEQ,EXACT_OUTLET;NOT_USPS_VALIDITY;NO_INVENTORY
57251,ZCTA_NEAREST_ACTIVE_OUTLET,SD0130,002,15.946,ZCTA_NN;R6371;TIE_FIRST_LEX,ZCTA_NN_HAVERSINE;NOT_ELIGIBILITY;NOT_USPS_VALIDITY;NO_INVENTORY
57252,EXACT_IMLS_OUTLET_ZIP,SD0043,005,,EXACT_OUTLET;TIE_FSCSKEY_SEQ,EXACT_OUTLET;NOT_USPS_VALIDITY;NO_INVENTORY
57255,ZCTA_NEAREST_ACTIVE_OUTLET,SD0044,002,22.190,ZCTA_NN;R6371;TIE_FIRST_LEX,ZCTA_NN_HAVERSINE;NOT_ELIGIBILITY;NOT_USPS_VALIDITY;NO_INVENTORY
57256,ZCTA_NEAREST_ACTIVE_OUTLET,SD0045,002,12.237,ZCTA_NN;R6371;TIE_FIRST_LEX,ZCTA_NN_HAVERSINE;NOT_ELIGIBILITY;NOT_USPS_VALIDITY;NO_INVENTORY
57257,ZCTA_NEAREST_ACTIVE_OUTLET,SD0148,001,8.780,ZCTA_NN;R6371;TIE_FIRST_LEX,ZCTA_NN_HAVERSINE;NOT_ELIGIBILITY;NOT_USPS_VALIDITY;NO_INVENTORY
57258,ZCTA_NEAREST_ACTIVE_OUTLET,SD0080,002,13.835,ZCTA_NN;R6371;TIE_FIRST_LEX,ZCTA_NN_HAVERSINE;NOT_ELIGIBILITY;NOT_USPS_VALIDITY;NO_INVENTORY
57259,EXACT_IMLS_OUTLET_ZIP,SD0043,004,,EXACT_OUTLET;TIE_FSCSKEY_SEQ,EXACT_OUTLET;NOT_USPS_VALIDITY;NO_INVENTORY
57260,ZCTA_NEAREST_ACTIVE_OUTLET,MN0120,002,17.815,ZCTA_NN;R6371;TIE_FIRST_LEX,ZCTA_NN_HAVERSINE;NOT_ELIGIBILITY;NOT_USPS_VALIDITY;NO_INVENTORY
57261,ZCTA_NEAREST_ACTIVE_OUTLET,SD0046,002,23.647,ZCTA_NN;R6371;TIE_FIRST_LEX,ZCTA_NN_HAVERSINE;NOT_ELIGIBILITY;NOT_USPS_VALIDITY;NO_INVENTORY
57262,EXACT_IMLS_OUTLET_ZIP,SD0044,002,,EXACT_OUTLET;TIE_FSCSKEY_SEQ,EXACT_OUTLET;NOT_USPS_VALIDITY;NO_INVENTORY
57263,ZCTA_NEAREST_ACTIVE_OUTLET,SD0043,006,16.811,ZCTA_NN;R6371;TIE_FIRST_LEX,ZCTA_NN_HAVERSINE;NOT_ELIGIBILITY;NOT_USPS_VALIDITY;NO_INVENTORY
57264,ZCTA_NEAREST_ACTIVE_OUTLET,SD0043,006,1.166,ZCTA_NN;R6371;TIE_FIRST_LEX,ZCTA_NN_HAVERSINE;NOT_ELIGIBILITY;NOT_USPS_VALIDITY;NO_INVENTORY
57265,EXACT_IMLS_OUTLET_ZIP,SD0043,006,,EXACT_OUTLET;TIE_FSCSKEY_SEQ,EXACT_OUTLET;NOT_USPS_VALIDITY;NO_INVENTORY
57266,ZCTA_NEAREST_ACTIVE_OUTLET,SD0045,002,17.165,ZCTA_NN;R6371;TIE_FIRST_LEX,ZCTA_NN_HAVERSINE;NOT_ELIGIBILITY;NOT_USPS_VALIDITY;NO_INVENTORY
57268,ZCTA_NEAREST_ACTIVE_OUTLET,SD0129,002,21.137,ZCTA_NN;R6371;TIE_FIRST_LEX,ZCTA_NN_HAVERSINE;NOT_ELIGIBILITY;NOT_USPS_VALIDITY;NO_INVENTORY
57269,ZCTA_NEAREST_ACTIVE_OUTLET,SD0043,005,12.818,ZCTA_NN;R6371;TIE_FIRST_LEX,ZCTA_NN_HAVERSINE;NOT_ELIGIBILITY;NOT_USPS_VALIDITY;NO_INVENTORY
57270,ZCTA_NEAREST_ACTIVE_OUTLET,ND0051,002,28.779,ZCTA_NN;R6371;TIE_FIRST_LEX,ZCTA_NN_HAVERSINE;NOT_ELIGIBILITY;NOT_USPS_VALIDITY;NO_INVENTORY
57271,ZCTA_NEAREST_ACTIVE_OUTLET,SD0037,002,20.378,ZCTA_NN;R6371;TIE_FIRST_LEX,ZCTA_NN_HAVERSINE;NOT_ELIGIBILITY;NOT_USPS_VALIDITY;NO_INVENTORY
57272,ZCTA_NEAREST_ACTIVE_OUTLET,SD0046,002,25.200,ZCTA_NN;R6371;TIE_FIRST_LEX,ZCTA_NN_HAVERSINE;NOT_ELIGIBILITY;NOT_USPS_VALIDITY;NO_INVENTORY
57273,EXACT_IMLS_OUTLET_ZIP,SD0045,002,,EXACT_OUTLET;TIE_FSCSKEY_SEQ,EXACT_OUTLET;NOT_USPS_VALIDITY;NO_INVENTORY
57274,EXACT_IMLS_OUTLET_ZIP,SD0046,002,,EXACT_OUTLET;TIE_FSCSKEY_SEQ,EXACT_OUTLET;NOT_USPS_VALIDITY;NO_INVENTORY
57276,ZCTA_NEAREST_ACTIVE_OUTLET,MN0131,002,17.265,ZCTA_NN;R6371;TIE_FIRST_LEX,ZCTA_NN_HAVERSINE;NOT_ELIGIBILITY;NOT_USPS_VALIDITY;NO_INVENTORY
57278,ZCTA_NEAREST_ACTIVE_OUTLET,SD0037,002,25.884,ZCTA_NN;R6371;TIE_FIRST_LEX,ZCTA_NN_HAVERSINE;NOT_ELIGIBILITY;NOT_USPS_VALIDITY;NO_INVENTORY
57279,EXACT_IMLS_OUTLET_ZIP,SD0130,002,,EXACT_OUTLET;TIE_FSCSKEY_SEQ,EXACT_OUTLET;NOT_USPS_VALIDITY;NO_INVENTORY
57301,EXACT_IMLS_OUTLET_ZIP,SD0049,002,,EXACT_OUTLET;TIE_FSCSKEY_SEQ,EXACT_OUTLET;NOT_USPS_VALIDITY;NO_INVENTORY
57311,ZCTA_NEAREST_ACTIVE_OUTLET,SD0049,002,22.247,ZCTA_NN;R6371;TIE_FIRST_LEX,ZCTA_NN_HAVERSINE;NOT_ELIGIBILITY;NOT_USPS_VALIDITY;NO_INVENTORY
57312,ZCTA_NEAREST_ACTIVE_OUTLET,SD0075,002,17.525,ZCTA_NN;R6371;TIE_FIRST_LEX,ZCTA_NN_HAVERSINE;NOT_ELIGIBILITY;NOT_USPS_VALIDITY;NO_INVENTORY
57313,EXACT_IMLS_OUTLET_ZIP,SD0051,002,,EXACT_OUTLET;TIE_FSCSKEY_SEQ,EXACT_OUTLET;NOT_USPS_VALIDITY;NO_INVENTORY
57314,ZCTA_NEAREST_ACTIVE_OUTLET,SD0075,002,23.783,ZCTA_NN;R6371;TIE_FIRST_LEX,ZCTA_NN_HAVERSINE;NOT_ELIGIBILITY;NOT_USPS_VALIDITY;NO_INVENTORY
57315,EXACT_IMLS_OUTLET_ZIP,SD0052,002,,EXACT_OUTLET;TIE_FSCSKEY_SEQ,EXACT_OUTLET;NOT_USPS_VALIDITY;NO_INVENTORY
57317,ZCTA_NEAREST_ACTIVE_OUTLET,SD0095,002,26.785,ZCTA_NN;R6371;TIE_FIRST_LEX,ZCTA_NN_HAVERSINE;NOT_ELIGIBILITY;NOT_USPS_VALIDITY;NO_INVENTORY
57319,ZCTA_NEAREST_ACTIVE_OUTLET,SD0013,002,20.408,ZCTA_NN;R6371;TIE_FIRST_LEX,ZCTA_NN_HAVERSINE;NOT_ELIGIBILITY;NOT_USPS_VALIDITY;NO_INVENTORY
57321,ZCTA_NEAREST_ACTIVE_OUTLET,SD0059,002,15.667,ZCTA_NN;R6371;TIE_FIRST_LEX,ZCTA_NN_HAVERSINE;NOT_ELIGIBILITY;NOT_USPS_VALIDITY;NO_INVENTORY
57322,ZCTA_NEAREST_ACTIVE_OUTLET,SD0080,002,30.895,ZCTA_NN;R6371;TIE_FIRST_LEX,ZCTA_NN_HAVERSINE;NOT_ELIGIBILITY;NOT_USPS_VALIDITY;NO_INVENTORY
57323,ZCTA_NEAREST_ACTIVE_OUTLET,SD0059,002,23.078,ZCTA_NN;R6371;TIE_FIRST_LEX,ZCTA_NN_HAVERSINE;NOT_ELIGIBILITY;NOT_USPS_VALIDITY;NO_INVENTORY
57324,ZCTA_NEAREST_ACTIVE_OUTLET,SD0060,002,14.938,ZCTA_NN;R6371;TIE_FIRST_LEX,ZCTA_NN_HAVERSINE;NOT_ELIGIBILITY;NOT_USPS_VALIDITY;NO_INVENTORY
57325,EXACT_IMLS_OUTLET_ZIP,SD0056,002,,EXACT_OUTLET;TIE_FSCSKEY_SEQ,EXACT_OUTLET;NOT_USPS_VALIDITY;NO_INVENTORY
57328,ZCTA_NEAREST_ACTIVE_OUTLET,SD0051,002,15.024,ZCTA_NN;R6371;TIE_FIRST_LEX,ZCTA_NN_HAVERSINE;NOT_ELIGIBILITY;NOT_USPS_VALIDITY;NO_INVENTORY
57329,ZCTA_NEAREST_ACTIVE_OUTLET,SD0052,002,7.448,ZCTA_NN;R6371;TIE_FIRST_LEX,ZCTA_NN_HAVERSINE;NOT_ELIGIBILITY;NOT_USPS_VALIDITY;NO_INVENTORY
57330,ZCTA_NEAREST_ACTIVE_OUTLET,SD0138,002,16.025,ZCTA_NN;R6371;TIE_FIRST_LEX,ZCTA_NN_HAVERSINE;NOT_ELIGIBILITY;NOT_USPS_VALIDITY;NO_INVENTORY
57331,ZCTA_NEAREST_ACTIVE_OUTLET,SD0067,002,10.036,ZCTA_NN;R6371;TIE_FIRST_LEX,ZCTA_NN_HAVERSINE;NOT_ELIGIBILITY;NOT_USPS_VALIDITY;NO_INVENTORY
57332,ZCTA_NEAREST_ACTIVE_OUTLET,SD0013,002,28.292,ZCTA_NN;R6371;TIE_FIRST_LEX,ZCTA_NN_HAVERSINE;NOT_ELIGIBILITY;NOT_USPS_VALIDITY;NO_INVENTORY
57334,ZCTA_NEAREST_ACTIVE_OUTLET,SD0067,002,15.638,ZCTA_NN;R6371;TIE_FIRST_LEX,ZCTA_NN_HAVERSINE;NOT_ELIGIBILITY;NOT_USPS_VALIDITY;NO_INVENTORY
57335,ZCTA_NEAREST_ACTIVE_OUTLET,SD0062,002,20.159,ZCTA_NN;R6371;TIE_FIRST_LEX,ZCTA_NN_HAVERSINE;NOT_ELIGIBILITY;NOT_USPS_VALIDITY;NO_INVENTORY
57337,ZCTA_NEAREST_ACTIVE_OUTLET,SD0059,002,20.416,ZCTA_NN;R6371;TIE_FIRST_LEX,ZCTA_NN_HAVERSINE;NOT_ELIGIBILITY;NOT_USPS_VALIDITY;NO_INVENTORY
57339,ZCTA_NEAREST_ACTIVE_OUTLET,SD0163,001,11.281,ZCTA_NN;R6371;TIE_FIRST_LEX,ZCTA_NN_HAVERSINE;NOT_ELIGIBILITY;NOT_USPS_VALIDITY;NO_INVENTORY
57340,ZCTA_NEAREST_ACTIVE_OUTLET,SD0049,002,16.816,ZCTA_NN;R6371;TIE_FIRST_LEX,ZCTA_NN_HAVERSINE;NOT_ELIGIBILITY;NOT_USPS_VALIDITY;NO_INVENTORY
57341,ZCTA_NEAREST_ACTIVE_OUTLET,SD0056,002,35.832,ZCTA_NN;R6371;TIE_FIRST_LEX,ZCTA_NN_HAVERSINE;NOT_ELIGIBILITY;NOT_USPS_VALIDITY;NO_INVENTORY
57342,ZCTA_NEAREST_ACTIVE_OUTLET,SD0062,002,16.994,ZCTA_NN;R6371;TIE_FIRST_LEX,ZCTA_NN_HAVERSINE;NOT_ELIGIBILITY;NOT_USPS_VALIDITY;NO_INVENTORY
57344,ZCTA_NEAREST_ACTIVE_OUTLET,SD0099,002,19.483,ZCTA_NN;R6371;TIE_FIRST_LEX,ZCTA_NN_HAVERSINE;NOT_ELIGIBILITY;NOT_USPS_VALIDITY;NO_INVENTORY
57345,EXACT_IMLS_OUTLET_ZIP,SD0058,002,,EXACT_OUTLET;TIE_FSCSKEY_SEQ,EXACT_OUTLET;NOT_USPS_VALIDITY;NO_INVENTORY
57346,ZCTA_NEAREST_ACTIVE_OUTLET,SD0163,001,22.348,ZCTA_NN;R6371;TIE_FIRST_LEX,ZCTA_NN_HAVERSINE;NOT_ELIGIBILITY;NOT_USPS_VALIDITY;NO_INVENTORY
57348,ZCTA_NEAREST_ACTIVE_OUTLET,SD0092,002,30.356,ZCTA_NN;R6371;TIE_FIRST_LEX,ZCTA_NN_HAVERSINE;NOT_ELIGIBILITY;NOT_USPS_VALIDITY;NO_INVENTORY
57349,EXACT_IMLS_OUTLET_ZIP,SD0059,002,,EXACT_OUTLET;TIE_FSCSKEY_SEQ,EXACT_OUTLET;NOT_USPS_VALIDITY;NO_INVENTORY
57350,EXACT_IMLS_OUTLET_ZIP,SD0060,002,,EXACT_OUTLET;TIE_FSCSKEY_SEQ,EXACT_OUTLET;NOT_USPS_VALIDITY;NO_INVENTORY
57353,ZCTA_NEAREST_ACTIVE_OUTLET,SD0038,002,23.177,ZCTA_NN;R6371;TIE_FIRST_LEX,ZCTA_NN_HAVERSINE;NOT_ELIGIBILITY;NOT_USPS_VALIDITY;NO_INVENTORY
57354,ZCTA_NEAREST_ACTIVE_OUTLET,SD0138,002,10.596,ZCTA_NN;R6371;TIE_FIRST_LEX,ZCTA_NN_HAVERSINE;NOT_ELIGIBILITY;NOT_USPS_VALIDITY;NO_INVENTORY
57355,EXACT_IMLS_OUTLET_ZIP,SD0061,002,,EXACT_OUTLET;TIE_FSCSKEY_SEQ,EXACT_OUTLET;NOT_USPS_VALIDITY;NO_INVENTORY
57356,EXACT_IMLS_OUTLET_ZIP,SD0062,002,,EXACT_OUTLET;TIE_FSCSKEY_SEQ,EXACT_OUTLET;NOT_USPS_VALIDITY;NO_INVENTORY
57358,ZCTA_NEAREST_ACTIVE_OUTLET,SD0075,002,11.677,ZCTA_NN;R6371;TIE_FIRST_LEX,ZCTA_NN_HAVERSINE;NOT_ELIGIBILITY;NOT_USPS_VALIDITY;NO_INVENTORY
57359,ZCTA_NEAREST_ACTIVE_OUTLET,SD0075,002,19.651,ZCTA_NN;R6371;TIE_FIRST_LEX,ZCTA_NN_HAVERSINE;NOT_ELIGIBILITY;NOT_USPS_VALIDITY;NO_INVENTORY
57361,EXACT_IMLS_OUTLET_ZIP,SD0160,001,,EXACT_OUTLET;TIE_FSCSKEY_SEQ,EXACT_OUTLET;NOT_USPS_VALIDITY;NO_INVENTORY
57362,EXACT_IMLS_OUTLET_ZIP,SD0065,002,,EXACT_OUTLET;TIE_FSCSKEY_SEQ,EXACT_OUTLET;NOT_USPS_VALIDITY;NO_INVENTORY
57363,ZCTA_NEAREST_ACTIVE_OUTLET,SD0068,002,18.398,ZCTA_NN;R6371;TIE_FIRST_LEX,ZCTA_NN_HAVERSINE;NOT_ELIGIBILITY;NOT_USPS_VALIDITY;NO_INVENTORY
57364,ZCTA_NEAREST_ACTIVE_OUTLET,SD0099,002,19.054,ZCTA_NN;R6371;TIE_FIRST_LEX,ZCTA_NN_HAVERSINE;NOT_ELIGIBILITY;NOT_USPS_VALIDITY;NO_INVENTORY
57365,ZCTA_NEAREST_ACTIVE_OUTLET,SD0056,002,6.975,ZCTA_NN;R6371;TIE_FIRST_LEX,ZCTA_NN_HAVERSINE;NOT_ELIGIBILITY;NOT_USPS_VALIDITY;NO_INVENTORY
57366,EXACT_IMLS_OUTLET_ZIP,SD0067,002,,EXACT_OUTLET;TIE_FSCSKEY_SEQ,EXACT_OUTLET;NOT_USPS_VALIDITY;NO_INVENTORY
57367,ZCTA_NEAREST_ACTIVE_OUTLET,SD0062,002,10.356,ZCTA_NN;R6371;TIE_FIRST_LEX,ZCTA_NN_HAVERSINE;NOT_ELIGIBILITY;NOT_USPS_VALIDITY;NO_INVENTORY
57368,EXACT_IMLS_OUTLET_ZIP,SD0068,002,,EXACT_OUTLET;TIE_FSCSKEY_SEQ,EXACT_OUTLET;NOT_USPS_VALIDITY;NO_INVENTORY
57369,EXACT_IMLS_OUTLET_ZIP,SD0099,002,,EXACT_OUTLET;TIE_FSCSKEY_SEQ,EXACT_OUTLET;NOT_USPS_VALIDITY;NO_INVENTORY
57370,ZCTA_NEAREST_ACTIVE_OUTLET,SD0056,002,12.961,ZCTA_NN;R6371;TIE_FIRST_LEX,ZCTA_NN_HAVERSINE;NOT_ELIGIBILITY;NOT_USPS_VALIDITY;NO_INVENTORY
57371,ZCTA_NEAREST_ACTIVE_OUTLET,SD0058,002,19.632,ZCTA_NN;R6371;TIE_FIRST_LEX,ZCTA_NN_HAVERSINE;NOT_ELIGIBILITY;NOT_USPS_VALIDITY;NO_INVENTORY
57373,ZCTA_NEAREST_ACTIVE_OUTLET,SD0065,002,8.834,ZCTA_NN;R6371;TIE_FIRST_LEX,ZCTA_NN_HAVERSINE;NOT_ELIGIBILITY;NOT_USPS_VALIDITY;NO_INVENTORY
57374,ZCTA_NEAREST_ACTIVE_OUTLET,SD0059,002,29.249,ZCTA_NN;R6371;TIE_FIRST_LEX,ZCTA_NN_HAVERSINE;NOT_ELIGIBILITY;NOT_USPS_VALIDITY;NO_INVENTORY
57375,ZCTA_NEAREST_ACTIVE_OUTLET,SD0068,002,17.093,ZCTA_NN;R6371;TIE_FIRST_LEX,ZCTA_NN_HAVERSINE;NOT_ELIGIBILITY;NOT_USPS_VALIDITY;NO_INVENTORY
57376,EXACT_IMLS_OUTLET_ZIP,SD0138,002,,EXACT_OUTLET;TIE_FSCSKEY_SEQ,EXACT_OUTLET;NOT_USPS_VALIDITY;NO_INVENTORY
57379,ZCTA_NEAREST_ACTIVE_OUTLET,SD0073,002,21.473,ZCTA_NN;R6371;TIE_FIRST_LEX,ZCTA_NN_HAVERSINE;NOT_ELIGIBILITY;NOT_USPS_VALIDITY;NO_INVENTORY
57380,EXACT_IMLS_OUTLET_ZIP,SD0072,002,,EXACT_OUTLET;TIE_FSCSKEY_SEQ,EXACT_OUTLET;NOT_USPS_VALIDITY;NO_INVENTORY
57381,ZCTA_NEAREST_ACTIVE_OUTLET,SD0065,002,25.156,ZCTA_NN;R6371;TIE_FIRST_LEX,ZCTA_NN_HAVERSINE;NOT_ELIGIBILITY;NOT_USPS_VALIDITY;NO_INVENTORY
57382,EXACT_IMLS_OUTLET_ZIP,SD0073,002,,EXACT_OUTLET;TIE_FSCSKEY_SEQ,EXACT_OUTLET;NOT_USPS_VALIDITY;NO_INVENTORY
57383,EXACT_IMLS_OUTLET_ZIP,SD0074,002,,EXACT_OUTLET;TIE_FSCSKEY_SEQ,EXACT_OUTLET;NOT_USPS_VALIDITY;NO_INVENTORY
57384,ZCTA_NEAREST_ACTIVE_OUTLET,SD0060,002,22.508,ZCTA_NN;R6371;TIE_FIRST_LEX,ZCTA_NN_HAVERSINE;NOT_ELIGIBILITY;NOT_USPS_VALIDITY;NO_INVENTORY
57385,EXACT_IMLS_OUTLET_ZIP,SD0075,002,,EXACT_OUTLET;TIE_FSCSKEY_SEQ,EXACT_OUTLET;NOT_USPS_VALIDITY;NO_INVENTORY
57386,ZCTA_NEAREST_ACTIVE_OUTLET,SD0060,002,23.703,ZCTA_NN;R6371;TIE_FIRST_LEX,ZCTA_NN_HAVERSINE;NOT_ELIGIBILITY;NOT_USPS_VALIDITY;NO_INVENTORY
57401,EXACT_IMLS_OUTLET_ZIP,SD0077,002,,EXACT_OUTLET;TIE_FSCSKEY_SEQ,EXACT_OUTLET;NOT_USPS_VALIDITY;NO_INVENTORY
57402,OBSERVED_REFERENCE_INDIRECT_ONLY,,,,INDIRECT_IMLS_SC;NO_FABRICATED_NEAREST,INDIRECT_IMLS_SC;NO_FABRICATED_NEAREST;NOT_REJECTED;NOT_USPS_VALIDITY;NO_INVENTORY
57420,ZCTA_NEAREST_ACTIVE_OUTLET,SD0084,002,33.367,ZCTA_NN;R6371;TIE_FIRST_LEX,ZCTA_NN_HAVERSINE;NOT_ELIGIBILITY;NOT_USPS_VALIDITY;NO_INVENTORY
57421,ZCTA_NEAREST_ACTIVE_OUTLET,SD0079,002,12.729,ZCTA_NN;R6371;TIE_FIRST_LEX,ZCTA_NN_HAVERSINE;NOT_ELIGIBILITY;NOT_USPS_VALIDITY;NO_INVENTORY
57422,ZCTA_NEAREST_ACTIVE_OUTLET,SD0137,002,13.556,ZCTA_NN;R6371;TIE_FIRST_LEX,ZCTA_NN_HAVERSINE;NOT_ELIGIBILITY;NOT_USPS_VALIDITY;NO_INVENTORY
57424,ZCTA_NEAREST_ACTIVE_OUTLET,SD0092,002,15.831,ZCTA_NN;R6371;TIE_FIRST_LEX,ZCTA_NN_HAVERSINE;NOT_ELIGIBILITY;NOT_USPS_VALIDITY;NO_INVENTORY
57426,ZCTA_NEAREST_ACTIVE_OUTLET,SD0083,002,10.883,ZCTA_NN;R6371;TIE_FIRST_LEX,ZCTA_NN_HAVERSINE;NOT_ELIGIBILITY;NOT_USPS_VALIDITY;NO_INVENTORY
57427,ZCTA_NEAREST_ACTIVE_OUTLET,SD0077,002,13.112,ZCTA_NN;R6371;TIE_FIRST_LEX,ZCTA_NN_HAVERSINE;NOT_ELIGIBILITY;NOT_USPS_VALIDITY;NO_INVENTORY
57428,EXACT_IMLS_OUTLET_ZIP,SD0078,002,,EXACT_OUTLET;TIE_FSCSKEY_SEQ,EXACT_OUTLET;NOT_USPS_VALIDITY;NO_INVENTORY
57429,ZCTA_NEAREST_ACTIVE_OUTLET,SD0080,002,33.219,ZCTA_NN;R6371;TIE_FIRST_LEX,ZCTA_NN_HAVERSINE;NOT_ELIGIBILITY;NOT_USPS_VALIDITY;NO_INVENTORY
57430,EXACT_IMLS_OUTLET_ZIP,SD0079,002,,EXACT_OUTLET;TIE_FSCSKEY_SEQ,EXACT_OUTLET;NOT_USPS_VALIDITY;NO_INVENTORY
57432,ZCTA_NEAREST_ACTIVE_OUTLET,SD0140,002,17.910,ZCTA_NN;R6371;TIE_FIRST_LEX,ZCTA_NN_HAVERSINE;NOT_ELIGIBILITY;NOT_USPS_VALIDITY;NO_INVENTORY
57433,ZCTA_NEAREST_ACTIVE_OUTLET,SD0077,002,23.458,ZCTA_NN;R6371;TIE_FIRST_LEX,ZCTA_NN_HAVERSINE;NOT_ELIGIBILITY;NOT_USPS_VALIDITY;NO_INVENTORY
57434,ZCTA_NEAREST_ACTIVE_OUTLET,SD0080,002,30.074,ZCTA_NN;R6371;TIE_FIRST_LEX,ZCTA_NN_HAVERSINE;NOT_ELIGIBILITY;NOT_USPS_VALIDITY;NO_INVENTORY
57435,ZCTA_NEAREST_ACTIVE_OUTLET,SD0082,002,21.691,ZCTA_NN;R6371;TIE_FIRST_LEX,ZCTA_NN_HAVERSINE;NOT_ELIGIBILITY;NOT_USPS_VALIDITY;NO_INVENTORY
57436,EXACT_IMLS_OUTLET_ZIP,SD0080,002,,EXACT_OUTLET;TIE_FSCSKEY_SEQ,EXACT_OUTLET;NOT_USPS_VALIDITY;NO_INVENTORY
57437,EXACT_IMLS_OUTLET_ZIP,SD0081,002,,EXACT_OUTLET;TIE_FSCSKEY_SEQ,EXACT_OUTLET;NOT_USPS_VALIDITY;NO_INVENTORY
57438,EXACT_IMLS_OUTLET_ZIP,SD0082,002,,EXACT_OUTLET;TIE_FSCSKEY_SEQ,EXACT_OUTLET;NOT_USPS_VALIDITY;NO_INVENTORY
57439,ZCTA_NEAREST_ACTIVE_OUTLET,SD0137,002,12.498,ZCTA_NN;R6371;TIE_FIRST_LEX,ZCTA_NN_HAVERSINE;NOT_ELIGIBILITY;NOT_USPS_VALIDITY;NO_INVENTORY
57440,ZCTA_NEAREST_ACTIVE_OUTLET,SD0080,002,13.149,ZCTA_NN;R6371;TIE_FIRST_LEX,ZCTA_NN_HAVERSINE;NOT_ELIGIBILITY;NOT_USPS_VALIDITY;NO_INVENTORY
57441,EXACT_IMLS_OUTLET_ZIP,SD0083,002,,EXACT_OUTLET;TIE_FSCSKEY_SEQ,EXACT_OUTLET;NOT_USPS_VALIDITY;NO_INVENTORY
57442,EXACT_IMLS_OUTLET_ZIP,SD0084,002,,EXACT_OUTLET;TIE_FSCSKEY_SEQ,EXACT_OUTLET;NOT_USPS_VALIDITY;NO_INVENTORY
57445,EXACT_IMLS_OUTLET_ZIP,SD0137,002,,EXACT_OUTLET;TIE_FSCSKEY_SEQ,EXACT_OUTLET;NOT_USPS_VALIDITY;NO_INVENTORY
57446,ZCTA_NEAREST_ACTIVE_OUTLET,SD0083,002,27.745,ZCTA_NN;R6371;TIE_FIRST_LEX,ZCTA_NN_HAVERSINE;NOT_ELIGIBILITY;NOT_USPS_VALIDITY;NO_INVENTORY
57448,ZCTA_NEAREST_ACTIVE_OUTLET,SD0081,002,22.069,ZCTA_NN;R6371;TIE_FIRST_LEX,ZCTA_NN_HAVERSINE;NOT_ELIGIBILITY;NOT_USPS_VALIDITY;NO_INVENTORY
57449,ZCTA_NEAREST_ACTIVE_OUTLET,SD0083,002,28.196,ZCTA_NN;R6371;TIE_FIRST_LEX,ZCTA_NN_HAVERSINE;NOT_ELIGIBILITY;NOT_USPS_VALIDITY;NO_INVENTORY
57450,ZCTA_NEAREST_ACTIVE_OUTLET,SD0084,002,24.334,ZCTA_NN;R6371;TIE_FIRST_LEX,ZCTA_NN_HAVERSINE;NOT_ELIGIBILITY;NOT_USPS_VALIDITY;NO_INVENTORY
57451,EXACT_IMLS_OUTLET_ZIP,SD0087,002,,EXACT_OUTLET;TIE_FSCSKEY_SEQ,EXACT_OUTLET;NOT_USPS_VALIDITY;NO_INVENTORY
57452,ZCTA_NEAREST_ACTIVE_OUTLET,SD0078,002,18.308,ZCTA_NN;R6371;TIE_FIRST_LEX,ZCTA_NN_HAVERSINE;NOT_ELIGIBILITY;NOT_USPS_VALIDITY;NO_INVENTORY
57454,EXACT_IMLS_OUTLET_ZIP,SD0140,002,,EXACT_OUTLET;TIE_FSCSKEY_SEQ,EXACT_OUTLET;NOT_USPS_VALIDITY;NO_INVENTORY
57455,ZCTA_NEAREST_ACTIVE_OUTLET,SD0084,002,21.625,ZCTA_NN;R6371;TIE_FIRST_LEX,ZCTA_NN_HAVERSINE;NOT_ELIGIBILITY;NOT_USPS_VALIDITY;NO_INVENTORY
57456,EXACT_IMLS_OUTLET_ZIP,SD0090,002,,EXACT_OUTLET;TIE_FSCSKEY_SEQ,EXACT_OUTLET;NOT_USPS_VALIDITY;NO_INVENTORY
57457,ZCTA_NEAREST_ACTIVE_OUTLET,SD0090,002,23.941,ZCTA_NN;R6371;TIE_FIRST_LEX,ZCTA_NN_HAVERSINE;NOT_ELIGIBILITY;NOT_USPS_VALIDITY;NO_INVENTORY
57460,ZCTA_NEAREST_ACTIVE_OUTLET,SD0077,002,24.884,ZCTA_NN;R6371;TIE_FIRST_LEX,ZCTA_NN_HAVERSINE;NOT_ELIGIBILITY;NOT_USPS_VALIDITY;NO_INVENTORY
57461,ZCTA_NEAREST_ACTIVE_OUTLET,SD0092,002,32.414,ZCTA_NN;R6371;TIE_FIRST_LEX,ZCTA_NN_HAVERSINE;NOT_ELIGIBILITY;NOT_USPS_VALIDITY;NO_INVENTORY
57465,ZCTA_NEAREST_ACTIVE_OUTLET,SD0092,002,32.471,ZCTA_NN;R6371;TIE_FIRST_LEX,ZCTA_NN_HAVERSINE;NOT_ELIGIBILITY;NOT_USPS_VALIDITY;NO_INVENTORY
57466,ZCTA_NEAREST_ACTIVE_OUTLET,SD0078,002,32.342,ZCTA_NN;R6371;TIE_FIRST_LEX,ZCTA_NN_HAVERSINE;NOT_ELIGIBILITY;NOT_USPS_VALIDITY;NO_INVENTORY
57467,ZCTA_NEAREST_ACTIVE_OUTLET,SD0082,002,21.591,ZCTA_NN;R6371;TIE_FIRST_LEX,ZCTA_NN_HAVERSINE;NOT_ELIGIBILITY;NOT_USPS_VALIDITY;NO_INVENTORY
57468,ZCTA_NEAREST_ACTIVE_OUTLET,SD0140,002,13.792,ZCTA_NN;R6371;TIE_FIRST_LEX,ZCTA_NN_HAVERSINE;NOT_ELIGIBILITY;NOT_USPS_VALIDITY;NO_INVENTORY
57469,EXACT_IMLS_OUTLET_ZIP,SD0092,002,,EXACT_OUTLET;TIE_FSCSKEY_SEQ,EXACT_OUTLET;NOT_USPS_VALIDITY;NO_INVENTORY
57470,ZCTA_NEAREST_ACTIVE_OUTLET,SD0082,002,24.060,ZCTA_NN;R6371;TIE_FIRST_LEX,ZCTA_NN_HAVERSINE;NOT_ELIGIBILITY;NOT_USPS_VALIDITY;NO_INVENTORY
57471,ZCTA_NEAREST_ACTIVE_OUTLET,SD0087,002,23.116,ZCTA_NN;R6371;TIE_FIRST_LEX,ZCTA_NN_HAVERSINE;NOT_ELIGIBILITY;NOT_USPS_VALIDITY;NO_INVENTORY
57472,ZCTA_NEAREST_ACTIVE_OUTLET,SD0106,002,28.127,ZCTA_NN;R6371;TIE_FIRST_LEX,ZCTA_NN_HAVERSINE;NOT_ELIGIBILITY;NOT_USPS_VALIDITY;NO_INVENTORY
57473,ZCTA_NEAREST_ACTIVE_OUTLET,SD0082,002,27.569,ZCTA_NN;R6371;TIE_FIRST_LEX,ZCTA_NN_HAVERSINE;NOT_ELIGIBILITY;NOT_USPS_VALIDITY;NO_INVENTORY
57474,ZCTA_NEAREST_ACTIVE_OUTLET,SD0137,002,22.249,ZCTA_NN;R6371;TIE_FIRST_LEX,ZCTA_NN_HAVERSINE;NOT_ELIGIBILITY;NOT_USPS_VALIDITY;NO_INVENTORY
57475,ZCTA_NEAREST_ACTIVE_OUTLET,SD0078,002,25.623,ZCTA_NN;R6371;TIE_FIRST_LEX,ZCTA_NN_HAVERSINE;NOT_ELIGIBILITY;NOT_USPS_VALIDITY;NO_INVENTORY
57476,ZCTA_NEAREST_ACTIVE_OUTLET,SD0092,002,20.606,ZCTA_NN;R6371;TIE_FIRST_LEX,ZCTA_NN_HAVERSINE;NOT_ELIGIBILITY;NOT_USPS_VALIDITY;NO_INVENTORY
57477,ZCTA_NEAREST_ACTIVE_OUTLET,SD0080,002,15.526,ZCTA_NN;R6371;TIE_FIRST_LEX,ZCTA_NN_HAVERSINE;NOT_ELIGIBILITY;NOT_USPS_VALIDITY;NO_INVENTORY
57479,ZCTA_NEAREST_ACTIVE_OUTLET,SD0077,002,17.825,ZCTA_NN;R6371;TIE_FIRST_LEX,ZCTA_NN_HAVERSINE;NOT_ELIGIBILITY;NOT_USPS_VALIDITY;NO_INVENTORY
57481,ZCTA_NEAREST_ACTIVE_OUTLET,SD0090,002,20.994,ZCTA_NN;R6371;TIE_FIRST_LEX,ZCTA_NN_HAVERSINE;NOT_ELIGIBILITY;NOT_USPS_VALIDITY;NO_INVENTORY
57501,EXACT_IMLS_OUTLET_ZIP,SD0094,002,,EXACT_OUTLET;TIE_FSCSKEY_SEQ,EXACT_OUTLET;NOT_USPS_VALIDITY;NO_INVENTORY
57520,ZCTA_NEAREST_ACTIVE_OUTLET,SD0101,002,19.533,ZCTA_NN;R6371;TIE_FIRST_LEX,ZCTA_NN_HAVERSINE;NOT_ELIGIBILITY;NOT_USPS_VALIDITY;NO_INVENTORY
57521,ZCTA_NEAREST_ACTIVE_OUTLET,SD0097,002,26.672,ZCTA_NN;R6371;TIE_FIRST_LEX,ZCTA_NN_HAVERSINE;NOT_ELIGIBILITY;NOT_USPS_VALIDITY;NO_INVENTORY
57522,ZCTA_NEAREST_ACTIVE_OUTLET,SD0101,002,22.833,ZCTA_NN;R6371;TIE_FIRST_LEX,ZCTA_NN_HAVERSINE;NOT_ELIGIBILITY;NOT_USPS_VALIDITY;NO_INVENTORY
57523,EXACT_IMLS_OUTLET_ZIP,SD0095,002,,EXACT_OUTLET;TIE_FSCSKEY_SEQ,EXACT_OUTLET;NOT_USPS_VALIDITY;NO_INVENTORY
57528,ZCTA_NEAREST_ACTIVE_OUTLET,SD0105,002,23.237,ZCTA_NN;R6371;TIE_FIRST_LEX,ZCTA_NN_HAVERSINE;NOT_ELIGIBILITY;NOT_USPS_VALIDITY;NO_INVENTORY
57529,ZCTA_NEAREST_ACTIVE_OUTLET,SD0096,002,10.821,ZCTA_NN;R6371;TIE_FIRST_LEX,ZCTA_NN_HAVERSINE;NOT_ELIGIBILITY;NOT_USPS_VALIDITY;NO_INVENTORY
57531,ZCTA_NEAREST_ACTIVE_OUTLET,SD0103,002,34.974,ZCTA_NN;R6371;TIE_FIRST_LEX,ZCTA_NN_HAVERSINE;NOT_ELIGIBILITY;NOT_USPS_VALIDITY;NO_INVENTORY
57532,ZCTA_NEAREST_ACTIVE_OUTLET,SD0094,002,18.069,ZCTA_NN;R6371;TIE_FIRST_LEX,ZCTA_NN_HAVERSINE;NOT_ELIGIBILITY;NOT_USPS_VALIDITY;NO_INVENTORY
57533,EXACT_IMLS_OUTLET_ZIP,SD0096,002,,EXACT_OUTLET;TIE_FSCSKEY_SEQ,EXACT_OUTLET;NOT_USPS_VALIDITY;NO_INVENTORY
57534,ZCTA_NEAREST_ACTIVE_OUTLET,SD0105,002,26.692,ZCTA_NN;R6371;TIE_FIRST_LEX,ZCTA_NN_HAVERSINE;NOT_ELIGIBILITY;NOT_USPS_VALIDITY;NO_INVENTORY
57536,ZCTA_NEAREST_ACTIVE_OUTLET,SD0058,002,28.843,ZCTA_NN;R6371;TIE_FIRST_LEX,ZCTA_NN_HAVERSINE;NOT_ELIGIBILITY;NOT_USPS_VALIDITY;NO_INVENTORY
57537,ZCTA_NEAREST_ACTIVE_OUTLET,SD0139,002,48.500,ZCTA_NN;R6371;TIE_FIRST_LEX,ZCTA_NN_HAVERSINE;NOT_ELIGIBILITY;NOT_USPS_VALIDITY;NO_INVENTORY
57538,ZCTA_NEAREST_ACTIVE_OUTLET,SD0095,002,12.990,ZCTA_NN;R6371;TIE_FIRST_LEX,ZCTA_NN_HAVERSINE;NOT_ELIGIBILITY;NOT_USPS_VALIDITY;NO_INVENTORY
57540,ZCTA_NEAREST_ACTIVE_OUTLET,SD0058,002,14.795,ZCTA_NN;R6371;TIE_FIRST_LEX,ZCTA_NN_HAVERSINE;NOT_ELIGIBILITY;NOT_USPS_VALIDITY;NO_INVENTORY
57541,ZCTA_NEAREST_ACTIVE_OUTLET,SD0105,002,25.290,ZCTA_NN;R6371;TIE_FIRST_LEX,ZCTA_NN_HAVERSINE;NOT_ELIGIBILITY;NOT_USPS_VALIDITY;NO_INVENTORY
57543,EXACT_IMLS_OUTLET_ZIP,SD0097,002,,EXACT_OUTLET;TIE_FSCSKEY_SEQ,EXACT_OUTLET;NOT_USPS_VALIDITY;NO_INVENTORY
57544,EXACT_IMLS_OUTLET_ZIP,SD0131,002,,EXACT_OUTLET;TIE_FSCSKEY_SEQ,EXACT_OUTLET;NOT_USPS_VALIDITY;NO_INVENTORY
57547,ZCTA_NEAREST_ACTIVE_OUTLET,SD0097,002,38.876,ZCTA_NN;R6371;TIE_FIRST_LEX,ZCTA_NN_HAVERSINE;NOT_ELIGIBILITY;NOT_USPS_VALIDITY;NO_INVENTORY
57548,EXACT_IMLS_OUTLET_ZIP,SD0163,001,,EXACT_OUTLET;TIE_FSCSKEY_SEQ,EXACT_OUTLET;NOT_USPS_VALIDITY;NO_INVENTORY
57551,EXACT_IMLS_OUTLET_ZIP,SD0136,002,,EXACT_OUTLET;TIE_FSCSKEY_SEQ,EXACT_OUTLET;NOT_USPS_VALIDITY;NO_INVENTORY
57552,EXACT_IMLS_OUTLET_ZIP,SD0098,003,,EXACT_OUTLET;TIE_FSCSKEY_SEQ,EXACT_OUTLET;NOT_USPS_VALIDITY;NO_INVENTORY
57553,ZCTA_NEAREST_ACTIVE_OUTLET,SD0098,002,48.481,ZCTA_NN;R6371;TIE_FIRST_LEX,ZCTA_NN_HAVERSINE;NOT_ELIGIBILITY;NOT_USPS_VALIDITY;NO_INVENTORY
57555,EXACT_IMLS_OUTLET_ZIP,SD0152,001,,EXACT_OUTLET;TIE_FSCSKEY_SEQ,EXACT_OUTLET;NOT_USPS_VALIDITY;NO_INVENTORY
57559,ZCTA_NEAREST_ACTIVE_OUTLET,SD0098,003,38.028,ZCTA_NN;R6371;TIE_FIRST_LEX,ZCTA_NN_HAVERSINE;NOT_ELIGIBILITY;NOT_USPS_VALIDITY;NO_INVENTORY
57560,ZCTA_NEAREST_ACTIVE_OUTLET,SD0152,001,48.201,ZCTA_NN;R6371;TIE_FIRST_LEX,ZCTA_NN_HAVERSINE;NOT_ELIGIBILITY;NOT_USPS_VALIDITY;NO_INVENTORY
57562,ZCTA_NEAREST_ACTIVE_OUTLET,SD0098,003,24.953,ZCTA_NN;R6371;TIE_FIRST_LEX,ZCTA_NN_HAVERSINE;NOT_ELIGIBILITY;NOT_USPS_VALIDITY;NO_INVENTORY
57563,ZCTA_NEAREST_ACTIVE_OUTLET,SD0152,001,18.519,ZCTA_NN;R6371;TIE_FIRST_LEX,ZCTA_NN_HAVERSINE;NOT_ELIGIBILITY;NOT_USPS_VALIDITY;NO_INVENTORY
57564,EXACT_IMLS_OUTLET_ZIP,SD0101,002,,EXACT_OUTLET;TIE_FSCSKEY_SEQ,EXACT_OUTLET;NOT_USPS_VALIDITY;NO_INVENTORY
57566,ZCTA_NEAREST_ACTIVE_OUTLET,SD0152,001,36.223,ZCTA_NN;R6371;TIE_FIRST_LEX,ZCTA_NN_HAVERSINE;NOT_ELIGIBILITY;NOT_USPS_VALIDITY;NO_INVENTORY
57567,EXACT_IMLS_OUTLET_ZIP,SD0098,002,,EXACT_OUTLET;TIE_FSCSKEY_SEQ,EXACT_OUTLET;NOT_USPS_VALIDITY;NO_INVENTORY
57568,EXACT_IMLS_OUTLET_ZIP,SD0103,002,,EXACT_OUTLET;TIE_FSCSKEY_SEQ,EXACT_OUTLET;NOT_USPS_VALIDITY;NO_INVENTORY
57569,ZCTA_NEAREST_ACTIVE_OUTLET,SD0056,002,18.802,ZCTA_NN;R6371;TIE_FIRST_LEX,ZCTA_NN_HAVERSINE;NOT_ELIGIBILITY;NOT_USPS_VALIDITY;NO_INVENTORY
57570,ZCTA_NEAREST_ACTIVE_OUTLET,SD0152,001,20.564,ZCTA_NN;R6371;TIE_FIRST_LEX,ZCTA_NN_HAVERSINE;NOT_ELIGIBILITY;NOT_USPS_VALIDITY;NO_INVENTORY
57571,ZCTA_NEAREST_ACTIVE_OUTLET,SD0095,002,22.778,ZCTA_NN;R6371;TIE_FIRST_LEX,ZCTA_NN_HAVERSINE;NOT_ELIGIBILITY;NOT_USPS_VALIDITY;NO_INVENTORY
57572,ZCTA_NEAREST_ACTIVE_OUTLET,SD0152,001,41.589,ZCTA_NN;R6371;TIE_FIRST_LEX,ZCTA_NN_HAVERSINE;NOT_ELIGIBILITY;NOT_USPS_VALIDITY;NO_INVENTORY
57574,ZCTA_NEAREST_ACTIVE_OUTLET,SD0136,002,28.607,ZCTA_NN;R6371;TIE_FIRST_LEX,ZCTA_NN_HAVERSINE;NOT_ELIGIBILITY;NOT_USPS_VALIDITY;NO_INVENTORY
57576,ZCTA_NEAREST_ACTIVE_OUTLET,SD0103,002,18.716,ZCTA_NN;R6371;TIE_FIRST_LEX,ZCTA_NN_HAVERSINE;NOT_ELIGIBILITY;NOT_USPS_VALIDITY;NO_INVENTORY
57577,ZCTA_NEAREST_ACTIVE_OUTLET,SD0097,002,36.386,ZCTA_NN;R6371;TIE_FIRST_LEX,ZCTA_NN_HAVERSINE;NOT_ELIGIBILITY;NOT_USPS_VALIDITY;NO_INVENTORY
57579,ZCTA_NEAREST_ACTIVE_OUTLET,SD0152,001,32.424,ZCTA_NN;R6371;TIE_FIRST_LEX,ZCTA_NN_HAVERSINE;NOT_ELIGIBILITY;NOT_USPS_VALIDITY;NO_INVENTORY
57580,EXACT_IMLS_OUTLET_ZIP,SD0105,002,,EXACT_OUTLET;TIE_FSCSKEY_SEQ,EXACT_OUTLET;NOT_USPS_VALIDITY;NO_INVENTORY
57584,ZCTA_NEAREST_ACTIVE_OUTLET,SD0105,002,20.924,ZCTA_NN;R6371;TIE_FIRST_LEX,ZCTA_NN_HAVERSINE;NOT_ELIGIBILITY;NOT_USPS_VALIDITY;NO_INVENTORY
57585,ZCTA_NEAREST_ACTIVE_OUTLET,SD0152,001,34.934,ZCTA_NN;R6371;TIE_FIRST_LEX,ZCTA_NN_HAVERSINE;NOT_ELIGIBILITY;NOT_USPS_VALIDITY;NO_INVENTORY
57601,EXACT_IMLS_OUTLET_ZIP,SD0106,002,,EXACT_OUTLET;TIE_FSCSKEY_SEQ,EXACT_OUTLET;NOT_USPS_VALIDITY;NO_INVENTORY
57620,EXACT_IMLS_OUTLET_ZIP,SD0153,001,,EXACT_OUTLET;TIE_FSCSKEY_SEQ,EXACT_OUTLET;NOT_USPS_VALIDITY;NO_INVENTORY
57621,ZCTA_NEAREST_ACTIVE_OUTLET,SD0111,002,38.231,ZCTA_NN;R6371;TIE_FIRST_LEX,ZCTA_NN_HAVERSINE;NOT_ELIGIBILITY;NOT_USPS_VALIDITY;NO_INVENTORY
57622,ZCTA_NEAREST_ACTIVE_OUTLET,SD0139,002,43.710,ZCTA_NN;R6371;TIE_FIRST_LEX,ZCTA_NN_HAVERSINE;NOT_ELIGIBILITY;NOT_USPS_VALIDITY;NO_INVENTORY
57623,ZCTA_NEAREST_ACTIVE_OUTLET,SD0107,002,30.436,ZCTA_NN;R6371;TIE_FIRST_LEX,ZCTA_NN_HAVERSINE;NOT_ELIGIBILITY;NOT_USPS_VALIDITY;NO_INVENTORY
57625,EXACT_IMLS_OUTLET_ZIP,SD0139,002,,EXACT_OUTLET;TIE_FSCSKEY_SEQ,EXACT_OUTLET;NOT_USPS_VALIDITY;NO_INVENTORY
57626,EXACT_IMLS_OUTLET_ZIP,SD0107,002,,EXACT_OUTLET;TIE_FSCSKEY_SEQ,EXACT_OUTLET;NOT_USPS_VALIDITY;NO_INVENTORY
57630,ZCTA_NEAREST_ACTIVE_OUTLET,SD0111,002,20.842,ZCTA_NN;R6371;TIE_FIRST_LEX,ZCTA_NN_HAVERSINE;NOT_ELIGIBILITY;NOT_USPS_VALIDITY;NO_INVENTORY
57631,ZCTA_NEAREST_ACTIVE_OUTLET,SD0106,002,12.183,ZCTA_NN;R6371;TIE_FIRST_LEX,ZCTA_NN_HAVERSINE;NOT_ELIGIBILITY;NOT_USPS_VALIDITY;NO_INVENTORY
57632,ZCTA_NEAREST_ACTIVE_OUTLET,SD0081,002,33.573,ZCTA_NN;R6371;TIE_FIRST_LEX,ZCTA_NN_HAVERSINE;NOT_ELIGIBILITY;NOT_USPS_VALIDITY;NO_INVENTORY
57633,ZCTA_NEAREST_ACTIVE_OUTLET,SD0111,002,35.801,ZCTA_NN;R6371;TIE_FIRST_LEX,ZCTA_NN_HAVERSINE;NOT_ELIGIBILITY;NOT_USPS_VALIDITY;NO_INVENTORY
57634,ZCTA_NEAREST_ACTIVE_OUTLET,SD0109,002,29.562,ZCTA_NN;R6371;TIE_FIRST_LEX,ZCTA_NN_HAVERSINE;NOT_ELIGIBILITY;NOT_USPS_VALIDITY;NO_INVENTORY
57636,ZCTA_NEAREST_ACTIVE_OUTLET,SD0139,002,16.436,ZCTA_NN;R6371;TIE_FIRST_LEX,ZCTA_NN_HAVERSINE;NOT_ELIGIBILITY;NOT_USPS_VALIDITY;NO_INVENTORY
57638,EXACT_IMLS_OUTLET_ZIP,SD0109,002,,EXACT_OUTLET;TIE_FSCSKEY_SEQ,EXACT_OUTLET;NOT_USPS_VALIDITY;NO_INVENTORY
57639,ZCTA_NEAREST_ACTIVE_OUTLET,SD0106,002,32.905,ZCTA_NN;R6371;TIE_FIRST_LEX,ZCTA_NN_HAVERSINE;NOT_ELIGIBILITY;NOT_USPS_VALIDITY;NO_INVENTORY
57640,ZCTA_NEAREST_ACTIVE_OUTLET,ND0001,003,26.419,ZCTA_NN;R6371;TIE_FIRST_LEX,ZCTA_NN_HAVERSINE;NOT_ELIGIBILITY;NOT_USPS_VALIDITY;NO_INVENTORY
57641,ZCTA_NEAREST_ACTIVE_OUTLET,SD0111,002,55.122,ZCTA_NN;R6371;TIE_FIRST_LEX,ZCTA_NN_HAVERSINE;NOT_ELIGIBILITY;NOT_USPS_VALIDITY;NO_INVENTORY
57642,ZCTA_NEAREST_ACTIVE_OUTLET,SD0106,002,35.534,ZCTA_NN;R6371;TIE_FIRST_LEX,ZCTA_NN_HAVERSINE;NOT_ELIGIBILITY;NOT_USPS_VALIDITY;NO_INVENTORY
57644,ZCTA_NEAREST_ACTIVE_OUTLET,SD0153,001,29.644,ZCTA_NN;R6371;TIE_FIRST_LEX,ZCTA_NN_HAVERSINE;NOT_ELIGIBILITY;NOT_USPS_VALIDITY;NO_INVENTORY
57645,ZCTA_NEAREST_ACTIVE_OUTLET,SD0109,002,34.596,ZCTA_NN;R6371;TIE_FIRST_LEX,ZCTA_NN_HAVERSINE;NOT_ELIGIBILITY;NOT_USPS_VALIDITY;NO_INVENTORY
57646,ZCTA_NEAREST_ACTIVE_OUTLET,SD0106,002,33.285,ZCTA_NN;R6371;TIE_FIRST_LEX,ZCTA_NN_HAVERSINE;NOT_ELIGIBILITY;NOT_USPS_VALIDITY;NO_INVENTORY
57648,ZCTA_NEAREST_ACTIVE_OUTLET,ND0038,002,38.130,ZCTA_NN;R6371;TIE_FIRST_LEX,ZCTA_NN_HAVERSINE;NOT_ELIGIBILITY;NOT_USPS_VALIDITY;NO_INVENTORY
57649,ZCTA_NEAREST_ACTIVE_OUTLET,SD0153,001,29.911,ZCTA_NN;R6371;TIE_FIRST_LEX,ZCTA_NN_HAVERSINE;NOT_ELIGIBILITY;NOT_USPS_VALIDITY;NO_INVENTORY
57650,ZCTA_NEAREST_ACTIVE_OUTLET,ND0001,003,36.249,ZCTA_NN;R6371;TIE_FIRST_LEX,ZCTA_NN_HAVERSINE;NOT_ELIGIBILITY;NOT_USPS_VALIDITY;NO_INVENTORY
57651,ZCTA_NEAREST_ACTIVE_OUTLET,SD0115,002,41.845,ZCTA_NN;R6371;TIE_FIRST_LEX,ZCTA_NN_HAVERSINE;NOT_ELIGIBILITY;NOT_USPS_VALIDITY;NO_INVENTORY
57652,ZCTA_NEAREST_ACTIVE_OUTLET,SD0111,002,44.668,ZCTA_NN;R6371;TIE_FIRST_LEX,ZCTA_NN_HAVERSINE;NOT_ELIGIBILITY;NOT_USPS_VALIDITY;NO_INVENTORY
57656,EXACT_IMLS_OUTLET_ZIP,SD0111,002,,EXACT_OUTLET;TIE_FSCSKEY_SEQ,EXACT_OUTLET;NOT_USPS_VALIDITY;NO_INVENTORY
57657,ZCTA_NEAREST_ACTIVE_OUTLET,SD0111,002,24.135,ZCTA_NN;R6371;TIE_FIRST_LEX,ZCTA_NN_HAVERSINE;NOT_ELIGIBILITY;NOT_USPS_VALIDITY;NO_INVENTORY
57658,ZCTA_NEAREST_ACTIVE_OUTLET,SD0106,002,17.650,ZCTA_NN;R6371;TIE_FIRST_LEX,ZCTA_NN_HAVERSINE;NOT_ELIGIBILITY;NOT_USPS_VALIDITY;NO_INVENTORY
57659,ZCTA_NEAREST_ACTIVE_OUTLET,SD0111,002,51.384,ZCTA_NN;R6371;TIE_FIRST_LEX,ZCTA_NN_HAVERSINE;NOT_ELIGIBILITY;NOT_USPS_VALIDITY;NO_INVENTORY
57660,ZCTA_NEAREST_ACTIVE_OUTLET,SD0109,002,50.271,ZCTA_NN;R6371;TIE_FIRST_LEX,ZCTA_NN_HAVERSINE;NOT_ELIGIBILITY;NOT_USPS_VALIDITY;NO_INVENTORY
57661,ZCTA_NEAREST_ACTIVE_OUTLET,SD0111,002,19.574,ZCTA_NN;R6371;TIE_FIRST_LEX,ZCTA_NN_HAVERSINE;NOT_ELIGIBILITY;NOT_USPS_VALIDITY;NO_INVENTORY
57701,EXACT_IMLS_OUTLET_ZIP,SD0112,002,,EXACT_OUTLET;TIE_FSCSKEY_SEQ,EXACT_OUTLET;NOT_USPS_VALIDITY;NO_INVENTORY
57702,ZCTA_NEAREST_ACTIVE_OUTLET,SD0122,002,14.487,ZCTA_NN;R6371;TIE_FIRST_LEX,ZCTA_NN_HAVERSINE;NOT_ELIGIBILITY;NOT_USPS_VALIDITY;NO_INVENTORY
57703,ZCTA_NEAREST_ACTIVE_OUTLET,SD0112,002,17.009,ZCTA_NN;R6371;TIE_FIRST_LEX,ZCTA_NN_HAVERSINE;NOT_ELIGIBILITY;NOT_USPS_VALIDITY;NO_INVENTORY
57706,ZCTA_NEAREST_ACTIVE_OUTLET,SD0112,002,13.558,ZCTA_NN;R6371;TIE_FIRST_LEX,ZCTA_NN_HAVERSINE;NOT_ELIGIBILITY;NOT_USPS_VALIDITY;NO_INVENTORY
57709,OBSERVED_REFERENCE_INDIRECT_ONLY,,,,INDIRECT_IMLS_SC;NO_FABRICATED_NEAREST,INDIRECT_IMLS_SC;NO_FABRICATED_NEAREST;NOT_REJECTED;NOT_USPS_VALIDITY;NO_INVENTORY
57714,ZCTA_NEAREST_ACTIVE_OUTLET,SD0136,002,22.650,ZCTA_NN;R6371;TIE_FIRST_LEX,ZCTA_NN_HAVERSINE;NOT_ELIGIBILITY;NOT_USPS_VALIDITY;NO_INVENTORY
57716,ZCTA_NEAREST_ACTIVE_OUTLET,SD0154,003,30.562,ZCTA_NN;R6371;TIE_FIRST_LEX,ZCTA_NN_HAVERSINE;NOT_ELIGIBILITY;NOT_USPS_VALIDITY;NO_INVENTORY
57717,EXACT_IMLS_OUTLET_ZIP,SD0116,002,,EXACT_OUTLET;TIE_FSCSKEY_SEQ,EXACT_OUTLET;NOT_USPS_VALIDITY;NO_INVENTORY
57718,ZCTA_NEAREST_ACTIVE_OUTLET,SD0162,001,6.975,ZCTA_NN;R6371;TIE_FIRST_LEX,ZCTA_NN_HAVERSINE;NOT_ELIGIBILITY;NOT_USPS_VALIDITY;NO_INVENTORY
57719,ZCTA_NEAREST_ACTIVE_OUTLET,SD0112,002,25.313,ZCTA_NN;R6371;TIE_FIRST_LEX,ZCTA_NN_HAVERSINE;NOT_ELIGIBILITY;NOT_USPS_VALIDITY;NO_INVENTORY
57720,EXACT_IMLS_OUTLET_ZIP,SD0115,002,,EXACT_OUTLET;TIE_FSCSKEY_SEQ,EXACT_OUTLET;NOT_USPS_VALIDITY;NO_INVENTORY
57722,ZCTA_NEAREST_ACTIVE_OUTLET,SD0121,002,39.537,ZCTA_NN;R6371;TIE_FIRST_LEX,ZCTA_NN_HAVERSINE;NOT_ELIGIBILITY;NOT_USPS_VALIDITY;NO_INVENTORY
57724,ZCTA_NEAREST_ACTIVE_OUTLET,SD0115,002,35.156,ZCTA_NN;R6371;TIE_FIRST_LEX,ZCTA_NN_HAVERSINE;NOT_ELIGIBILITY;NOT_USPS_VALIDITY;NO_INVENTORY
57725,ZCTA_NEAREST_ACTIVE_OUTLET,SD0117,003,33.647,ZCTA_NN;R6371;TIE_FIRST_LEX,ZCTA_NN_HAVERSINE;NOT_ELIGIBILITY;NOT_USPS_VALIDITY;NO_INVENTORY
57730,EXACT_IMLS_OUTLET_ZIP,SD0117,002,,EXACT_OUTLET;TIE_FSCSKEY_SEQ,EXACT_OUTLET;NOT_USPS_VALIDITY;NO_INVENTORY
57732,EXACT_IMLS_OUTLET_ZIP,SD0118,002,,EXACT_OUTLET;TIE_FSCSKEY_SEQ,EXACT_OUTLET;NOT_USPS_VALIDITY;NO_INVENTORY
57735,EXACT_IMLS_OUTLET_ZIP,SD0119,002,,EXACT_OUTLET;TIE_FSCSKEY_SEQ,EXACT_OUTLET;NOT_USPS_VALIDITY;NO_INVENTORY
57737,ZCTA_NEAREST_ACTIVE_OUTLET,SD0107,002,63.845,ZCTA_NN;R6371;TIE_FIRST_LEX,ZCTA_NN_HAVERSINE;NOT_ELIGIBILITY;NOT_USPS_VALIDITY;NO_INVENTORY
57738,ZCTA_NEAREST_ACTIVE_OUTLET,SD0117,003,17.223,ZCTA_NN;R6371;TIE_FIRST_LEX,ZCTA_NN_HAVERSINE;NOT_ELIGIBILITY;NOT_USPS_VALIDITY;NO_INVENTORY
57741,ZCTA_NEAREST_ACTIVE_OUTLET,SD0126,002,3.164,ZCTA_NN;R6371;TIE_FIRST_LEX,ZCTA_NN_HAVERSINE;NOT_ELIGIBILITY;NOT_USPS_VALIDITY;NO_INVENTORY
57744,EXACT_IMLS_OUTLET_ZIP,SD0117,003,,EXACT_OUTLET;TIE_FSCSKEY_SEQ,EXACT_OUTLET;NOT_USPS_VALIDITY;NO_INVENTORY
57745,EXACT_IMLS_OUTLET_ZIP,SD0120,002,,EXACT_OUTLET;TIE_FSCSKEY_SEQ,EXACT_OUTLET;NOT_USPS_VALIDITY;NO_INVENTORY
57747,EXACT_IMLS_OUTLET_ZIP,SD0121,002,,EXACT_OUTLET;TIE_FSCSKEY_SEQ,EXACT_OUTLET;NOT_USPS_VALIDITY;NO_INVENTORY
57748,ZCTA_NEAREST_ACTIVE_OUTLET,SD0107,002,48.309,ZCTA_NN;R6371;TIE_FIRST_LEX,ZCTA_NN_HAVERSINE;NOT_ELIGIBILITY;NOT_USPS_VALIDITY;NO_INVENTORY
57750,ZCTA_NEAREST_ACTIVE_OUTLET,SD0154,003,34.650,ZCTA_NN;R6371;TIE_FIRST_LEX,ZCTA_NN_HAVERSINE;NOT_ELIGIBILITY;NOT_USPS_VALIDITY;NO_INVENTORY
57751,EXACT_IMLS_OUTLET_ZIP,SD0122,002,,EXACT_OUTLET;TIE_FSCSKEY_SEQ,EXACT_OUTLET;NOT_USPS_VALIDITY;NO_INVENTORY
57752,EXACT_IMLS_OUTLET_ZIP,SD0154,003,,EXACT_OUTLET;TIE_FSCSKEY_SEQ,EXACT_OUTLET;NOT_USPS_VALIDITY;NO_INVENTORY
57754,EXACT_IMLS_OUTLET_ZIP,SD0123,002,,EXACT_OUTLET;TIE_FSCSKEY_SEQ,EXACT_OUTLET;NOT_USPS_VALIDITY;NO_INVENTORY
57755,ZCTA_NEAREST_ACTIVE_OUTLET,ND0017,002,34.382,ZCTA_NN;R6371;TIE_FIRST_LEX,ZCTA_NN_HAVERSINE;NOT_ELIGIBILITY;NOT_USPS_VALIDITY;NO_INVENTORY
57756,ZCTA_NEAREST_ACTIVE_OUTLET,SD0154,003,23.848,ZCTA_NN;R6371;TIE_FIRST_LEX,ZCTA_NN_HAVERSINE;NOT_ELIGIBILITY;NOT_USPS_VALIDITY;NO_INVENTORY
57758,ZCTA_NEAREST_ACTIVE_OUTLET,SD0107,002,54.855,ZCTA_NN;R6371;TIE_FIRST_LEX,ZCTA_NN_HAVERSINE;NOT_ELIGIBILITY;NOT_USPS_VALIDITY;NO_INVENTORY
57759,ZCTA_NEAREST_ACTIVE_OUTLET,SD0162,001,13.392,ZCTA_NN;R6371;TIE_FIRST_LEX,ZCTA_NN_HAVERSINE;NOT_ELIGIBILITY;NOT_USPS_VALIDITY;NO_INVENTORY
57760,EXACT_IMLS_OUTLET_ZIP,SD0124,002,,EXACT_OUTLET;TIE_FSCSKEY_SEQ,EXACT_OUTLET;NOT_USPS_VALIDITY;NO_INVENTORY
57761,ZCTA_NEAREST_ACTIVE_OUTLET,SD0112,002,39.104,ZCTA_NN;R6371;TIE_FIRST_LEX,ZCTA_NN_HAVERSINE;NOT_ELIGIBILITY;NOT_USPS_VALIDITY;NO_INVENTORY
57762,ZCTA_NEAREST_ACTIVE_OUTLET,SD0124,002,16.352,ZCTA_NN;R6371;TIE_FIRST_LEX,ZCTA_NN_HAVERSINE;NOT_ELIGIBILITY;NOT_USPS_VALIDITY;NO_INVENTORY
57763,ZCTA_NEAREST_ACTIVE_OUTLET,SD0121,002,37.912,ZCTA_NN;R6371;TIE_FIRST_LEX,ZCTA_NN_HAVERSINE;NOT_ELIGIBILITY;NOT_USPS_VALIDITY;NO_INVENTORY
57764,ZCTA_NEAREST_ACTIVE_OUTLET,SD0154,003,44.621,ZCTA_NN;R6371;TIE_FIRST_LEX,ZCTA_NN_HAVERSINE;NOT_ELIGIBILITY;NOT_USPS_VALIDITY;NO_INVENTORY
57766,ZCTA_NEAREST_ACTIVE_OUTLET,SD0121,002,25.240,ZCTA_NN;R6371;TIE_FIRST_LEX,ZCTA_NN_HAVERSINE;NOT_ELIGIBILITY;NOT_USPS_VALIDITY;NO_INVENTORY
57767,ZCTA_NEAREST_ACTIVE_OUTLET,SD0127,002,30.732,ZCTA_NN;R6371;TIE_FIRST_LEX,ZCTA_NN_HAVERSINE;NOT_ELIGIBILITY;NOT_USPS_VALIDITY;NO_INVENTORY
57769,EXACT_IMLS_OUTLET_ZIP,SD0162,001,,EXACT_OUTLET;TIE_FSCSKEY_SEQ,EXACT_OUTLET;NOT_USPS_VALIDITY;NO_INVENTORY
57770,ZCTA_NEAREST_ACTIVE_OUTLET,NE0050,002,40.203,ZCTA_NN;R6371;TIE_FIRST_LEX,ZCTA_NN_HAVERSINE;NOT_ELIGIBILITY;NOT_USPS_VALIDITY;NO_INVENTORY
57772,ZCTA_NEAREST_ACTIVE_OUTLET,SD0154,003,26.267,ZCTA_NN;R6371;TIE_FIRST_LEX,ZCTA_NN_HAVERSINE;NOT_ELIGIBILITY;NOT_USPS_VALIDITY;NO_INVENTORY
57773,ZCTA_NEAREST_ACTIVE_OUTLET,SD0117,002,19.228,ZCTA_NN;R6371;TIE_FIRST_LEX,ZCTA_NN_HAVERSINE;NOT_ELIGIBILITY;NOT_USPS_VALIDITY;NO_INVENTORY
57775,ZCTA_NEAREST_ACTIVE_OUTLET,SD0127,002,22.154,ZCTA_NN;R6371;TIE_FIRST_LEX,ZCTA_NN_HAVERSINE;NOT_ELIGIBILITY;NOT_USPS_VALIDITY;NO_INVENTORY
57776,ZCTA_NEAREST_ACTIVE_OUTLET,SD0115,002,38.719,ZCTA_NN;R6371;TIE_FIRST_LEX,ZCTA_NN_HAVERSINE;NOT_ELIGIBILITY;NOT_USPS_VALIDITY;NO_INVENTORY
57779,ZCTA_NEAREST_ACTIVE_OUTLET,SD0125,002,11.898,ZCTA_NN;R6371;TIE_FIRST_LEX,ZCTA_NN_HAVERSINE;NOT_ELIGIBILITY;NOT_USPS_VALIDITY;NO_INVENTORY
57780,ZCTA_NEAREST_ACTIVE_OUTLET,SD0127,002,31.549,ZCTA_NN;R6371;TIE_FIRST_LEX,ZCTA_NN_HAVERSINE;NOT_ELIGIBILITY;NOT_USPS_VALIDITY;NO_INVENTORY
57782,ZCTA_NEAREST_ACTIVE_OUTLET,SD0121,002,30.698,ZCTA_NN;R6371;TIE_FIRST_LEX,ZCTA_NN_HAVERSINE;NOT_ELIGIBILITY;NOT_USPS_VALIDITY;NO_INVENTORY
57783,EXACT_IMLS_OUTLET_ZIP,SD0125,002,,EXACT_OUTLET;TIE_FSCSKEY_SEQ,EXACT_OUTLET;NOT_USPS_VALIDITY;NO_INVENTORY
57785,EXACT_IMLS_OUTLET_ZIP,SD0126,002,,EXACT_OUTLET;TIE_FSCSKEY_SEQ,EXACT_OUTLET;NOT_USPS_VALIDITY;NO_INVENTORY
57787,ZCTA_NEAREST_ACTIVE_OUTLET,SD0124,002,60.483,ZCTA_NN;R6371;TIE_FIRST_LEX,ZCTA_NN_HAVERSINE;NOT_ELIGIBILITY;NOT_USPS_VALIDITY;NO_INVENTORY
57788,ZCTA_NEAREST_ACTIVE_OUTLET,SD0124,002,20.157,ZCTA_NN;R6371;TIE_FIRST_LEX,ZCTA_NN_HAVERSINE;NOT_ELIGIBILITY;NOT_USPS_VALIDITY;NO_INVENTORY
57790,EXACT_IMLS_OUTLET_ZIP,SD0127,002,,EXACT_OUTLET;TIE_FSCSKEY_SEQ,EXACT_OUTLET;NOT_USPS_VALIDITY;NO_INVENTORY
57791,ZCTA_NEAREST_ACTIVE_OUTLET,SD0127,002,33.003,ZCTA_NN;R6371;TIE_FIRST_LEX,ZCTA_NN_HAVERSINE;NOT_ELIGIBILITY;NOT_USPS_VALIDITY;NO_INVENTORY
57792,ZCTA_NEAREST_ACTIVE_OUTLET,SD0107,002,53.536,ZCTA_NN;R6371;TIE_FIRST_LEX,ZCTA_NN_HAVERSINE;NOT_ELIGIBILITY;NOT_USPS_VALIDITY;NO_INVENTORY
57793,EXACT_IMLS_OUTLET_ZIP,SD0128,002,,EXACT_OUTLET;TIE_FSCSKEY_SEQ,EXACT_OUTLET;NOT_USPS_VALIDITY;NO_INVENTORY
57794,ZCTA_NEAREST_ACTIVE_OUTLET,SD0154,003,30.491,ZCTA_NN;R6371;TIE_FIRST_LEX,ZCTA_NN_HAVERSINE;NOT_ELIGIBILITY;NOT_USPS_VALIDITY;NO_INVENTORY
57799,ZCTA_NEAREST_ACTIVE_OUTLET,SD0125,002,1.348,ZCTA_NN;R6371;TIE_FIRST_LEX,ZCTA_NN_HAVERSINE;NOT_ELIGIBILITY;NOT_USPS_VALIDITY;NO_INVENTORY
58001,ZCTA_NEAREST_ACTIVE_OUTLET,ND0049,002,22.855,ZCTA_NN;R6371;TIE_FIRST_LEX,ZCTA_NN_HAVERSINE;NOT_ELIGIBILITY;NOT_USPS_VALIDITY;NO_INVENTORY
58002,ZCTA_NEAREST_ACTIVE_OUTLET,ND0014,002,16.128,ZCTA_NN;R6371;TIE_FIRST_LEX,ZCTA_NN_HAVERSINE;NOT_ELIGIBILITY;NOT_USPS_VALIDITY;NO_INVENTORY
58004,ZCTA_NEAREST_ACTIVE_OUTLET,ND0014,002,14.612,ZCTA_NN;R6371;TIE_FIRST_LEX,ZCTA_NN_HAVERSINE;NOT_ELIGIBILITY;NOT_USPS_VALIDITY;NO_INVENTORY
58005,ZCTA_NEAREST_ACTIVE_OUTLET,ND0026,005,19.985,ZCTA_NN;R6371;TIE_FIRST_LEX,ZCTA_NN_HAVERSINE;NOT_ELIGIBILITY;NOT_USPS_VALIDITY;NO_INVENTORY
58006,ZCTA_NEAREST_ACTIVE_OUTLET,ND0014,002,21.716,ZCTA_NN;R6371;TIE_FIRST_LEX,ZCTA_NN_HAVERSINE;NOT_ELIGIBILITY;NOT_USPS_VALIDITY;NO_INVENTORY
58007,ZCTA_NEAREST_ACTIVE_OUTLET,ND0014,002,23.209,ZCTA_NN;R6371;TIE_FIRST_LEX,ZCTA_NN_HAVERSINE;NOT_ELIGIBILITY;NOT_USPS_VALIDITY;NO_INVENTORY
58008,ZCTA_NEAREST_ACTIVE_OUTLET,ND0051,002,28.306,ZCTA_NN;R6371;TIE_FIRST_LEX,ZCTA_NN_HAVERSINE;NOT_ELIGIBILITY;NOT_USPS_VALIDITY;NO_INVENTORY
58009,ZCTA_NEAREST_ACTIVE_OUTLET,ND0057,002,20.336,ZCTA_NN;R6371;TIE_FIRST_LEX,ZCTA_NN_HAVERSINE;NOT_ELIGIBILITY;NOT_USPS_VALIDITY;NO_INVENTORY
58011,ZCTA_NEAREST_ACTIVE_OUTLET,ND0014,002,25.472,ZCTA_NN;R6371;TIE_FIRST_LEX,ZCTA_NN_HAVERSINE;NOT_ELIGIBILITY;NOT_USPS_VALIDITY;NO_INVENTORY
58012,EXACT_IMLS_OUTLET_ZIP,ND0014,002,,EXACT_OUTLET;TIE_FSCSKEY_SEQ,EXACT_OUTLET;NOT_USPS_VALIDITY;NO_INVENTORY
58013,ZCTA_NEAREST_ACTIVE_OUTLET,ND0051,002,15.657,ZCTA_NN;R6371;TIE_FIRST_LEX,ZCTA_NN_HAVERSINE;NOT_ELIGIBILITY;NOT_USPS_VALIDITY;NO_INVENTORY
58015,ZCTA_NEAREST_ACTIVE_OUTLET,ND0099,001,16.570,ZCTA_NN;R6371;TIE_FIRST_LEX,ZCTA_NN_HAVERSINE;NOT_ELIGIBILITY;NOT_USPS_VALIDITY;NO_INVENTORY
58016,ZCTA_NEAREST_ACTIVE_OUTLET,ND0057,002,18.165,ZCTA_NN;R6371;TIE_FIRST_LEX,ZCTA_NN_HAVERSINE;NOT_ELIGIBILITY;NOT_USPS_VALIDITY;NO_INVENTORY
58017,ZCTA_NEAREST_ACTIVE_OUTLET,ND0029,002,17.986,ZCTA_NN;R6371;TIE_FIRST_LEX,ZCTA_NN_HAVERSINE;NOT_ELIGIBILITY;NOT_USPS_VALIDITY;NO_INVENTORY
58018,ZCTA_NEAREST_ACTIVE_OUTLET,ND0099,001,25.718,ZCTA_NN;R6371;TIE_FIRST_LEX,ZCTA_NN_HAVERSINE;NOT_ELIGIBILITY;NOT_USPS_VALIDITY;NO_INVENTORY
58021,ZCTA_NEAREST_ACTIVE_OUTLET,ND0099,001,10.958,ZCTA_NN;R6371;TIE_FIRST_LEX,ZCTA_NN_HAVERSINE;NOT_ELIGIBILITY;NOT_USPS_VALIDITY;NO_INVENTORY
58027,EXACT_IMLS_OUTLET_ZIP,ND0025,002,,EXACT_OUTLET;TIE_FSCSKEY_SEQ,EXACT_OUTLET;NOT_USPS_VALIDITY;NO_INVENTORY
58029,ZCTA_NEAREST_ACTIVE_OUTLET,ND0014,002,27.886,ZCTA_NN;R6371;TIE_FIRST_LEX,ZCTA_NN_HAVERSINE;NOT_ELIGIBILITY;NOT_USPS_VALIDITY;NO_INVENTORY
58030,ZCTA_NEAREST_ACTIVE_OUTLET,ND0049,002,26.527,ZCTA_NN;R6371;TIE_FIRST_LEX,ZCTA_NN_HAVERSINE;NOT_ELIGIBILITY;NOT_USPS_VALIDITY;NO_INVENTORY
58031,ZCTA_NEAREST_ACTIVE_OUTLET,ND0025,002,16.793,ZCTA_NN;R6371;TIE_FIRST_LEX,ZCTA_NN_HAVERSINE;NOT_ELIGIBILITY;NOT_USPS_VALIDITY;NO_INVENTORY
58032,EXACT_IMLS_OUTLET_ZIP,ND0029,002,,EXACT_OUTLET;TIE_FSCSKEY_SEQ,EXACT_OUTLET;NOT_USPS_VALIDITY;NO_INVENTORY
58033,ZCTA_NEAREST_ACTIVE_OUTLET,ND0053,002,18.061,ZCTA_NN;R6371;TIE_FIRST_LEX,ZCTA_NN_HAVERSINE;NOT_ELIGIBILITY;NOT_USPS_VALIDITY;NO_INVENTORY
58035,ZCTA_NEAREST_ACTIVE_OUTLET,ND0057,002,28.606,ZCTA_NN;R6371;TIE_FIRST_LEX,ZCTA_NN_HAVERSINE;NOT_ELIGIBILITY;NOT_USPS_VALIDITY;NO_INVENTORY
58036,ZCTA_NEAREST_ACTIVE_OUTLET,ND0026,005,30.118,ZCTA_NN;R6371;TIE_FIRST_LEX,ZCTA_NN_HAVERSINE;NOT_ELIGIBILITY;NOT_USPS_VALIDITY;NO_INVENTORY
58038,ZCTA_NEAREST_ACTIVE_OUTLET,MN0034,002,37.005,ZCTA_NN;R6371;TIE_FIRST_LEX,ZCTA_NN_HAVERSINE;NOT_ELIGIBILITY;NOT_USPS_VALIDITY;NO_INVENTORY
58040,ZCTA_NEAREST_ACTIVE_OUTLET,ND0029,002,9.892,ZCTA_NN;R6371;TIE_FIRST_LEX,ZCTA_NN_HAVERSINE;NOT_ELIGIBILITY;NOT_USPS_VALIDITY;NO_INVENTORY
58041,ZCTA_NEAREST_ACTIVE_OUTLET,ND0051,002,19.435,ZCTA_NN;R6371;TIE_FIRST_LEX,ZCTA_NN_HAVERSINE;NOT_ELIGIBILITY;NOT_USPS_VALIDITY;NO_INVENTORY
58042,ZCTA_NEAREST_ACTIVE_OUTLET,ND0091,002,11.647,ZCTA_NN;R6371;TIE_FIRST_LEX,ZCTA_NN_HAVERSINE;NOT_ELIGIBILITY;NOT_USPS_VALIDITY;NO_INVENTORY
58043,ZCTA_NEAREST_ACTIVE_OUTLET,ND0029,002,17.023,ZCTA_NN;R6371;TIE_FIRST_LEX,ZCTA_NN_HAVERSINE;NOT_ELIGIBILITY;NOT_USPS_VALIDITY;NO_INVENTORY
58045,ZCTA_NEAREST_ACTIVE_OUTLET,ND0057,002,26.434,ZCTA_NN;R6371;TIE_FIRST_LEX,ZCTA_NN_HAVERSINE;NOT_ELIGIBILITY;NOT_USPS_VALIDITY;NO_INVENTORY
58046,ZCTA_NEAREST_ACTIVE_OUTLET,ND0036,002,32.770,ZCTA_NN;R6371;TIE_FIRST_LEX,ZCTA_NN_HAVERSINE;NOT_ELIGIBILITY;NOT_USPS_VALIDITY;NO_INVENTORY
58047,ZCTA_NEAREST_ACTIVE_OUTLET,ND0099,001,13.111,ZCTA_NN;R6371;TIE_FIRST_LEX,ZCTA_NN_HAVERSINE;NOT_ELIGIBILITY;NOT_USPS_VALIDITY;NO_INVENTORY
58048,ZCTA_NEAREST_ACTIVE_OUTLET,ND0014,002,33.065,ZCTA_NN;R6371;TIE_FIRST_LEX,ZCTA_NN_HAVERSINE;NOT_ELIGIBILITY;NOT_USPS_VALIDITY;NO_INVENTORY
58049,ZCTA_NEAREST_ACTIVE_OUTLET,ND0084,003,28.357,ZCTA_NN;R6371;TIE_FIRST_LEX,ZCTA_NN_HAVERSINE;NOT_ELIGIBILITY;NOT_USPS_VALIDITY;NO_INVENTORY
58051,EXACT_IMLS_OUTLET_ZIP,ND0099,001,,EXACT_OUTLET;TIE_FSCSKEY_SEQ,EXACT_OUTLET;NOT_USPS_VALIDITY;NO_INVENTORY
58052,ZCTA_NEAREST_ACTIVE_OUTLET,ND0099,001,20.160,ZCTA_NN;R6371;TIE_FIRST_LEX,ZCTA_NN_HAVERSINE;NOT_ELIGIBILITY;NOT_USPS_VALIDITY;NO_INVENTORY
58053,EXACT_IMLS_OUTLET_ZIP,ND0051,002,,EXACT_OUTLET;TIE_FSCSKEY_SEQ,EXACT_OUTLET;NOT_USPS_VALIDITY;NO_INVENTORY
58054,EXACT_IMLS_OUTLET_ZIP,ND0053,002,,EXACT_OUTLET;TIE_FSCSKEY_SEQ,EXACT_OUTLET;NOT_USPS_VALIDITY;NO_INVENTORY
58056,ZCTA_NEAREST_ACTIVE_OUTLET,ND0036,002,27.335,ZCTA_NN;R6371;TIE_FIRST_LEX,ZCTA_NN_HAVERSINE;NOT_ELIGIBILITY;NOT_USPS_VALIDITY;NO_INVENTORY
58057,ZCTA_NEAREST_ACTIVE_OUTLET,ND0076,002,23.354,ZCTA_NN;R6371;TIE_FIRST_LEX,ZCTA_NN_HAVERSINE;NOT_ELIGIBILITY;NOT_USPS_VALIDITY;NO_INVENTORY
58058,ZCTA_NEAREST_ACTIVE_OUTLET,ND0051,002,18.150,ZCTA_NN;R6371;TIE_FIRST_LEX,ZCTA_NN_HAVERSINE;NOT_ELIGIBILITY;NOT_USPS_VALIDITY;NO_INVENTORY
58059,ZCTA_NEAREST_ACTIVE_OUTLET,ND0014,002,9.239,ZCTA_NN;R6371;TIE_FIRST_LEX,ZCTA_NN_HAVERSINE;NOT_ELIGIBILITY;NOT_USPS_VALIDITY;NO_INVENTORY
58060,EXACT_IMLS_OUTLET_ZIP,ND0076,002,,EXACT_OUTLET;TIE_FSCSKEY_SEQ,EXACT_OUTLET;NOT_USPS_VALIDITY;NO_INVENTORY
58061,ZCTA_NEAREST_ACTIVE_OUTLET,ND0049,002,22.159,ZCTA_NN;R6371;TIE_FIRST_LEX,ZCTA_NN_HAVERSINE;NOT_ELIGIBILITY;NOT_USPS_VALIDITY;NO_INVENTORY
58062,ZCTA_NEAREST_ACTIVE_OUTLET,ND0025,002,18.205,ZCTA_NN;R6371;TIE_FIRST_LEX,ZCTA_NN_HAVERSINE;NOT_ELIGIBILITY;NOT_USPS_VALIDITY;NO_INVENTORY
58063,ZCTA_NEAREST_ACTIVE_OUTLET,ND0084,002,16.020,ZCTA_NN;R6371;TIE_FIRST_LEX,ZCTA_NN_HAVERSINE;NOT_ELIGIBILITY;NOT_USPS_VALIDITY;NO_INVENTORY
58064,ZCTA_NEAREST_ACTIVE_OUTLET,ND0084,002,36.750,ZCTA_NN;R6371;TIE_FIRST_LEX,ZCTA_NN_HAVERSINE;NOT_ELIGIBILITY;NOT_USPS_VALIDITY;NO_INVENTORY
58065,ZCTA_NEAREST_ACTIVE_OUTLET,ND0084,002,35.346,ZCTA_NN;R6371;TIE_FIRST_LEX,ZCTA_NN_HAVERSINE;NOT_ELIGIBILITY;NOT_USPS_VALIDITY;NO_INVENTORY
58067,ZCTA_NEAREST_ACTIVE_OUTLET,ND0029,002,11.325,ZCTA_NN;R6371;TIE_FIRST_LEX,ZCTA_NN_HAVERSINE;NOT_ELIGIBILITY;NOT_USPS_VALIDITY;NO_INVENTORY
58068,ZCTA_NEAREST_ACTIVE_OUTLET,ND0025,002,16.364,ZCTA_NN;R6371;TIE_FIRST_LEX,ZCTA_NN_HAVERSINE;NOT_ELIGIBILITY;NOT_USPS_VALIDITY;NO_INVENTORY
58069,ZCTA_NEAREST_ACTIVE_OUTLET,ND0029,002,21.505,ZCTA_NN;R6371;TIE_FIRST_LEX,ZCTA_NN_HAVERSINE;NOT_ELIGIBILITY;NOT_USPS_VALIDITY;NO_INVENTORY
58071,ZCTA_NEAREST_ACTIVE_OUTLET,ND0084,002,24.385,ZCTA_NN;R6371;TIE_FIRST_LEX,ZCTA_NN_HAVERSINE;NOT_ELIGIBILITY;NOT_USPS_VALIDITY;NO_INVENTORY
58072,EXACT_IMLS_OUTLET_ZIP,ND0084,002,,EXACT_OUTLET;TIE_FSCSKEY_SEQ,EXACT_OUTLET;NOT_USPS_VALIDITY;NO_INVENTORY
58074,ZCTA_NEAREST_ACTIVE_OUTLET,ND0049,002,21.393,ZCTA_NN;R6371;TIE_FIRST_LEX,ZCTA_NN_HAVERSINE;NOT_ELIGIBILITY;NOT_USPS_VALIDITY;NO_INVENTORY
58075,EXACT_IMLS_OUTLET_ZIP,ND0049,002,,EXACT_OUTLET;TIE_FSCSKEY_SEQ,EXACT_OUTLET;NOT_USPS_VALIDITY;NO_INVENTORY
58076,ZCTA_NEAREST_ACTIVE_OUTLET,ND0049,002,1.010,ZCTA_NN;R6371;TIE_FIRST_LEX,ZCTA_NN_HAVERSINE;NOT_ELIGIBILITY;NOT_USPS_VALIDITY;NO_INVENTORY
58077,ZCTA_NEAREST_ACTIVE_OUTLET,ND0099,001,14.126,ZCTA_NN;R6371;TIE_FIRST_LEX,ZCTA_NN_HAVERSINE;NOT_ELIGIBILITY;NOT_USPS_VALIDITY;NO_INVENTORY
58078,EXACT_IMLS_OUTLET_ZIP,ND0091,002,,EXACT_OUTLET;TIE_FSCSKEY_SEQ,EXACT_OUTLET;NOT_USPS_VALIDITY;NO_INVENTORY
58079,ZCTA_NEAREST_ACTIVE_OUTLET,ND0014,002,12.407,ZCTA_NN;R6371;TIE_FIRST_LEX,ZCTA_NN_HAVERSINE;NOT_ELIGIBILITY;NOT_USPS_VALIDITY;NO_INVENTORY
58081,ZCTA_NEAREST_ACTIVE_OUTLET,ND0076,002,24.649,ZCTA_NN;R6371;TIE_FIRST_LEX,ZCTA_NN_HAVERSINE;NOT_ELIGIBILITY;NOT_USPS_VALIDITY;NO_INVENTORY
58102,EXACT_IMLS_OUTLET_ZIP,ND0026,004,,EXACT_OUTLET;TIE_FSCSKEY_SEQ,EXACT_OUTLET;NOT_USPS_VALIDITY;NO_INVENTORY
58103,EXACT_IMLS_OUTLET_ZIP,ND0026,003,,EXACT_OUTLET;TIE_FSCSKEY_SEQ,EXACT_OUTLET;NOT_USPS_VALIDITY;NO_INVENTORY
58104,ZCTA_NEAREST_ACTIVE_OUTLET,ND0026,003,4.474,ZCTA_NN;R6371;TIE_FIRST_LEX,ZCTA_NN_HAVERSINE;NOT_ELIGIBILITY;NOT_USPS_VALIDITY;NO_INVENTORY
58105,ZCTA_NEAREST_ACTIVE_OUTLET,ND0026,005,2.150,ZCTA_NN;R6371;TIE_FIRST_LEX,ZCTA_NN_HAVERSINE;NOT_ELIGIBILITY;NOT_USPS_VALIDITY;NO_INVENTORY
58106,OBSERVED_REFERENCE_INDIRECT_ONLY,,,,INDIRECT_IMLS_SC;NO_FABRICATED_NEAREST,INDIRECT_IMLS_SC;NO_FABRICATED_NEAREST;NOT_REJECTED;NOT_USPS_VALIDITY;NO_INVENTORY
58107,OBSERVED_REFERENCE_INDIRECT_ONLY,,,,INDIRECT_IMLS_SC;NO_FABRICATED_NEAREST,INDIRECT_IMLS_SC;NO_FABRICATED_NEAREST;NOT_REJECTED;NOT_USPS_VALIDITY;NO_INVENTORY
58108,OBSERVED_REFERENCE_INDIRECT_ONLY,,,,INDIRECT_IMLS_SC;NO_FABRICATED_NEAREST,INDIRECT_IMLS_SC;NO_FABRICATED_NEAREST;NOT_REJECTED;NOT_USPS_VALIDITY;NO_INVENTORY
58121,OBSERVED_REFERENCE_INDIRECT_ONLY,,,,INDIRECT_IMLS_SC;NO_FABRICATED_NEAREST,INDIRECT_IMLS_SC;NO_FABRICATED_NEAREST;NOT_REJECTED;NOT_USPS_VALIDITY;NO_INVENTORY
58124,OBSERVED_REFERENCE_INDIRECT_ONLY,,,,INDIRECT_IMLS_SC;NO_FABRICATED_NEAREST,INDIRECT_IMLS_SC;NO_FABRICATED_NEAREST;NOT_REJECTED;NOT_USPS_VALIDITY;NO_INVENTORY
58126,OBSERVED_REFERENCE_INDIRECT_ONLY,,,,INDIRECT_IMLS_SC;NO_FABRICATED_NEAREST,INDIRECT_IMLS_SC;NO_FABRICATED_NEAREST;NOT_REJECTED;NOT_USPS_VALIDITY;NO_INVENTORY
58201,EXACT_IMLS_OUTLET_ZIP,ND0035,002,,EXACT_OUTLET;TIE_FSCSKEY_SEQ,EXACT_OUTLET;NOT_USPS_VALIDITY;NO_INVENTORY
58202,ZCTA_NEAREST_ACTIVE_OUTLET,ND0035,002,3.259,ZCTA_NN;R6371;TIE_FIRST_LEX,ZCTA_NN_HAVERSINE;NOT_ELIGIBILITY;NOT_USPS_VALIDITY;NO_INVENTORY
58203,ZCTA_NEAREST_ACTIVE_OUTLET,MN0122,002,11.570,ZCTA_NN;R6371;TIE_FIRST_LEX,ZCTA_NN_HAVERSINE;NOT_ELIGIBILITY;NOT_USPS_VALIDITY;NO_INVENTORY
58204,ZCTA_NEAREST_ACTIVE_OUTLET,ND0022,002,19.871,ZCTA_NN;R6371;TIE_FIRST_LEX,ZCTA_NN_HAVERSINE;NOT_ELIGIBILITY;NOT_USPS_VALIDITY;NO_INVENTORY
58205,ZCTA_NEAREST_ACTIVE_OUTLET,ND0022,002,17.943,ZCTA_NN;R6371;TIE_FIRST_LEX,ZCTA_NN_HAVERSINE;NOT_ELIGIBILITY;NOT_USPS_VALIDITY;NO_INVENTORY
58206,OBSERVED_REFERENCE_INDIRECT_ONLY,,,,INDIRECT_IMLS_SC;NO_FABRICATED_NEAREST,INDIRECT_IMLS_SC;NO_FABRICATED_NEAREST;NOT_REJECTED;NOT_USPS_VALIDITY;NO_INVENTORY
58208,OBSERVED_REFERENCE_INDIRECT_ONLY,,,,INDIRECT_IMLS_SC;NO_FABRICATED_NEAREST,INDIRECT_IMLS_SC;NO_FABRICATED_NEAREST;NOT_REJECTED;NOT_USPS_VALIDITY;NO_INVENTORY
58210,EXACT_IMLS_OUTLET_ZIP,ND0012,005,,EXACT_OUTLET;TIE_FSCSKEY_SEQ,EXACT_OUTLET;NOT_USPS_VALIDITY;NO_INVENTORY
58212,EXACT_IMLS_OUTLET_ZIP,ND0047,005,,EXACT_OUTLET;TIE_FSCSKEY_SEQ,EXACT_OUTLET;NOT_USPS_VALIDITY;NO_INVENTORY
58214,ZCTA_NEAREST_ACTIVE_OUTLET,ND0022,002,9.757,ZCTA_NN;R6371;TIE_FIRST_LEX,ZCTA_NN_HAVERSINE;NOT_ELIGIBILITY;NOT_USPS_VALIDITY;NO_INVENTORY
58216,ZCTA_NEAREST_ACTIVE_OUTLET,ND0016,002,16.740,ZCTA_NN;R6371;TIE_FIRST_LEX,ZCTA_NN_HAVERSINE;NOT_ELIGIBILITY;NOT_USPS_VALIDITY;NO_INVENTORY
58218,ZCTA_NEAREST_ACTIVE_OUTLET,MN0034,006,18.296,ZCTA_NN;R6371;TIE_FIRST_LEX,ZCTA_NN_HAVERSINE;NOT_ELIGIBILITY;NOT_USPS_VALIDITY;NO_INVENTORY
58219,ZCTA_NEAREST_ACTIVE_OUTLET,MN0034,006,15.359,ZCTA_NN;R6371;TIE_FIRST_LEX,ZCTA_NN_HAVERSINE;NOT_ELIGIBILITY;NOT_USPS_VALIDITY;NO_INVENTORY
58220,EXACT_IMLS_OUTLET_ZIP,ND0016,002,,EXACT_OUTLET;TIE_FSCSKEY_SEQ,EXACT_OUTLET;NOT_USPS_VALIDITY;NO_INVENTORY
58222,ZCTA_NEAREST_ACTIVE_OUTLET,ND0016,002,19.967,ZCTA_NN;R6371;TIE_FIRST_LEX,ZCTA_NN_HAVERSINE;NOT_ELIGIBILITY;NOT_USPS_VALIDITY;NO_INVENTORY
58223,ZCTA_NEAREST_ACTIVE_OUTLET,MN0034,006,17.931,ZCTA_NN;R6371;TIE_FIRST_LEX,ZCTA_NN_HAVERSINE;NOT_ELIGIBILITY;NOT_USPS_VALIDITY;NO_INVENTORY
58224,ZCTA_NEAREST_ACTIVE_OUTLET,ND0047,004,20.768,ZCTA_NN;R6371;TIE_FIRST_LEX,ZCTA_NN_HAVERSINE;NOT_ELIGIBILITY;NOT_USPS_VALIDITY;NO_INVENTORY
58225,ZCTA_NEAREST_ACTIVE_OUTLET,ND0012,002,25.663,ZCTA_NN;R6371;TIE_FIRST_LEX,ZCTA_NN_HAVERSINE;NOT_ELIGIBILITY;NOT_USPS_VALIDITY;NO_INVENTORY
58227,ZCTA_NEAREST_ACTIVE_OUTLET,ND0012,005,19.491,ZCTA_NN;R6371;TIE_FIRST_LEX,ZCTA_NN_HAVERSINE;NOT_ELIGIBILITY;NOT_USPS_VALIDITY;NO_INVENTORY
58228,ZCTA_NEAREST_ACTIVE_OUTLET,ND0022,002,21.180,ZCTA_NN;R6371;TIE_FIRST_LEX,ZCTA_NN_HAVERSINE;NOT_ELIGIBILITY;NOT_USPS_VALIDITY;NO_INVENTORY
58229,ZCTA_NEAREST_ACTIVE_OUTLET,ND0012,005,16.026,ZCTA_NN;R6371;TIE_FIRST_LEX,ZCTA_NN_HAVERSINE;NOT_ELIGIBILITY;NOT_USPS_VALIDITY;NO_INVENTORY
58230,ZCTA_NEAREST_ACTIVE_OUTLET,ND0036,002,23.332,ZCTA_NN;R6371;TIE_FIRST_LEX,ZCTA_NN_HAVERSINE;NOT_ELIGIBILITY;NOT_USPS_VALIDITY;NO_INVENTORY
58231,ZCTA_NEAREST_ACTIVE_OUTLET,ND0071,002,22.091,ZCTA_NN;R6371;TIE_FIRST_LEX,ZCTA_NN_HAVERSINE;NOT_ELIGIBILITY;NOT_USPS_VALIDITY;NO_INVENTORY
58233,ZCTA_NEAREST_ACTIVE_OUTLET,ND0012,002,25.968,ZCTA_NN;R6371;TIE_FIRST_LEX,ZCTA_NN_HAVERSINE;NOT_ELIGIBILITY;NOT_USPS_VALIDITY;NO_INVENTORY
58235,ZCTA_NEAREST_ACTIVE_OUTLET,ND0022,002,23.160,ZCTA_NN;R6371;TIE_FIRST_LEX,ZCTA_NN_HAVERSINE;NOT_ELIGIBILITY;NOT_USPS_VALIDITY;NO_INVENTORY
58236,ZCTA_NEAREST_ACTIVE_OUTLET,ND0016,002,12.652,ZCTA_NN;R6371;TIE_FIRST_LEX,ZCTA_NN_HAVERSINE;NOT_ELIGIBILITY;NOT_USPS_VALIDITY;NO_INVENTORY
58237,EXACT_IMLS_OUTLET_ZIP,ND0012,002,,EXACT_OUTLET;TIE_FSCSKEY_SEQ,EXACT_OUTLET;NOT_USPS_VALIDITY;NO_INVENTORY
58238,ZCTA_NEAREST_ACTIVE_OUTLET,ND0016,002,17.261,ZCTA_NN;R6371;TIE_FIRST_LEX,ZCTA_NN_HAVERSINE;NOT_ELIGIBILITY;NOT_USPS_VALIDITY;NO_INVENTORY
58239,ZCTA_NEAREST_ACTIVE_OUTLET,ND0015,002,28.967,ZCTA_NN;R6371;TIE_FIRST_LEX,ZCTA_NN_HAVERSINE;NOT_ELIGIBILITY;NOT_USPS_VALIDITY;NO_INVENTORY
58240,ZCTA_NEAREST_ACTIVE_OUTLET,ND0109,001,12.524,ZCTA_NN;R6371;TIE_FIRST_LEX,ZCTA_NN_HAVERSINE;NOT_ELIGIBILITY;NOT_USPS_VALIDITY;NO_INVENTORY
58241,ZCTA_NEAREST_ACTIVE_OUTLET,ND0016,002,10.714,ZCTA_NN;R6371;TIE_FIRST_LEX,ZCTA_NN_HAVERSINE;NOT_ELIGIBILITY;NOT_USPS_VALIDITY;NO_INVENTORY
58243,ZCTA_NEAREST_ACTIVE_OUTLET,ND0071,002,14.393,ZCTA_NN;R6371;TIE_FIRST_LEX,ZCTA_NN_HAVERSINE;NOT_ELIGIBILITY;NOT_USPS_VALIDITY;NO_INVENTORY
58244,ZCTA_NEAREST_ACTIVE_OUTLET,ND0022,002,23.040,ZCTA_NN;R6371;TIE_FIRST_LEX,ZCTA_NN_HAVERSINE;NOT_ELIGIBILITY;NOT_USPS_VALIDITY;NO_INVENTORY
58249,EXACT_IMLS_OUTLET_ZIP,ND0015,002,,EXACT_OUTLET;TIE_FSCSKEY_SEQ,EXACT_OUTLET;NOT_USPS_VALIDITY;NO_INVENTORY
58250,ZCTA_NEAREST_ACTIVE_OUTLET,ND0012,005,16.894,ZCTA_NN;R6371;TIE_FIRST_LEX,ZCTA_NN_HAVERSINE;NOT_ELIGIBILITY;NOT_USPS_VALIDITY;NO_INVENTORY
58251,EXACT_IMLS_OUTLET_ZIP,ND0022,002,,EXACT_OUTLET;TIE_FSCSKEY_SEQ,EXACT_OUTLET;NOT_USPS_VALIDITY;NO_INVENTORY
58254,EXACT_IMLS_OUTLET_ZIP,ND0108,001,,EXACT_OUTLET;TIE_FSCSKEY_SEQ,EXACT_OUTLET;NOT_USPS_VALIDITY;NO_INVENTORY
58255,ZCTA_NEAREST_ACTIVE_OUTLET,ND0015,002,26.431,ZCTA_NN;R6371;TIE_FIRST_LEX,ZCTA_NN_HAVERSINE;NOT_ELIGIBILITY;NOT_USPS_VALIDITY;NO_INVENTORY
58256,ZCTA_NEAREST_ACTIVE_OUTLET,MN0122,002,21.481,ZCTA_NN;R6371;TIE_FIRST_LEX,ZCTA_NN_HAVERSINE;NOT_ELIGIBILITY;NOT_USPS_VALIDITY;NO_INVENTORY
58257,EXACT_IMLS_OUTLET_ZIP,ND0057,002,,EXACT_OUTLET;TIE_FSCSKEY_SEQ,EXACT_OUTLET;NOT_USPS_VALIDITY;NO_INVENTORY
58258,ZCTA_NEAREST_ACTIVE_OUTLET,ND0022,002,24.379,ZCTA_NN;R6371;TIE_FIRST_LEX,ZCTA_NN_HAVERSINE;NOT_ELIGIBILITY;NOT_USPS_VALIDITY;NO_INVENTORY
58259,EXACT_IMLS_OUTLET_ZIP,ND0047,004,,EXACT_OUTLET;TIE_FSCSKEY_SEQ,EXACT_OUTLET;NOT_USPS_VALIDITY;NO_INVENTORY
58260,ZCTA_NEAREST_ACTIVE_OUTLET,ND0012,005,23.944,ZCTA_NN;R6371;TIE_FIRST_LEX,ZCTA_NN_HAVERSINE;NOT_ELIGIBILITY;NOT_USPS_VALIDITY;NO_INVENTORY
58261,ZCTA_NEAREST_ACTIVE_OUTLET,ND0012,002,20.671,ZCTA_NN;R6371;TIE_FIRST_LEX,ZCTA_NN_HAVERSINE;NOT_ELIGIBILITY;NOT_USPS_VALIDITY;NO_INVENTORY
58262,ZCTA_NEAREST_ACTIVE_OUTLET,ND0016,002,22.005,ZCTA_NN;R6371;TIE_FIRST_LEX,ZCTA_NN_HAVERSINE;NOT_ELIGIBILITY;NOT_USPS_VALIDITY;NO_INVENTORY
58265,ZCTA_NEAREST_ACTIVE_OUTLET,ND0016,002,18.171,ZCTA_NN;R6371;TIE_FIRST_LEX,ZCTA_NN_HAVERSINE;NOT_ELIGIBILITY;NOT_USPS_VALIDITY;NO_INVENTORY
58266,ZCTA_NEAREST_ACTIVE_OUTLET,ND0022,002,19.962,ZCTA_NN;R6371;TIE_FIRST_LEX,ZCTA_NN_HAVERSINE;NOT_ELIGIBILITY;NOT_USPS_VALIDITY;NO_INVENTORY
58267,EXACT_IMLS_OUTLET_ZIP,ND0109,001,,EXACT_OUTLET;TIE_FSCSKEY_SEQ,EXACT_OUTLET;NOT_USPS_VALIDITY;NO_INVENTORY
58269,ZCTA_NEAREST_ACTIVE_OUTLET,ND0015,002,17.193,ZCTA_NN;R6371;TIE_FIRST_LEX,ZCTA_NN_HAVERSINE;NOT_ELIGIBILITY;NOT_USPS_VALIDITY;NO_INVENTORY
58270,EXACT_IMLS_OUTLET_ZIP,ND0071,002,,EXACT_OUTLET;TIE_FSCSKEY_SEQ,EXACT_OUTLET;NOT_USPS_VALIDITY;NO_INVENTORY
58271,EXACT_IMLS_OUTLET_ZIP,ND0073,002,,EXACT_OUTLET;TIE_FSCSKEY_SEQ,EXACT_OUTLET;NOT_USPS_VALIDITY;NO_INVENTORY
58272,ZCTA_NEAREST_ACTIVE_OUTLET,ND0047,004,10.373,ZCTA_NN;R6371;TIE_FIRST_LEX,ZCTA_NN_HAVERSINE;NOT_ELIGIBILITY;NOT_USPS_VALIDITY;NO_INVENTORY
58273,ZCTA_NEAREST_ACTIVE_OUTLET,ND0071,002,12.544,ZCTA_NN;R6371;TIE_FIRST_LEX,ZCTA_NN_HAVERSINE;NOT_ELIGIBILITY;NOT_USPS_VALIDITY;NO_INVENTORY
58274,ZCTA_NEAREST_ACTIVE_OUTLET,ND0057,002,12.222,ZCTA_NN;R6371;TIE_FIRST_LEX,ZCTA_NN_HAVERSINE;NOT_ELIGIBILITY;NOT_USPS_VALIDITY;NO_INVENTORY
58275,ZCTA_NEAREST_ACTIVE_OUTLET,MN0034,006,23.511,ZCTA_NN;R6371;TIE_FIRST_LEX,ZCTA_NN_HAVERSINE;NOT_ELIGIBILITY;NOT_USPS_VALIDITY;NO_INVENTORY
58276,ZCTA_NEAREST_ACTIVE_OUTLET,ND0016,002,23.004,ZCTA_NN;R6371;TIE_FIRST_LEX,ZCTA_NN_HAVERSINE;NOT_ELIGIBILITY;NOT_USPS_VALIDITY;NO_INVENTORY
58277,ZCTA_NEAREST_ACTIVE_OUTLET,ND0047,005,16.656,ZCTA_NN;R6371;TIE_FIRST_LEX,ZCTA_NN_HAVERSINE;NOT_ELIGIBILITY;NOT_USPS_VALIDITY;NO_INVENTORY
58278,ZCTA_NEAREST_ACTIVE_OUTLET,ND0035,002,14.141,ZCTA_NN;R6371;TIE_FIRST_LEX,ZCTA_NN_HAVERSINE;NOT_ELIGIBILITY;NOT_USPS_VALIDITY;NO_INVENTORY
58281,ZCTA_NEAREST_ACTIVE_OUTLET,ND0015,002,20.820,ZCTA_NN;R6371;TIE_FIRST_LEX,ZCTA_NN_HAVERSINE;NOT_ELIGIBILITY;NOT_USPS_VALIDITY;NO_INVENTORY
58282,EXACT_IMLS_OUTLET_ZIP,ND0086,002,,EXACT_OUTLET;TIE_FSCSKEY_SEQ,EXACT_OUTLET;NOT_USPS_VALIDITY;NO_INVENTORY
58301,EXACT_IMLS_OUTLET_ZIP,ND0011,002,,EXACT_OUTLET;TIE_FSCSKEY_SEQ,EXACT_OUTLET;NOT_USPS_VALIDITY;NO_INVENTORY
58310,ZCTA_NEAREST_ACTIVE_OUTLET,ND0101,001,23.902,ZCTA_NN;R6371;TIE_FIRST_LEX,ZCTA_NN_HAVERSINE;NOT_ELIGIBILITY;NOT_USPS_VALIDITY;NO_INVENTORY
58311,ZCTA_NEAREST_ACTIVE_OUTLET,ND0015,002,18.553,ZCTA_NN;R6371;TIE_FIRST_LEX,ZCTA_NN_HAVERSINE;NOT_ELIGIBILITY;NOT_USPS_VALIDITY;NO_INVENTORY
58313,ZCTA_NEAREST_ACTIVE_OUTLET,ND0041,002,23.262,ZCTA_NN;R6371;TIE_FIRST_LEX,ZCTA_NN_HAVERSINE;NOT_ELIGIBILITY;NOT_USPS_VALIDITY;NO_INVENTORY
58316,ZCTA_NEAREST_ACTIVE_OUTLET,ND0075,002,13.836,ZCTA_NN;R6371;TIE_FIRST_LEX,ZCTA_NN_HAVERSINE;NOT_ELIGIBILITY;NOT_USPS_VALIDITY;NO_INVENTORY
58317,ZCTA_NEAREST_ACTIVE_OUTLET,ND0010,002,21.140,ZCTA_NN;R6371;TIE_FIRST_LEX,ZCTA_NN_HAVERSINE;NOT_ELIGIBILITY;NOT_USPS_VALIDITY;NO_INVENTORY
58318,EXACT_IMLS_OUTLET_ZIP,ND0008,002,,EXACT_OUTLET;TIE_FSCSKEY_SEQ,EXACT_OUTLET;NOT_USPS_VALIDITY;NO_INVENTORY
58321,ZCTA_NEAREST_ACTIVE_OUTLET,ND0047,002,18.036,ZCTA_NN;R6371;TIE_FIRST_LEX,ZCTA_NN_HAVERSINE;NOT_ELIGIBILITY;NOT_USPS_VALIDITY;NO_INVENTORY
58323,ZCTA_NEAREST_ACTIVE_OUTLET,ND0015,002,41.328,ZCTA_NN;R6371;TIE_FIRST_LEX,ZCTA_NN_HAVERSINE;NOT_ELIGIBILITY;NOT_USPS_VALIDITY;NO_INVENTORY
58324,EXACT_IMLS_OUTLET_ZIP,ND0010,002,,EXACT_OUTLET;TIE_FSCSKEY_SEQ,EXACT_OUTLET;NOT_USPS_VALIDITY;NO_INVENTORY
58325,ZCTA_NEAREST_ACTIVE_OUTLET,ND0010,002,22.932,ZCTA_NN;R6371;TIE_FIRST_LEX,ZCTA_NN_HAVERSINE;NOT_ELIGIBILITY;NOT_USPS_VALIDITY;NO_INVENTORY
58327,ZCTA_NEAREST_ACTIVE_OUTLET,ND0047,002,17.992,ZCTA_NN;R6371;TIE_FIRST_LEX,ZCTA_NN_HAVERSINE;NOT_ELIGIBILITY;NOT_USPS_VALIDITY;NO_INVENTORY
58329,ZCTA_NEAREST_ACTIVE_OUTLET,ND0101,001,27.861,ZCTA_NN;R6371;TIE_FIRST_LEX,ZCTA_NN_HAVERSINE;NOT_ELIGIBILITY;NOT_USPS_VALIDITY;NO_INVENTORY
58330,ZCTA_NEAREST_ACTIVE_OUTLET,ND0012,005,29.897,ZCTA_NN;R6371;TIE_FIRST_LEX,ZCTA_NN_HAVERSINE;NOT_ELIGIBILITY;NOT_USPS_VALIDITY;NO_INVENTORY
58331,ZCTA_NEAREST_ACTIVE_OUTLET,ND0010,002,18.516,ZCTA_NN;R6371;TIE_FIRST_LEX,ZCTA_NN_HAVERSINE;NOT_ELIGIBILITY;NOT_USPS_VALIDITY;NO_INVENTORY
58332,ZCTA_NEAREST_ACTIVE_OUTLET,ND0054,002,20.214,ZCTA_NN;R6371;TIE_FIRST_LEX,ZCTA_NN_HAVERSINE;NOT_ELIGIBILITY;NOT_USPS_VALIDITY;NO_INVENTORY
58335,ZCTA_NEAREST_ACTIVE_OUTLET,ND0011,002,19.848,ZCTA_NN;R6371;TIE_FIRST_LEX,ZCTA_NN_HAVERSINE;NOT_ELIGIBILITY;NOT_USPS_VALIDITY;NO_INVENTORY
58338,ZCTA_NEAREST_ACTIVE_OUTLET,ND0015,002,31.961,ZCTA_NN;R6371;TIE_FIRST_LEX,ZCTA_NN_HAVERSINE;NOT_ELIGIBILITY;NOT_USPS_VALIDITY;NO_INVENTORY
58339,ZCTA_NEAREST_ACTIVE_OUTLET,ND0075,002,25.528,ZCTA_NN;R6371;TIE_FIRST_LEX,ZCTA_NN_HAVERSINE;NOT_ELIGIBILITY;NOT_USPS_VALIDITY;NO_INVENTORY
58341,EXACT_IMLS_OUTLET_ZIP,ND0039,002,,EXACT_OUTLET;TIE_FSCSKEY_SEQ,EXACT_OUTLET;NOT_USPS_VALIDITY;NO_INVENTORY
58343,ZCTA_NEAREST_ACTIVE_OUTLET,ND0050,002,21.158,ZCTA_NN;R6371;TIE_FIRST_LEX,ZCTA_NN_HAVERSINE;NOT_ELIGIBILITY;NOT_USPS_VALIDITY;NO_INVENTORY
58344,EXACT_IMLS_OUTLET_ZIP,ND0047,002,,EXACT_OUTLET;TIE_FSCSKEY_SEQ,EXACT_OUTLET;NOT_USPS_VALIDITY;NO_INVENTORY
58345,ZCTA_NEAREST_ACTIVE_OUTLET,ND0012,005,25.621,ZCTA_NN;R6371;TIE_FIRST_LEX,ZCTA_NN_HAVERSINE;NOT_ELIGIBILITY;NOT_USPS_VALIDITY;NO_INVENTORY
58346,EXACT_IMLS_OUTLET_ZIP,ND0050,002,,EXACT_OUTLET;TIE_FSCSKEY_SEQ,EXACT_OUTLET;NOT_USPS_VALIDITY;NO_INVENTORY
58348,EXACT_IMLS_OUTLET_ZIP,ND0054,002,,EXACT_OUTLET;TIE_FSCSKEY_SEQ,EXACT_OUTLET;NOT_USPS_VALIDITY;NO_INVENTORY
58351,ZCTA_NEAREST_ACTIVE_OUTLET,ND0054,002,22.051,ZCTA_NN;R6371;TIE_FIRST_LEX,ZCTA_NN_HAVERSINE;NOT_ELIGIBILITY;NOT_USPS_VALIDITY;NO_INVENTORY
58352,ZCTA_NEAREST_ACTIVE_OUTLET,ND0010,002,34.201,ZCTA_NN;R6371;TIE_FIRST_LEX,ZCTA_NN_HAVERSINE;NOT_ELIGIBILITY;NOT_USPS_VALIDITY;NO_INVENTORY
58353,ZCTA_NEAREST_ACTIVE_OUTLET,ND0101,001,18.793,ZCTA_NN;R6371;TIE_FIRST_LEX,ZCTA_NN_HAVERSINE;NOT_ELIGIBILITY;NOT_USPS_VALIDITY;NO_INVENTORY
58355,ZCTA_NEAREST_ACTIVE_OUTLET,ND0015,002,20.193,ZCTA_NN;R6371;TIE_FIRST_LEX,ZCTA_NN_HAVERSINE;NOT_ELIGIBILITY;NOT_USPS_VALIDITY;NO_INVENTORY
58356,EXACT_IMLS_OUTLET_ZIP,ND0067,002,,EXACT_OUTLET;TIE_FSCSKEY_SEQ,EXACT_OUTLET;NOT_USPS_VALIDITY;NO_INVENTORY
58357,ZCTA_NEAREST_ACTIVE_OUTLET,ND0054,002,23.521,ZCTA_NN;R6371;TIE_FIRST_LEX,ZCTA_NN_HAVERSINE;NOT_ELIGIBILITY;NOT_USPS_VALIDITY;NO_INVENTORY
58361,ZCTA_NEAREST_ACTIVE_OUTLET,ND0108,001,14.887,ZCTA_NN;R6371;TIE_FIRST_LEX,ZCTA_NN_HAVERSINE;NOT_ELIGIBILITY;NOT_USPS_VALIDITY;NO_INVENTORY
58362,ZCTA_NEAREST_ACTIVE_OUTLET,ND0011,002,19.697,ZCTA_NN;R6371;TIE_FIRST_LEX,ZCTA_NN_HAVERSINE;NOT_ELIGIBILITY;NOT_USPS_VALIDITY;NO_INVENTORY
58363,ZCTA_NEAREST_ACTIVE_OUTLET,ND0075,002,14.732,ZCTA_NN;R6371;TIE_FIRST_LEX,ZCTA_NN_HAVERSINE;NOT_ELIGIBILITY;NOT_USPS_VALIDITY;NO_INVENTORY
58365,ZCTA_NEAREST_ACTIVE_OUTLET,ND0075,002,28.093,ZCTA_NN;R6371;TIE_FIRST_LEX,ZCTA_NN_HAVERSINE;NOT_ELIGIBILITY;NOT_USPS_VALIDITY;NO_INVENTORY
58366,EXACT_IMLS_OUTLET_ZIP,ND0101,001,,EXACT_OUTLET;TIE_FSCSKEY_SEQ,EXACT_OUTLET;NOT_USPS_VALIDITY;NO_INVENTORY
58367,EXACT_IMLS_OUTLET_ZIP,ND0075,002,,EXACT_OUTLET;TIE_FSCSKEY_SEQ,EXACT_OUTLET;NOT_USPS_VALIDITY;NO_INVENTORY
58368,EXACT_IMLS_OUTLET_ZIP,ND0041,002,,EXACT_OUTLET;TIE_FSCSKEY_SEQ,EXACT_OUTLET;NOT_USPS_VALIDITY;NO_INVENTORY
58369,ZCTA_NEAREST_ACTIVE_OUTLET,ND0075,002,18.359,ZCTA_NN;R6371;TIE_FIRST_LEX,ZCTA_NN_HAVERSINE;NOT_ELIGIBILITY;NOT_USPS_VALIDITY;NO_INVENTORY
58370,ZCTA_NEAREST_ACTIVE_OUTLET,ND0011,002,14.432,ZCTA_NN;R6371;TIE_FIRST_LEX,ZCTA_NN_HAVERSINE;NOT_ELIGIBILITY;NOT_USPS_VALIDITY;NO_INVENTORY
58372,ZCTA_NEAREST_ACTIVE_OUTLET,ND0075,002,45.049,ZCTA_NN;R6371;TIE_FIRST_LEX,ZCTA_NN_HAVERSINE;NOT_ELIGIBILITY;NOT_USPS_VALIDITY;NO_INVENTORY
58374,ZCTA_NEAREST_ACTIVE_OUTLET,ND0067,002,16.273,ZCTA_NN;R6371;TIE_FIRST_LEX,ZCTA_NN_HAVERSINE;NOT_ELIGIBILITY;NOT_USPS_VALIDITY;NO_INVENTORY
58377,ZCTA_NEAREST_ACTIVE_OUTLET,ND0010,002,24.442,ZCTA_NN;R6371;TIE_FIRST_LEX,ZCTA_NN_HAVERSINE;NOT_ELIGIBILITY;NOT_USPS_VALIDITY;NO_INVENTORY
58379,ZCTA_NEAREST_ACTIVE_OUTLET,ND0011,002,24.426,ZCTA_NN;R6371;TIE_FIRST_LEX,ZCTA_NN_HAVERSINE;NOT_ELIGIBILITY;NOT_USPS_VALIDITY;NO_INVENTORY
58380,ZCTA_NEAREST_ACTIVE_OUTLET,ND0108,001,25.079,ZCTA_NN;R6371;TIE_FIRST_LEX,ZCTA_NN_HAVERSINE;NOT_ELIGIBILITY;NOT_USPS_VALIDITY;NO_INVENTORY
58381,ZCTA_NEAREST_ACTIVE_OUTLET,ND0011,002,33.181,ZCTA_NN;R6371;TIE_FIRST_LEX,ZCTA_NN_HAVERSINE;NOT_ELIGIBILITY;NOT_USPS_VALIDITY;NO_INVENTORY
58382,ZCTA_NEAREST_ACTIVE_OUTLET,ND0011,002,23.027,ZCTA_NN;R6371;TIE_FIRST_LEX,ZCTA_NN_HAVERSINE;NOT_ELIGIBILITY;NOT_USPS_VALIDITY;NO_INVENTORY
58384,ZCTA_NEAREST_ACTIVE_OUTLET,ND0008,002,29.064,ZCTA_NN;R6371;TIE_FIRST_LEX,ZCTA_NN_HAVERSINE;NOT_ELIGIBILITY;NOT_USPS_VALIDITY;NO_INVENTORY
58385,ZCTA_NEAREST_ACTIVE_OUTLET,ND0050,002,25.244,ZCTA_NN;R6371;TIE_FIRST_LEX,ZCTA_NN_HAVERSINE;NOT_ELIGIBILITY;NOT_USPS_VALIDITY;NO_INVENTORY
58386,ZCTA_NEAREST_ACTIVE_OUTLET,ND0050,002,11.964,ZCTA_NN;R6371;TIE_FIRST_LEX,ZCTA_NN_HAVERSINE;NOT_ELIGIBILITY;NOT_USPS_VALIDITY;NO_INVENTORY
