39323,ZCTA_NEAREST_ACTIVE_OUTLET,MS0023,004,20.348,ZCTA_NN;R6371;TIE_FIRST_LEX,ZCTA_NN_HAVERSINE;NOT_ELIGIBILITY;NOT_USPS_VALIDITY;NO_INVENTORY
39324,ZCTA_NEAREST_ACTIVE_OUTLET,MS8002,001,12.380,ZCTA_NN;R6371;TIE_FIRST_LEX,ZCTA_NN_HAVERSINE;NOT_ELIGIBILITY;NOT_USPS_VALIDITY;NO_INVENTORY
39325,ZCTA_NEAREST_ACTIVE_OUTLET,MS0023,002,22.584,ZCTA_NN;R6371;TIE_FIRST_LEX,ZCTA_NN_HAVERSINE;NOT_ELIGIBILITY;NOT_USPS_VALIDITY;NO_INVENTORY
39326,ZCTA_NEAREST_ACTIVE_OUTLET,MS0023,006,18.256,ZCTA_NN;R6371;TIE_FIRST_LEX,ZCTA_NN_HAVERSINE;NOT_ELIGIBILITY;NOT_USPS_VALIDITY;NO_INVENTORY
39327,EXACT_IMLS_OUTLET_ZIP,MS0023,004,,EXACT_OUTLET;TIE_FSCSKEY_SEQ,EXACT_OUTLET;NOT_USPS_VALIDITY;NO_INVENTORY
39328,EXACT_IMLS_OUTLET_ZIP,MS0023,006,,EXACT_OUTLET;TIE_FSCSKEY_SEQ,EXACT_OUTLET;NOT_USPS_VALIDITY;NO_INVENTORY
39330,EXACT_IMLS_OUTLET_ZIP,MS0010,005,,EXACT_OUTLET;TIE_FSCSKEY_SEQ,EXACT_OUTLET;NOT_USPS_VALIDITY;NO_INVENTORY
39332,ZCTA_NEAREST_ACTIVE_OUTLET,MS0023,007,15.782,ZCTA_NN;R6371;TIE_FIRST_LEX,ZCTA_NN_HAVERSINE;NOT_ELIGIBILITY;NOT_USPS_VALIDITY;NO_INVENTORY
39335,ZCTA_NEAREST_ACTIVE_OUTLET,AL0151,002,19.228,ZCTA_NN;R6371;TIE_FIRST_LEX,ZCTA_NN_HAVERSINE;NOT_ELIGIBILITY;NOT_USPS_VALIDITY;NO_INVENTORY
39336,ZCTA_NEAREST_ACTIVE_OUTLET,MS0006,010,7.796,ZCTA_NN;R6371;TIE_FIRST_LEX,ZCTA_NN_HAVERSINE;NOT_ELIGIBILITY;NOT_USPS_VALIDITY;NO_INVENTORY
39337,ZCTA_NEAREST_ACTIVE_OUTLET,MS0023,002,12.877,ZCTA_NN;R6371;TIE_FIRST_LEX,ZCTA_NN_HAVERSINE;NOT_ELIGIBILITY;NOT_USPS_VALIDITY;NO_INVENTORY
39338,ZCTA_NEAREST_ACTIVE_OUTLET,MS0010,003,15.889,ZCTA_NN;R6371;TIE_FIRST_LEX,ZCTA_NN_HAVERSINE;NOT_ELIGIBILITY;NOT_USPS_VALIDITY;NO_INVENTORY
39339,EXACT_IMLS_OUTLET_ZIP,MS0033,014,,EXACT_OUTLET;TIE_FSCSKEY_SEQ,EXACT_OUTLET;NOT_USPS_VALIDITY;NO_INVENTORY
39341,EXACT_IMLS_OUTLET_ZIP,MS0036,002,,EXACT_OUTLET;TIE_FSCSKEY_SEQ,EXACT_OUTLET;NOT_USPS_VALIDITY;NO_INVENTORY
39342,ZCTA_NEAREST_ACTIVE_OUTLET,MS0032,002,8.478,ZCTA_NN;R6371;TIE_FIRST_LEX,ZCTA_NN_HAVERSINE;NOT_ELIGIBILITY;NOT_USPS_VALIDITY;NO_INVENTORY
39345,EXACT_IMLS_OUTLET_ZIP,MS0023,007,,EXACT_OUTLET;TIE_FSCSKEY_SEQ,EXACT_OUTLET;NOT_USPS_VALIDITY;NO_INVENTORY
39346,ZCTA_NEAREST_ACTIVE_OUTLET,MS0033,014,18.309,ZCTA_NN;R6371;TIE_FIRST_LEX,ZCTA_NN_HAVERSINE;NOT_ELIGIBILITY;NOT_USPS_VALIDITY;NO_INVENTORY
39347,EXACT_IMLS_OUTLET_ZIP,MS0010,008,,EXACT_OUTLET;TIE_FSCSKEY_SEQ,EXACT_OUTLET;NOT_USPS_VALIDITY;NO_INVENTORY
39348,ZCTA_NEAREST_ACTIVE_OUTLET,MS0010,007,11.254,ZCTA_NN;R6371;TIE_FIRST_LEX,ZCTA_NN_HAVERSINE;NOT_ELIGIBILITY;NOT_USPS_VALIDITY;NO_INVENTORY
39350,EXACT_IMLS_OUTLET_ZIP,MS0034,002,,EXACT_OUTLET;TIE_FSCSKEY_SEQ,EXACT_OUTLET;NOT_USPS_VALIDITY;NO_INVENTORY
39352,ZCTA_NEAREST_ACTIVE_OUTLET,MS0023,008,17.434,ZCTA_NN;R6371;TIE_FIRST_LEX,ZCTA_NN_HAVERSINE;NOT_ELIGIBILITY;NOT_USPS_VALIDITY;NO_INVENTORY
39354,ZCTA_NEAREST_ACTIVE_OUTLET,MS0023,006,21.320,ZCTA_NN;R6371;TIE_FIRST_LEX,ZCTA_NN_HAVERSINE;NOT_ELIGIBILITY;NOT_USPS_VALIDITY;NO_INVENTORY
39355,EXACT_IMLS_OUTLET_ZIP,MS0010,002,,EXACT_OUTLET;TIE_FSCSKEY_SEQ,EXACT_OUTLET;NOT_USPS_VALIDITY;NO_INVENTORY
39356,ZCTA_NEAREST_ACTIVE_OUTLET,MS0010,008,17.782,ZCTA_NN;R6371;TIE_FIRST_LEX,ZCTA_NN_HAVERSINE;NOT_ELIGIBILITY;NOT_USPS_VALIDITY;NO_INVENTORY
39358,EXACT_IMLS_OUTLET_ZIP,MS0023,008,,EXACT_OUTLET;TIE_FSCSKEY_SEQ,EXACT_OUTLET;NOT_USPS_VALIDITY;NO_INVENTORY
39359,EXACT_IMLS_OUTLET_ZIP,MS0006,021,,EXACT_OUTLET;TIE_FSCSKEY_SEQ,EXACT_OUTLET;NOT_USPS_VALIDITY;NO_INVENTORY
39360,ZCTA_NEAREST_ACTIVE_OUTLET,MS0010,002,19.498,ZCTA_NN;R6371;TIE_FIRST_LEX,ZCTA_NN_HAVERSINE;NOT_ELIGIBILITY;NOT_USPS_VALIDITY;NO_INVENTORY
39361,EXACT_IMLS_OUTLET_ZIP,MS0036,004,,EXACT_OUTLET;TIE_FSCSKEY_SEQ,EXACT_OUTLET;NOT_USPS_VALIDITY;NO_INVENTORY
39362,EXACT_IMLS_OUTLET_ZIP,MS0041,015,,EXACT_OUTLET;TIE_FSCSKEY_SEQ,EXACT_OUTLET;NOT_USPS_VALIDITY;NO_INVENTORY
39363,EXACT_IMLS_OUTLET_ZIP,MS0010,010,,EXACT_OUTLET;TIE_FSCSKEY_SEQ,EXACT_OUTLET;NOT_USPS_VALIDITY;NO_INVENTORY
39364,ZCTA_NEAREST_ACTIVE_OUTLET,AL0151,002,20.105,ZCTA_NN;R6371;TIE_FIRST_LEX,ZCTA_NN_HAVERSINE;NOT_ELIGIBILITY;NOT_USPS_VALIDITY;NO_INVENTORY
39365,EXACT_IMLS_OUTLET_ZIP,MS0023,002,,EXACT_OUTLET;TIE_FSCSKEY_SEQ,EXACT_OUTLET;NOT_USPS_VALIDITY;NO_INVENTORY
39366,ZCTA_NEAREST_ACTIVE_OUTLET,MS0010,007,10.221,ZCTA_NN;R6371;TIE_FIRST_LEX,ZCTA_NN_HAVERSINE;NOT_ELIGIBILITY;NOT_USPS_VALIDITY;NO_INVENTORY
39367,EXACT_IMLS_OUTLET_ZIP,MS8002,001,,EXACT_OUTLET;TIE_FSCSKEY_SEQ,EXACT_OUTLET;NOT_USPS_VALIDITY;NO_INVENTORY
39401,EXACT_IMLS_OUTLET_ZIP,MS0017,002,,EXACT_OUTLET;TIE_FSCSKEY_SEQ,EXACT_OUTLET;NOT_USPS_VALIDITY;NO_INVENTORY
39402,EXACT_IMLS_OUTLET_ZIP,MS8001,004,,EXACT_OUTLET;TIE_FSCSKEY_SEQ,EXACT_OUTLET;NOT_USPS_VALIDITY;NO_INVENTORY
39403,OBSERVED_REFERENCE_INDIRECT_ONLY,,,,INDIRECT_IMLS_SC;NO_FABRICATED_NEAREST,INDIRECT_IMLS_SC;NO_FABRICATED_NEAREST;NOT_REJECTED;NOT_USPS_VALIDITY;NO_INVENTORY
39404,OBSERVED_REFERENCE_INDIRECT_ONLY,,,,INDIRECT_IMLS_SC;NO_FABRICATED_NEAREST,INDIRECT_IMLS_SC;NO_FABRICATED_NEAREST;NOT_REJECTED;NOT_USPS_VALIDITY;NO_INVENTORY
39406,ZCTA_NEAREST_ACTIVE_OUTLET,MS0017,002,3.756,ZCTA_NN;R6371;TIE_FIRST_LEX,ZCTA_NN_HAVERSINE;NOT_ELIGIBILITY;NOT_USPS_VALIDITY;NO_INVENTORY
39407,OBSERVED_REFERENCE_INDIRECT_ONLY,,,,INDIRECT_IMLS_SC;NO_FABRICATED_NEAREST,INDIRECT_IMLS_SC;NO_FABRICATED_NEAREST;NOT_REJECTED;NOT_USPS_VALIDITY;NO_INVENTORY
39421,EXACT_IMLS_OUTLET_ZIP,MS0043,003,,EXACT_OUTLET;TIE_FSCSKEY_SEQ,EXACT_OUTLET;NOT_USPS_VALIDITY;NO_INVENTORY
39422,EXACT_IMLS_OUTLET_ZIP,MS0010,003,,EXACT_OUTLET;TIE_FSCSKEY_SEQ,EXACT_OUTLET;NOT_USPS_VALIDITY;NO_INVENTORY
39423,ZCTA_NEAREST_ACTIVE_OUTLET,MS0041,009,11.141,ZCTA_NN;R6371;TIE_FIRST_LEX,ZCTA_NN_HAVERSINE;NOT_ELIGIBILITY;NOT_USPS_VALIDITY;NO_INVENTORY
39425,ZCTA_NEAREST_ACTIVE_OUTLET,MS0041,009,22.741,ZCTA_NN;R6371;TIE_FIRST_LEX,ZCTA_NN_HAVERSINE;NOT_ELIGIBILITY;NOT_USPS_VALIDITY;NO_INVENTORY
39426,ZCTA_NEAREST_ACTIVE_OUTLET,MS0039,002,14.221,ZCTA_NN;R6371;TIE_FIRST_LEX,ZCTA_NN_HAVERSINE;NOT_ELIGIBILITY;NOT_USPS_VALIDITY;NO_INVENTORY
39427,ZCTA_NEAREST_ACTIVE_OUTLET,MS0043,003,8.524,ZCTA_NN;R6371;TIE_FIRST_LEX,ZCTA_NN_HAVERSINE;NOT_ELIGIBILITY;NOT_USPS_VALIDITY;NO_INVENTORY
39428,EXACT_IMLS_OUTLET_ZIP,MS0051,001,,EXACT_OUTLET;TIE_FSCSKEY_SEQ,EXACT_OUTLET;NOT_USPS_VALIDITY;NO_INVENTORY
39429,EXACT_IMLS_OUTLET_ZIP,MS0043,002,,EXACT_OUTLET;TIE_FSCSKEY_SEQ,EXACT_OUTLET;NOT_USPS_VALIDITY;NO_INVENTORY
39437,EXACT_IMLS_OUTLET_ZIP,MS0024,003,,EXACT_OUTLET;TIE_FSCSKEY_SEQ,EXACT_OUTLET;NOT_USPS_VALIDITY;NO_INVENTORY
39439,EXACT_IMLS_OUTLET_ZIP,MS0010,007,,EXACT_OUTLET;TIE_FSCSKEY_SEQ,EXACT_OUTLET;NOT_USPS_VALIDITY;NO_INVENTORY
39440,EXACT_IMLS_OUTLET_ZIP,MS0024,002,,EXACT_OUTLET;TIE_FSCSKEY_SEQ,EXACT_OUTLET;NOT_USPS_VALIDITY;NO_INVENTORY
39441,OBSERVED_REFERENCE_INDIRECT_ONLY,,,,INDIRECT_IMLS_SC;NO_FABRICATED_NEAREST,INDIRECT_IMLS_SC;NO_FABRICATED_NEAREST;NOT_REJECTED;NOT_USPS_VALIDITY;NO_INVENTORY
39442,OBSERVED_REFERENCE_INDIRECT_ONLY,,,,INDIRECT_IMLS_SC;NO_FABRICATED_NEAREST,INDIRECT_IMLS_SC;NO_FABRICATED_NEAREST;NOT_REJECTED;NOT_USPS_VALIDITY;NO_INVENTORY
39443,ZCTA_NEAREST_ACTIVE_OUTLET,MS0024,002,5.809,ZCTA_NN;R6371;TIE_FIRST_LEX,ZCTA_NN_HAVERSINE;NOT_ELIGIBILITY;NOT_USPS_VALIDITY;NO_INVENTORY
39451,EXACT_IMLS_OUTLET_ZIP,MS0041,006,,EXACT_OUTLET;TIE_FSCSKEY_SEQ,EXACT_OUTLET;NOT_USPS_VALIDITY;NO_INVENTORY
39452,EXACT_IMLS_OUTLET_ZIP,MS0020,005,,EXACT_OUTLET;TIE_FSCSKEY_SEQ,EXACT_OUTLET;NOT_USPS_VALIDITY;NO_INVENTORY
39455,EXACT_IMLS_OUTLET_ZIP,MS8001,002,,EXACT_OUTLET;TIE_FSCSKEY_SEQ,EXACT_OUTLET;NOT_USPS_VALIDITY;NO_INVENTORY
39456,EXACT_IMLS_OUTLET_ZIP,MS0041,009,,EXACT_OUTLET;TIE_FSCSKEY_SEQ,EXACT_OUTLET;NOT_USPS_VALIDITY;NO_INVENTORY
39459,ZCTA_NEAREST_ACTIVE_OUTLET,MS0024,003,16.663,ZCTA_NN;R6371;TIE_FIRST_LEX,ZCTA_NN_HAVERSINE;NOT_ELIGIBILITY;NOT_USPS_VALIDITY;NO_INVENTORY
39461,ZCTA_NEAREST_ACTIVE_OUTLET,MS0041,009,13.942,ZCTA_NN;R6371;TIE_FIRST_LEX,ZCTA_NN_HAVERSINE;NOT_ELIGIBILITY;NOT_USPS_VALIDITY;NO_INVENTORY
39462,ZCTA_NEAREST_ACTIVE_OUTLET,MS0041,002,17.326,ZCTA_NN;R6371;TIE_FIRST_LEX,ZCTA_NN_HAVERSINE;NOT_ELIGIBILITY;NOT_USPS_VALIDITY;NO_INVENTORY
39464,ZCTA_NEAREST_ACTIVE_OUTLET,MS0024,003,17.663,ZCTA_NN;R6371;TIE_FIRST_LEX,ZCTA_NN_HAVERSINE;NOT_ELIGIBILITY;NOT_USPS_VALIDITY;NO_INVENTORY
39465,EXACT_IMLS_OUTLET_ZIP,MS0017,003,,EXACT_OUTLET;TIE_FSCSKEY_SEQ,EXACT_OUTLET;NOT_USPS_VALIDITY;NO_INVENTORY
39466,EXACT_IMLS_OUTLET_ZIP,MS0039,002,,EXACT_OUTLET;TIE_FSCSKEY_SEQ,EXACT_OUTLET;NOT_USPS_VALIDITY;NO_INVENTORY
39470,EXACT_IMLS_OUTLET_ZIP,MS0039,003,,EXACT_OUTLET;TIE_FSCSKEY_SEQ,EXACT_OUTLET;NOT_USPS_VALIDITY;NO_INVENTORY
39474,EXACT_IMLS_OUTLET_ZIP,MS0043,004,,EXACT_OUTLET;TIE_FSCSKEY_SEQ,EXACT_OUTLET;NOT_USPS_VALIDITY;NO_INVENTORY
39475,EXACT_IMLS_OUTLET_ZIP,MS8001,003,,EXACT_OUTLET;TIE_FSCSKEY_SEQ,EXACT_OUTLET;NOT_USPS_VALIDITY;NO_INVENTORY
39476,EXACT_IMLS_OUTLET_ZIP,MS0041,002,,EXACT_OUTLET;TIE_FSCSKEY_SEQ,EXACT_OUTLET;NOT_USPS_VALIDITY;NO_INVENTORY
39477,ZCTA_NEAREST_ACTIVE_OUTLET,MS0010,007,11.962,ZCTA_NN;R6371;TIE_FIRST_LEX,ZCTA_NN_HAVERSINE;NOT_ELIGIBILITY;NOT_USPS_VALIDITY;NO_INVENTORY
39478,ZCTA_NEAREST_ACTIVE_OUTLET,LA0035,007,18.984,ZCTA_NN;R6371;TIE_FIRST_LEX,ZCTA_NN_HAVERSINE;NOT_ELIGIBILITY;NOT_USPS_VALIDITY;NO_INVENTORY
39479,EXACT_IMLS_OUTLET_ZIP,MS0051,003,,EXACT_OUTLET;TIE_FSCSKEY_SEQ,EXACT_OUTLET;NOT_USPS_VALIDITY;NO_INVENTORY
39480,ZCTA_NEAREST_ACTIVE_OUTLET,MS0024,003,16.073,ZCTA_NN;R6371;TIE_FIRST_LEX,ZCTA_NN_HAVERSINE;NOT_ELIGIBILITY;NOT_USPS_VALIDITY;NO_INVENTORY
39481,ZCTA_NEAREST_ACTIVE_OUTLET,MS0010,003,12.492,ZCTA_NN;R6371;TIE_FIRST_LEX,ZCTA_NN_HAVERSINE;NOT_ELIGIBILITY;NOT_USPS_VALIDITY;NO_INVENTORY
39482,EXACT_IMLS_OUTLET_ZIP,MS8001,001,,EXACT_OUTLET;TIE_FSCSKEY_SEQ,EXACT_OUTLET;NOT_USPS_VALIDITY;NO_INVENTORY
39483,ZCTA_NEAREST_ACTIVE_OUTLET,MS0043,002,10.451,ZCTA_NN;R6371;TIE_FIRST_LEX,ZCTA_NN_HAVERSINE;NOT_ELIGIBILITY;NOT_USPS_VALIDITY;NO_INVENTORY
39501,EXACT_IMLS_OUTLET_ZIP,MS0016,010,,EXACT_OUTLET;TIE_FSCSKEY_SEQ,EXACT_OUTLET;NOT_USPS_VALIDITY;NO_INVENTORY
39502,OBSERVED_REFERENCE_INDIRECT_ONLY,,,,INDIRECT_IMLS_SC;NO_FABRICATED_NEAREST,INDIRECT_IMLS_SC;NO_FABRICATED_NEAREST;NOT_REJECTED;NOT_USPS_VALIDITY;NO_INVENTORY
39503,EXACT_IMLS_OUTLET_ZIP,MS0016,006,,EXACT_OUTLET;TIE_FSCSKEY_SEQ,EXACT_OUTLET;NOT_USPS_VALIDITY;NO_INVENTORY
39505,EXACT_IMLS_OUTLET_ZIP,MS0016,007,,EXACT_OUTLET;TIE_FSCSKEY_SEQ,EXACT_OUTLET;NOT_USPS_VALIDITY;NO_INVENTORY
39506,OBSERVED_REFERENCE_INDIRECT_ONLY,,,,INDIRECT_IMLS_SC;NO_FABRICATED_NEAREST,INDIRECT_IMLS_SC;NO_FABRICATED_NEAREST;NOT_REJECTED;NOT_USPS_VALIDITY;NO_INVENTORY
39507,ZCTA_NEAREST_ACTIVE_OUTLET,MS0016,010,6.448,ZCTA_NN;R6371;TIE_FIRST_LEX,ZCTA_NN_HAVERSINE;NOT_ELIGIBILITY;NOT_USPS_VALIDITY;NO_INVENTORY
39520,EXACT_IMLS_OUTLET_ZIP,MS0014,002,,EXACT_OUTLET;TIE_FSCSKEY_SEQ,EXACT_OUTLET;NOT_USPS_VALIDITY;NO_INVENTORY
39521,OBSERVED_REFERENCE_INDIRECT_ONLY,,,,INDIRECT_IMLS_SC;NO_FABRICATED_NEAREST,INDIRECT_IMLS_SC;NO_FABRICATED_NEAREST;NOT_REJECTED;NOT_USPS_VALIDITY;NO_INVENTORY
39522,OBSERVED_REFERENCE_INDIRECT_ONLY,,,,INDIRECT_IMLS_SC;NO_FABRICATED_NEAREST,INDIRECT_IMLS_SC;NO_FABRICATED_NEAREST;NOT_REJECTED;NOT_USPS_VALIDITY;NO_INVENTORY
39525,EXACT_IMLS_OUTLET_ZIP,MS0014,006,,EXACT_OUTLET;TIE_FSCSKEY_SEQ,EXACT_OUTLET;NOT_USPS_VALIDITY;NO_INVENTORY
39529,ZCTA_NEAREST_ACTIVE_OUTLET,MS0014,005,13.403,ZCTA_NN;R6371;TIE_FIRST_LEX,ZCTA_NN_HAVERSINE;NOT_ELIGIBILITY;NOT_USPS_VALIDITY;NO_INVENTORY
39530,EXACT_IMLS_OUTLET_ZIP,MS0016,013,,EXACT_OUTLET;TIE_FSCSKEY_SEQ,EXACT_OUTLET;NOT_USPS_VALIDITY;NO_INVENTORY
39531,EXACT_IMLS_OUTLET_ZIP,MS0016,009,,EXACT_OUTLET;TIE_FSCSKEY_SEQ,EXACT_OUTLET;NOT_USPS_VALIDITY;NO_INVENTORY
39532,EXACT_IMLS_OUTLET_ZIP,MS0016,008,,EXACT_OUTLET;TIE_FSCSKEY_SEQ,EXACT_OUTLET;NOT_USPS_VALIDITY;NO_INVENTORY
39533,OBSERVED_REFERENCE_INDIRECT_ONLY,,,,INDIRECT_IMLS_SC;NO_FABRICATED_NEAREST,INDIRECT_IMLS_SC;NO_FABRICATED_NEAREST;NOT_REJECTED;NOT_USPS_VALIDITY;NO_INVENTORY
39534,ZCTA_NEAREST_ACTIVE_OUTLET,MS0016,004,3.596,ZCTA_NN;R6371;TIE_FIRST_LEX,ZCTA_NN_HAVERSINE;NOT_ELIGIBILITY;NOT_USPS_VALIDITY;NO_INVENTORY
39535,OBSERVED_REFERENCE_INDIRECT_ONLY,,,,INDIRECT_IMLS_SC;NO_FABRICATED_NEAREST,INDIRECT_IMLS_SC;NO_FABRICATED_NEAREST;NOT_REJECTED;NOT_USPS_VALIDITY;NO_INVENTORY
39540,EXACT_IMLS_OUTLET_ZIP,MS0016,004,,EXACT_OUTLET;TIE_FSCSKEY_SEQ,EXACT_OUTLET;NOT_USPS_VALIDITY;NO_INVENTORY
39552,OBSERVED_REFERENCE_INDIRECT_ONLY,,,,INDIRECT_IMLS_SC;NO_FABRICATED_NEAREST,INDIRECT_IMLS_SC;NO_FABRICATED_NEAREST;NOT_REJECTED;NOT_USPS_VALIDITY;NO_INVENTORY
39553,EXACT_IMLS_OUTLET_ZIP,MS0020,004,,EXACT_OUTLET;TIE_FSCSKEY_SEQ,EXACT_OUTLET;NOT_USPS_VALIDITY;NO_INVENTORY
39555,OBSERVED_REFERENCE_INDIRECT_ONLY,,,,INDIRECT_IMLS_SC;NO_FABRICATED_NEAREST,INDIRECT_IMLS_SC;NO_FABRICATED_NEAREST;NOT_REJECTED;NOT_USPS_VALIDITY;NO_INVENTORY
39556,EXACT_IMLS_OUTLET_ZIP,MS0014,003,,EXACT_OUTLET;TIE_FSCSKEY_SEQ,EXACT_OUTLET;NOT_USPS_VALIDITY;NO_INVENTORY
39558,OBSERVED_REFERENCE_INDIRECT_ONLY,,,,INDIRECT_IMLS_SC;NO_FABRICATED_NEAREST,INDIRECT_IMLS_SC;NO_FABRICATED_NEAREST;NOT_REJECTED;NOT_USPS_VALIDITY;NO_INVENTORY
39560,EXACT_IMLS_OUTLET_ZIP,MS0027,002,,EXACT_OUTLET;TIE_FSCSKEY_SEQ,EXACT_OUTLET;NOT_USPS_VALIDITY;NO_INVENTORY
39561,EXACT_IMLS_OUTLET_ZIP,MS0041,008,,EXACT_OUTLET;TIE_FSCSKEY_SEQ,EXACT_OUTLET;NOT_USPS_VALIDITY;NO_INVENTORY
39562,EXACT_IMLS_OUTLET_ZIP,MS0020,003,,EXACT_OUTLET;TIE_FSCSKEY_SEQ,EXACT_OUTLET;NOT_USPS_VALIDITY;NO_INVENTORY
39563,EXACT_IMLS_OUTLET_ZIP,MS0020,006,,EXACT_OUTLET;TIE_FSCSKEY_SEQ,EXACT_OUTLET;NOT_USPS_VALIDITY;NO_INVENTORY
39564,EXACT_IMLS_OUTLET_ZIP,MS0020,007,,EXACT_OUTLET;TIE_FSCSKEY_SEQ,EXACT_OUTLET;NOT_USPS_VALIDITY;NO_INVENTORY
39565,EXACT_IMLS_OUTLET_ZIP,MS0020,009,,EXACT_OUTLET;TIE_FSCSKEY_SEQ,EXACT_OUTLET;NOT_USPS_VALIDITY;NO_INVENTORY
39566,OBSERVED_REFERENCE_INDIRECT_ONLY,,,,INDIRECT_IMLS_SC;NO_FABRICATED_NEAREST,INDIRECT_IMLS_SC;NO_FABRICATED_NEAREST;NOT_REJECTED;NOT_USPS_VALIDITY;NO_INVENTORY
39567,EXACT_IMLS_OUTLET_ZIP,MS0020,002,,EXACT_OUTLET;TIE_FSCSKEY_SEQ,EXACT_OUTLET;NOT_USPS_VALIDITY;NO_INVENTORY
39568,OBSERVED_REFERENCE_INDIRECT_ONLY,,,,INDIRECT_IMLS_SC;NO_FABRICATED_NEAREST,INDIRECT_IMLS_SC;NO_FABRICATED_NEAREST;NOT_REJECTED;NOT_USPS_VALIDITY;NO_INVENTORY
39569,OBSERVED_REFERENCE_INDIRECT_ONLY,,,,INDIRECT_IMLS_SC;NO_FABRICATED_NEAREST,INDIRECT_IMLS_SC;NO_FABRICATED_NEAREST;NOT_REJECTED;NOT_USPS_VALIDITY;NO_INVENTORY
39571,ZCTA_NEAREST_ACTIVE_OUTLET,MS0014,006,10.302,ZCTA_NN;R6371;TIE_FIRST_LEX,ZCTA_NN_HAVERSINE;NOT_ELIGIBILITY;NOT_USPS_VALIDITY;NO_INVENTORY
39572,EXACT_IMLS_OUTLET_ZIP,MS0014,005,,EXACT_OUTLET;TIE_FSCSKEY_SEQ,EXACT_OUTLET;NOT_USPS_VALIDITY;NO_INVENTORY
39573,ZCTA_NEAREST_ACTIVE_OUTLET,MS0041,008,5.247,ZCTA_NN;R6371;TIE_FIRST_LEX,ZCTA_NN_HAVERSINE;NOT_ELIGIBILITY;NOT_USPS_VALIDITY;NO_INVENTORY
39574,EXACT_IMLS_OUTLET_ZIP,MS0016,012,,EXACT_OUTLET;TIE_FSCSKEY_SEQ,EXACT_OUTLET;NOT_USPS_VALIDITY;NO_INVENTORY
39576,EXACT_IMLS_OUTLET_ZIP,MS0014,004,,EXACT_OUTLET;TIE_FSCSKEY_SEQ,EXACT_OUTLET;NOT_USPS_VALIDITY;NO_INVENTORY
39577,EXACT_IMLS_OUTLET_ZIP,MS0041,016,,EXACT_OUTLET;TIE_FSCSKEY_SEQ,EXACT_OUTLET;NOT_USPS_VALIDITY;NO_INVENTORY
39581,ZCTA_NEAREST_ACTIVE_OUTLET,MS0020,002,6.308,ZCTA_NN;R6371;TIE_FIRST_LEX,ZCTA_NN_HAVERSINE;NOT_ELIGIBILITY;NOT_USPS_VALIDITY;NO_INVENTORY
39595,ZCTA_NEAREST_ACTIVE_OUTLET,MS0020,002,4.169,ZCTA_NN;R6371;TIE_FIRST_LEX,ZCTA_NN_HAVERSINE;NOT_ELIGIBILITY;NOT_USPS_VALIDITY;NO_INVENTORY
39601,EXACT_IMLS_OUTLET_ZIP,MS0026,002,,EXACT_OUTLET;TIE_FSCSKEY_SEQ,EXACT_OUTLET;NOT_USPS_VALIDITY;NO_INVENTORY
39602,OBSERVED_REFERENCE_INDIRECT_ONLY,,,,INDIRECT_IMLS_SC;NO_FABRICATED_NEAREST,INDIRECT_IMLS_SC;NO_FABRICATED_NEAREST;NOT_REJECTED;NOT_USPS_VALIDITY;NO_INVENTORY
39603,OBSERVED_REFERENCE_INDIRECT_ONLY,,,,INDIRECT_IMLS_SC;NO_FABRICATED_NEAREST,INDIRECT_IMLS_SC;NO_FABRICATED_NEAREST;NOT_REJECTED;NOT_USPS_VALIDITY;NO_INVENTORY
39629,ZCTA_NEAREST_ACTIVE_OUTLET,MS0026,002,15.957,ZCTA_NN;R6371;TIE_FIRST_LEX,ZCTA_NN_HAVERSINE;NOT_ELIGIBILITY;NOT_USPS_VALIDITY;NO_INVENTORY
39630,ZCTA_NEAREST_ACTIVE_OUTLET,MS0026,004,4.556,ZCTA_NN;R6371;TIE_FIRST_LEX,ZCTA_NN_HAVERSINE;NOT_ELIGIBILITY;NOT_USPS_VALIDITY;NO_INVENTORY
39631,EXACT_IMLS_OUTLET_ZIP,MS0052,004,,EXACT_OUTLET;TIE_FSCSKEY_SEQ,EXACT_OUTLET;NOT_USPS_VALIDITY;NO_INVENTORY
39633,EXACT_IMLS_OUTLET_ZIP,MS0040,004,,EXACT_OUTLET;TIE_FSCSKEY_SEQ,EXACT_OUTLET;NOT_USPS_VALIDITY;NO_INVENTORY
39635,ZCTA_NEAREST_ACTIVE_OUTLET,MS0040,003,4.571,ZCTA_NN;R6371;TIE_FIRST_LEX,ZCTA_NN_HAVERSINE;NOT_ELIGIBILITY;NOT_USPS_VALIDITY;NO_INVENTORY
39638,EXACT_IMLS_OUTLET_ZIP,MS0040,005,,EXACT_OUTLET;TIE_FSCSKEY_SEQ,EXACT_OUTLET;NOT_USPS_VALIDITY;NO_INVENTORY
39641,ZCTA_NEAREST_ACTIVE_OUTLET,MS0026,005,23.204,ZCTA_NN;R6371;TIE_FIRST_LEX,ZCTA_NN_HAVERSINE;NOT_ELIGIBILITY;NOT_USPS_VALIDITY;NO_INVENTORY
39643,ZCTA_NEAREST_ACTIVE_OUTLET,MS0040,010,18.102,ZCTA_NN;R6371;TIE_FIRST_LEX,ZCTA_NN_HAVERSINE;NOT_ELIGIBILITY;NOT_USPS_VALIDITY;NO_INVENTORY
39645,EXACT_IMLS_OUTLET_ZIP,MS0040,006,,EXACT_OUTLET;TIE_FSCSKEY_SEQ,EXACT_OUTLET;NOT_USPS_VALIDITY;NO_INVENTORY
39647,ZCTA_NEAREST_ACTIVE_OUTLET,MS0026,004,18.079,ZCTA_NN;R6371;TIE_FIRST_LEX,ZCTA_NN_HAVERSINE;NOT_ELIGIBILITY;NOT_USPS_VALIDITY;NO_INVENTORY
39648,EXACT_IMLS_OUTLET_ZIP,MS0040,002,,EXACT_OUTLET;TIE_FSCSKEY_SEQ,EXACT_OUTLET;NOT_USPS_VALIDITY;NO_INVENTORY
39649,OBSERVED_REFERENCE_INDIRECT_ONLY,,,,INDIRECT_IMLS_SC;NO_FABRICATED_NEAREST,INDIRECT_IMLS_SC;NO_FABRICATED_NEAREST;NOT_REJECTED;NOT_USPS_VALIDITY;NO_INVENTORY
39652,EXACT_IMLS_OUTLET_ZIP,MS0040,007,,EXACT_OUTLET;TIE_FSCSKEY_SEQ,EXACT_OUTLET;NOT_USPS_VALIDITY;NO_INVENTORY
39653,EXACT_IMLS_OUTLET_ZIP,MS0026,004,,EXACT_OUTLET;TIE_FSCSKEY_SEQ,EXACT_OUTLET;NOT_USPS_VALIDITY;NO_INVENTORY
39654,EXACT_IMLS_OUTLET_ZIP,MS0026,005,,EXACT_OUTLET;TIE_FSCSKEY_SEQ,EXACT_OUTLET;NOT_USPS_VALIDITY;NO_INVENTORY
39656,ZCTA_NEAREST_ACTIVE_OUTLET,MS0043,004,18.489,ZCTA_NN;R6371;TIE_FIRST_LEX,ZCTA_NN_HAVERSINE;NOT_ELIGIBILITY;NOT_USPS_VALIDITY;NO_INVENTORY
39657,EXACT_IMLS_OUTLET_ZIP,MS0040,008,,EXACT_OUTLET;TIE_FSCSKEY_SEQ,EXACT_OUTLET;NOT_USPS_VALIDITY;NO_INVENTORY
39661,ZCTA_NEAREST_ACTIVE_OUTLET,MS0026,004,18.289,ZCTA_NN;R6371;TIE_FIRST_LEX,ZCTA_NN_HAVERSINE;NOT_ELIGIBILITY;NOT_USPS_VALIDITY;NO_INVENTORY
39662,ZCTA_NEAREST_ACTIVE_OUTLET,MS0040,002,23.415,ZCTA_NN;R6371;TIE_FIRST_LEX,ZCTA_NN_HAVERSINE;NOT_ELIGIBILITY;NOT_USPS_VALIDITY;NO_INVENTORY
39663,ZCTA_NEAREST_ACTIVE_OUTLET,MS0026,005,7.721,ZCTA_NN;R6371;TIE_FIRST_LEX,ZCTA_NN_HAVERSINE;NOT_ELIGIBILITY;NOT_USPS_VALIDITY;NO_INVENTORY
39664,ZCTA_NEAREST_ACTIVE_OUTLET,MS0040,002,21.651,ZCTA_NN;R6371;TIE_FIRST_LEX,ZCTA_NN_HAVERSINE;NOT_ELIGIBILITY;NOT_USPS_VALIDITY;NO_INVENTORY
39665,ZCTA_NEAREST_ACTIVE_OUTLET,MS0026,005,14.194,ZCTA_NN;R6371;TIE_FIRST_LEX,ZCTA_NN_HAVERSINE;NOT_ELIGIBILITY;NOT_USPS_VALIDITY;NO_INVENTORY
39666,ZCTA_NEAREST_ACTIVE_OUTLET,MS0040,002,5.729,ZCTA_NN;R6371;TIE_FIRST_LEX,ZCTA_NN_HAVERSINE;NOT_ELIGIBILITY;NOT_USPS_VALIDITY;NO_INVENTORY
39667,EXACT_IMLS_OUTLET_ZIP,MS0040,010,,EXACT_OUTLET;TIE_FSCSKEY_SEQ,EXACT_OUTLET;NOT_USPS_VALIDITY;NO_INVENTORY
39668,ZCTA_NEAREST_ACTIVE_OUTLET,MS0008,004,25.794,ZCTA_NN;R6371;TIE_FIRST_LEX,ZCTA_NN_HAVERSINE;NOT_ELIGIBILITY;NOT_USPS_VALIDITY;NO_INVENTORY
39669,EXACT_IMLS_OUTLET_ZIP,MS0052,003,,EXACT_OUTLET;TIE_FSCSKEY_SEQ,EXACT_OUTLET;NOT_USPS_VALIDITY;NO_INVENTORY
39701,EXACT_IMLS_OUTLET_ZIP,MS0028,002,,EXACT_OUTLET;TIE_FSCSKEY_SEQ,EXACT_OUTLET;NOT_USPS_VALIDITY;NO_INVENTORY
39702,ZCTA_NEAREST_ACTIVE_OUTLET,MS0028,002,10.491,ZCTA_NN;R6371;TIE_FIRST_LEX,ZCTA_NN_HAVERSINE;NOT_ELIGIBILITY;NOT_USPS_VALIDITY;NO_INVENTORY
39703,OBSERVED_REFERENCE_INDIRECT_ONLY,,,,INDIRECT_IMLS_SC;NO_FABRICATED_NEAREST,INDIRECT_IMLS_SC;NO_FABRICATED_NEAREST;NOT_REJECTED;NOT_USPS_VALIDITY;NO_INVENTORY
39704,OBSERVED_REFERENCE_INDIRECT_ONLY,,,,INDIRECT_IMLS_SC;NO_FABRICATED_NEAREST,INDIRECT_IMLS_SC;NO_FABRICATED_NEAREST;NOT_REJECTED;NOT_USPS_VALIDITY;NO_INVENTORY
39705,ZCTA_NEAREST_ACTIVE_OUTLET,MS0028,002,10.107,ZCTA_NN;R6371;TIE_FIRST_LEX,ZCTA_NN_HAVERSINE;NOT_ELIGIBILITY;NOT_USPS_VALIDITY;NO_INVENTORY
39710,OBSERVED_REFERENCE_INDIRECT_ONLY,,,,INDIRECT_IMLS_SC;NO_FABRICATED_NEAREST,INDIRECT_IMLS_SC;NO_FABRICATED_NEAREST;NOT_REJECTED;NOT_USPS_VALIDITY;NO_INVENTORY
39730,EXACT_IMLS_OUTLET_ZIP,MS0046,005,,EXACT_OUTLET;TIE_FSCSKEY_SEQ,EXACT_OUTLET;NOT_USPS_VALIDITY;NO_INVENTORY
39735,EXACT_IMLS_OUTLET_ZIP,MS8003,001,,EXACT_OUTLET;TIE_FSCSKEY_SEQ,EXACT_OUTLET;NOT_USPS_VALIDITY;NO_INVENTORY
39736,EXACT_IMLS_OUTLET_ZIP,MS0028,003,,EXACT_OUTLET;TIE_FSCSKEY_SEQ,EXACT_OUTLET;NOT_USPS_VALIDITY;NO_INVENTORY
39737,ZCTA_NEAREST_ACTIVE_OUTLET,MS0046,010,13.477,ZCTA_NN;R6371;TIE_FIRST_LEX,ZCTA_NN_HAVERSINE;NOT_ELIGIBILITY;NOT_USPS_VALIDITY;NO_INVENTORY
39739,EXACT_IMLS_OUTLET_ZIP,MS0036,003,,EXACT_OUTLET;TIE_FSCSKEY_SEQ,EXACT_OUTLET;NOT_USPS_VALIDITY;NO_INVENTORY
39740,EXACT_IMLS_OUTLET_ZIP,MS0028,004,,EXACT_OUTLET;TIE_FSCSKEY_SEQ,EXACT_OUTLET;NOT_USPS_VALIDITY;NO_INVENTORY
39741,ZCTA_NEAREST_ACTIVE_OUTLET,MS0046,002,19.534,ZCTA_NN;R6371;TIE_FIRST_LEX,ZCTA_NN_HAVERSINE;NOT_ELIGIBILITY;NOT_USPS_VALIDITY;NO_INVENTORY
39743,EXACT_IMLS_OUTLET_ZIP,MS0028,005,,EXACT_OUTLET;TIE_FSCSKEY_SEQ,EXACT_OUTLET;NOT_USPS_VALIDITY;NO_INVENTORY
39744,EXACT_IMLS_OUTLET_ZIP,MS0046,010,,EXACT_OUTLET;TIE_FSCSKEY_SEQ,EXACT_OUTLET;NOT_USPS_VALIDITY;NO_INVENTORY
39745,ZCTA_NEAREST_ACTIVE_OUTLET,MS8003,002,16.794,ZCTA_NN;R6371;TIE_FIRST_LEX,ZCTA_NN_HAVERSINE;NOT_ELIGIBILITY;NOT_USPS_VALIDITY;NO_INVENTORY
39746,EXACT_IMLS_OUTLET_ZIP,MS0046,006,,EXACT_OUTLET;TIE_FSCSKEY_SEQ,EXACT_OUTLET;NOT_USPS_VALIDITY;NO_INVENTORY
39747,EXACT_IMLS_OUTLET_ZIP,MS0033,007,,EXACT_OUTLET;TIE_FSCSKEY_SEQ,EXACT_OUTLET;NOT_USPS_VALIDITY;NO_INVENTORY
39750,EXACT_IMLS_OUTLET_ZIP,MS0038,003,,EXACT_OUTLET;TIE_FSCSKEY_SEQ,EXACT_OUTLET;NOT_USPS_VALIDITY;NO_INVENTORY
39751,ZCTA_NEAREST_ACTIVE_OUTLET,MS0038,003,15.605,ZCTA_NN;R6371;TIE_FIRST_LEX,ZCTA_NN_HAVERSINE;NOT_ELIGIBILITY;NOT_USPS_VALIDITY;NO_INVENTORY
39752,EXACT_IMLS_OUTLET_ZIP,MS0046,008,,EXACT_OUTLET;TIE_FSCSKEY_SEQ,EXACT_OUTLET;NOT_USPS_VALIDITY;NO_INVENTORY
39753,ZCTA_NEAREST_ACTIVE_OUTLET,MS0028,003,7.292,ZCTA_NN;R6371;TIE_FIRST_LEX,ZCTA_NN_HAVERSINE;NOT_ELIGIBILITY;NOT_USPS_VALIDITY;NO_INVENTORY
39755,ZCTA_NEAREST_ACTIVE_OUTLET,MS0038,003,12.800,ZCTA_NN;R6371;TIE_FIRST_LEX,ZCTA_NN_HAVERSINE;NOT_ELIGIBILITY;NOT_USPS_VALIDITY;NO_INVENTORY
39756,ZCTA_NEAREST_ACTIVE_OUTLET,MS0046,002,19.079,ZCTA_NN;R6371;TIE_FIRST_LEX,ZCTA_NN_HAVERSINE;NOT_ELIGIBILITY;NOT_USPS_VALIDITY;NO_INVENTORY
39759,EXACT_IMLS_OUTLET_ZIP,MS0038,002,,EXACT_OUTLET;TIE_FSCSKEY_SEQ,EXACT_OUTLET;NOT_USPS_VALIDITY;NO_INVENTORY
39760,OBSERVED_REFERENCE_INDIRECT_ONLY,,,,INDIRECT_IMLS_SC;NO_FABRICATED_NEAREST,INDIRECT_IMLS_SC;NO_FABRICATED_NEAREST;NOT_REJECTED;NOT_USPS_VALIDITY;NO_INVENTORY
39762,ZCTA_NEAREST_ACTIVE_OUTLET,MS0038,002,2.362,ZCTA_NN;R6371;TIE_FIRST_LEX,ZCTA_NN_HAVERSINE;NOT_ELIGIBILITY;NOT_USPS_VALIDITY;NO_INVENTORY
39766,ZCTA_NEAREST_ACTIVE_OUTLET,MS0028,004,10.729,ZCTA_NN;R6371;TIE_FIRST_LEX,ZCTA_NN_HAVERSINE;NOT_ELIGIBILITY;NOT_USPS_VALIDITY;NO_INVENTORY
39767,ZCTA_NEAREST_ACTIVE_OUTLET,MS0033,007,11.354,ZCTA_NN;R6371;TIE_FIRST_LEX,ZCTA_NN_HAVERSINE;NOT_ELIGIBILITY;NOT_USPS_VALIDITY;NO_INVENTORY
39769,EXACT_IMLS_OUTLET_ZIP,MS0038,004,,EXACT_OUTLET;TIE_FSCSKEY_SEQ,EXACT_OUTLET;NOT_USPS_VALIDITY;NO_INVENTORY
39771,ZCTA_NEAREST_ACTIVE_OUTLET,MS0046,010,7.274,ZCTA_NN;R6371;TIE_FIRST_LEX,ZCTA_NN_HAVERSINE;NOT_ELIGIBILITY;NOT_USPS_VALIDITY;NO_INVENTORY
39772,EXACT_IMLS_OUTLET_ZIP,MS8003,002,,EXACT_OUTLET;TIE_FSCSKEY_SEQ,EXACT_OUTLET;NOT_USPS_VALIDITY;NO_INVENTORY
39773,EXACT_IMLS_OUTLET_ZIP,MS0046,002,,EXACT_OUTLET;TIE_FSCSKEY_SEQ,EXACT_OUTLET;NOT_USPS_VALIDITY;NO_INVENTORY
39776,ZCTA_NEAREST_ACTIVE_OUTLET,MS0009,006,12.695,ZCTA_NN;R6371;TIE_FIRST_LEX,ZCTA_NN_HAVERSINE;NOT_ELIGIBILITY;NOT_USPS_VALIDITY;NO_INVENTORY
39813,ZCTA_NEAREST_ACTIVE_OUTLET,GA0044,004,15.844,ZCTA_NN;R6371;TIE_FIRST_LEX,ZCTA_NN_HAVERSINE;NOT_ELIGIBILITY;NOT_USPS_VALIDITY;NO_INVENTORY
39815,ZCTA_NEAREST_ACTIVE_OUTLET,FL0030,004,14.415,ZCTA_NN;R6371;TIE_FIRST_LEX,ZCTA_NN_HAVERSINE;NOT_ELIGIBILITY;NOT_USPS_VALIDITY;NO_INVENTORY
39817,ZCTA_NEAREST_ACTIVE_OUTLET,GA0016,002,5.398,ZCTA_NN;R6371;TIE_FIRST_LEX,ZCTA_NN_HAVERSINE;NOT_ELIGIBILITY;NOT_USPS_VALIDITY;NO_INVENTORY
39818,OBSERVED_REFERENCE_INDIRECT_ONLY,,,,INDIRECT_IMLS_SC;NO_FABRICATED_NEAREST,INDIRECT_IMLS_SC;NO_FABRICATED_NEAREST;NOT_REJECTED;NOT_USPS_VALIDITY;NO_INVENTORY
39819,EXACT_IMLS_OUTLET_ZIP,GA0016,002,,EXACT_OUTLET;TIE_FSCSKEY_SEQ,EXACT_OUTLET;NOT_USPS_VALIDITY;NO_INVENTORY
39823,EXACT_IMLS_OUTLET_ZIP,GA0034,004,,EXACT_OUTLET;TIE_FSCSKEY_SEQ,EXACT_OUTLET;NOT_USPS_VALIDITY;NO_INVENTORY
39824,ZCTA_NEAREST_ACTIVE_OUTLET,GA0044,004,12.549,ZCTA_NN;R6371;TIE_FIRST_LEX,ZCTA_NN_HAVERSINE;NOT_ELIGIBILITY;NOT_USPS_VALIDITY;NO_INVENTORY
39825,ZCTA_NEAREST_ACTIVE_OUTLET,GA0016,002,16.995,ZCTA_NN;R6371;TIE_FIRST_LEX,ZCTA_NN_HAVERSINE;NOT_ELIGIBILITY;NOT_USPS_VALIDITY;NO_INVENTORY
39826,ZCTA_NEAREST_ACTIVE_OUTLET,GA0056,002,11.493,ZCTA_NN;R6371;TIE_FIRST_LEX,ZCTA_NN_HAVERSINE;NOT_ELIGIBILITY;NOT_USPS_VALIDITY;NO_INVENTORY
39827,ZCTA_NEAREST_ACTIVE_OUTLET,GA0024,002,7.571,ZCTA_NN;R6371;TIE_FIRST_LEX,ZCTA_NN_HAVERSINE;NOT_ELIGIBILITY;NOT_USPS_VALIDITY;NO_INVENTORY
39828,EXACT_IMLS_OUTLET_ZIP,GA0024,002,,EXACT_OUTLET;TIE_FSCSKEY_SEQ,EXACT_OUTLET;NOT_USPS_VALIDITY;NO_INVENTORY
39832,ZCTA_NEAREST_ACTIVE_OUTLET,AL0158,003,19.597,ZCTA_NN;R6371;TIE_FIRST_LEX,ZCTA_NN_HAVERSINE;NOT_ELIGIBILITY;NOT_USPS_VALIDITY;NO_INVENTORY
39834,ZCTA_NEAREST_ACTIVE_OUTLET,GA0016,002,13.286,ZCTA_NN;R6371;TIE_FIRST_LEX,ZCTA_NN_HAVERSINE;NOT_ELIGIBILITY;NOT_USPS_VALIDITY;NO_INVENTORY
39836,ZCTA_NEAREST_ACTIVE_OUTLET,GA0044,009,13.959,ZCTA_NN;R6371;TIE_FIRST_LEX,ZCTA_NN_HAVERSINE;NOT_ELIGIBILITY;NOT_USPS_VALIDITY;NO_INVENTORY
39837,EXACT_IMLS_OUTLET_ZIP,GA0016,004,,EXACT_OUTLET;TIE_FSCSKEY_SEQ,EXACT_OUTLET;NOT_USPS_VALIDITY;NO_INVENTORY
39840,EXACT_IMLS_OUTLET_ZIP,GA0044,009,,EXACT_OUTLET;TIE_FSCSKEY_SEQ,EXACT_OUTLET;NOT_USPS_VALIDITY;NO_INVENTORY
39841,ZCTA_NEAREST_ACTIVE_OUTLET,GA0016,004,14.083,ZCTA_NN;R6371;TIE_FIRST_LEX,ZCTA_NN_HAVERSINE;NOT_ELIGIBILITY;NOT_USPS_VALIDITY;NO_INVENTORY
39842,EXACT_IMLS_OUTLET_ZIP,GA0044,003,,EXACT_OUTLET;TIE_FSCSKEY_SEQ,EXACT_OUTLET;NOT_USPS_VALIDITY;NO_INVENTORY
39845,EXACT_IMLS_OUTLET_ZIP,GA0016,005,,EXACT_OUTLET;TIE_FSCSKEY_SEQ,EXACT_OUTLET;NOT_USPS_VALIDITY;NO_INVENTORY
39846,EXACT_IMLS_OUTLET_ZIP,GA0044,004,,EXACT_OUTLET;TIE_FSCSKEY_SEQ,EXACT_OUTLET;NOT_USPS_VALIDITY;NO_INVENTORY
39851,EXACT_IMLS_OUTLET_ZIP,GA0044,005,,EXACT_OUTLET;TIE_FSCSKEY_SEQ,EXACT_OUTLET;NOT_USPS_VALIDITY;NO_INVENTORY
39854,EXACT_IMLS_OUTLET_ZIP,GA0044,012,,EXACT_OUTLET;TIE_FSCSKEY_SEQ,EXACT_OUTLET;NOT_USPS_VALIDITY;NO_INVENTORY
39859,ZCTA_NEAREST_ACTIVE_OUTLET,GA0016,005,8.826,ZCTA_NN;R6371;TIE_FIRST_LEX,ZCTA_NN_HAVERSINE;NOT_ELIGIBILITY;NOT_USPS_VALIDITY;NO_INVENTORY
39861,ZCTA_NEAREST_ACTIVE_OUTLET,GA0016,005,14.581,ZCTA_NN;R6371;TIE_FIRST_LEX,ZCTA_NN_HAVERSINE;NOT_ELIGIBILITY;NOT_USPS_VALIDITY;NO_INVENTORY
39862,ZCTA_NEAREST_ACTIVE_OUTLET,GA0034,011,23.433,ZCTA_NN;R6371;TIE_FIRST_LEX,ZCTA_NN_HAVERSINE;NOT_ELIGIBILITY;NOT_USPS_VALIDITY;NO_INVENTORY
39866,ZCTA_NEAREST_ACTIVE_OUTLET,GA0044,004,12.687,ZCTA_NN;R6371;TIE_FIRST_LEX,ZCTA_NN_HAVERSINE;NOT_ELIGIBILITY;NOT_USPS_VALIDITY;NO_INVENTORY
39867,ZCTA_NEAREST_ACTIVE_OUTLET,GA0044,012,13.645,ZCTA_NN;R6371;TIE_FIRST_LEX,ZCTA_NN_HAVERSINE;NOT_ELIGIBILITY;NOT_USPS_VALIDITY;NO_INVENTORY
39870,EXACT_IMLS_OUTLET_ZIP,GA0034,011,,EXACT_OUTLET;TIE_FSCSKEY_SEQ,EXACT_OUTLET;NOT_USPS_VALIDITY;NO_INVENTORY
39877,ZCTA_NEAREST_ACTIVE_OUTLET,GA0044,011,16.907,ZCTA_NN;R6371;TIE_FIRST_LEX,ZCTA_NN_HAVERSINE;NOT_ELIGIBILITY;NOT_USPS_VALIDITY;NO_INVENTORY
39885,ZCTA_NEAREST_ACTIVE_OUTLET,GA0044,003,9.945,ZCTA_NN;R6371;TIE_FIRST_LEX,ZCTA_NN_HAVERSINE;NOT_ELIGIBILITY;NOT_USPS_VALIDITY;NO_INVENTORY
39886,ZCTA_NEAREST_ACTIVE_OUTLET,GA0044,009,16.817,ZCTA_NN;R6371;TIE_FIRST_LEX,ZCTA_NN_HAVERSINE;NOT_ELIGIBILITY;NOT_USPS_VALIDITY;NO_INVENTORY
39897,ZCTA_NEAREST_ACTIVE_OUTLET,GA0024,002,12.128,ZCTA_NN;R6371;TIE_FIRST_LEX,ZCTA_NN_HAVERSINE;NOT_ELIGIBILITY;NOT_USPS_VALIDITY;NO_INVENTORY
40003,ZCTA_NEAREST_ACTIVE_OUTLET,KY0049,002,15.471,ZCTA_NN;R6371;TIE_FIRST_LEX,ZCTA_NN_HAVERSINE;NOT_ELIGIBILITY;NOT_USPS_VALIDITY;NO_INVENTORY
40004,EXACT_IMLS_OUTLET_ZIP,KY0085,002,,EXACT_OUTLET;TIE_FSCSKEY_SEQ,EXACT_OUTLET;NOT_USPS_VALIDITY;NO_INVENTORY
40006,EXACT_IMLS_OUTLET_ZIP,KY0107,002,,EXACT_OUTLET;TIE_FSCSKEY_SEQ,EXACT_OUTLET;NOT_USPS_VALIDITY;NO_INVENTORY
40007,ZCTA_NEAREST_ACTIVE_OUTLET,KY0089,002,17.839,ZCTA_NN;R6371;TIE_FIRST_LEX,ZCTA_NN_HAVERSINE;NOT_ELIGIBILITY;NOT_USPS_VALIDITY;NO_INVENTORY
40008,EXACT_IMLS_OUTLET_ZIP,KY0085,003,,EXACT_OUTLET;TIE_FSCSKEY_SEQ,EXACT_OUTLET;NOT_USPS_VALIDITY;NO_INVENTORY
40009,ZCTA_NEAREST_ACTIVE_OUTLET,KY0071,002,17.383,ZCTA_NN;R6371;TIE_FIRST_LEX,ZCTA_NN_HAVERSINE;NOT_ELIGIBILITY;NOT_USPS_VALIDITY;NO_INVENTORY
40010,ZCTA_NEAREST_ACTIVE_OUTLET,KY0088,006,6.057,ZCTA_NN;R6371;TIE_FIRST_LEX,ZCTA_NN_HAVERSINE;NOT_ELIGIBILITY;NOT_USPS_VALIDITY;NO_INVENTORY
40011,ZCTA_NEAREST_ACTIVE_OUTLET,KY0107,002,14.265,ZCTA_NN;R6371;TIE_FIRST_LEX,ZCTA_NN_HAVERSINE;NOT_ELIGIBILITY;NOT_USPS_VALIDITY;NO_INVENTORY
40012,ZCTA_NEAREST_ACTIVE_OUTLET,KY0085,003,12.246,ZCTA_NN;R6371;TIE_FIRST_LEX,ZCTA_NN_HAVERSINE;NOT_ELIGIBILITY;NOT_USPS_VALIDITY;NO_INVENTORY
40013,ZCTA_NEAREST_ACTIVE_OUTLET,KY0014,004,13.070,ZCTA_NN;R6371;TIE_FIRST_LEX,ZCTA_NN_HAVERSINE;NOT_ELIGIBILITY;NOT_USPS_VALIDITY;NO_INVENTORY
40014,EXACT_IMLS_OUTLET_ZIP,KY0088,006,,EXACT_OUTLET;TIE_FSCSKEY_SEQ,EXACT_OUTLET;NOT_USPS_VALIDITY;NO_INVENTORY
40018,OBSERVED_REFERENCE_INDIRECT_ONLY,,,,INDIRECT_IMLS_SC;NO_FABRICATED_NEAREST,INDIRECT_IMLS_SC;NO_FABRICATED_NEAREST;NOT_REJECTED;NOT_USPS_VALIDITY;NO_INVENTORY
40019,EXACT_IMLS_OUTLET_ZIP,KY0049,002,,EXACT_OUTLET;TIE_FSCSKEY_SEQ,EXACT_OUTLET;NOT_USPS_VALIDITY;NO_INVENTORY
40020,ZCTA_NEAREST_ACTIVE_OUTLET,KY0085,003,7.502,ZCTA_NN;R6371;TIE_FIRST_LEX,ZCTA_NN_HAVERSINE;NOT_ELIGIBILITY;NOT_USPS_VALIDITY;NO_INVENTORY
40022,ZCTA_NEAREST_ACTIVE_OUTLET,KY0101,002,12.695,ZCTA_NN;R6371;TIE_FIRST_LEX,ZCTA_NN_HAVERSINE;NOT_ELIGIBILITY;NOT_USPS_VALIDITY;NO_INVENTORY
40023,ZCTA_NEAREST_ACTIVE_OUTLET,KY0053,007,12.458,ZCTA_NN;R6371;TIE_FIRST_LEX,ZCTA_NN_HAVERSINE;NOT_ELIGIBILITY;NOT_USPS_VALIDITY;NO_INVENTORY
40025,ZCTA_NEAREST_ACTIVE_OUTLET,KY0053,019,5.452,ZCTA_NN;R6371;TIE_FIRST_LEX,ZCTA_NN_HAVERSINE;NOT_ELIGIBILITY;NOT_USPS_VALIDITY;NO_INVENTORY
40026,EXACT_IMLS_OUTLET_ZIP,KY0088,005,,EXACT_OUTLET;TIE_FSCSKEY_SEQ,EXACT_OUTLET;NOT_USPS_VALIDITY;NO_INVENTORY
40027,OBSERVED_REFERENCE_INDIRECT_ONLY,,,,INDIRECT_IMLS_SC;NO_FABRICATED_NEAREST,INDIRECT_IMLS_SC;NO_FABRICATED_NEAREST;NOT_REJECTED;NOT_USPS_VALIDITY;NO_INVENTORY
40031,EXACT_IMLS_OUTLET_ZIP,KY0088,007,,EXACT_OUTLET;TIE_FSCSKEY_SEQ,EXACT_OUTLET;NOT_USPS_VALIDITY;NO_INVENTORY
40033,EXACT_IMLS_OUTLET_ZIP,KY0071,002,,EXACT_OUTLET;TIE_FSCSKEY_SEQ,EXACT_OUTLET;NOT_USPS_VALIDITY;NO_INVENTORY
40036,ZCTA_NEAREST_ACTIVE_OUTLET,KY0089,002,16.957,ZCTA_NN;R6371;TIE_FIRST_LEX,ZCTA_NN_HAVERSINE;NOT_ELIGIBILITY;NOT_USPS_VALIDITY;NO_INVENTORY
40037,EXACT_IMLS_OUTLET_ZIP,KY0071,004,,EXACT_OUTLET;TIE_FSCSKEY_SEQ,EXACT_OUTLET;NOT_USPS_VALIDITY;NO_INVENTORY
40040,ZCTA_NEAREST_ACTIVE_OUTLET,KY0110,002,17.087,ZCTA_NN;R6371;TIE_FIRST_LEX,ZCTA_NN_HAVERSINE;NOT_ELIGIBILITY;NOT_USPS_VALIDITY;NO_INVENTORY
40041,ZCTA_NEAREST_ACTIVE_OUTLET,KY0053,019,1.493,ZCTA_NN;R6371;TIE_FIRST_LEX,ZCTA_NN_HAVERSINE;NOT_ELIGIBILITY;NOT_USPS_VALIDITY;NO_INVENTORY
40045,ZCTA_NEAREST_ACTIVE_OUTLET,IN0227,002,5.478,ZCTA_NN;R6371;TIE_FIRST_LEX,ZCTA_NN_HAVERSINE;NOT_ELIGIBILITY;NOT_USPS_VALIDITY;NO_INVENTORY
40046,ZCTA_NEAREST_ACTIVE_OUTLET,KY0103,002,15.043,ZCTA_NN;R6371;TIE_FIRST_LEX,ZCTA_NN_HAVERSINE;NOT_ELIGIBILITY;NOT_USPS_VALIDITY;NO_INVENTORY
40047,EXACT_IMLS_OUTLET_ZIP,KY0014,004,,EXACT_OUTLET;TIE_FSCSKEY_SEQ,EXACT_OUTLET;NOT_USPS_VALIDITY;NO_INVENTORY
40048,OBSERVED_REFERENCE_INDIRECT_ONLY,,,,INDIRECT_IMLS_SC;NO_FABRICATED_NEAREST,INDIRECT_IMLS_SC;NO_FABRICATED_NEAREST;NOT_REJECTED;NOT_USPS_VALIDITY;NO_INVENTORY
40049,ZCTA_NEAREST_ACTIVE_OUTLET,KY0071,004,3.209,ZCTA_NN;R6371;TIE_FIRST_LEX,ZCTA_NN_HAVERSINE;NOT_ELIGIBILITY;NOT_USPS_VALIDITY;NO_INVENTORY
40050,ZCTA_NEAREST_ACTIVE_OUTLET,KY0049,003,9.641,ZCTA_NN;R6371;TIE_FIRST_LEX,ZCTA_NN_HAVERSINE;NOT_ELIGIBILITY;NOT_USPS_VALIDITY;NO_INVENTORY
40051,EXACT_IMLS_OUTLET_ZIP,KY0085,005,,EXACT_OUTLET;TIE_FSCSKEY_SEQ,EXACT_OUTLET;NOT_USPS_VALIDITY;NO_INVENTORY
40052,ZCTA_NEAREST_ACTIVE_OUTLET,KY0071,004,8.137,ZCTA_NN;R6371;TIE_FIRST_LEX,ZCTA_NN_HAVERSINE;NOT_ELIGIBILITY;NOT_USPS_VALIDITY;NO_INVENTORY
40055,ZCTA_NEAREST_ACTIVE_OUTLET,KY0107,002,9.777,ZCTA_NN;R6371;TIE_FIRST_LEX,ZCTA_NN_HAVERSINE;NOT_ELIGIBILITY;NOT_USPS_VALIDITY;NO_INVENTORY
40056,ZCTA_NEAREST_ACTIVE_OUTLET,KY0088,006,1.546,ZCTA_NN;R6371;TIE_FIRST_LEX,ZCTA_NN_HAVERSINE;NOT_ELIGIBILITY;NOT_USPS_VALIDITY;NO_INVENTORY
40057,ZCTA_NEAREST_ACTIVE_OUTLET,KY0049,002,10.830,ZCTA_NN;R6371;TIE_FIRST_LEX,ZCTA_NN_HAVERSINE;NOT_ELIGIBILITY;NOT_USPS_VALIDITY;NO_INVENTORY
40058,ZCTA_NEAREST_ACTIVE_OUTLET,KY0049,003,7.148,ZCTA_NN;R6371;TIE_FIRST_LEX,ZCTA_NN_HAVERSINE;NOT_ELIGIBILITY;NOT_USPS_VALIDITY;NO_INVENTORY
40059,ZCTA_NEAREST_ACTIVE_OUTLET,KY0088,005,6.489,ZCTA_NN;R6371;TIE_FIRST_LEX,ZCTA_NN_HAVERSINE;NOT_ELIGIBILITY;NOT_USPS_VALIDITY;NO_INVENTORY
40060,ZCTA_NEAREST_ACTIVE_OUTLET,KY0071,004,11.716,ZCTA_NN;R6371;TIE_FIRST_LEX,ZCTA_NN_HAVERSINE;NOT_ELIGIBILITY;NOT_USPS_VALIDITY;NO_INVENTORY
40061,ZCTA_NEAREST_ACTIVE_OUTLET,KY0110,002,4.067,ZCTA_NN;R6371;TIE_FIRST_LEX,ZCTA_NN_HAVERSINE;NOT_ELIGIBILITY;NOT_USPS_VALIDITY;NO_INVENTORY
40062,ZCTA_NEAREST_ACTIVE_OUTLET,KY0071,004,4.545,ZCTA_NN;R6371;TIE_FIRST_LEX,ZCTA_NN_HAVERSINE;NOT_ELIGIBILITY;NOT_USPS_VALIDITY;NO_INVENTORY
40063,ZCTA_NEAREST_ACTIVE_OUTLET,KY0071,002,8.328,ZCTA_NN;R6371;TIE_FIRST_LEX,ZCTA_NN_HAVERSINE;NOT_ELIGIBILITY;NOT_USPS_VALIDITY;NO_INVENTORY
40065,EXACT_IMLS_OUTLET_ZIP,KY0101,002,,EXACT_OUTLET;TIE_FSCSKEY_SEQ,EXACT_OUTLET;NOT_USPS_VALIDITY;NO_INVENTORY
40066,OBSERVED_REFERENCE_INDIRECT_ONLY,,,,INDIRECT_IMLS_SC;NO_FABRICATED_NEAREST,INDIRECT_IMLS_SC;NO_FABRICATED_NEAREST;NOT_REJECTED;NOT_USPS_VALIDITY;NO_INVENTORY
40067,ZCTA_NEAREST_ACTIVE_OUTLET,KY0101,002,12.987,ZCTA_NN;R6371;TIE_FIRST_LEX,ZCTA_NN_HAVERSINE;NOT_ELIGIBILITY;NOT_USPS_VALIDITY;NO_INVENTORY
40068,ZCTA_NEAREST_ACTIVE_OUTLET,KY0088,007,8.341,ZCTA_NN;R6371;TIE_FIRST_LEX,ZCTA_NN_HAVERSINE;NOT_ELIGIBILITY;NOT_USPS_VALIDITY;NO_INVENTORY
40069,EXACT_IMLS_OUTLET_ZIP,KY0110,002,,EXACT_OUTLET;TIE_FSCSKEY_SEQ,EXACT_OUTLET;NOT_USPS_VALIDITY;NO_INVENTORY
40070,ZCTA_NEAREST_ACTIVE_OUTLET,KY0049,003,12.269,ZCTA_NN;R6371;TIE_FIRST_LEX,ZCTA_NN_HAVERSINE;NOT_ELIGIBILITY;NOT_USPS_VALIDITY;NO_INVENTORY
40071,EXACT_IMLS_OUTLET_ZIP,KY0103,002,,EXACT_OUTLET;TIE_FSCSKEY_SEQ,EXACT_OUTLET;NOT_USPS_VALIDITY;NO_INVENTORY
40075,ZCTA_NEAREST_ACTIVE_OUTLET,KY0019,002,13.928,ZCTA_NN;R6371;TIE_FIRST_LEX,ZCTA_NN_HAVERSINE;NOT_ELIGIBILITY;NOT_USPS_VALIDITY;NO_INVENTORY
40076,ZCTA_NEAREST_ACTIVE_OUTLET,KY0101,002,16.059,ZCTA_NN;R6371;TIE_FIRST_LEX,ZCTA_NN_HAVERSINE;NOT_ELIGIBILITY;NOT_USPS_VALIDITY;NO_INVENTORY
40077,ZCTA_NEAREST_ACTIVE_OUTLET,IN0217,005,11.029,ZCTA_NN;R6371;TIE_FIRST_LEX,ZCTA_NN_HAVERSINE;NOT_ELIGIBILITY;NOT_USPS_VALIDITY;NO_INVENTORY
40078,ZCTA_NEAREST_ACTIVE_OUTLET,KY0085,003,16.828,ZCTA_NN;R6371;TIE_FIRST_LEX,ZCTA_NN_HAVERSINE;NOT_ELIGIBILITY;NOT_USPS_VALIDITY;NO_INVENTORY
40104,ZCTA_NEAREST_ACTIVE_OUTLET,KY0077,002,18.069,ZCTA_NN;R6371;TIE_FIRST_LEX,ZCTA_NN_HAVERSINE;NOT_ELIGIBILITY;NOT_USPS_VALIDITY;NO_INVENTORY
40107,ZCTA_NEAREST_ACTIVE_OUTLET,KY0085,005,7.503,ZCTA_NN;R6371;TIE_FIRST_LEX,ZCTA_NN_HAVERSINE;NOT_ELIGIBILITY;NOT_USPS_VALIDITY;NO_INVENTORY
40108,EXACT_IMLS_OUTLET_ZIP,KY0077,002,,EXACT_OUTLET;TIE_FSCSKEY_SEQ,EXACT_OUTLET;NOT_USPS_VALIDITY;NO_INVENTORY
40109,ZCTA_NEAREST_ACTIVE_OUTLET,KY0053,023,4.745,ZCTA_NN;R6371;TIE_FIRST_LEX,ZCTA_NN_HAVERSINE;NOT_ELIGIBILITY;NOT_USPS_VALIDITY;NO_INVENTORY
40110,ZCTA_NEAREST_ACTIVE_OUTLET,KY0014,002,8.331,ZCTA_NN;R6371;TIE_FIRST_LEX,ZCTA_NN_HAVERSINE;NOT_ELIGIBILITY;NOT_USPS_VALIDITY;NO_INVENTORY
40111,EXACT_IMLS_OUTLET_ZIP,KY0013,003,,EXACT_OUTLET;TIE_FSCSKEY_SEQ,EXACT_OUTLET;NOT_USPS_VALIDITY;NO_INVENTORY
40115,ZCTA_NEAREST_ACTIVE_OUTLET,KY0013,004,14.532,ZCTA_NN;R6371;TIE_FIRST_LEX,ZCTA_NN_HAVERSINE;NOT_ELIGIBILITY;NOT_USPS_VALIDITY;NO_INVENTORY
40117,ZCTA_NEAREST_ACTIVE_OUTLET,KY0077,002,10.956,ZCTA_NN;R6371;TIE_FIRST_LEX,ZCTA_NN_HAVERSINE;NOT_ELIGIBILITY;NOT_USPS_VALIDITY;NO_INVENTORY
40118,EXACT_IMLS_OUTLET_ZIP,KY0053,023,,EXACT_OUTLET;TIE_FSCSKEY_SEQ,EXACT_OUTLET;NOT_USPS_VALIDITY;NO_INVENTORY
40119,ZCTA_NEAREST_ACTIVE_OUTLET,KY0013,002,20.861,ZCTA_NN;R6371;TIE_FIRST_LEX,ZCTA_NN_HAVERSINE;NOT_ELIGIBILITY;NOT_USPS_VALIDITY;NO_INVENTORY
40121,ZCTA_NEAREST_ACTIVE_OUTLET,KY0014,006,11.731,ZCTA_NN;R6371;TIE_FIRST_LEX,ZCTA_NN_HAVERSINE;NOT_ELIGIBILITY;NOT_USPS_VALIDITY;NO_INVENTORY
40140,ZCTA_NEAREST_ACTIVE_OUTLET,KY0013,002,15.237,ZCTA_NN;R6371;TIE_FIRST_LEX,ZCTA_NN_HAVERSINE;NOT_ELIGIBILITY;NOT_USPS_VALIDITY;NO_INVENTORY
40142,ZCTA_NEAREST_ACTIVE_OUTLET,KY0013,004,8.294,ZCTA_NN;R6371;TIE_FIRST_LEX,ZCTA_NN_HAVERSINE;NOT_ELIGIBILITY;NOT_USPS_VALIDITY;NO_INVENTORY
40143,EXACT_IMLS_OUTLET_ZIP,KY0013,002,,EXACT_OUTLET;TIE_FSCSKEY_SEQ,EXACT_OUTLET;NOT_USPS_VALIDITY;NO_INVENTORY
40144,ZCTA_NEAREST_ACTIVE_OUTLET,KY0013,002,6.002,ZCTA_NN;R6371;TIE_FIRST_LEX,ZCTA_NN_HAVERSINE;NOT_ELIGIBILITY;NOT_USPS_VALIDITY;NO_INVENTORY
40145,ZCTA_NEAREST_ACTIVE_OUTLET,KY0013,002,17.883,ZCTA_NN;R6371;TIE_FIRST_LEX,ZCTA_NN_HAVERSINE;NOT_ELIGIBILITY;NOT_USPS_VALIDITY;NO_INVENTORY
40146,EXACT_IMLS_OUTLET_ZIP,KY0013,004,,EXACT_OUTLET;TIE_FSCSKEY_SEQ,EXACT_OUTLET;NOT_USPS_VALIDITY;NO_INVENTORY
40150,EXACT_IMLS_OUTLET_ZIP,KY0014,003,,EXACT_OUTLET;TIE_FSCSKEY_SEQ,EXACT_OUTLET;NOT_USPS_VALIDITY;NO_INVENTORY
40152,ZCTA_NEAREST_ACTIVE_OUTLET,KY0013,002,19.511,ZCTA_NN;R6371;TIE_FIRST_LEX,ZCTA_NN_HAVERSINE;NOT_ELIGIBILITY;NOT_USPS_VALIDITY;NO_INVENTORY
40155,ZCTA_NEAREST_ACTIVE_OUTLET,KY0014,006,12.253,ZCTA_NN;R6371;TIE_FIRST_LEX,ZCTA_NN_HAVERSINE;NOT_ELIGIBILITY;NOT_USPS_VALIDITY;NO_INVENTORY
40157,ZCTA_NEAREST_ACTIVE_OUTLET,KY0013,004,18.407,ZCTA_NN;R6371;TIE_FIRST_LEX,ZCTA_NN_HAVERSINE;NOT_ELIGIBILITY;NOT_USPS_VALIDITY;NO_INVENTORY
40159,OBSERVED_REFERENCE_INDIRECT_ONLY,,,,INDIRECT_IMLS_SC;NO_FABRICATED_NEAREST,INDIRECT_IMLS_SC;NO_FABRICATED_NEAREST;NOT_REJECTED;NOT_USPS_VALIDITY;NO_INVENTORY
40160,ZCTA_NEAREST_ACTIVE_OUTLET,KY0044,002,13.486,ZCTA_NN;R6371;TIE_FIRST_LEX,ZCTA_NN_HAVERSINE;NOT_ELIGIBILITY;NOT_USPS_VALIDITY;NO_INVENTORY
40161,ZCTA_NEAREST_ACTIVE_OUTLET,KY0013,004,17.989,ZCTA_NN;R6371;TIE_FIRST_LEX,ZCTA_NN_HAVERSINE;NOT_ELIGIBILITY;NOT_USPS_VALIDITY;NO_INVENTORY
40162,ZCTA_NEAREST_ACTIVE_OUTLET,KY0044,002,14.700,ZCTA_NN;R6371;TIE_FIRST_LEX,ZCTA_NN_HAVERSINE;NOT_ELIGIBILITY;NOT_USPS_VALIDITY;NO_INVENTORY
40165,EXACT_IMLS_OUTLET_ZIP,KY0014,002,,EXACT_OUTLET;TIE_FSCSKEY_SEQ,EXACT_OUTLET;NOT_USPS_VALIDITY;NO_INVENTORY
40170,ZCTA_NEAREST_ACTIVE_OUTLET,KY0013,003,19.344,ZCTA_NN;R6371;TIE_FIRST_LEX,ZCTA_NN_HAVERSINE;NOT_ELIGIBILITY;NOT_USPS_VALIDITY;NO_INVENTORY
40171,ZCTA_NEAREST_ACTIVE_OUTLET,KY0013,004,16.820,ZCTA_NN;R6371;TIE_FIRST_LEX,ZCTA_NN_HAVERSINE;NOT_ELIGIBILITY;NOT_USPS_VALIDITY;NO_INVENTORY
40175,ZCTA_NEAREST_ACTIVE_OUTLET,KY0013,004,18.842,ZCTA_NN;R6371;TIE_FIRST_LEX,ZCTA_NN_HAVERSINE;NOT_ELIGIBILITY;NOT_USPS_VALIDITY;NO_INVENTORY
40176,ZCTA_NEAREST_ACTIVE_OUTLET,KY0013,004,6.487,ZCTA_NN;R6371;TIE_FIRST_LEX,ZCTA_NN_HAVERSINE;NOT_ELIGIBILITY;NOT_USPS_VALIDITY;NO_INVENTORY
40177,EXACT_IMLS_OUTLET_ZIP,KY0014,006,,EXACT_OUTLET;TIE_FSCSKEY_SEQ,EXACT_OUTLET;NOT_USPS_VALIDITY;NO_INVENTORY
40178,ZCTA_NEAREST_ACTIVE_OUTLET,KY0013,002,10.370,ZCTA_NN;R6371;TIE_FIRST_LEX,ZCTA_NN_HAVERSINE;NOT_ELIGIBILITY;NOT_USPS_VALIDITY;NO_INVENTORY
40201,OBSERVED_REFERENCE_INDIRECT_ONLY,,,,INDIRECT_IMLS_SC;NO_FABRICATED_NEAREST,INDIRECT_IMLS_SC;NO_FABRICATED_NEAREST;NOT_REJECTED;NOT_USPS_VALIDITY;NO_INVENTORY
40202,ZCTA_NEAREST_ACTIVE_OUTLET,KY0053,002,1.093,ZCTA_NN;R6371;TIE_FIRST_LEX,ZCTA_NN_HAVERSINE;NOT_ELIGIBILITY;NOT_USPS_VALIDITY;NO_INVENTORY
40203,EXACT_IMLS_OUTLET_ZIP,KY0053,002,,EXACT_OUTLET;TIE_FSCSKEY_SEQ,EXACT_OUTLET;NOT_USPS_VALIDITY;NO_INVENTORY
40204,EXACT_IMLS_OUTLET_ZIP,KY0053,006,,EXACT_OUTLET;TIE_FSCSKEY_SEQ,EXACT_OUTLET;NOT_USPS_VALIDITY;NO_INVENTORY
40205,ZCTA_NEAREST_ACTIVE_OUTLET,KY0053,003,2.598,ZCTA_NN;R6371;TIE_FIRST_LEX,ZCTA_NN_HAVERSINE;NOT_ELIGIBILITY;NOT_USPS_VALIDITY;NO_INVENTORY
40206,EXACT_IMLS_OUTLET_ZIP,KY0053,004,,EXACT_OUTLET;TIE_FSCSKEY_SEQ,EXACT_OUTLET;NOT_USPS_VALIDITY;NO_INVENTORY
40207,EXACT_IMLS_OUTLET_ZIP,KY0053,019,,EXACT_OUTLET;TIE_FSCSKEY_SEQ,EXACT_OUTLET;NOT_USPS_VALIDITY;NO_INVENTORY
40208,ZCTA_NEAREST_ACTIVE_OUTLET,KY0053,002,3.048,ZCTA_NN;R6371;TIE_FIRST_LEX,ZCTA_NN_HAVERSINE;NOT_ELIGIBILITY;NOT_USPS_VALIDITY;NO_INVENTORY
40209,ZCTA_NEAREST_ACTIVE_OUTLET,KY0053,008,3.183,ZCTA_NN;R6371;TIE_FIRST_LEX,ZCTA_NN_HAVERSINE;NOT_ELIGIBILITY;NOT_USPS_VALIDITY;NO_INVENTORY
40210,ZCTA_NEAREST_ACTIVE_OUTLET,KY0053,016,2.560,ZCTA_NN;R6371;TIE_FIRST_LEX,ZCTA_NN_HAVERSINE;NOT_ELIGIBILITY;NOT_USPS_VALIDITY;NO_INVENTORY
40211,EXACT_IMLS_OUTLET_ZIP,KY0053,013,,EXACT_OUTLET;TIE_FSCSKEY_SEQ,EXACT_OUTLET;NOT_USPS_VALIDITY;NO_INVENTORY
40212,EXACT_IMLS_OUTLET_ZIP,KY0053,012,,EXACT_OUTLET;TIE_FSCSKEY_SEQ,EXACT_OUTLET;NOT_USPS_VALIDITY;NO_INVENTORY
40213,ZCTA_NEAREST_ACTIVE_OUTLET,KY0053,025,4.110,ZCTA_NN;R6371;TIE_FIRST_LEX,ZCTA_NN_HAVERSINE;NOT_ELIGIBILITY;NOT_USPS_VALIDITY;NO_INVENTORY
40214,ZCTA_NEAREST_ACTIVE_OUTLET,KY0053,008,3.820,ZCTA_NN;R6371;TIE_FIRST_LEX,ZCTA_NN_HAVERSINE;NOT_ELIGIBILITY;NOT_USPS_VALIDITY;NO_INVENTORY
40215,EXACT_IMLS_OUTLET_ZIP,KY0053,008,,EXACT_OUTLET;TIE_FSCSKEY_SEQ,EXACT_OUTLET;NOT_USPS_VALIDITY;NO_INVENTORY
40216,EXACT_IMLS_OUTLET_ZIP,KY0053,020,,EXACT_OUTLET;TIE_FSCSKEY_SEQ,EXACT_OUTLET;NOT_USPS_VALIDITY;NO_INVENTORY
40217,ZCTA_NEAREST_ACTIVE_OUTLET,KY0053,006,2.801,ZCTA_NN;R6371;TIE_FIRST_LEX,ZCTA_NN_HAVERSINE;NOT_ELIGIBILITY;NOT_USPS_VALIDITY;NO_INVENTORY
40218,EXACT_IMLS_OUTLET_ZIP,KY0053,025,,EXACT_OUTLET;TIE_FSCSKEY_SEQ,EXACT_OUTLET;NOT_USPS_VALIDITY;NO_INVENTORY
40219,EXACT_IMLS_OUTLET_ZIP,KY0053,027,,EXACT_OUTLET;TIE_FSCSKEY_SEQ,EXACT_OUTLET;NOT_USPS_VALIDITY;NO_INVENTORY
40220,EXACT_IMLS_OUTLET_ZIP,KY0053,003,,EXACT_OUTLET;TIE_FSCSKEY_SEQ,EXACT_OUTLET;NOT_USPS_VALIDITY;NO_INVENTORY
40221,ZCTA_NEAREST_ACTIVE_OUTLET,KY0053,008,1.687,ZCTA_NN;R6371;TIE_FIRST_LEX,ZCTA_NN_HAVERSINE;NOT_ELIGIBILITY;NOT_USPS_VALIDITY;NO_INVENTORY
40222,ZCTA_NEAREST_ACTIVE_OUTLET,KY0053,026,3.131,ZCTA_NN;R6371;TIE_FIRST_LEX,ZCTA_NN_HAVERSINE;NOT_ELIGIBILITY;NOT_USPS_VALIDITY;NO_INVENTORY
40223,EXACT_IMLS_OUTLET_ZIP,KY0053,026,,EXACT_OUTLET;TIE_FSCSKEY_SEQ,EXACT_OUTLET;NOT_USPS_VALIDITY;NO_INVENTORY
40225,OBSERVED_REFERENCE_INDIRECT_ONLY,,,,INDIRECT_IMLS_SC;NO_FABRICATED_NEAREST,INDIRECT_IMLS_SC;NO_FABRICATED_NEAREST;NOT_REJECTED;NOT_USPS_VALIDITY;NO_INVENTORY
40228,ZCTA_NEAREST_ACTIVE_OUTLET,KY0053,027,3.491,ZCTA_NN;R6371;TIE_FIRST_LEX,ZCTA_NN_HAVERSINE;NOT_ELIGIBILITY;NOT_USPS_VALIDITY;NO_INVENTORY
40229,EXACT_IMLS_OUTLET_ZIP,KY0014,005,,EXACT_OUTLET;TIE_FSCSKEY_SEQ,EXACT_OUTLET;NOT_USPS_VALIDITY;NO_INVENTORY
40231,ZCTA_NEAREST_ACTIVE_OUTLET,KY0053,025,2.667,ZCTA_NN;R6371;TIE_FIRST_LEX,ZCTA_NN_HAVERSINE;NOT_ELIGIBILITY;NOT_USPS_VALIDITY;NO_INVENTORY
40232,OBSERVED_REFERENCE_INDIRECT_ONLY,,,,INDIRECT_IMLS_SC;NO_FABRICATED_NEAREST,INDIRECT_IMLS_SC;NO_FABRICATED_NEAREST;NOT_REJECTED;NOT_USPS_VALIDITY;NO_INVENTORY
40233,OBSERVED_REFERENCE_INDIRECT_ONLY,,,,INDIRECT_IMLS_SC;NO_FABRICATED_NEAREST,INDIRECT_IMLS_SC;NO_FABRICATED_NEAREST;NOT_REJECTED;NOT_USPS_VALIDITY;NO_INVENTORY
40241,ZCTA_NEAREST_ACTIVE_OUTLET,KY0053,026,3.498,ZCTA_NN;R6371;TIE_FIRST_LEX,ZCTA_NN_HAVERSINE;NOT_ELIGIBILITY;NOT_USPS_VALIDITY;NO_INVENTORY
40242,ZCTA_NEAREST_ACTIVE_OUTLET,KY0053,026,1.276,ZCTA_NN;R6371;TIE_FIRST_LEX,ZCTA_NN_HAVERSINE;NOT_ELIGIBILITY;NOT_USPS_VALIDITY;NO_INVENTORY
40243,EXACT_IMLS_OUTLET_ZIP,KY0053,007,,EXACT_OUTLET;TIE_FSCSKEY_SEQ,EXACT_OUTLET;NOT_USPS_VALIDITY;NO_INVENTORY
40245,ZCTA_NEAREST_ACTIVE_OUTLET,KY0088,006,6.475,ZCTA_NN;R6371;TIE_FIRST_LEX,ZCTA_NN_HAVERSINE;NOT_ELIGIBILITY;NOT_USPS_VALIDITY;NO_INVENTORY
40250,OBSERVED_REFERENCE_INDIRECT_ONLY,,,,INDIRECT_IMLS_SC;NO_FABRICATED_NEAREST,INDIRECT_IMLS_SC;NO_FABRICATED_NEAREST;NOT_REJECTED;NOT_USPS_VALIDITY;NO_INVENTORY
40252,OBSERVED_REFERENCE_INDIRECT_ONLY,,,,INDIRECT_IMLS_SC;NO_FABRICATED_NEAREST,INDIRECT_IMLS_SC;NO_FABRICATED_NEAREST;NOT_REJECTED;NOT_USPS_VALIDITY;NO_INVENTORY
40253,OBSERVED_REFERENCE_INDIRECT_ONLY,,,,INDIRECT_IMLS_SC;NO_FABRICATED_NEAREST,INDIRECT_IMLS_SC;NO_FABRICATED_NEAREST;NOT_REJECTED;NOT_USPS_VALIDITY;NO_INVENTORY
40255,OBSERVED_REFERENCE_INDIRECT_ONLY,,,,INDIRECT_IMLS_SC;NO_FABRICATED_NEAREST,INDIRECT_IMLS_SC;NO_FABRICATED_NEAREST;NOT_REJECTED;NOT_USPS_VALIDITY;NO_INVENTORY
40256,OBSERVED_REFERENCE_INDIRECT_ONLY,,,,INDIRECT_IMLS_SC;NO_FABRICATED_NEAREST,INDIRECT_IMLS_SC;NO_FABRICATED_NEAREST;NOT_REJECTED;NOT_USPS_VALIDITY;NO_INVENTORY
40257,OBSERVED_REFERENCE_INDIRECT_ONLY,,,,INDIRECT_IMLS_SC;NO_FABRICATED_NEAREST,INDIRECT_IMLS_SC;NO_FABRICATED_NEAREST;NOT_REJECTED;NOT_USPS_VALIDITY;NO_INVENTORY
40258,ZCTA_NEAREST_ACTIVE_OUTLET,KY0053,021,3.968,ZCTA_NN;R6371;TIE_FIRST_LEX,ZCTA_NN_HAVERSINE;NOT_ELIGIBILITY;NOT_USPS_VALIDITY;NO_INVENTORY
40259,OBSERVED_REFERENCE_INDIRECT_ONLY,,,,INDIRECT_IMLS_SC;NO_FABRICATED_NEAREST,INDIRECT_IMLS_SC;NO_FABRICATED_NEAREST;NOT_REJECTED;NOT_USPS_VALIDITY;NO_INVENTORY
40268,OBSERVED_REFERENCE_INDIRECT_ONLY,,,,INDIRECT_IMLS_SC;NO_FABRICATED_NEAREST,INDIRECT_IMLS_SC;NO_FABRICATED_NEAREST;NOT_REJECTED;NOT_USPS_VALIDITY;NO_INVENTORY
40269,OBSERVED_REFERENCE_INDIRECT_ONLY,,,,INDIRECT_IMLS_SC;NO_FABRICATED_NEAREST,INDIRECT_IMLS_SC;NO_FABRICATED_NEAREST;NOT_REJECTED;NOT_USPS_VALIDITY;NO_INVENTORY
40270,OBSERVED_REFERENCE_INDIRECT_ONLY,,,,INDIRECT_IMLS_SC;NO_FABRICATED_NEAREST,INDIRECT_IMLS_SC;NO_FABRICATED_NEAREST;NOT_REJECTED;NOT_USPS_VALIDITY;NO_INVENTORY
40272,EXACT_IMLS_OUTLET_ZIP,KY0053,021,,EXACT_OUTLET;TIE_FSCSKEY_SEQ,EXACT_OUTLET;NOT_USPS_VALIDITY;NO_INVENTORY
40280,ZCTA_NEAREST_ACTIVE_OUTLET,KY0053,004,0.869,ZCTA_NN;R6371;TIE_FIRST_LEX,ZCTA_NN_HAVERSINE;NOT_ELIGIBILITY;NOT_USPS_VALIDITY;NO_INVENTORY
40291,ZCTA_NEAREST_ACTIVE_OUTLET,KY0053,009,8.131,ZCTA_NN;R6371;TIE_FIRST_LEX,ZCTA_NN_HAVERSINE;NOT_ELIGIBILITY;NOT_USPS_VALIDITY;NO_INVENTORY
40292,OBSERVED_REFERENCE_INDIRECT_ONLY,,,,INDIRECT_IMLS_SC;NO_FABRICATED_NEAREST,INDIRECT_IMLS_SC;NO_FABRICATED_NEAREST;NOT_REJECTED;NOT_USPS_VALIDITY;NO_INVENTORY
40299,EXACT_IMLS_OUTLET_ZIP,KY0053,009,,EXACT_OUTLET;TIE_FSCSKEY_SEQ,EXACT_OUTLET;NOT_USPS_VALIDITY;NO_INVENTORY
40310,ZCTA_NEAREST_ACTIVE_OUTLET,KY0079,002,6.393,ZCTA_NN;R6371;TIE_FIRST_LEX,ZCTA_NN_HAVERSINE;NOT_ELIGIBILITY;NOT_USPS_VALIDITY;NO_INVENTORY
40311,EXACT_IMLS_OUTLET_ZIP,KY0086,002,,EXACT_OUTLET;TIE_FSCSKEY_SEQ,EXACT_OUTLET;NOT_USPS_VALIDITY;NO_INVENTORY
40312,ZCTA_NEAREST_ACTIVE_OUTLET,KY0094,002,6.397,ZCTA_NN;R6371;TIE_FIRST_LEX,ZCTA_NN_HAVERSINE;NOT_ELIGIBILITY;NOT_USPS_VALIDITY;NO_INVENTORY
40313,ZCTA_NEAREST_ACTIVE_OUTLET,KY0098,002,8.695,ZCTA_NN;R6371;TIE_FIRST_LEX,ZCTA_NN_HAVERSINE;NOT_ELIGIBILITY;NOT_USPS_VALIDITY;NO_INVENTORY
40316,ZCTA_NEAREST_ACTIVE_OUTLET,KY0078,002,11.682,ZCTA_NN;R6371;TIE_FIRST_LEX,ZCTA_NN_HAVERSINE;NOT_ELIGIBILITY;NOT_USPS_VALIDITY;NO_INVENTORY
40322,EXACT_IMLS_OUTLET_ZIP,KY0078,002,,EXACT_OUTLET;TIE_FSCSKEY_SEQ,EXACT_OUTLET;NOT_USPS_VALIDITY;NO_INVENTORY
40324,EXACT_IMLS_OUTLET_ZIP,KY0100,006,,EXACT_OUTLET;TIE_FSCSKEY_SEQ,EXACT_OUTLET;NOT_USPS_VALIDITY;NO_INVENTORY
40328,ZCTA_NEAREST_ACTIVE_OUTLET,KY0071,002,20.954,ZCTA_NN;R6371;TIE_FIRST_LEX,ZCTA_NN_HAVERSINE;NOT_ELIGIBILITY;NOT_USPS_VALIDITY;NO_INVENTORY
40330,EXACT_IMLS_OUTLET_ZIP,KY0079,002,,EXACT_OUTLET;TIE_FSCSKEY_SEQ,EXACT_OUTLET;NOT_USPS_VALIDITY;NO_INVENTORY
40334,ZCTA_NEAREST_ACTIVE_OUTLET,KY0078,002,11.286,ZCTA_NN;R6371;TIE_FIRST_LEX,ZCTA_NN_HAVERSINE;NOT_ELIGIBILITY;NOT_USPS_VALIDITY;NO_INVENTORY
40336,EXACT_IMLS_OUTLET_ZIP,KY0030,002,,EXACT_OUTLET;TIE_FSCSKEY_SEQ,EXACT_OUTLET;NOT_USPS_VALIDITY;NO_INVENTORY
40337,ZCTA_NEAREST_ACTIVE_OUTLET,KY0082,001,6.436,ZCTA_NN;R6371;TIE_FIRST_LEX,ZCTA_NN_HAVERSINE;NOT_ELIGIBILITY;NOT_USPS_VALIDITY;NO_INVENTORY
40339,ZCTA_NEAREST_ACTIVE_OUTLET,KY0054,004,9.512,ZCTA_NN;R6371;TIE_FIRST_LEX,ZCTA_NN_HAVERSINE;NOT_ELIGIBILITY;NOT_USPS_VALIDITY;NO_INVENTORY
40340,OBSERVED_REFERENCE_INDIRECT_ONLY,,,,INDIRECT_IMLS_SC;NO_FABRICATED_NEAREST,INDIRECT_IMLS_SC;NO_FABRICATED_NEAREST;NOT_REJECTED;NOT_USPS_VALIDITY;NO_INVENTORY
40342,EXACT_IMLS_OUTLET_ZIP,KY0003,002,,EXACT_OUTLET;TIE_FSCSKEY_SEQ,EXACT_OUTLET;NOT_USPS_VALIDITY;NO_INVENTORY
40346,ZCTA_NEAREST_ACTIVE_OUTLET,KY0078,002,8.830,ZCTA_NN;R6371;TIE_FIRST_LEX,ZCTA_NN_HAVERSINE;NOT_ELIGIBILITY;NOT_USPS_VALIDITY;NO_INVENTORY
40347,EXACT_IMLS_OUTLET_ZIP,KY0115,001,,EXACT_OUTLET;TIE_FSCSKEY_SEQ,EXACT_OUTLET;NOT_USPS_VALIDITY;NO_INVENTORY
40348,EXACT_IMLS_OUTLET_ZIP,KY0009,004,,EXACT_OUTLET;TIE_FSCSKEY_SEQ,EXACT_OUTLET;NOT_USPS_VALIDITY;NO_INVENTORY
40350,ZCTA_NEAREST_ACTIVE_OUTLET,KY0006,004,12.542,ZCTA_NN;R6371;TIE_FIRST_LEX,ZCTA_NN_HAVERSINE;NOT_ELIGIBILITY;NOT_USPS_VALIDITY;NO_INVENTORY
40351,EXACT_IMLS_OUTLET_ZIP,KY0098,002,,EXACT_OUTLET;TIE_FSCSKEY_SEQ,EXACT_OUTLET;NOT_USPS_VALIDITY;NO_INVENTORY
40353,EXACT_IMLS_OUTLET_ZIP,KY0082,001,,EXACT_OUTLET;TIE_FSCSKEY_SEQ,EXACT_OUTLET;NOT_USPS_VALIDITY;NO_INVENTORY
40355,ZCTA_NEAREST_ACTIVE_OUTLET,KY0089,002,9.780,ZCTA_NN;R6371;TIE_FIRST_LEX,ZCTA_NN_HAVERSINE;NOT_ELIGIBILITY;NOT_USPS_VALIDITY;NO_INVENTORY
40356,EXACT_IMLS_OUTLET_ZIP,KY0054,002,,EXACT_OUTLET;TIE_FSCSKEY_SEQ,EXACT_OUTLET;NOT_USPS_VALIDITY;NO_INVENTORY
40357,ZCTA_NEAREST_ACTIVE_OUTLET,KY0009,002,14.547,ZCTA_NN;R6371;TIE_FIRST_LEX,ZCTA_NN_HAVERSINE;NOT_ELIGIBILITY;NOT_USPS_VALIDITY;NO_INVENTORY
40358,ZCTA_NEAREST_ACTIVE_OUTLET,KY0078,002,11.733,ZCTA_NN;R6371;TIE_FIRST_LEX,ZCTA_NN_HAVERSINE;NOT_ELIGIBILITY;NOT_USPS_VALIDITY;NO_INVENTORY
40359,EXACT_IMLS_OUTLET_ZIP,KY0089,002,,EXACT_OUTLET;TIE_FSCSKEY_SEQ,EXACT_OUTLET;NOT_USPS_VALIDITY;NO_INVENTORY
40360,EXACT_IMLS_OUTLET_ZIP,KY0006,002,,EXACT_OUTLET;TIE_FSCSKEY_SEQ,EXACT_OUTLET;NOT_USPS_VALIDITY;NO_INVENTORY
40361,EXACT_IMLS_OUTLET_ZIP,KY0009,002,,EXACT_OUTLET;TIE_FSCSKEY_SEQ,EXACT_OUTLET;NOT_USPS_VALIDITY;NO_INVENTORY
40362,OBSERVED_REFERENCE_INDIRECT_ONLY,,,,INDIRECT_IMLS_SC;NO_FABRICATED_NEAREST,INDIRECT_IMLS_SC;NO_FABRICATED_NEAREST;NOT_REJECTED;NOT_USPS_VALIDITY;NO_INVENTORY
40363,ZCTA_NEAREST_ACTIVE_OUTLET,KY0089,002,16.838,ZCTA_NN;R6371;TIE_FIRST_LEX,ZCTA_NN_HAVERSINE;NOT_ELIGIBILITY;NOT_USPS_VALIDITY;NO_INVENTORY
40370,ZCTA_NEAREST_ACTIVE_OUTLET,KY0046,002,20.267,ZCTA_NN;R6371;TIE_FIRST_LEX,ZCTA_NN_HAVERSINE;NOT_ELIGIBILITY;NOT_USPS_VALIDITY;NO_INVENTORY
40371,ZCTA_NEAREST_ACTIVE_OUTLET,KY0078,002,15.050,ZCTA_NN;R6371;TIE_FIRST_LEX,ZCTA_NN_HAVERSINE;NOT_ELIGIBILITY;NOT_USPS_VALIDITY;NO_INVENTORY
40372,ZCTA_NEAREST_ACTIVE_OUTLET,KY0003,002,14.094,ZCTA_NN;R6371;TIE_FIRST_LEX,ZCTA_NN_HAVERSINE;NOT_ELIGIBILITY;NOT_USPS_VALIDITY;NO_INVENTORY
40374,EXACT_IMLS_OUTLET_ZIP,KY0006,004,,EXACT_OUTLET;TIE_FSCSKEY_SEQ,EXACT_OUTLET;NOT_USPS_VALIDITY;NO_INVENTORY
40376,ZCTA_NEAREST_ACTIVE_OUTLET,KY0094,004,13.733,ZCTA_NN;R6371;TIE_FIRST_LEX,ZCTA_NN_HAVERSINE;NOT_ELIGIBILITY;NOT_USPS_VALIDITY;NO_INVENTORY
40379,ZCTA_NEAREST_ACTIVE_OUTLET,KY0100,006,17.062,ZCTA_NN;R6371;TIE_FIRST_LEX,ZCTA_NN_HAVERSINE;NOT_ELIGIBILITY;NOT_USPS_VALIDITY;NO_INVENTORY
40380,EXACT_IMLS_OUTLET_ZIP,KY0094,002,,EXACT_OUTLET;TIE_FSCSKEY_SEQ,EXACT_OUTLET;NOT_USPS_VALIDITY;NO_INVENTORY
40383,EXACT_IMLS_OUTLET_ZIP,KY0115,002,,EXACT_OUTLET;TIE_FSCSKEY_SEQ,EXACT_OUTLET;NOT_USPS_VALIDITY;NO_INVENTORY
40385,ZCTA_NEAREST_ACTIVE_OUTLET,KY0069,002,14.610,ZCTA_NN;R6371;TIE_FIRST_LEX,ZCTA_NN_HAVERSINE;NOT_ELIGIBILITY;NOT_USPS_VALIDITY;NO_INVENTORY
40387,ZCTA_NEAREST_ACTIVE_OUTLET,KY0078,002,14.489,ZCTA_NN;R6371;TIE_FIRST_LEX,ZCTA_NN_HAVERSINE;NOT_ELIGIBILITY;NOT_USPS_VALIDITY;NO_INVENTORY
40390,EXACT_IMLS_OUTLET_ZIP,KY0054,004,,EXACT_OUTLET;TIE_FSCSKEY_SEQ,EXACT_OUTLET;NOT_USPS_VALIDITY;NO_INVENTORY
40391,EXACT_IMLS_OUTLET_ZIP,KY0022,004,,EXACT_OUTLET;TIE_FSCSKEY_SEQ,EXACT_OUTLET;NOT_USPS_VALIDITY;NO_INVENTORY
40392,OBSERVED_REFERENCE_INDIRECT_ONLY,,,,INDIRECT_IMLS_SC;NO_FABRICATED_NEAREST,INDIRECT_IMLS_SC;NO_FABRICATED_NEAREST;NOT_REJECTED;NOT_USPS_VALIDITY;NO_INVENTORY
40402,ZCTA_NEAREST_ACTIVE_OUTLET,KY0052,002,15.650,ZCTA_NN;R6371;TIE_FIRST_LEX,ZCTA_NN_HAVERSINE;NOT_ELIGIBILITY;NOT_USPS_VALIDITY;NO_INVENTORY
40403,EXACT_IMLS_OUTLET_ZIP,KY0069,003,,EXACT_OUTLET;TIE_FSCSKEY_SEQ,EXACT_OUTLET;NOT_USPS_VALIDITY;NO_INVENTORY
40404,ZCTA_NEAREST_ACTIVE_OUTLET,KY0069,003,0.678,ZCTA_NN;R6371;TIE_FIRST_LEX,ZCTA_NN_HAVERSINE;NOT_ELIGIBILITY;NOT_USPS_VALIDITY;NO_INVENTORY
40405,OBSERVED_REFERENCE_INDIRECT_ONLY,,,,INDIRECT_IMLS_SC;NO_FABRICATED_NEAREST,INDIRECT_IMLS_SC;NO_FABRICATED_NEAREST;NOT_REJECTED;NOT_USPS_VALIDITY;NO_INVENTORY
40409,ZCTA_NEAREST_ACTIVE_OUTLET,KY0097,001,8.959,ZCTA_NN;R6371;TIE_FIRST_LEX,ZCTA_NN_HAVERSINE;NOT_ELIGIBILITY;NOT_USPS_VALIDITY;NO_INVENTORY
40419,ZCTA_NEAREST_ACTIVE_OUTLET,KY0097,001,16.693,ZCTA_NN;R6371;TIE_FIRST_LEX,ZCTA_NN_HAVERSINE;NOT_ELIGIBILITY;NOT_USPS_VALIDITY;NO_INVENTORY
40422,EXACT_IMLS_OUTLET_ZIP,KY0011,002,,EXACT_OUTLET;TIE_FSCSKEY_SEQ,EXACT_OUTLET;NOT_USPS_VALIDITY;NO_INVENTORY
40423,OBSERVED_REFERENCE_INDIRECT_ONLY,,,,INDIRECT_IMLS_SC;NO_FABRICATED_NEAREST,INDIRECT_IMLS_SC;NO_FABRICATED_NEAREST;NOT_REJECTED;NOT_USPS_VALIDITY;NO_INVENTORY
40434,ZCTA_NEAREST_ACTIVE_OUTLET,KY0052,002,6.816,ZCTA_NN;R6371;TIE_FIRST_LEX,ZCTA_NN_HAVERSINE;NOT_ELIGIBILITY;NOT_USPS_VALIDITY;NO_INVENTORY
40437,ZCTA_NEAREST_ACTIVE_OUTLET,KY0020,002,17.694,ZCTA_NN;R6371;TIE_FIRST_LEX,ZCTA_NN_HAVERSINE;NOT_ELIGIBILITY;NOT_USPS_VALIDITY;NO_INVENTORY
40440,ZCTA_NEAREST_ACTIVE_OUTLET,KY0011,002,9.647,ZCTA_NN;R6371;TIE_FIRST_LEX,ZCTA_NN_HAVERSINE;NOT_ELIGIBILITY;NOT_USPS_VALIDITY;NO_INVENTORY
40442,ZCTA_NEAREST_ACTIVE_OUTLET,KY0020,002,17.396,ZCTA_NN;R6371;TIE_FIRST_LEX,ZCTA_NN_HAVERSINE;NOT_ELIGIBILITY;NOT_USPS_VALIDITY;NO_INVENTORY
40444,EXACT_IMLS_OUTLET_ZIP,KY0037,002,,EXACT_OUTLET;TIE_FSCSKEY_SEQ,EXACT_OUTLET;NOT_USPS_VALIDITY;NO_INVENTORY
40445,ZCTA_NEAREST_ACTIVE_OUTLET,KY0097,001,11.312,ZCTA_NN;R6371;TIE_FIRST_LEX,ZCTA_NN_HAVERSINE;NOT_ELIGIBILITY;NOT_USPS_VALIDITY;NO_INVENTORY
40447,EXACT_IMLS_OUTLET_ZIP,KY0052,002,,EXACT_OUTLET;TIE_FSCSKEY_SEQ,EXACT_OUTLET;NOT_USPS_VALIDITY;NO_INVENTORY
40448,ZCTA_NEAREST_ACTIVE_OUTLET,KY0066,002,11.737,ZCTA_NN;R6371;TIE_FIRST_LEX,ZCTA_NN_HAVERSINE;NOT_ELIGIBILITY;NOT_USPS_VALIDITY;NO_INVENTORY
40456,EXACT_IMLS_OUTLET_ZIP,KY0097,001,,EXACT_OUTLET;TIE_FSCSKEY_SEQ,EXACT_OUTLET;NOT_USPS_VALIDITY;NO_INVENTORY
40460,ZCTA_NEAREST_ACTIVE_OUTLET,KY0097,001,8.978,ZCTA_NN;R6371;TIE_FIRST_LEX,ZCTA_NN_HAVERSINE;NOT_ELIGIBILITY;NOT_USPS_VALIDITY;NO_INVENTORY
40461,ZCTA_NEAREST_ACTIVE_OUTLET,KY0069,003,9.829,ZCTA_NN;R6371;TIE_FIRST_LEX,ZCTA_NN_HAVERSINE;NOT_ELIGIBILITY;NOT_USPS_VALIDITY;NO_INVENTORY
40464,ZCTA_NEAREST_ACTIVE_OUTLET,KY0011,002,15.803,ZCTA_NN;R6371;TIE_FIRST_LEX,ZCTA_NN_HAVERSINE;NOT_ELIGIBILITY;NOT_USPS_VALIDITY;NO_INVENTORY
40468,ZCTA_NEAREST_ACTIVE_OUTLET,KY0079,002,17.358,ZCTA_NN;R6371;TIE_FIRST_LEX,ZCTA_NN_HAVERSINE;NOT_ELIGIBILITY;NOT_USPS_VALIDITY;NO_INVENTORY
40472,ZCTA_NEAREST_ACTIVE_OUTLET,KY0030,002,10.510,ZCTA_NN;R6371;TIE_FIRST_LEX,ZCTA_NN_HAVERSINE;NOT_ELIGIBILITY;NOT_USPS_VALIDITY;NO_INVENTORY
40475,EXACT_IMLS_OUTLET_ZIP,KY0069,002,,EXACT_OUTLET;TIE_FSCSKEY_SEQ,EXACT_OUTLET;NOT_USPS_VALIDITY;NO_INVENTORY
40476,OBSERVED_REFERENCE_INDIRECT_ONLY,,,,INDIRECT_IMLS_SC;NO_FABRICATED_NEAREST,INDIRECT_IMLS_SC;NO_FABRICATED_NEAREST;NOT_REJECTED;NOT_USPS_VALIDITY;NO_INVENTORY
40481,ZCTA_NEAREST_ACTIVE_OUTLET,KY0052,002,7.337,ZCTA_NN;R6371;TIE_FIRST_LEX,ZCTA_NN_HAVERSINE;NOT_ELIGIBILITY;NOT_USPS_VALIDITY;NO_INVENTORY
40484,EXACT_IMLS_OUTLET_ZIP,KY0066,002,,EXACT_OUTLET;TIE_FSCSKEY_SEQ,EXACT_OUTLET;NOT_USPS_VALIDITY;NO_INVENTORY
40486,ZCTA_NEAREST_ACTIVE_OUTLET,KY0052,002,14.144,ZCTA_NN;R6371;TIE_FIRST_LEX,ZCTA_NN_HAVERSINE;NOT_ELIGIBILITY;NOT_USPS_VALIDITY;NO_INVENTORY
40489,ZCTA_NEAREST_ACTIVE_OUTLET,KY0066,002,18.894,ZCTA_NN;R6371;TIE_FIRST_LEX,ZCTA_NN_HAVERSINE;NOT_ELIGIBILITY;NOT_USPS_VALIDITY;NO_INVENTORY
40502,ZCTA_NEAREST_ACTIVE_OUTLET,KY0031,004,3.703,ZCTA_NN;R6371;TIE_FIRST_LEX,ZCTA_NN_HAVERSINE;NOT_ELIGIBILITY;NOT_USPS_VALIDITY;NO_INVENTORY
40503,ZCTA_NEAREST_ACTIVE_OUTLET,KY0031,010,2.282,ZCTA_NN;R6371;TIE_FIRST_LEX,ZCTA_NN_HAVERSINE;NOT_ELIGIBILITY;NOT_USPS_VALIDITY;NO_INVENTORY
40504,EXACT_IMLS_OUTLET_ZIP,KY0031,011,,EXACT_OUTLET;TIE_FSCSKEY_SEQ,EXACT_OUTLET;NOT_USPS_VALIDITY;NO_INVENTORY
40505,EXACT_IMLS_OUTLET_ZIP,KY0031,005,,EXACT_OUTLET;TIE_FSCSKEY_SEQ,EXACT_OUTLET;NOT_USPS_VALIDITY;NO_INVENTORY
40506,OBSERVED_REFERENCE_INDIRECT_ONLY,,,,INDIRECT_IMLS_SC;NO_FABRICATED_NEAREST,INDIRECT_IMLS_SC;NO_FABRICATED_NEAREST;NOT_REJECTED;NOT_USPS_VALIDITY;NO_INVENTORY
40507,EXACT_IMLS_OUTLET_ZIP,KY0031,002,,EXACT_OUTLET;TIE_FSCSKEY_SEQ,EXACT_OUTLET;NOT_USPS_VALIDITY;NO_INVENTORY
40508,ZCTA_NEAREST_ACTIVE_OUTLET,KY0031,002,2.127,ZCTA_NN;R6371;TIE_FIRST_LEX,ZCTA_NN_HAVERSINE;NOT_ELIGIBILITY;NOT_USPS_VALIDITY;NO_INVENTORY
40509,EXACT_IMLS_OUTLET_ZIP,KY0031,009,,EXACT_OUTLET;TIE_FSCSKEY_SEQ,EXACT_OUTLET;NOT_USPS_VALIDITY;NO_INVENTORY
40510,ZCTA_NEAREST_ACTIVE_OUTLET,KY0031,012,4.091,ZCTA_NN;R6371;TIE_FIRST_LEX,ZCTA_NN_HAVERSINE;NOT_ELIGIBILITY;NOT_USPS_VALIDITY;NO_INVENTORY
40511,ZCTA_NEAREST_ACTIVE_OUTLET,KY0031,005,6.923,ZCTA_NN;R6371;TIE_FIRST_LEX,ZCTA_NN_HAVERSINE;NOT_ELIGIBILITY;NOT_USPS_VALIDITY;NO_INVENTORY
40513,EXACT_IMLS_OUTLET_ZIP,KY0031,010,,EXACT_OUTLET;TIE_FSCSKEY_SEQ,EXACT_OUTLET;NOT_USPS_VALIDITY;NO_INVENTORY
40514,ZCTA_NEAREST_ACTIVE_OUTLET,KY0031,010,3.406,ZCTA_NN;R6371;TIE_FIRST_LEX,ZCTA_NN_HAVERSINE;NOT_ELIGIBILITY;NOT_USPS_VALIDITY;NO_INVENTORY
40515,ZCTA_NEAREST_ACTIVE_OUTLET,KY0031,004,10.467,ZCTA_NN;R6371;TIE_FIRST_LEX,ZCTA_NN_HAVERSINE;NOT_ELIGIBILITY;NOT_USPS_VALIDITY;NO_INVENTORY
40516,ZCTA_NEAREST_ACTIVE_OUTLET,KY0031,005,9.386,ZCTA_NN;R6371;TIE_FIRST_LEX,ZCTA_NN_HAVERSINE;NOT_ELIGIBILITY;NOT_USPS_VALIDITY;NO_INVENTORY
40517,EXACT_IMLS_OUTLET_ZIP,KY0031,004,,EXACT_OUTLET;TIE_FSCSKEY_SEQ,EXACT_OUTLET;NOT_USPS_VALIDITY;NO_INVENTORY
40522,OBSERVED_REFERENCE_INDIRECT_ONLY,,,,INDIRECT_IMLS_SC;NO_FABRICATED_NEAREST,INDIRECT_IMLS_SC;NO_FABRICATED_NEAREST;NOT_REJECTED;NOT_USPS_VALIDITY;NO_INVENTORY
40523,OBSERVED_REFERENCE_INDIRECT_ONLY,,,,INDIRECT_IMLS_SC;NO_FABRICATED_NEAREST,INDIRECT_IMLS_SC;NO_FABRICATED_NEAREST;NOT_REJECTED;NOT_USPS_VALIDITY;NO_INVENTORY
40526,ZCTA_NEAREST_ACTIVE_OUTLET,KY0031,002,1.842,ZCTA_NN;R6371;TIE_FIRST_LEX,ZCTA_NN_HAVERSINE;NOT_ELIGIBILITY;NOT_USPS_VALIDITY;NO_INVENTORY
40536,ZCTA_NEAREST_ACTIVE_OUTLET,KY0031,002,2.019,ZCTA_NN;R6371;TIE_FIRST_LEX,ZCTA_NN_HAVERSINE;NOT_ELIGIBILITY;NOT_USPS_VALIDITY;NO_INVENTORY
40555,OBSERVED_REFERENCE_INDIRECT_ONLY,,,,INDIRECT_IMLS_SC;NO_FABRICATED_NEAREST,INDIRECT_IMLS_SC;NO_FABRICATED_NEAREST;NOT_REJECTED;NOT_USPS_VALIDITY;NO_INVENTORY
40581,OBSERVED_REFERENCE_INDIRECT_ONLY,,,,INDIRECT_IMLS_SC;NO_FABRICATED_NEAREST,INDIRECT_IMLS_SC;NO_FABRICATED_NEAREST;NOT_REJECTED;NOT_USPS_VALIDITY;NO_INVENTORY
40583,OBSERVED_REFERENCE_INDIRECT_ONLY,,,,INDIRECT_IMLS_SC;NO_FABRICATED_NEAREST,INDIRECT_IMLS_SC;NO_FABRICATED_NEAREST;NOT_REJECTED;NOT_USPS_VALIDITY;NO_INVENTORY
40588,OBSERVED_REFERENCE_INDIRECT_ONLY,,,,INDIRECT_IMLS_SC;NO_FABRICATED_NEAREST,INDIRECT_IMLS_SC;NO_FABRICATED_NEAREST;NOT_REJECTED;NOT_USPS_VALIDITY;NO_INVENTORY
40591,OBSERVED_REFERENCE_INDIRECT_ONLY,,,,INDIRECT_IMLS_SC;NO_FABRICATED_NEAREST,INDIRECT_IMLS_SC;NO_FABRICATED_NEAREST;NOT_REJECTED;NOT_USPS_VALIDITY;NO_INVENTORY
40601,EXACT_IMLS_OUTLET_ZIP,KY0034,002,,EXACT_OUTLET;TIE_FSCSKEY_SEQ,EXACT_OUTLET;NOT_USPS_VALIDITY;NO_INVENTORY
40602,OBSERVED_REFERENCE_INDIRECT_ONLY,,,,INDIRECT_IMLS_SC;NO_FABRICATED_NEAREST,INDIRECT_IMLS_SC;NO_FABRICATED_NEAREST;NOT_REJECTED;NOT_USPS_VALIDITY;NO_INVENTORY
40604,OBSERVED_REFERENCE_INDIRECT_ONLY,,,,INDIRECT_IMLS_SC;NO_FABRICATED_NEAREST,INDIRECT_IMLS_SC;NO_FABRICATED_NEAREST;NOT_REJECTED;NOT_USPS_VALIDITY;NO_INVENTORY
40701,EXACT_IMLS_OUTLET_ZIP,KY0806,001,,EXACT_OUTLET;TIE_FSCSKEY_SEQ,EXACT_OUTLET;NOT_USPS_VALIDITY;NO_INVENTORY
40702,OBSERVED_REFERENCE_INDIRECT_ONLY,,,,INDIRECT_IMLS_SC;NO_FABRICATED_NEAREST,INDIRECT_IMLS_SC;NO_FABRICATED_NEAREST;NOT_REJECTED;NOT_USPS_VALIDITY;NO_INVENTORY
40729,ZCTA_NEAREST_ACTIVE_OUTLET,KY0060,002,16.761,ZCTA_NN;R6371;TIE_FIRST_LEX,ZCTA_NN_HAVERSINE;NOT_ELIGIBILITY;NOT_USPS_VALIDITY;NO_INVENTORY
40734,ZCTA_NEAREST_ACTIVE_OUTLET,KY0058,002,10.479,ZCTA_NN;R6371;TIE_FIRST_LEX,ZCTA_NN_HAVERSINE;NOT_ELIGIBILITY;NOT_USPS_VALIDITY;NO_INVENTORY
40737,ZCTA_NEAREST_ACTIVE_OUTLET,KY0806,001,8.289,ZCTA_NN;R6371;TIE_FIRST_LEX,ZCTA_NN_HAVERSINE;NOT_ELIGIBILITY;NOT_USPS_VALIDITY;NO_INVENTORY
40740,ZCTA_NEAREST_ACTIVE_OUTLET,KY0806,001,9.384,ZCTA_NN;R6371;TIE_FIRST_LEX,ZCTA_NN_HAVERSINE;NOT_ELIGIBILITY;NOT_USPS_VALIDITY;NO_INVENTORY
40741,EXACT_IMLS_OUTLET_ZIP,KY0060,002,,EXACT_OUTLET;TIE_FSCSKEY_SEQ,EXACT_OUTLET;NOT_USPS_VALIDITY;NO_INVENTORY
40743,OBSERVED_REFERENCE_INDIRECT_ONLY,,,,INDIRECT_IMLS_SC;NO_FABRICATED_NEAREST,INDIRECT_IMLS_SC;NO_FABRICATED_NEAREST;NOT_REJECTED;NOT_USPS_VALIDITY;NO_INVENTORY
40744,ZCTA_NEAREST_ACTIVE_OUTLET,KY0806,001,9.227,ZCTA_NN;R6371;TIE_FIRST_LEX,ZCTA_NN_HAVERSINE;NOT_ELIGIBILITY;NOT_USPS_VALIDITY;NO_INVENTORY
40759,ZCTA_NEAREST_ACTIVE_OUTLET,KY0113,002,12.030,ZCTA_NN;R6371;TIE_FIRST_LEX,ZCTA_NN_HAVERSINE;NOT_ELIGIBILITY;NOT_USPS_VALIDITY;NO_INVENTORY
40763,ZCTA_NEAREST_ACTIVE_OUTLET,KY0058,002,20.035,ZCTA_NN;R6371;TIE_FIRST_LEX,ZCTA_NN_HAVERSINE;NOT_ELIGIBILITY;NOT_USPS_VALIDITY;NO_INVENTORY
40769,EXACT_IMLS_OUTLET_ZIP,KY0113,002,,EXACT_OUTLET;TIE_FSCSKEY_SEQ,EXACT_OUTLET;NOT_USPS_VALIDITY;NO_INVENTORY
40771,ZCTA_NEAREST_ACTIVE_OUTLET,KY0806,001,10.956,ZCTA_NN;R6371;TIE_FIRST_LEX,ZCTA_NN_HAVERSINE;NOT_ELIGIBILITY;NOT_USPS_VALIDITY;NO_INVENTORY
40801,ZCTA_NEAREST_ACTIVE_OUTLET,KY0045,005,5.537,ZCTA_NN;R6371;TIE_FIRST_LEX,ZCTA_NN_HAVERSINE;NOT_ELIGIBILITY;NOT_USPS_VALIDITY;NO_INVENTORY
40803,ZCTA_NEAREST_ACTIVE_OUTLET,KY0063,002,13.600,ZCTA_NN;R6371;TIE_FIRST_LEX,ZCTA_NN_HAVERSINE;NOT_ELIGIBILITY;NOT_USPS_VALIDITY;NO_INVENTORY
40806,ZCTA_NEAREST_ACTIVE_OUTLET,KY0045,002,5.298,ZCTA_NN;R6371;TIE_FIRST_LEX,ZCTA_NN_HAVERSINE;NOT_ELIGIBILITY;NOT_USPS_VALIDITY;NO_INVENTORY
40807,ZCTA_NEAREST_ACTIVE_OUTLET,KY0045,003,3.485,ZCTA_NN;R6371;TIE_FIRST_LEX,ZCTA_NN_HAVERSINE;NOT_ELIGIBILITY;NOT_USPS_VALIDITY;NO_INVENTORY
40808,ZCTA_NEAREST_ACTIVE_OUTLET,KY0045,002,18.316,ZCTA_NN;R6371;TIE_FIRST_LEX,ZCTA_NN_HAVERSINE;NOT_ELIGIBILITY;NOT_USPS_VALIDITY;NO_INVENTORY
40810,ZCTA_NEAREST_ACTIVE_OUTLET,KY0045,002,10.524,ZCTA_NN;R6371;TIE_FIRST_LEX,ZCTA_NN_HAVERSINE;NOT_ELIGIBILITY;NOT_USPS_VALIDITY;NO_INVENTORY
40813,ZCTA_NEAREST_ACTIVE_OUTLET,KY0007,003,10.932,ZCTA_NN;R6371;TIE_FIRST_LEX,ZCTA_NN_HAVERSINE;NOT_ELIGIBILITY;NOT_USPS_VALIDITY;NO_INVENTORY
40815,ZCTA_NEAREST_ACTIVE_OUTLET,KY0045,005,8.779,ZCTA_NN;R6371;TIE_FIRST_LEX,ZCTA_NN_HAVERSINE;NOT_ELIGIBILITY;NOT_USPS_VALIDITY;NO_INVENTORY
40816,ZCTA_NEAREST_ACTIVE_OUTLET,KY0063,002,16.557,ZCTA_NN;R6371;TIE_FIRST_LEX,ZCTA_NN_HAVERSINE;NOT_ELIGIBILITY;NOT_USPS_VALIDITY;NO_INVENTORY
40818,ZCTA_NEAREST_ACTIVE_OUTLET,KY0045,005,6.473,ZCTA_NN;R6371;TIE_FIRST_LEX,ZCTA_NN_HAVERSINE;NOT_ELIGIBILITY;NOT_USPS_VALIDITY;NO_INVENTORY
40819,ZCTA_NEAREST_ACTIVE_OUTLET,KY0045,002,11.920,ZCTA_NN;R6371;TIE_FIRST_LEX,ZCTA_NN_HAVERSINE;NOT_ELIGIBILITY;NOT_USPS_VALIDITY;NO_INVENTORY
40820,ZCTA_NEAREST_ACTIVE_OUTLET,KY0045,005,7.971,ZCTA_NN;R6371;TIE_FIRST_LEX,ZCTA_NN_HAVERSINE;NOT_ELIGIBILITY;NOT_USPS_VALIDITY;NO_INVENTORY
40823,EXACT_IMLS_OUTLET_ZIP,KY0045,003,,EXACT_OUTLET;TIE_FSCSKEY_SEQ,EXACT_OUTLET;NOT_USPS_VALIDITY;NO_INVENTORY
40824,ZCTA_NEAREST_ACTIVE_OUTLET,KY0045,002,5.615,ZCTA_NN;R6371;TIE_FIRST_LEX,ZCTA_NN_HAVERSINE;NOT_ELIGIBILITY;NOT_USPS_VALIDITY;NO_INVENTORY
40826,ZCTA_NEAREST_ACTIVE_OUTLET,KY0064,002,9.740,ZCTA_NN;R6371;TIE_FIRST_LEX,ZCTA_NN_HAVERSINE;NOT_ELIGIBILITY;NOT_USPS_VALIDITY;NO_INVENTORY
40827,ZCTA_NEAREST_ACTIVE_OUTLET,KY0063,002,18.486,ZCTA_NN;R6371;TIE_FIRST_LEX,ZCTA_NN_HAVERSINE;NOT_ELIGIBILITY;NOT_USPS_VALIDITY;NO_INVENTORY
40828,EXACT_IMLS_OUTLET_ZIP,KY0045,005,,EXACT_OUTLET;TIE_FSCSKEY_SEQ,EXACT_OUTLET;NOT_USPS_VALIDITY;NO_INVENTORY
40829,ZCTA_NEAREST_ACTIVE_OUTLET,KY0045,002,5.920,ZCTA_NN;R6371;TIE_FIRST_LEX,ZCTA_NN_HAVERSINE;NOT_ELIGIBILITY;NOT_USPS_VALIDITY;NO_INVENTORY
40830,ZCTA_NEAREST_ACTIVE_OUTLET,KY0045,002,7.935,ZCTA_NN;R6371;TIE_FIRST_LEX,ZCTA_NN_HAVERSINE;NOT_ELIGIBILITY;NOT_USPS_VALIDITY;NO_INVENTORY
40831,EXACT_IMLS_OUTLET_ZIP,KY0045,002,,EXACT_OUTLET;TIE_FSCSKEY_SEQ,EXACT_OUTLET;NOT_USPS_VALIDITY;NO_INVENTORY
40840,ZCTA_NEAREST_ACTIVE_OUTLET,KY0045,002,13.963,ZCTA_NN;R6371;TIE_FIRST_LEX,ZCTA_NN_HAVERSINE;NOT_ELIGIBILITY;NOT_USPS_VALIDITY;NO_INVENTORY
40843,ZCTA_NEAREST_ACTIVE_OUTLET,KY0045,003,10.423,ZCTA_NN;R6371;TIE_FIRST_LEX,ZCTA_NN_HAVERSINE;NOT_ELIGIBILITY;NOT_USPS_VALIDITY;NO_INVENTORY
40844,ZCTA_NEAREST_ACTIVE_OUTLET,KY0063,002,11.965,ZCTA_NN;R6371;TIE_FIRST_LEX,ZCTA_NN_HAVERSINE;NOT_ELIGIBILITY;NOT_USPS_VALIDITY;NO_INVENTORY
40845,ZCTA_NEAREST_ACTIVE_OUTLET,KY0007,003,17.392,ZCTA_NN;R6371;TIE_FIRST_LEX,ZCTA_NN_HAVERSINE;NOT_ELIGIBILITY;NOT_USPS_VALIDITY;NO_INVENTORY
40847,ZCTA_NEAREST_ACTIVE_OUTLET,KY0045,005,3.472,ZCTA_NN;R6371;TIE_FIRST_LEX,ZCTA_NN_HAVERSINE;NOT_ELIGIBILITY;NOT_USPS_VALIDITY;NO_INVENTORY
40849,ZCTA_NEAREST_ACTIVE_OUTLET,KY0045,005,6.473,ZCTA_NN;R6371;TIE_FIRST_LEX,ZCTA_NN_HAVERSINE;NOT_ELIGIBILITY;NOT_USPS_VALIDITY;NO_INVENTORY
40854,ZCTA_NEAREST_ACTIVE_OUTLET,KY0045,002,3.732,ZCTA_NN;R6371;TIE_FIRST_LEX,ZCTA_NN_HAVERSINE;NOT_ELIGIBILITY;NOT_USPS_VALIDITY;NO_INVENTORY
40855,ZCTA_NEAREST_ACTIVE_OUTLET,KY0045,003,10.751,ZCTA_NN;R6371;TIE_FIRST_LEX,ZCTA_NN_HAVERSINE;NOT_ELIGIBILITY;NOT_USPS_VALIDITY;NO_INVENTORY
40856,ZCTA_NEAREST_ACTIVE_OUTLET,KY0007,003,15.623,ZCTA_NN;R6371;TIE_FIRST_LEX,ZCTA_NN_HAVERSINE;NOT_ELIGIBILITY;NOT_USPS_VALIDITY;NO_INVENTORY
40858,ZCTA_NEAREST_ACTIVE_OUTLET,KY0063,002,16.896,ZCTA_NN;R6371;TIE_FIRST_LEX,ZCTA_NN_HAVERSINE;NOT_ELIGIBILITY;NOT_USPS_VALIDITY;NO_INVENTORY
40862,ZCTA_NEAREST_ACTIVE_OUTLET,KY0064,002,11.446,ZCTA_NN;R6371;TIE_FIRST_LEX,ZCTA_NN_HAVERSINE;NOT_ELIGIBILITY;NOT_USPS_VALIDITY;NO_INVENTORY
40863,ZCTA_NEAREST_ACTIVE_OUTLET,VA0043,008,8.523,ZCTA_NN;R6371;TIE_FIRST_LEX,ZCTA_NN_HAVERSINE;NOT_ELIGIBILITY;NOT_USPS_VALIDITY;NO_INVENTORY
40865,ZCTA_NEAREST_ACTIVE_OUTLET,KY0045,005,6.412,ZCTA_NN;R6371;TIE_FIRST_LEX,ZCTA_NN_HAVERSINE;NOT_ELIGIBILITY;NOT_USPS_VALIDITY;NO_INVENTORY
40868,ZCTA_NEAREST_ACTIVE_OUTLET,KY0063,002,8.730,ZCTA_NN;R6371;TIE_FIRST_LEX,ZCTA_NN_HAVERSINE;NOT_ELIGIBILITY;NOT_USPS_VALIDITY;NO_INVENTORY
40870,ZCTA_NEAREST_ACTIVE_OUTLET,KY0045,005,9.388,ZCTA_NN;R6371;TIE_FIRST_LEX,ZCTA_NN_HAVERSINE;NOT_ELIGIBILITY;NOT_USPS_VALIDITY;NO_INVENTORY
40873,ZCTA_NEAREST_ACTIVE_OUTLET,KY0045,002,8.184,ZCTA_NN;R6371;TIE_FIRST_LEX,ZCTA_NN_HAVERSINE;NOT_ELIGIBILITY;NOT_USPS_VALIDITY;NO_INVENTORY
40874,ZCTA_NEAREST_ACTIVE_OUTLET,KY0045,002,20.812,ZCTA_NN;R6371;TIE_FIRST_LEX,ZCTA_NN_HAVERSINE;NOT_ELIGIBILITY;NOT_USPS_VALIDITY;NO_INVENTORY
40902,ZCTA_NEAREST_ACTIVE_OUTLET,KY0007,003,13.997,ZCTA_NN;R6371;TIE_FIRST_LEX,ZCTA_NN_HAVERSINE;NOT_ELIGIBILITY;NOT_USPS_VALIDITY;NO_INVENTORY
40903,ZCTA_NEAREST_ACTIVE_OUTLET,KY0007,003,10.418,ZCTA_NN;R6371;TIE_FIRST_LEX,ZCTA_NN_HAVERSINE;NOT_ELIGIBILITY;NOT_USPS_VALIDITY;NO_INVENTORY
40906,EXACT_IMLS_OUTLET_ZIP,KY0058,002,,EXACT_OUTLET;TIE_FSCSKEY_SEQ,EXACT_OUTLET;NOT_USPS_VALIDITY;NO_INVENTORY
40913,ZCTA_NEAREST_ACTIVE_OUTLET,KY0007,003,23.026,ZCTA_NN;R6371;TIE_FIRST_LEX,ZCTA_NN_HAVERSINE;NOT_ELIGIBILITY;NOT_USPS_VALIDITY;NO_INVENTORY
40914,ZCTA_NEAREST_ACTIVE_OUTLET,KY0023,002,18.057,ZCTA_NN;R6371;TIE_FIRST_LEX,ZCTA_NN_HAVERSINE;NOT_ELIGIBILITY;NOT_USPS_VALIDITY;NO_INVENTORY
40915,ZCTA_NEAREST_ACTIVE_OUTLET,KY0058,002,7.166,ZCTA_NN;R6371;TIE_FIRST_LEX,ZCTA_NN_HAVERSINE;NOT_ELIGIBILITY;NOT_USPS_VALIDITY;NO_INVENTORY
40921,ZCTA_NEAREST_ACTIVE_OUTLET,KY0058,002,8.444,ZCTA_NN;R6371;TIE_FIRST_LEX,ZCTA_NN_HAVERSINE;NOT_ELIGIBILITY;NOT_USPS_VALIDITY;NO_INVENTORY
40923,ZCTA_NEAREST_ACTIVE_OUTLET,KY0058,002,6.935,ZCTA_NN;R6371;TIE_FIRST_LEX,ZCTA_NN_HAVERSINE;NOT_ELIGIBILITY;NOT_USPS_VALIDITY;NO_INVENTORY
40927,ZCTA_NEAREST_ACTIVE_OUTLET,KY0045,003,8.523,ZCTA_NN;R6371;TIE_FIRST_LEX,ZCTA_NN_HAVERSINE;NOT_ELIGIBILITY;NOT_USPS_VALIDITY;NO_INVENTORY
40935,ZCTA_NEAREST_ACTIVE_OUTLET,KY0058,002,15.705,ZCTA_NN;R6371;TIE_FIRST_LEX,ZCTA_NN_HAVERSINE;NOT_ELIGIBILITY;NOT_USPS_VALIDITY;NO_INVENTORY
40939,ZCTA_NEAREST_ACTIVE_OUTLET,KY0007,003,5.930,ZCTA_NN;R6371;TIE_FIRST_LEX,ZCTA_NN_HAVERSINE;NOT_ELIGIBILITY;NOT_USPS_VALIDITY;NO_INVENTORY
40940,ZCTA_NEAREST_ACTIVE_OUTLET,TN8013,002,16.843,ZCTA_NN;R6371;TIE_FIRST_LEX,ZCTA_NN_HAVERSINE;NOT_ELIGIBILITY;NOT_USPS_VALIDITY;NO_INVENTORY
40941,ZCTA_NEAREST_ACTIVE_OUTLET,KY0023,002,2.942,ZCTA_NN;R6371;TIE_FIRST_LEX,ZCTA_NN_HAVERSINE;NOT_ELIGIBILITY;NOT_USPS_VALIDITY;NO_INVENTORY
40943,ZCTA_NEAREST_ACTIVE_OUTLET,KY0058,002,10.988,ZCTA_NN;R6371;TIE_FIRST_LEX,ZCTA_NN_HAVERSINE;NOT_ELIGIBILITY;NOT_USPS_VALIDITY;NO_INVENTORY
40946,ZCTA_NEAREST_ACTIVE_OUTLET,KY0058,002,11.541,ZCTA_NN;R6371;TIE_FIRST_LEX,ZCTA_NN_HAVERSINE;NOT_ELIGIBILITY;NOT_USPS_VALIDITY;NO_INVENTORY
40949,ZCTA_NEAREST_ACTIVE_OUTLET,KY0058,002,4.182,ZCTA_NN;R6371;TIE_FIRST_LEX,ZCTA_NN_HAVERSINE;NOT_ELIGIBILITY;NOT_USPS_VALIDITY;NO_INVENTORY
40953,ZCTA_NEAREST_ACTIVE_OUTLET,KY0058,002,11.015,ZCTA_NN;R6371;TIE_FIRST_LEX,ZCTA_NN_HAVERSINE;NOT_ELIGIBILITY;NOT_USPS_VALIDITY;NO_INVENTORY
40958,ZCTA_NEAREST_ACTIVE_OUTLET,KY0007,003,10.414,ZCTA_NN;R6371;TIE_FIRST_LEX,ZCTA_NN_HAVERSINE;NOT_ELIGIBILITY;NOT_USPS_VALIDITY;NO_INVENTORY
40962,EXACT_IMLS_OUTLET_ZIP,KY0023,002,,EXACT_OUTLET;TIE_FSCSKEY_SEQ,EXACT_OUTLET;NOT_USPS_VALIDITY;NO_INVENTORY
40964,ZCTA_NEAREST_ACTIVE_OUTLET,KY0045,002,7.345,ZCTA_NN;R6371;TIE_FIRST_LEX,ZCTA_NN_HAVERSINE;NOT_ELIGIBILITY;NOT_USPS_VALIDITY;NO_INVENTORY
40965,EXACT_IMLS_OUTLET_ZIP,KY0007,002,,EXACT_OUTLET;TIE_FSCSKEY_SEQ,EXACT_OUTLET;NOT_USPS_VALIDITY;NO_INVENTORY
40972,ZCTA_NEAREST_ACTIVE_OUTLET,KY0023,002,18.109,ZCTA_NN;R6371;TIE_FIRST_LEX,ZCTA_NN_HAVERSINE;NOT_ELIGIBILITY;NOT_USPS_VALIDITY;NO_INVENTORY
40977,EXACT_IMLS_OUTLET_ZIP,KY0007,003,,EXACT_OUTLET;TIE_FSCSKEY_SEQ,EXACT_OUTLET;NOT_USPS_VALIDITY;NO_INVENTORY
40979,ZCTA_NEAREST_ACTIVE_OUTLET,KY0063,002,19.954,ZCTA_NN;R6371;TIE_FIRST_LEX,ZCTA_NN_HAVERSINE;NOT_ELIGIBILITY;NOT_USPS_VALIDITY;NO_INVENTORY
40981,ZCTA_NEAREST_ACTIVE_OUTLET,KY0063,003,16.171,ZCTA_NN;R6371;TIE_FIRST_LEX,ZCTA_NN_HAVERSINE;NOT_ELIGIBILITY;NOT_USPS_VALIDITY;NO_INVENTORY
40982,ZCTA_NEAREST_ACTIVE_OUTLET,KY0007,003,19.662,ZCTA_NN;R6371;TIE_FIRST_LEX,ZCTA_NN_HAVERSINE;NOT_ELIGIBILITY;NOT_USPS_VALIDITY;NO_INVENTORY
40983,ZCTA_NEAREST_ACTIVE_OUTLET,KY0090,002,14.835,ZCTA_NN;R6371;TIE_FIRST_LEX,ZCTA_NN_HAVERSINE;NOT_ELIGIBILITY;NOT_USPS_VALIDITY;NO_INVENTORY
40988,ZCTA_NEAREST_ACTIVE_OUTLET,KY0045,002,18.208,ZCTA_NN;R6371;TIE_FIRST_LEX,ZCTA_NN_HAVERSINE;NOT_ELIGIBILITY;NOT_USPS_VALIDITY;NO_INVENTORY
40995,ZCTA_NEAREST_ACTIVE_OUTLET,KY0007,003,11.329,ZCTA_NN;R6371;TIE_FIRST_LEX,ZCTA_NN_HAVERSINE;NOT_ELIGIBILITY;NOT_USPS_VALIDITY;NO_INVENTORY
40997,ZCTA_NEAREST_ACTIVE_OUTLET,KY0007,003,15.200,ZCTA_NN;R6371;TIE_FIRST_LEX,ZCTA_NN_HAVERSINE;NOT_ELIGIBILITY;NOT_USPS_VALIDITY;NO_INVENTORY
41001,EXACT_IMLS_OUTLET_ZIP,KY0018,009,,EXACT_OUTLET;TIE_FSCSKEY_SEQ,EXACT_OUTLET;NOT_USPS_VALIDITY;NO_INVENTORY
41002,ZCTA_NEAREST_ACTIVE_OUTLET,KY0801,002,10.327,ZCTA_NN;R6371;TIE_FIRST_LEX,ZCTA_NN_HAVERSINE;NOT_ELIGIBILITY;NOT_USPS_VALIDITY;NO_INVENTORY
41003,ZCTA_NEAREST_ACTIVE_OUTLET,KY0091,002,16.180,ZCTA_NN;R6371;TIE_FIRST_LEX,ZCTA_NN_HAVERSINE;NOT_ELIGIBILITY;NOT_USPS_VALIDITY;NO_INVENTORY
41004,EXACT_IMLS_OUTLET_ZIP,KY0801,002,,EXACT_OUTLET;TIE_FSCSKEY_SEQ,EXACT_OUTLET;NOT_USPS_VALIDITY;NO_INVENTORY
41005,EXACT_IMLS_OUTLET_ZIP,KY0008,002,,EXACT_OUTLET;TIE_FSCSKEY_SEQ,EXACT_OUTLET;NOT_USPS_VALIDITY;NO_INVENTORY
41006,ZCTA_NEAREST_ACTIVE_OUTLET,KY0091,002,12.909,ZCTA_NN;R6371;TIE_FIRST_LEX,ZCTA_NN_HAVERSINE;NOT_ELIGIBILITY;NOT_USPS_VALIDITY;NO_INVENTORY
41007,ZCTA_NEAREST_ACTIVE_OUTLET,OH0018,008,8.852,ZCTA_NN;R6371;TIE_FIRST_LEX,ZCTA_NN_HAVERSINE;NOT_ELIGIBILITY;NOT_USPS_VALIDITY;NO_INVENTORY
41008,EXACT_IMLS_OUTLET_ZIP,KY0019,002,,EXACT_OUTLET;TIE_FSCSKEY_SEQ,EXACT_OUTLET;NOT_USPS_VALIDITY;NO_INVENTORY
41010,ZCTA_NEAREST_ACTIVE_OUTLET,KY0038,002,17.163,ZCTA_NN;R6371;TIE_FIRST_LEX,ZCTA_NN_HAVERSINE;NOT_ELIGIBILITY;NOT_USPS_VALIDITY;NO_INVENTORY
41011,ZCTA_NEAREST_ACTIVE_OUTLET,OH0049,002,4.499,ZCTA_NN;R6371;TIE_FIRST_LEX,ZCTA_NN_HAVERSINE;NOT_ELIGIBILITY;NOT_USPS_VALIDITY;NO_INVENTORY
41012,OBSERVED_REFERENCE_INDIRECT_ONLY,,,,INDIRECT_IMLS_SC;NO_FABRICATED_NEAREST,INDIRECT_IMLS_SC;NO_FABRICATED_NEAREST;NOT_REJECTED;NOT_USPS_VALIDITY;NO_INVENTORY
41014,ZCTA_NEAREST_ACTIVE_OUTLET,KY0018,006,3.336,ZCTA_NN;R6371;TIE_FIRST_LEX,ZCTA_NN_HAVERSINE;NOT_ELIGIBILITY;NOT_USPS_VALIDITY;NO_INVENTORY
41015,ZCTA_NEAREST_ACTIVE_OUTLET,KY0018,002,5.835,ZCTA_NN;R6371;TIE_FIRST_LEX,ZCTA_NN_HAVERSINE;NOT_ELIGIBILITY;NOT_USPS_VALIDITY;NO_INVENTORY
41016,ZCTA_NEAREST_ACTIVE_OUTLET,OH0049,035,2.668,ZCTA_NN;R6371;TIE_FIRST_LEX,ZCTA_NN_HAVERSINE;NOT_ELIGIBILITY;NOT_USPS_VALIDITY;NO_INVENTORY
41017,ZCTA_NEAREST_ACTIVE_OUTLET,KY0056,003,2.693,ZCTA_NN;R6371;TIE_FIRST_LEX,ZCTA_NN_HAVERSINE;NOT_ELIGIBILITY;NOT_USPS_VALIDITY;NO_INVENTORY
41018,EXACT_IMLS_OUTLET_ZIP,KY0056,002,,EXACT_OUTLET;TIE_FSCSKEY_SEQ,EXACT_OUTLET;NOT_USPS_VALIDITY;NO_INVENTORY
41022,OBSERVED_REFERENCE_INDIRECT_ONLY,,,,INDIRECT_IMLS_SC;NO_FABRICATED_NEAREST,INDIRECT_IMLS_SC;NO_FABRICATED_NEAREST;NOT_REJECTED;NOT_USPS_VALIDITY;NO_INVENTORY
41030,ZCTA_NEAREST_ACTIVE_OUTLET,KY0008,005,9.107,ZCTA_NN;R6371;TIE_FIRST_LEX,ZCTA_NN_HAVERSINE;NOT_ELIGIBILITY;NOT_USPS_VALIDITY;NO_INVENTORY
41031,EXACT_IMLS_OUTLET_ZIP,KY0046,002,,EXACT_OUTLET;TIE_FSCSKEY_SEQ,EXACT_OUTLET;NOT_USPS_VALIDITY;NO_INVENTORY
41033,ZCTA_NEAREST_ACTIVE_OUTLET,KY0038,002,15.637,ZCTA_NN;R6371;TIE_FIRST_LEX,ZCTA_NN_HAVERSINE;NOT_ELIGIBILITY;NOT_USPS_VALIDITY;NO_INVENTORY
41034,ZCTA_NEAREST_ACTIVE_OUTLET,OH0192,002,8.037,ZCTA_NN;R6371;TIE_FIRST_LEX,ZCTA_NN_HAVERSINE;NOT_ELIGIBILITY;NOT_USPS_VALIDITY;NO_INVENTORY
41035,ZCTA_NEAREST_ACTIVE_OUTLET,KY0038,002,10.206,ZCTA_NN;R6371;TIE_FIRST_LEX,ZCTA_NN_HAVERSINE;NOT_ELIGIBILITY;NOT_USPS_VALIDITY;NO_INVENTORY
41039,ZCTA_NEAREST_ACTIVE_OUTLET,KY0032,002,10.453,ZCTA_NN;R6371;TIE_FIRST_LEX,ZCTA_NN_HAVERSINE;NOT_ELIGIBILITY;NOT_USPS_VALIDITY;NO_INVENTORY
41040,EXACT_IMLS_OUTLET_ZIP,KY0091,002,,EXACT_OUTLET;TIE_FSCSKEY_SEQ,EXACT_OUTLET;NOT_USPS_VALIDITY;NO_INVENTORY
41041,EXACT_IMLS_OUTLET_ZIP,KY0032,002,,EXACT_OUTLET;TIE_FSCSKEY_SEQ,EXACT_OUTLET;NOT_USPS_VALIDITY;NO_INVENTORY
41042,EXACT_IMLS_OUTLET_ZIP,KY0008,006,,EXACT_OUTLET;TIE_FSCSKEY_SEQ,EXACT_OUTLET;NOT_USPS_VALIDITY;NO_INVENTORY
41043,ZCTA_NEAREST_ACTIVE_OUTLET,OH0018,011,12.228,ZCTA_NN;R6371;TIE_FIRST_LEX,ZCTA_NN_HAVERSINE;NOT_ELIGIBILITY;NOT_USPS_VALIDITY;NO_INVENTORY
41044,ZCTA_NEAREST_ACTIVE_OUTLET,KY0118,002,10.078,ZCTA_NN;R6371;TIE_FIRST_LEX,ZCTA_NN_HAVERSINE;NOT_ELIGIBILITY;NOT_USPS_VALIDITY;NO_INVENTORY
41045,ZCTA_NEAREST_ACTIVE_OUTLET,IN0237,002,4.810,ZCTA_NN;R6371;TIE_FIRST_LEX,ZCTA_NN_HAVERSINE;NOT_ELIGIBILITY;NOT_USPS_VALIDITY;NO_INVENTORY
41046,ZCTA_NEAREST_ACTIVE_OUTLET,KY0116,002,12.082,ZCTA_NN;R6371;TIE_FIRST_LEX,ZCTA_NN_HAVERSINE;NOT_ELIGIBILITY;NOT_USPS_VALIDITY;NO_INVENTORY
41048,EXACT_IMLS_OUTLET_ZIP,KY0008,010,,EXACT_OUTLET;TIE_FSCSKEY_SEQ,EXACT_OUTLET;NOT_USPS_VALIDITY;NO_INVENTORY
41049,ZCTA_NEAREST_ACTIVE_OUTLET,KY0098,002,16.980,ZCTA_NN;R6371;TIE_FIRST_LEX,ZCTA_NN_HAVERSINE;NOT_ELIGIBILITY;NOT_USPS_VALIDITY;NO_INVENTORY
41051,EXACT_IMLS_OUTLET_ZIP,KY0056,005,,EXACT_OUTLET;TIE_FSCSKEY_SEQ,EXACT_OUTLET;NOT_USPS_VALIDITY;NO_INVENTORY
41052,ZCTA_NEAREST_ACTIVE_OUTLET,KY0089,002,15.186,ZCTA_NN;R6371;TIE_FIRST_LEX,ZCTA_NN_HAVERSINE;NOT_ELIGIBILITY;NOT_USPS_VALIDITY;NO_INVENTORY
41055,ZCTA_NEAREST_ACTIVE_OUTLET,KY0118,002,14.684,ZCTA_NN;R6371;TIE_FIRST_LEX,ZCTA_NN_HAVERSINE;NOT_ELIGIBILITY;NOT_USPS_VALIDITY;NO_INVENTORY
41056,EXACT_IMLS_OUTLET_ZIP,KY0074,002,,EXACT_OUTLET;TIE_FSCSKEY_SEQ,EXACT_OUTLET;NOT_USPS_VALIDITY;NO_INVENTORY
41059,ZCTA_NEAREST_ACTIVE_OUTLET,OH0018,008,6.078,ZCTA_NN;R6371;TIE_FIRST_LEX,ZCTA_NN_HAVERSINE;NOT_ELIGIBILITY;NOT_USPS_VALIDITY;NO_INVENTORY
41063,ZCTA_NEAREST_ACTIVE_OUTLET,KY0056,005,6.571,ZCTA_NN;R6371;TIE_FIRST_LEX,ZCTA_NN_HAVERSINE;NOT_ELIGIBILITY;NOT_USPS_VALIDITY;NO_INVENTORY
41064,EXACT_IMLS_OUTLET_ZIP,KY0118,002,,EXACT_OUTLET;TIE_FSCSKEY_SEQ,EXACT_OUTLET;NOT_USPS_VALIDITY;NO_INVENTORY
41071,EXACT_IMLS_OUTLET_ZIP,KY0018,003,,EXACT_OUTLET;TIE_FSCSKEY_SEQ,EXACT_OUTLET;NOT_USPS_VALIDITY;NO_INVENTORY
41072,OBSERVED_REFERENCE_INDIRECT_ONLY,,,,INDIRECT_IMLS_SC;NO_FABRICATED_NEAREST,INDIRECT_IMLS_SC;NO_FABRICATED_NEAREST;NOT_REJECTED;NOT_USPS_VALIDITY;NO_INVENTORY
41073,ZCTA_NEAREST_ACTIVE_OUTLET,KY0018,003,0.864,ZCTA_NN;R6371;TIE_FIRST_LEX,ZCTA_NN_HAVERSINE;NOT_ELIGIBILITY;NOT_USPS_VALIDITY;NO_INVENTORY
41074,ZCTA_NEAREST_ACTIVE_OUTLET,KY0018,003,2.380,ZCTA_NN;R6371;TIE_FIRST_LEX,ZCTA_NN_HAVERSINE;NOT_ELIGIBILITY;NOT_USPS_VALIDITY;NO_INVENTORY
41075,EXACT_IMLS_OUTLET_ZIP,KY0018,006,,EXACT_OUTLET;TIE_FSCSKEY_SEQ,EXACT_OUTLET;NOT_USPS_VALIDITY;NO_INVENTORY
41076,EXACT_IMLS_OUTLET_ZIP,KY0018,002,,EXACT_OUTLET;TIE_FSCSKEY_SEQ,EXACT_OUTLET;NOT_USPS_VALIDITY;NO_INVENTORY
41080,EXACT_IMLS_OUTLET_ZIP,KY0008,008,,EXACT_OUTLET;TIE_FSCSKEY_SEQ,EXACT_OUTLET;NOT_USPS_VALIDITY;NO_INVENTORY
41081,OBSERVED_REFERENCE_INDIRECT_ONLY,,,,INDIRECT_IMLS_SC;NO_FABRICATED_NEAREST,INDIRECT_IMLS_SC;NO_FABRICATED_NEAREST;NOT_REJECTED;NOT_USPS_VALIDITY;NO_INVENTORY
41083,ZCTA_NEAREST_ACTIVE_OUTLET,IN0237,002,11.912,ZCTA_NN;R6371;TIE_FIRST_LEX,ZCTA_NN_HAVERSINE;NOT_ELIGIBILITY;NOT_USPS_VALIDITY;NO_INVENTORY
41085,ZCTA_NEAREST_ACTIVE_OUTLET,KY0018,002,4.451,ZCTA_NN;R6371;TIE_FIRST_LEX,ZCTA_NN_HAVERSINE;NOT_ELIGIBILITY;NOT_USPS_VALIDITY;NO_INVENTORY
41086,ZCTA_NEAREST_ACTIVE_OUTLET,KY0116,002,9.832,ZCTA_NN;R6371;TIE_FIRST_LEX,ZCTA_NN_HAVERSINE;NOT_ELIGIBILITY;NOT_USPS_VALIDITY;NO_INVENTORY
41091,EXACT_IMLS_OUTLET_ZIP,KY0008,001,,EXACT_OUTLET;TIE_FSCSKEY_SEQ,EXACT_OUTLET;NOT_USPS_VALIDITY;NO_INVENTORY
41092,ZCTA_NEAREST_ACTIVE_OUTLET,KY0008,005,8.648,ZCTA_NN;R6371;TIE_FIRST_LEX,ZCTA_NN_HAVERSINE;NOT_ELIGIBILITY;NOT_USPS_VALIDITY;NO_INVENTORY
41093,ZCTA_NEAREST_ACTIVE_OUTLET,KY0032,002,17.787,ZCTA_NN;R6371;TIE_FIRST_LEX,ZCTA_NN_HAVERSINE;NOT_ELIGIBILITY;NOT_USPS_VALIDITY;NO_INVENTORY
41094,EXACT_IMLS_OUTLET_ZIP,KY0008,005,,EXACT_OUTLET;TIE_FSCSKEY_SEQ,EXACT_OUTLET;NOT_USPS_VALIDITY;NO_INVENTORY
41095,EXACT_IMLS_OUTLET_ZIP,KY0116,002,,EXACT_OUTLET;TIE_FSCSKEY_SEQ,EXACT_OUTLET;NOT_USPS_VALIDITY;NO_INVENTORY
41097,EXACT_IMLS_OUTLET_ZIP,KY0038,002,,EXACT_OUTLET;TIE_FSCSKEY_SEQ,EXACT_OUTLET;NOT_USPS_VALIDITY;NO_INVENTORY
41098,ZCTA_NEAREST_ACTIVE_OUTLET,KY0089,002,16.999,ZCTA_NN;R6371;TIE_FIRST_LEX,ZCTA_NN_HAVERSINE;NOT_ELIGIBILITY;NOT_USPS_VALIDITY;NO_INVENTORY
41099,OBSERVED_REFERENCE_INDIRECT_ONLY,,,,INDIRECT_IMLS_SC;NO_FABRICATED_NEAREST,INDIRECT_IMLS_SC;NO_FABRICATED_NEAREST;NOT_REJECTED;NOT_USPS_VALIDITY;NO_INVENTORY
41101,EXACT_IMLS_OUTLET_ZIP,KY0010,002,,EXACT_OUTLET;TIE_FSCSKEY_SEQ,EXACT_OUTLET;NOT_USPS_VALIDITY;NO_INVENTORY
41102,EXACT_IMLS_OUTLET_ZIP,KY0010,006,,EXACT_OUTLET;TIE_FSCSKEY_SEQ,EXACT_OUTLET;NOT_USPS_VALIDITY;NO_INVENTORY
41105,OBSERVED_REFERENCE_INDIRECT_ONLY,,,,INDIRECT_IMLS_SC;NO_FABRICATED_NEAREST,INDIRECT_IMLS_SC;NO_FABRICATED_NEAREST;NOT_REJECTED;NOT_USPS_VALIDITY;NO_INVENTORY
41121,ZCTA_NEAREST_ACTIVE_OUTLET,KY0010,006,12.163,ZCTA_NN;R6371;TIE_FIRST_LEX,ZCTA_NN_HAVERSINE;NOT_ELIGIBILITY;NOT_USPS_VALIDITY;NO_INVENTORY
41124,ZCTA_NEAREST_ACTIVE_OUTLET,KY0055,002,23.356,ZCTA_NN;R6371;TIE_FIRST_LEX,ZCTA_NN_HAVERSINE;NOT_ELIGIBILITY;NOT_USPS_VALIDITY;NO_INVENTORY
41129,EXACT_IMLS_OUTLET_ZIP,KY0010,004,,EXACT_OUTLET;TIE_FSCSKEY_SEQ,EXACT_OUTLET;NOT_USPS_VALIDITY;NO_INVENTORY
41132,ZCTA_NEAREST_ACTIVE_OUTLET,KY0803,002,13.855,ZCTA_NN;R6371;TIE_FIRST_LEX,ZCTA_NN_HAVERSINE;NOT_ELIGIBILITY;NOT_USPS_VALIDITY;NO_INVENTORY
41135,ZCTA_NEAREST_ACTIVE_OUTLET,KY0803,001,10.851,ZCTA_NN;R6371;TIE_FIRST_LEX,ZCTA_NN_HAVERSINE;NOT_ELIGIBILITY;NOT_USPS_VALIDITY;NO_INVENTORY
41139,EXACT_IMLS_OUTLET_ZIP,KY0042,003,,EXACT_OUTLET;TIE_FSCSKEY_SEQ,EXACT_OUTLET;NOT_USPS_VALIDITY;NO_INVENTORY
41141,ZCTA_NEAREST_ACTIVE_OUTLET,KY0065,002,15.949,ZCTA_NN;R6371;TIE_FIRST_LEX,ZCTA_NN_HAVERSINE;NOT_ELIGIBILITY;NOT_USPS_VALIDITY;NO_INVENTORY
41142,ZCTA_NEAREST_ACTIVE_OUTLET,KY0803,001,9.119,ZCTA_NN;R6371;TIE_FIRST_LEX,ZCTA_NN_HAVERSINE;NOT_ELIGIBILITY;NOT_USPS_VALIDITY;NO_INVENTORY
41143,EXACT_IMLS_OUTLET_ZIP,KY0803,002,,EXACT_OUTLET;TIE_FSCSKEY_SEQ,EXACT_OUTLET;NOT_USPS_VALIDITY;NO_INVENTORY
41144,EXACT_IMLS_OUTLET_ZIP,KY0042,002,,EXACT_OUTLET;TIE_FSCSKEY_SEQ,EXACT_OUTLET;NOT_USPS_VALIDITY;NO_INVENTORY
41146,ZCTA_NEAREST_ACTIVE_OUTLET,KY0803,002,7.728,ZCTA_NN;R6371;TIE_FIRST_LEX,ZCTA_NN_HAVERSINE;NOT_ELIGIBILITY;NOT_USPS_VALIDITY;NO_INVENTORY
41149,ZCTA_NEAREST_ACTIVE_OUTLET,KY0029,002,4.672,ZCTA_NN;R6371;TIE_FIRST_LEX,ZCTA_NN_HAVERSINE;NOT_ELIGIBILITY;NOT_USPS_VALIDITY;NO_INVENTORY
41159,ZCTA_NEAREST_ACTIVE_OUTLET,KY0029,002,15.745,ZCTA_NN;R6371;TIE_FIRST_LEX,ZCTA_NN_HAVERSINE;NOT_ELIGIBILITY;NOT_USPS_VALIDITY;NO_INVENTORY
41164,EXACT_IMLS_OUTLET_ZIP,KY0803,001,,EXACT_OUTLET;TIE_FSCSKEY_SEQ,EXACT_OUTLET;NOT_USPS_VALIDITY;NO_INVENTORY
41166,ZCTA_NEAREST_ACTIVE_OUTLET,OH0189,002,15.583,ZCTA_NN;R6371;TIE_FIRST_LEX,ZCTA_NN_HAVERSINE;NOT_ELIGIBILITY;NOT_USPS_VALIDITY;NO_INVENTORY
41168,ZCTA_NEAREST_ACTIVE_OUTLET,KY0010,006,14.521,ZCTA_NN;R6371;TIE_FIRST_LEX,ZCTA_NN_HAVERSINE;NOT_ELIGIBILITY;NOT_USPS_VALIDITY;NO_INVENTORY
41169,ZCTA_NEAREST_ACTIVE_OUTLET,KY0042,003,2.049,ZCTA_NN;R6371;TIE_FIRST_LEX,ZCTA_NN_HAVERSINE;NOT_ELIGIBILITY;NOT_USPS_VALIDITY;NO_INVENTORY
41171,EXACT_IMLS_OUTLET_ZIP,KY0029,002,,EXACT_OUTLET;TIE_FSCSKEY_SEQ,EXACT_OUTLET;NOT_USPS_VALIDITY;NO_INVENTORY
41174,ZCTA_NEAREST_ACTIVE_OUTLET,OH0189,002,3.559,ZCTA_NN;R6371;TIE_FIRST_LEX,ZCTA_NN_HAVERSINE;NOT_ELIGIBILITY;NOT_USPS_VALIDITY;NO_INVENTORY
41175,EXACT_IMLS_OUTLET_ZIP,KY0042,006,,EXACT_OUTLET;TIE_FSCSKEY_SEQ,EXACT_OUTLET;NOT_USPS_VALIDITY;NO_INVENTORY
41179,EXACT_IMLS_OUTLET_ZIP,KY0065,002,,EXACT_OUTLET;TIE_FSCSKEY_SEQ,EXACT_OUTLET;NOT_USPS_VALIDITY;NO_INVENTORY
41180,ZCTA_NEAREST_ACTIVE_OUTLET,KY0803,002,20.995,ZCTA_NN;R6371;TIE_FIRST_LEX,ZCTA_NN_HAVERSINE;NOT_ELIGIBILITY;NOT_USPS_VALIDITY;NO_INVENTORY
41181,ZCTA_NEAREST_ACTIVE_OUTLET,KY0803,002,15.261,ZCTA_NN;R6371;TIE_FIRST_LEX,ZCTA_NN_HAVERSINE;NOT_ELIGIBILITY;NOT_USPS_VALIDITY;NO_INVENTORY
41183,ZCTA_NEAREST_ACTIVE_OUTLET,KY0042,003,3.454,ZCTA_NN;R6371;TIE_FIRST_LEX,ZCTA_NN_HAVERSINE;NOT_ELIGIBILITY;NOT_USPS_VALIDITY;NO_INVENTORY
41189,ZCTA_NEAREST_ACTIVE_OUTLET,OH0129,004,16.213,ZCTA_NN;R6371;TIE_FIRST_LEX,ZCTA_NN_HAVERSINE;NOT_ELIGIBILITY;NOT_USPS_VALIDITY;NO_INVENTORY
41201,ZCTA_NEAREST_ACTIVE_OUTLET,KY0061,002,14.970,ZCTA_NN;R6371;TIE_FIRST_LEX,ZCTA_NN_HAVERSINE;NOT_ELIGIBILITY;NOT_USPS_VALIDITY;NO_INVENTORY
41203,ZCTA_NEAREST_ACTIVE_OUTLET,WV0005,004,4.760,ZCTA_NN;R6371;TIE_FIRST_LEX,ZCTA_NN_HAVERSINE;NOT_ELIGIBILITY;NOT_USPS_VALIDITY;NO_INVENTORY
41204,ZCTA_NEAREST_ACTIVE_OUTLET,KY0055,002,12.066,ZCTA_NN;R6371;TIE_FIRST_LEX,ZCTA_NN_HAVERSINE;NOT_ELIGIBILITY;NOT_USPS_VALIDITY;NO_INVENTORY
41214,ZCTA_NEAREST_ACTIVE_OUTLET,KY0073,002,5.928,ZCTA_NN;R6371;TIE_FIRST_LEX,ZCTA_NN_HAVERSINE;NOT_ELIGIBILITY;NOT_USPS_VALIDITY;NO_INVENTORY
41216,ZCTA_NEAREST_ACTIVE_OUTLET,KY0033,002,7.288,ZCTA_NN;R6371;TIE_FIRST_LEX,ZCTA_NN_HAVERSINE;NOT_ELIGIBILITY;NOT_USPS_VALIDITY;NO_INVENTORY
41219,ZCTA_NEAREST_ACTIVE_OUTLET,KY0055,002,16.126,ZCTA_NN;R6371;TIE_FIRST_LEX,ZCTA_NN_HAVERSINE;NOT_ELIGIBILITY;NOT_USPS_VALIDITY;NO_INVENTORY
41222,ZCTA_NEAREST_ACTIVE_OUTLET,KY0055,002,7.768,ZCTA_NN;R6371;TIE_FIRST_LEX,ZCTA_NN_HAVERSINE;NOT_ELIGIBILITY;NOT_USPS_VALIDITY;NO_INVENTORY
41224,EXACT_IMLS_OUTLET_ZIP,KY0073,002,,EXACT_OUTLET;TIE_FSCSKEY_SEQ,EXACT_OUTLET;NOT_USPS_VALIDITY;NO_INVENTORY
41226,ZCTA_NEAREST_ACTIVE_OUTLET,KY0029,002,19.747,ZCTA_NN;R6371;TIE_FIRST_LEX,ZCTA_NN_HAVERSINE;NOT_ELIGIBILITY;NOT_USPS_VALIDITY;NO_INVENTORY
41230,EXACT_IMLS_OUTLET_ZIP,KY0061,002,,EXACT_OUTLET;TIE_FSCSKEY_SEQ,EXACT_OUTLET;NOT_USPS_VALIDITY;NO_INVENTORY
41231,EXACT_IMLS_OUTLET_ZIP,KY0073,003,,EXACT_OUTLET;TIE_FSCSKEY_SEQ,EXACT_OUTLET;NOT_USPS_VALIDITY;NO_INVENTORY
41232,ZCTA_NEAREST_ACTIVE_OUTLET,KY0055,002,16.432,ZCTA_NN;R6371;TIE_FIRST_LEX,ZCTA_NN_HAVERSINE;NOT_ELIGIBILITY;NOT_USPS_VALIDITY;NO_INVENTORY
41234,ZCTA_NEAREST_ACTIVE_OUTLET,KY0055,002,5.569,ZCTA_NN;R6371;TIE_FIRST_LEX,ZCTA_NN_HAVERSINE;NOT_ELIGIBILITY;NOT_USPS_VALIDITY;NO_INVENTORY
41238,ZCTA_NEAREST_ACTIVE_OUTLET,KY0055,002,12.682,ZCTA_NN;R6371;TIE_FIRST_LEX,ZCTA_NN_HAVERSINE;NOT_ELIGIBILITY;NOT_USPS_VALIDITY;NO_INVENTORY
41240,EXACT_IMLS_OUTLET_ZIP,KY0055,002,,EXACT_OUTLET;TIE_FSCSKEY_SEQ,EXACT_OUTLET;NOT_USPS_VALIDITY;NO_INVENTORY
41250,ZCTA_NEAREST_ACTIVE_OUTLET,KY0073,003,13.813,ZCTA_NN;R6371;TIE_FIRST_LEX,ZCTA_NN_HAVERSINE;NOT_ELIGIBILITY;NOT_USPS_VALIDITY;NO_INVENTORY
41254,ZCTA_NEAREST_ACTIVE_OUTLET,KY0055,002,11.578,ZCTA_NN;R6371;TIE_FIRST_LEX,ZCTA_NN_HAVERSINE;NOT_ELIGIBILITY;NOT_USPS_VALIDITY;NO_INVENTORY
41255,ZCTA_NEAREST_ACTIVE_OUTLET,KY0055,002,11.938,ZCTA_NN;R6371;TIE_FIRST_LEX,ZCTA_NN_HAVERSINE;NOT_ELIGIBILITY;NOT_USPS_VALIDITY;NO_INVENTORY
41256,ZCTA_NEAREST_ACTIVE_OUTLET,KY0055,002,6.010,ZCTA_NN;R6371;TIE_FIRST_LEX,ZCTA_NN_HAVERSINE;NOT_ELIGIBILITY;NOT_USPS_VALIDITY;NO_INVENTORY
41257,ZCTA_NEAREST_ACTIVE_OUTLET,KY0055,002,11.105,ZCTA_NN;R6371;TIE_FIRST_LEX,ZCTA_NN_HAVERSINE;NOT_ELIGIBILITY;NOT_USPS_VALIDITY;NO_INVENTORY
41260,ZCTA_NEAREST_ACTIVE_OUTLET,KY0055,002,5.060,ZCTA_NN;R6371;TIE_FIRST_LEX,ZCTA_NN_HAVERSINE;NOT_ELIGIBILITY;NOT_USPS_VALIDITY;NO_INVENTORY
41262,ZCTA_NEAREST_ACTIVE_OUTLET,KY0073,002,8.885,ZCTA_NN;R6371;TIE_FIRST_LEX,ZCTA_NN_HAVERSINE;NOT_ELIGIBILITY;NOT_USPS_VALIDITY;NO_INVENTORY
41263,ZCTA_NEAREST_ACTIVE_OUTLET,KY0055,002,6.150,ZCTA_NN;R6371;TIE_FIRST_LEX,ZCTA_NN_HAVERSINE;NOT_ELIGIBILITY;NOT_USPS_VALIDITY;NO_INVENTORY
41264,ZCTA_NEAREST_ACTIVE_OUTLET,KY0073,002,14.671,ZCTA_NN;R6371;TIE_FIRST_LEX,ZCTA_NN_HAVERSINE;NOT_ELIGIBILITY;NOT_USPS_VALIDITY;NO_INVENTORY
41265,ZCTA_NEAREST_ACTIVE_OUTLET,KY0055,002,9.904,ZCTA_NN;R6371;TIE_FIRST_LEX,ZCTA_NN_HAVERSINE;NOT_ELIGIBILITY;NOT_USPS_VALIDITY;NO_INVENTORY
41267,ZCTA_NEAREST_ACTIVE_OUTLET,WV0005,004,4.954,ZCTA_NN;R6371;TIE_FIRST_LEX,ZCTA_NN_HAVERSINE;NOT_ELIGIBILITY;NOT_USPS_VALIDITY;NO_INVENTORY
41268,ZCTA_NEAREST_ACTIVE_OUTLET,KY0055,002,3.442,ZCTA_NN;R6371;TIE_FIRST_LEX,ZCTA_NN_HAVERSINE;NOT_ELIGIBILITY;NOT_USPS_VALIDITY;NO_INVENTORY
41271,ZCTA_NEAREST_ACTIVE_OUTLET,KY0055,002,7.528,ZCTA_NN;R6371;TIE_FIRST_LEX,ZCTA_NN_HAVERSINE;NOT_ELIGIBILITY;NOT_USPS_VALIDITY;NO_INVENTORY
41274,ZCTA_NEAREST_ACTIVE_OUTLET,KY0055,002,5.636,ZCTA_NN;R6371;TIE_FIRST_LEX,ZCTA_NN_HAVERSINE;NOT_ELIGIBILITY;NOT_USPS_VALIDITY;NO_INVENTORY
41301,EXACT_IMLS_OUTLET_ZIP,KY0114,002,,EXACT_OUTLET;TIE_FSCSKEY_SEQ,EXACT_OUTLET;NOT_USPS_VALIDITY;NO_INVENTORY
41310,ZCTA_NEAREST_ACTIVE_OUTLET,KY0012,002,15.135,ZCTA_NN;R6371;TIE_FIRST_LEX,ZCTA_NN_HAVERSINE;NOT_ELIGIBILITY;NOT_USPS_VALIDITY;NO_INVENTORY
41311,EXACT_IMLS_OUTLET_ZIP,KY0062,002,,EXACT_OUTLET;TIE_FSCSKEY_SEQ,EXACT_OUTLET;NOT_USPS_VALIDITY;NO_INVENTORY
41314,EXACT_IMLS_OUTLET_ZIP,KY0090,002,,EXACT_OUTLET;TIE_FSCSKEY_SEQ,EXACT_OUTLET;NOT_USPS_VALIDITY;NO_INVENTORY
41317,ZCTA_NEAREST_ACTIVE_OUTLET,KY0012,002,18.017,ZCTA_NN;R6371;TIE_FIRST_LEX,ZCTA_NN_HAVERSINE;NOT_ELIGIBILITY;NOT_USPS_VALIDITY;NO_INVENTORY
41332,ZCTA_NEAREST_ACTIVE_OUTLET,KY0083,002,12.356,ZCTA_NN;R6371;TIE_FIRST_LEX,ZCTA_NN_HAVERSINE;NOT_ELIGIBILITY;NOT_USPS_VALIDITY;NO_INVENTORY
41339,EXACT_IMLS_OUTLET_ZIP,KY0012,002,,EXACT_OUTLET;TIE_FSCSKEY_SEQ,EXACT_OUTLET;NOT_USPS_VALIDITY;NO_INVENTORY
41348,ZCTA_NEAREST_ACTIVE_OUTLET,KY0012,002,17.581,ZCTA_NN;R6371;TIE_FIRST_LEX,ZCTA_NN_HAVERSINE;NOT_ELIGIBILITY;NOT_USPS_VALIDITY;NO_INVENTORY
41351,ZCTA_NEAREST_ACTIVE_OUTLET,KY0090,002,19.142,ZCTA_NN;R6371;TIE_FIRST_LEX,ZCTA_NN_HAVERSINE;NOT_ELIGIBILITY;NOT_USPS_VALIDITY;NO_INVENTORY
41352,ZCTA_NEAREST_ACTIVE_OUTLET,KY0083,002,9.176,ZCTA_NN;R6371;TIE_FIRST_LEX,ZCTA_NN_HAVERSINE;NOT_ELIGIBILITY;NOT_USPS_VALIDITY;NO_INVENTORY
41360,ZCTA_NEAREST_ACTIVE_OUTLET,KY0114,002,9.477,ZCTA_NN;R6371;TIE_FIRST_LEX,ZCTA_NN_HAVERSINE;NOT_ELIGIBILITY;NOT_USPS_VALIDITY;NO_INVENTORY
41364,ZCTA_NEAREST_ACTIVE_OUTLET,KY0090,002,12.979,ZCTA_NN;R6371;TIE_FIRST_LEX,ZCTA_NN_HAVERSINE;NOT_ELIGIBILITY;NOT_USPS_VALIDITY;NO_INVENTORY
41365,ZCTA_NEAREST_ACTIVE_OUTLET,KY0114,002,7.110,ZCTA_NN;R6371;TIE_FIRST_LEX,ZCTA_NN_HAVERSINE;NOT_ELIGIBILITY;NOT_USPS_VALIDITY;NO_INVENTORY
41366,ZCTA_NEAREST_ACTIVE_OUTLET,KY0012,002,16.460,ZCTA_NN;R6371;TIE_FIRST_LEX,ZCTA_NN_HAVERSINE;NOT_ELIGIBILITY;NOT_USPS_VALIDITY;NO_INVENTORY
41367,ZCTA_NEAREST_ACTIVE_OUTLET,KY0092,002,18.327,ZCTA_NN;R6371;TIE_FIRST_LEX,ZCTA_NN_HAVERSINE;NOT_ELIGIBILITY;NOT_USPS_VALIDITY;NO_INVENTORY
41385,ZCTA_NEAREST_ACTIVE_OUTLET,KY0012,002,13.681,ZCTA_NN;R6371;TIE_FIRST_LEX,ZCTA_NN_HAVERSINE;NOT_ELIGIBILITY;NOT_USPS_VALIDITY;NO_INVENTORY
41386,ZCTA_NEAREST_ACTIVE_OUTLET,KY0090,002,7.972,ZCTA_NN;R6371;TIE_FIRST_LEX,ZCTA_NN_HAVERSINE;NOT_ELIGIBILITY;NOT_USPS_VALIDITY;NO_INVENTORY
41390,ZCTA_NEAREST_ACTIVE_OUTLET,KY0012,002,15.922,ZCTA_NN;R6371;TIE_FIRST_LEX,ZCTA_NN_HAVERSINE;NOT_ELIGIBILITY;NOT_USPS_VALIDITY;NO_INVENTORY
41397,ZCTA_NEAREST_ACTIVE_OUTLET,KY0114,002,12.406,ZCTA_NN;R6371;TIE_FIRST_LEX,ZCTA_NN_HAVERSINE;NOT_ELIGIBILITY;NOT_USPS_VALIDITY;NO_INVENTORY
41408,ZCTA_NEAREST_ACTIVE_OUTLET,KY0083,002,10.833,ZCTA_NN;R6371;TIE_FIRST_LEX,ZCTA_NN_HAVERSINE;NOT_ELIGIBILITY;NOT_USPS_VALIDITY;NO_INVENTORY
41421,ZCTA_NEAREST_ACTIVE_OUTLET,KY0029,002,11.997,ZCTA_NN;R6371;TIE_FIRST_LEX,ZCTA_NN_HAVERSINE;NOT_ELIGIBILITY;NOT_USPS_VALIDITY;NO_INVENTORY
41425,ZCTA_NEAREST_ACTIVE_OUTLET,KY0083,002,11.404,ZCTA_NN;R6371;TIE_FIRST_LEX,ZCTA_NN_HAVERSINE;NOT_ELIGIBILITY;NOT_USPS_VALIDITY;NO_INVENTORY
41464,ZCTA_NEAREST_ACTIVE_OUTLET,KY0070,002,15.051,ZCTA_NN;R6371;TIE_FIRST_LEX,ZCTA_NN_HAVERSINE;NOT_ELIGIBILITY;NOT_USPS_VALIDITY;NO_INVENTORY
41465,EXACT_IMLS_OUTLET_ZIP,KY0070,002,,EXACT_OUTLET;TIE_FSCSKEY_SEQ,EXACT_OUTLET;NOT_USPS_VALIDITY;NO_INVENTORY
41472,EXACT_IMLS_OUTLET_ZIP,KY0083,002,,EXACT_OUTLET;TIE_FSCSKEY_SEQ,EXACT_OUTLET;NOT_USPS_VALIDITY;NO_INVENTORY
41501,EXACT_IMLS_OUTLET_ZIP,KY0093,002,,EXACT_OUTLET;TIE_FSCSKEY_SEQ,EXACT_OUTLET;NOT_USPS_VALIDITY;NO_INVENTORY
41502,OBSERVED_REFERENCE_INDIRECT_ONLY,,,,INDIRECT_IMLS_SC;NO_FABRICATED_NEAREST,INDIRECT_IMLS_SC;NO_FABRICATED_NEAREST;NOT_REJECTED;NOT_USPS_VALIDITY;NO_INVENTORY
41503,ZCTA_NEAREST_ACTIVE_OUTLET,WV0006,002,1.578,ZCTA_NN;R6371;TIE_FIRST_LEX,ZCTA_NN_HAVERSINE;NOT_ELIGIBILITY;NOT_USPS_VALIDITY;NO_INVENTORY
41512,ZCTA_NEAREST_ACTIVE_OUTLET,VA0043,006,11.696,ZCTA_NN;R6371;TIE_FIRST_LEX,ZCTA_NN_HAVERSINE;NOT_ELIGIBILITY;NOT_USPS_VALIDITY;NO_INVENTORY
41513,ZCTA_NEAREST_ACTIVE_OUTLET,KY0093,010,5.331,ZCTA_NN;R6371;TIE_FIRST_LEX,ZCTA_NN_HAVERSINE;NOT_ELIGIBILITY;NOT_USPS_VALIDITY;NO_INVENTORY
41514,EXACT_IMLS_OUTLET_ZIP,KY0093,003,,EXACT_OUTLET;TIE_FSCSKEY_SEQ,EXACT_OUTLET;NOT_USPS_VALIDITY;NO_INVENTORY
41517,ZCTA_NEAREST_ACTIVE_OUTLET,KY0064,004,3.529,ZCTA_NN;R6371;TIE_FIRST_LEX,ZCTA_NN_HAVERSINE;NOT_ELIGIBILITY;NOT_USPS_VALIDITY;NO_INVENTORY
41519,ZCTA_NEAREST_ACTIVE_OUTLET,KY0093,003,6.303,ZCTA_NN;R6371;TIE_FIRST_LEX,ZCTA_NN_HAVERSINE;NOT_ELIGIBILITY;NOT_USPS_VALIDITY;NO_INVENTORY
41520,OBSERVED_REFERENCE_INDIRECT_ONLY,,,,INDIRECT_IMLS_SC;NO_FABRICATED_NEAREST,INDIRECT_IMLS_SC;NO_FABRICATED_NEAREST;NOT_REJECTED;NOT_USPS_VALIDITY;NO_INVENTORY
41522,EXACT_IMLS_OUTLET_ZIP,KY0093,010,,EXACT_OUTLET;TIE_FSCSKEY_SEQ,EXACT_OUTLET;NOT_USPS_VALIDITY;NO_INVENTORY
41524,ZCTA_NEAREST_ACTIVE_OUTLET,KY0093,004,11.810,ZCTA_NN;R6371;TIE_FIRST_LEX,ZCTA_NN_HAVERSINE;NOT_ELIGIBILITY;NOT_USPS_VALIDITY;NO_INVENTORY
41526,ZCTA_NEAREST_ACTIVE_OUTLET,KY0093,002,4.804,ZCTA_NN;R6371;TIE_FIRST_LEX,ZCTA_NN_HAVERSINE;NOT_ELIGIBILITY;NOT_USPS_VALIDITY;NO_INVENTORY
41527,ZCTA_NEAREST_ACTIVE_OUTLET,KY0093,003,2.527,ZCTA_NN;R6371;TIE_FIRST_LEX,ZCTA_NN_HAVERSINE;NOT_ELIGIBILITY;NOT_USPS_VALIDITY;NO_INVENTORY
41528,ZCTA_NEAREST_ACTIVE_OUTLET,KY0093,004,4.214,ZCTA_NN;R6371;TIE_FIRST_LEX,ZCTA_NN_HAVERSINE;NOT_ELIGIBILITY;NOT_USPS_VALIDITY;NO_INVENTORY
41531,ZCTA_NEAREST_ACTIVE_OUTLET,KY0093,003,4.354,ZCTA_NN;R6371;TIE_FIRST_LEX,ZCTA_NN_HAVERSINE;NOT_ELIGIBILITY;NOT_USPS_VALIDITY;NO_INVENTORY
41533,EXACT_IMLS_OUTLET_ZIP,KY0093,004,,EXACT_OUTLET;TIE_FSCSKEY_SEQ,EXACT_OUTLET;NOT_USPS_VALIDITY;NO_INVENTORY
41534,ZCTA_NEAREST_ACTIVE_OUTLET,KY0093,005,10.312,ZCTA_NN;R6371;TIE_FIRST_LEX,ZCTA_NN_HAVERSINE;NOT_ELIGIBILITY;NOT_USPS_VALIDITY;NO_INVENTORY
41535,ZCTA_NEAREST_ACTIVE_OUTLET,KY0093,003,3.256,ZCTA_NN;R6371;TIE_FIRST_LEX,ZCTA_NN_HAVERSINE;NOT_ELIGIBILITY;NOT_USPS_VALIDITY;NO_INVENTORY
41537,EXACT_IMLS_OUTLET_ZIP,KY0064,004,,EXACT_OUTLET;TIE_FSCSKEY_SEQ,EXACT_OUTLET;NOT_USPS_VALIDITY;NO_INVENTORY
41538,ZCTA_NEAREST_ACTIVE_OUTLET,KY0093,005,3.800,ZCTA_NN;R6371;TIE_FIRST_LEX,ZCTA_NN_HAVERSINE;NOT_ELIGIBILITY;NOT_USPS_VALIDITY;NO_INVENTORY
41539,ZCTA_NEAREST_ACTIVE_OUTLET,KY0093,003,13.910,ZCTA_NN;R6371;TIE_FIRST_LEX,ZCTA_NN_HAVERSINE;NOT_ELIGIBILITY;NOT_USPS_VALIDITY;NO_INVENTORY
41540,ZCTA_NEAREST_ACTIVE_OUTLET,KY0093,010,9.925,ZCTA_NN;R6371;TIE_FIRST_LEX,ZCTA_NN_HAVERSINE;NOT_ELIGIBILITY;NOT_USPS_VALIDITY;NO_INVENTORY
41543,ZCTA_NEAREST_ACTIVE_OUTLET,KY0093,003,8.095,ZCTA_NN;R6371;TIE_FIRST_LEX,ZCTA_NN_HAVERSINE;NOT_ELIGIBILITY;NOT_USPS_VALIDITY;NO_INVENTORY
41544,ZCTA_NEAREST_ACTIVE_OUTLET,WV0005,005,3.132,ZCTA_NN;R6371;TIE_FIRST_LEX,ZCTA_NN_HAVERSINE;NOT_ELIGIBILITY;NOT_USPS_VALIDITY;NO_INVENTORY
41547,ZCTA_NEAREST_ACTIVE_OUTLET,KY0093,004,5.692,ZCTA_NN;R6371;TIE_FIRST_LEX,ZCTA_NN_HAVERSINE;NOT_ELIGIBILITY;NOT_USPS_VALIDITY;NO_INVENTORY
41548,ZCTA_NEAREST_ACTIVE_OUTLET,KY0093,010,11.895,ZCTA_NN;R6371;TIE_FIRST_LEX,ZCTA_NN_HAVERSINE;NOT_ELIGIBILITY;NOT_USPS_VALIDITY;NO_INVENTORY
41553,ZCTA_NEAREST_ACTIVE_OUTLET,KY0093,004,4.236,ZCTA_NN;R6371;TIE_FIRST_LEX,ZCTA_NN_HAVERSINE;NOT_ELIGIBILITY;NOT_USPS_VALIDITY;NO_INVENTORY
41554,ZCTA_NEAREST_ACTIVE_OUTLET,KY0093,010,13.979,ZCTA_NN;R6371;TIE_FIRST_LEX,ZCTA_NN_HAVERSINE;NOT_ELIGIBILITY;NOT_USPS_VALIDITY;NO_INVENTORY
41555,ZCTA_NEAREST_ACTIVE_OUTLET,KY0093,003,9.190,ZCTA_NN;R6371;TIE_FIRST_LEX,ZCTA_NN_HAVERSINE;NOT_ELIGIBILITY;NOT_USPS_VALIDITY;NO_INVENTORY
41557,ZCTA_NEAREST_ACTIVE_OUTLET,KY0093,002,9.852,ZCTA_NN;R6371;TIE_FIRST_LEX,ZCTA_NN_HAVERSINE;NOT_ELIGIBILITY;NOT_USPS_VALIDITY;NO_INVENTORY
41558,ZCTA_NEAREST_ACTIVE_OUTLET,KY0093,004,5.320,ZCTA_NN;R6371;TIE_FIRST_LEX,ZCTA_NN_HAVERSINE;NOT_ELIGIBILITY;NOT_USPS_VALIDITY;NO_INVENTORY
41559,ZCTA_NEAREST_ACTIVE_OUTLET,KY0093,010,8.914,ZCTA_NN;R6371;TIE_FIRST_LEX,ZCTA_NN_HAVERSINE;NOT_ELIGIBILITY;NOT_USPS_VALIDITY;NO_INVENTORY
41560,ZCTA_NEAREST_ACTIVE_OUTLET,KY0093,005,6.339,ZCTA_NN;R6371;TIE_FIRST_LEX,ZCTA_NN_HAVERSINE;NOT_ELIGIBILITY;NOT_USPS_VALIDITY;NO_INVENTORY
41562,ZCTA_NEAREST_ACTIVE_OUTLET,KY0093,002,9.323,ZCTA_NN;R6371;TIE_FIRST_LEX,ZCTA_NN_HAVERSINE;NOT_ELIGIBILITY;NOT_USPS_VALIDITY;NO_INVENTORY
41563,ZCTA_NEAREST_ACTIVE_OUTLET,KY0064,004,10.141,ZCTA_NN;R6371;TIE_FIRST_LEX,ZCTA_NN_HAVERSINE;NOT_ELIGIBILITY;NOT_USPS_VALIDITY;NO_INVENTORY
41564,ZCTA_NEAREST_ACTIVE_OUTLET,KY0093,003,8.780,ZCTA_NN;R6371;TIE_FIRST_LEX,ZCTA_NN_HAVERSINE;NOT_ELIGIBILITY;NOT_USPS_VALIDITY;NO_INVENTORY
41566,ZCTA_NEAREST_ACTIVE_OUTLET,KY0093,004,12.689,ZCTA_NN;R6371;TIE_FIRST_LEX,ZCTA_NN_HAVERSINE;NOT_ELIGIBILITY;NOT_USPS_VALIDITY;NO_INVENTORY
41567,ZCTA_NEAREST_ACTIVE_OUTLET,KY0093,003,5.918,ZCTA_NN;R6371;TIE_FIRST_LEX,ZCTA_NN_HAVERSINE;NOT_ELIGIBILITY;NOT_USPS_VALIDITY;NO_INVENTORY
41568,ZCTA_NEAREST_ACTIVE_OUTLET,KY0093,004,9.832,ZCTA_NN;R6371;TIE_FIRST_LEX,ZCTA_NN_HAVERSINE;NOT_ELIGIBILITY;NOT_USPS_VALIDITY;NO_INVENTORY
41571,ZCTA_NEAREST_ACTIVE_OUTLET,KY0093,003,15.456,ZCTA_NN;R6371;TIE_FIRST_LEX,ZCTA_NN_HAVERSINE;NOT_ELIGIBILITY;NOT_USPS_VALIDITY;NO_INVENTORY
41572,EXACT_IMLS_OUTLET_ZIP,KY0093,005,,EXACT_OUTLET;TIE_FSCSKEY_SEQ,EXACT_OUTLET;NOT_USPS_VALIDITY;NO_INVENTORY
41601,ZCTA_NEAREST_ACTIVE_OUTLET,KY0033,002,8.260,ZCTA_NN;R6371;TIE_FIRST_LEX,ZCTA_NN_HAVERSINE;NOT_ELIGIBILITY;NOT_USPS_VALIDITY;NO_INVENTORY
41602,ZCTA_NEAREST_ACTIVE_OUTLET,KY0033,002,8.848,ZCTA_NN;R6371;TIE_FIRST_LEX,ZCTA_NN_HAVERSINE;NOT_ELIGIBILITY;NOT_USPS_VALIDITY;NO_INVENTORY
41603,ZCTA_NEAREST_ACTIVE_OUTLET,KY0033,002,12.186,ZCTA_NN;R6371;TIE_FIRST_LEX,ZCTA_NN_HAVERSINE;NOT_ELIGIBILITY;NOT_USPS_VALIDITY;NO_INVENTORY
41604,ZCTA_NEAREST_ACTIVE_OUTLET,KY0093,005,8.441,ZCTA_NN;R6371;TIE_FIRST_LEX,ZCTA_NN_HAVERSINE;NOT_ELIGIBILITY;NOT_USPS_VALIDITY;NO_INVENTORY
41605,ZCTA_NEAREST_ACTIVE_OUTLET,KY0093,011,10.324,ZCTA_NN;R6371;TIE_FIRST_LEX,ZCTA_NN_HAVERSINE;NOT_ELIGIBILITY;NOT_USPS_VALIDITY;NO_INVENTORY
41606,ZCTA_NEAREST_ACTIVE_OUTLET,KY0093,005,13.195,ZCTA_NN;R6371;TIE_FIRST_LEX,ZCTA_NN_HAVERSINE;NOT_ELIGIBILITY;NOT_USPS_VALIDITY;NO_INVENTORY
41607,ZCTA_NEAREST_ACTIVE_OUTLET,KY0033,002,8.683,ZCTA_NN;R6371;TIE_FIRST_LEX,ZCTA_NN_HAVERSINE;NOT_ELIGIBILITY;NOT_USPS_VALIDITY;NO_INVENTORY
41612,ZCTA_NEAREST_ACTIVE_OUTLET,KY0093,005,12.236,ZCTA_NN;R6371;TIE_FIRST_LEX,ZCTA_NN_HAVERSINE;NOT_ELIGIBILITY;NOT_USPS_VALIDITY;NO_INVENTORY
41615,ZCTA_NEAREST_ACTIVE_OUTLET,KY0033,004,11.349,ZCTA_NN;R6371;TIE_FIRST_LEX,ZCTA_NN_HAVERSINE;NOT_ELIGIBILITY;NOT_USPS_VALIDITY;NO_INVENTORY
41616,ZCTA_NEAREST_ACTIVE_OUTLET,KY0033,004,8.785,ZCTA_NN;R6371;TIE_FIRST_LEX,ZCTA_NN_HAVERSINE;NOT_ELIGIBILITY;NOT_USPS_VALIDITY;NO_INVENTORY
41619,ZCTA_NEAREST_ACTIVE_OUTLET,KY0033,004,7.694,ZCTA_NN;R6371;TIE_FIRST_LEX,ZCTA_NN_HAVERSINE;NOT_ELIGIBILITY;NOT_USPS_VALIDITY;NO_INVENTORY
41621,ZCTA_NEAREST_ACTIVE_OUTLET,KY0033,002,6.389,ZCTA_NN;R6371;TIE_FIRST_LEX,ZCTA_NN_HAVERSINE;NOT_ELIGIBILITY;NOT_USPS_VALIDITY;NO_INVENTORY
41622,EXACT_IMLS_OUTLET_ZIP,KY0033,004,,EXACT_OUTLET;TIE_FSCSKEY_SEQ,EXACT_OUTLET;NOT_USPS_VALIDITY;NO_INVENTORY
41630,ZCTA_NEAREST_ACTIVE_OUTLET,KY0033,004,9.214,ZCTA_NN;R6371;TIE_FIRST_LEX,ZCTA_NN_HAVERSINE;NOT_ELIGIBILITY;NOT_USPS_VALIDITY;NO_INVENTORY
41631,ZCTA_NEAREST_ACTIVE_OUTLET,KY0093,011,11.170,ZCTA_NN;R6371;TIE_FIRST_LEX,ZCTA_NN_HAVERSINE;NOT_ELIGIBILITY;NOT_USPS_VALIDITY;NO_INVENTORY
41632,ZCTA_NEAREST_ACTIVE_OUTLET,KY0033,004,13.692,ZCTA_NN;R6371;TIE_FIRST_LEX,ZCTA_NN_HAVERSINE;NOT_ELIGIBILITY;NOT_USPS_VALIDITY;NO_INVENTORY
41635,ZCTA_NEAREST_ACTIVE_OUTLET,KY0093,011,8.318,ZCTA_NN;R6371;TIE_FIRST_LEX,ZCTA_NN_HAVERSINE;NOT_ELIGIBILITY;NOT_USPS_VALIDITY;NO_INVENTORY
41636,ZCTA_NEAREST_ACTIVE_OUTLET,KY0033,004,13.911,ZCTA_NN;R6371;TIE_FIRST_LEX,ZCTA_NN_HAVERSINE;NOT_ELIGIBILITY;NOT_USPS_VALIDITY;NO_INVENTORY
41640,ZCTA_NEAREST_ACTIVE_OUTLET,KY0033,004,9.982,ZCTA_NN;R6371;TIE_FIRST_LEX,ZCTA_NN_HAVERSINE;NOT_ELIGIBILITY;NOT_USPS_VALIDITY;NO_INVENTORY
41642,ZCTA_NEAREST_ACTIVE_OUTLET,KY0033,002,13.955,ZCTA_NN;R6371;TIE_FIRST_LEX,ZCTA_NN_HAVERSINE;NOT_ELIGIBILITY;NOT_USPS_VALIDITY;NO_INVENTORY
41643,ZCTA_NEAREST_ACTIVE_OUTLET,KY0033,004,8.053,ZCTA_NN;R6371;TIE_FIRST_LEX,ZCTA_NN_HAVERSINE;NOT_ELIGIBILITY;NOT_USPS_VALIDITY;NO_INVENTORY
41645,ZCTA_NEAREST_ACTIVE_OUTLET,KY0033,004,2.867,ZCTA_NN;R6371;TIE_FIRST_LEX,ZCTA_NN_HAVERSINE;NOT_ELIGIBILITY;NOT_USPS_VALIDITY;NO_INVENTORY
41647,ZCTA_NEAREST_ACTIVE_OUTLET,KY0033,004,11.373,ZCTA_NN;R6371;TIE_FIRST_LEX,ZCTA_NN_HAVERSINE;NOT_ELIGIBILITY;NOT_USPS_VALIDITY;NO_INVENTORY
41649,ZCTA_NEAREST_ACTIVE_OUTLET,KY0033,004,7.940,ZCTA_NN;R6371;TIE_FIRST_LEX,ZCTA_NN_HAVERSINE;NOT_ELIGIBILITY;NOT_USPS_VALIDITY;NO_INVENTORY
41650,ZCTA_NEAREST_ACTIVE_OUTLET,KY0093,005,7.982,ZCTA_NN;R6371;TIE_FIRST_LEX,ZCTA_NN_HAVERSINE;NOT_ELIGIBILITY;NOT_USPS_VALIDITY;NO_INVENTORY
41651,ZCTA_NEAREST_ACTIVE_OUTLET,KY0033,004,6.849,ZCTA_NN;R6371;TIE_FIRST_LEX,ZCTA_NN_HAVERSINE;NOT_ELIGIBILITY;NOT_USPS_VALIDITY;NO_INVENTORY
41653,EXACT_IMLS_OUTLET_ZIP,KY0033,002,,EXACT_OUTLET;TIE_FSCSKEY_SEQ,EXACT_OUTLET;NOT_USPS_VALIDITY;NO_INVENTORY
41655,ZCTA_NEAREST_ACTIVE_OUTLET,KY0033,004,6.982,ZCTA_NN;R6371;TIE_FIRST_LEX,ZCTA_NN_HAVERSINE;NOT_ELIGIBILITY;NOT_USPS_VALIDITY;NO_INVENTORY
41659,ZCTA_NEAREST_ACTIVE_OUTLET,KY0093,011,10.776,ZCTA_NN;R6371;TIE_FIRST_LEX,ZCTA_NN_HAVERSINE;NOT_ELIGIBILITY;NOT_USPS_VALIDITY;NO_INVENTORY
41660,ZCTA_NEAREST_ACTIVE_OUTLET,KY0093,005,9.454,ZCTA_NN;R6371;TIE_FIRST_LEX,ZCTA_NN_HAVERSINE;NOT_ELIGIBILITY;NOT_USPS_VALIDITY;NO_INVENTORY
41663,ZCTA_NEAREST_ACTIVE_OUTLET,KY0093,011,13.499,ZCTA_NN;R6371;TIE_FIRST_LEX,ZCTA_NN_HAVERSINE;NOT_ELIGIBILITY;NOT_USPS_VALIDITY;NO_INVENTORY
41666,ZCTA_NEAREST_ACTIVE_OUTLET,KY0033,004,7.338,ZCTA_NN;R6371;TIE_FIRST_LEX,ZCTA_NN_HAVERSINE;NOT_ELIGIBILITY;NOT_USPS_VALIDITY;NO_INVENTORY
41667,ZCTA_NEAREST_ACTIVE_OUTLET,KY0093,005,9.902,ZCTA_NN;R6371;TIE_FIRST_LEX,ZCTA_NN_HAVERSINE;NOT_ELIGIBILITY;NOT_USPS_VALIDITY;NO_INVENTORY
41669,ZCTA_NEAREST_ACTIVE_OUTLET,KY0093,005,11.435,ZCTA_NN;R6371;TIE_FIRST_LEX,ZCTA_NN_HAVERSINE;NOT_ELIGIBILITY;NOT_USPS_VALIDITY;NO_INVENTORY
41701,EXACT_IMLS_OUTLET_ZIP,KY0092,002,,EXACT_OUTLET;TIE_FSCSKEY_SEQ,EXACT_OUTLET;NOT_USPS_VALIDITY;NO_INVENTORY
41702,OBSERVED_REFERENCE_INDIRECT_ONLY,,,,INDIRECT_IMLS_SC;NO_FABRICATED_NEAREST,INDIRECT_IMLS_SC;NO_FABRICATED_NEAREST;NOT_REJECTED;NOT_USPS_VALIDITY;NO_INVENTORY
41712,ZCTA_NEAREST_ACTIVE_OUTLET,KY0092,002,15.062,ZCTA_NN;R6371;TIE_FIRST_LEX,ZCTA_NN_HAVERSINE;NOT_ELIGIBILITY;NOT_USPS_VALIDITY;NO_INVENTORY
41713,ZCTA_NEAREST_ACTIVE_OUTLET,KY0092,002,6.894,ZCTA_NN;R6371;TIE_FIRST_LEX,ZCTA_NN_HAVERSINE;NOT_ELIGIBILITY;NOT_USPS_VALIDITY;NO_INVENTORY
41714,ZCTA_NEAREST_ACTIVE_OUTLET,KY0063,002,10.774,ZCTA_NN;R6371;TIE_FIRST_LEX,ZCTA_NN_HAVERSINE;NOT_ELIGIBILITY;NOT_USPS_VALIDITY;NO_INVENTORY
41719,ZCTA_NEAREST_ACTIVE_OUTLET,KY0092,002,6.250,ZCTA_NN;R6371;TIE_FIRST_LEX,ZCTA_NN_HAVERSINE;NOT_ELIGIBILITY;NOT_USPS_VALIDITY;NO_INVENTORY
41721,ZCTA_NEAREST_ACTIVE_OUTLET,KY0063,003,20.773,ZCTA_NN;R6371;TIE_FIRST_LEX,ZCTA_NN_HAVERSINE;NOT_ELIGIBILITY;NOT_USPS_VALIDITY;NO_INVENTORY
41722,ZCTA_NEAREST_ACTIVE_OUTLET,KY0057,002,13.505,ZCTA_NN;R6371;TIE_FIRST_LEX,ZCTA_NN_HAVERSINE;NOT_ELIGIBILITY;NOT_USPS_VALIDITY;NO_INVENTORY
41723,ZCTA_NEAREST_ACTIVE_OUTLET,KY0092,002,9.012,ZCTA_NN;R6371;TIE_FIRST_LEX,ZCTA_NN_HAVERSINE;NOT_ELIGIBILITY;NOT_USPS_VALIDITY;NO_INVENTORY
41725,ZCTA_NEAREST_ACTIVE_OUTLET,KY0057,002,5.365,ZCTA_NN;R6371;TIE_FIRST_LEX,ZCTA_NN_HAVERSINE;NOT_ELIGIBILITY;NOT_USPS_VALIDITY;NO_INVENTORY
41727,ZCTA_NEAREST_ACTIVE_OUTLET,KY0092,002,14.999,ZCTA_NN;R6371;TIE_FIRST_LEX,ZCTA_NN_HAVERSINE;NOT_ELIGIBILITY;NOT_USPS_VALIDITY;NO_INVENTORY
41729,ZCTA_NEAREST_ACTIVE_OUTLET,KY0092,002,2.160,ZCTA_NN;R6371;TIE_FIRST_LEX,ZCTA_NN_HAVERSINE;NOT_ELIGIBILITY;NOT_USPS_VALIDITY;NO_INVENTORY
41731,ZCTA_NEAREST_ACTIVE_OUTLET,KY0064,003,10.179,ZCTA_NN;R6371;TIE_FIRST_LEX,ZCTA_NN_HAVERSINE;NOT_ELIGIBILITY;NOT_USPS_VALIDITY;NO_INVENTORY
41735,ZCTA_NEAREST_ACTIVE_OUTLET,KY0045,003,10.781,ZCTA_NN;R6371;TIE_FIRST_LEX,ZCTA_NN_HAVERSINE;NOT_ELIGIBILITY;NOT_USPS_VALIDITY;NO_INVENTORY
41739,ZCTA_NEAREST_ACTIVE_OUTLET,KY0092,002,10.377,ZCTA_NN;R6371;TIE_FIRST_LEX,ZCTA_NN_HAVERSINE;NOT_ELIGIBILITY;NOT_USPS_VALIDITY;NO_INVENTORY
41740,ZCTA_NEAREST_ACTIVE_OUTLET,KY0057,002,6.615,ZCTA_NN;R6371;TIE_FIRST_LEX,ZCTA_NN_HAVERSINE;NOT_ELIGIBILITY;NOT_USPS_VALIDITY;NO_INVENTORY
41745,ZCTA_NEAREST_ACTIVE_OUTLET,KY0063,003,20.646,ZCTA_NN;R6371;TIE_FIRST_LEX,ZCTA_NN_HAVERSINE;NOT_ELIGIBILITY;NOT_USPS_VALIDITY;NO_INVENTORY
41746,ZCTA_NEAREST_ACTIVE_OUTLET,KY0092,002,10.922,ZCTA_NN;R6371;TIE_FIRST_LEX,ZCTA_NN_HAVERSINE;NOT_ELIGIBILITY;NOT_USPS_VALIDITY;NO_INVENTORY
41749,EXACT_IMLS_OUTLET_ZIP,KY0063,002,,EXACT_OUTLET;TIE_FSCSKEY_SEQ,EXACT_OUTLET;NOT_USPS_VALIDITY;NO_INVENTORY
41751,ZCTA_NEAREST_ACTIVE_OUTLET,KY0092,002,7.787,ZCTA_NN;R6371;TIE_FIRST_LEX,ZCTA_NN_HAVERSINE;NOT_ELIGIBILITY;NOT_USPS_VALIDITY;NO_INVENTORY
41754,ZCTA_NEAREST_ACTIVE_OUTLET,KY0092,002,12.308,ZCTA_NN;R6371;TIE_FIRST_LEX,ZCTA_NN_HAVERSINE;NOT_ELIGIBILITY;NOT_USPS_VALIDITY;NO_INVENTORY
41759,ZCTA_NEAREST_ACTIVE_OUTLET,KY0064,003,11.038,ZCTA_NN;R6371;TIE_FIRST_LEX,ZCTA_NN_HAVERSINE;NOT_ELIGIBILITY;NOT_USPS_VALIDITY;NO_INVENTORY
41760,ZCTA_NEAREST_ACTIVE_OUTLET,KY0064,003,11.182,ZCTA_NN;R6371;TIE_FIRST_LEX,ZCTA_NN_HAVERSINE;NOT_ELIGIBILITY;NOT_USPS_VALIDITY;NO_INVENTORY
41762,ZCTA_NEAREST_ACTIVE_OUTLET,KY0063,002,12.243,ZCTA_NN;R6371;TIE_FIRST_LEX,ZCTA_NN_HAVERSINE;NOT_ELIGIBILITY;NOT_USPS_VALIDITY;NO_INVENTORY
41763,ZCTA_NEAREST_ACTIVE_OUTLET,KY0064,003,14.403,ZCTA_NN;R6371;TIE_FIRST_LEX,ZCTA_NN_HAVERSINE;NOT_ELIGIBILITY;NOT_USPS_VALIDITY;NO_INVENTORY
41764,ZCTA_NEAREST_ACTIVE_OUTLET,KY0063,003,11.691,ZCTA_NN;R6371;TIE_FIRST_LEX,ZCTA_NN_HAVERSINE;NOT_ELIGIBILITY;NOT_USPS_VALIDITY;NO_INVENTORY
41766,ZCTA_NEAREST_ACTIVE_OUTLET,KY0063,002,6.572,ZCTA_NN;R6371;TIE_FIRST_LEX,ZCTA_NN_HAVERSINE;NOT_ELIGIBILITY;NOT_USPS_VALIDITY;NO_INVENTORY
41772,ZCTA_NEAREST_ACTIVE_OUTLET,KY0057,002,8.653,ZCTA_NN;R6371;TIE_FIRST_LEX,ZCTA_NN_HAVERSINE;NOT_ELIGIBILITY;NOT_USPS_VALIDITY;NO_INVENTORY
41773,ZCTA_NEAREST_ACTIVE_OUTLET,KY0057,002,8.361,ZCTA_NN;R6371;TIE_FIRST_LEX,ZCTA_NN_HAVERSINE;NOT_ELIGIBILITY;NOT_USPS_VALIDITY;NO_INVENTORY
41774,ZCTA_NEAREST_ACTIVE_OUTLET,KY0092,002,12.020,ZCTA_NN;R6371;TIE_FIRST_LEX,ZCTA_NN_HAVERSINE;NOT_ELIGIBILITY;NOT_USPS_VALIDITY;NO_INVENTORY
41775,ZCTA_NEAREST_ACTIVE_OUTLET,KY0063,002,7.297,ZCTA_NN;R6371;TIE_FIRST_LEX,ZCTA_NN_HAVERSINE;NOT_ELIGIBILITY;NOT_USPS_VALIDITY;NO_INVENTORY
41776,ZCTA_NEAREST_ACTIVE_OUTLET,KY0063,003,6.393,ZCTA_NN;R6371;TIE_FIRST_LEX,ZCTA_NN_HAVERSINE;NOT_ELIGIBILITY;NOT_USPS_VALIDITY;NO_INVENTORY
41777,ZCTA_NEAREST_ACTIVE_OUTLET,KY0063,003,17.914,ZCTA_NN;R6371;TIE_FIRST_LEX,ZCTA_NN_HAVERSINE;NOT_ELIGIBILITY;NOT_USPS_VALIDITY;NO_INVENTORY
41778,ZCTA_NEAREST_ACTIVE_OUTLET,KY0092,002,10.403,ZCTA_NN;R6371;TIE_FIRST_LEX,ZCTA_NN_HAVERSINE;NOT_ELIGIBILITY;NOT_USPS_VALIDITY;NO_INVENTORY
41804,EXACT_IMLS_OUTLET_ZIP,KY0064,003,,EXACT_OUTLET;TIE_FSCSKEY_SEQ,EXACT_OUTLET;NOT_USPS_VALIDITY;NO_INVENTORY
41810,ZCTA_NEAREST_ACTIVE_OUTLET,KY0064,005,2.514,ZCTA_NN;R6371;TIE_FIRST_LEX,ZCTA_NN_HAVERSINE;NOT_ELIGIBILITY;NOT_USPS_VALIDITY;NO_INVENTORY
41812,ZCTA_NEAREST_ACTIVE_OUTLET,KY0064,005,7.336,ZCTA_NN;R6371;TIE_FIRST_LEX,ZCTA_NN_HAVERSINE;NOT_ELIGIBILITY;NOT_USPS_VALIDITY;NO_INVENTORY
41815,ZCTA_NEAREST_ACTIVE_OUTLET,KY0064,002,4.449,ZCTA_NN;R6371;TIE_FIRST_LEX,ZCTA_NN_HAVERSINE;NOT_ELIGIBILITY;NOT_USPS_VALIDITY;NO_INVENTORY
41817,ZCTA_NEAREST_ACTIVE_OUTLET,KY0057,002,9.035,ZCTA_NN;R6371;TIE_FIRST_LEX,ZCTA_NN_HAVERSINE;NOT_ELIGIBILITY;NOT_USPS_VALIDITY;NO_INVENTORY
41819,ZCTA_NEAREST_ACTIVE_OUTLET,KY0045,003,9.050,ZCTA_NN;R6371;TIE_FIRST_LEX,ZCTA_NN_HAVERSINE;NOT_ELIGIBILITY;NOT_USPS_VALIDITY;NO_INVENTORY
41821,ZCTA_NEAREST_ACTIVE_OUTLET,KY0064,003,9.502,ZCTA_NN;R6371;TIE_FIRST_LEX,ZCTA_NN_HAVERSINE;NOT_ELIGIBILITY;NOT_USPS_VALIDITY;NO_INVENTORY
41822,EXACT_IMLS_OUTLET_ZIP,KY0057,002,,EXACT_OUTLET;TIE_FSCSKEY_SEQ,EXACT_OUTLET;NOT_USPS_VALIDITY;NO_INVENTORY
41824,ZCTA_NEAREST_ACTIVE_OUTLET,KY0064,002,8.551,ZCTA_NN;R6371;TIE_FIRST_LEX,ZCTA_NN_HAVERSINE;NOT_ELIGIBILITY;NOT_USPS_VALIDITY;NO_INVENTORY
41825,ZCTA_NEAREST_ACTIVE_OUTLET,KY0064,005,3.978,ZCTA_NN;R6371;TIE_FIRST_LEX,ZCTA_NN_HAVERSINE;NOT_ELIGIBILITY;NOT_USPS_VALIDITY;NO_INVENTORY
41826,ZCTA_NEAREST_ACTIVE_OUTLET,KY0064,003,7.435,ZCTA_NN;R6371;TIE_FIRST_LEX,ZCTA_NN_HAVERSINE;NOT_ELIGIBILITY;NOT_USPS_VALIDITY;NO_INVENTORY
41828,ZCTA_NEAREST_ACTIVE_OUTLET,KY0064,005,13.010,ZCTA_NN;R6371;TIE_FIRST_LEX,ZCTA_NN_HAVERSINE;NOT_ELIGIBILITY;NOT_USPS_VALIDITY;NO_INVENTORY
41831,ZCTA_NEAREST_ACTIVE_OUTLET,KY0057,002,6.148,ZCTA_NN;R6371;TIE_FIRST_LEX,ZCTA_NN_HAVERSINE;NOT_ELIGIBILITY;NOT_USPS_VALIDITY;NO_INVENTORY
41832,ZCTA_NEAREST_ACTIVE_OUTLET,KY0064,003,3.729,ZCTA_NN;R6371;TIE_FIRST_LEX,ZCTA_NN_HAVERSINE;NOT_ELIGIBILITY;NOT_USPS_VALIDITY;NO_INVENTORY
41833,ZCTA_NEAREST_ACTIVE_OUTLET,KY0045,003,5.709,ZCTA_NN;R6371;TIE_FIRST_LEX,ZCTA_NN_HAVERSINE;NOT_ELIGIBILITY;NOT_USPS_VALIDITY;NO_INVENTORY
41834,ZCTA_NEAREST_ACTIVE_OUTLET,KY0057,002,9.441,ZCTA_NN;R6371;TIE_FIRST_LEX,ZCTA_NN_HAVERSINE;NOT_ELIGIBILITY;NOT_USPS_VALIDITY;NO_INVENTORY
41835,ZCTA_NEAREST_ACTIVE_OUTLET,KY0064,005,3.810,ZCTA_NN;R6371;TIE_FIRST_LEX,ZCTA_NN_HAVERSINE;NOT_ELIGIBILITY;NOT_USPS_VALIDITY;NO_INVENTORY
41836,ZCTA_NEAREST_ACTIVE_OUTLET,KY0057,002,10.788,ZCTA_NN;R6371;TIE_FIRST_LEX,ZCTA_NN_HAVERSINE;NOT_ELIGIBILITY;NOT_USPS_VALIDITY;NO_INVENTORY
41837,ZCTA_NEAREST_ACTIVE_OUTLET,KY0064,002,6.035,ZCTA_NN;R6371;TIE_FIRST_LEX,ZCTA_NN_HAVERSINE;NOT_ELIGIBILITY;NOT_USPS_VALIDITY;NO_INVENTORY
41838,ZCTA_NEAREST_ACTIVE_OUTLET,KY0064,005,5.306,ZCTA_NN;R6371;TIE_FIRST_LEX,ZCTA_NN_HAVERSINE;NOT_ELIGIBILITY;NOT_USPS_VALIDITY;NO_INVENTORY
41839,ZCTA_NEAREST_ACTIVE_OUTLET,KY0033,004,10.509,ZCTA_NN;R6371;TIE_FIRST_LEX,ZCTA_NN_HAVERSINE;NOT_ELIGIBILITY;NOT_USPS_VALIDITY;NO_INVENTORY
41840,EXACT_IMLS_OUTLET_ZIP,KY0064,005,,EXACT_OUTLET;TIE_FSCSKEY_SEQ,EXACT_OUTLET;NOT_USPS_VALIDITY;NO_INVENTORY
41843,ZCTA_NEAREST_ACTIVE_OUTLET,KY0057,002,12.503,ZCTA_NN;R6371;TIE_FIRST_LEX,ZCTA_NN_HAVERSINE;NOT_ELIGIBILITY;NOT_USPS_VALIDITY;NO_INVENTORY
41844,ZCTA_NEAREST_ACTIVE_OUTLET,KY0057,002,9.576,ZCTA_NN;R6371;TIE_FIRST_LEX,ZCTA_NN_HAVERSINE;NOT_ELIGIBILITY;NOT_USPS_VALIDITY;NO_INVENTORY
41845,ZCTA_NEAREST_ACTIVE_OUTLET,KY0064,003,6.960,ZCTA_NN;R6371;TIE_FIRST_LEX,ZCTA_NN_HAVERSINE;NOT_ELIGIBILITY;NOT_USPS_VALIDITY;NO_INVENTORY
41847,ZCTA_NEAREST_ACTIVE_OUTLET,KY0064,003,7.038,ZCTA_NN;R6371;TIE_FIRST_LEX,ZCTA_NN_HAVERSINE;NOT_ELIGIBILITY;NOT_USPS_VALIDITY;NO_INVENTORY
41848,ZCTA_NEAREST_ACTIVE_OUTLET,KY0064,003,4.592,ZCTA_NN;R6371;TIE_FIRST_LEX,ZCTA_NN_HAVERSINE;NOT_ELIGIBILITY;NOT_USPS_VALIDITY;NO_INVENTORY
41849,ZCTA_NEAREST_ACTIVE_OUTLET,KY0064,005,3.937,ZCTA_NN;R6371;TIE_FIRST_LEX,ZCTA_NN_HAVERSINE;NOT_ELIGIBILITY;NOT_USPS_VALIDITY;NO_INVENTORY
41855,ZCTA_NEAREST_ACTIVE_OUTLET,KY0064,002,7.448,ZCTA_NN;R6371;TIE_FIRST_LEX,ZCTA_NN_HAVERSINE;NOT_ELIGIBILITY;NOT_USPS_VALIDITY;NO_INVENTORY
41858,EXACT_IMLS_OUTLET_ZIP,KY0064,007,,EXACT_OUTLET;TIE_FSCSKEY_SEQ,EXACT_OUTLET;NOT_USPS_VALIDITY;NO_INVENTORY
41859,ZCTA_NEAREST_ACTIVE_OUTLET,KY0033,004,13.714,ZCTA_NN;R6371;TIE_FIRST_LEX,ZCTA_NN_HAVERSINE;NOT_ELIGIBILITY;NOT_USPS_VALIDITY;NO_INVENTORY
41861,ZCTA_NEAREST_ACTIVE_OUTLET,KY0033,004,13.563,ZCTA_NN;R6371;TIE_FIRST_LEX,ZCTA_NN_HAVERSINE;NOT_ELIGIBILITY;NOT_USPS_VALIDITY;NO_INVENTORY
41862,ZCTA_NEAREST_ACTIVE_OUTLET,KY0093,005,16.458,ZCTA_NN;R6371;TIE_FIRST_LEX,ZCTA_NN_HAVERSINE;NOT_ELIGIBILITY;NOT_USPS_VALIDITY;NO_INVENTORY
42001,ZCTA_NEAREST_ACTIVE_OUTLET,KY0075,002,11.470,ZCTA_NN;R6371;TIE_FIRST_LEX,ZCTA_NN_HAVERSINE;NOT_ELIGIBILITY;NOT_USPS_VALIDITY;NO_INVENTORY
42002,OBSERVED_REFERENCE_INDIRECT_ONLY,,,,INDIRECT_IMLS_SC;NO_FABRICATED_NEAREST,INDIRECT_IMLS_SC;NO_FABRICATED_NEAREST;NOT_REJECTED;NOT_USPS_VALIDITY;NO_INVENTORY
42003,EXACT_IMLS_OUTLET_ZIP,KY0075,002,,EXACT_OUTLET;TIE_FSCSKEY_SEQ,EXACT_OUTLET;NOT_USPS_VALIDITY;NO_INVENTORY
42020,ZCTA_NEAREST_ACTIVE_OUTLET,KY0017,002,8.535,ZCTA_NN;R6371;TIE_FIRST_LEX,ZCTA_NN_HAVERSINE;NOT_ELIGIBILITY;NOT_USPS_VALIDITY;NO_INVENTORY
42021,ZCTA_NEAREST_ACTIVE_OUTLET,KY0050,002,15.597,ZCTA_NN;R6371;TIE_FIRST_LEX,ZCTA_NN_HAVERSINE;NOT_ELIGIBILITY;NOT_USPS_VALIDITY;NO_INVENTORY
42022,ZCTA_NEAREST_ACTIVE_OUTLET,IL0336,002,18.891,ZCTA_NN;R6371;TIE_FIRST_LEX,ZCTA_NN_HAVERSINE;NOT_ELIGIBILITY;NOT_USPS_VALIDITY;NO_INVENTORY
42023,ZCTA_NEAREST_ACTIVE_OUTLET,KY0117,003,13.639,ZCTA_NN;R6371;TIE_FIRST_LEX,ZCTA_NN_HAVERSINE;NOT_ELIGIBILITY;NOT_USPS_VALIDITY;NO_INVENTORY
42024,ZCTA_NEAREST_ACTIVE_OUTLET,KY0117,003,12.792,ZCTA_NN;R6371;TIE_FIRST_LEX,ZCTA_NN_HAVERSINE;NOT_ELIGIBILITY;NOT_USPS_VALIDITY;NO_INVENTORY
42025,EXACT_IMLS_OUTLET_ZIP,KY0072,002,,EXACT_OUTLET;TIE_FSCSKEY_SEQ,EXACT_OUTLET;NOT_USPS_VALIDITY;NO_INVENTORY
42027,ZCTA_NEAREST_ACTIVE_OUTLET,KY0075,002,18.579,ZCTA_NN;R6371;TIE_FIRST_LEX,ZCTA_NN_HAVERSINE;NOT_ELIGIBILITY;NOT_USPS_VALIDITY;NO_INVENTORY
42028,ZCTA_NEAREST_ACTIVE_OUTLET,KY0805,001,12.576,ZCTA_NN;R6371;TIE_FIRST_LEX,ZCTA_NN_HAVERSINE;NOT_ELIGIBILITY;NOT_USPS_VALIDITY;NO_INVENTORY
42029,EXACT_IMLS_OUTLET_ZIP,KY0072,003,,EXACT_OUTLET;TIE_FSCSKEY_SEQ,EXACT_OUTLET;NOT_USPS_VALIDITY;NO_INVENTORY
42031,EXACT_IMLS_OUTLET_ZIP,KY0050,002,,EXACT_OUTLET;TIE_FSCSKEY_SEQ,EXACT_OUTLET;NOT_USPS_VALIDITY;NO_INVENTORY
42032,ZCTA_NEAREST_ACTIVE_OUTLET,KY0050,002,13.768,ZCTA_NN;R6371;TIE_FIRST_LEX,ZCTA_NN_HAVERSINE;NOT_ELIGIBILITY;NOT_USPS_VALIDITY;NO_INVENTORY
42035,ZCTA_NEAREST_ACTIVE_OUTLET,KY0117,003,23.376,ZCTA_NN;R6371;TIE_FIRST_LEX,ZCTA_NN_HAVERSINE;NOT_ELIGIBILITY;NOT_USPS_VALIDITY;NO_INVENTORY
42036,ZCTA_NEAREST_ACTIVE_OUTLET,KY0072,004,7.971,ZCTA_NN;R6371;TIE_FIRST_LEX,ZCTA_NN_HAVERSINE;NOT_ELIGIBILITY;NOT_USPS_VALIDITY;NO_INVENTORY
42037,ZCTA_NEAREST_ACTIVE_OUTLET,KY0068,002,11.428,ZCTA_NN;R6371;TIE_FIRST_LEX,ZCTA_NN_HAVERSINE;NOT_ELIGIBILITY;NOT_USPS_VALIDITY;NO_INVENTORY
42038,EXACT_IMLS_OUTLET_ZIP,KY0068,002,,EXACT_OUTLET;TIE_FSCSKEY_SEQ,EXACT_OUTLET;NOT_USPS_VALIDITY;NO_INVENTORY
42039,ZCTA_NEAREST_ACTIVE_OUTLET,KY0039,002,16.336,ZCTA_NN;R6371;TIE_FIRST_LEX,ZCTA_NN_HAVERSINE;NOT_ELIGIBILITY;NOT_USPS_VALIDITY;NO_INVENTORY
42040,ZCTA_NEAREST_ACTIVE_OUTLET,KY0017,002,17.292,ZCTA_NN;R6371;TIE_FIRST_LEX,ZCTA_NN_HAVERSINE;NOT_ELIGIBILITY;NOT_USPS_VALIDITY;NO_INVENTORY
42041,EXACT_IMLS_OUTLET_ZIP,KY0035,002,,EXACT_OUTLET;TIE_FSCSKEY_SEQ,EXACT_OUTLET;NOT_USPS_VALIDITY;NO_INVENTORY
42044,ZCTA_NEAREST_ACTIVE_OUTLET,KY0072,003,9.750,ZCTA_NN;R6371;TIE_FIRST_LEX,ZCTA_NN_HAVERSINE;NOT_ELIGIBILITY;NOT_USPS_VALIDITY;NO_INVENTORY
42045,ZCTA_NEAREST_ACTIVE_OUTLET,KY0072,003,8.407,ZCTA_NN;R6371;TIE_FIRST_LEX,ZCTA_NN_HAVERSINE;NOT_ELIGIBILITY;NOT_USPS_VALIDITY;NO_INVENTORY
42047,ZCTA_NEAREST_ACTIVE_OUTLET,IL0214,002,11.631,ZCTA_NN;R6371;TIE_FIRST_LEX,ZCTA_NN_HAVERSINE;NOT_ELIGIBILITY;NOT_USPS_VALIDITY;NO_INVENTORY
42048,EXACT_IMLS_OUTLET_ZIP,KY0072,004,,EXACT_OUTLET;TIE_FSCSKEY_SEQ,EXACT_OUTLET;NOT_USPS_VALIDITY;NO_INVENTORY
42049,ZCTA_NEAREST_ACTIVE_OUTLET,KY0017,002,10.419,ZCTA_NN;R6371;TIE_FIRST_LEX,ZCTA_NN_HAVERSINE;NOT_ELIGIBILITY;NOT_USPS_VALIDITY;NO_INVENTORY
42050,EXACT_IMLS_OUTLET_ZIP,KY0035,003,,EXACT_OUTLET;TIE_FSCSKEY_SEQ,EXACT_OUTLET;NOT_USPS_VALIDITY;NO_INVENTORY
42051,ZCTA_NEAREST_ACTIVE_OUTLET,KY0039,002,12.506,ZCTA_NN;R6371;TIE_FIRST_LEX,ZCTA_NN_HAVERSINE;NOT_ELIGIBILITY;NOT_USPS_VALIDITY;NO_INVENTORY
42053,ZCTA_NEAREST_ACTIVE_OUTLET,IL0336,002,13.577,ZCTA_NN;R6371;TIE_FIRST_LEX,ZCTA_NN_HAVERSINE;NOT_ELIGIBILITY;NOT_USPS_VALIDITY;NO_INVENTORY
42054,ZCTA_NEAREST_ACTIVE_OUTLET,KY0072,004,12.614,ZCTA_NN;R6371;TIE_FIRST_LEX,ZCTA_NN_HAVERSINE;NOT_ELIGIBILITY;NOT_USPS_VALIDITY;NO_INVENTORY
42055,ZCTA_NEAREST_ACTIVE_OUTLET,KY0068,002,7.999,ZCTA_NN;R6371;TIE_FIRST_LEX,ZCTA_NN_HAVERSINE;NOT_ELIGIBILITY;NOT_USPS_VALIDITY;NO_INVENTORY
42056,ZCTA_NEAREST_ACTIVE_OUTLET,KY0117,003,18.084,ZCTA_NN;R6371;TIE_FIRST_LEX,ZCTA_NN_HAVERSINE;NOT_ELIGIBILITY;NOT_USPS_VALIDITY;NO_INVENTORY
42058,ZCTA_NEAREST_ACTIVE_OUTLET,KY0805,001,10.532,ZCTA_NN;R6371;TIE_FIRST_LEX,ZCTA_NN_HAVERSINE;NOT_ELIGIBILITY;NOT_USPS_VALIDITY;NO_INVENTORY
42060,ZCTA_NEAREST_ACTIVE_OUTLET,IL0336,002,22.110,ZCTA_NN;R6371;TIE_FIRST_LEX,ZCTA_NN_HAVERSINE;NOT_ELIGIBILITY;NOT_USPS_VALIDITY;NO_INVENTORY
42061,ZCTA_NEAREST_ACTIVE_OUTLET,KY0039,002,18.310,ZCTA_NN;R6371;TIE_FIRST_LEX,ZCTA_NN_HAVERSINE;NOT_ELIGIBILITY;NOT_USPS_VALIDITY;NO_INVENTORY
42064,EXACT_IMLS_OUTLET_ZIP,KY0025,002,,EXACT_OUTLET;TIE_FSCSKEY_SEQ,EXACT_OUTLET;NOT_USPS_VALIDITY;NO_INVENTORY
42066,EXACT_IMLS_OUTLET_ZIP,KY0039,002,,EXACT_OUTLET;TIE_FSCSKEY_SEQ,EXACT_OUTLET;NOT_USPS_VALIDITY;NO_INVENTORY
42069,ZCTA_NEAREST_ACTIVE_OUTLET,KY0039,002,21.310,ZCTA_NN;R6371;TIE_FIRST_LEX,ZCTA_NN_HAVERSINE;NOT_ELIGIBILITY;NOT_USPS_VALIDITY;NO_INVENTORY
42071,EXACT_IMLS_OUTLET_ZIP,KY0017,002,,EXACT_OUTLET;TIE_FSCSKEY_SEQ,EXACT_OUTLET;NOT_USPS_VALIDITY;NO_INVENTORY
42076,ZCTA_NEAREST_ACTIVE_OUTLET,KY0017,002,18.415,ZCTA_NN;R6371;TIE_FIRST_LEX,ZCTA_NN_HAVERSINE;NOT_ELIGIBILITY;NOT_USPS_VALIDITY;NO_INVENTORY
42078,ZCTA_NEAREST_ACTIVE_OUTLET,IL0466,002,16.651,ZCTA_NN;R6371;TIE_FIRST_LEX,ZCTA_NN_HAVERSINE;NOT_ELIGIBILITY;NOT_USPS_VALIDITY;NO_INVENTORY
42079,ZCTA_NEAREST_ACTIVE_OUTLET,KY0039,002,23.828,ZCTA_NN;R6371;TIE_FIRST_LEX,ZCTA_NN_HAVERSINE;NOT_ELIGIBILITY;NOT_USPS_VALIDITY;NO_INVENTORY
42081,EXACT_IMLS_OUTLET_ZIP,KY0805,001,,EXACT_OUTLET;TIE_FSCSKEY_SEQ,EXACT_OUTLET;NOT_USPS_VALIDITY;NO_INVENTORY
42082,ZCTA_NEAREST_ACTIVE_OUTLET,KY0072,005,14.478,ZCTA_NN;R6371;TIE_FIRST_LEX,ZCTA_NN_HAVERSINE;NOT_ELIGIBILITY;NOT_USPS_VALIDITY;NO_INVENTORY
42083,ZCTA_NEAREST_ACTIVE_OUTLET,KY0805,001,10.565,ZCTA_NN;R6371;TIE_FIRST_LEX,ZCTA_NN_HAVERSINE;NOT_ELIGIBILITY;NOT_USPS_VALIDITY;NO_INVENTORY
42085,ZCTA_NEAREST_ACTIVE_OUTLET,KY0035,002,9.829,ZCTA_NN;R6371;TIE_FIRST_LEX,ZCTA_NN_HAVERSINE;NOT_ELIGIBILITY;NOT_USPS_VALIDITY;NO_INVENTORY
42086,ZCTA_NEAREST_ACTIVE_OUTLET,IL0336,002,8.234,ZCTA_NN;R6371;TIE_FIRST_LEX,ZCTA_NN_HAVERSINE;NOT_ELIGIBILITY;NOT_USPS_VALIDITY;NO_INVENTORY
42087,EXACT_IMLS_OUTLET_ZIP,KY0117,003,,EXACT_OUTLET;TIE_FSCSKEY_SEQ,EXACT_OUTLET;NOT_USPS_VALIDITY;NO_INVENTORY
42088,ZCTA_NEAREST_ACTIVE_OUTLET,KY0035,002,16.492,ZCTA_NN;R6371;TIE_FIRST_LEX,ZCTA_NN_HAVERSINE;NOT_ELIGIBILITY;NOT_USPS_VALIDITY;NO_INVENTORY
42101,EXACT_IMLS_OUTLET_ZIP,KY0109,002,,EXACT_OUTLET;TIE_FSCSKEY_SEQ,EXACT_OUTLET;NOT_USPS_VALIDITY;NO_INVENTORY
42102,OBSERVED_REFERENCE_INDIRECT_ONLY,,,,INDIRECT_IMLS_SC;NO_FABRICATED_NEAREST,INDIRECT_IMLS_SC;NO_FABRICATED_NEAREST;NOT_REJECTED;NOT_USPS_VALIDITY;NO_INVENTORY
42103,ZCTA_NEAREST_ACTIVE_OUTLET,KY0109,001,8.890,ZCTA_NN;R6371;TIE_FIRST_LEX,ZCTA_NN_HAVERSINE;NOT_ELIGIBILITY;NOT_USPS_VALIDITY;NO_INVENTORY
42104,EXACT_IMLS_OUTLET_ZIP,KY0109,001,,EXACT_OUTLET;TIE_FSCSKEY_SEQ,EXACT_OUTLET;NOT_USPS_VALIDITY;NO_INVENTORY
42120,ZCTA_NEAREST_ACTIVE_OUTLET,KY0002,002,11.867,ZCTA_NN;R6371;TIE_FIRST_LEX,ZCTA_NN_HAVERSINE;NOT_ELIGIBILITY;NOT_USPS_VALIDITY;NO_INVENTORY
42122,ZCTA_NEAREST_ACTIVE_OUTLET,KY0109,001,9.541,ZCTA_NN;R6371;TIE_FIRST_LEX,ZCTA_NN_HAVERSINE;NOT_ELIGIBILITY;NOT_USPS_VALIDITY;NO_INVENTORY
42123,ZCTA_NEAREST_ACTIVE_OUTLET,KY0002,002,18.557,ZCTA_NN;R6371;TIE_FIRST_LEX,ZCTA_NN_HAVERSINE;NOT_ELIGIBILITY;NOT_USPS_VALIDITY;NO_INVENTORY
42124,ZCTA_NEAREST_ACTIVE_OUTLET,KY0080,002,13.150,ZCTA_NN;R6371;TIE_FIRST_LEX,ZCTA_NN_HAVERSINE;NOT_ELIGIBILITY;NOT_USPS_VALIDITY;NO_INVENTORY
42127,ZCTA_NEAREST_ACTIVE_OUTLET,KY0005,002,16.085,ZCTA_NN;R6371;TIE_FIRST_LEX,ZCTA_NN_HAVERSINE;NOT_ELIGIBILITY;NOT_USPS_VALIDITY;NO_INVENTORY
42129,EXACT_IMLS_OUTLET_ZIP,KY0080,002,,EXACT_OUTLET;TIE_FSCSKEY_SEQ,EXACT_OUTLET;NOT_USPS_VALIDITY;NO_INVENTORY
42130,ZCTA_NEAREST_ACTIVE_OUTLET,KY0005,002,14.194,ZCTA_NN;R6371;TIE_FIRST_LEX,ZCTA_NN_HAVERSINE;NOT_ELIGIBILITY;NOT_USPS_VALIDITY;NO_INVENTORY
42131,ZCTA_NEAREST_ACTIVE_OUTLET,KY0005,002,17.170,ZCTA_NN;R6371;TIE_FIRST_LEX,ZCTA_NN_HAVERSINE;NOT_ELIGIBILITY;NOT_USPS_VALIDITY;NO_INVENTORY
42133,ZCTA_NEAREST_ACTIVE_OUTLET,KY0002,002,21.132,ZCTA_NN;R6371;TIE_FIRST_LEX,ZCTA_NN_HAVERSINE;NOT_ELIGIBILITY;NOT_USPS_VALIDITY;NO_INVENTORY
42134,EXACT_IMLS_OUTLET_ZIP,KY0102,002,,EXACT_OUTLET;TIE_FSCSKEY_SEQ,EXACT_OUTLET;NOT_USPS_VALIDITY;NO_INVENTORY
42135,OBSERVED_REFERENCE_INDIRECT_ONLY,,,,INDIRECT_IMLS_SC;NO_FABRICATED_NEAREST,INDIRECT_IMLS_SC;NO_FABRICATED_NEAREST;NOT_REJECTED;NOT_USPS_VALIDITY;NO_INVENTORY
42140,ZCTA_NEAREST_ACTIVE_OUTLET,KY0081,002,12.932,ZCTA_NN;R6371;TIE_FIRST_LEX,ZCTA_NN_HAVERSINE;NOT_ELIGIBILITY;NOT_USPS_VALIDITY;NO_INVENTORY
42141,EXACT_IMLS_OUTLET_ZIP,KY0005,002,,EXACT_OUTLET;TIE_FSCSKEY_SEQ,EXACT_OUTLET;NOT_USPS_VALIDITY;NO_INVENTORY
42142,OBSERVED_REFERENCE_INDIRECT_ONLY,,,,INDIRECT_IMLS_SC;NO_FABRICATED_NEAREST,INDIRECT_IMLS_SC;NO_FABRICATED_NEAREST;NOT_REJECTED;NOT_USPS_VALIDITY;NO_INVENTORY
42151,ZCTA_NEAREST_ACTIVE_OUTLET,TN0101,002,12.906,ZCTA_NN;R6371;TIE_FIRST_LEX,ZCTA_NN_HAVERSINE;NOT_ELIGIBILITY;NOT_USPS_VALIDITY;NO_INVENTORY
42152,OBSERVED_REFERENCE_INDIRECT_ONLY,,,,INDIRECT_IMLS_SC;NO_FABRICATED_NEAREST,INDIRECT_IMLS_SC;NO_FABRICATED_NEAREST;NOT_REJECTED;NOT_USPS_VALIDITY;NO_INVENTORY
42153,ZCTA_NEAREST_ACTIVE_OUTLET,KY0002,002,14.704,ZCTA_NN;R6371;TIE_FIRST_LEX,ZCTA_NN_HAVERSINE;NOT_ELIGIBILITY;NOT_USPS_VALIDITY;NO_INVENTORY
42154,ZCTA_NEAREST_ACTIVE_OUTLET,KY0080,002,12.363,ZCTA_NN;R6371;TIE_FIRST_LEX,ZCTA_NN_HAVERSINE;NOT_ELIGIBILITY;NOT_USPS_VALIDITY;NO_INVENTORY
42156,ZCTA_NEAREST_ACTIVE_OUTLET,KY0005,002,16.885,ZCTA_NN;R6371;TIE_FIRST_LEX,ZCTA_NN_HAVERSINE;NOT_ELIGIBILITY;NOT_USPS_VALIDITY;NO_INVENTORY
42157,ZCTA_NEAREST_ACTIVE_OUTLET,KY0081,002,13.306,ZCTA_NN;R6371;TIE_FIRST_LEX,ZCTA_NN_HAVERSINE;NOT_ELIGIBILITY;NOT_USPS_VALIDITY;NO_INVENTORY
42159,ZCTA_NEAREST_ACTIVE_OUTLET,KY0109,003,7.297,ZCTA_NN;R6371;TIE_FIRST_LEX,ZCTA_NN_HAVERSINE;NOT_ELIGIBILITY;NOT_USPS_VALIDITY;NO_INVENTORY
42160,ZCTA_NEAREST_ACTIVE_OUTLET,KY0109,003,12.253,ZCTA_NN;R6371;TIE_FIRST_LEX,ZCTA_NN_HAVERSINE;NOT_ELIGIBILITY;NOT_USPS_VALIDITY;NO_INVENTORY
42163,ZCTA_NEAREST_ACTIVE_OUTLET,KY0109,003,7.186,ZCTA_NN;R6371;TIE_FIRST_LEX,ZCTA_NN_HAVERSINE;NOT_ELIGIBILITY;NOT_USPS_VALIDITY;NO_INVENTORY
42164,EXACT_IMLS_OUTLET_ZIP,KY0002,002,,EXACT_OUTLET;TIE_FSCSKEY_SEQ,EXACT_OUTLET;NOT_USPS_VALIDITY;NO_INVENTORY
42166,ZCTA_NEAREST_ACTIVE_OUTLET,KY0080,002,15.502,ZCTA_NN;R6371;TIE_FIRST_LEX,ZCTA_NN_HAVERSINE;NOT_ELIGIBILITY;NOT_USPS_VALIDITY;NO_INVENTORY
42167,EXACT_IMLS_OUTLET_ZIP,KY0081,002,,EXACT_OUTLET;TIE_FSCSKEY_SEQ,EXACT_OUTLET;NOT_USPS_VALIDITY;NO_INVENTORY
42170,ZCTA_NEAREST_ACTIVE_OUTLET,KY0067,005,12.471,ZCTA_NN;R6371;TIE_FIRST_LEX,ZCTA_NN_HAVERSINE;NOT_ELIGIBILITY;NOT_USPS_VALIDITY;NO_INVENTORY
42171,EXACT_IMLS_OUTLET_ZIP,KY0109,003,,EXACT_OUTLET;TIE_FSCSKEY_SEQ,EXACT_OUTLET;NOT_USPS_VALIDITY;NO_INVENTORY
42202,EXACT_IMLS_OUTLET_ZIP,KY0067,003,,EXACT_OUTLET;TIE_FSCSKEY_SEQ,EXACT_OUTLET;NOT_USPS_VALIDITY;NO_INVENTORY
42204,ZCTA_NEAREST_ACTIVE_OUTLET,KY0105,002,13.779,ZCTA_NN;R6371;TIE_FIRST_LEX,ZCTA_NN_HAVERSINE;NOT_ELIGIBILITY;NOT_USPS_VALIDITY;NO_INVENTORY
42206,EXACT_IMLS_OUTLET_ZIP,KY0067,005,,EXACT_OUTLET;TIE_FSCSKEY_SEQ,EXACT_OUTLET;NOT_USPS_VALIDITY;NO_INVENTORY
42207,ZCTA_NEAREST_ACTIVE_OUTLET,KY0028,002,11.366,ZCTA_NN;R6371;TIE_FIRST_LEX,ZCTA_NN_HAVERSINE;NOT_ELIGIBILITY;NOT_USPS_VALIDITY;NO_INVENTORY
42210,EXACT_IMLS_OUTLET_ZIP,KY0028,002,,EXACT_OUTLET;TIE_FSCSKEY_SEQ,EXACT_OUTLET;NOT_USPS_VALIDITY;NO_INVENTORY
42211,EXACT_IMLS_OUTLET_ZIP,KY0106,002,,EXACT_OUTLET;TIE_FSCSKEY_SEQ,EXACT_OUTLET;NOT_USPS_VALIDITY;NO_INVENTORY
42214,ZCTA_NEAREST_ACTIVE_OUTLET,KY0080,002,18.328,ZCTA_NN;R6371;TIE_FIRST_LEX,ZCTA_NN_HAVERSINE;NOT_ELIGIBILITY;NOT_USPS_VALIDITY;NO_INVENTORY
42215,ZCTA_NEAREST_ACTIVE_OUTLET,KY0106,002,19.195,ZCTA_NN;R6371;TIE_FIRST_LEX,ZCTA_NN_HAVERSINE;NOT_ELIGIBILITY;NOT_USPS_VALIDITY;NO_INVENTORY
42216,OBSERVED_REFERENCE_INDIRECT_ONLY,,,,INDIRECT_IMLS_SC;NO_FABRICATED_NEAREST,INDIRECT_IMLS_SC;NO_FABRICATED_NEAREST;NOT_REJECTED;NOT_USPS_VALIDITY;NO_INVENTORY
42217,ZCTA_NEAREST_ACTIVE_OUTLET,KY0021,002,20.181,ZCTA_NN;R6371;TIE_FIRST_LEX,ZCTA_NN_HAVERSINE;NOT_ELIGIBILITY;NOT_USPS_VALIDITY;NO_INVENTORY
42220,EXACT_IMLS_OUTLET_ZIP,KY0105,002,,EXACT_OUTLET;TIE_FSCSKEY_SEQ,EXACT_OUTLET;NOT_USPS_VALIDITY;NO_INVENTORY
42223,ZCTA_NEAREST_ACTIVE_OUTLET,TN0115,002,17.693,ZCTA_NN;R6371;TIE_FIRST_LEX,ZCTA_NN_HAVERSINE;NOT_ELIGIBILITY;NOT_USPS_VALIDITY;NO_INVENTORY
42232,ZCTA_NEAREST_ACTIVE_OUTLET,KY0106,002,14.462,ZCTA_NN;R6371;TIE_FIRST_LEX,ZCTA_NN_HAVERSINE;NOT_ELIGIBILITY;NOT_USPS_VALIDITY;NO_INVENTORY
42234,ZCTA_NEAREST_ACTIVE_OUTLET,KY0105,002,10.022,ZCTA_NN;R6371;TIE_FIRST_LEX,ZCTA_NN_HAVERSINE;NOT_ELIGIBILITY;NOT_USPS_VALIDITY;NO_INVENTORY
42236,ZCTA_NEAREST_ACTIVE_OUTLET,KY0021,002,20.269,ZCTA_NN;R6371;TIE_FIRST_LEX,ZCTA_NN_HAVERSINE;NOT_ELIGIBILITY;NOT_USPS_VALIDITY;NO_INVENTORY
42240,EXACT_IMLS_OUTLET_ZIP,KY0021,002,,EXACT_OUTLET;TIE_FSCSKEY_SEQ,EXACT_OUTLET;NOT_USPS_VALIDITY;NO_INVENTORY
42241,OBSERVED_REFERENCE_INDIRECT_ONLY,,,,INDIRECT_IMLS_SC;NO_FABRICATED_NEAREST,INDIRECT_IMLS_SC;NO_FABRICATED_NEAREST;NOT_REJECTED;NOT_USPS_VALIDITY;NO_INVENTORY
42252,ZCTA_NEAREST_ACTIVE_OUTLET,KY0015,002,16.365,ZCTA_NN;R6371;TIE_FIRST_LEX,ZCTA_NN_HAVERSINE;NOT_ELIGIBILITY;NOT_USPS_VALIDITY;NO_INVENTORY
42254,ZCTA_NEAREST_ACTIVE_OUTLET,TN0118,002,25.669,ZCTA_NN;R6371;TIE_FIRST_LEX,ZCTA_NN_HAVERSINE;NOT_ELIGIBILITY;NOT_USPS_VALIDITY;NO_INVENTORY
42256,ZCTA_NEAREST_ACTIVE_OUTLET,KY0067,002,18.419,ZCTA_NN;R6371;TIE_FIRST_LEX,ZCTA_NN_HAVERSINE;NOT_ELIGIBILITY;NOT_USPS_VALIDITY;NO_INVENTORY
42259,ZCTA_NEAREST_ACTIVE_OUTLET,KY0028,002,9.331,ZCTA_NN;R6371;TIE_FIRST_LEX,ZCTA_NN_HAVERSINE;NOT_ELIGIBILITY;NOT_USPS_VALIDITY;NO_INVENTORY
42261,EXACT_IMLS_OUTLET_ZIP,KY0015,002,,EXACT_OUTLET;TIE_FSCSKEY_SEQ,EXACT_OUTLET;NOT_USPS_VALIDITY;NO_INVENTORY
42262,ZCTA_NEAREST_ACTIVE_OUTLET,KY0021,002,19.819,ZCTA_NN;R6371;TIE_FIRST_LEX,ZCTA_NN_HAVERSINE;NOT_ELIGIBILITY;NOT_USPS_VALIDITY;NO_INVENTORY
42265,ZCTA_NEAREST_ACTIVE_OUTLET,KY0105,002,15.267,ZCTA_NN;R6371;TIE_FIRST_LEX,ZCTA_NN_HAVERSINE;NOT_ELIGIBILITY;NOT_USPS_VALIDITY;NO_INVENTORY
42266,ZCTA_NEAREST_ACTIVE_OUTLET,KY0021,002,17.739,ZCTA_NN;R6371;TIE_FIRST_LEX,ZCTA_NN_HAVERSINE;NOT_ELIGIBILITY;NOT_USPS_VALIDITY;NO_INVENTORY
42273,ZCTA_NEAREST_ACTIVE_OUTLET,KY0015,002,15.946,ZCTA_NN;R6371;TIE_FIRST_LEX,ZCTA_NN_HAVERSINE;NOT_ELIGIBILITY;NOT_USPS_VALIDITY;NO_INVENTORY
42274,ZCTA_NEAREST_ACTIVE_OUTLET,KY0067,005,13.839,ZCTA_NN;R6371;TIE_FIRST_LEX,ZCTA_NN_HAVERSINE;NOT_ELIGIBILITY;NOT_USPS_VALIDITY;NO_INVENTORY
42275,ZCTA_NEAREST_ACTIVE_OUTLET,KY0028,002,18.034,ZCTA_NN;R6371;TIE_FIRST_LEX,ZCTA_NN_HAVERSINE;NOT_ELIGIBILITY;NOT_USPS_VALIDITY;NO_INVENTORY
42276,EXACT_IMLS_OUTLET_ZIP,KY0067,002,,EXACT_OUTLET;TIE_FSCSKEY_SEQ,EXACT_OUTLET;NOT_USPS_VALIDITY;NO_INVENTORY
42280,ZCTA_NEAREST_ACTIVE_OUTLET,KY0105,002,17.095,ZCTA_NN;R6371;TIE_FIRST_LEX,ZCTA_NN_HAVERSINE;NOT_ELIGIBILITY;NOT_USPS_VALIDITY;NO_INVENTORY
42285,ZCTA_NEAREST_ACTIVE_OUTLET,KY0028,002,8.780,ZCTA_NN;R6371;TIE_FIRST_LEX,ZCTA_NN_HAVERSINE;NOT_ELIGIBILITY;NOT_USPS_VALIDITY;NO_INVENTORY
42286,ZCTA_NEAREST_ACTIVE_OUTLET,KY0105,002,13.909,ZCTA_NN;R6371;TIE_FIRST_LEX,ZCTA_NN_HAVERSINE;NOT_ELIGIBILITY;NOT_USPS_VALIDITY;NO_INVENTORY
42301,EXACT_IMLS_OUTLET_ZIP,KY0027,002,,EXACT_OUTLET;TIE_FSCSKEY_SEQ,EXACT_OUTLET;NOT_USPS_VALIDITY;NO_INVENTORY
42302,OBSERVED_REFERENCE_INDIRECT_ONLY,,,,INDIRECT_IMLS_SC;NO_FABRICATED_NEAREST,INDIRECT_IMLS_SC;NO_FABRICATED_NEAREST;NOT_REJECTED;NOT_USPS_VALIDITY;NO_INVENTORY
42303,ZCTA_NEAREST_ACTIVE_OUTLET,KY0027,002,5.207,ZCTA_NN;R6371;TIE_FIRST_LEX,ZCTA_NN_HAVERSINE;NOT_ELIGIBILITY;NOT_USPS_VALIDITY;NO_INVENTORY
42304,OBSERVED_REFERENCE_INDIRECT_ONLY,,,,INDIRECT_IMLS_SC;NO_FABRICATED_NEAREST,INDIRECT_IMLS_SC;NO_FABRICATED_NEAREST;NOT_REJECTED;NOT_USPS_VALIDITY;NO_INVENTORY
42320,ZCTA_NEAREST_ACTIVE_OUTLET,KY0087,004,13.458,ZCTA_NN;R6371;TIE_FIRST_LEX,ZCTA_NN_HAVERSINE;NOT_ELIGIBILITY;NOT_USPS_VALIDITY;NO_INVENTORY
42321,ZCTA_NEAREST_ACTIVE_OUTLET,KY0119,002,12.068,ZCTA_NN;R6371;TIE_FIRST_LEX,ZCTA_NN_HAVERSINE;NOT_ELIGIBILITY;NOT_USPS_VALIDITY;NO_INVENTORY
42322,ZCTA_NEAREST_ACTIVE_OUTLET,KY0804,001,26.774,ZCTA_NN;R6371;TIE_FIRST_LEX,ZCTA_NN_HAVERSINE;NOT_ELIGIBILITY;NOT_USPS_VALIDITY;NO_INVENTORY
42323,ZCTA_NEAREST_ACTIVE_OUTLET,KY0119,002,13.157,ZCTA_NN;R6371;TIE_FIRST_LEX,ZCTA_NN_HAVERSINE;NOT_ELIGIBILITY;NOT_USPS_VALIDITY;NO_INVENTORY
42324,ZCTA_NEAREST_ACTIVE_OUTLET,KY0119,002,15.984,ZCTA_NN;R6371;TIE_FIRST_LEX,ZCTA_NN_HAVERSINE;NOT_ELIGIBILITY;NOT_USPS_VALIDITY;NO_INVENTORY
42325,ZCTA_NEAREST_ACTIVE_OUTLET,KY0119,003,13.092,ZCTA_NN;R6371;TIE_FIRST_LEX,ZCTA_NN_HAVERSINE;NOT_ELIGIBILITY;NOT_USPS_VALIDITY;NO_INVENTORY
42326,ZCTA_NEAREST_ACTIVE_OUTLET,KY0119,003,11.915,ZCTA_NN;R6371;TIE_FIRST_LEX,ZCTA_NN_HAVERSINE;NOT_ELIGIBILITY;NOT_USPS_VALIDITY;NO_INVENTORY
42327,ZCTA_NEAREST_ACTIVE_OUTLET,KY0804,001,17.681,ZCTA_NN;R6371;TIE_FIRST_LEX,ZCTA_NN_HAVERSINE;NOT_ELIGIBILITY;NOT_USPS_VALIDITY;NO_INVENTORY
42328,ZCTA_NEAREST_ACTIVE_OUTLET,KY0804,001,10.085,ZCTA_NN;R6371;TIE_FIRST_LEX,ZCTA_NN_HAVERSINE;NOT_ELIGIBILITY;NOT_USPS_VALIDITY;NO_INVENTORY
42330,EXACT_IMLS_OUTLET_ZIP,KY0119,003,,EXACT_OUTLET;TIE_FSCSKEY_SEQ,EXACT_OUTLET;NOT_USPS_VALIDITY;NO_INVENTORY
42332,ZCTA_NEAREST_ACTIVE_OUTLET,KY0119,003,5.729,ZCTA_NN;R6371;TIE_FIRST_LEX,ZCTA_NN_HAVERSINE;NOT_ELIGIBILITY;NOT_USPS_VALIDITY;NO_INVENTORY
42333,ZCTA_NEAREST_ACTIVE_OUTLET,KY0087,004,15.150,ZCTA_NN;R6371;TIE_FIRST_LEX,ZCTA_NN_HAVERSINE;NOT_ELIGIBILITY;NOT_USPS_VALIDITY;NO_INVENTORY
42337,ZCTA_NEAREST_ACTIVE_OUTLET,KY0119,003,18.606,ZCTA_NN;R6371;TIE_FIRST_LEX,ZCTA_NN_HAVERSINE;NOT_ELIGIBILITY;NOT_USPS_VALIDITY;NO_INVENTORY
42338,ZCTA_NEAREST_ACTIVE_OUTLET,KY0087,003,15.759,ZCTA_NN;R6371;TIE_FIRST_LEX,ZCTA_NN_HAVERSINE;NOT_ELIGIBILITY;NOT_USPS_VALIDITY;NO_INVENTORY
42339,ZCTA_NEAREST_ACTIVE_OUTLET,KY0119,002,21.261,ZCTA_NN;R6371;TIE_FIRST_LEX,ZCTA_NN_HAVERSINE;NOT_ELIGIBILITY;NOT_USPS_VALIDITY;NO_INVENTORY
42343,ZCTA_NEAREST_ACTIVE_OUTLET,KY0013,003,21.042,ZCTA_NN;R6371;TIE_FIRST_LEX,ZCTA_NN_HAVERSINE;NOT_ELIGIBILITY;NOT_USPS_VALIDITY;NO_INVENTORY
42344,ZCTA_NEAREST_ACTIVE_OUTLET,KY0119,002,14.549,ZCTA_NN;R6371;TIE_FIRST_LEX,ZCTA_NN_HAVERSINE;NOT_ELIGIBILITY;NOT_USPS_VALIDITY;NO_INVENTORY
42345,EXACT_IMLS_OUTLET_ZIP,KY0119,002,,EXACT_OUTLET;TIE_FSCSKEY_SEQ,EXACT_OUTLET;NOT_USPS_VALIDITY;NO_INVENTORY
42347,EXACT_IMLS_OUTLET_ZIP,KY0087,002,,EXACT_OUTLET;TIE_FSCSKEY_SEQ,EXACT_OUTLET;NOT_USPS_VALIDITY;NO_INVENTORY
42348,EXACT_IMLS_OUTLET_ZIP,KY0043,002,,EXACT_OUTLET;TIE_FSCSKEY_SEQ,EXACT_OUTLET;NOT_USPS_VALIDITY;NO_INVENTORY
42349,ZCTA_NEAREST_ACTIVE_OUTLET,KY0040,004,16.808,ZCTA_NN;R6371;TIE_FIRST_LEX,ZCTA_NN_HAVERSINE;NOT_ELIGIBILITY;NOT_USPS_VALIDITY;NO_INVENTORY
42350,ZCTA_NEAREST_ACTIVE_OUTLET,KY0804,001,5.812,ZCTA_NN;R6371;TIE_FIRST_LEX,ZCTA_NN_HAVERSINE;NOT_ELIGIBILITY;NOT_USPS_VALIDITY;NO_INVENTORY
42351,EXACT_IMLS_OUTLET_ZIP,KY0043,003,,EXACT_OUTLET;TIE_FSCSKEY_SEQ,EXACT_OUTLET;NOT_USPS_VALIDITY;NO_INVENTORY
42352,EXACT_IMLS_OUTLET_ZIP,KY0804,001,,EXACT_OUTLET;TIE_FSCSKEY_SEQ,EXACT_OUTLET;NOT_USPS_VALIDITY;NO_INVENTORY
42354,ZCTA_NEAREST_ACTIVE_OUTLET,KY0087,004,8.137,ZCTA_NN;R6371;TIE_FIRST_LEX,ZCTA_NN_HAVERSINE;NOT_ELIGIBILITY;NOT_USPS_VALIDITY;NO_INVENTORY
42355,ZCTA_NEAREST_ACTIVE_OUTLET,IN0019,005,5.478,ZCTA_NN;R6371;TIE_FIRST_LEX,ZCTA_NN_HAVERSINE;NOT_ELIGIBILITY;NOT_USPS_VALIDITY;NO_INVENTORY
42356,ZCTA_NEAREST_ACTIVE_OUTLET,KY0027,002,19.830,ZCTA_NN;R6371;TIE_FIRST_LEX,ZCTA_NN_HAVERSINE;NOT_ELIGIBILITY;NOT_USPS_VALIDITY;NO_INVENTORY
42361,ZCTA_NEAREST_ACTIVE_OUTLET,KY0087,003,18.829,ZCTA_NN;R6371;TIE_FIRST_LEX,ZCTA_NN_HAVERSINE;NOT_ELIGIBILITY;NOT_USPS_VALIDITY;NO_INVENTORY
42366,ZCTA_NEAREST_ACTIVE_OUTLET,KY0027,002,15.675,ZCTA_NN;R6371;TIE_FIRST_LEX,ZCTA_NN_HAVERSINE;NOT_ELIGIBILITY;NOT_USPS_VALIDITY;NO_INVENTORY
42367,ZCTA_NEAREST_ACTIVE_OUTLET,KY0119,002,5.144,ZCTA_NN;R6371;TIE_FIRST_LEX,ZCTA_NN_HAVERSINE;NOT_ELIGIBILITY;NOT_USPS_VALIDITY;NO_INVENTORY
42368,ZCTA_NEAREST_ACTIVE_OUTLET,KY0013,003,17.238,ZCTA_NN;R6371;TIE_FIRST_LEX,ZCTA_NN_HAVERSINE;NOT_ELIGIBILITY;NOT_USPS_VALIDITY;NO_INVENTORY
42369,ZCTA_NEAREST_ACTIVE_OUTLET,KY0119,003,12.949,ZCTA_NN;R6371;TIE_FIRST_LEX,ZCTA_NN_HAVERSINE;NOT_ELIGIBILITY;NOT_USPS_VALIDITY;NO_INVENTORY
42370,ZCTA_NEAREST_ACTIVE_OUTLET,KY0087,003,14.677,ZCTA_NN;R6371;TIE_FIRST_LEX,ZCTA_NN_HAVERSINE;NOT_ELIGIBILITY;NOT_USPS_VALIDITY;NO_INVENTORY
42371,ZCTA_NEAREST_ACTIVE_OUTLET,KY0804,001,13.878,ZCTA_NN;R6371;TIE_FIRST_LEX,ZCTA_NN_HAVERSINE;NOT_ELIGIBILITY;NOT_USPS_VALIDITY;NO_INVENTORY
42372,ZCTA_NEAREST_ACTIVE_OUTLET,KY0804,001,15.544,ZCTA_NN;R6371;TIE_FIRST_LEX,ZCTA_NN_HAVERSINE;NOT_ELIGIBILITY;NOT_USPS_VALIDITY;NO_INVENTORY
42374,ZCTA_NEAREST_ACTIVE_OUTLET,KY0119,003,4.571,ZCTA_NN;R6371;TIE_FIRST_LEX,ZCTA_NN_HAVERSINE;NOT_ELIGIBILITY;NOT_USPS_VALIDITY;NO_INVENTORY
42376,ZCTA_NEAREST_ACTIVE_OUTLET,KY0804,001,15.150,ZCTA_NN;R6371;TIE_FIRST_LEX,ZCTA_NN_HAVERSINE;NOT_ELIGIBILITY;NOT_USPS_VALIDITY;NO_INVENTORY
42378,ZCTA_NEAREST_ACTIVE_OUTLET,KY0087,003,22.964,ZCTA_NN;R6371;TIE_FIRST_LEX,ZCTA_NN_HAVERSINE;NOT_ELIGIBILITY;NOT_USPS_VALIDITY;NO_INVENTORY
42404,ZCTA_NEAREST_ACTIVE_OUTLET,KY0112,003,11.333,ZCTA_NN;R6371;TIE_FIRST_LEX,ZCTA_NN_HAVERSINE;NOT_ELIGIBILITY;NOT_USPS_VALIDITY;NO_INVENTORY
42406,ZCTA_NEAREST_ACTIVE_OUTLET,KY0048,002,16.893,ZCTA_NN;R6371;TIE_FIRST_LEX,ZCTA_NN_HAVERSINE;NOT_ELIGIBILITY;NOT_USPS_VALIDITY;NO_INVENTORY
42408,EXACT_IMLS_OUTLET_ZIP,KY0051,003,,EXACT_OUTLET;TIE_FSCSKEY_SEQ,EXACT_OUTLET;NOT_USPS_VALIDITY;NO_INVENTORY
42409,EXACT_IMLS_OUTLET_ZIP,KY0112,002,,EXACT_OUTLET;TIE_FSCSKEY_SEQ,EXACT_OUTLET;NOT_USPS_VALIDITY;NO_INVENTORY
42410,ZCTA_NEAREST_ACTIVE_OUTLET,KY0051,002,5.931,ZCTA_NN;R6371;TIE_FIRST_LEX,ZCTA_NN_HAVERSINE;NOT_ELIGIBILITY;NOT_USPS_VALIDITY;NO_INVENTORY
42411,ZCTA_NEAREST_ACTIVE_OUTLET,KY0068,002,13.606,ZCTA_NN;R6371;TIE_FIRST_LEX,ZCTA_NN_HAVERSINE;NOT_ELIGIBILITY;NOT_USPS_VALIDITY;NO_INVENTORY
42413,ZCTA_NEAREST_ACTIVE_OUTLET,KY0051,002,12.581,ZCTA_NN;R6371;TIE_FIRST_LEX,ZCTA_NN_HAVERSINE;NOT_ELIGIBILITY;NOT_USPS_VALIDITY;NO_INVENTORY
42419,OBSERVED_REFERENCE_INDIRECT_ONLY,,,,INDIRECT_IMLS_SC;NO_FABRICATED_NEAREST,INDIRECT_IMLS_SC;NO_FABRICATED_NEAREST;NOT_REJECTED;NOT_USPS_VALIDITY;NO_INVENTORY
42420,EXACT_IMLS_OUTLET_ZIP,KY0048,002,,EXACT_OUTLET;TIE_FSCSKEY_SEQ,EXACT_OUTLET;NOT_USPS_VALIDITY;NO_INVENTORY
42431,EXACT_IMLS_OUTLET_ZIP,KY0051,002,,EXACT_OUTLET;TIE_FSCSKEY_SEQ,EXACT_OUTLET;NOT_USPS_VALIDITY;NO_INVENTORY
42436,ZCTA_NEAREST_ACTIVE_OUTLET,KY0051,002,11.769,ZCTA_NN;R6371;TIE_FIRST_LEX,ZCTA_NN_HAVERSINE;NOT_ELIGIBILITY;NOT_USPS_VALIDITY;NO_INVENTORY
42437,EXACT_IMLS_OUTLET_ZIP,KY0108,002,,EXACT_OUTLET;TIE_FSCSKEY_SEQ,EXACT_OUTLET;NOT_USPS_VALIDITY;NO_INVENTORY
42440,ZCTA_NEAREST_ACTIVE_OUTLET,KY0051,002,10.056,ZCTA_NN;R6371;TIE_FIRST_LEX,ZCTA_NN_HAVERSINE;NOT_ELIGIBILITY;NOT_USPS_VALIDITY;NO_INVENTORY
42441,ZCTA_NEAREST_ACTIVE_OUTLET,KY0112,003,10.180,ZCTA_NN;R6371;TIE_FIRST_LEX,ZCTA_NN_HAVERSINE;NOT_ELIGIBILITY;NOT_USPS_VALIDITY;NO_INVENTORY
42442,ZCTA_NEAREST_ACTIVE_OUTLET,KY0051,002,16.398,ZCTA_NN;R6371;TIE_FIRST_LEX,ZCTA_NN_HAVERSINE;NOT_ELIGIBILITY;NOT_USPS_VALIDITY;NO_INVENTORY
42444,ZCTA_NEAREST_ACTIVE_OUTLET,KY0112,002,14.349,ZCTA_NN;R6371;TIE_FIRST_LEX,ZCTA_NN_HAVERSINE;NOT_ELIGIBILITY;NOT_USPS_VALIDITY;NO_INVENTORY
42445,EXACT_IMLS_OUTLET_ZIP,KY0016,002,,EXACT_OUTLET;TIE_FSCSKEY_SEQ,EXACT_OUTLET;NOT_USPS_VALIDITY;NO_INVENTORY
42450,EXACT_IMLS_OUTLET_ZIP,KY0112,003,,EXACT_OUTLET;TIE_FSCSKEY_SEQ,EXACT_OUTLET;NOT_USPS_VALIDITY;NO_INVENTORY
42451,ZCTA_NEAREST_ACTIVE_OUTLET,IN0022,005,6.749,ZCTA_NN;R6371;TIE_FIRST_LEX,ZCTA_NN_HAVERSINE;NOT_ELIGIBILITY;NOT_USPS_VALIDITY;NO_INVENTORY
42452,ZCTA_NEAREST_ACTIVE_OUTLET,KY0048,002,17.879,ZCTA_NN;R6371;TIE_FIRST_LEX,ZCTA_NN_HAVERSINE;NOT_ELIGIBILITY;NOT_USPS_VALIDITY;NO_INVENTORY
42453,ZCTA_NEAREST_ACTIVE_OUTLET,KY0051,003,8.981,ZCTA_NN;R6371;TIE_FIRST_LEX,ZCTA_NN_HAVERSINE;NOT_ELIGIBILITY;NOT_USPS_VALIDITY;NO_INVENTORY
42455,ZCTA_NEAREST_ACTIVE_OUTLET,KY0112,002,15.588,ZCTA_NN;R6371;TIE_FIRST_LEX,ZCTA_NN_HAVERSINE;NOT_ELIGIBILITY;NOT_USPS_VALIDITY;NO_INVENTORY
42456,ZCTA_NEAREST_ACTIVE_OUTLET,KY0112,002,15.738,ZCTA_NN;R6371;TIE_FIRST_LEX,ZCTA_NN_HAVERSINE;NOT_ELIGIBILITY;NOT_USPS_VALIDITY;NO_INVENTORY
42458,ZCTA_NEAREST_ACTIVE_OUTLET,IN0022,005,10.312,ZCTA_NN;R6371;TIE_FIRST_LEX,ZCTA_NN_HAVERSINE;NOT_ELIGIBILITY;NOT_USPS_VALIDITY;NO_INVENTORY
42459,EXACT_IMLS_OUTLET_ZIP,KY0108,003,,EXACT_OUTLET;TIE_FSCSKEY_SEQ,EXACT_OUTLET;NOT_USPS_VALIDITY;NO_INVENTORY
42461,EXACT_IMLS_OUTLET_ZIP,KY0108,004,,EXACT_OUTLET;TIE_FSCSKEY_SEQ,EXACT_OUTLET;NOT_USPS_VALIDITY;NO_INVENTORY
42462,ZCTA_NEAREST_ACTIVE_OUTLET,KY0108,002,12.570,ZCTA_NN;R6371;TIE_FIRST_LEX,ZCTA_NN_HAVERSINE;NOT_ELIGIBILITY;NOT_USPS_VALIDITY;NO_INVENTORY
42463,ZCTA_NEAREST_ACTIVE_OUTLET,KY0112,003,12.787,ZCTA_NN;R6371;TIE_FIRST_LEX,ZCTA_NN_HAVERSINE;NOT_ELIGIBILITY;NOT_USPS_VALIDITY;NO_INVENTORY
42464,ZCTA_NEAREST_ACTIVE_OUTLET,KY0119,002,15.885,ZCTA_NN;R6371;TIE_FIRST_LEX,ZCTA_NN_HAVERSINE;NOT_ELIGIBILITY;NOT_USPS_VALIDITY;NO_INVENTORY
42501,EXACT_IMLS_OUTLET_ZIP,KY0095,002,,EXACT_OUTLET;TIE_FSCSKEY_SEQ,EXACT_OUTLET;NOT_USPS_VALIDITY;NO_INVENTORY
42502,OBSERVED_REFERENCE_INDIRECT_ONLY,,,,INDIRECT_IMLS_SC;NO_FABRICATED_NEAREST,INDIRECT_IMLS_SC;NO_FABRICATED_NEAREST;NOT_REJECTED;NOT_USPS_VALIDITY;NO_INVENTORY
42503,EXACT_IMLS_OUTLET_ZIP,KY0095,009,,EXACT_OUTLET;TIE_FSCSKEY_SEQ,EXACT_OUTLET;NOT_USPS_VALIDITY;NO_INVENTORY
42516,ZCTA_NEAREST_ACTIVE_OUTLET,KY0095,004,13.277,ZCTA_NN;R6371;TIE_FIRST_LEX,ZCTA_NN_HAVERSINE;NOT_ELIGIBILITY;NOT_USPS_VALIDITY;NO_INVENTORY
42518,ZCTA_NEAREST_ACTIVE_OUTLET,KY0095,003,10.052,ZCTA_NN;R6371;TIE_FIRST_LEX,ZCTA_NN_HAVERSINE;NOT_ELIGIBILITY;NOT_USPS_VALIDITY;NO_INVENTORY
42519,EXACT_IMLS_OUTLET_ZIP,KY0095,003,,EXACT_OUTLET;TIE_FSCSKEY_SEQ,EXACT_OUTLET;NOT_USPS_VALIDITY;NO_INVENTORY
42528,ZCTA_NEAREST_ACTIVE_OUTLET,KY0020,002,16.817,ZCTA_NN;R6371;TIE_FIRST_LEX,ZCTA_NN_HAVERSINE;NOT_ELIGIBILITY;NOT_USPS_VALIDITY;NO_INVENTORY
42533,ZCTA_NEAREST_ACTIVE_OUTLET,KY0095,002,2.226,ZCTA_NN;R6371;TIE_FIRST_LEX,ZCTA_NN_HAVERSINE;NOT_ELIGIBILITY;NOT_USPS_VALIDITY;NO_INVENTORY
42539,EXACT_IMLS_OUTLET_ZIP,KY0020,002,,EXACT_OUTLET;TIE_FSCSKEY_SEQ,EXACT_OUTLET;NOT_USPS_VALIDITY;NO_INVENTORY
42541,ZCTA_NEAREST_ACTIVE_OUTLET,KY0020,002,12.754,ZCTA_NN;R6371;TIE_FIRST_LEX,ZCTA_NN_HAVERSINE;NOT_ELIGIBILITY;NOT_USPS_VALIDITY;NO_INVENTORY
42544,EXACT_IMLS_OUTLET_ZIP,KY0095,007,,EXACT_OUTLET;TIE_FSCSKEY_SEQ,EXACT_OUTLET;NOT_USPS_VALIDITY;NO_INVENTORY
42553,EXACT_IMLS_OUTLET_ZIP,KY0095,004,,EXACT_OUTLET;TIE_FSCSKEY_SEQ,EXACT_OUTLET;NOT_USPS_VALIDITY;NO_INVENTORY
42564,OBSERVED_REFERENCE_INDIRECT_ONLY,,,,INDIRECT_IMLS_SC;NO_FABRICATED_NEAREST,INDIRECT_IMLS_SC;NO_FABRICATED_NEAREST;NOT_REJECTED;NOT_USPS_VALIDITY;NO_INVENTORY
42565,ZCTA_NEAREST_ACTIVE_OUTLET,KY0095,007,16.715,ZCTA_NN;R6371;TIE_FIRST_LEX,ZCTA_NN_HAVERSINE;NOT_ELIGIBILITY;NOT_USPS_VALIDITY;NO_INVENTORY
42566,ZCTA_NEAREST_ACTIVE_OUTLET,KY0020,002,14.145,ZCTA_NN;R6371;TIE_FIRST_LEX,ZCTA_NN_HAVERSINE;NOT_ELIGIBILITY;NOT_USPS_VALIDITY;NO_INVENTORY
42567,ZCTA_NEAREST_ACTIVE_OUTLET,KY0095,004,10.262,ZCTA_NN;R6371;TIE_FIRST_LEX,ZCTA_NN_HAVERSINE;NOT_ELIGIBILITY;NOT_USPS_VALIDITY;NO_INVENTORY
42602,EXACT_IMLS_OUTLET_ZIP,KY0024,002,,EXACT_OUTLET;TIE_FSCSKEY_SEQ,EXACT_OUTLET;NOT_USPS_VALIDITY;NO_INVENTORY
42603,ZCTA_NEAREST_ACTIVE_OUTLET,KY0024,002,13.552,ZCTA_NN;R6371;TIE_FIRST_LEX,ZCTA_NN_HAVERSINE;NOT_ELIGIBILITY;NOT_USPS_VALIDITY;NO_INVENTORY
42629,EXACT_IMLS_OUTLET_ZIP,KY0099,002,,EXACT_OUTLET;TIE_FSCSKEY_SEQ,EXACT_OUTLET;NOT_USPS_VALIDITY;NO_INVENTORY
42631,ZCTA_NEAREST_ACTIVE_OUTLET,KY0120,002,2.050,ZCTA_NN;R6371;TIE_FIRST_LEX,ZCTA_NN_HAVERSINE;NOT_ELIGIBILITY;NOT_USPS_VALIDITY;NO_INVENTORY
42633,EXACT_IMLS_OUTLET_ZIP,KY0111,002,,EXACT_OUTLET;TIE_FSCSKEY_SEQ,EXACT_OUTLET;NOT_USPS_VALIDITY;NO_INVENTORY
42634,ZCTA_NEAREST_ACTIVE_OUTLET,KY0095,003,19.070,ZCTA_NN;R6371;TIE_FIRST_LEX,ZCTA_NN_HAVERSINE;NOT_ELIGIBILITY;NOT_USPS_VALIDITY;NO_INVENTORY
42635,ZCTA_NEAREST_ACTIVE_OUTLET,KY0120,002,7.983,ZCTA_NN;R6371;TIE_FIRST_LEX,ZCTA_NN_HAVERSINE;NOT_ELIGIBILITY;NOT_USPS_VALIDITY;NO_INVENTORY
42638,ZCTA_NEAREST_ACTIVE_OUTLET,KY0120,002,5.529,ZCTA_NN;R6371;TIE_FIRST_LEX,ZCTA_NN_HAVERSINE;NOT_ELIGIBILITY;NOT_USPS_VALIDITY;NO_INVENTORY
42642,ZCTA_NEAREST_ACTIVE_OUTLET,KY0099,002,8.056,ZCTA_NN;R6371;TIE_FIRST_LEX,ZCTA_NN_HAVERSINE;NOT_ELIGIBILITY;NOT_USPS_VALIDITY;NO_INVENTORY
42647,ZCTA_NEAREST_ACTIVE_OUTLET,KY0120,002,14.813,ZCTA_NN;R6371;TIE_FIRST_LEX,ZCTA_NN_HAVERSINE;NOT_ELIGIBILITY;NOT_USPS_VALIDITY;NO_INVENTORY
42649,ZCTA_NEAREST_ACTIVE_OUTLET,TN8019,001,8.834,ZCTA_NN;R6371;TIE_FIRST_LEX,ZCTA_NN_HAVERSINE;NOT_ELIGIBILITY;NOT_USPS_VALIDITY;NO_INVENTORY
42653,EXACT_IMLS_OUTLET_ZIP,KY0120,002,,EXACT_OUTLET;TIE_FSCSKEY_SEQ,EXACT_OUTLET;NOT_USPS_VALIDITY;NO_INVENTORY
42701,EXACT_IMLS_OUTLET_ZIP,KY0044,002,,EXACT_OUTLET;TIE_FSCSKEY_SEQ,EXACT_OUTLET;NOT_USPS_VALIDITY;NO_INVENTORY
42702,OBSERVED_REFERENCE_INDIRECT_ONLY,,,,INDIRECT_IMLS_SC;NO_FABRICATED_NEAREST,INDIRECT_IMLS_SC;NO_FABRICATED_NEAREST;NOT_REJECTED;NOT_USPS_VALIDITY;NO_INVENTORY
42712,ZCTA_NEAREST_ACTIVE_OUTLET,KY0040,002,14.800,ZCTA_NN;R6371;TIE_FIRST_LEX,ZCTA_NN_HAVERSINE;NOT_ELIGIBILITY;NOT_USPS_VALIDITY;NO_INVENTORY
42713,ZCTA_NEAREST_ACTIVE_OUTLET,KY0047,002,11.235,ZCTA_NN;R6371;TIE_FIRST_LEX,ZCTA_NN_HAVERSINE;NOT_ELIGIBILITY;NOT_USPS_VALIDITY;NO_INVENTORY
42715,ZCTA_NEAREST_ACTIVE_OUTLET,KY0026,002,16.842,ZCTA_NN;R6371;TIE_FIRST_LEX,ZCTA_NN_HAVERSINE;NOT_ELIGIBILITY;NOT_USPS_VALIDITY;NO_INVENTORY
42716,ZCTA_NEAREST_ACTIVE_OUTLET,KY0059,002,8.106,ZCTA_NN;R6371;TIE_FIRST_LEX,ZCTA_NN_HAVERSINE;NOT_ELIGIBILITY;NOT_USPS_VALIDITY;NO_INVENTORY
42717,EXACT_IMLS_OUTLET_ZIP,KY0026,002,,EXACT_OUTLET;TIE_FSCSKEY_SEQ,EXACT_OUTLET;NOT_USPS_VALIDITY;NO_INVENTORY
42718,EXACT_IMLS_OUTLET_ZIP,KY0104,002,,EXACT_OUTLET;TIE_FSCSKEY_SEQ,EXACT_OUTLET;NOT_USPS_VALIDITY;NO_INVENTORY
42719,OBSERVED_REFERENCE_INDIRECT_ONLY,,,,INDIRECT_IMLS_SC;NO_FABRICATED_NEAREST,INDIRECT_IMLS_SC;NO_FABRICATED_NEAREST;NOT_REJECTED;NOT_USPS_VALIDITY;NO_INVENTORY
42721,EXACT_IMLS_OUTLET_ZIP,KY0040,004,,EXACT_OUTLET;TIE_FSCSKEY_SEQ,EXACT_OUTLET;NOT_USPS_VALIDITY;NO_INVENTORY
42722,ZCTA_NEAREST_ACTIVE_OUTLET,KY0047,002,15.216,ZCTA_NN;R6371;TIE_FIRST_LEX,ZCTA_NN_HAVERSINE;NOT_ELIGIBILITY;NOT_USPS_VALIDITY;NO_INVENTORY
42724,ZCTA_NEAREST_ACTIVE_OUTLET,KY0044,002,16.487,ZCTA_NN;R6371;TIE_FIRST_LEX,ZCTA_NN_HAVERSINE;NOT_ELIGIBILITY;NOT_USPS_VALIDITY;NO_INVENTORY
42726,ZCTA_NEAREST_ACTIVE_OUTLET,KY0040,002,13.619,ZCTA_NN;R6371;TIE_FIRST_LEX,ZCTA_NN_HAVERSINE;NOT_ELIGIBILITY;NOT_USPS_VALIDITY;NO_INVENTORY
42728,EXACT_IMLS_OUTLET_ZIP,KY0001,002,,EXACT_OUTLET;TIE_FSCSKEY_SEQ,EXACT_OUTLET;NOT_USPS_VALIDITY;NO_INVENTORY
42729,ZCTA_NEAREST_ACTIVE_OUTLET,KY0047,002,18.768,ZCTA_NN;R6371;TIE_FIRST_LEX,ZCTA_NN_HAVERSINE;NOT_ELIGIBILITY;NOT_USPS_VALIDITY;NO_INVENTORY
42732,ZCTA_NEAREST_ACTIVE_OUTLET,KY0044,002,21.210,ZCTA_NN;R6371;TIE_FIRST_LEX,ZCTA_NN_HAVERSINE;NOT_ELIGIBILITY;NOT_USPS_VALIDITY;NO_INVENTORY
42733,ZCTA_NEAREST_ACTIVE_OUTLET,KY0104,002,12.743,ZCTA_NN;R6371;TIE_FIRST_LEX,ZCTA_NN_HAVERSINE;NOT_ELIGIBILITY;NOT_USPS_VALIDITY;NO_INVENTORY
42740,ZCTA_NEAREST_ACTIVE_OUTLET,KY0044,002,13.544,ZCTA_NN;R6371;TIE_FIRST_LEX,ZCTA_NN_HAVERSINE;NOT_ELIGIBILITY;NOT_USPS_VALIDITY;NO_INVENTORY
42741,ZCTA_NEAREST_ACTIVE_OUTLET,KY0001,002,15.138,ZCTA_NN;R6371;TIE_FIRST_LEX,ZCTA_NN_HAVERSINE;NOT_ELIGIBILITY;NOT_USPS_VALIDITY;NO_INVENTORY
42742,ZCTA_NEAREST_ACTIVE_OUTLET,KY0001,002,14.975,ZCTA_NN;R6371;TIE_FIRST_LEX,ZCTA_NN_HAVERSINE;NOT_ELIGIBILITY;NOT_USPS_VALIDITY;NO_INVENTORY
42743,EXACT_IMLS_OUTLET_ZIP,KY0041,002,,EXACT_OUTLET;TIE_FSCSKEY_SEQ,EXACT_OUTLET;NOT_USPS_VALIDITY;NO_INVENTORY
42746,ZCTA_NEAREST_ACTIVE_OUTLET,KY0047,002,15.991,ZCTA_NN;R6371;TIE_FIRST_LEX,ZCTA_NN_HAVERSINE;NOT_ELIGIBILITY;NOT_USPS_VALIDITY;NO_INVENTORY
42748,EXACT_IMLS_OUTLET_ZIP,KY0059,002,,EXACT_OUTLET;TIE_FSCSKEY_SEQ,EXACT_OUTLET;NOT_USPS_VALIDITY;NO_INVENTORY
42749,ZCTA_NEAREST_ACTIVE_OUTLET,KY0047,002,10.168,ZCTA_NN;R6371;TIE_FIRST_LEX,ZCTA_NN_HAVERSINE;NOT_ELIGIBILITY;NOT_USPS_VALIDITY;NO_INVENTORY
42753,ZCTA_NEAREST_ACTIVE_OUTLET,KY0001,002,19.608,ZCTA_NN;R6371;TIE_FIRST_LEX,ZCTA_NN_HAVERSINE;NOT_ELIGIBILITY;NOT_USPS_VALIDITY;NO_INVENTORY
42754,EXACT_IMLS_OUTLET_ZIP,KY0040,002,,EXACT_OUTLET;TIE_FSCSKEY_SEQ,EXACT_OUTLET;NOT_USPS_VALIDITY;NO_INVENTORY
42755,OBSERVED_REFERENCE_INDIRECT_ONLY,,,,INDIRECT_IMLS_SC;NO_FABRICATED_NEAREST,INDIRECT_IMLS_SC;NO_FABRICATED_NEAREST;NOT_REJECTED;NOT_USPS_VALIDITY;NO_INVENTORY
42757,ZCTA_NEAREST_ACTIVE_OUTLET,KY0059,002,15.627,ZCTA_NN;R6371;TIE_FIRST_LEX,ZCTA_NN_HAVERSINE;NOT_ELIGIBILITY;NOT_USPS_VALIDITY;NO_INVENTORY
42758,ZCTA_NEAREST_ACTIVE_OUTLET,KY0104,002,11.729,ZCTA_NN;R6371;TIE_FIRST_LEX,ZCTA_NN_HAVERSINE;NOT_ELIGIBILITY;NOT_USPS_VALIDITY;NO_INVENTORY
42759,ZCTA_NEAREST_ACTIVE_OUTLET,KY0026,002,13.452,ZCTA_NN;R6371;TIE_FIRST_LEX,ZCTA_NN_HAVERSINE;NOT_ELIGIBILITY;NOT_USPS_VALIDITY;NO_INVENTORY
42762,ZCTA_NEAREST_ACTIVE_OUTLET,KY0040,004,9.106,ZCTA_NN;R6371;TIE_FIRST_LEX,ZCTA_NN_HAVERSINE;NOT_ELIGIBILITY;NOT_USPS_VALIDITY;NO_INVENTORY
42764,ZCTA_NEAREST_ACTIVE_OUTLET,KY0059,002,15.217,ZCTA_NN;R6371;TIE_FIRST_LEX,ZCTA_NN_HAVERSINE;NOT_ELIGIBILITY;NOT_USPS_VALIDITY;NO_INVENTORY
42765,EXACT_IMLS_OUTLET_ZIP,KY0047,002,,EXACT_OUTLET;TIE_FSCSKEY_SEQ,EXACT_OUTLET;NOT_USPS_VALIDITY;NO_INVENTORY
42776,ZCTA_NEAREST_ACTIVE_OUTLET,KY0059,003,17.685,ZCTA_NN;R6371;TIE_FIRST_LEX,ZCTA_NN_HAVERSINE;NOT_ELIGIBILITY;NOT_USPS_VALIDITY;NO_INVENTORY
42782,ZCTA_NEAREST_ACTIVE_OUTLET,KY0041,002,14.981,ZCTA_NN;R6371;TIE_FIRST_LEX,ZCTA_NN_HAVERSINE;NOT_ELIGIBILITY;NOT_USPS_VALIDITY;NO_INVENTORY
42784,ZCTA_NEAREST_ACTIVE_OUTLET,KY0047,002,20.082,ZCTA_NN;R6371;TIE_FIRST_LEX,ZCTA_NN_HAVERSINE;NOT_ELIGIBILITY;NOT_USPS_VALIDITY;NO_INVENTORY
42788,ZCTA_NEAREST_ACTIVE_OUTLET,KY0044,002,22.476,ZCTA_NN;R6371;TIE_FIRST_LEX,ZCTA_NN_HAVERSINE;NOT_ELIGIBILITY;NOT_USPS_VALIDITY;NO_INVENTORY
42858,EXACT_IMLS_OUTLET_ZIP,KY0064,002,,EXACT_OUTLET;TIE_FSCSKEY_SEQ,EXACT_OUTLET;NOT_USPS_VALIDITY;NO_INVENTORY
43001,EXACT_IMLS_OUTLET_ZIP,OH0003,002,,EXACT_OUTLET;TIE_FSCSKEY_SEQ,EXACT_OUTLET;NOT_USPS_VALIDITY;NO_INVENTORY
43002,ZCTA_NEAREST_ACTIVE_OUTLET,OH0057,008,2.980,ZCTA_NN;R6371;TIE_FIRST_LEX,ZCTA_NN_HAVERSINE;NOT_ELIGIBILITY;NOT_USPS_VALIDITY;NO_INVENTORY
43003,EXACT_IMLS_OUTLET_ZIP,OH0011,002,,EXACT_OUTLET;TIE_FSCSKEY_SEQ,EXACT_OUTLET;NOT_USPS_VALIDITY;NO_INVENTORY
43004,ZCTA_NEAREST_ACTIVE_OUTLET,OH0057,007,5.594,ZCTA_NN;R6371;TIE_FIRST_LEX,ZCTA_NN_HAVERSINE;NOT_ELIGIBILITY;NOT_USPS_VALIDITY;NO_INVENTORY
43005,ZCTA_NEAREST_ACTIVE_OUTLET,OH0153,005,14.595,ZCTA_NN;R6371;TIE_FIRST_LEX,ZCTA_NN_HAVERSINE;NOT_ELIGIBILITY;NOT_USPS_VALIDITY;NO_INVENTORY
43006,ZCTA_NEAREST_ACTIVE_OUTLET,OH0153,003,9.517,ZCTA_NN;R6371;TIE_FIRST_LEX,ZCTA_NN_HAVERSINE;NOT_ELIGIBILITY;NOT_USPS_VALIDITY;NO_INVENTORY
43007,ZCTA_NEAREST_ACTIVE_OUTLET,OH0134,003,5.576,ZCTA_NN;R6371;TIE_FIRST_LEX,ZCTA_NN_HAVERSINE;NOT_ELIGIBILITY;NOT_USPS_VALIDITY;NO_INVENTORY
43008,EXACT_IMLS_OUTLET_ZIP,OH0163,008,,EXACT_OUTLET;TIE_FSCSKEY_SEQ,EXACT_OUTLET;NOT_USPS_VALIDITY;NO_INVENTORY
43009,ZCTA_NEAREST_ACTIVE_OUTLET,OH0220,004,9.260,ZCTA_NN;R6371;TIE_FIRST_LEX,ZCTA_NN_HAVERSINE;NOT_ELIGIBILITY;NOT_USPS_VALIDITY;NO_INVENTORY
43010,ZCTA_NEAREST_ACTIVE_OUTLET,OH0140,002,9.772,ZCTA_NN;R6371;TIE_FIRST_LEX,ZCTA_NN_HAVERSINE;NOT_ELIGIBILITY;NOT_USPS_VALIDITY;NO_INVENTORY
43011,EXACT_IMLS_OUTLET_ZIP,OH0044,002,,EXACT_OUTLET;TIE_FSCSKEY_SEQ,EXACT_OUTLET;NOT_USPS_VALIDITY;NO_INVENTORY
43013,ZCTA_NEAREST_ACTIVE_OUTLET,OH0163,004,7.691,ZCTA_NN;R6371;TIE_FIRST_LEX,ZCTA_NN_HAVERSINE;NOT_ELIGIBILITY;NOT_USPS_VALIDITY;NO_INVENTORY
43014,EXACT_IMLS_OUTLET_ZIP,OH0153,003,,EXACT_OUTLET;TIE_FSCSKEY_SEQ,EXACT_OUTLET;NOT_USPS_VALIDITY;NO_INVENTORY
43015,EXACT_IMLS_OUTLET_ZIP,OH0065,002,,EXACT_OUTLET;TIE_FSCSKEY_SEQ,EXACT_OUTLET;NOT_USPS_VALIDITY;NO_INVENTORY
43016,ZCTA_NEAREST_ACTIVE_OUTLET,OH0057,005,3.401,ZCTA_NN;R6371;TIE_FIRST_LEX,ZCTA_NN_HAVERSINE;NOT_ELIGIBILITY;NOT_USPS_VALIDITY;NO_INVENTORY
43017,EXACT_IMLS_OUTLET_ZIP,OH0057,005,,EXACT_OUTLET;TIE_FSCSKEY_SEQ,EXACT_OUTLET;NOT_USPS_VALIDITY;NO_INVENTORY
43018,ZCTA_NEAREST_ACTIVE_OUTLET,OH0178,002,5.168,ZCTA_NN;R6371;TIE_FIRST_LEX,ZCTA_NN_HAVERSINE;NOT_ELIGIBILITY;NOT_USPS_VALIDITY;NO_INVENTORY
43019,EXACT_IMLS_OUTLET_ZIP,OH0153,004,,EXACT_OUTLET;TIE_FSCSKEY_SEQ,EXACT_OUTLET;NOT_USPS_VALIDITY;NO_INVENTORY
43021,ZCTA_NEAREST_ACTIVE_OUTLET,OH0210,002,4.884,ZCTA_NN;R6371;TIE_FIRST_LEX,ZCTA_NN_HAVERSINE;NOT_ELIGIBILITY;NOT_USPS_VALIDITY;NO_INVENTORY
43022,EXACT_IMLS_OUTLET_ZIP,OH0153,005,,EXACT_OUTLET;TIE_FSCSKEY_SEQ,EXACT_OUTLET;NOT_USPS_VALIDITY;NO_INVENTORY
43023,EXACT_IMLS_OUTLET_ZIP,OH0096,002,,EXACT_OUTLET;TIE_FSCSKEY_SEQ,EXACT_OUTLET;NOT_USPS_VALIDITY;NO_INVENTORY
43025,EXACT_IMLS_OUTLET_ZIP,OH0163,003,,EXACT_OUTLET;TIE_FSCSKEY_SEQ,EXACT_OUTLET;NOT_USPS_VALIDITY;NO_INVENTORY
43026,EXACT_IMLS_OUTLET_ZIP,OH0057,008,,EXACT_OUTLET;TIE_FSCSKEY_SEQ,EXACT_OUTLET;NOT_USPS_VALIDITY;NO_INVENTORY
43027,EXACT_IMLS_SYSTEM_ZIP,OH0103,,,EXACT_SYSTEM;TIE_FSCSKEY,EXACT_SYSTEM_ADMIN;NOT_NEARBY_OUTLET;NOT_USPS_VALIDITY;NO_INVENTORY
43028,ZCTA_NEAREST_ACTIVE_OUTLET,OH0153,003,5.864,ZCTA_NN;R6371;TIE_FIRST_LEX,ZCTA_NN_HAVERSINE;NOT_ELIGIBILITY;NOT_USPS_VALIDITY;NO_INVENTORY
43029,ZCTA_NEAREST_ACTIVE_OUTLET,OH0140,002,10.117,ZCTA_NN;R6371;TIE_FIRST_LEX,ZCTA_NN_HAVERSINE;NOT_ELIGIBILITY;NOT_USPS_VALIDITY;NO_INVENTORY
43030,ZCTA_NEAREST_ACTIVE_OUTLET,OH0158,009,8.168,ZCTA_NN;R6371;TIE_FIRST_LEX,ZCTA_NN_HAVERSINE;NOT_ELIGIBILITY;NOT_USPS_VALIDITY;NO_INVENTORY
43031,EXACT_IMLS_OUTLET_ZIP,OH0163,004,,EXACT_OUTLET;TIE_FSCSKEY_SEQ,EXACT_OUTLET;NOT_USPS_VALIDITY;NO_INVENTORY
43032,ZCTA_NEAREST_ACTIVE_OUTLET,OH0011,002,8.952,ZCTA_NN;R6371;TIE_FIRST_LEX,ZCTA_NN_HAVERSINE;NOT_ELIGIBILITY;NOT_USPS_VALIDITY;NO_INVENTORY
43033,ZCTA_NEAREST_ACTIVE_OUTLET,OH0178,002,7.951,ZCTA_NN;R6371;TIE_FIRST_LEX,ZCTA_NN_HAVERSINE;NOT_ELIGIBILITY;NOT_USPS_VALIDITY;NO_INVENTORY
43035,ZCTA_NEAREST_ACTIVE_OUTLET,OH0065,006,2.752,ZCTA_NN;R6371;TIE_FIRST_LEX,ZCTA_NN_HAVERSINE;NOT_ELIGIBILITY;NOT_USPS_VALIDITY;NO_INVENTORY
43036,ZCTA_NEAREST_ACTIVE_OUTLET,OH0191,002,8.738,ZCTA_NN;R6371;TIE_FIRST_LEX,ZCTA_NN_HAVERSINE;NOT_ELIGIBILITY;NOT_USPS_VALIDITY;NO_INVENTORY
43037,ZCTA_NEAREST_ACTIVE_OUTLET,OH0153,005,11.519,ZCTA_NN;R6371;TIE_FIRST_LEX,ZCTA_NN_HAVERSINE;NOT_ELIGIBILITY;NOT_USPS_VALIDITY;NO_INVENTORY
43040,EXACT_IMLS_OUTLET_ZIP,OH0134,002,,EXACT_OUTLET;TIE_FSCSKEY_SEQ,EXACT_OUTLET;NOT_USPS_VALIDITY;NO_INVENTORY
43041,OBSERVED_REFERENCE_INDIRECT_ONLY,,,,INDIRECT_IMLS_SC;NO_FABRICATED_NEAREST,INDIRECT_IMLS_SC;NO_FABRICATED_NEAREST;NOT_REJECTED;NOT_USPS_VALIDITY;NO_INVENTORY
43044,EXACT_IMLS_OUTLET_ZIP,OH0140,002,,EXACT_OUTLET;TIE_FSCSKEY_SEQ,EXACT_OUTLET;NOT_USPS_VALIDITY;NO_INVENTORY
43045,ZCTA_NEAREST_ACTIVE_OUTLET,OH0220,004,10.669,ZCTA_NN;R6371;TIE_FIRST_LEX,ZCTA_NN_HAVERSINE;NOT_ELIGIBILITY;NOT_USPS_VALIDITY;NO_INVENTORY
43046,ZCTA_NEAREST_ACTIVE_OUTLET,OH0163,008,4.838,ZCTA_NN;R6371;TIE_FIRST_LEX,ZCTA_NN_HAVERSINE;NOT_ELIGIBILITY;NOT_USPS_VALIDITY;NO_INVENTORY
43047,ZCTA_NEAREST_ACTIVE_OUTLET,OH0220,004,7.077,ZCTA_NN;R6371;TIE_FIRST_LEX,ZCTA_NN_HAVERSINE;NOT_ELIGIBILITY;NOT_USPS_VALIDITY;NO_INVENTORY
43050,EXACT_IMLS_OUTLET_ZIP,OH0153,002,,EXACT_OUTLET;TIE_FSCSKEY_SEQ,EXACT_OUTLET;NOT_USPS_VALIDITY;NO_INVENTORY
43054,EXACT_IMLS_OUTLET_ZIP,OH0057,026,,EXACT_OUTLET;TIE_FSCSKEY_SEQ,EXACT_OUTLET;NOT_USPS_VALIDITY;NO_INVENTORY
43055,EXACT_IMLS_OUTLET_ZIP,OH0163,002,,EXACT_OUTLET;TIE_FSCSKEY_SEQ,EXACT_OUTLET;NOT_USPS_VALIDITY;NO_INVENTORY
43056,ZCTA_NEAREST_ACTIVE_OUTLET,OH0163,002,8.251,ZCTA_NN;R6371;TIE_FIRST_LEX,ZCTA_NN_HAVERSINE;NOT_ELIGIBILITY;NOT_USPS_VALIDITY;NO_INVENTORY
43058,OBSERVED_REFERENCE_INDIRECT_ONLY,,,,INDIRECT_IMLS_SC;NO_FABRICATED_NEAREST,INDIRECT_IMLS_SC;NO_FABRICATED_NEAREST;NOT_REJECTED;NOT_USPS_VALIDITY;NO_INVENTORY
43060,EXACT_IMLS_OUTLET_ZIP,OH0220,004,,EXACT_OUTLET;TIE_FSCSKEY_SEQ,EXACT_OUTLET;NOT_USPS_VALIDITY;NO_INVENTORY
43061,EXACT_IMLS_OUTLET_ZIP,OH0065,003,,EXACT_OUTLET;TIE_FSCSKEY_SEQ,EXACT_OUTLET;NOT_USPS_VALIDITY;NO_INVENTORY
43062,EXACT_IMLS_OUTLET_ZIP,OH0178,002,,EXACT_OUTLET;TIE_FSCSKEY_SEQ,EXACT_OUTLET;NOT_USPS_VALIDITY;NO_INVENTORY
43064,EXACT_IMLS_OUTLET_ZIP,OH0186,002,,EXACT_OUTLET;TIE_FSCSKEY_SEQ,EXACT_OUTLET;NOT_USPS_VALIDITY;NO_INVENTORY
43065,EXACT_IMLS_OUTLET_ZIP,OH0065,005,,EXACT_OUTLET;TIE_FSCSKEY_SEQ,EXACT_OUTLET;NOT_USPS_VALIDITY;NO_INVENTORY
43066,ZCTA_NEAREST_ACTIVE_OUTLET,OH0191,002,10.780,ZCTA_NN;R6371;TIE_FIRST_LEX,ZCTA_NN_HAVERSINE;NOT_ELIGIBILITY;NOT_USPS_VALIDITY;NO_INVENTORY
43067,EXACT_IMLS_OUTLET_ZIP,OH0134,003,,EXACT_OUTLET;TIE_FSCSKEY_SEQ,EXACT_OUTLET;NOT_USPS_VALIDITY;NO_INVENTORY
43068,EXACT_IMLS_OUTLET_ZIP,OH0057,018,,EXACT_OUTLET;TIE_FSCSKEY_SEQ,EXACT_OUTLET;NOT_USPS_VALIDITY;NO_INVENTORY
43070,ZCTA_NEAREST_ACTIVE_OUTLET,OH0207,002,10.261,ZCTA_NN;R6371;TIE_FIRST_LEX,ZCTA_NN_HAVERSINE;NOT_ELIGIBILITY;NOT_USPS_VALIDITY;NO_INVENTORY
43071,ZCTA_NEAREST_ACTIVE_OUTLET,OH0163,006,9.777,ZCTA_NN;R6371;TIE_FIRST_LEX,ZCTA_NN_HAVERSINE;NOT_ELIGIBILITY;NOT_USPS_VALIDITY;NO_INVENTORY
43072,EXACT_IMLS_OUTLET_ZIP,OH0207,002,,EXACT_OUTLET;TIE_FSCSKEY_SEQ,EXACT_OUTLET;NOT_USPS_VALIDITY;NO_INVENTORY
43073,OBSERVED_REFERENCE_INDIRECT_ONLY,,,,INDIRECT_IMLS_SC;NO_FABRICATED_NEAREST,INDIRECT_IMLS_SC;NO_FABRICATED_NEAREST;NOT_REJECTED;NOT_USPS_VALIDITY;NO_INVENTORY
43074,EXACT_IMLS_OUTLET_ZIP,OH0210,002,,EXACT_OUTLET;TIE_FSCSKEY_SEQ,EXACT_OUTLET;NOT_USPS_VALIDITY;NO_INVENTORY
43076,EXACT_IMLS_OUTLET_ZIP,OH0158,009,,EXACT_OUTLET;TIE_FSCSKEY_SEQ,EXACT_OUTLET;NOT_USPS_VALIDITY;NO_INVENTORY
43077,ZCTA_NEAREST_ACTIVE_OUTLET,OH0186,002,6.888,ZCTA_NN;R6371;TIE_FIRST_LEX,ZCTA_NN_HAVERSINE;NOT_ELIGIBILITY;NOT_USPS_VALIDITY;NO_INVENTORY
43078,EXACT_IMLS_OUTLET_ZIP,OH0220,002,,EXACT_OUTLET;TIE_FSCSKEY_SEQ,EXACT_OUTLET;NOT_USPS_VALIDITY;NO_INVENTORY
43080,EXACT_IMLS_OUTLET_ZIP,OH0103,002,,EXACT_OUTLET;TIE_FSCSKEY_SEQ,EXACT_OUTLET;NOT_USPS_VALIDITY;NO_INVENTORY
43081,EXACT_IMLS_OUTLET_ZIP,OH0237,002,,EXACT_OUTLET;TIE_FSCSKEY_SEQ,EXACT_OUTLET;NOT_USPS_VALIDITY;NO_INVENTORY
43082,ZCTA_NEAREST_ACTIVE_OUTLET,OH0237,002,5.313,ZCTA_NN;R6371;TIE_FIRST_LEX,ZCTA_NN_HAVERSINE;NOT_ELIGIBILITY;NOT_USPS_VALIDITY;NO_INVENTORY
43083,OBSERVED_REFERENCE_INDIRECT_ONLY,,,,INDIRECT_IMLS_SC;NO_FABRICATED_NEAREST,INDIRECT_IMLS_SC;NO_FABRICATED_NEAREST;NOT_REJECTED;NOT_USPS_VALIDITY;NO_INVENTORY
43084,ZCTA_NEAREST_ACTIVE_OUTLET,OH0220,004,8.591,ZCTA_NN;R6371;TIE_FIRST_LEX,ZCTA_NN_HAVERSINE;NOT_ELIGIBILITY;NOT_USPS_VALIDITY;NO_INVENTORY
43085,EXACT_IMLS_OUTLET_ZIP,OH0246,002,,EXACT_OUTLET;TIE_FSCSKEY_SEQ,EXACT_OUTLET;NOT_USPS_VALIDITY;NO_INVENTORY
43086,OBSERVED_REFERENCE_INDIRECT_ONLY,,,,INDIRECT_IMLS_SC;NO_FABRICATED_NEAREST,INDIRECT_IMLS_SC;NO_FABRICATED_NEAREST;NOT_REJECTED;NOT_USPS_VALIDITY;NO_INVENTORY
43101,ZCTA_NEAREST_ACTIVE_OUTLET,OH0123,004,1.109,ZCTA_NN;R6371;TIE_FIRST_LEX,ZCTA_NN_HAVERSINE;NOT_ELIGIBILITY;NOT_USPS_VALIDITY;NO_INVENTORY
43102,EXACT_IMLS_OUTLET_ZIP,OH0116,005,,EXACT_OUTLET;TIE_FSCSKEY_SEQ,EXACT_OUTLET;NOT_USPS_VALIDITY;NO_INVENTORY
43103,EXACT_IMLS_OUTLET_ZIP,OH0050,004,,EXACT_OUTLET;TIE_FSCSKEY_SEQ,EXACT_OUTLET;NOT_USPS_VALIDITY;NO_INVENTORY
43105,EXACT_IMLS_OUTLET_ZIP,OH0116,004,,EXACT_OUTLET;TIE_FSCSKEY_SEQ,EXACT_OUTLET;NOT_USPS_VALIDITY;NO_INVENTORY
43106,ZCTA_NEAREST_ACTIVE_OUTLET,OH0227,002,12.129,ZCTA_NN;R6371;TIE_FIRST_LEX,ZCTA_NN_HAVERSINE;NOT_ELIGIBILITY;NOT_USPS_VALIDITY;NO_INVENTORY
43107,EXACT_IMLS_OUTLET_ZIP,OH0116,003,,EXACT_OUTLET;TIE_FSCSKEY_SEQ,EXACT_OUTLET;NOT_USPS_VALIDITY;NO_INVENTORY
43109,ZCTA_NEAREST_ACTIVE_OUTLET,OH0057,018,3.832,ZCTA_NN;R6371;TIE_FIRST_LEX,ZCTA_NN_HAVERSINE;NOT_ELIGIBILITY;NOT_USPS_VALIDITY;NO_INVENTORY
43110,EXACT_IMLS_OUTLET_ZIP,OH0057,033,,EXACT_OUTLET;TIE_FSCSKEY_SEQ,EXACT_OUTLET;NOT_USPS_VALIDITY;NO_INVENTORY
43111,ZCTA_NEAREST_ACTIVE_OUTLET,OH0156,002,4.623,ZCTA_NN;R6371;TIE_FIRST_LEX,ZCTA_NN_HAVERSINE;NOT_ELIGIBILITY;NOT_USPS_VALIDITY;NO_INVENTORY
43112,EXACT_IMLS_OUTLET_ZIP,OH0116,008,,EXACT_OUTLET;TIE_FSCSKEY_SEQ,EXACT_OUTLET;NOT_USPS_VALIDITY;NO_INVENTORY
43113,EXACT_IMLS_OUTLET_ZIP,OH0050,002,,EXACT_OUTLET;TIE_FSCSKEY_SEQ,EXACT_OUTLET;NOT_USPS_VALIDITY;NO_INVENTORY
43115,ZCTA_NEAREST_ACTIVE_OUTLET,OH0048,004,9.606,ZCTA_NN;R6371;TIE_FIRST_LEX,ZCTA_NN_HAVERSINE;NOT_ELIGIBILITY;NOT_USPS_VALIDITY;NO_INVENTORY
43116,ZCTA_NEAREST_ACTIVE_OUTLET,OH0050,004,11.360,ZCTA_NN;R6371;TIE_FIRST_LEX,ZCTA_NN_HAVERSINE;NOT_ELIGIBILITY;NOT_USPS_VALIDITY;NO_INVENTORY
43117,ZCTA_NEAREST_ACTIVE_OUTLET,OH0152,002,7.617,ZCTA_NN;R6371;TIE_FIRST_LEX,ZCTA_NN_HAVERSINE;NOT_ELIGIBILITY;NOT_USPS_VALIDITY;NO_INVENTORY
43119,ZCTA_NEAREST_ACTIVE_OUTLET,OH0235,002,5.827,ZCTA_NN;R6371;TIE_FIRST_LEX,ZCTA_NN_HAVERSINE;NOT_ELIGIBILITY;NOT_USPS_VALIDITY;NO_INVENTORY
43123,EXACT_IMLS_OUTLET_ZIP,OH0099,003,,EXACT_OUTLET;TIE_FSCSKEY_SEQ,EXACT_OUTLET;NOT_USPS_VALIDITY;NO_INVENTORY
43125,EXACT_IMLS_OUTLET_ZIP,OH0057,024,,EXACT_OUTLET;TIE_FSCSKEY_SEQ,EXACT_OUTLET;NOT_USPS_VALIDITY;NO_INVENTORY
43126,ZCTA_NEAREST_ACTIVE_OUTLET,OH0099,003,10.329,ZCTA_NN;R6371;TIE_FIRST_LEX,ZCTA_NN_HAVERSINE;NOT_ELIGIBILITY;NOT_USPS_VALIDITY;NO_INVENTORY
43127,ZCTA_NEAREST_ACTIVE_OUTLET,OH0156,002,7.790,ZCTA_NN;R6371;TIE_FIRST_LEX,ZCTA_NN_HAVERSINE;NOT_ELIGIBILITY;NOT_USPS_VALIDITY;NO_INVENTORY
43128,ZCTA_NEAREST_ACTIVE_OUTLET,OH0247,006,12.835,ZCTA_NN;R6371;TIE_FIRST_LEX,ZCTA_NN_HAVERSINE;NOT_ELIGIBILITY;NOT_USPS_VALIDITY;NO_INVENTORY
43130,EXACT_IMLS_OUTLET_ZIP,OH0116,002,,EXACT_OUTLET;TIE_FSCSKEY_SEQ,EXACT_OUTLET;NOT_USPS_VALIDITY;NO_INVENTORY
43135,EXACT_IMLS_OUTLET_ZIP,OH0123,004,,EXACT_OUTLET;TIE_FSCSKEY_SEQ,EXACT_OUTLET;NOT_USPS_VALIDITY;NO_INVENTORY
43136,EXACT_IMLS_OUTLET_ZIP,OH0251,001,,EXACT_OUTLET;TIE_FSCSKEY_SEQ,EXACT_OUTLET;NOT_USPS_VALIDITY;NO_INVENTORY
43137,ZCTA_NEAREST_ACTIVE_OUTLET,OH0057,020,8.984,ZCTA_NN;R6371;TIE_FIRST_LEX,ZCTA_NN_HAVERSINE;NOT_ELIGIBILITY;NOT_USPS_VALIDITY;NO_INVENTORY
43138,EXACT_IMLS_OUTLET_ZIP,OH0123,002,,EXACT_OUTLET;TIE_FSCSKEY_SEQ,EXACT_OUTLET;NOT_USPS_VALIDITY;NO_INVENTORY
43140,EXACT_IMLS_OUTLET_ZIP,OH0124,002,,EXACT_OUTLET;TIE_FSCSKEY_SEQ,EXACT_OUTLET;NOT_USPS_VALIDITY;NO_INVENTORY
43142,ZCTA_NEAREST_ACTIVE_OUTLET,OH0197,002,12.173,ZCTA_NN;R6371;TIE_FIRST_LEX,ZCTA_NN_HAVERSINE;NOT_ELIGIBILITY;NOT_USPS_VALIDITY;NO_INVENTORY
43143,EXACT_IMLS_OUTLET_ZIP,OH0152,002,,EXACT_OUTLET;TIE_FSCSKEY_SEQ,EXACT_OUTLET;NOT_USPS_VALIDITY;NO_INVENTORY
43144,ZCTA_NEAREST_ACTIVE_OUTLET,OH0162,002,6.397,ZCTA_NN;R6371;TIE_FIRST_LEX,ZCTA_NN_HAVERSINE;NOT_ELIGIBILITY;NOT_USPS_VALIDITY;NO_INVENTORY
43145,ZCTA_NEAREST_ACTIVE_OUTLET,OH0227,002,15.425,ZCTA_NN;R6371;TIE_FIRST_LEX,ZCTA_NN_HAVERSINE;NOT_ELIGIBILITY;NOT_USPS_VALIDITY;NO_INVENTORY
43146,ZCTA_NEAREST_ACTIVE_OUTLET,OH0152,002,12.659,ZCTA_NN;R6371;TIE_FIRST_LEX,ZCTA_NN_HAVERSINE;NOT_ELIGIBILITY;NOT_USPS_VALIDITY;NO_INVENTORY
43147,EXACT_IMLS_OUTLET_ZIP,OH0184,002,,EXACT_OUTLET;TIE_FSCSKEY_SEQ,EXACT_OUTLET;NOT_USPS_VALIDITY;NO_INVENTORY
43148,ZCTA_NEAREST_ACTIVE_OUTLET,OH0116,004,8.973,ZCTA_NN;R6371;TIE_FIRST_LEX,ZCTA_NN_HAVERSINE;NOT_ELIGIBILITY;NOT_USPS_VALIDITY;NO_INVENTORY
43149,ZCTA_NEAREST_ACTIVE_OUTLET,OH0123,002,14.806,ZCTA_NN;R6371;TIE_FIRST_LEX,ZCTA_NN_HAVERSINE;NOT_ELIGIBILITY;NOT_USPS_VALIDITY;NO_INVENTORY
43150,ZCTA_NEAREST_ACTIVE_OUTLET,OH0116,003,8.355,ZCTA_NN;R6371;TIE_FIRST_LEX,ZCTA_NN_HAVERSINE;NOT_ELIGIBILITY;NOT_USPS_VALIDITY;NO_INVENTORY
43151,ZCTA_NEAREST_ACTIVE_OUTLET,OH0204,003,17.009,ZCTA_NN;R6371;TIE_FIRST_LEX,ZCTA_NN_HAVERSINE;NOT_ELIGIBILITY;NOT_USPS_VALIDITY;NO_INVENTORY
43152,ZCTA_NEAREST_ACTIVE_OUTLET,OH0123,004,13.345,ZCTA_NN;R6371;TIE_FIRST_LEX,ZCTA_NN_HAVERSINE;NOT_ELIGIBILITY;NOT_USPS_VALIDITY;NO_INVENTORY
43153,ZCTA_NEAREST_ACTIVE_OUTLET,OH0204,003,11.276,ZCTA_NN;R6371;TIE_FIRST_LEX,ZCTA_NN_HAVERSINE;NOT_ELIGIBILITY;NOT_USPS_VALIDITY;NO_INVENTORY
43154,ZCTA_NEAREST_ACTIVE_OUTLET,OH0116,005,9.030,ZCTA_NN;R6371;TIE_FIRST_LEX,ZCTA_NN_HAVERSINE;NOT_ELIGIBILITY;NOT_USPS_VALIDITY;NO_INVENTORY
43155,ZCTA_NEAREST_ACTIVE_OUTLET,OH0116,002,11.378,ZCTA_NN;R6371;TIE_FIRST_LEX,ZCTA_NN_HAVERSINE;NOT_ELIGIBILITY;NOT_USPS_VALIDITY;NO_INVENTORY
43156,ZCTA_NEAREST_ACTIVE_OUTLET,OH0123,004,9.883,ZCTA_NN;R6371;TIE_FIRST_LEX,ZCTA_NN_HAVERSINE;NOT_ELIGIBILITY;NOT_USPS_VALIDITY;NO_INVENTORY
43157,ZCTA_NEAREST_ACTIVE_OUTLET,OH0116,004,4.540,ZCTA_NN;R6371;TIE_FIRST_LEX,ZCTA_NN_HAVERSINE;NOT_ELIGIBILITY;NOT_USPS_VALIDITY;NO_INVENTORY
43158,ZCTA_NEAREST_ACTIVE_OUTLET,OH0156,002,9.851,ZCTA_NN;R6371;TIE_FIRST_LEX,ZCTA_NN_HAVERSINE;NOT_ELIGIBILITY;NOT_USPS_VALIDITY;NO_INVENTORY
43160,EXACT_IMLS_OUTLET_ZIP,OH0227,002,,EXACT_OUTLET;TIE_FSCSKEY_SEQ,EXACT_OUTLET;NOT_USPS_VALIDITY;NO_INVENTORY
43162,EXACT_IMLS_OUTLET_ZIP,OH0235,002,,EXACT_OUTLET;TIE_FSCSKEY_SEQ,EXACT_OUTLET;NOT_USPS_VALIDITY;NO_INVENTORY
43164,ZCTA_NEAREST_ACTIVE_OUTLET,OH0050,002,15.919,ZCTA_NN;R6371;TIE_FIRST_LEX,ZCTA_NN_HAVERSINE;NOT_ELIGIBILITY;NOT_USPS_VALIDITY;NO_INVENTORY
43201,EXACT_IMLS_OUTLET_ZIP,OH0057,016,,EXACT_OUTLET;TIE_FSCSKEY_SEQ,EXACT_OUTLET;NOT_USPS_VALIDITY;NO_INVENTORY
43202,ZCTA_NEAREST_ACTIVE_OUTLET,OH0057,021,2.500,ZCTA_NN;R6371;TIE_FIRST_LEX,ZCTA_NN_HAVERSINE;NOT_ELIGIBILITY;NOT_USPS_VALIDITY;NO_INVENTORY
43203,EXACT_IMLS_OUTLET_ZIP,OH0057,014,,EXACT_OUTLET;TIE_FSCSKEY_SEQ,EXACT_OUTLET;NOT_USPS_VALIDITY;NO_INVENTORY
43204,EXACT_IMLS_OUTLET_ZIP,OH0057,010,,EXACT_OUTLET;TIE_FSCSKEY_SEQ,EXACT_OUTLET;NOT_USPS_VALIDITY;NO_INVENTORY
43205,EXACT_IMLS_OUTLET_ZIP,OH0057,004,,EXACT_OUTLET;TIE_FSCSKEY_SEQ,EXACT_OUTLET;NOT_USPS_VALIDITY;NO_INVENTORY
43206,EXACT_IMLS_OUTLET_ZIP,OH0057,017,,EXACT_OUTLET;TIE_FSCSKEY_SEQ,EXACT_OUTLET;NOT_USPS_VALIDITY;NO_INVENTORY
43207,EXACT_IMLS_OUTLET_ZIP,OH0057,020,,EXACT_OUTLET;TIE_FSCSKEY_SEQ,EXACT_OUTLET;NOT_USPS_VALIDITY;NO_INVENTORY
43209,EXACT_IMLS_OUTLET_ZIP,OH0024,002,,EXACT_OUTLET;TIE_FSCSKEY_SEQ,EXACT_OUTLET;NOT_USPS_VALIDITY;NO_INVENTORY
43210,ZCTA_NEAREST_ACTIVE_OUTLET,OH0057,016,2.142,ZCTA_NN;R6371;TIE_FIRST_LEX,ZCTA_NN_HAVERSINE;NOT_ELIGIBILITY;NOT_USPS_VALIDITY;NO_INVENTORY
43211,EXACT_IMLS_OUTLET_ZIP,OH0057,012,,EXACT_OUTLET;TIE_FSCSKEY_SEQ,EXACT_OUTLET;NOT_USPS_VALIDITY;NO_INVENTORY
43212,EXACT_IMLS_OUTLET_ZIP,OH0095,002,,EXACT_OUTLET;TIE_FSCSKEY_SEQ,EXACT_OUTLET;NOT_USPS_VALIDITY;NO_INVENTORY
43213,EXACT_IMLS_OUTLET_ZIP,OH0057,022,,EXACT_OUTLET;TIE_FSCSKEY_SEQ,EXACT_OUTLET;NOT_USPS_VALIDITY;NO_INVENTORY
43214,EXACT_IMLS_OUTLET_ZIP,OH0057,021,,EXACT_OUTLET;TIE_FSCSKEY_SEQ,EXACT_OUTLET;NOT_USPS_VALIDITY;NO_INVENTORY
43215,EXACT_IMLS_OUTLET_ZIP,OH0057,003,,EXACT_OUTLET;TIE_FSCSKEY_SEQ,EXACT_OUTLET;NOT_USPS_VALIDITY;NO_INVENTORY
43216,OBSERVED_REFERENCE_INDIRECT_ONLY,,,,INDIRECT_IMLS_SC;NO_FABRICATED_NEAREST,INDIRECT_IMLS_SC;NO_FABRICATED_NEAREST;NOT_REJECTED;NOT_USPS_VALIDITY;NO_INVENTORY
43217,ZCTA_NEAREST_ACTIVE_OUTLET,OH0057,020,9.278,ZCTA_NN;R6371;TIE_FIRST_LEX,ZCTA_NN_HAVERSINE;NOT_ELIGIBILITY;NOT_USPS_VALIDITY;NO_INVENTORY
43218,ZCTA_NEAREST_ACTIVE_OUTLET,OH0057,019,3.803,ZCTA_NN;R6371;TIE_FIRST_LEX,ZCTA_NN_HAVERSINE;NOT_ELIGIBILITY;NOT_USPS_VALIDITY;NO_INVENTORY
43219,EXACT_IMLS_OUTLET_ZIP,OH0057,019,,EXACT_OUTLET;TIE_FSCSKEY_SEQ,EXACT_OUTLET;NOT_USPS_VALIDITY;NO_INVENTORY
43220,EXACT_IMLS_OUTLET_ZIP,OH0218,003,,EXACT_OUTLET;TIE_FSCSKEY_SEQ,EXACT_OUTLET;NOT_USPS_VALIDITY;NO_INVENTORY
43221,EXACT_IMLS_OUTLET_ZIP,OH0218,002,,EXACT_OUTLET;TIE_FSCSKEY_SEQ,EXACT_OUTLET;NOT_USPS_VALIDITY;NO_INVENTORY
43222,EXACT_IMLS_OUTLET_ZIP,OH0057,006,,EXACT_OUTLET;TIE_FSCSKEY_SEQ,EXACT_OUTLET;NOT_USPS_VALIDITY;NO_INVENTORY
43223,ZCTA_NEAREST_ACTIVE_OUTLET,OH0057,006,3.270,ZCTA_NN;R6371;TIE_FIRST_LEX,ZCTA_NN_HAVERSINE;NOT_ELIGIBILITY;NOT_USPS_VALIDITY;NO_INVENTORY
43224,EXACT_IMLS_OUTLET_ZIP,OH0057,015,,EXACT_OUTLET;TIE_FSCSKEY_SEQ,EXACT_OUTLET;NOT_USPS_VALIDITY;NO_INVENTORY
43227,EXACT_IMLS_OUTLET_ZIP,OH0057,013,,EXACT_OUTLET;TIE_FSCSKEY_SEQ,EXACT_OUTLET;NOT_USPS_VALIDITY;NO_INVENTORY
43228,EXACT_IMLS_OUTLET_ZIP,OH0099,005,,EXACT_OUTLET;TIE_FSCSKEY_SEQ,EXACT_OUTLET;NOT_USPS_VALIDITY;NO_INVENTORY
43229,EXACT_IMLS_OUTLET_ZIP,OH0057,011,,EXACT_OUTLET;TIE_FSCSKEY_SEQ,EXACT_OUTLET;NOT_USPS_VALIDITY;NO_INVENTORY
43230,EXACT_IMLS_OUTLET_ZIP,OH0057,007,,EXACT_OUTLET;TIE_FSCSKEY_SEQ,EXACT_OUTLET;NOT_USPS_VALIDITY;NO_INVENTORY
43231,ZCTA_NEAREST_ACTIVE_OUTLET,OH0057,011,3.309,ZCTA_NN;R6371;TIE_FIRST_LEX,ZCTA_NN_HAVERSINE;NOT_ELIGIBILITY;NOT_USPS_VALIDITY;NO_INVENTORY
43232,ZCTA_NEAREST_ACTIVE_OUTLET,OH0057,024,3.144,ZCTA_NN;R6371;TIE_FIRST_LEX,ZCTA_NN_HAVERSINE;NOT_ELIGIBILITY;NOT_USPS_VALIDITY;NO_INVENTORY
43235,EXACT_IMLS_OUTLET_ZIP,OH0246,003,,EXACT_OUTLET;TIE_FSCSKEY_SEQ,EXACT_OUTLET;NOT_USPS_VALIDITY;NO_INVENTORY
43236,OBSERVED_REFERENCE_INDIRECT_ONLY,,,,INDIRECT_IMLS_SC;NO_FABRICATED_NEAREST,INDIRECT_IMLS_SC;NO_FABRICATED_NEAREST;NOT_REJECTED;NOT_USPS_VALIDITY;NO_INVENTORY
43240,ZCTA_NEAREST_ACTIVE_OUTLET,OH0246,005,2.384,ZCTA_NN;R6371;TIE_FIRST_LEX,ZCTA_NN_HAVERSINE;NOT_ELIGIBILITY;NOT_USPS_VALIDITY;NO_INVENTORY
43287,OBSERVED_REFERENCE_INDIRECT_ONLY,,,,INDIRECT_IMLS_SC;NO_FABRICATED_NEAREST,INDIRECT_IMLS_SC;NO_FABRICATED_NEAREST;NOT_REJECTED;NOT_USPS_VALIDITY;NO_INVENTORY
43301,OBSERVED_REFERENCE_INDIRECT_ONLY,,,,INDIRECT_IMLS_SC;NO_FABRICATED_NEAREST,INDIRECT_IMLS_SC;NO_FABRICATED_NEAREST;NOT_REJECTED;NOT_USPS_VALIDITY;NO_INVENTORY
43302,EXACT_IMLS_OUTLET_ZIP,OH0132,002,,EXACT_OUTLET;TIE_FSCSKEY_SEQ,EXACT_OUTLET;NOT_USPS_VALIDITY;NO_INVENTORY
43310,EXACT_IMLS_OUTLET_ZIP,OH0020,002,,EXACT_OUTLET;TIE_FSCSKEY_SEQ,EXACT_OUTLET;NOT_USPS_VALIDITY;NO_INVENTORY
43311,EXACT_IMLS_OUTLET_ZIP,OH0021,002,,EXACT_OUTLET;TIE_FSCSKEY_SEQ,EXACT_OUTLET;NOT_USPS_VALIDITY;NO_INVENTORY
43314,ZCTA_NEAREST_ACTIVE_OUTLET,OH0132,002,14.915,ZCTA_NN;R6371;TIE_FIRST_LEX,ZCTA_NN_HAVERSINE;NOT_ELIGIBILITY;NOT_USPS_VALIDITY;NO_INVENTORY
43315,EXACT_IMLS_OUTLET_ZIP,OH0040,002,,EXACT_OUTLET;TIE_FSCSKEY_SEQ,EXACT_OUTLET;NOT_USPS_VALIDITY;NO_INVENTORY
43316,EXACT_IMLS_OUTLET_ZIP,OH0041,002,,EXACT_OUTLET;TIE_FSCSKEY_SEQ,EXACT_OUTLET;NOT_USPS_VALIDITY;NO_INVENTORY
43317,EXACT_IMLS_OUTLET_ZIP,OH0047,002,,EXACT_OUTLET;TIE_FSCSKEY_SEQ,EXACT_OUTLET;NOT_USPS_VALIDITY;NO_INVENTORY
43318,EXACT_IMLS_OUTLET_ZIP,OH0021,003,,EXACT_OUTLET;TIE_FSCSKEY_SEQ,EXACT_OUTLET;NOT_USPS_VALIDITY;NO_INVENTORY
43319,ZCTA_NEAREST_ACTIVE_OUTLET,OH0220,004,8.487,ZCTA_NN;R6371;TIE_FIRST_LEX,ZCTA_NN_HAVERSINE;NOT_ELIGIBILITY;NOT_USPS_VALIDITY;NO_INVENTORY
43320,ZCTA_NEAREST_ACTIVE_OUTLET,OH0151,002,7.591,ZCTA_NN;R6371;TIE_FIRST_LEX,ZCTA_NN_HAVERSINE;NOT_ELIGIBILITY;NOT_USPS_VALIDITY;NO_INVENTORY
43321,ZCTA_NEAREST_ACTIVE_OUTLET,OH0040,002,6.841,ZCTA_NN;R6371;TIE_FIRST_LEX,ZCTA_NN_HAVERSINE;NOT_ELIGIBILITY;NOT_USPS_VALIDITY;NO_INVENTORY
43322,ZCTA_NEAREST_ACTIVE_OUTLET,OH0132,002,9.678,ZCTA_NN;R6371;TIE_FIRST_LEX,ZCTA_NN_HAVERSINE;NOT_ELIGIBILITY;NOT_USPS_VALIDITY;NO_INVENTORY
43323,ZCTA_NEAREST_ACTIVE_OUTLET,OH0219,002,11.166,ZCTA_NN;R6371;TIE_FIRST_LEX,ZCTA_NN_HAVERSINE;NOT_ELIGIBILITY;NOT_USPS_VALIDITY;NO_INVENTORY
43324,ZCTA_NEAREST_ACTIVE_OUTLET,OH0020,002,8.668,ZCTA_NN;R6371;TIE_FIRST_LEX,ZCTA_NN_HAVERSINE;NOT_ELIGIBILITY;NOT_USPS_VALIDITY;NO_INVENTORY
43325,ZCTA_NEAREST_ACTIVE_OUTLET,OH0087,002,8.225,ZCTA_NN;R6371;TIE_FIRST_LEX,ZCTA_NN_HAVERSINE;NOT_ELIGIBILITY;NOT_USPS_VALIDITY;NO_INVENTORY
43326,ZCTA_NEAREST_ACTIVE_OUTLET,OH0111,002,1.125,ZCTA_NN;R6371;TIE_FIRST_LEX,ZCTA_NN_HAVERSINE;NOT_ELIGIBILITY;NOT_USPS_VALIDITY;NO_INVENTORY
43330,ZCTA_NEAREST_ACTIVE_OUTLET,OH0082,002,7.920,ZCTA_NN;R6371;TIE_FIRST_LEX,ZCTA_NN_HAVERSINE;NOT_ELIGIBILITY;NOT_USPS_VALIDITY;NO_INVENTORY
43331,EXACT_IMLS_OUTLET_ZIP,OH0021,005,,EXACT_OUTLET;TIE_FSCSKEY_SEQ,EXACT_OUTLET;NOT_USPS_VALIDITY;NO_INVENTORY
43332,ZCTA_NEAREST_ACTIVE_OUTLET,OH0154,002,14.016,ZCTA_NN;R6371;TIE_FIRST_LEX,ZCTA_NN_HAVERSINE;NOT_ELIGIBILITY;NOT_USPS_VALIDITY;NO_INVENTORY
43333,ZCTA_NEAREST_ACTIVE_OUTLET,OH0021,005,5.771,ZCTA_NN;R6371;TIE_FIRST_LEX,ZCTA_NN_HAVERSINE;NOT_ELIGIBILITY;NOT_USPS_VALIDITY;NO_INVENTORY
43334,ZCTA_NEAREST_ACTIVE_OUTLET,OH0011,002,13.136,ZCTA_NN;R6371;TIE_FIRST_LEX,ZCTA_NN_HAVERSINE;NOT_ELIGIBILITY;NOT_USPS_VALIDITY;NO_INVENTORY
43336,ZCTA_NEAREST_ACTIVE_OUTLET,OH0220,004,6.377,ZCTA_NN;R6371;TIE_FIRST_LEX,ZCTA_NN_HAVERSINE;NOT_ELIGIBILITY;NOT_USPS_VALIDITY;NO_INVENTORY
43337,ZCTA_NEAREST_ACTIVE_OUTLET,OH0132,002,16.216,ZCTA_NN;R6371;TIE_FIRST_LEX,ZCTA_NN_HAVERSINE;NOT_ELIGIBILITY;NOT_USPS_VALIDITY;NO_INVENTORY
43338,EXACT_IMLS_OUTLET_ZIP,OH0151,002,,EXACT_OUTLET;TIE_FSCSKEY_SEQ,EXACT_OUTLET;NOT_USPS_VALIDITY;NO_INVENTORY
43340,EXACT_IMLS_OUTLET_ZIP,OH0154,002,,EXACT_OUTLET;TIE_FSCSKEY_SEQ,EXACT_OUTLET;NOT_USPS_VALIDITY;NO_INVENTORY
43341,ZCTA_NEAREST_ACTIVE_OUTLET,OH0132,002,16.579,ZCTA_NN;R6371;TIE_FIRST_LEX,ZCTA_NN_HAVERSINE;NOT_ELIGIBILITY;NOT_USPS_VALIDITY;NO_INVENTORY
43342,ZCTA_NEAREST_ACTIVE_OUTLET,OH0191,002,10.721,ZCTA_NN;R6371;TIE_FIRST_LEX,ZCTA_NN_HAVERSINE;NOT_ELIGIBILITY;NOT_USPS_VALIDITY;NO_INVENTORY
43343,ZCTA_NEAREST_ACTIVE_OUTLET,OH0021,003,6.800,ZCTA_NN;R6371;TIE_FIRST_LEX,ZCTA_NN_HAVERSINE;NOT_ELIGIBILITY;NOT_USPS_VALIDITY;NO_INVENTORY
43344,EXACT_IMLS_OUTLET_ZIP,OH0191,002,,EXACT_OUTLET;TIE_FSCSKEY_SEQ,EXACT_OUTLET;NOT_USPS_VALIDITY;NO_INVENTORY
43345,EXACT_IMLS_OUTLET_ZIP,OH0154,003,,EXACT_OUTLET;TIE_FSCSKEY_SEQ,EXACT_OUTLET;NOT_USPS_VALIDITY;NO_INVENTORY
43346,ZCTA_NEAREST_ACTIVE_OUTLET,OH0020,002,11.001,ZCTA_NN;R6371;TIE_FIRST_LEX,ZCTA_NN_HAVERSINE;NOT_ELIGIBILITY;NOT_USPS_VALIDITY;NO_INVENTORY
43347,EXACT_IMLS_OUTLET_ZIP,OH0021,006,,EXACT_OUTLET;TIE_FSCSKEY_SEQ,EXACT_OUTLET;NOT_USPS_VALIDITY;NO_INVENTORY
43348,ZCTA_NEAREST_ACTIVE_OUTLET,OH0021,005,3.709,ZCTA_NN;R6371;TIE_FIRST_LEX,ZCTA_NN_HAVERSINE;NOT_ELIGIBILITY;NOT_USPS_VALIDITY;NO_INVENTORY
43350,ZCTA_NEAREST_ACTIVE_OUTLET,OH0047,002,9.526,ZCTA_NN;R6371;TIE_FIRST_LEX,ZCTA_NN_HAVERSINE;NOT_ELIGIBILITY;NOT_USPS_VALIDITY;NO_INVENTORY
43351,EXACT_IMLS_OUTLET_ZIP,OH0219,002,,EXACT_OUTLET;TIE_FSCSKEY_SEQ,EXACT_OUTLET;NOT_USPS_VALIDITY;NO_INVENTORY
43356,ZCTA_NEAREST_ACTIVE_OUTLET,OH0011,002,9.113,ZCTA_NN;R6371;TIE_FIRST_LEX,ZCTA_NN_HAVERSINE;NOT_ELIGIBILITY;NOT_USPS_VALIDITY;NO_INVENTORY
43357,EXACT_IMLS_OUTLET_ZIP,OH0021,007,,EXACT_OUTLET;TIE_FSCSKEY_SEQ,EXACT_OUTLET;NOT_USPS_VALIDITY;NO_INVENTORY
43358,EXACT_IMLS_OUTLET_ZIP,OH0021,008,,EXACT_OUTLET;TIE_FSCSKEY_SEQ,EXACT_OUTLET;NOT_USPS_VALIDITY;NO_INVENTORY
43359,ZCTA_NEAREST_ACTIVE_OUTLET,OH0082,002,9.046,ZCTA_NN;R6371;TIE_FIRST_LEX,ZCTA_NN_HAVERSINE;NOT_ELIGIBILITY;NOT_USPS_VALIDITY;NO_INVENTORY
43360,EXACT_IMLS_OUTLET_ZIP,OH0249,002,,EXACT_OUTLET;TIE_FSCSKEY_SEQ,EXACT_OUTLET;NOT_USPS_VALIDITY;NO_INVENTORY
43402,EXACT_IMLS_OUTLET_ZIP,OH0029,002,,EXACT_OUTLET;TIE_FSCSKEY_SEQ,EXACT_OUTLET;NOT_USPS_VALIDITY;NO_INVENTORY
43403,ZCTA_NEAREST_ACTIVE_OUTLET,OH0029,002,1.172,ZCTA_NN;R6371;TIE_FIRST_LEX,ZCTA_NN_HAVERSINE;NOT_ELIGIBILITY;NOT_USPS_VALIDITY;NO_INVENTORY
43406,ZCTA_NEAREST_ACTIVE_OUTLET,OH0230,002,4.788,ZCTA_NN;R6371;TIE_FIRST_LEX,ZCTA_NN_HAVERSINE;NOT_ELIGIBILITY;NOT_USPS_VALIDITY;NO_INVENTORY
43407,ZCTA_NEAREST_ACTIVE_OUTLET,OH0023,002,3.693,ZCTA_NN;R6371;TIE_FIRST_LEX,ZCTA_NN_HAVERSINE;NOT_ELIGIBILITY;NOT_USPS_VALIDITY;NO_INVENTORY
43408,ZCTA_NEAREST_ACTIVE_OUTLET,OH0076,003,5.928,ZCTA_NN;R6371;TIE_FIRST_LEX,ZCTA_NN_HAVERSINE;NOT_ELIGIBILITY;NOT_USPS_VALIDITY;NO_INVENTORY
43410,EXACT_IMLS_OUTLET_ZIP,OH0054,002,,EXACT_OUTLET;TIE_FSCSKEY_SEQ,EXACT_OUTLET;NOT_USPS_VALIDITY;NO_INVENTORY
43412,ZCTA_NEAREST_ACTIVE_OUTLET,OH0215,011,12.138,ZCTA_NN;R6371;TIE_FIRST_LEX,ZCTA_NN_HAVERSINE;NOT_ELIGIBILITY;NOT_USPS_VALIDITY;NO_INVENTORY
43413,ZCTA_NEAREST_ACTIVE_OUTLET,OH0167,002,7.249,ZCTA_NN;R6371;TIE_FIRST_LEX,ZCTA_NN_HAVERSINE;NOT_ELIGIBILITY;NOT_USPS_VALIDITY;NO_INVENTORY
43414,ZCTA_NEAREST_ACTIVE_OUTLET,OH0029,002,8.800,ZCTA_NN;R6371;TIE_FIRST_LEX,ZCTA_NN_HAVERSINE;NOT_ELIGIBILITY;NOT_USPS_VALIDITY;NO_INVENTORY
43416,EXACT_IMLS_OUTLET_ZIP,OH0076,002,,EXACT_OUTLET;TIE_FSCSKEY_SEQ,EXACT_OUTLET;NOT_USPS_VALIDITY;NO_INVENTORY
43420,EXACT_IMLS_OUTLET_ZIP,OH0086,002,,EXACT_OUTLET;TIE_FSCSKEY_SEQ,EXACT_OUTLET;NOT_USPS_VALIDITY;NO_INVENTORY
43430,EXACT_IMLS_OUTLET_ZIP,OH0076,003,,EXACT_OUTLET;TIE_FSCSKEY_SEQ,EXACT_OUTLET;NOT_USPS_VALIDITY;NO_INVENTORY
43431,EXACT_IMLS_OUTLET_ZIP,OH0086,003,,EXACT_OUTLET;TIE_FSCSKEY_SEQ,EXACT_OUTLET;NOT_USPS_VALIDITY;NO_INVENTORY
43432,ZCTA_NEAREST_ACTIVE_OUTLET,OH0076,003,10.243,ZCTA_NN;R6371;TIE_FIRST_LEX,ZCTA_NN_HAVERSINE;NOT_ELIGIBILITY;NOT_USPS_VALIDITY;NO_INVENTORY
43433,ZCTA_NEAREST_ACTIVE_OUTLET,OH0188,002,5.097,ZCTA_NN;R6371;TIE_FIRST_LEX,ZCTA_NN_HAVERSINE;NOT_ELIGIBILITY;NOT_USPS_VALIDITY;NO_INVENTORY
43434,ZCTA_NEAREST_ACTIVE_OUTLET,OH0215,012,3.714,ZCTA_NN;R6371;TIE_FIRST_LEX,ZCTA_NN_HAVERSINE;NOT_ELIGIBILITY;NOT_USPS_VALIDITY;NO_INVENTORY
43435,ZCTA_NEAREST_ACTIVE_OUTLET,OH0086,003,6.554,ZCTA_NN;R6371;TIE_FIRST_LEX,ZCTA_NN_HAVERSINE;NOT_ELIGIBILITY;NOT_USPS_VALIDITY;NO_INVENTORY
43436,ZCTA_NEAREST_ACTIVE_OUTLET,OH0188,003,7.063,ZCTA_NN;R6371;TIE_FIRST_LEX,ZCTA_NN_HAVERSINE;NOT_ELIGIBILITY;NOT_USPS_VALIDITY;NO_INVENTORY
43437,ZCTA_NEAREST_ACTIVE_OUTLET,OH0167,002,10.085,ZCTA_NN;R6371;TIE_FIRST_LEX,ZCTA_NN_HAVERSINE;NOT_ELIGIBILITY;NOT_USPS_VALIDITY;NO_INVENTORY
43438,EXACT_IMLS_OUTLET_ZIP,OH0199,004,,EXACT_OUTLET;TIE_FSCSKEY_SEQ,EXACT_OUTLET;NOT_USPS_VALIDITY;NO_INVENTORY
43439,ZCTA_NEAREST_ACTIVE_OUTLET,OH0188,002,8.503,ZCTA_NN;R6371;TIE_FIRST_LEX,ZCTA_NN_HAVERSINE;NOT_ELIGIBILITY;NOT_USPS_VALIDITY;NO_INVENTORY
43440,EXACT_IMLS_OUTLET_ZIP,OH0188,004,,EXACT_OUTLET;TIE_FSCSKEY_SEQ,EXACT_OUTLET;NOT_USPS_VALIDITY;NO_INVENTORY
43441,OBSERVED_REFERENCE_INDIRECT_ONLY,,,,INDIRECT_IMLS_SC;NO_FABRICATED_NEAREST,INDIRECT_IMLS_SC;NO_FABRICATED_NEAREST;NOT_REJECTED;NOT_USPS_VALIDITY;NO_INVENTORY
43442,ZCTA_NEAREST_ACTIVE_OUTLET,OH0076,002,8.550,ZCTA_NN;R6371;TIE_FIRST_LEX,ZCTA_NN_HAVERSINE;NOT_ELIGIBILITY;NOT_USPS_VALIDITY;NO_INVENTORY
43443,EXACT_IMLS_OUTLET_ZIP,OH0180,004,,EXACT_OUTLET;TIE_FSCSKEY_SEQ,EXACT_OUTLET;NOT_USPS_VALIDITY;NO_INVENTORY
43445,ZCTA_NEAREST_ACTIVE_OUTLET,OH0076,003,6.002,ZCTA_NN;R6371;TIE_FIRST_LEX,ZCTA_NN_HAVERSINE;NOT_ELIGIBILITY;NOT_USPS_VALIDITY;NO_INVENTORY
43446,ZCTA_NEAREST_ACTIVE_OUTLET,OH0188,003,4.092,ZCTA_NN;R6371;TIE_FIRST_LEX,ZCTA_NN_HAVERSINE;NOT_ELIGIBILITY;NOT_USPS_VALIDITY;NO_INVENTORY
43447,ZCTA_NEAREST_ACTIVE_OUTLET,OH0029,004,5.498,ZCTA_NN;R6371;TIE_FIRST_LEX,ZCTA_NN_HAVERSINE;NOT_ELIGIBILITY;NOT_USPS_VALIDITY;NO_INVENTORY
43449,EXACT_IMLS_OUTLET_ZIP,OH0170,002,,EXACT_OUTLET;TIE_FSCSKEY_SEQ,EXACT_OUTLET;NOT_USPS_VALIDITY;NO_INVENTORY
43450,EXACT_IMLS_OUTLET_ZIP,OH0180,002,,EXACT_OUTLET;TIE_FSCSKEY_SEQ,EXACT_OUTLET;NOT_USPS_VALIDITY;NO_INVENTORY
43451,ZCTA_NEAREST_ACTIVE_OUTLET,OH0029,002,6.982,ZCTA_NN;R6371;TIE_FIRST_LEX,ZCTA_NN_HAVERSINE;NOT_ELIGIBILITY;NOT_USPS_VALIDITY;NO_INVENTORY
43452,EXACT_IMLS_OUTLET_ZIP,OH0188,002,,EXACT_OUTLET;TIE_FSCSKEY_SEQ,EXACT_OUTLET;NOT_USPS_VALIDITY;NO_INVENTORY
43456,EXACT_IMLS_OUTLET_ZIP,OH0188,003,,EXACT_OUTLET;TIE_FSCSKEY_SEQ,EXACT_OUTLET;NOT_USPS_VALIDITY;NO_INVENTORY
43457,ZCTA_NEAREST_ACTIVE_OUTLET,OH0230,002,5.382,ZCTA_NN;R6371;TIE_FIRST_LEX,ZCTA_NN_HAVERSINE;NOT_ELIGIBILITY;NOT_USPS_VALIDITY;NO_INVENTORY
43458,ZCTA_NEAREST_ACTIVE_OUTLET,OH0170,002,6.054,ZCTA_NN;R6371;TIE_FIRST_LEX,ZCTA_NN_HAVERSINE;NOT_ELIGIBILITY;NOT_USPS_VALIDITY;NO_INVENTORY
43460,EXACT_IMLS_OUTLET_ZIP,OH0196,002,,EXACT_OUTLET;TIE_FSCSKEY_SEQ,EXACT_OUTLET;NOT_USPS_VALIDITY;NO_INVENTORY
43462,ZCTA_NEAREST_ACTIVE_OUTLET,OH0239,002,9.055,ZCTA_NN;R6371;TIE_FIRST_LEX,ZCTA_NN_HAVERSINE;NOT_ELIGIBILITY;NOT_USPS_VALIDITY;NO_INVENTORY
43463,ZCTA_NEAREST_ACTIVE_OUTLET,OH0180,003,0.280,ZCTA_NN;R6371;TIE_FIRST_LEX,ZCTA_NN_HAVERSINE;NOT_ELIGIBILITY;NOT_USPS_VALIDITY;NO_INVENTORY
43464,ZCTA_NEAREST_ACTIVE_OUTLET,OH0188,002,10.575,ZCTA_NN;R6371;TIE_FIRST_LEX,ZCTA_NN_HAVERSINE;NOT_ELIGIBILITY;NOT_USPS_VALIDITY;NO_INVENTORY
43465,EXACT_IMLS_OUTLET_ZIP,OH0029,004,,EXACT_OUTLET;TIE_FSCSKEY_SEQ,EXACT_OUTLET;NOT_USPS_VALIDITY;NO_INVENTORY
43466,EXACT_IMLS_OUTLET_ZIP,OH0230,002,,EXACT_OUTLET;TIE_FSCSKEY_SEQ,EXACT_OUTLET;NOT_USPS_VALIDITY;NO_INVENTORY
43467,ZCTA_NEAREST_ACTIVE_OUTLET,OH0230,002,6.593,ZCTA_NN;R6371;TIE_FIRST_LEX,ZCTA_NN_HAVERSINE;NOT_ELIGIBILITY;NOT_USPS_VALIDITY;NO_INVENTORY
43468,ZCTA_NEAREST_ACTIVE_OUTLET,OH0076,003,9.094,ZCTA_NN;R6371;TIE_FIRST_LEX,ZCTA_NN_HAVERSINE;NOT_ELIGIBILITY;NOT_USPS_VALIDITY;NO_INVENTORY
43469,EXACT_IMLS_OUTLET_ZIP,OH0086,005,,EXACT_OUTLET;TIE_FSCSKEY_SEQ,EXACT_OUTLET;NOT_USPS_VALIDITY;NO_INVENTORY
43501,ZCTA_NEAREST_ACTIVE_OUTLET,MI0351,002,7.131,ZCTA_NN;R6371;TIE_FIRST_LEX,ZCTA_NN_HAVERSINE;NOT_ELIGIBILITY;NOT_USPS_VALIDITY;NO_INVENTORY
43502,EXACT_IMLS_OUTLET_ZIP,OH0009,002,,EXACT_OUTLET;TIE_FSCSKEY_SEQ,EXACT_OUTLET;NOT_USPS_VALIDITY;NO_INVENTORY
43504,ZCTA_NEAREST_ACTIVE_OUTLET,OH0143,002,6.568,ZCTA_NN;R6371;TIE_FIRST_LEX,ZCTA_NN_HAVERSINE;NOT_ELIGIBILITY;NOT_USPS_VALIDITY;NO_INVENTORY
43505,ZCTA_NEAREST_ACTIVE_OUTLET,OH0032,004,4.729,ZCTA_NN;R6371;TIE_FIRST_LEX,ZCTA_NN_HAVERSINE;NOT_ELIGIBILITY;NOT_USPS_VALIDITY;NO_INVENTORY
43506,EXACT_IMLS_OUTLET_ZIP,OH0032,002,,EXACT_OUTLET;TIE_FSCSKEY_SEQ,EXACT_OUTLET;NOT_USPS_VALIDITY;NO_INVENTORY
43510,ZCTA_NEAREST_ACTIVE_OUTLET,OH0120,002,5.549,ZCTA_NN;R6371;TIE_FIRST_LEX,ZCTA_NN_HAVERSINE;NOT_ELIGIBILITY;NOT_USPS_VALIDITY;NO_INVENTORY
43511,ZCTA_NEAREST_ACTIVE_OUTLET,OH0069,002,8.836,ZCTA_NN;R6371;TIE_FIRST_LEX,ZCTA_NN_HAVERSINE;NOT_ELIGIBILITY;NOT_USPS_VALIDITY;NO_INVENTORY
43512,EXACT_IMLS_OUTLET_ZIP,OH0064,002,,EXACT_OUTLET;TIE_FSCSKEY_SEQ,EXACT_OUTLET;NOT_USPS_VALIDITY;NO_INVENTORY
43515,EXACT_IMLS_OUTLET_ZIP,OH0067,002,,EXACT_OUTLET;TIE_FSCSKEY_SEQ,EXACT_OUTLET;NOT_USPS_VALIDITY;NO_INVENTORY
43516,EXACT_IMLS_OUTLET_ZIP,OH0069,002,,EXACT_OUTLET;TIE_FSCSKEY_SEQ,EXACT_OUTLET;NOT_USPS_VALIDITY;NO_INVENTORY
43517,EXACT_IMLS_OUTLET_ZIP,OH0032,003,,EXACT_OUTLET;TIE_FSCSKEY_SEQ,EXACT_OUTLET;NOT_USPS_VALIDITY;NO_INVENTORY
43518,EXACT_IMLS_OUTLET_ZIP,OH0032,004,,EXACT_OUTLET;TIE_FSCSKEY_SEQ,EXACT_OUTLET;NOT_USPS_VALIDITY;NO_INVENTORY
43519,ZCTA_NEAREST_ACTIVE_OUTLET,OH0032,006,9.187,ZCTA_NN;R6371;TIE_FIRST_LEX,ZCTA_NN_HAVERSINE;NOT_ELIGIBILITY;NOT_USPS_VALIDITY;NO_INVENTORY
43520,ZCTA_NEAREST_ACTIVE_OUTLET,OH0032,003,12.304,ZCTA_NN;R6371;TIE_FIRST_LEX,ZCTA_NN_HAVERSINE;NOT_ELIGIBILITY;NOT_USPS_VALIDITY;NO_INVENTORY
43521,EXACT_IMLS_OUTLET_ZIP,OH0080,002,,EXACT_OUTLET;TIE_FSCSKEY_SEQ,EXACT_OUTLET;NOT_USPS_VALIDITY;NO_INVENTORY
43522,EXACT_IMLS_OUTLET_ZIP,OH0239,003,,EXACT_OUTLET;TIE_FSCSKEY_SEQ,EXACT_OUTLET;NOT_USPS_VALIDITY;NO_INVENTORY
43523,ZCTA_NEAREST_ACTIVE_OUTLET,OH0155,004,5.943,ZCTA_NN;R6371;TIE_FIRST_LEX,ZCTA_NN_HAVERSINE;NOT_ELIGIBILITY;NOT_USPS_VALIDITY;NO_INVENTORY
43524,EXACT_IMLS_OUTLET_ZIP,OH0069,003,,EXACT_OUTLET;TIE_FSCSKEY_SEQ,EXACT_OUTLET;NOT_USPS_VALIDITY;NO_INVENTORY
43525,ZCTA_NEAREST_ACTIVE_OUTLET,OH0215,019,4.244,ZCTA_NN;R6371;TIE_FIRST_LEX,ZCTA_NN_HAVERSINE;NOT_ELIGIBILITY;NOT_USPS_VALIDITY;NO_INVENTORY
43526,EXACT_IMLS_OUTLET_ZIP,OH0064,003,,EXACT_OUTLET;TIE_FSCSKEY_SEQ,EXACT_OUTLET;NOT_USPS_VALIDITY;NO_INVENTORY
43527,EXACT_IMLS_OUTLET_ZIP,OH0102,002,,EXACT_OUTLET;TIE_FSCSKEY_SEQ,EXACT_OUTLET;NOT_USPS_VALIDITY;NO_INVENTORY
43528,EXACT_IMLS_OUTLET_ZIP,OH0215,005,,EXACT_OUTLET;TIE_FSCSKEY_SEQ,EXACT_OUTLET;NOT_USPS_VALIDITY;NO_INVENTORY
43529,ZCTA_NEAREST_ACTIVE_OUTLET,OH0167,002,8.948,ZCTA_NN;R6371;TIE_FIRST_LEX,ZCTA_NN_HAVERSINE;NOT_ELIGIBILITY;NOT_USPS_VALIDITY;NO_INVENTORY
43530,ZCTA_NEAREST_ACTIVE_OUTLET,OH0155,003,6.969,ZCTA_NN;R6371;TIE_FIRST_LEX,ZCTA_NN_HAVERSINE;NOT_ELIGIBILITY;NOT_USPS_VALIDITY;NO_INVENTORY
43531,ZCTA_NEAREST_ACTIVE_OUTLET,OH0032,005,6.931,ZCTA_NN;R6371;TIE_FIRST_LEX,ZCTA_NN_HAVERSINE;NOT_ELIGIBILITY;NOT_USPS_VALIDITY;NO_INVENTORY
43532,EXACT_IMLS_OUTLET_ZIP,OH0120,002,,EXACT_OUTLET;TIE_FSCSKEY_SEQ,EXACT_OUTLET;NOT_USPS_VALIDITY;NO_INVENTORY
43533,ZCTA_NEAREST_ACTIVE_OUTLET,MI0324,002,11.752,ZCTA_NN;R6371;TIE_FIRST_LEX,ZCTA_NN_HAVERSINE;NOT_ELIGIBILITY;NOT_USPS_VALIDITY;NO_INVENTORY
43534,EXACT_IMLS_OUTLET_ZIP,OH0155,004,,EXACT_OUTLET;TIE_FSCSKEY_SEQ,EXACT_OUTLET;NOT_USPS_VALIDITY;NO_INVENTORY
43535,ZCTA_NEAREST_ACTIVE_OUTLET,OH0069,003,8.542,ZCTA_NN;R6371;TIE_FIRST_LEX,ZCTA_NN_HAVERSINE;NOT_ELIGIBILITY;NOT_USPS_VALIDITY;NO_INVENTORY
43536,ZCTA_NEAREST_ACTIVE_OUTLET,OH0064,004,7.355,ZCTA_NN;R6371;TIE_FIRST_LEX,ZCTA_NN_HAVERSINE;NOT_ELIGIBILITY;NOT_USPS_VALIDITY;NO_INVENTORY
43537,EXACT_IMLS_OUTLET_ZIP,OH0215,009,,EXACT_OUTLET;TIE_FSCSKEY_SEQ,EXACT_OUTLET;NOT_USPS_VALIDITY;NO_INVENTORY
43540,EXACT_IMLS_OUTLET_ZIP,OH0143,002,,EXACT_OUTLET;TIE_FSCSKEY_SEQ,EXACT_OUTLET;NOT_USPS_VALIDITY;NO_INVENTORY
43541,ZCTA_NEAREST_ACTIVE_OUTLET,OH0239,002,5.589,ZCTA_NN;R6371;TIE_FIRST_LEX,ZCTA_NN_HAVERSINE;NOT_ELIGIBILITY;NOT_USPS_VALIDITY;NO_INVENTORY
43542,ZCTA_NEAREST_ACTIVE_OUTLET,OH0215,005,8.030,ZCTA_NN;R6371;TIE_FIRST_LEX,ZCTA_NN_HAVERSINE;NOT_ELIGIBILITY;NOT_USPS_VALIDITY;NO_INVENTORY
43543,EXACT_IMLS_OUTLET_ZIP,OH0149,002,,EXACT_OUTLET;TIE_FSCSKEY_SEQ,EXACT_OUTLET;NOT_USPS_VALIDITY;NO_INVENTORY
43545,EXACT_IMLS_OUTLET_ZIP,OH0155,002,,EXACT_OUTLET;TIE_FSCSKEY_SEQ,EXACT_OUTLET;NOT_USPS_VALIDITY;NO_INVENTORY
43547,ZCTA_NEAREST_ACTIVE_OUTLET,OH0239,003,9.229,ZCTA_NN;R6371;TIE_FIRST_LEX,ZCTA_NN_HAVERSINE;NOT_ELIGIBILITY;NOT_USPS_VALIDITY;NO_INVENTORY
43548,ZCTA_NEAREST_ACTIVE_OUTLET,OH0102,002,7.627,ZCTA_NN;R6371;TIE_FIRST_LEX,ZCTA_NN_HAVERSINE;NOT_ELIGIBILITY;NOT_USPS_VALIDITY;NO_INVENTORY
43549,ZCTA_NEAREST_ACTIVE_OUTLET,OH0064,004,9.355,ZCTA_NN;R6371;TIE_FIRST_LEX,ZCTA_NN_HAVERSINE;NOT_ELIGIBILITY;NOT_USPS_VALIDITY;NO_INVENTORY
43551,EXACT_IMLS_OUTLET_ZIP,OH0183,002,,EXACT_OUTLET;TIE_FSCSKEY_SEQ,EXACT_OUTLET;NOT_USPS_VALIDITY;NO_INVENTORY
43552,OBSERVED_REFERENCE_INDIRECT_ONLY,,,,INDIRECT_IMLS_SC;NO_FABRICATED_NEAREST,INDIRECT_IMLS_SC;NO_FABRICATED_NEAREST;NOT_REJECTED;NOT_USPS_VALIDITY;NO_INVENTORY
43553,ZCTA_NEAREST_ACTIVE_OUTLET,OH0228,002,6.748,ZCTA_NN;R6371;TIE_FIRST_LEX,ZCTA_NN_HAVERSINE;NOT_ELIGIBILITY;NOT_USPS_VALIDITY;NO_INVENTORY
43554,EXACT_IMLS_OUTLET_ZIP,OH0032,005,,EXACT_OUTLET;TIE_FSCSKEY_SEQ,EXACT_OUTLET;NOT_USPS_VALIDITY;NO_INVENTORY
43555,ZCTA_NEAREST_ACTIVE_OUTLET,OH0009,002,10.286,ZCTA_NN;R6371;TIE_FIRST_LEX,ZCTA_NN_HAVERSINE;NOT_ELIGIBILITY;NOT_USPS_VALIDITY;NO_INVENTORY
43556,EXACT_IMLS_OUTLET_ZIP,OH0064,004,,EXACT_OUTLET;TIE_FSCSKEY_SEQ,EXACT_OUTLET;NOT_USPS_VALIDITY;NO_INVENTORY
43557,EXACT_IMLS_OUTLET_ZIP,OH0032,006,,EXACT_OUTLET;TIE_FSCSKEY_SEQ,EXACT_OUTLET;NOT_USPS_VALIDITY;NO_INVENTORY
43558,EXACT_IMLS_OUTLET_ZIP,OH0211,002,,EXACT_OUTLET;TIE_FSCSKEY_SEQ,EXACT_OUTLET;NOT_USPS_VALIDITY;NO_INVENTORY
43560,EXACT_IMLS_OUTLET_ZIP,OH0215,016,,EXACT_OUTLET;TIE_FSCSKEY_SEQ,EXACT_OUTLET;NOT_USPS_VALIDITY;NO_INVENTORY
43565,ZCTA_NEAREST_ACTIVE_OUTLET,OH0029,002,8.945,ZCTA_NN;R6371;TIE_FIRST_LEX,ZCTA_NN_HAVERSINE;NOT_ELIGIBILITY;NOT_USPS_VALIDITY;NO_INVENTORY
43566,EXACT_IMLS_OUTLET_ZIP,OH0215,019,,EXACT_OUTLET;TIE_FSCSKEY_SEQ,EXACT_OUTLET;NOT_USPS_VALIDITY;NO_INVENTORY
43567,EXACT_IMLS_OUTLET_ZIP,OH0228,002,,EXACT_OUTLET;TIE_FSCSKEY_SEQ,EXACT_OUTLET;NOT_USPS_VALIDITY;NO_INVENTORY
43569,EXACT_IMLS_OUTLET_ZIP,OH0239,002,,EXACT_OUTLET;TIE_FSCSKEY_SEQ,EXACT_OUTLET;NOT_USPS_VALIDITY;NO_INVENTORY
43570,EXACT_IMLS_OUTLET_ZIP,OH0032,007,,EXACT_OUTLET;TIE_FSCSKEY_SEQ,EXACT_OUTLET;NOT_USPS_VALIDITY;NO_INVENTORY
43571,ZCTA_NEAREST_ACTIVE_OUTLET,OH0215,019,7.527,ZCTA_NN;R6371;TIE_FIRST_LEX,ZCTA_NN_HAVERSINE;NOT_ELIGIBILITY;NOT_USPS_VALIDITY;NO_INVENTORY
43601,OBSERVED_REFERENCE_INDIRECT_ONLY,,,,INDIRECT_IMLS_SC;NO_FABRICATED_NEAREST,INDIRECT_IMLS_SC;NO_FABRICATED_NEAREST;NOT_REJECTED;NOT_USPS_VALIDITY;NO_INVENTORY
43603,OBSERVED_REFERENCE_INDIRECT_ONLY,,,,INDIRECT_IMLS_SC;NO_FABRICATED_NEAREST,INDIRECT_IMLS_SC;NO_FABRICATED_NEAREST;NOT_REJECTED;NOT_USPS_VALIDITY;NO_INVENTORY
43604,EXACT_IMLS_OUTLET_ZIP,OH0215,002,,EXACT_OUTLET;TIE_FSCSKEY_SEQ,EXACT_OUTLET;NOT_USPS_VALIDITY;NO_INVENTORY
43605,EXACT_IMLS_OUTLET_ZIP,OH0215,003,,EXACT_OUTLET;TIE_FSCSKEY_SEQ,EXACT_OUTLET;NOT_USPS_VALIDITY;NO_INVENTORY
43606,EXACT_IMLS_OUTLET_ZIP,OH0215,014,,EXACT_OUTLET;TIE_FSCSKEY_SEQ,EXACT_OUTLET;NOT_USPS_VALIDITY;NO_INVENTORY
43607,EXACT_IMLS_OUTLET_ZIP,OH0215,010,,EXACT_OUTLET;TIE_FSCSKEY_SEQ,EXACT_OUTLET;NOT_USPS_VALIDITY;NO_INVENTORY
43608,EXACT_IMLS_OUTLET_ZIP,OH0215,007,,EXACT_OUTLET;TIE_FSCSKEY_SEQ,EXACT_OUTLET;NOT_USPS_VALIDITY;NO_INVENTORY
43609,EXACT_IMLS_OUTLET_ZIP,OH0215,015,,EXACT_OUTLET;TIE_FSCSKEY_SEQ,EXACT_OUTLET;NOT_USPS_VALIDITY;NO_INVENTORY
43610,EXACT_IMLS_OUTLET_ZIP,OH0215,006,,EXACT_OUTLET;TIE_FSCSKEY_SEQ,EXACT_OUTLET;NOT_USPS_VALIDITY;NO_INVENTORY
43611,EXACT_IMLS_OUTLET_ZIP,OH0215,012,,EXACT_OUTLET;TIE_FSCSKEY_SEQ,EXACT_OUTLET;NOT_USPS_VALIDITY;NO_INVENTORY
43612,EXACT_IMLS_OUTLET_ZIP,OH0215,020,,EXACT_OUTLET;TIE_FSCSKEY_SEQ,EXACT_OUTLET;NOT_USPS_VALIDITY;NO_INVENTORY
43613,ZCTA_NEAREST_ACTIVE_OUTLET,OH0215,018,2.630,ZCTA_NN;R6371;TIE_FIRST_LEX,ZCTA_NN_HAVERSINE;NOT_ELIGIBILITY;NOT_USPS_VALIDITY;NO_INVENTORY
43614,EXACT_IMLS_OUTLET_ZIP,OH0215,004,,EXACT_OUTLET;TIE_FSCSKEY_SEQ,EXACT_OUTLET;NOT_USPS_VALIDITY;NO_INVENTORY
43615,EXACT_IMLS_OUTLET_ZIP,OH0215,013,,EXACT_OUTLET;TIE_FSCSKEY_SEQ,EXACT_OUTLET;NOT_USPS_VALIDITY;NO_INVENTORY
43616,EXACT_IMLS_OUTLET_ZIP,OH0215,011,,EXACT_OUTLET;TIE_FSCSKEY_SEQ,EXACT_OUTLET;NOT_USPS_VALIDITY;NO_INVENTORY
43617,EXACT_IMLS_OUTLET_ZIP,OH0215,022,,EXACT_OUTLET;TIE_FSCSKEY_SEQ,EXACT_OUTLET;NOT_USPS_VALIDITY;NO_INVENTORY
43619,ZCTA_NEAREST_ACTIVE_OUTLET,OH0029,004,2.559,ZCTA_NN;R6371;TIE_FIRST_LEX,ZCTA_NN_HAVERSINE;NOT_ELIGIBILITY;NOT_USPS_VALIDITY;NO_INVENTORY
43620,ZCTA_NEAREST_ACTIVE_OUTLET,OH0215,006,1.513,ZCTA_NN;R6371;TIE_FIRST_LEX,ZCTA_NN_HAVERSINE;NOT_ELIGIBILITY;NOT_USPS_VALIDITY;NO_INVENTORY
43623,EXACT_IMLS_OUTLET_ZIP,OH0215,018,,EXACT_OUTLET;TIE_FSCSKEY_SEQ,EXACT_OUTLET;NOT_USPS_VALIDITY;NO_INVENTORY
43624,EXACT_IMLS_OUTLET_ZIP,OH0215,021,,EXACT_OUTLET;TIE_FSCSKEY_SEQ,EXACT_OUTLET;NOT_USPS_VALIDITY;NO_INVENTORY
43635,OBSERVED_REFERENCE_INDIRECT_ONLY,,,,INDIRECT_IMLS_SC;NO_FABRICATED_NEAREST,INDIRECT_IMLS_SC;NO_FABRICATED_NEAREST;NOT_REJECTED;NOT_USPS_VALIDITY;NO_INVENTORY
43659,OBSERVED_REFERENCE_INDIRECT_ONLY,,,,INDIRECT_IMLS_SC;NO_FABRICATED_NEAREST,INDIRECT_IMLS_SC;NO_FABRICATED_NEAREST;NOT_REJECTED;NOT_USPS_VALIDITY;NO_INVENTORY
43697,OBSERVED_REFERENCE_INDIRECT_ONLY,,,,INDIRECT_IMLS_SC;NO_FABRICATED_NEAREST,INDIRECT_IMLS_SC;NO_FABRICATED_NEAREST;NOT_REJECTED;NOT_USPS_VALIDITY;NO_INVENTORY
43699,OBSERVED_REFERENCE_INDIRECT_ONLY,,,,INDIRECT_IMLS_SC;NO_FABRICATED_NEAREST,INDIRECT_IMLS_SC;NO_FABRICATED_NEAREST;NOT_REJECTED;NOT_USPS_VALIDITY;NO_INVENTORY
43701,EXACT_IMLS_OUTLET_ZIP,OH0250,002,,EXACT_OUTLET;TIE_FSCSKEY_SEQ,EXACT_OUTLET;NOT_USPS_VALIDITY;NO_INVENTORY
43702,OBSERVED_REFERENCE_INDIRECT_ONLY,,,,INDIRECT_IMLS_SC;NO_FABRICATED_NEAREST,INDIRECT_IMLS_SC;NO_FABRICATED_NEAREST;NOT_REJECTED;NOT_USPS_VALIDITY;NO_INVENTORY
43711,ZCTA_NEAREST_ACTIVE_OUTLET,OH0036,002,11.571,ZCTA_NN;R6371;TIE_FIRST_LEX,ZCTA_NN_HAVERSINE;NOT_ELIGIBILITY;NOT_USPS_VALIDITY;NO_INVENTORY
43713,EXACT_IMLS_OUTLET_ZIP,OH0017,002,,EXACT_OUTLET;TIE_FSCSKEY_SEQ,EXACT_OUTLET;NOT_USPS_VALIDITY;NO_INVENTORY
43716,ZCTA_NEAREST_ACTIVE_OUTLET,OH0244,002,11.237,ZCTA_NN;R6371;TIE_FIRST_LEX,ZCTA_NN_HAVERSINE;NOT_ELIGIBILITY;NOT_USPS_VALIDITY;NO_INVENTORY
43717,ZCTA_NEAREST_ACTIVE_OUTLET,OH0036,002,5.514,ZCTA_NN;R6371;TIE_FIRST_LEX,ZCTA_NN_HAVERSINE;NOT_ELIGIBILITY;NOT_USPS_VALIDITY;NO_INVENTORY
43718,ZCTA_NEAREST_ACTIVE_OUTLET,OH0133,003,6.370,ZCTA_NN;R6371;TIE_FIRST_LEX,ZCTA_NN_HAVERSINE;NOT_ELIGIBILITY;NOT_USPS_VALIDITY;NO_INVENTORY
43719,EXACT_IMLS_OUTLET_ZIP,OH0133,003,,EXACT_OUTLET;TIE_FSCSKEY_SEQ,EXACT_OUTLET;NOT_USPS_VALIDITY;NO_INVENTORY
43720,ZCTA_NEAREST_ACTIVE_OUTLET,OH0250,007,8.836,ZCTA_NN;R6371;TIE_FIRST_LEX,ZCTA_NN_HAVERSINE;NOT_ELIGIBILITY;NOT_USPS_VALIDITY;NO_INVENTORY
43721,ZCTA_NEAREST_ACTIVE_OUTLET,OH0158,009,14.649,ZCTA_NN;R6371;TIE_FIRST_LEX,ZCTA_NN_HAVERSINE;NOT_ELIGIBILITY;NOT_USPS_VALIDITY;NO_INVENTORY
43722,ZCTA_NEAREST_ACTIVE_OUTLET,OH0037,003,5.985,ZCTA_NN;R6371;TIE_FIRST_LEX,ZCTA_NN_HAVERSINE;NOT_ELIGIBILITY;NOT_USPS_VALIDITY;NO_INVENTORY
43723,EXACT_IMLS_OUTLET_ZIP,OH0037,003,,EXACT_OUTLET;TIE_FSCSKEY_SEQ,EXACT_OUTLET;NOT_USPS_VALIDITY;NO_INVENTORY
43724,EXACT_IMLS_OUTLET_ZIP,OH0036,002,,EXACT_OUTLET;TIE_FSCSKEY_SEQ,EXACT_OUTLET;NOT_USPS_VALIDITY;NO_INVENTORY
43725,EXACT_IMLS_OUTLET_ZIP,OH0037,002,,EXACT_OUTLET;TIE_FSCSKEY_SEQ,EXACT_OUTLET;NOT_USPS_VALIDITY;NO_INVENTORY
43727,ZCTA_NEAREST_ACTIVE_OUTLET,OH0250,007,9.308,ZCTA_NN;R6371;TIE_FIRST_LEX,ZCTA_NN_HAVERSINE;NOT_ELIGIBILITY;NOT_USPS_VALIDITY;NO_INVENTORY
43728,EXACT_IMLS_OUTLET_ZIP,OH0139,003,,EXACT_OUTLET;TIE_FSCSKEY_SEQ,EXACT_OUTLET;NOT_USPS_VALIDITY;NO_INVENTORY
43730,EXACT_IMLS_OUTLET_ZIP,OH0158,004,,EXACT_OUTLET;TIE_FSCSKEY_SEQ,EXACT_OUTLET;NOT_USPS_VALIDITY;NO_INVENTORY
43731,EXACT_IMLS_OUTLET_ZIP,OH0158,005,,EXACT_OUTLET;TIE_FSCSKEY_SEQ,EXACT_OUTLET;NOT_USPS_VALIDITY;NO_INVENTORY
43732,ZCTA_NEAREST_ACTIVE_OUTLET,OH0036,002,16.027,ZCTA_NN;R6371;TIE_FIRST_LEX,ZCTA_NN_HAVERSINE;NOT_ELIGIBILITY;NOT_USPS_VALIDITY;NO_INVENTORY
43733,ZCTA_NEAREST_ACTIVE_OUTLET,OH0037,003,4.847,ZCTA_NN;R6371;TIE_FIRST_LEX,ZCTA_NN_HAVERSINE;NOT_ELIGIBILITY;NOT_USPS_VALIDITY;NO_INVENTORY
43734,EXACT_IMLS_OUTLET_ZIP,OH0250,007,,EXACT_OUTLET;TIE_FSCSKEY_SEQ,EXACT_OUTLET;NOT_USPS_VALIDITY;NO_INVENTORY
43735,ZCTA_NEAREST_ACTIVE_OUTLET,OH0250,005,6.802,ZCTA_NN;R6371;TIE_FIRST_LEX,ZCTA_NN_HAVERSINE;NOT_ELIGIBILITY;NOT_USPS_VALIDITY;NO_INVENTORY
43736,ZCTA_NEAREST_ACTIVE_OUTLET,OH0017,002,9.481,ZCTA_NN;R6371;TIE_FIRST_LEX,ZCTA_NN_HAVERSINE;NOT_ELIGIBILITY;NOT_USPS_VALIDITY;NO_INVENTORY
43738,ZCTA_NEAREST_ACTIVE_OUTLET,OH0250,005,8.085,ZCTA_NN;R6371;TIE_FIRST_LEX,ZCTA_NN_HAVERSINE;NOT_ELIGIBILITY;NOT_USPS_VALIDITY;NO_INVENTORY
43739,ZCTA_NEAREST_ACTIVE_OUTLET,OH0158,008,10.803,ZCTA_NN;R6371;TIE_FIRST_LEX,ZCTA_NN_HAVERSINE;NOT_ELIGIBILITY;NOT_USPS_VALIDITY;NO_INVENTORY
43740,ZCTA_NEAREST_ACTIVE_OUTLET,OH0250,006,16.901,ZCTA_NN;R6371;TIE_FIRST_LEX,ZCTA_NN_HAVERSINE;NOT_ELIGIBILITY;NOT_USPS_VALIDITY;NO_INVENTORY
43746,ZCTA_NEAREST_ACTIVE_OUTLET,OH0250,006,14.965,ZCTA_NN;R6371;TIE_FIRST_LEX,ZCTA_NN_HAVERSINE;NOT_ELIGIBILITY;NOT_USPS_VALIDITY;NO_INVENTORY
43747,ZCTA_NEAREST_ACTIVE_OUTLET,OH0244,002,11.195,ZCTA_NN;R6371;TIE_FIRST_LEX,ZCTA_NN_HAVERSINE;NOT_ELIGIBILITY;NOT_USPS_VALIDITY;NO_INVENTORY
43748,EXACT_IMLS_OUTLET_ZIP,OH0158,006,,EXACT_OUTLET;TIE_FSCSKEY_SEQ,EXACT_OUTLET;NOT_USPS_VALIDITY;NO_INVENTORY
43749,ZCTA_NEAREST_ACTIVE_OUTLET,OH0164,002,14.026,ZCTA_NN;R6371;TIE_FIRST_LEX,ZCTA_NN_HAVERSINE;NOT_ELIGIBILITY;NOT_USPS_VALIDITY;NO_INVENTORY
43750,ZCTA_NEAREST_ACTIVE_OUTLET,OH0037,003,3.664,ZCTA_NN;R6371;TIE_FIRST_LEX,ZCTA_NN_HAVERSINE;NOT_ELIGIBILITY;NOT_USPS_VALIDITY;NO_INVENTORY
43754,ZCTA_NEAREST_ACTIVE_OUTLET,OH0244,002,11.521,ZCTA_NN;R6371;TIE_FIRST_LEX,ZCTA_NN_HAVERSINE;NOT_ELIGIBILITY;NOT_USPS_VALIDITY;NO_INVENTORY
43755,ZCTA_NEAREST_ACTIVE_OUTLET,OH0037,005,11.899,ZCTA_NN;R6371;TIE_FIRST_LEX,ZCTA_NN_HAVERSINE;NOT_ELIGIBILITY;NOT_USPS_VALIDITY;NO_INVENTORY
43756,EXACT_IMLS_OUTLET_ZIP,OH0139,002,,EXACT_OUTLET;TIE_FSCSKEY_SEQ,EXACT_OUTLET;NOT_USPS_VALIDITY;NO_INVENTORY
43758,ZCTA_NEAREST_ACTIVE_OUTLET,OH0139,004,8.549,ZCTA_NN;R6371;TIE_FIRST_LEX,ZCTA_NN_HAVERSINE;NOT_ELIGIBILITY;NOT_USPS_VALIDITY;NO_INVENTORY
43759,ZCTA_NEAREST_ACTIVE_OUTLET,OH0133,003,5.200,ZCTA_NN;R6371;TIE_FIRST_LEX,ZCTA_NN_HAVERSINE;NOT_ELIGIBILITY;NOT_USPS_VALIDITY;NO_INVENTORY
43760,ZCTA_NEAREST_ACTIVE_OUTLET,OH0158,008,12.887,ZCTA_NN;R6371;TIE_FIRST_LEX,ZCTA_NN_HAVERSINE;NOT_ELIGIBILITY;NOT_USPS_VALIDITY;NO_INVENTORY
43761,ZCTA_NEAREST_ACTIVE_OUTLET,OH0158,003,7.106,ZCTA_NN;R6371;TIE_FIRST_LEX,ZCTA_NN_HAVERSINE;NOT_ELIGIBILITY;NOT_USPS_VALIDITY;NO_INVENTORY
43762,EXACT_IMLS_OUTLET_ZIP,OH0250,004,,EXACT_OUTLET;TIE_FSCSKEY_SEQ,EXACT_OUTLET;NOT_USPS_VALIDITY;NO_INVENTORY
43764,EXACT_IMLS_OUTLET_ZIP,OH0158,003,,EXACT_OUTLET;TIE_FSCSKEY_SEQ,EXACT_OUTLET;NOT_USPS_VALIDITY;NO_INVENTORY
43766,EXACT_IMLS_OUTLET_ZIP,OH0162,002,,EXACT_OUTLET;TIE_FSCSKEY_SEQ,EXACT_OUTLET;NOT_USPS_VALIDITY;NO_INVENTORY
43767,ZCTA_NEAREST_ACTIVE_OUTLET,OH0250,004,6.477,ZCTA_NN;R6371;TIE_FIRST_LEX,ZCTA_NN_HAVERSINE;NOT_ELIGIBILITY;NOT_USPS_VALIDITY;NO_INVENTORY
43768,ZCTA_NEAREST_ACTIVE_OUTLET,OH0037,005,10.482,ZCTA_NN;R6371;TIE_FIRST_LEX,ZCTA_NN_HAVERSINE;NOT_ELIGIBILITY;NOT_USPS_VALIDITY;NO_INVENTORY
43771,ZCTA_NEAREST_ACTIVE_OUTLET,OH0250,007,5.051,ZCTA_NN;R6371;TIE_FIRST_LEX,ZCTA_NN_HAVERSINE;NOT_ELIGIBILITY;NOT_USPS_VALIDITY;NO_INVENTORY
43772,ZCTA_NEAREST_ACTIVE_OUTLET,OH0037,003,9.506,ZCTA_NN;R6371;TIE_FIRST_LEX,ZCTA_NN_HAVERSINE;NOT_ELIGIBILITY;NOT_USPS_VALIDITY;NO_INVENTORY
43773,ZCTA_NEAREST_ACTIVE_OUTLET,OH0017,002,10.636,ZCTA_NN;R6371;TIE_FIRST_LEX,ZCTA_NN_HAVERSINE;NOT_ELIGIBILITY;NOT_USPS_VALIDITY;NO_INVENTORY
43777,EXACT_IMLS_OUTLET_ZIP,OH0250,005,,EXACT_OUTLET;TIE_FSCSKEY_SEQ,EXACT_OUTLET;NOT_USPS_VALIDITY;NO_INVENTORY
43778,ZCTA_NEAREST_ACTIVE_OUTLET,OH0037,003,15.201,ZCTA_NN;R6371;TIE_FIRST_LEX,ZCTA_NN_HAVERSINE;NOT_ELIGIBILITY;NOT_USPS_VALIDITY;NO_INVENTORY
43779,ZCTA_NEAREST_ACTIVE_OUTLET,OH0036,002,11.027,ZCTA_NN;R6371;TIE_FIRST_LEX,ZCTA_NN_HAVERSINE;NOT_ELIGIBILITY;NOT_USPS_VALIDITY;NO_INVENTORY
43780,ZCTA_NEAREST_ACTIVE_OUTLET,OH0037,003,11.132,ZCTA_NN;R6371;TIE_FIRST_LEX,ZCTA_NN_HAVERSINE;NOT_ELIGIBILITY;NOT_USPS_VALIDITY;NO_INVENTORY
43782,ZCTA_NEAREST_ACTIVE_OUTLET,OH0162,002,5.221,ZCTA_NN;R6371;TIE_FIRST_LEX,ZCTA_NN_HAVERSINE;NOT_ELIGIBILITY;NOT_USPS_VALIDITY;NO_INVENTORY
43783,EXACT_IMLS_OUTLET_ZIP,OH0158,008,,EXACT_OUTLET;TIE_FSCSKEY_SEQ,EXACT_OUTLET;NOT_USPS_VALIDITY;NO_INVENTORY
43786,ZCTA_NEAREST_ACTIVE_OUTLET,OH0244,002,15.382,ZCTA_NN;R6371;TIE_FIRST_LEX,ZCTA_NN_HAVERSINE;NOT_ELIGIBILITY;NOT_USPS_VALIDITY;NO_INVENTORY
43787,ZCTA_NEAREST_ACTIVE_OUTLET,OH0139,003,6.778,ZCTA_NN;R6371;TIE_FIRST_LEX,ZCTA_NN_HAVERSINE;NOT_ELIGIBILITY;NOT_USPS_VALIDITY;NO_INVENTORY
43788,ZCTA_NEAREST_ACTIVE_OUTLET,OH0036,002,16.947,ZCTA_NN;R6371;TIE_FIRST_LEX,ZCTA_NN_HAVERSINE;NOT_ELIGIBILITY;NOT_USPS_VALIDITY;NO_INVENTORY
43791,ZCTA_NEAREST_ACTIVE_OUTLET,OH0250,006,5.457,ZCTA_NN;R6371;TIE_FIRST_LEX,ZCTA_NN_HAVERSINE;NOT_ELIGIBILITY;NOT_USPS_VALIDITY;NO_INVENTORY
43793,EXACT_IMLS_OUTLET_ZIP,OH0244,002,,EXACT_OUTLET;TIE_FSCSKEY_SEQ,EXACT_OUTLET;NOT_USPS_VALIDITY;NO_INVENTORY
43802,ZCTA_NEAREST_ACTIVE_OUTLET,OH0250,003,13.889,ZCTA_NN;R6371;TIE_FIRST_LEX,ZCTA_NN_HAVERSINE;NOT_ELIGIBILITY;NOT_USPS_VALIDITY;NO_INVENTORY
43804,ZCTA_NEAREST_ACTIVE_OUTLET,OH0146,007,10.136,ZCTA_NN;R6371;TIE_FIRST_LEX,ZCTA_NN_HAVERSINE;NOT_ELIGIBILITY;NOT_USPS_VALIDITY;NO_INVENTORY
43805,ZCTA_NEAREST_ACTIVE_OUTLET,OH0059,002,16.267,ZCTA_NN;R6371;TIE_FIRST_LEX,ZCTA_NN_HAVERSINE;NOT_ELIGIBILITY;NOT_USPS_VALIDITY;NO_INVENTORY
43811,ZCTA_NEAREST_ACTIVE_OUTLET,OH0250,003,9.795,ZCTA_NN;R6371;TIE_FIRST_LEX,ZCTA_NN_HAVERSINE;NOT_ELIGIBILITY;NOT_USPS_VALIDITY;NO_INVENTORY
43812,EXACT_IMLS_OUTLET_ZIP,OH0059,002,,EXACT_OUTLET;TIE_FSCSKEY_SEQ,EXACT_OUTLET;NOT_USPS_VALIDITY;NO_INVENTORY
43821,EXACT_IMLS_OUTLET_ZIP,OH0250,003,,EXACT_OUTLET;TIE_FSCSKEY_SEQ,EXACT_OUTLET;NOT_USPS_VALIDITY;NO_INVENTORY
43822,ZCTA_NEAREST_ACTIVE_OUTLET,OH0250,003,14.248,ZCTA_NN;R6371;TIE_FIRST_LEX,ZCTA_NN_HAVERSINE;NOT_ELIGIBILITY;NOT_USPS_VALIDITY;NO_INVENTORY
43824,ZCTA_NEAREST_ACTIVE_OUTLET,OH0059,003,10.064,ZCTA_NN;R6371;TIE_FIRST_LEX,ZCTA_NN_HAVERSINE;NOT_ELIGIBILITY;NOT_USPS_VALIDITY;NO_INVENTORY
43830,ZCTA_NEAREST_ACTIVE_OUTLET,OH0250,003,12.568,ZCTA_NN;R6371;TIE_FIRST_LEX,ZCTA_NN_HAVERSINE;NOT_ELIGIBILITY;NOT_USPS_VALIDITY;NO_INVENTORY
43832,EXACT_IMLS_OUTLET_ZIP,OH0164,002,,EXACT_OUTLET;TIE_FSCSKEY_SEQ,EXACT_OUTLET;NOT_USPS_VALIDITY;NO_INVENTORY
43836,ZCTA_NEAREST_ACTIVE_OUTLET,OH0059,003,7.585,ZCTA_NN;R6371;TIE_FIRST_LEX,ZCTA_NN_HAVERSINE;NOT_ELIGIBILITY;NOT_USPS_VALIDITY;NO_INVENTORY
43837,ZCTA_NEAREST_ACTIVE_OUTLET,OH0093,002,7.665,ZCTA_NN;R6371;TIE_FIRST_LEX,ZCTA_NN_HAVERSINE;NOT_ELIGIBILITY;NOT_USPS_VALIDITY;NO_INVENTORY
43840,ZCTA_NEAREST_ACTIVE_OUTLET,OH0161,005,11.457,ZCTA_NN;R6371;TIE_FIRST_LEX,ZCTA_NN_HAVERSINE;NOT_ELIGIBILITY;NOT_USPS_VALIDITY;NO_INVENTORY
43842,ZCTA_NEAREST_ACTIVE_OUTLET,OH0250,003,1.846,ZCTA_NN;R6371;TIE_FIRST_LEX,ZCTA_NN_HAVERSINE;NOT_ELIGIBILITY;NOT_USPS_VALIDITY;NO_INVENTORY
43843,ZCTA_NEAREST_ACTIVE_OUTLET,OH0153,003,12.991,ZCTA_NN;R6371;TIE_FIRST_LEX,ZCTA_NN_HAVERSINE;NOT_ELIGIBILITY;NOT_USPS_VALIDITY;NO_INVENTORY
43844,ZCTA_NEAREST_ACTIVE_OUTLET,OH0059,002,17.549,ZCTA_NN;R6371;TIE_FIRST_LEX,ZCTA_NN_HAVERSINE;NOT_ELIGIBILITY;NOT_USPS_VALIDITY;NO_INVENTORY
43845,EXACT_IMLS_OUTLET_ZIP,OH0059,003,,EXACT_OUTLET;TIE_FSCSKEY_SEQ,EXACT_OUTLET;NOT_USPS_VALIDITY;NO_INVENTORY
43901,EXACT_IMLS_OUTLET_ZIP,OH0208,003,,EXACT_OUTLET;TIE_FSCSKEY_SEQ,EXACT_OUTLET;NOT_USPS_VALIDITY;NO_INVENTORY
43902,ZCTA_NEAREST_ACTIVE_OUTLET,OH0133,007,12.761,ZCTA_NN;R6371;TIE_FIRST_LEX,ZCTA_NN_HAVERSINE;NOT_ELIGIBILITY;NOT_USPS_VALIDITY;NO_INVENTORY
43903,ZCTA_NEAREST_ACTIVE_OUTLET,OH0035,004,12.623,ZCTA_NN;R6371;TIE_FIRST_LEX,ZCTA_NN_HAVERSINE;NOT_ELIGIBILITY;NOT_USPS_VALIDITY;NO_INVENTORY
43905,ZCTA_NEAREST_ACTIVE_OUTLET,OH0205,002,6.880,ZCTA_NN;R6371;TIE_FIRST_LEX,ZCTA_NN_HAVERSINE;NOT_ELIGIBILITY;NOT_USPS_VALIDITY;NO_INVENTORY
43906,EXACT_IMLS_OUTLET_ZIP,OH0019,002,,EXACT_OUTLET;TIE_FSCSKEY_SEQ,EXACT_OUTLET;NOT_USPS_VALIDITY;NO_INVENTORY
43907,EXACT_IMLS_OUTLET_ZIP,OH0035,002,,EXACT_OUTLET;TIE_FSCSKEY_SEQ,EXACT_OUTLET;NOT_USPS_VALIDITY;NO_INVENTORY
43908,ZCTA_NEAREST_ACTIVE_OUTLET,OH0042,002,19.268,ZCTA_NN;R6371;TIE_FIRST_LEX,ZCTA_NN_HAVERSINE;NOT_ELIGIBILITY;NOT_USPS_VALIDITY;NO_INVENTORY
43909,ZCTA_NEAREST_ACTIVE_OUTLET,OH0133,004,5.432,ZCTA_NN;R6371;TIE_FIRST_LEX,ZCTA_NN_HAVERSINE;NOT_ELIGIBILITY;NOT_USPS_VALIDITY;NO_INVENTORY
43910,ZCTA_NEAREST_ACTIVE_OUTLET,OH0208,007,12.991,ZCTA_NN;R6371;TIE_FIRST_LEX,ZCTA_NN_HAVERSINE;NOT_ELIGIBILITY;NOT_USPS_VALIDITY;NO_INVENTORY
43912,EXACT_IMLS_OUTLET_ZIP,OH0133,004,,EXACT_OUTLET;TIE_FSCSKEY_SEQ,EXACT_OUTLET;NOT_USPS_VALIDITY;NO_INVENTORY
43913,EXACT_IMLS_OUTLET_ZIP,OH0208,004,,EXACT_OUTLET;TIE_FSCSKEY_SEQ,EXACT_OUTLET;NOT_USPS_VALIDITY;NO_INVENTORY
43914,ZCTA_NEAREST_ACTIVE_OUTLET,OH0244,002,13.429,ZCTA_NN;R6371;TIE_FIRST_LEX,ZCTA_NN_HAVERSINE;NOT_ELIGIBILITY;NOT_USPS_VALIDITY;NO_INVENTORY
43915,ZCTA_NEAREST_ACTIVE_OUTLET,WV0063,002,13.067,ZCTA_NN;R6371;TIE_FIRST_LEX,ZCTA_NN_HAVERSINE;NOT_ELIGIBILITY;NOT_USPS_VALIDITY;NO_INVENTORY
43916,OBSERVED_REFERENCE_INDIRECT_ONLY,,,,INDIRECT_IMLS_SC;NO_FABRICATED_NEAREST,INDIRECT_IMLS_SC;NO_FABRICATED_NEAREST;NOT_REJECTED;NOT_USPS_VALIDITY;NO_INVENTORY
43917,EXACT_IMLS_OUTLET_ZIP,OH0208,005,,EXACT_OUTLET;TIE_FSCSKEY_SEQ,EXACT_OUTLET;NOT_USPS_VALIDITY;NO_INVENTORY
43920,EXACT_IMLS_OUTLET_ZIP,OH0073,002,,EXACT_OUTLET;TIE_FSCSKEY_SEQ,EXACT_OUTLET;NOT_USPS_VALIDITY;NO_INVENTORY
43925,ZCTA_NEAREST_ACTIVE_OUTLET,OH0208,007,18.132,ZCTA_NN;R6371;TIE_FIRST_LEX,ZCTA_NN_HAVERSINE;NOT_ELIGIBILITY;NOT_USPS_VALIDITY;NO_INVENTORY
43926,ZCTA_NEAREST_ACTIVE_OUTLET,WV0069,002,1.780,ZCTA_NN;R6371;TIE_FIRST_LEX,ZCTA_NN_HAVERSINE;NOT_ELIGIBILITY;NOT_USPS_VALIDITY;NO_INVENTORY
43927,OBSERVED_REFERENCE_INDIRECT_ONLY,,,,INDIRECT_IMLS_SC;NO_FABRICATED_NEAREST,INDIRECT_IMLS_SC;NO_FABRICATED_NEAREST;NOT_REJECTED;NOT_USPS_VALIDITY;NO_INVENTORY
43928,ZCTA_NEAREST_ACTIVE_OUTLET,OH0205,002,7.638,ZCTA_NN;R6371;TIE_FIRST_LEX,ZCTA_NN_HAVERSINE;NOT_ELIGIBILITY;NOT_USPS_VALIDITY;NO_INVENTORY
43930,ZCTA_NEAREST_ACTIVE_OUTLET,OH0234,002,10.811,ZCTA_NN;R6371;TIE_FIRST_LEX,ZCTA_NN_HAVERSINE;NOT_ELIGIBILITY;NOT_USPS_VALIDITY;NO_INVENTORY
43931,ZCTA_NEAREST_ACTIVE_OUTLET,WV0063,002,3.714,ZCTA_NN;R6371;TIE_FIRST_LEX,ZCTA_NN_HAVERSINE;NOT_ELIGIBILITY;NOT_USPS_VALIDITY;NO_INVENTORY
43932,ZCTA_NEAREST_ACTIVE_OUTLET,OH0234,002,11.878,ZCTA_NN;R6371;TIE_FIRST_LEX,ZCTA_NN_HAVERSINE;NOT_ELIGIBILITY;NOT_USPS_VALIDITY;NO_INVENTORY
43933,ZCTA_NEAREST_ACTIVE_OUTLET,OH0133,007,11.055,ZCTA_NN;R6371;TIE_FIRST_LEX,ZCTA_NN_HAVERSINE;NOT_ELIGIBILITY;NOT_USPS_VALIDITY;NO_INVENTORY
43934,ZCTA_NEAREST_ACTIVE_OUTLET,OH0133,004,3.642,ZCTA_NN;R6371;TIE_FIRST_LEX,ZCTA_NN_HAVERSINE;NOT_ELIGIBILITY;NOT_USPS_VALIDITY;NO_INVENTORY
43935,EXACT_IMLS_OUTLET_ZIP,OH0133,002,,EXACT_OUTLET;TIE_FSCSKEY_SEQ,EXACT_OUTLET;NOT_USPS_VALIDITY;NO_INVENTORY
43938,ZCTA_NEAREST_ACTIVE_OUTLET,OH0208,004,5.576,ZCTA_NN;R6371;TIE_FIRST_LEX,ZCTA_NN_HAVERSINE;NOT_ELIGIBILITY;NOT_USPS_VALIDITY;NO_INVENTORY
43939,ZCTA_NEAREST_ACTIVE_OUTLET,OH0208,005,4.512,ZCTA_NN;R6371;TIE_FIRST_LEX,ZCTA_NN_HAVERSINE;NOT_ELIGIBILITY;NOT_USPS_VALIDITY;NO_INVENTORY
43940,ZCTA_NEAREST_ACTIVE_OUTLET,OH0019,002,7.276,ZCTA_NN;R6371;TIE_FIRST_LEX,ZCTA_NN_HAVERSINE;NOT_ELIGIBILITY;NOT_USPS_VALIDITY;NO_INVENTORY
43942,EXACT_IMLS_OUTLET_ZIP,OH0133,007,,EXACT_OUTLET;TIE_FSCSKEY_SEQ,EXACT_OUTLET;NOT_USPS_VALIDITY;NO_INVENTORY
43943,ZCTA_NEAREST_ACTIVE_OUTLET,OH0208,005,3.414,ZCTA_NN;R6371;TIE_FIRST_LEX,ZCTA_NN_HAVERSINE;NOT_ELIGIBILITY;NOT_USPS_VALIDITY;NO_INVENTORY
43944,ZCTA_NEAREST_ACTIVE_OUTLET,OH0208,007,11.146,ZCTA_NN;R6371;TIE_FIRST_LEX,ZCTA_NN_HAVERSINE;NOT_ELIGIBILITY;NOT_USPS_VALIDITY;NO_INVENTORY
43945,ZCTA_NEAREST_ACTIVE_OUTLET,OH0122,002,17.184,ZCTA_NN;R6371;TIE_FIRST_LEX,ZCTA_NN_HAVERSINE;NOT_ELIGIBILITY;NOT_USPS_VALIDITY;NO_INVENTORY
43946,ZCTA_NEAREST_ACTIVE_OUTLET,WV0064,002,6.040,ZCTA_NN;R6371;TIE_FIRST_LEX,ZCTA_NN_HAVERSINE;NOT_ELIGIBILITY;NOT_USPS_VALIDITY;NO_INVENTORY
43947,EXACT_IMLS_OUTLET_ZIP,OH0133,008,,EXACT_OUTLET;TIE_FSCSKEY_SEQ,EXACT_OUTLET;NOT_USPS_VALIDITY;NO_INVENTORY
43948,ZCTA_NEAREST_ACTIVE_OUTLET,OH0208,005,7.496,ZCTA_NN;R6371;TIE_FIRST_LEX,ZCTA_NN_HAVERSINE;NOT_ELIGIBILITY;NOT_USPS_VALIDITY;NO_INVENTORY
43950,EXACT_IMLS_OUTLET_ZIP,OH0205,002,,EXACT_OUTLET;TIE_FSCSKEY_SEQ,EXACT_OUTLET;NOT_USPS_VALIDITY;NO_INVENTORY
43951,ZCTA_NEAREST_ACTIVE_OUTLET,OH0133,005,5.992,ZCTA_NN;R6371;TIE_FIRST_LEX,ZCTA_NN_HAVERSINE;NOT_ELIGIBILITY;NOT_USPS_VALIDITY;NO_INVENTORY
43952,EXACT_IMLS_OUTLET_ZIP,OH0208,002,,EXACT_OUTLET;TIE_FSCSKEY_SEQ,EXACT_OUTLET;NOT_USPS_VALIDITY;NO_INVENTORY
43953,ZCTA_NEAREST_ACTIVE_OUTLET,OH0208,007,3.151,ZCTA_NN;R6371;TIE_FIRST_LEX,ZCTA_NN_HAVERSINE;NOT_ELIGIBILITY;NOT_USPS_VALIDITY;NO_INVENTORY
43961,ZCTA_NEAREST_ACTIVE_OUTLET,WV0069,002,3.490,ZCTA_NN;R6371;TIE_FIRST_LEX,ZCTA_NN_HAVERSINE;NOT_ELIGIBILITY;NOT_USPS_VALIDITY;NO_INVENTORY
43962,ZCTA_NEAREST_ACTIVE_OUTLET,OH0122,002,15.244,ZCTA_NN;R6371;TIE_FIRST_LEX,ZCTA_NN_HAVERSINE;NOT_ELIGIBILITY;NOT_USPS_VALIDITY;NO_INVENTORY
43963,EXACT_IMLS_OUTLET_ZIP,OH0208,008,,EXACT_OUTLET;TIE_FSCSKEY_SEQ,EXACT_OUTLET;NOT_USPS_VALIDITY;NO_INVENTORY
43964,EXACT_IMLS_OUTLET_ZIP,OH0208,009,,EXACT_OUTLET;TIE_FSCSKEY_SEQ,EXACT_OUTLET;NOT_USPS_VALIDITY;NO_INVENTORY
43967,ZCTA_NEAREST_ACTIVE_OUTLET,OH0205,002,7.489,ZCTA_NN;R6371;TIE_FIRST_LEX,ZCTA_NN_HAVERSINE;NOT_ELIGIBILITY;NOT_USPS_VALIDITY;NO_INVENTORY
43968,EXACT_IMLS_OUTLET_ZIP,OH0234,002,,EXACT_OUTLET;TIE_FSCSKEY_SEQ,EXACT_OUTLET;NOT_USPS_VALIDITY;NO_INVENTORY
43971,ZCTA_NEAREST_ACTIVE_OUTLET,OH0208,008,2.826,ZCTA_NN;R6371;TIE_FIRST_LEX,ZCTA_NN_HAVERSINE;NOT_ELIGIBILITY;NOT_USPS_VALIDITY;NO_INVENTORY
43972,ZCTA_NEAREST_ACTIVE_OUTLET,OH0205,002,6.624,ZCTA_NN;R6371;TIE_FIRST_LEX,ZCTA_NN_HAVERSINE;NOT_ELIGIBILITY;NOT_USPS_VALIDITY;NO_INVENTORY
43973,EXACT_IMLS_OUTLET_ZIP,OH0035,003,,EXACT_OUTLET;TIE_FSCSKEY_SEQ,EXACT_OUTLET;NOT_USPS_VALIDITY;NO_INVENTORY
43974,ZCTA_NEAREST_ACTIVE_OUTLET,OH0208,003,3.938,ZCTA_NN;R6371;TIE_FIRST_LEX,ZCTA_NN_HAVERSINE;NOT_ELIGIBILITY;NOT_USPS_VALIDITY;NO_INVENTORY
43976,ZCTA_NEAREST_ACTIVE_OUTLET,OH0035,002,14.100,ZCTA_NN;R6371;TIE_FIRST_LEX,ZCTA_NN_HAVERSINE;NOT_ELIGIBILITY;NOT_USPS_VALIDITY;NO_INVENTORY
43977,EXACT_IMLS_OUTLET_ZIP,OH0133,005,,EXACT_OUTLET;TIE_FSCSKEY_SEQ,EXACT_OUTLET;NOT_USPS_VALIDITY;NO_INVENTORY
43981,ZCTA_NEAREST_ACTIVE_OUTLET,OH0133,005,7.136,ZCTA_NN;R6371;TIE_FIRST_LEX,ZCTA_NN_HAVERSINE;NOT_ELIGIBILITY;NOT_USPS_VALIDITY;NO_INVENTORY
43983,ZCTA_NEAREST_ACTIVE_OUTLET,OH0035,003,9.968,ZCTA_NN;R6371;TIE_FIRST_LEX,ZCTA_NN_HAVERSINE;NOT_ELIGIBILITY;NOT_USPS_VALIDITY;NO_INVENTORY
43985,ZCTA_NEAREST_ACTIVE_OUTLET,OH0133,005,5.854,ZCTA_NN;R6371;TIE_FIRST_LEX,ZCTA_NN_HAVERSINE;NOT_ELIGIBILITY;NOT_USPS_VALIDITY;NO_INVENTORY
43986,ZCTA_NEAREST_ACTIVE_OUTLET,OH0035,004,8.429,ZCTA_NN;R6371;TIE_FIRST_LEX,ZCTA_NN_HAVERSINE;NOT_ELIGIBILITY;NOT_USPS_VALIDITY;NO_INVENTORY
43988,EXACT_IMLS_OUTLET_ZIP,OH0035,004,,EXACT_OUTLET;TIE_FSCSKEY_SEQ,EXACT_OUTLET;NOT_USPS_VALIDITY;NO_INVENTORY
44001,EXACT_IMLS_OUTLET_ZIP,OH0006,002,,EXACT_OUTLET;TIE_FSCSKEY_SEQ,EXACT_OUTLET;NOT_USPS_VALIDITY;NO_INVENTORY
44003,EXACT_IMLS_OUTLET_ZIP,OH0007,002,,EXACT_OUTLET;TIE_FSCSKEY_SEQ,EXACT_OUTLET;NOT_USPS_VALIDITY;NO_INVENTORY
44004,EXACT_IMLS_OUTLET_ZIP,OH0012,002,,EXACT_OUTLET;TIE_FSCSKEY_SEQ,EXACT_OUTLET;NOT_USPS_VALIDITY;NO_INVENTORY
44005,OBSERVED_REFERENCE_INDIRECT_ONLY,,,,INDIRECT_IMLS_SC;NO_FABRICATED_NEAREST,INDIRECT_IMLS_SC;NO_FABRICATED_NEAREST;NOT_REJECTED;NOT_USPS_VALIDITY;NO_INVENTORY
44010,ZCTA_NEAREST_ACTIVE_OUTLET,OH0109,002,7.345,ZCTA_NN;R6371;TIE_FIRST_LEX,ZCTA_NN_HAVERSINE;NOT_ELIGIBILITY;NOT_USPS_VALIDITY;NO_INVENTORY
44011,EXACT_IMLS_OUTLET_ZIP,OH0125,003,,EXACT_OUTLET;TIE_FSCSKEY_SEQ,EXACT_OUTLET;NOT_USPS_VALIDITY;NO_INVENTORY
44012,EXACT_IMLS_OUTLET_ZIP,OH0015,002,,EXACT_OUTLET;TIE_FSCSKEY_SEQ,EXACT_OUTLET;NOT_USPS_VALIDITY;NO_INVENTORY
44017,EXACT_IMLS_OUTLET_ZIP,OH0052,006,,EXACT_OUTLET;TIE_FSCSKEY_SEQ,EXACT_OUTLET;NOT_USPS_VALIDITY;NO_INVENTORY
44021,EXACT_IMLS_OUTLET_ZIP,OH0034,002,,EXACT_OUTLET;TIE_FSCSKEY_SEQ,EXACT_OUTLET;NOT_USPS_VALIDITY;NO_INVENTORY
44022,EXACT_IMLS_OUTLET_ZIP,OH0052,010,,EXACT_OUTLET;TIE_FSCSKEY_SEQ,EXACT_OUTLET;NOT_USPS_VALIDITY;NO_INVENTORY
44023,EXACT_IMLS_OUTLET_ZIP,OH0046,004,,EXACT_OUTLET;TIE_FSCSKEY_SEQ,EXACT_OUTLET;NOT_USPS_VALIDITY;NO_INVENTORY
44024,EXACT_IMLS_OUTLET_ZIP,OH0046,003,,EXACT_OUTLET;TIE_FSCSKEY_SEQ,EXACT_OUTLET;NOT_USPS_VALIDITY;NO_INVENTORY
44026,EXACT_IMLS_OUTLET_ZIP,OH0046,005,,EXACT_OUTLET;TIE_FSCSKEY_SEQ,EXACT_OUTLET;NOT_USPS_VALIDITY;NO_INVENTORY
44028,ZCTA_NEAREST_ACTIVE_OUTLET,OH0125,004,1.817,ZCTA_NN;R6371;TIE_FIRST_LEX,ZCTA_NN_HAVERSINE;NOT_ELIGIBILITY;NOT_USPS_VALIDITY;NO_INVENTORY
44030,EXACT_IMLS_OUTLET_ZIP,OH0058,002,,EXACT_OUTLET;TIE_FSCSKEY_SEQ,EXACT_OUTLET;NOT_USPS_VALIDITY;NO_INVENTORY
44032,ZCTA_NEAREST_ACTIVE_OUTLET,OH0007,002,10.583,ZCTA_NN;R6371;TIE_FIRST_LEX,ZCTA_NN_HAVERSINE;NOT_ELIGIBILITY;NOT_USPS_VALIDITY;NO_INVENTORY
44033,OBSERVED_REFERENCE_INDIRECT_ONLY,,,,INDIRECT_IMLS_SC;NO_FABRICATED_NEAREST,INDIRECT_IMLS_SC;NO_FABRICATED_NEAREST;NOT_REJECTED;NOT_USPS_VALIDITY;NO_INVENTORY
44035,EXACT_IMLS_OUTLET_ZIP,OH0077,002,,EXACT_OUTLET;TIE_FSCSKEY_SEQ,EXACT_OUTLET;NOT_USPS_VALIDITY;NO_INVENTORY
44036,OBSERVED_REFERENCE_INDIRECT_ONLY,,,,INDIRECT_IMLS_SC;NO_FABRICATED_NEAREST,INDIRECT_IMLS_SC;NO_FABRICATED_NEAREST;NOT_REJECTED;NOT_USPS_VALIDITY;NO_INVENTORY
44039,EXACT_IMLS_OUTLET_ZIP,OH0125,006,,EXACT_OUTLET;TIE_FSCSKEY_SEQ,EXACT_OUTLET;NOT_USPS_VALIDITY;NO_INVENTORY
44040,EXACT_IMLS_OUTLET_ZIP,OH0052,013,,EXACT_OUTLET;TIE_FSCSKEY_SEQ,EXACT_OUTLET;NOT_USPS_VALIDITY;NO_INVENTORY
44041,EXACT_IMLS_OUTLET_ZIP,OH0012,003,,EXACT_OUTLET;TIE_FSCSKEY_SEQ,EXACT_OUTLET;NOT_USPS_VALIDITY;NO_INVENTORY
44044,EXACT_IMLS_OUTLET_ZIP,OH0094,002,,EXACT_OUTLET;TIE_FSCSKEY_SEQ,EXACT_OUTLET;NOT_USPS_VALIDITY;NO_INVENTORY
44045,ZCTA_NEAREST_ACTIVE_OUTLET,OH0079,002,1.669,ZCTA_NN;R6371;TIE_FIRST_LEX,ZCTA_NN_HAVERSINE;NOT_ELIGIBILITY;NOT_USPS_VALIDITY;NO_INVENTORY
44046,ZCTA_NEAREST_ACTIVE_OUTLET,OH0046,006,9.096,ZCTA_NN;R6371;TIE_FIRST_LEX,ZCTA_NN_HAVERSINE;NOT_ELIGIBILITY;NOT_USPS_VALIDITY;NO_INVENTORY
44047,EXACT_IMLS_OUTLET_ZIP,OH0109,002,,EXACT_OUTLET;TIE_FSCSKEY_SEQ,EXACT_OUTLET;NOT_USPS_VALIDITY;NO_INVENTORY
44048,EXACT_IMLS_OUTLET_ZIP,OH0112,002,,EXACT_OUTLET;TIE_FSCSKEY_SEQ,EXACT_OUTLET;NOT_USPS_VALIDITY;NO_INVENTORY
44049,ZCTA_NEAREST_ACTIVE_OUTLET,OH0173,002,7.835,ZCTA_NN;R6371;TIE_FIRST_LEX,ZCTA_NN_HAVERSINE;NOT_ELIGIBILITY;NOT_USPS_VALIDITY;NO_INVENTORY
44050,EXACT_IMLS_OUTLET_ZIP,OH0077,005,,EXACT_OUTLET;TIE_FSCSKEY_SEQ,EXACT_OUTLET;NOT_USPS_VALIDITY;NO_INVENTORY
44052,EXACT_IMLS_OUTLET_ZIP,OH0125,002,,EXACT_OUTLET;TIE_FSCSKEY_SEQ,EXACT_OUTLET;NOT_USPS_VALIDITY;NO_INVENTORY
44053,ZCTA_NEAREST_ACTIVE_OUTLET,OH0006,002,3.583,ZCTA_NN;R6371;TIE_FIRST_LEX,ZCTA_NN_HAVERSINE;NOT_ELIGIBILITY;NOT_USPS_VALIDITY;NO_INVENTORY
44054,EXACT_IMLS_OUTLET_ZIP,OH0125,005,,EXACT_OUTLET;TIE_FSCSKEY_SEQ,EXACT_OUTLET;NOT_USPS_VALIDITY;NO_INVENTORY
44055,EXACT_IMLS_OUTLET_ZIP,OH0125,007,,EXACT_OUTLET;TIE_FSCSKEY_SEQ,EXACT_OUTLET;NOT_USPS_VALIDITY;NO_INVENTORY
44056,ZCTA_NEAREST_ACTIVE_OUTLET,OH0002,015,3.137,ZCTA_NN;R6371;TIE_FIRST_LEX,ZCTA_NN_HAVERSINE;NOT_ELIGIBILITY;NOT_USPS_VALIDITY;NO_INVENTORY
44057,EXACT_IMLS_OUTLET_ZIP,OH0128,002,,EXACT_OUTLET;TIE_FSCSKEY_SEQ,EXACT_OUTLET;NOT_USPS_VALIDITY;NO_INVENTORY
44060,EXACT_IMLS_OUTLET_ZIP,OH0142,002,,EXACT_OUTLET;TIE_FSCSKEY_SEQ,EXACT_OUTLET;NOT_USPS_VALIDITY;NO_INVENTORY
44061,OBSERVED_REFERENCE_INDIRECT_ONLY,,,,INDIRECT_IMLS_SC;NO_FABRICATED_NEAREST,INDIRECT_IMLS_SC;NO_FABRICATED_NEAREST;NOT_REJECTED;NOT_USPS_VALIDITY;NO_INVENTORY
44062,EXACT_IMLS_OUTLET_ZIP,OH0046,006,,EXACT_OUTLET;TIE_FSCSKEY_SEQ,EXACT_OUTLET;NOT_USPS_VALIDITY;NO_INVENTORY
44064,ZCTA_NEAREST_ACTIVE_OUTLET,OH0046,007,10.601,ZCTA_NN;R6371;TIE_FIRST_LEX,ZCTA_NN_HAVERSINE;NOT_ELIGIBILITY;NOT_USPS_VALIDITY;NO_INVENTORY
44065,ZCTA_NEAREST_ACTIVE_OUTLET,OH0046,011,7.146,ZCTA_NN;R6371;TIE_FIRST_LEX,ZCTA_NN_HAVERSINE;NOT_ELIGIBILITY;NOT_USPS_VALIDITY;NO_INVENTORY
44067,EXACT_IMLS_OUTLET_ZIP,OH0002,015,,EXACT_OUTLET;TIE_FSCSKEY_SEQ,EXACT_OUTLET;NOT_USPS_VALIDITY;NO_INVENTORY
44068,ZCTA_NEAREST_ACTIVE_OUTLET,OH0112,002,1.763,ZCTA_NN;R6371;TIE_FIRST_LEX,ZCTA_NN_HAVERSINE;NOT_ELIGIBILITY;NOT_USPS_VALIDITY;NO_INVENTORY
44070,EXACT_IMLS_OUTLET_ZIP,OH0052,018,,EXACT_OUTLET;TIE_FSCSKEY_SEQ,EXACT_OUTLET;NOT_USPS_VALIDITY;NO_INVENTORY
44072,ZCTA_NEAREST_ACTIVE_OUTLET,OH0046,005,3.598,ZCTA_NN;R6371;TIE_FIRST_LEX,ZCTA_NN_HAVERSINE;NOT_ELIGIBILITY;NOT_USPS_VALIDITY;NO_INVENTORY
44074,EXACT_IMLS_OUTLET_ZIP,OH0173,002,,EXACT_OUTLET;TIE_FSCSKEY_SEQ,EXACT_OUTLET;NOT_USPS_VALIDITY;NO_INVENTORY
44076,EXACT_IMLS_OUTLET_ZIP,OH0175,002,,EXACT_OUTLET;TIE_FSCSKEY_SEQ,EXACT_OUTLET;NOT_USPS_VALIDITY;NO_INVENTORY
44077,EXACT_IMLS_OUTLET_ZIP,OH0079,002,,EXACT_OUTLET;TIE_FSCSKEY_SEQ,EXACT_OUTLET;NOT_USPS_VALIDITY;NO_INVENTORY
44080,ZCTA_NEAREST_ACTIVE_OUTLET,OH0046,006,10.258,ZCTA_NN;R6371;TIE_FIRST_LEX,ZCTA_NN_HAVERSINE;NOT_ELIGIBILITY;NOT_USPS_VALIDITY;NO_INVENTORY
44081,EXACT_IMLS_OUTLET_ZIP,OH0182,002,,EXACT_OUTLET;TIE_FSCSKEY_SEQ,EXACT_OUTLET;NOT_USPS_VALIDITY;NO_INVENTORY
44082,ZCTA_NEAREST_ACTIVE_OUTLET,PA0071,002,16.570,ZCTA_NN;R6371;TIE_FIRST_LEX,ZCTA_NN_HAVERSINE;NOT_ELIGIBILITY;NOT_USPS_VALIDITY;NO_INVENTORY
44084,EXACT_IMLS_OUTLET_ZIP,OH0193,002,,EXACT_OUTLET;TIE_FSCSKEY_SEQ,EXACT_OUTLET;NOT_USPS_VALIDITY;NO_INVENTORY
44085,ZCTA_NEAREST_ACTIVE_OUTLET,OH0193,002,6.692,ZCTA_NN;R6371;TIE_FIRST_LEX,ZCTA_NN_HAVERSINE;NOT_ELIGIBILITY;NOT_USPS_VALIDITY;NO_INVENTORY
44086,EXACT_IMLS_OUTLET_ZIP,OH0046,007,,EXACT_OUTLET;TIE_FSCSKEY_SEQ,EXACT_OUTLET;NOT_USPS_VALIDITY;NO_INVENTORY
44087,EXACT_IMLS_OUTLET_ZIP,OH0217,002,,EXACT_OUTLET;TIE_FSCSKEY_SEQ,EXACT_OUTLET;NOT_USPS_VALIDITY;NO_INVENTORY
44089,EXACT_IMLS_OUTLET_ZIP,OH0222,002,,EXACT_OUTLET;TIE_FSCSKEY_SEQ,EXACT_OUTLET;NOT_USPS_VALIDITY;NO_INVENTORY
44090,EXACT_IMLS_OUTLET_ZIP,OH0232,002,,EXACT_OUTLET;TIE_FSCSKEY_SEQ,EXACT_OUTLET;NOT_USPS_VALIDITY;NO_INVENTORY
44092,EXACT_IMLS_OUTLET_ZIP,OH0240,002,,EXACT_OUTLET;TIE_FSCSKEY_SEQ,EXACT_OUTLET;NOT_USPS_VALIDITY;NO_INVENTORY
44093,ZCTA_NEAREST_ACTIVE_OUTLET,OH0007,002,8.618,ZCTA_NN;R6371;TIE_FIRST_LEX,ZCTA_NN_HAVERSINE;NOT_ELIGIBILITY;NOT_USPS_VALIDITY;NO_INVENTORY
44094,EXACT_IMLS_OUTLET_ZIP,OH0114,002,,EXACT_OUTLET;TIE_FSCSKEY_SEQ,EXACT_OUTLET;NOT_USPS_VALIDITY;NO_INVENTORY
44095,EXACT_IMLS_OUTLET_ZIP,OH0242,004,,EXACT_OUTLET;TIE_FSCSKEY_SEQ,EXACT_OUTLET;NOT_USPS_VALIDITY;NO_INVENTORY
44096,OBSERVED_REFERENCE_INDIRECT_ONLY,,,,INDIRECT_IMLS_SC;NO_FABRICATED_NEAREST,INDIRECT_IMLS_SC;NO_FABRICATED_NEAREST;NOT_REJECTED;NOT_USPS_VALIDITY;NO_INVENTORY
44099,ZCTA_NEAREST_ACTIVE_OUTLET,OH0175,002,9.855,ZCTA_NN;R6371;TIE_FIRST_LEX,ZCTA_NN_HAVERSINE;NOT_ELIGIBILITY;NOT_USPS_VALIDITY;NO_INVENTORY
44101,ZCTA_NEAREST_ACTIVE_OUTLET,OH0051,026,0.965,ZCTA_NN;R6371;TIE_FIRST_LEX,ZCTA_NN_HAVERSINE;NOT_ELIGIBILITY;NOT_USPS_VALIDITY;NO_INVENTORY
44102,EXACT_IMLS_OUTLET_ZIP,OH0051,017,,EXACT_OUTLET;TIE_FSCSKEY_SEQ,EXACT_OUTLET;NOT_USPS_VALIDITY;NO_INVENTORY
44103,EXACT_IMLS_OUTLET_ZIP,OH0051,003,,EXACT_OUTLET;TIE_FSCSKEY_SEQ,EXACT_OUTLET;NOT_USPS_VALIDITY;NO_INVENTORY
44104,EXACT_IMLS_OUTLET_ZIP,OH0051,012,,EXACT_OUTLET;TIE_FSCSKEY_SEQ,EXACT_OUTLET;NOT_USPS_VALIDITY;NO_INVENTORY
44105,EXACT_IMLS_OUTLET_ZIP,OH0051,010,,EXACT_OUTLET;TIE_FSCSKEY_SEQ,EXACT_OUTLET;NOT_USPS_VALIDITY;NO_INVENTORY
44106,EXACT_IMLS_OUTLET_ZIP,OH0051,018,,EXACT_OUTLET;TIE_FSCSKEY_SEQ,EXACT_OUTLET;NOT_USPS_VALIDITY;NO_INVENTORY
44107,EXACT_IMLS_OUTLET_ZIP,OH0115,002,,EXACT_OUTLET;TIE_FSCSKEY_SEQ,EXACT_OUTLET;NOT_USPS_VALIDITY;NO_INVENTORY
44108,EXACT_IMLS_OUTLET_ZIP,OH0051,013,,EXACT_OUTLET;TIE_FSCSKEY_SEQ,EXACT_OUTLET;NOT_USPS_VALIDITY;NO_INVENTORY
44109,EXACT_IMLS_OUTLET_ZIP,OH0051,005,,EXACT_OUTLET;TIE_FSCSKEY_SEQ,EXACT_OUTLET;NOT_USPS_VALIDITY;NO_INVENTORY
44110,EXACT_IMLS_OUTLET_ZIP,OH0051,007,,EXACT_OUTLET;TIE_FSCSKEY_SEQ,EXACT_OUTLET;NOT_USPS_VALIDITY;NO_INVENTORY
44111,EXACT_IMLS_OUTLET_ZIP,OH0051,009,,EXACT_OUTLET;TIE_FSCSKEY_SEQ,EXACT_OUTLET;NOT_USPS_VALIDITY;NO_INVENTORY
44112,EXACT_IMLS_OUTLET_ZIP,OH0072,002,,EXACT_OUTLET;TIE_FSCSKEY_SEQ,EXACT_OUTLET;NOT_USPS_VALIDITY;NO_INVENTORY
44113,EXACT_IMLS_OUTLET_ZIP,OH0051,006,,EXACT_OUTLET;TIE_FSCSKEY_SEQ,EXACT_OUTLET;NOT_USPS_VALIDITY;NO_INVENTORY
44114,EXACT_IMLS_OUTLET_ZIP,OH0051,002,,EXACT_OUTLET;TIE_FSCSKEY_SEQ,EXACT_OUTLET;NOT_USPS_VALIDITY;NO_INVENTORY
44115,EXACT_IMLS_OUTLET_ZIP,OH0051,026,,EXACT_OUTLET;TIE_FSCSKEY_SEQ,EXACT_OUTLET;NOT_USPS_VALIDITY;NO_INVENTORY
44116,EXACT_IMLS_OUTLET_ZIP,OH0195,002,,EXACT_OUTLET;TIE_FSCSKEY_SEQ,EXACT_OUTLET;NOT_USPS_VALIDITY;NO_INVENTORY
44117,ZCTA_NEAREST_ACTIVE_OUTLET,OH0078,002,3.039,ZCTA_NN;R6371;TIE_FIRST_LEX,ZCTA_NN_HAVERSINE;NOT_ELIGIBILITY;NOT_USPS_VALIDITY;NO_INVENTORY
44118,EXACT_IMLS_OUTLET_ZIP,OH0053,002,,EXACT_OUTLET;TIE_FSCSKEY_SEQ,EXACT_OUTLET;NOT_USPS_VALIDITY;NO_INVENTORY
44119,ZCTA_NEAREST_ACTIVE_OUTLET,OH0051,032,1.241,ZCTA_NN;R6371;TIE_FIRST_LEX,ZCTA_NN_HAVERSINE;NOT_ELIGIBILITY;NOT_USPS_VALIDITY;NO_INVENTORY
44120,EXACT_IMLS_OUTLET_ZIP,OH0051,008,,EXACT_OUTLET;TIE_FSCSKEY_SEQ,EXACT_OUTLET;NOT_USPS_VALIDITY;NO_INVENTORY
44121,EXACT_IMLS_OUTLET_ZIP,OH0052,027,,EXACT_OUTLET;TIE_FSCSKEY_SEQ,EXACT_OUTLET;NOT_USPS_VALIDITY;NO_INVENTORY
44122,EXACT_IMLS_OUTLET_ZIP,OH0052,004,,EXACT_OUTLET;TIE_FSCSKEY_SEQ,EXACT_OUTLET;NOT_USPS_VALIDITY;NO_INVENTORY
44123,EXACT_IMLS_OUTLET_ZIP,OH0078,002,,EXACT_OUTLET;TIE_FSCSKEY_SEQ,EXACT_OUTLET;NOT_USPS_VALIDITY;NO_INVENTORY
44124,EXACT_IMLS_OUTLET_ZIP,OH0052,021,,EXACT_OUTLET;TIE_FSCSKEY_SEQ,EXACT_OUTLET;NOT_USPS_VALIDITY;NO_INVENTORY
44125,EXACT_IMLS_OUTLET_ZIP,OH0052,012,,EXACT_OUTLET;TIE_FSCSKEY_SEQ,EXACT_OUTLET;NOT_USPS_VALIDITY;NO_INVENTORY
44126,EXACT_IMLS_OUTLET_ZIP,OH0052,011,,EXACT_OUTLET;TIE_FSCSKEY_SEQ,EXACT_OUTLET;NOT_USPS_VALIDITY;NO_INVENTORY
44127,ZCTA_NEAREST_ACTIVE_OUTLET,OH0051,012,1.346,ZCTA_NN;R6371;TIE_FIRST_LEX,ZCTA_NN_HAVERSINE;NOT_ELIGIBILITY;NOT_USPS_VALIDITY;NO_INVENTORY
44128,EXACT_IMLS_OUTLET_ZIP,OH0051,014,,EXACT_OUTLET;TIE_FSCSKEY_SEQ,EXACT_OUTLET;NOT_USPS_VALIDITY;NO_INVENTORY
44129,EXACT_IMLS_OUTLET_ZIP,OH0052,034,,EXACT_OUTLET;TIE_FSCSKEY_SEQ,EXACT_OUTLET;NOT_USPS_VALIDITY;NO_INVENTORY
44130,EXACT_IMLS_OUTLET_ZIP,OH0052,017,,EXACT_OUTLET;TIE_FSCSKEY_SEQ,EXACT_OUTLET;NOT_USPS_VALIDITY;NO_INVENTORY
44131,EXACT_IMLS_OUTLET_ZIP,OH0052,014,,EXACT_OUTLET;TIE_FSCSKEY_SEQ,EXACT_OUTLET;NOT_USPS_VALIDITY;NO_INVENTORY
44132,ZCTA_NEAREST_ACTIVE_OUTLET,OH0240,002,1.956,ZCTA_NN;R6371;TIE_FIRST_LEX,ZCTA_NN_HAVERSINE;NOT_ELIGIBILITY;NOT_USPS_VALIDITY;NO_INVENTORY
44133,EXACT_IMLS_OUTLET_ZIP,OH0052,019,,EXACT_OUTLET;TIE_FSCSKEY_SEQ,EXACT_OUTLET;NOT_USPS_VALIDITY;NO_INVENTORY
44134,EXACT_IMLS_OUTLET_ZIP,OH0052,025,,EXACT_OUTLET;TIE_FSCSKEY_SEQ,EXACT_OUTLET;NOT_USPS_VALIDITY;NO_INVENTORY
44135,EXACT_IMLS_OUTLET_ZIP,OH0051,023,,EXACT_OUTLET;TIE_FSCSKEY_SEQ,EXACT_OUTLET;NOT_USPS_VALIDITY;NO_INVENTORY
44136,EXACT_IMLS_OUTLET_ZIP,OH0052,028,,EXACT_OUTLET;TIE_FSCSKEY_SEQ,EXACT_OUTLET;NOT_USPS_VALIDITY;NO_INVENTORY
44137,EXACT_IMLS_OUTLET_ZIP,OH0052,015,,EXACT_OUTLET;TIE_FSCSKEY_SEQ,EXACT_OUTLET;NOT_USPS_VALIDITY;NO_INVENTORY
44138,EXACT_IMLS_OUTLET_ZIP,OH0052,020,,EXACT_OUTLET;TIE_FSCSKEY_SEQ,EXACT_OUTLET;NOT_USPS_VALIDITY;NO_INVENTORY
44139,EXACT_IMLS_OUTLET_ZIP,OH0052,026,,EXACT_OUTLET;TIE_FSCSKEY_SEQ,EXACT_OUTLET;NOT_USPS_VALIDITY;NO_INVENTORY
44140,EXACT_IMLS_OUTLET_ZIP,OH0052,003,,EXACT_OUTLET;TIE_FSCSKEY_SEQ,EXACT_OUTLET;NOT_USPS_VALIDITY;NO_INVENTORY
44141,EXACT_IMLS_OUTLET_ZIP,OH0052,007,,EXACT_OUTLET;TIE_FSCSKEY_SEQ,EXACT_OUTLET;NOT_USPS_VALIDITY;NO_INVENTORY
44142,EXACT_IMLS_OUTLET_ZIP,OH0052,008,,EXACT_OUTLET;TIE_FSCSKEY_SEQ,EXACT_OUTLET;NOT_USPS_VALIDITY;NO_INVENTORY
44143,EXACT_IMLS_OUTLET_ZIP,OH0052,016,,EXACT_OUTLET;TIE_FSCSKEY_SEQ,EXACT_OUTLET;NOT_USPS_VALIDITY;NO_INVENTORY
44144,EXACT_IMLS_OUTLET_ZIP,OH0052,009,,EXACT_OUTLET;TIE_FSCSKEY_SEQ,EXACT_OUTLET;NOT_USPS_VALIDITY;NO_INVENTORY
44145,EXACT_IMLS_OUTLET_ZIP,OH0238,002,,EXACT_OUTLET;TIE_FSCSKEY_SEQ,EXACT_OUTLET;NOT_USPS_VALIDITY;NO_INVENTORY
44146,EXACT_IMLS_OUTLET_ZIP,OH0052,005,,EXACT_OUTLET;TIE_FSCSKEY_SEQ,EXACT_OUTLET;NOT_USPS_VALIDITY;NO_INVENTORY
44147,ZCTA_NEAREST_ACTIVE_OUTLET,OH0052,019,3.845,ZCTA_NN;R6371;TIE_FIRST_LEX,ZCTA_NN_HAVERSINE;NOT_ELIGIBILITY;NOT_USPS_VALIDITY;NO_INVENTORY
44149,ZCTA_NEAREST_ACTIVE_OUTLET,OH0052,028,1.617,ZCTA_NN;R6371;TIE_FIRST_LEX,ZCTA_NN_HAVERSINE;NOT_ELIGIBILITY;NOT_USPS_VALIDITY;NO_INVENTORY
44181,OBSERVED_REFERENCE_INDIRECT_ONLY,,,,INDIRECT_IMLS_SC;NO_FABRICATED_NEAREST,INDIRECT_IMLS_SC;NO_FABRICATED_NEAREST;NOT_REJECTED;NOT_USPS_VALIDITY;NO_INVENTORY
44195,OBSERVED_REFERENCE_INDIRECT_ONLY,,,,INDIRECT_IMLS_SC;NO_FABRICATED_NEAREST,INDIRECT_IMLS_SC;NO_FABRICATED_NEAREST;NOT_REJECTED;NOT_USPS_VALIDITY;NO_INVENTORY
44199,OBSERVED_REFERENCE_INDIRECT_ONLY,,,,INDIRECT_IMLS_SC;NO_FABRICATED_NEAREST,INDIRECT_IMLS_SC;NO_FABRICATED_NEAREST;NOT_REJECTED;NOT_USPS_VALIDITY;NO_INVENTORY
44201,ZCTA_NEAREST_ACTIVE_OUTLET,OH0089,004,5.433,ZCTA_NN;R6371;TIE_FIRST_LEX,ZCTA_NN_HAVERSINE;NOT_ELIGIBILITY;NOT_USPS_VALIDITY;NO_INVENTORY
44202,EXACT_IMLS_OUTLET_ZIP,OH0089,003,,EXACT_OUTLET;TIE_FSCSKEY_SEQ,EXACT_OUTLET;NOT_USPS_VALIDITY;NO_INVENTORY
44203,EXACT_IMLS_OUTLET_ZIP,OH0002,016,,EXACT_OUTLET;TIE_FSCSKEY_SEQ,EXACT_OUTLET;NOT_USPS_VALIDITY;NO_INVENTORY
44210,OBSERVED_REFERENCE_INDIRECT_ONLY,,,,INDIRECT_IMLS_SC;NO_FABRICATED_NEAREST,INDIRECT_IMLS_SC;NO_FABRICATED_NEAREST;NOT_REJECTED;NOT_USPS_VALIDITY;NO_INVENTORY
44212,EXACT_IMLS_OUTLET_ZIP,OH0141,003,,EXACT_OUTLET;TIE_FSCSKEY_SEQ,EXACT_OUTLET;NOT_USPS_VALIDITY;NO_INVENTORY
44214,ZCTA_NEAREST_ACTIVE_OUTLET,OH0141,005,8.548,ZCTA_NN;R6371;TIE_FIRST_LEX,ZCTA_NN_HAVERSINE;NOT_ELIGIBILITY;NOT_USPS_VALIDITY;NO_INVENTORY
44215,ZCTA_NEAREST_ACTIVE_OUTLET,OH0141,006,7.546,ZCTA_NN;R6371;TIE_FIRST_LEX,ZCTA_NN_HAVERSINE;NOT_ELIGIBILITY;NOT_USPS_VALIDITY;NO_INVENTORY
44216,ZCTA_NEAREST_ACTIVE_OUTLET,OH0002,005,4.992,ZCTA_NN;R6371;TIE_FIRST_LEX,ZCTA_NN_HAVERSINE;NOT_ELIGIBILITY;NOT_USPS_VALIDITY;NO_INVENTORY
44217,EXACT_IMLS_OUTLET_ZIP,OH0245,003,,EXACT_OUTLET;TIE_FSCSKEY_SEQ,EXACT_OUTLET;NOT_USPS_VALIDITY;NO_INVENTORY
44221,EXACT_IMLS_OUTLET_ZIP,OH0062,002,,EXACT_OUTLET;TIE_FSCSKEY_SEQ,EXACT_OUTLET;NOT_USPS_VALIDITY;NO_INVENTORY
44222,OBSERVED_REFERENCE_INDIRECT_ONLY,,,,INDIRECT_IMLS_SC;NO_FABRICATED_NEAREST,INDIRECT_IMLS_SC;NO_FABRICATED_NEAREST;NOT_REJECTED;NOT_USPS_VALIDITY;NO_INVENTORY
44223,ZCTA_NEAREST_ACTIVE_OUTLET,OH0062,002,5.407,ZCTA_NN;R6371;TIE_FIRST_LEX,ZCTA_NN_HAVERSINE;NOT_ELIGIBILITY;NOT_USPS_VALIDITY;NO_INVENTORY
44224,EXACT_IMLS_OUTLET_ZIP,OH0209,002,,EXACT_OUTLET;TIE_FSCSKEY_SEQ,EXACT_OUTLET;NOT_USPS_VALIDITY;NO_INVENTORY
44230,EXACT_IMLS_OUTLET_ZIP,OH0245,005,,EXACT_OUTLET;TIE_FSCSKEY_SEQ,EXACT_OUTLET;NOT_USPS_VALIDITY;NO_INVENTORY
44231,EXACT_IMLS_OUTLET_ZIP,OH0089,008,,EXACT_OUTLET;TIE_FSCSKEY_SEQ,EXACT_OUTLET;NOT_USPS_VALIDITY;NO_INVENTORY
44232,ZCTA_NEAREST_ACTIVE_OUTLET,OH0002,008,2.094,ZCTA_NN;R6371;TIE_FIRST_LEX,ZCTA_NN_HAVERSINE;NOT_ELIGIBILITY;NOT_USPS_VALIDITY;NO_INVENTORY
44233,ZCTA_NEAREST_ACTIVE_OUTLET,OH0141,003,6.740,ZCTA_NN;R6371;TIE_FIRST_LEX,ZCTA_NN_HAVERSINE;NOT_ELIGIBILITY;NOT_USPS_VALIDITY;NO_INVENTORY
44234,ZCTA_NEAREST_ACTIVE_OUTLET,OH0089,008,7.027,ZCTA_NN;R6371;TIE_FIRST_LEX,ZCTA_NN_HAVERSINE;NOT_ELIGIBILITY;NOT_USPS_VALIDITY;NO_INVENTORY
44235,ZCTA_NEAREST_ACTIVE_OUTLET,OH0245,009,6.367,ZCTA_NN;R6371;TIE_FIRST_LEX,ZCTA_NN_HAVERSINE;NOT_ELIGIBILITY;NOT_USPS_VALIDITY;NO_INVENTORY
44236,EXACT_IMLS_OUTLET_ZIP,OH0105,002,,EXACT_OUTLET;TIE_FSCSKEY_SEQ,EXACT_OUTLET;NOT_USPS_VALIDITY;NO_INVENTORY
44237,OBSERVED_REFERENCE_INDIRECT_ONLY,,,,INDIRECT_IMLS_SC;NO_FABRICATED_NEAREST,INDIRECT_IMLS_SC;NO_FABRICATED_NEAREST;NOT_REJECTED;NOT_USPS_VALIDITY;NO_INVENTORY
44240,EXACT_IMLS_OUTLET_ZIP,OH0089,011,,EXACT_OUTLET;TIE_FSCSKEY_SEQ,EXACT_OUTLET;NOT_USPS_VALIDITY;NO_INVENTORY
44241,EXACT_IMLS_OUTLET_ZIP,OH0089,005,,EXACT_OUTLET;TIE_FSCSKEY_SEQ,EXACT_OUTLET;NOT_USPS_VALIDITY;NO_INVENTORY
44242,OBSERVED_REFERENCE_INDIRECT_ONLY,,,,INDIRECT_IMLS_SC;NO_FABRICATED_NEAREST,INDIRECT_IMLS_SC;NO_FABRICATED_NEAREST;NOT_REJECTED;NOT_USPS_VALIDITY;NO_INVENTORY
44243,ZCTA_NEAREST_ACTIVE_OUTLET,OH0110,002,1.883,ZCTA_NN;R6371;TIE_FIRST_LEX,ZCTA_NN_HAVERSINE;NOT_ELIGIBILITY;NOT_USPS_VALIDITY;NO_INVENTORY
44250,ZCTA_NEAREST_ACTIVE_OUTLET,OH0002,024,0.768,ZCTA_NN;R6371;TIE_FIRST_LEX,ZCTA_NN_HAVERSINE;NOT_ELIGIBILITY;NOT_USPS_VALIDITY;NO_INVENTORY
44251,ZCTA_NEAREST_ACTIVE_OUTLET,OH0245,003,5.657,ZCTA_NN;R6371;TIE_FIRST_LEX,ZCTA_NN_HAVERSINE;NOT_ELIGIBILITY;NOT_USPS_VALIDITY;NO_INVENTORY
44253,ZCTA_NEAREST_ACTIVE_OUTLET,OH0141,008,9.624,ZCTA_NN;R6371;TIE_FIRST_LEX,ZCTA_NN_HAVERSINE;NOT_ELIGIBILITY;NOT_USPS_VALIDITY;NO_INVENTORY
44254,EXACT_IMLS_OUTLET_ZIP,OH0141,005,,EXACT_OUTLET;TIE_FSCSKEY_SEQ,EXACT_OUTLET;NOT_USPS_VALIDITY;NO_INVENTORY
44255,ZCTA_NEAREST_ACTIVE_OUTLET,OH0089,005,9.653,ZCTA_NN;R6371;TIE_FIRST_LEX,ZCTA_NN_HAVERSINE;NOT_ELIGIBILITY;NOT_USPS_VALIDITY;NO_INVENTORY
44256,EXACT_IMLS_OUTLET_ZIP,OH0141,002,,EXACT_OUTLET;TIE_FSCSKEY_SEQ,EXACT_OUTLET;NOT_USPS_VALIDITY;NO_INVENTORY
44258,OBSERVED_REFERENCE_INDIRECT_ONLY,,,,INDIRECT_IMLS_SC;NO_FABRICATED_NEAREST,INDIRECT_IMLS_SC;NO_FABRICATED_NEAREST;NOT_REJECTED;NOT_USPS_VALIDITY;NO_INVENTORY
44260,EXACT_IMLS_OUTLET_ZIP,OH0002,013,,EXACT_OUTLET;TIE_FSCSKEY_SEQ,EXACT_OUTLET;NOT_USPS_VALIDITY;NO_INVENTORY
44262,ZCTA_NEAREST_ACTIVE_OUTLET,OH0209,002,2.397,ZCTA_NN;R6371;TIE_FIRST_LEX,ZCTA_NN_HAVERSINE;NOT_ELIGIBILITY;NOT_USPS_VALIDITY;NO_INVENTORY
44264,EXACT_IMLS_OUTLET_ZIP,OH0181,002,,EXACT_OUTLET;TIE_FSCSKEY_SEQ,EXACT_OUTLET;NOT_USPS_VALIDITY;NO_INVENTORY
44265,EXACT_IMLS_OUTLET_ZIP,OH0089,004,,EXACT_OUTLET;TIE_FSCSKEY_SEQ,EXACT_OUTLET;NOT_USPS_VALIDITY;NO_INVENTORY
44266,EXACT_IMLS_OUTLET_ZIP,OH0190,002,,EXACT_OUTLET;TIE_FSCSKEY_SEQ,EXACT_OUTLET;NOT_USPS_VALIDITY;NO_INVENTORY
44270,EXACT_IMLS_OUTLET_ZIP,OH0245,006,,EXACT_OUTLET;TIE_FSCSKEY_SEQ,EXACT_OUTLET;NOT_USPS_VALIDITY;NO_INVENTORY
44272,ZCTA_NEAREST_ACTIVE_OUTLET,OH0089,004,8.468,ZCTA_NN;R6371;TIE_FIRST_LEX,ZCTA_NN_HAVERSINE;NOT_ELIGIBILITY;NOT_USPS_VALIDITY;NO_INVENTORY
44273,EXACT_IMLS_OUTLET_ZIP,OH0141,006,,EXACT_OUTLET;TIE_FSCSKEY_SEQ,EXACT_OUTLET;NOT_USPS_VALIDITY;NO_INVENTORY
44274,ZCTA_NEAREST_ACTIVE_OUTLET,OH0141,004,7.030,ZCTA_NN;R6371;TIE_FIRST_LEX,ZCTA_NN_HAVERSINE;NOT_ELIGIBILITY;NOT_USPS_VALIDITY;NO_INVENTORY
44275,ZCTA_NEAREST_ACTIVE_OUTLET,OH0141,005,11.535,ZCTA_NN;R6371;TIE_FIRST_LEX,ZCTA_NN_HAVERSINE;NOT_ELIGIBILITY;NOT_USPS_VALIDITY;NO_INVENTORY
44276,ZCTA_NEAREST_ACTIVE_OUTLET,OH0245,006,6.003,ZCTA_NN;R6371;TIE_FIRST_LEX,ZCTA_NN_HAVERSINE;NOT_ELIGIBILITY;NOT_USPS_VALIDITY;NO_INVENTORY
44278,EXACT_IMLS_OUTLET_ZIP,OH0002,018,,EXACT_OUTLET;TIE_FSCSKEY_SEQ,EXACT_OUTLET;NOT_USPS_VALIDITY;NO_INVENTORY
44280,ZCTA_NEAREST_ACTIVE_OUTLET,OH0141,008,5.162,ZCTA_NN;R6371;TIE_FIRST_LEX,ZCTA_NN_HAVERSINE;NOT_ELIGIBILITY;NOT_USPS_VALIDITY;NO_INVENTORY
44281,EXACT_IMLS_OUTLET_ZIP,OH0224,002,,EXACT_OUTLET;TIE_FSCSKEY_SEQ,EXACT_OUTLET;NOT_USPS_VALIDITY;NO_INVENTORY
44282,OBSERVED_REFERENCE_INDIRECT_ONLY,,,,INDIRECT_IMLS_SC;NO_FABRICATED_NEAREST,INDIRECT_IMLS_SC;NO_FABRICATED_NEAREST;NOT_REJECTED;NOT_USPS_VALIDITY;NO_INVENTORY
44285,ZCTA_NEAREST_ACTIVE_OUTLET,OH0165,002,7.273,ZCTA_NN;R6371;TIE_FIRST_LEX,ZCTA_NN_HAVERSINE;NOT_ELIGIBILITY;NOT_USPS_VALIDITY;NO_INVENTORY
44286,EXACT_IMLS_OUTLET_ZIP,OH0002,017,,EXACT_OUTLET;TIE_FSCSKEY_SEQ,EXACT_OUTLET;NOT_USPS_VALIDITY;NO_INVENTORY
44287,EXACT_IMLS_OUTLET_ZIP,OH0245,009,,EXACT_OUTLET;TIE_FSCSKEY_SEQ,EXACT_OUTLET;NOT_USPS_VALIDITY;NO_INVENTORY
44288,EXACT_IMLS_OUTLET_ZIP,OH0089,006,,EXACT_OUTLET;TIE_FSCSKEY_SEQ,EXACT_OUTLET;NOT_USPS_VALIDITY;NO_INVENTORY
44301,EXACT_IMLS_OUTLET_ZIP,OH0002,004,,EXACT_OUTLET;TIE_FSCSKEY_SEQ,EXACT_OUTLET;NOT_USPS_VALIDITY;NO_INVENTORY
44302,ZCTA_NEAREST_ACTIVE_OUTLET,OH0002,019,0.884,ZCTA_NN;R6371;TIE_FIRST_LEX,ZCTA_NN_HAVERSINE;NOT_ELIGIBILITY;NOT_USPS_VALIDITY;NO_INVENTORY
44303,EXACT_IMLS_OUTLET_ZIP,OH0002,019,,EXACT_OUTLET;TIE_FSCSKEY_SEQ,EXACT_OUTLET;NOT_USPS_VALIDITY;NO_INVENTORY
44304,ZCTA_NEAREST_ACTIVE_OUTLET,OH0002,002,0.668,ZCTA_NN;R6371;TIE_FIRST_LEX,ZCTA_NN_HAVERSINE;NOT_ELIGIBILITY;NOT_USPS_VALIDITY;NO_INVENTORY
44305,EXACT_IMLS_OUTLET_ZIP,OH0002,006,,EXACT_OUTLET;TIE_FSCSKEY_SEQ,EXACT_OUTLET;NOT_USPS_VALIDITY;NO_INVENTORY
44306,ZCTA_NEAREST_ACTIVE_OUTLET,OH0002,004,2.660,ZCTA_NN;R6371;TIE_FIRST_LEX,ZCTA_NN_HAVERSINE;NOT_ELIGIBILITY;NOT_USPS_VALIDITY;NO_INVENTORY
44307,EXACT_IMLS_OUTLET_ZIP,OH0002,020,,EXACT_OUTLET;TIE_FSCSKEY_SEQ,EXACT_OUTLET;NOT_USPS_VALIDITY;NO_INVENTORY
44308,ZCTA_NEAREST_ACTIVE_OUTLET,OH0002,002,0.190,ZCTA_NN;R6371;TIE_FIRST_LEX,ZCTA_NN_HAVERSINE;NOT_ELIGIBILITY;NOT_USPS_VALIDITY;NO_INVENTORY
44309,OBSERVED_REFERENCE_INDIRECT_ONLY,,,,INDIRECT_IMLS_SC;NO_FABRICATED_NEAREST,INDIRECT_IMLS_SC;NO_FABRICATED_NEAREST;NOT_REJECTED;NOT_USPS_VALIDITY;NO_INVENTORY
44310,EXACT_IMLS_OUTLET_ZIP,OH0002,014,,EXACT_OUTLET;TIE_FSCSKEY_SEQ,EXACT_OUTLET;NOT_USPS_VALIDITY;NO_INVENTORY
44311,ZCTA_NEAREST_ACTIVE_OUTLET,OH0002,002,2.147,ZCTA_NN;R6371;TIE_FIRST_LEX,ZCTA_NN_HAVERSINE;NOT_ELIGIBILITY;NOT_USPS_VALIDITY;NO_INVENTORY
44312,EXACT_IMLS_OUTLET_ZIP,OH0002,007,,EXACT_OUTLET;TIE_FSCSKEY_SEQ,EXACT_OUTLET;NOT_USPS_VALIDITY;NO_INVENTORY
44313,EXACT_IMLS_OUTLET_ZIP,OH0002,003,,EXACT_OUTLET;TIE_FSCSKEY_SEQ,EXACT_OUTLET;NOT_USPS_VALIDITY;NO_INVENTORY
44314,EXACT_IMLS_OUTLET_ZIP,OH0002,009,,EXACT_OUTLET;TIE_FSCSKEY_SEQ,EXACT_OUTLET;NOT_USPS_VALIDITY;NO_INVENTORY
44316,OBSERVED_REFERENCE_INDIRECT_ONLY,,,,INDIRECT_IMLS_SC;NO_FABRICATED_NEAREST,INDIRECT_IMLS_SC;NO_FABRICATED_NEAREST;NOT_REJECTED;NOT_USPS_VALIDITY;NO_INVENTORY
44317,OBSERVED_REFERENCE_INDIRECT_ONLY,,,,INDIRECT_IMLS_SC;NO_FABRICATED_NEAREST,INDIRECT_IMLS_SC;NO_FABRICATED_NEAREST;NOT_REJECTED;NOT_USPS_VALIDITY;NO_INVENTORY
44319,EXACT_IMLS_OUTLET_ZIP,OH0002,005,,EXACT_OUTLET;TIE_FSCSKEY_SEQ,EXACT_OUTLET;NOT_USPS_VALIDITY;NO_INVENTORY
44320,EXACT_IMLS_OUTLET_ZIP,OH0002,012,,EXACT_OUTLET;TIE_FSCSKEY_SEQ,EXACT_OUTLET;NOT_USPS_VALIDITY;NO_INVENTORY
44321,ZCTA_NEAREST_ACTIVE_OUTLET,OH0002,010,4.479,ZCTA_NN;R6371;TIE_FIRST_LEX,ZCTA_NN_HAVERSINE;NOT_ELIGIBILITY;NOT_USPS_VALIDITY;NO_INVENTORY
44325,ZCTA_NEAREST_ACTIVE_OUTLET,OH0002,002,0.864,ZCTA_NN;R6371;TIE_FIRST_LEX,ZCTA_NN_HAVERSINE;NOT_ELIGIBILITY;NOT_USPS_VALIDITY;NO_INVENTORY
44326,EXACT_IMLS_OUTLET_ZIP,OH0002,002,,EXACT_OUTLET;TIE_FSCSKEY_SEQ,EXACT_OUTLET;NOT_USPS_VALIDITY;NO_INVENTORY
44333,EXACT_IMLS_OUTLET_ZIP,OH0002,010,,EXACT_OUTLET;TIE_FSCSKEY_SEQ,EXACT_OUTLET;NOT_USPS_VALIDITY;NO_INVENTORY
44334,OBSERVED_REFERENCE_INDIRECT_ONLY,,,,INDIRECT_IMLS_SC;NO_FABRICATED_NEAREST,INDIRECT_IMLS_SC;NO_FABRICATED_NEAREST;NOT_REJECTED;NOT_USPS_VALIDITY;NO_INVENTORY
44401,ZCTA_NEAREST_ACTIVE_OUTLET,OH0248,025,8.302,ZCTA_NN;R6371;TIE_FIRST_LEX,ZCTA_NN_HAVERSINE;NOT_ELIGIBILITY;NOT_USPS_VALIDITY;NO_INVENTORY
44402,EXACT_IMLS_OUTLET_ZIP,OH0031,002,,EXACT_OUTLET;TIE_FSCSKEY_SEQ,EXACT_OUTLET;NOT_USPS_VALIDITY;NO_INVENTORY
44403,EXACT_IMLS_OUTLET_ZIP,OH0226,003,,EXACT_OUTLET;TIE_FSCSKEY_SEQ,EXACT_OUTLET;NOT_USPS_VALIDITY;NO_INVENTORY
44404,ZCTA_NEAREST_ACTIVE_OUTLET,OH0226,003,10.210,ZCTA_NN;R6371;TIE_FIRST_LEX,ZCTA_NN_HAVERSINE;NOT_ELIGIBILITY;NOT_USPS_VALIDITY;NO_INVENTORY
44405,ZCTA_NEAREST_ACTIVE_OUTLET,OH0248,006,2.094,ZCTA_NN;R6371;TIE_FIRST_LEX,ZCTA_NN_HAVERSINE;NOT_ELIGIBILITY;NOT_USPS_VALIDITY;NO_INVENTORY
44406,EXACT_IMLS_OUTLET_ZIP,OH0248,007,,EXACT_OUTLET;TIE_FSCSKEY_SEQ,EXACT_OUTLET;NOT_USPS_VALIDITY;NO_INVENTORY
44408,EXACT_IMLS_OUTLET_ZIP,OH0056,002,,EXACT_OUTLET;TIE_FSCSKEY_SEQ,EXACT_OUTLET;NOT_USPS_VALIDITY;NO_INVENTORY
44410,EXACT_IMLS_OUTLET_ZIP,OH0226,004,,EXACT_OUTLET;TIE_FSCSKEY_SEQ,EXACT_OUTLET;NOT_USPS_VALIDITY;NO_INVENTORY
44411,ZCTA_NEAREST_ACTIVE_OUTLET,OH0248,025,13.571,ZCTA_NN;R6371;TIE_FIRST_LEX,ZCTA_NN_HAVERSINE;NOT_ELIGIBILITY;NOT_USPS_VALIDITY;NO_INVENTORY
44412,ZCTA_NEAREST_ACTIVE_OUTLET,OH0248,025,9.309,ZCTA_NN;R6371;TIE_FIRST_LEX,ZCTA_NN_HAVERSINE;NOT_ELIGIBILITY;NOT_USPS_VALIDITY;NO_INVENTORY
44413,EXACT_IMLS_OUTLET_ZIP,OH0074,002,,EXACT_OUTLET;TIE_FSCSKEY_SEQ,EXACT_OUTLET;NOT_USPS_VALIDITY;NO_INVENTORY
44415,ZCTA_NEAREST_ACTIVE_OUTLET,OH0122,002,5.034,ZCTA_NN;R6371;TIE_FIRST_LEX,ZCTA_NN_HAVERSINE;NOT_ELIGIBILITY;NOT_USPS_VALIDITY;NO_INVENTORY
44416,OBSERVED_REFERENCE_INDIRECT_ONLY,,,,INDIRECT_IMLS_SC;NO_FABRICATED_NEAREST,INDIRECT_IMLS_SC;NO_FABRICATED_NEAREST;NOT_REJECTED;NOT_USPS_VALIDITY;NO_INVENTORY
44417,ZCTA_NEAREST_ACTIVE_OUTLET,OH0113,002,6.496,ZCTA_NN;R6371;TIE_FIRST_LEX,ZCTA_NN_HAVERSINE;NOT_ELIGIBILITY;NOT_USPS_VALIDITY;NO_INVENTORY
44418,ZCTA_NEAREST_ACTIVE_OUTLET,OH0226,003,8.941,ZCTA_NN;R6371;TIE_FIRST_LEX,ZCTA_NN_HAVERSINE;NOT_ELIGIBILITY;NOT_USPS_VALIDITY;NO_INVENTORY
44420,EXACT_IMLS_OUTLET_ZIP,OH0092,002,,EXACT_OUTLET;TIE_FSCSKEY_SEQ,EXACT_OUTLET;NOT_USPS_VALIDITY;NO_INVENTORY
44422,OBSERVED_REFERENCE_INDIRECT_ONLY,,,,INDIRECT_IMLS_SC;NO_FABRICATED_NEAREST,INDIRECT_IMLS_SC;NO_FABRICATED_NEAREST;NOT_REJECTED;NOT_USPS_VALIDITY;NO_INVENTORY
44423,ZCTA_NEAREST_ACTIVE_OUTLET,OH0122,002,11.396,ZCTA_NN;R6371;TIE_FIRST_LEX,ZCTA_NN_HAVERSINE;NOT_ELIGIBILITY;NOT_USPS_VALIDITY;NO_INVENTORY
44424,ZCTA_NEAREST_ACTIVE_OUTLET,OH0226,003,10.084,ZCTA_NN;R6371;TIE_FIRST_LEX,ZCTA_NN_HAVERSINE;NOT_ELIGIBILITY;NOT_USPS_VALIDITY;NO_INVENTORY
44425,EXACT_IMLS_OUTLET_ZIP,OH0104,002,,EXACT_OUTLET;TIE_FSCSKEY_SEQ,EXACT_OUTLET;NOT_USPS_VALIDITY;NO_INVENTORY
44427,ZCTA_NEAREST_ACTIVE_OUTLET,OH0147,002,11.529,ZCTA_NN;R6371;TIE_FIRST_LEX,ZCTA_NN_HAVERSINE;NOT_ELIGIBILITY;NOT_USPS_VALIDITY;NO_INVENTORY
44428,EXACT_IMLS_OUTLET_ZIP,OH0113,002,,EXACT_OUTLET;TIE_FSCSKEY_SEQ,EXACT_OUTLET;NOT_USPS_VALIDITY;NO_INVENTORY
44429,ZCTA_NEAREST_ACTIVE_OUTLET,OH0248,025,5.179,ZCTA_NN;R6371;TIE_FIRST_LEX,ZCTA_NN_HAVERSINE;NOT_ELIGIBILITY;NOT_USPS_VALIDITY;NO_INVENTORY
44430,ZCTA_NEAREST_ACTIVE_OUTLET,OH0226,002,7.327,ZCTA_NN;R6371;TIE_FIRST_LEX,ZCTA_NN_HAVERSINE;NOT_ELIGIBILITY;NOT_USPS_VALIDITY;NO_INVENTORY
44431,EXACT_IMLS_OUTLET_ZIP,OH0118,002,,EXACT_OUTLET;TIE_FSCSKEY_SEQ,EXACT_OUTLET;NOT_USPS_VALIDITY;NO_INVENTORY
44432,EXACT_IMLS_OUTLET_ZIP,OH0122,002,,EXACT_OUTLET;TIE_FSCSKEY_SEQ,EXACT_OUTLET;NOT_USPS_VALIDITY;NO_INVENTORY
44436,EXACT_IMLS_OUTLET_ZIP,OH0248,006,,EXACT_OUTLET;TIE_FSCSKEY_SEQ,EXACT_OUTLET;NOT_USPS_VALIDITY;NO_INVENTORY
44437,ZCTA_NEAREST_ACTIVE_OUTLET,OH0092,002,2.492,ZCTA_NN;R6371;TIE_FIRST_LEX,ZCTA_NN_HAVERSINE;NOT_ELIGIBILITY;NOT_USPS_VALIDITY;NO_INVENTORY
44438,ZCTA_NEAREST_ACTIVE_OUTLET,PA0068,002,2.261,ZCTA_NN;R6371;TIE_FIRST_LEX,ZCTA_NN_HAVERSINE;NOT_ELIGIBILITY;NOT_USPS_VALIDITY;NO_INVENTORY
44439,ZCTA_NEAREST_ACTIVE_OUTLET,OH0046,006,9.172,ZCTA_NN;R6371;TIE_FIRST_LEX,ZCTA_NN_HAVERSINE;NOT_ELIGIBILITY;NOT_USPS_VALIDITY;NO_INVENTORY
44440,ZCTA_NEAREST_ACTIVE_OUTLET,OH0226,005,4.878,ZCTA_NN;R6371;TIE_FIRST_LEX,ZCTA_NN_HAVERSINE;NOT_ELIGIBILITY;NOT_USPS_VALIDITY;NO_INVENTORY
44441,ZCTA_NEAREST_ACTIVE_OUTLET,OH0074,002,9.096,ZCTA_NN;R6371;TIE_FIRST_LEX,ZCTA_NN_HAVERSINE;NOT_ELIGIBILITY;NOT_USPS_VALIDITY;NO_INVENTORY
44442,EXACT_IMLS_OUTLET_ZIP,OH0248,024,,EXACT_OUTLET;TIE_FSCSKEY_SEQ,EXACT_OUTLET;NOT_USPS_VALIDITY;NO_INVENTORY
44443,ZCTA_NEAREST_ACTIVE_OUTLET,OH0248,024,5.621,ZCTA_NN;R6371;TIE_FIRST_LEX,ZCTA_NN_HAVERSINE;NOT_ELIGIBILITY;NOT_USPS_VALIDITY;NO_INVENTORY
44444,EXACT_IMLS_OUTLET_ZIP,OH0165,002,,EXACT_OUTLET;TIE_FSCSKEY_SEQ,EXACT_OUTLET;NOT_USPS_VALIDITY;NO_INVENTORY
44445,ZCTA_NEAREST_ACTIVE_OUTLET,OH0074,002,6.608,ZCTA_NN;R6371;TIE_FIRST_LEX,ZCTA_NN_HAVERSINE;NOT_ELIGIBILITY;NOT_USPS_VALIDITY;NO_INVENTORY
44446,EXACT_IMLS_OUTLET_ZIP,OH0166,002,,EXACT_OUTLET;TIE_FSCSKEY_SEQ,EXACT_OUTLET;NOT_USPS_VALIDITY;NO_INVENTORY
44449,ZCTA_NEAREST_ACTIVE_OUTLET,OH0248,019,5.739,ZCTA_NN;R6371;TIE_FIRST_LEX,ZCTA_NN_HAVERSINE;NOT_ELIGIBILITY;NOT_USPS_VALIDITY;NO_INVENTORY
44450,ZCTA_NEAREST_ACTIVE_OUTLET,OH0031,002,7.621,ZCTA_NN;R6371;TIE_FIRST_LEX,ZCTA_NN_HAVERSINE;NOT_ELIGIBILITY;NOT_USPS_VALIDITY;NO_INVENTORY
44451,EXACT_IMLS_OUTLET_ZIP,OH0248,025,,EXACT_OUTLET;TIE_FSCSKEY_SEQ,EXACT_OUTLET;NOT_USPS_VALIDITY;NO_INVENTORY
44452,ZCTA_NEAREST_ACTIVE_OUTLET,OH0056,002,6.553,ZCTA_NN;R6371;TIE_FIRST_LEX,ZCTA_NN_HAVERSINE;NOT_ELIGIBILITY;NOT_USPS_VALIDITY;NO_INVENTORY
44453,OBSERVED_REFERENCE_INDIRECT_ONLY,,,,INDIRECT_IMLS_SC;NO_FABRICATED_NEAREST,INDIRECT_IMLS_SC;NO_FABRICATED_NEAREST;NOT_REJECTED;NOT_USPS_VALIDITY;NO_INVENTORY
44454,ZCTA_NEAREST_ACTIVE_OUTLET,OH0248,024,5.021,ZCTA_NN;R6371;TIE_FIRST_LEX,ZCTA_NN_HAVERSINE;NOT_ELIGIBILITY;NOT_USPS_VALIDITY;NO_INVENTORY
44455,ZCTA_NEAREST_ACTIVE_OUTLET,OH0074,002,9.426,ZCTA_NN;R6371;TIE_FIRST_LEX,ZCTA_NN_HAVERSINE;NOT_ELIGIBILITY;NOT_USPS_VALIDITY;NO_INVENTORY
44460,EXACT_IMLS_OUTLET_ZIP,OH0198,002,,EXACT_OUTLET;TIE_FSCSKEY_SEQ,EXACT_OUTLET;NOT_USPS_VALIDITY;NO_INVENTORY
44470,ZCTA_NEAREST_ACTIVE_OUTLET,OH0089,006,8.896,ZCTA_NN;R6371;TIE_FIRST_LEX,ZCTA_NN_HAVERSINE;NOT_ELIGIBILITY;NOT_USPS_VALIDITY;NO_INVENTORY
44471,EXACT_IMLS_OUTLET_ZIP,OH0248,022,,EXACT_OUTLET;TIE_FSCSKEY_SEQ,EXACT_OUTLET;NOT_USPS_VALIDITY;NO_INVENTORY
44473,ZCTA_NEAREST_ACTIVE_OUTLET,OH0226,007,5.392,ZCTA_NN;R6371;TIE_FIRST_LEX,ZCTA_NN_HAVERSINE;NOT_ELIGIBILITY;NOT_USPS_VALIDITY;NO_INVENTORY
44481,EXACT_IMLS_OUTLET_ZIP,OH0226,005,,EXACT_OUTLET;TIE_FSCSKEY_SEQ,EXACT_OUTLET;NOT_USPS_VALIDITY;NO_INVENTORY
44482,OBSERVED_REFERENCE_INDIRECT_ONLY,,,,INDIRECT_IMLS_SC;NO_FABRICATED_NEAREST,INDIRECT_IMLS_SC;NO_FABRICATED_NEAREST;NOT_REJECTED;NOT_USPS_VALIDITY;NO_INVENTORY
44483,EXACT_IMLS_OUTLET_ZIP,OH0226,002,,EXACT_OUTLET;TIE_FSCSKEY_SEQ,EXACT_OUTLET;NOT_USPS_VALIDITY;NO_INVENTORY
44484,EXACT_IMLS_OUTLET_ZIP,OH0226,007,,EXACT_OUTLET;TIE_FSCSKEY_SEQ,EXACT_OUTLET;NOT_USPS_VALIDITY;NO_INVENTORY
44485,ZCTA_NEAREST_ACTIVE_OUTLET,OH0226,002,2.059,ZCTA_NN;R6371;TIE_FIRST_LEX,ZCTA_NN_HAVERSINE;NOT_ELIGIBILITY;NOT_USPS_VALIDITY;NO_INVENTORY
44490,ZCTA_NEAREST_ACTIVE_OUTLET,OH0118,002,2.170,ZCTA_NN;R6371;TIE_FIRST_LEX,ZCTA_NN_HAVERSINE;NOT_ELIGIBILITY;NOT_USPS_VALIDITY;NO_INVENTORY
44491,ZCTA_NEAREST_ACTIVE_OUTLET,OH0031,002,8.251,ZCTA_NN;R6371;TIE_FIRST_LEX,ZCTA_NN_HAVERSINE;NOT_ELIGIBILITY;NOT_USPS_VALIDITY;NO_INVENTORY
44493,ZCTA_NEAREST_ACTIVE_OUTLET,OH0198,002,9.375,ZCTA_NN;R6371;TIE_FIRST_LEX,ZCTA_NN_HAVERSINE;NOT_ELIGIBILITY;NOT_USPS_VALIDITY;NO_INVENTORY
44501,OBSERVED_REFERENCE_INDIRECT_ONLY,,,,INDIRECT_IMLS_SC;NO_FABRICATED_NEAREST,INDIRECT_IMLS_SC;NO_FABRICATED_NEAREST;NOT_REJECTED;NOT_USPS_VALIDITY;NO_INVENTORY
44502,ZCTA_NEAREST_ACTIVE_OUTLET,OH0248,002,2.366,ZCTA_NN;R6371;TIE_FIRST_LEX,ZCTA_NN_HAVERSINE;NOT_ELIGIBILITY;NOT_USPS_VALIDITY;NO_INVENTORY
44503,EXACT_IMLS_OUTLET_ZIP,OH0248,002,,EXACT_OUTLET;TIE_FSCSKEY_SEQ,EXACT_OUTLET;NOT_USPS_VALIDITY;NO_INVENTORY
44504,ZCTA_NEAREST_ACTIVE_OUTLET,OH0248,002,2.347,ZCTA_NN;R6371;TIE_FIRST_LEX,ZCTA_NN_HAVERSINE;NOT_ELIGIBILITY;NOT_USPS_VALIDITY;NO_INVENTORY
44505,EXACT_IMLS_OUTLET_ZIP,OH0226,008,,EXACT_OUTLET;TIE_FSCSKEY_SEQ,EXACT_OUTLET;NOT_USPS_VALIDITY;NO_INVENTORY
44506,ZCTA_NEAREST_ACTIVE_OUTLET,OH0248,009,1.850,ZCTA_NN;R6371;TIE_FIRST_LEX,ZCTA_NN_HAVERSINE;NOT_ELIGIBILITY;NOT_USPS_VALIDITY;NO_INVENTORY
44507,EXACT_IMLS_OUTLET_ZIP,OH0248,020,,EXACT_OUTLET;TIE_FSCSKEY_SEQ,EXACT_OUTLET;NOT_USPS_VALIDITY;NO_INVENTORY
44509,EXACT_IMLS_OUTLET_ZIP,OH0248,021,,EXACT_OUTLET;TIE_FSCSKEY_SEQ,EXACT_OUTLET;NOT_USPS_VALIDITY;NO_INVENTORY
44510,ZCTA_NEAREST_ACTIVE_OUTLET,OH0248,002,3.072,ZCTA_NN;R6371;TIE_FIRST_LEX,ZCTA_NN_HAVERSINE;NOT_ELIGIBILITY;NOT_USPS_VALIDITY;NO_INVENTORY
44511,ZCTA_NEAREST_ACTIVE_OUTLET,OH0248,020,2.868,ZCTA_NN;R6371;TIE_FIRST_LEX,ZCTA_NN_HAVERSINE;NOT_ELIGIBILITY;NOT_USPS_VALIDITY;NO_INVENTORY
44512,EXACT_IMLS_OUTLET_ZIP,OH0248,004,,EXACT_OUTLET;TIE_FSCSKEY_SEQ,EXACT_OUTLET;NOT_USPS_VALIDITY;NO_INVENTORY
44513,OBSERVED_REFERENCE_INDIRECT_ONLY,,,,INDIRECT_IMLS_SC;NO_FABRICATED_NEAREST,INDIRECT_IMLS_SC;NO_FABRICATED_NEAREST;NOT_REJECTED;NOT_USPS_VALIDITY;NO_INVENTORY
44514,EXACT_IMLS_OUTLET_ZIP,OH0248,005,,EXACT_OUTLET;TIE_FSCSKEY_SEQ,EXACT_OUTLET;NOT_USPS_VALIDITY;NO_INVENTORY
44515,EXACT_IMLS_OUTLET_ZIP,OH0248,003,,EXACT_OUTLET;TIE_FSCSKEY_SEQ,EXACT_OUTLET;NOT_USPS_VALIDITY;NO_INVENTORY
44555,ZCTA_NEAREST_ACTIVE_OUTLET,OH0248,002,0.475,ZCTA_NN;R6371;TIE_FIRST_LEX,ZCTA_NN_HAVERSINE;NOT_ELIGIBILITY;NOT_USPS_VALIDITY;NO_INVENTORY
44601,EXACT_IMLS_OUTLET_ZIP,OH0005,002,,EXACT_OUTLET;TIE_FSCSKEY_SEQ,EXACT_OUTLET;NOT_USPS_VALIDITY;NO_INVENTORY
44606,ZCTA_NEAREST_ACTIVE_OUTLET,OH0245,004,11.125,ZCTA_NN;R6371;TIE_FIRST_LEX,ZCTA_NN_HAVERSINE;NOT_ELIGIBILITY;NOT_USPS_VALIDITY;NO_INVENTORY
44607,ZCTA_NEAREST_ACTIVE_OUTLET,OH0147,002,7.080,ZCTA_NN;R6371;TIE_FIRST_LEX,ZCTA_NN_HAVERSINE;NOT_ELIGIBILITY;NOT_USPS_VALIDITY;NO_INVENTORY
44608,ZCTA_NEAREST_ACTIVE_OUTLET,OH0136,003,4.894,ZCTA_NN;R6371;TIE_FIRST_LEX,ZCTA_NN_HAVERSINE;NOT_ELIGIBILITY;NOT_USPS_VALIDITY;NO_INVENTORY
44609,ZCTA_NEAREST_ACTIVE_OUTLET,OH0248,019,2.874,ZCTA_NN;R6371;TIE_FIRST_LEX,ZCTA_NN_HAVERSINE;NOT_ELIGIBILITY;NOT_USPS_VALIDITY;NO_INVENTORY
44610,ZCTA_NEAREST_ACTIVE_OUTLET,OH0146,007,7.004,ZCTA_NN;R6371;TIE_FIRST_LEX,ZCTA_NN_HAVERSINE;NOT_ELIGIBILITY;NOT_USPS_VALIDITY;NO_INVENTORY
44611,ZCTA_NEAREST_ACTIVE_OUTLET,OH0245,007,9.046,ZCTA_NN;R6371;TIE_FIRST_LEX,ZCTA_NN_HAVERSINE;NOT_ELIGIBILITY;NOT_USPS_VALIDITY;NO_INVENTORY
44612,EXACT_IMLS_OUTLET_ZIP,OH0161,003,,EXACT_OUTLET;TIE_FSCSKEY_SEQ,EXACT_OUTLET;NOT_USPS_VALIDITY;NO_INVENTORY
44613,ZCTA_NEAREST_ACTIVE_OUTLET,OH0136,003,2.326,ZCTA_NN;R6371;TIE_FIRST_LEX,ZCTA_NN_HAVERSINE;NOT_ELIGIBILITY;NOT_USPS_VALIDITY;NO_INVENTORY
44614,EXACT_IMLS_OUTLET_ZIP,OH0038,002,,EXACT_OUTLET;TIE_FSCSKEY_SEQ,EXACT_OUTLET;NOT_USPS_VALIDITY;NO_INVENTORY
44615,EXACT_IMLS_OUTLET_ZIP,OH0042,002,,EXACT_OUTLET;TIE_FSCSKEY_SEQ,EXACT_OUTLET;NOT_USPS_VALIDITY;NO_INVENTORY
44617,OBSERVED_REFERENCE_INDIRECT_ONLY,,,,INDIRECT_IMLS_SC;NO_FABRICATED_NEAREST,INDIRECT_IMLS_SC;NO_FABRICATED_NEAREST;NOT_REJECTED;NOT_USPS_VALIDITY;NO_INVENTORY
44618,EXACT_IMLS_OUTLET_ZIP,OH0245,004,,EXACT_OUTLET;TIE_FSCSKEY_SEQ,EXACT_OUTLET;NOT_USPS_VALIDITY;NO_INVENTORY
44619,ZCTA_NEAREST_ACTIVE_OUTLET,OH0248,019,5.924,ZCTA_NN;R6371;TIE_FIRST_LEX,ZCTA_NN_HAVERSINE;NOT_ELIGIBILITY;NOT_USPS_VALIDITY;NO_INVENTORY
44620,ZCTA_NEAREST_ACTIVE_OUTLET,OH0042,004,12.074,ZCTA_NN;R6371;TIE_FIRST_LEX,ZCTA_NN_HAVERSINE;NOT_ELIGIBILITY;NOT_USPS_VALIDITY;NO_INVENTORY
44621,EXACT_IMLS_OUTLET_ZIP,OH0068,003,,EXACT_OUTLET;TIE_FSCSKEY_SEQ,EXACT_OUTLET;NOT_USPS_VALIDITY;NO_INVENTORY
44622,EXACT_IMLS_OUTLET_ZIP,OH0070,002,,EXACT_OUTLET;TIE_FSCSKEY_SEQ,EXACT_OUTLET;NOT_USPS_VALIDITY;NO_INVENTORY
44624,ZCTA_NEAREST_ACTIVE_OUTLET,OH0146,007,10.491,ZCTA_NN;R6371;TIE_FIRST_LEX,ZCTA_NN_HAVERSINE;NOT_ELIGIBILITY;NOT_USPS_VALIDITY;NO_INVENTORY
44625,ZCTA_NEAREST_ACTIVE_OUTLET,OH0147,002,6.525,ZCTA_NN;R6371;TIE_FIRST_LEX,ZCTA_NN_HAVERSINE;NOT_ELIGIBILITY;NOT_USPS_VALIDITY;NO_INVENTORY
44626,ZCTA_NEAREST_ACTIVE_OUTLET,OH0161,003,7.620,ZCTA_NN;R6371;TIE_FIRST_LEX,ZCTA_NN_HAVERSINE;NOT_ELIGIBILITY;NOT_USPS_VALIDITY;NO_INVENTORY
44627,ZCTA_NEAREST_ACTIVE_OUTLET,OH0146,002,14.693,ZCTA_NN;R6371;TIE_FIRST_LEX,ZCTA_NN_HAVERSINE;NOT_ELIGIBILITY;NOT_USPS_VALIDITY;NO_INVENTORY
44628,ZCTA_NEAREST_ACTIVE_OUTLET,OH0126,002,12.358,ZCTA_NN;R6371;TIE_FIRST_LEX,ZCTA_NN_HAVERSINE;NOT_ELIGIBILITY;NOT_USPS_VALIDITY;NO_INVENTORY
44629,EXACT_IMLS_OUTLET_ZIP,OH0093,002,,EXACT_OUTLET;TIE_FSCSKEY_SEQ,EXACT_OUTLET;NOT_USPS_VALIDITY;NO_INVENTORY
44630,ZCTA_NEAREST_ACTIVE_OUTLET,OH0039,006,5.449,ZCTA_NN;R6371;TIE_FIRST_LEX,ZCTA_NN_HAVERSINE;NOT_ELIGIBILITY;NOT_USPS_VALIDITY;NO_INVENTORY
44632,ZCTA_NEAREST_ACTIVE_OUTLET,OH0039,006,4.339,ZCTA_NN;R6371;TIE_FIRST_LEX,ZCTA_NN_HAVERSINE;NOT_ELIGIBILITY;NOT_USPS_VALIDITY;NO_INVENTORY
44633,ZCTA_NEAREST_ACTIVE_OUTLET,OH0245,007,9.417,ZCTA_NN;R6371;TIE_FIRST_LEX,ZCTA_NN_HAVERSINE;NOT_ELIGIBILITY;NOT_USPS_VALIDITY;NO_INVENTORY
44634,ZCTA_NEAREST_ACTIVE_OUTLET,OH0248,019,9.633,ZCTA_NN;R6371;TIE_FIRST_LEX,ZCTA_NN_HAVERSINE;NOT_ELIGIBILITY;NOT_USPS_VALIDITY;NO_INVENTORY
44636,OBSERVED_REFERENCE_INDIRECT_ONLY,,,,INDIRECT_IMLS_SC;NO_FABRICATED_NEAREST,INDIRECT_IMLS_SC;NO_FABRICATED_NEAREST;NOT_REJECTED;NOT_USPS_VALIDITY;NO_INVENTORY
44637,ZCTA_NEAREST_ACTIVE_OUTLET,OH0146,002,12.316,ZCTA_NN;R6371;TIE_FIRST_LEX,ZCTA_NN_HAVERSINE;NOT_ELIGIBILITY;NOT_USPS_VALIDITY;NO_INVENTORY
44638,ZCTA_NEAREST_ACTIVE_OUTLET,OH0126,002,8.532,ZCTA_NN;R6371;TIE_FIRST_LEX,ZCTA_NN_HAVERSINE;NOT_ELIGIBILITY;NOT_USPS_VALIDITY;NO_INVENTORY
44639,ZCTA_NEAREST_ACTIVE_OUTLET,OH0028,002,3.263,ZCTA_NN;R6371;TIE_FIRST_LEX,ZCTA_NN_HAVERSINE;NOT_ELIGIBILITY;NOT_USPS_VALIDITY;NO_INVENTORY
44640,ZCTA_NEAREST_ACTIVE_OUTLET,OH0005,002,8.424,ZCTA_NN;R6371;TIE_FIRST_LEX,ZCTA_NN_HAVERSINE;NOT_ELIGIBILITY;NOT_USPS_VALIDITY;NO_INVENTORY
44641,EXACT_IMLS_OUTLET_ZIP,OH0127,002,,EXACT_OUTLET;TIE_FSCSKEY_SEQ,EXACT_OUTLET;NOT_USPS_VALIDITY;NO_INVENTORY
44643,ZCTA_NEAREST_ACTIVE_OUTLET,OH0161,003,12.736,ZCTA_NN;R6371;TIE_FIRST_LEX,ZCTA_NN_HAVERSINE;NOT_ELIGIBILITY;NOT_USPS_VALIDITY;NO_INVENTORY
44644,EXACT_IMLS_OUTLET_ZIP,OH0042,003,,EXACT_OUTLET;TIE_FSCSKEY_SEQ,EXACT_OUTLET;NOT_USPS_VALIDITY;NO_INVENTORY
44645,ZCTA_NEAREST_ACTIVE_OUTLET,OH0245,005,7.044,ZCTA_NN;R6371;TIE_FIRST_LEX,ZCTA_NN_HAVERSINE;NOT_ELIGIBILITY;NOT_USPS_VALIDITY;NO_INVENTORY
44646,EXACT_IMLS_OUTLET_ZIP,OH0039,012,,EXACT_OUTLET;TIE_FSCSKEY_SEQ,EXACT_OUTLET;NOT_USPS_VALIDITY;NO_INVENTORY
44647,ZCTA_NEAREST_ACTIVE_OUTLET,OH0136,002,3.800,ZCTA_NN;R6371;TIE_FIRST_LEX,ZCTA_NN_HAVERSINE;NOT_ELIGIBILITY;NOT_USPS_VALIDITY;NO_INVENTORY
44648,OBSERVED_REFERENCE_INDIRECT_ONLY,,,,INDIRECT_IMLS_SC;NO_FABRICATED_NEAREST,INDIRECT_IMLS_SC;NO_FABRICATED_NEAREST;NOT_REJECTED;NOT_USPS_VALIDITY;NO_INVENTORY
44651,ZCTA_NEAREST_ACTIVE_OUTLET,OH0042,002,11.679,ZCTA_NN;R6371;TIE_FIRST_LEX,ZCTA_NN_HAVERSINE;NOT_ELIGIBILITY;NOT_USPS_VALIDITY;NO_INVENTORY
44652,ZCTA_NEAREST_ACTIVE_OUTLET,OH0039,013,4.104,ZCTA_NN;R6371;TIE_FIRST_LEX,ZCTA_NN_HAVERSINE;NOT_ELIGIBILITY;NOT_USPS_VALIDITY;NO_INVENTORY
44653,ZCTA_NEAREST_ACTIVE_OUTLET,OH0161,006,5.536,ZCTA_NN;R6371;TIE_FIRST_LEX,ZCTA_NN_HAVERSINE;NOT_ELIGIBILITY;NOT_USPS_VALIDITY;NO_INVENTORY
44654,EXACT_IMLS_OUTLET_ZIP,OH0146,002,,EXACT_OUTLET;TIE_FSCSKEY_SEQ,EXACT_OUTLET;NOT_USPS_VALIDITY;NO_INVENTORY
44656,ZCTA_NEAREST_ACTIVE_OUTLET,OH0161,002,13.220,ZCTA_NN;R6371;TIE_FIRST_LEX,ZCTA_NN_HAVERSINE;NOT_ELIGIBILITY;NOT_USPS_VALIDITY;NO_INVENTORY
44657,EXACT_IMLS_OUTLET_ZIP,OH0147,002,,EXACT_OUTLET;TIE_FSCSKEY_SEQ,EXACT_OUTLET;NOT_USPS_VALIDITY;NO_INVENTORY
44659,ZCTA_NEAREST_ACTIVE_OUTLET,OH0136,003,9.908,ZCTA_NN;R6371;TIE_FIRST_LEX,ZCTA_NN_HAVERSINE;NOT_ELIGIBILITY;NOT_USPS_VALIDITY;NO_INVENTORY
44660,ZCTA_NEAREST_ACTIVE_OUTLET,OH0146,007,10.188,ZCTA_NN;R6371;TIE_FIRST_LEX,ZCTA_NN_HAVERSINE;NOT_ELIGIBILITY;NOT_USPS_VALIDITY;NO_INVENTORY
44661,ZCTA_NEAREST_ACTIVE_OUTLET,OH0126,002,11.204,ZCTA_NN;R6371;TIE_FIRST_LEX,ZCTA_NN_HAVERSINE;NOT_ELIGIBILITY;NOT_USPS_VALIDITY;NO_INVENTORY
44662,EXACT_IMLS_OUTLET_ZIP,OH0136,003,,EXACT_OUTLET;TIE_FSCSKEY_SEQ,EXACT_OUTLET;NOT_USPS_VALIDITY;NO_INVENTORY
44663,EXACT_IMLS_OUTLET_ZIP,OH0161,002,,EXACT_OUTLET;TIE_FSCSKEY_SEQ,EXACT_OUTLET;NOT_USPS_VALIDITY;NO_INVENTORY
44665,ZCTA_NEAREST_ACTIVE_OUTLET,OH0248,019,10.153,ZCTA_NN;R6371;TIE_FIRST_LEX,ZCTA_NN_HAVERSINE;NOT_ELIGIBILITY;NOT_USPS_VALIDITY;NO_INVENTORY
44666,ZCTA_NEAREST_ACTIVE_OUTLET,OH0038,002,6.537,ZCTA_NN;R6371;TIE_FIRST_LEX,ZCTA_NN_HAVERSINE;NOT_ELIGIBILITY;NOT_USPS_VALIDITY;NO_INVENTORY
44667,EXACT_IMLS_OUTLET_ZIP,OH0174,002,,EXACT_OUTLET;TIE_FSCSKEY_SEQ,EXACT_OUTLET;NOT_USPS_VALIDITY;NO_INVENTORY
44669,ZCTA_NEAREST_ACTIVE_OUTLET,OH0147,002,7.787,ZCTA_NN;R6371;TIE_FIRST_LEX,ZCTA_NN_HAVERSINE;NOT_ELIGIBILITY;NOT_USPS_VALIDITY;NO_INVENTORY
44670,ZCTA_NEAREST_ACTIVE_OUTLET,OH0042,003,8.372,ZCTA_NN;R6371;TIE_FIRST_LEX,ZCTA_NN_HAVERSINE;NOT_ELIGIBILITY;NOT_USPS_VALIDITY;NO_INVENTORY
44671,ZCTA_NEAREST_ACTIVE_OUTLET,OH0161,003,7.894,ZCTA_NN;R6371;TIE_FIRST_LEX,ZCTA_NN_HAVERSINE;NOT_ELIGIBILITY;NOT_USPS_VALIDITY;NO_INVENTORY
44672,EXACT_IMLS_OUTLET_ZIP,OH0248,019,,EXACT_OUTLET;TIE_FSCSKEY_SEQ,EXACT_OUTLET;NOT_USPS_VALIDITY;NO_INVENTORY
44675,ZCTA_NEAREST_ACTIVE_OUTLET,OH0028,002,10.016,ZCTA_NN;R6371;TIE_FIRST_LEX,ZCTA_NN_HAVERSINE;NOT_ELIGIBILITY;NOT_USPS_VALIDITY;NO_INVENTORY
44676,EXACT_IMLS_OUTLET_ZIP,OH0245,007,,EXACT_OUTLET;TIE_FSCSKEY_SEQ,EXACT_OUTLET;NOT_USPS_VALIDITY;NO_INVENTORY
44677,ZCTA_NEAREST_ACTIVE_OUTLET,OH0174,002,8.773,ZCTA_NN;R6371;TIE_FIRST_LEX,ZCTA_NN_HAVERSINE;NOT_ELIGIBILITY;NOT_USPS_VALIDITY;NO_INVENTORY
44678,ZCTA_NEAREST_ACTIVE_OUTLET,OH0070,003,10.515,ZCTA_NN;R6371;TIE_FIRST_LEX,ZCTA_NN_HAVERSINE;NOT_ELIGIBILITY;NOT_USPS_VALIDITY;NO_INVENTORY
44680,EXACT_IMLS_OUTLET_ZIP,OH0161,004,,EXACT_OUTLET;TIE_FSCSKEY_SEQ,EXACT_OUTLET;NOT_USPS_VALIDITY;NO_INVENTORY
44681,EXACT_IMLS_OUTLET_ZIP,OH0161,005,,EXACT_OUTLET;TIE_FSCSKEY_SEQ,EXACT_OUTLET;NOT_USPS_VALIDITY;NO_INVENTORY
44682,EXACT_IMLS_OUTLET_ZIP,OH0161,006,,EXACT_OUTLET;TIE_FSCSKEY_SEQ,EXACT_OUTLET;NOT_USPS_VALIDITY;NO_INVENTORY
44683,EXACT_IMLS_OUTLET_ZIP,OH0068,002,,EXACT_OUTLET;TIE_FSCSKEY_SEQ,EXACT_OUTLET;NOT_USPS_VALIDITY;NO_INVENTORY
44685,EXACT_IMLS_OUTLET_ZIP,OH0002,008,,EXACT_OUTLET;TIE_FSCSKEY_SEQ,EXACT_OUTLET;NOT_USPS_VALIDITY;NO_INVENTORY
44687,EXACT_IMLS_OUTLET_ZIP,OH0146,007,,EXACT_OUTLET;TIE_FSCSKEY_SEQ,EXACT_OUTLET;NOT_USPS_VALIDITY;NO_INVENTORY
44688,ZCTA_NEAREST_ACTIVE_OUTLET,OH0042,003,7.094,ZCTA_NN;R6371;TIE_FIRST_LEX,ZCTA_NN_HAVERSINE;NOT_ELIGIBILITY;NOT_USPS_VALIDITY;NO_INVENTORY
44689,ZCTA_NEAREST_ACTIVE_OUTLET,OH0136,003,8.579,ZCTA_NN;R6371;TIE_FIRST_LEX,ZCTA_NN_HAVERSINE;NOT_ELIGIBILITY;NOT_USPS_VALIDITY;NO_INVENTORY
44690,ZCTA_NEAREST_ACTIVE_OUTLET,OH0146,007,8.386,ZCTA_NN;R6371;TIE_FIRST_LEX,ZCTA_NN_HAVERSINE;NOT_ELIGIBILITY;NOT_USPS_VALIDITY;NO_INVENTORY
44691,EXACT_IMLS_OUTLET_ZIP,OH0245,002,,EXACT_OUTLET;TIE_FSCSKEY_SEQ,EXACT_OUTLET;NOT_USPS_VALIDITY;NO_INVENTORY
44693,ZCTA_NEAREST_ACTIVE_OUTLET,OH0035,003,11.823,ZCTA_NN;R6371;TIE_FIRST_LEX,ZCTA_NN_HAVERSINE;NOT_ELIGIBILITY;NOT_USPS_VALIDITY;NO_INVENTORY
44695,EXACT_IMLS_OUTLET_ZIP,OH0028,002,,EXACT_OUTLET;TIE_FSCSKEY_SEQ,EXACT_OUTLET;NOT_USPS_VALIDITY;NO_INVENTORY
44697,ZCTA_NEAREST_ACTIVE_OUTLET,OH0161,003,6.415,ZCTA_NN;R6371;TIE_FIRST_LEX,ZCTA_NN_HAVERSINE;NOT_ELIGIBILITY;NOT_USPS_VALIDITY;NO_INVENTORY
44699,ZCTA_NEAREST_ACTIVE_OUTLET,OH0035,003,9.038,ZCTA_NN;R6371;TIE_FIRST_LEX,ZCTA_NN_HAVERSINE;NOT_ELIGIBILITY;NOT_USPS_VALIDITY;NO_INVENTORY
44701,OBSERVED_REFERENCE_INDIRECT_ONLY,,,,INDIRECT_IMLS_SC;NO_FABRICATED_NEAREST,INDIRECT_IMLS_SC;NO_FABRICATED_NEAREST;NOT_REJECTED;NOT_USPS_VALIDITY;NO_INVENTORY
44702,EXACT_IMLS_OUTLET_ZIP,OH0039,002,,EXACT_OUTLET;TIE_FSCSKEY_SEQ,EXACT_OUTLET;NOT_USPS_VALIDITY;NO_INVENTORY
44703,ZCTA_NEAREST_ACTIVE_OUTLET,OH0039,002,1.075,ZCTA_NN;R6371;TIE_FIRST_LEX,ZCTA_NN_HAVERSINE;NOT_ELIGIBILITY;NOT_USPS_VALIDITY;NO_INVENTORY
44704,ZCTA_NEAREST_ACTIVE_OUTLET,OH0039,004,1.223,ZCTA_NN;R6371;TIE_FIRST_LEX,ZCTA_NN_HAVERSINE;NOT_ELIGIBILITY;NOT_USPS_VALIDITY;NO_INVENTORY
44705,EXACT_IMLS_OUTLET_ZIP,OH0039,007,,EXACT_OUTLET;TIE_FSCSKEY_SEQ,EXACT_OUTLET;NOT_USPS_VALIDITY;NO_INVENTORY
44706,ZCTA_NEAREST_ACTIVE_OUTLET,OH0039,010,3.277,ZCTA_NN;R6371;TIE_FIRST_LEX,ZCTA_NN_HAVERSINE;NOT_ELIGIBILITY;NOT_USPS_VALIDITY;NO_INVENTORY
44707,EXACT_IMLS_OUTLET_ZIP,OH0039,004,,EXACT_OUTLET;TIE_FSCSKEY_SEQ,EXACT_OUTLET;NOT_USPS_VALIDITY;NO_INVENTORY
44708,EXACT_IMLS_OUTLET_ZIP,OH0039,009,,EXACT_OUTLET;TIE_FSCSKEY_SEQ,EXACT_OUTLET;NOT_USPS_VALIDITY;NO_INVENTORY
44709,EXACT_IMLS_OUTLET_ZIP,OH0039,008,,EXACT_OUTLET;TIE_FSCSKEY_SEQ,EXACT_OUTLET;NOT_USPS_VALIDITY;NO_INVENTORY
44710,ZCTA_NEAREST_ACTIVE_OUTLET,OH0039,009,3.664,ZCTA_NN;R6371;TIE_FIRST_LEX,ZCTA_NN_HAVERSINE;NOT_ELIGIBILITY;NOT_USPS_VALIDITY;NO_INVENTORY
44711,OBSERVED_REFERENCE_INDIRECT_ONLY,,,,INDIRECT_IMLS_SC;NO_FABRICATED_NEAREST,INDIRECT_IMLS_SC;NO_FABRICATED_NEAREST;NOT_REJECTED;NOT_USPS_VALIDITY;NO_INVENTORY
44714,ZCTA_NEAREST_ACTIVE_OUTLET,OH0039,008,1.701,ZCTA_NN;R6371;TIE_FIRST_LEX,ZCTA_NN_HAVERSINE;NOT_ELIGIBILITY;NOT_USPS_VALIDITY;NO_INVENTORY
44718,ZCTA_NEAREST_ACTIVE_OUTLET,OH0039,012,3.464,ZCTA_NN;R6371;TIE_FIRST_LEX,ZCTA_NN_HAVERSINE;NOT_ELIGIBILITY;NOT_USPS_VALIDITY;NO_INVENTORY
44720,EXACT_IMLS_OUTLET_ZIP,OH0168,002,,EXACT_OUTLET;TIE_FSCSKEY_SEQ,EXACT_OUTLET;NOT_USPS_VALIDITY;NO_INVENTORY
44721,EXACT_IMLS_OUTLET_ZIP,OH0039,013,,EXACT_OUTLET;TIE_FSCSKEY_SEQ,EXACT_OUTLET;NOT_USPS_VALIDITY;NO_INVENTORY
44730,EXACT_IMLS_OUTLET_ZIP,OH0039,005,,EXACT_OUTLET;TIE_FSCSKEY_SEQ,EXACT_OUTLET;NOT_USPS_VALIDITY;NO_INVENTORY
44735,OBSERVED_REFERENCE_INDIRECT_ONLY,,,,INDIRECT_IMLS_SC;NO_FABRICATED_NEAREST,INDIRECT_IMLS_SC;NO_FABRICATED_NEAREST;NOT_REJECTED;NOT_USPS_VALIDITY;NO_INVENTORY
44802,ZCTA_NEAREST_ACTIVE_OUTLET,OH0041,002,10.888,ZCTA_NN;R6371;TIE_FIRST_LEX,ZCTA_NN_HAVERSINE;NOT_ELIGIBILITY;NOT_USPS_VALIDITY;NO_INVENTORY
44804,ZCTA_NEAREST_ACTIVE_OUTLET,OH0084,002,11.667,ZCTA_NN;R6371;TIE_FIRST_LEX,ZCTA_NN_HAVERSINE;NOT_ELIGIBILITY;NOT_USPS_VALIDITY;NO_INVENTORY
44805,EXACT_IMLS_OUTLET_ZIP,OH0010,002,,EXACT_OUTLET;TIE_FSCSKEY_SEQ,EXACT_OUTLET;NOT_USPS_VALIDITY;NO_INVENTORY
44807,EXACT_IMLS_OUTLET_ZIP,OH0014,002,,EXACT_OUTLET;TIE_FSCSKEY_SEQ,EXACT_OUTLET;NOT_USPS_VALIDITY;NO_INVENTORY
44809,ZCTA_NEAREST_ACTIVE_OUTLET,OH0213,002,10.133,ZCTA_NN;R6371;TIE_FIRST_LEX,ZCTA_NN_HAVERSINE;NOT_ELIGIBILITY;NOT_USPS_VALIDITY;NO_INVENTORY
44811,EXACT_IMLS_OUTLET_ZIP,OH0022,002,,EXACT_OUTLET;TIE_FSCSKEY_SEQ,EXACT_OUTLET;NOT_USPS_VALIDITY;NO_INVENTORY
44813,EXACT_IMLS_OUTLET_ZIP,OH0130,003,,EXACT_OUTLET;TIE_FSCSKEY_SEQ,EXACT_OUTLET;NOT_USPS_VALIDITY;NO_INVENTORY
44814,ZCTA_NEAREST_ACTIVE_OUTLET,OH0241,005,9.892,ZCTA_NN;R6371;TIE_FIRST_LEX,ZCTA_NN_HAVERSINE;NOT_ELIGIBILITY;NOT_USPS_VALIDITY;NO_INVENTORY
44815,EXACT_IMLS_OUTLET_ZIP,OH0023,002,,EXACT_OUTLET;TIE_FSCSKEY_SEQ,EXACT_OUTLET;NOT_USPS_VALIDITY;NO_INVENTORY
44816,OBSERVED_REFERENCE_INDIRECT_ONLY,,,,INDIRECT_IMLS_SC;NO_FABRICATED_NEAREST,INDIRECT_IMLS_SC;NO_FABRICATED_NEAREST;NOT_REJECTED;NOT_USPS_VALIDITY;NO_INVENTORY
44817,ZCTA_NEAREST_ACTIVE_OUTLET,OH0167,002,11.378,ZCTA_NN;R6371;TIE_FIRST_LEX,ZCTA_NN_HAVERSINE;NOT_ELIGIBILITY;NOT_USPS_VALIDITY;NO_INVENTORY
44818,EXACT_IMLS_OUTLET_ZIP,OH0026,002,,EXACT_OUTLET;TIE_FSCSKEY_SEQ,EXACT_OUTLET;NOT_USPS_VALIDITY;NO_INVENTORY
44820,EXACT_IMLS_OUTLET_ZIP,OH0033,002,,EXACT_OUTLET;TIE_FSCSKEY_SEQ,EXACT_OUTLET;NOT_USPS_VALIDITY;NO_INVENTORY
44822,EXACT_IMLS_OUTLET_ZIP,OH0130,004,,EXACT_OUTLET;TIE_FSCSKEY_SEQ,EXACT_OUTLET;NOT_USPS_VALIDITY;NO_INVENTORY
44824,ZCTA_NEAREST_ACTIVE_OUTLET,OH0199,002,11.126,ZCTA_NN;R6371;TIE_FIRST_LEX,ZCTA_NN_HAVERSINE;NOT_ELIGIBILITY;NOT_USPS_VALIDITY;NO_INVENTORY
44825,ZCTA_NEAREST_ACTIVE_OUTLET,OH0061,003,7.442,ZCTA_NN;R6371;TIE_FIRST_LEX,ZCTA_NN_HAVERSINE;NOT_ELIGIBILITY;NOT_USPS_VALIDITY;NO_INVENTORY
44826,ZCTA_NEAREST_ACTIVE_OUTLET,OH0241,005,6.449,ZCTA_NN;R6371;TIE_FIRST_LEX,ZCTA_NN_HAVERSINE;NOT_ELIGIBILITY;NOT_USPS_VALIDITY;NO_INVENTORY
44827,EXACT_IMLS_OUTLET_ZIP,OH0061,002,,EXACT_OUTLET;TIE_FSCSKEY_SEQ,EXACT_OUTLET;NOT_USPS_VALIDITY;NO_INVENTORY
44828,ZCTA_NEAREST_ACTIVE_OUTLET,OH0022,002,4.721,ZCTA_NN;R6371;TIE_FIRST_LEX,ZCTA_NN_HAVERSINE;NOT_ELIGIBILITY;NOT_USPS_VALIDITY;NO_INVENTORY
44830,EXACT_IMLS_OUTLET_ZIP,OH0084,002,,EXACT_OUTLET;TIE_FSCSKEY_SEQ,EXACT_OUTLET;NOT_USPS_VALIDITY;NO_INVENTORY
44833,EXACT_IMLS_OUTLET_ZIP,OH0087,002,,EXACT_OUTLET;TIE_FSCSKEY_SEQ,EXACT_OUTLET;NOT_USPS_VALIDITY;NO_INVENTORY
44836,EXACT_IMLS_OUTLET_ZIP,OH0086,004,,EXACT_OUTLET;TIE_FSCSKEY_SEQ,EXACT_OUTLET;NOT_USPS_VALIDITY;NO_INVENTORY
44837,EXACT_IMLS_OUTLET_ZIP,OH0241,003,,EXACT_OUTLET;TIE_FSCSKEY_SEQ,EXACT_OUTLET;NOT_USPS_VALIDITY;NO_INVENTORY
44838,ZCTA_NEAREST_ACTIVE_OUTLET,OH0010,002,11.865,ZCTA_NN;R6371;TIE_FIRST_LEX,ZCTA_NN_HAVERSINE;NOT_ELIGIBILITY;NOT_USPS_VALIDITY;NO_INVENTORY
44839,EXACT_IMLS_OUTLET_ZIP,OH0106,002,,EXACT_OUTLET;TIE_FSCSKEY_SEQ,EXACT_OUTLET;NOT_USPS_VALIDITY;NO_INVENTORY
44840,ZCTA_NEAREST_ACTIVE_OUTLET,OH0010,002,14.826,ZCTA_NN;R6371;TIE_FIRST_LEX,ZCTA_NN_HAVERSINE;NOT_ELIGIBILITY;NOT_USPS_VALIDITY;NO_INVENTORY
44841,ZCTA_NEAREST_ACTIVE_OUTLET,OH0023,002,6.376,ZCTA_NN;R6371;TIE_FIRST_LEX,ZCTA_NN_HAVERSINE;NOT_ELIGIBILITY;NOT_USPS_VALIDITY;NO_INVENTORY
44842,EXACT_IMLS_OUTLET_ZIP,OH0126,002,,EXACT_OUTLET;TIE_FSCSKEY_SEQ,EXACT_OUTLET;NOT_USPS_VALIDITY;NO_INVENTORY
44843,EXACT_IMLS_OUTLET_ZIP,OH0130,008,,EXACT_OUTLET;TIE_FSCSKEY_SEQ,EXACT_OUTLET;NOT_USPS_VALIDITY;NO_INVENTORY
44844,ZCTA_NEAREST_ACTIVE_OUTLET,OH0212,002,8.875,ZCTA_NN;R6371;TIE_FIRST_LEX,ZCTA_NN_HAVERSINE;NOT_ELIGIBILITY;NOT_USPS_VALIDITY;NO_INVENTORY
44846,EXACT_IMLS_OUTLET_ZIP,OH0145,002,,EXACT_OUTLET;TIE_FSCSKEY_SEQ,EXACT_OUTLET;NOT_USPS_VALIDITY;NO_INVENTORY
44847,EXACT_IMLS_OUTLET_ZIP,OH0148,002,,EXACT_OUTLET;TIE_FSCSKEY_SEQ,EXACT_OUTLET;NOT_USPS_VALIDITY;NO_INVENTORY
44849,ZCTA_NEAREST_ACTIVE_OUTLET,OH0219,002,12.812,ZCTA_NN;R6371;TIE_FIRST_LEX,ZCTA_NN_HAVERSINE;NOT_ELIGIBILITY;NOT_USPS_VALIDITY;NO_INVENTORY
44850,ZCTA_NEAREST_ACTIVE_OUTLET,OH0241,002,4.177,ZCTA_NN;R6371;TIE_FIRST_LEX,ZCTA_NN_HAVERSINE;NOT_ELIGIBILITY;NOT_USPS_VALIDITY;NO_INVENTORY
44851,EXACT_IMLS_OUTLET_ZIP,OH0159,002,,EXACT_OUTLET;TIE_FSCSKEY_SEQ,EXACT_OUTLET;NOT_USPS_VALIDITY;NO_INVENTORY
44853,ZCTA_NEAREST_ACTIVE_OUTLET,OH0213,002,12.727,ZCTA_NN;R6371;TIE_FIRST_LEX,ZCTA_NN_HAVERSINE;NOT_ELIGIBILITY;NOT_USPS_VALIDITY;NO_INVENTORY
44854,EXACT_IMLS_OUTLET_ZIP,OH0061,003,,EXACT_OUTLET;TIE_FSCSKEY_SEQ,EXACT_OUTLET;NOT_USPS_VALIDITY;NO_INVENTORY
44855,EXACT_IMLS_OUTLET_ZIP,OH0241,004,,EXACT_OUTLET;TIE_FSCSKEY_SEQ,EXACT_OUTLET;NOT_USPS_VALIDITY;NO_INVENTORY
44856,ZCTA_NEAREST_ACTIVE_OUTLET,OH0087,002,8.654,ZCTA_NN;R6371;TIE_FIRST_LEX,ZCTA_NN_HAVERSINE;NOT_ELIGIBILITY;NOT_USPS_VALIDITY;NO_INVENTORY
44857,EXACT_IMLS_OUTLET_ZIP,OH0169,002,,EXACT_OUTLET;TIE_FSCSKEY_SEQ,EXACT_OUTLET;NOT_USPS_VALIDITY;NO_INVENTORY
44859,ZCTA_NEAREST_ACTIVE_OUTLET,OH0159,002,8.929,ZCTA_NN;R6371;TIE_FIRST_LEX,ZCTA_NN_HAVERSINE;NOT_ELIGIBILITY;NOT_USPS_VALIDITY;NO_INVENTORY
44861,ZCTA_NEAREST_ACTIVE_OUTLET,OH0023,002,7.466,ZCTA_NN;R6371;TIE_FIRST_LEX,ZCTA_NN_HAVERSINE;NOT_ELIGIBILITY;NOT_USPS_VALIDITY;NO_INVENTORY
44862,OBSERVED_REFERENCE_INDIRECT_ONLY,,,,INDIRECT_IMLS_SC;NO_FABRICATED_NEAREST,INDIRECT_IMLS_SC;NO_FABRICATED_NEAREST;NOT_REJECTED;NOT_USPS_VALIDITY;NO_INVENTORY
44864,ZCTA_NEAREST_ACTIVE_OUTLET,OH0126,002,8.245,ZCTA_NN;R6371;TIE_FIRST_LEX,ZCTA_NN_HAVERSINE;NOT_ELIGIBILITY;NOT_USPS_VALIDITY;NO_INVENTORY
44865,EXACT_IMLS_OUTLET_ZIP,OH0130,007,,EXACT_OUTLET;TIE_FSCSKEY_SEQ,EXACT_OUTLET;NOT_USPS_VALIDITY;NO_INVENTORY
44866,ZCTA_NEAREST_ACTIVE_OUTLET,OH0245,009,9.452,ZCTA_NN;R6371;TIE_FIRST_LEX,ZCTA_NN_HAVERSINE;NOT_ELIGIBILITY;NOT_USPS_VALIDITY;NO_INVENTORY
44867,ZCTA_NEAREST_ACTIVE_OUTLET,OH0026,002,11.168,ZCTA_NN;R6371;TIE_FIRST_LEX,ZCTA_NN_HAVERSINE;NOT_ELIGIBILITY;NOT_USPS_VALIDITY;NO_INVENTORY
44870,EXACT_IMLS_OUTLET_ZIP,OH0199,002,,EXACT_OUTLET;TIE_FSCSKEY_SEQ,EXACT_OUTLET;NOT_USPS_VALIDITY;NO_INVENTORY
44871,OBSERVED_REFERENCE_INDIRECT_ONLY,,,,INDIRECT_IMLS_SC;NO_FABRICATED_NEAREST,INDIRECT_IMLS_SC;NO_FABRICATED_NEAREST;NOT_REJECTED;NOT_USPS_VALIDITY;NO_INVENTORY
44874,ZCTA_NEAREST_ACTIVE_OUTLET,OH0130,010,11.377,ZCTA_NN;R6371;TIE_FIRST_LEX,ZCTA_NN_HAVERSINE;NOT_ELIGIBILITY;NOT_USPS_VALIDITY;NO_INVENTORY
44875,EXACT_IMLS_OUTLET_ZIP,OH0202,002,,EXACT_OUTLET;TIE_FSCSKEY_SEQ,EXACT_OUTLET;NOT_USPS_VALIDITY;NO_INVENTORY
44878,ZCTA_NEAREST_ACTIVE_OUTLET,OH0130,010,8.579,ZCTA_NN;R6371;TIE_FIRST_LEX,ZCTA_NN_HAVERSINE;NOT_ELIGIBILITY;NOT_USPS_VALIDITY;NO_INVENTORY
44880,ZCTA_NEAREST_ACTIVE_OUTLET,OH0245,009,11.483,ZCTA_NN;R6371;TIE_FIRST_LEX,ZCTA_NN_HAVERSINE;NOT_ELIGIBILITY;NOT_USPS_VALIDITY;NO_INVENTORY
44881,ZCTA_NEAREST_ACTIVE_OUTLET,OH0061,003,10.414,ZCTA_NN;R6371;TIE_FIRST_LEX,ZCTA_NN_HAVERSINE;NOT_ELIGIBILITY;NOT_USPS_VALIDITY;NO_INVENTORY
44882,EXACT_IMLS_OUTLET_ZIP,OH0212,002,,EXACT_OUTLET;TIE_FSCSKEY_SEQ,EXACT_OUTLET;NOT_USPS_VALIDITY;NO_INVENTORY
44883,EXACT_IMLS_OUTLET_ZIP,OH0213,002,,EXACT_OUTLET;TIE_FSCSKEY_SEQ,EXACT_OUTLET;NOT_USPS_VALIDITY;NO_INVENTORY
44887,ZCTA_NEAREST_ACTIVE_OUTLET,OH0061,003,7.388,ZCTA_NN;R6371;TIE_FIRST_LEX,ZCTA_NN_HAVERSINE;NOT_ELIGIBILITY;NOT_USPS_VALIDITY;NO_INVENTORY
44889,EXACT_IMLS_OUTLET_ZIP,OH0241,005,,EXACT_OUTLET;TIE_FSCSKEY_SEQ,EXACT_OUTLET;NOT_USPS_VALIDITY;NO_INVENTORY
44890,EXACT_IMLS_OUTLET_ZIP,OH0241,002,,EXACT_OUTLET;TIE_FSCSKEY_SEQ,EXACT_OUTLET;NOT_USPS_VALIDITY;NO_INVENTORY
44901,ZCTA_NEAREST_ACTIVE_OUTLET,OH0130,002,0.612,ZCTA_NN;R6371;TIE_FIRST_LEX,ZCTA_NN_HAVERSINE;NOT_ELIGIBILITY;NOT_USPS_VALIDITY;NO_INVENTORY
44902,EXACT_IMLS_OUTLET_ZIP,OH0130,002,,EXACT_OUTLET;TIE_FSCSKEY_SEQ,EXACT_OUTLET;NOT_USPS_VALIDITY;NO_INVENTORY
44903,ZCTA_NEAREST_ACTIVE_OUTLET,OH0130,002,2.007,ZCTA_NN;R6371;TIE_FIRST_LEX,ZCTA_NN_HAVERSINE;NOT_ELIGIBILITY;NOT_USPS_VALIDITY;NO_INVENTORY
44904,EXACT_IMLS_OUTLET_ZIP,OH0130,005,,EXACT_OUTLET;TIE_FSCSKEY_SEQ,EXACT_OUTLET;NOT_USPS_VALIDITY;NO_INVENTORY
44905,EXACT_IMLS_OUTLET_ZIP,OH0130,009,,EXACT_OUTLET;TIE_FSCSKEY_SEQ,EXACT_OUTLET;NOT_USPS_VALIDITY;NO_INVENTORY
44906,EXACT_IMLS_OUTLET_ZIP,OH0130,006,,EXACT_OUTLET;TIE_FSCSKEY_SEQ,EXACT_OUTLET;NOT_USPS_VALIDITY;NO_INVENTORY
44907,ZCTA_NEAREST_ACTIVE_OUTLET,OH0130,002,3.575,ZCTA_NN;R6371;TIE_FIRST_LEX,ZCTA_NN_HAVERSINE;NOT_ELIGIBILITY;NOT_USPS_VALIDITY;NO_INVENTORY
45001,ZCTA_NEAREST_ACTIVE_OUTLET,OH0049,024,4.171,ZCTA_NN;R6371;TIE_FIRST_LEX,ZCTA_NN_HAVERSINE;NOT_ELIGIBILITY;NOT_USPS_VALIDITY;NO_INVENTORY
45002,EXACT_IMLS_OUTLET_ZIP,OH0049,024,,EXACT_OUTLET;TIE_FSCSKEY_SEQ,EXACT_OUTLET;NOT_USPS_VALIDITY;NO_INVENTORY
45003,ZCTA_NEAREST_ACTIVE_OUTLET,OH0100,006,9.214,ZCTA_NN;R6371;TIE_FIRST_LEX,ZCTA_NN_HAVERSINE;NOT_ELIGIBILITY;NOT_USPS_VALIDITY;NO_INVENTORY
45005,EXACT_IMLS_OUTLET_ZIP,OH0085,002,,EXACT_OUTLET;TIE_FSCSKEY_SEQ,EXACT_OUTLET;NOT_USPS_VALIDITY;NO_INVENTORY
45011,EXACT_IMLS_OUTLET_ZIP,OH0100,007,,EXACT_OUTLET;TIE_FSCSKEY_SEQ,EXACT_OUTLET;NOT_USPS_VALIDITY;NO_INVENTORY
45012,OBSERVED_REFERENCE_INDIRECT_ONLY,,,,INDIRECT_IMLS_SC;NO_FABRICATED_NEAREST,INDIRECT_IMLS_SC;NO_FABRICATED_NEAREST;NOT_REJECTED;NOT_USPS_VALIDITY;NO_INVENTORY
45013,ZCTA_NEAREST_ACTIVE_OUTLET,OH0100,007,8.175,ZCTA_NN;R6371;TIE_FIRST_LEX,ZCTA_NN_HAVERSINE;NOT_ELIGIBILITY;NOT_USPS_VALIDITY;NO_INVENTORY
45014,EXACT_IMLS_OUTLET_ZIP,OH0100,004,,EXACT_OUTLET;TIE_FSCSKEY_SEQ,EXACT_OUTLET;NOT_USPS_VALIDITY;NO_INVENTORY
45015,ZCTA_NEAREST_ACTIVE_OUTLET,OH0100,007,3.225,ZCTA_NN;R6371;TIE_FIRST_LEX,ZCTA_NN_HAVERSINE;NOT_ELIGIBILITY;NOT_USPS_VALIDITY;NO_INVENTORY
45018,OBSERVED_REFERENCE_INDIRECT_ONLY,,,,INDIRECT_IMLS_SC;NO_FABRICATED_NEAREST,INDIRECT_IMLS_SC;NO_FABRICATED_NEAREST;NOT_REJECTED;NOT_USPS_VALIDITY;NO_INVENTORY
45030,EXACT_IMLS_OUTLET_ZIP,OH0049,017,,EXACT_OUTLET;TIE_FSCSKEY_SEQ,EXACT_OUTLET;NOT_USPS_VALIDITY;NO_INVENTORY
45032,ZCTA_NEAREST_ACTIVE_OUTLET,OH0243,003,6.646,ZCTA_NN;R6371;TIE_FIRST_LEX,ZCTA_NN_HAVERSINE;NOT_ELIGIBILITY;NOT_USPS_VALIDITY;NO_INVENTORY
45033,ZCTA_NEAREST_ACTIVE_OUTLET,OH0049,024,2.294,ZCTA_NN;R6371;TIE_FIRST_LEX,ZCTA_NN_HAVERSINE;NOT_ELIGIBILITY;NOT_USPS_VALIDITY;NO_INVENTORY
45034,ZCTA_NEAREST_ACTIVE_OUTLET,OH0135,002,5.738,ZCTA_NN;R6371;TIE_FIRST_LEX,ZCTA_NN_HAVERSINE;NOT_ELIGIBILITY;NOT_USPS_VALIDITY;NO_INVENTORY
45036,EXACT_IMLS_OUTLET_ZIP,OH0117,002,,EXACT_OUTLET;TIE_FSCSKEY_SEQ,EXACT_OUTLET;NOT_USPS_VALIDITY;NO_INVENTORY
45039,ZCTA_NEAREST_ACTIVE_OUTLET,OH0049,020,7.001,ZCTA_NN;R6371;TIE_FIRST_LEX,ZCTA_NN_HAVERSINE;NOT_ELIGIBILITY;NOT_USPS_VALIDITY;NO_INVENTORY
45040,EXACT_IMLS_OUTLET_ZIP,OH0135,002,,EXACT_OUTLET;TIE_FSCSKEY_SEQ,EXACT_OUTLET;NOT_USPS_VALIDITY;NO_INVENTORY
45041,ZCTA_NEAREST_ACTIVE_OUTLET,OH0049,024,6.678,ZCTA_NN;R6371;TIE_FIRST_LEX,ZCTA_NN_HAVERSINE;NOT_ELIGIBILITY;NOT_USPS_VALIDITY;NO_INVENTORY
45042,ZCTA_NEAREST_ACTIVE_OUTLET,OH0144,006,4.514,ZCTA_NN;R6371;TIE_FIRST_LEX,ZCTA_NN_HAVERSINE;NOT_ELIGIBILITY;NOT_USPS_VALIDITY;NO_INVENTORY
45044,EXACT_IMLS_OUTLET_ZIP,OH0144,002,,EXACT_OUTLET;TIE_FSCSKEY_SEQ,EXACT_OUTLET;NOT_USPS_VALIDITY;NO_INVENTORY
45050,EXACT_IMLS_OUTLET_ZIP,OH0144,005,,EXACT_OUTLET;TIE_FSCSKEY_SEQ,EXACT_OUTLET;NOT_USPS_VALIDITY;NO_INVENTORY
45051,ZCTA_NEAREST_ACTIVE_OUTLET,OH0049,012,3.835,ZCTA_NN;R6371;TIE_FIRST_LEX,ZCTA_NN_HAVERSINE;NOT_ELIGIBILITY;NOT_USPS_VALIDITY;NO_INVENTORY
45052,ZCTA_NEAREST_ACTIVE_OUTLET,OH0049,024,3.561,ZCTA_NN;R6371;TIE_FIRST_LEX,ZCTA_NN_HAVERSINE;NOT_ELIGIBILITY;NOT_USPS_VALIDITY;NO_INVENTORY
45053,ZCTA_NEAREST_ACTIVE_OUTLET,OH0049,017,10.231,ZCTA_NN;R6371;TIE_FIRST_LEX,ZCTA_NN_HAVERSINE;NOT_ELIGIBILITY;NOT_USPS_VALIDITY;NO_INVENTORY
45054,ZCTA_NEAREST_ACTIVE_OUTLET,OH0243,003,8.802,ZCTA_NN;R6371;TIE_FIRST_LEX,ZCTA_NN_HAVERSINE;NOT_ELIGIBILITY;NOT_USPS_VALIDITY;NO_INVENTORY
45055,ZCTA_NEAREST_ACTIVE_OUTLET,OH0144,003,4.243,ZCTA_NN;R6371;TIE_FIRST_LEX,ZCTA_NN_HAVERSINE;NOT_ELIGIBILITY;NOT_USPS_VALIDITY;NO_INVENTORY
45056,EXACT_IMLS_OUTLET_ZIP,OH0100,006,,EXACT_OUTLET;TIE_FSCSKEY_SEQ,EXACT_OUTLET;NOT_USPS_VALIDITY;NO_INVENTORY
45061,OBSERVED_REFERENCE_INDIRECT_ONLY,,,,INDIRECT_IMLS_SC;NO_FABRICATED_NEAREST,INDIRECT_IMLS_SC;NO_FABRICATED_NEAREST;NOT_REJECTED;NOT_USPS_VALIDITY;NO_INVENTORY
45062,ZCTA_NEAREST_ACTIVE_OUTLET,OH0144,003,7.310,ZCTA_NN;R6371;TIE_FIRST_LEX,ZCTA_NN_HAVERSINE;NOT_ELIGIBILITY;NOT_USPS_VALIDITY;NO_INVENTORY
45063,OBSERVED_REFERENCE_INDIRECT_ONLY,,,,INDIRECT_IMLS_SC;NO_FABRICATED_NEAREST,INDIRECT_IMLS_SC;NO_FABRICATED_NEAREST;NOT_REJECTED;NOT_USPS_VALIDITY;NO_INVENTORY
45064,ZCTA_NEAREST_ACTIVE_OUTLET,OH0075,008,5.172,ZCTA_NN;R6371;TIE_FIRST_LEX,ZCTA_NN_HAVERSINE;NOT_ELIGIBILITY;NOT_USPS_VALIDITY;NO_INVENTORY
45065,ZCTA_NEAREST_ACTIVE_OUTLET,OH0150,002,6.365,ZCTA_NN;R6371;TIE_FIRST_LEX,ZCTA_NN_HAVERSINE;NOT_ELIGIBILITY;NOT_USPS_VALIDITY;NO_INVENTORY
45066,EXACT_IMLS_OUTLET_ZIP,OH0085,003,,EXACT_OUTLET;TIE_FSCSKEY_SEQ,EXACT_OUTLET;NOT_USPS_VALIDITY;NO_INVENTORY
45067,EXACT_IMLS_OUTLET_ZIP,OH0144,003,,EXACT_OUTLET;TIE_FSCSKEY_SEQ,EXACT_OUTLET;NOT_USPS_VALIDITY;NO_INVENTORY
45068,EXACT_IMLS_OUTLET_ZIP,OH0231,002,,EXACT_OUTLET;TIE_FSCSKEY_SEQ,EXACT_OUTLET;NOT_USPS_VALIDITY;NO_INVENTORY
45069,EXACT_IMLS_OUTLET_ZIP,OH0144,004,,EXACT_OUTLET;TIE_FSCSKEY_SEQ,EXACT_OUTLET;NOT_USPS_VALIDITY;NO_INVENTORY
45070,EXACT_IMLS_OUTLET_ZIP,OH0075,008,,EXACT_OUTLET;TIE_FSCSKEY_SEQ,EXACT_OUTLET;NOT_USPS_VALIDITY;NO_INVENTORY
45071,OBSERVED_REFERENCE_INDIRECT_ONLY,,,,INDIRECT_IMLS_SC;NO_FABRICATED_NEAREST,INDIRECT_IMLS_SC;NO_FABRICATED_NEAREST;NOT_REJECTED;NOT_USPS_VALIDITY;NO_INVENTORY
45101,EXACT_IMLS_OUTLET_ZIP,OH0192,003,,EXACT_OUTLET;TIE_FSCSKEY_SEQ,EXACT_OUTLET;NOT_USPS_VALIDITY;NO_INVENTORY
45102,EXACT_IMLS_OUTLET_ZIP,OH0018,004,,EXACT_OUTLET;TIE_FSCSKEY_SEQ,EXACT_OUTLET;NOT_USPS_VALIDITY;NO_INVENTORY
45103,EXACT_IMLS_OUTLET_ZIP,OH0018,003,,EXACT_OUTLET;TIE_FSCSKEY_SEQ,EXACT_OUTLET;NOT_USPS_VALIDITY;NO_INVENTORY
45105,ZCTA_NEAREST_ACTIVE_OUTLET,OH0129,004,6.856,ZCTA_NN;R6371;TIE_FIRST_LEX,ZCTA_NN_HAVERSINE;NOT_ELIGIBILITY;NOT_USPS_VALIDITY;NO_INVENTORY
45106,EXACT_IMLS_OUTLET_ZIP,OH0018,005,,EXACT_OUTLET;TIE_FSCSKEY_SEQ,EXACT_OUTLET;NOT_USPS_VALIDITY;NO_INVENTORY
45107,EXACT_IMLS_OUTLET_ZIP,OH0025,002,,EXACT_OUTLET;TIE_FSCSKEY_SEQ,EXACT_OUTLET;NOT_USPS_VALIDITY;NO_INVENTORY
45111,ZCTA_NEAREST_ACTIVE_OUTLET,OH0018,007,5.893,ZCTA_NN;R6371;TIE_FIRST_LEX,ZCTA_NN_HAVERSINE;NOT_ELIGIBILITY;NOT_USPS_VALIDITY;NO_INVENTORY
45112,ZCTA_NEAREST_ACTIVE_OUTLET,OH0018,011,5.654,ZCTA_NN;R6371;TIE_FIRST_LEX,ZCTA_NN_HAVERSINE;NOT_ELIGIBILITY;NOT_USPS_VALIDITY;NO_INVENTORY
45113,EXACT_IMLS_OUTLET_ZIP,OH0243,003,,EXACT_OUTLET;TIE_FSCSKEY_SEQ,EXACT_OUTLET;NOT_USPS_VALIDITY;NO_INVENTORY
45115,ZCTA_NEAREST_ACTIVE_OUTLET,OH0192,004,9.966,ZCTA_NN;R6371;TIE_FIRST_LEX,ZCTA_NN_HAVERSINE;NOT_ELIGIBILITY;NOT_USPS_VALIDITY;NO_INVENTORY
45118,EXACT_IMLS_OUTLET_ZIP,OH0090,004,,EXACT_OUTLET;TIE_FSCSKEY_SEQ,EXACT_OUTLET;NOT_USPS_VALIDITY;NO_INVENTORY
45119,ZCTA_NEAREST_ACTIVE_OUTLET,OH0090,002,8.222,ZCTA_NN;R6371;TIE_FIRST_LEX,ZCTA_NN_HAVERSINE;NOT_ELIGIBILITY;NOT_USPS_VALIDITY;NO_INVENTORY
45120,EXACT_IMLS_OUTLET_ZIP,OH0018,011,,EXACT_OUTLET;TIE_FSCSKEY_SEQ,EXACT_OUTLET;NOT_USPS_VALIDITY;NO_INVENTORY
45121,EXACT_IMLS_OUTLET_ZIP,OH0090,002,,EXACT_OUTLET;TIE_FSCSKEY_SEQ,EXACT_OUTLET;NOT_USPS_VALIDITY;NO_INVENTORY
45122,EXACT_IMLS_OUTLET_ZIP,OH0018,006,,EXACT_OUTLET;TIE_FSCSKEY_SEQ,EXACT_OUTLET;NOT_USPS_VALIDITY;NO_INVENTORY
45123,EXACT_IMLS_OUTLET_ZIP,OH0101,003,,EXACT_OUTLET;TIE_FSCSKEY_SEQ,EXACT_OUTLET;NOT_USPS_VALIDITY;NO_INVENTORY
45130,ZCTA_NEAREST_ACTIVE_OUTLET,OH0090,002,9.381,ZCTA_NN;R6371;TIE_FIRST_LEX,ZCTA_NN_HAVERSINE;NOT_ELIGIBILITY;NOT_USPS_VALIDITY;NO_INVENTORY
45131,ZCTA_NEAREST_ACTIVE_OUTLET,OH0090,002,10.018,ZCTA_NN;R6371;TIE_FIRST_LEX,ZCTA_NN_HAVERSINE;NOT_ELIGIBILITY;NOT_USPS_VALIDITY;NO_INVENTORY
45132,ZCTA_NEAREST_ACTIVE_OUTLET,OH0101,004,4.129,ZCTA_NN;R6371;TIE_FIRST_LEX,ZCTA_NN_HAVERSINE;NOT_ELIGIBILITY;NOT_USPS_VALIDITY;NO_INVENTORY
45133,EXACT_IMLS_OUTLET_ZIP,OH0101,002,,EXACT_OUTLET;TIE_FSCSKEY_SEQ,EXACT_OUTLET;NOT_USPS_VALIDITY;NO_INVENTORY
45135,EXACT_IMLS_OUTLET_ZIP,OH0101,004,,EXACT_OUTLET;TIE_FSCSKEY_SEQ,EXACT_OUTLET;NOT_USPS_VALIDITY;NO_INVENTORY
45140,EXACT_IMLS_OUTLET_ZIP,OH0049,020,,EXACT_OUTLET;TIE_FSCSKEY_SEQ,EXACT_OUTLET;NOT_USPS_VALIDITY;NO_INVENTORY
45142,EXACT_IMLS_OUTLET_ZIP,OH0101,005,,EXACT_OUTLET;TIE_FSCSKEY_SEQ,EXACT_OUTLET;NOT_USPS_VALIDITY;NO_INVENTORY
45144,EXACT_IMLS_OUTLET_ZIP,OH0129,004,,EXACT_OUTLET;TIE_FSCSKEY_SEQ,EXACT_OUTLET;NOT_USPS_VALIDITY;NO_INVENTORY
45146,ZCTA_NEAREST_ACTIVE_OUTLET,OH0101,005,7.973,ZCTA_NN;R6371;TIE_FIRST_LEX,ZCTA_NN_HAVERSINE;NOT_ELIGIBILITY;NOT_USPS_VALIDITY;NO_INVENTORY
45147,ZCTA_NEAREST_ACTIVE_OUTLET,OH0049,021,5.626,ZCTA_NN;R6371;TIE_FIRST_LEX,ZCTA_NN_HAVERSINE;NOT_ELIGIBILITY;NOT_USPS_VALIDITY;NO_INVENTORY
45148,ZCTA_NEAREST_ACTIVE_OUTLET,OH0025,002,8.746,ZCTA_NN;R6371;TIE_FIRST_LEX,ZCTA_NN_HAVERSINE;NOT_ELIGIBILITY;NOT_USPS_VALIDITY;NO_INVENTORY
45150,EXACT_IMLS_OUTLET_ZIP,OH0018,007,,EXACT_OUTLET;TIE_FSCSKEY_SEQ,EXACT_OUTLET;NOT_USPS_VALIDITY;NO_INVENTORY
45152,EXACT_IMLS_OUTLET_ZIP,OH0150,002,,EXACT_OUTLET;TIE_FSCSKEY_SEQ,EXACT_OUTLET;NOT_USPS_VALIDITY;NO_INVENTORY
45153,ZCTA_NEAREST_ACTIVE_OUTLET,OH0018,011,8.438,ZCTA_NN;R6371;TIE_FIRST_LEX,ZCTA_NN_HAVERSINE;NOT_ELIGIBILITY;NOT_USPS_VALIDITY;NO_INVENTORY
45154,EXACT_IMLS_OUTLET_ZIP,OH0090,003,,EXACT_OUTLET;TIE_FSCSKEY_SEQ,EXACT_OUTLET;NOT_USPS_VALIDITY;NO_INVENTORY
45155,ZCTA_NEAREST_ACTIVE_OUTLET,OH0090,005,6.436,ZCTA_NN;R6371;TIE_FIRST_LEX,ZCTA_NN_HAVERSINE;NOT_ELIGIBILITY;NOT_USPS_VALIDITY;NO_INVENTORY
45156,ZCTA_NEAREST_ACTIVE_OUTLET,OH0018,011,10.279,ZCTA_NN;R6371;TIE_FIRST_LEX,ZCTA_NN_HAVERSINE;NOT_ELIGIBILITY;NOT_USPS_VALIDITY;NO_INVENTORY
45157,EXACT_IMLS_OUTLET_ZIP,OH0018,008,,EXACT_OUTLET;TIE_FSCSKEY_SEQ,EXACT_OUTLET;NOT_USPS_VALIDITY;NO_INVENTORY
45158,ZCTA_NEAREST_ACTIVE_OUTLET,OH0018,012,7.524,ZCTA_NN;R6371;TIE_FIRST_LEX,ZCTA_NN_HAVERSINE;NOT_ELIGIBILITY;NOT_USPS_VALIDITY;NO_INVENTORY
45159,EXACT_IMLS_OUTLET_ZIP,OH0197,003,,EXACT_OUTLET;TIE_FSCSKEY_SEQ,EXACT_OUTLET;NOT_USPS_VALIDITY;NO_INVENTORY
45160,EXACT_IMLS_OUTLET_ZIP,OH0018,012,,EXACT_OUTLET;TIE_FSCSKEY_SEQ,EXACT_OUTLET;NOT_USPS_VALIDITY;NO_INVENTORY
45162,ZCTA_NEAREST_ACTIVE_OUTLET,OH0025,002,7.856,ZCTA_NN;R6371;TIE_FIRST_LEX,ZCTA_NN_HAVERSINE;NOT_ELIGIBILITY;NOT_USPS_VALIDITY;NO_INVENTORY
45164,ZCTA_NEAREST_ACTIVE_OUTLET,OH0243,002,12.149,ZCTA_NN;R6371;TIE_FIRST_LEX,ZCTA_NN_HAVERSINE;NOT_ELIGIBILITY;NOT_USPS_VALIDITY;NO_INVENTORY
45166,ZCTA_NEAREST_ACTIVE_OUTLET,OH0197,002,4.668,ZCTA_NN;R6371;TIE_FIRST_LEX,ZCTA_NN_HAVERSINE;NOT_ELIGIBILITY;NOT_USPS_VALIDITY;NO_INVENTORY
45167,EXACT_IMLS_OUTLET_ZIP,OH0192,002,,EXACT_OUTLET;TIE_FSCSKEY_SEQ,EXACT_OUTLET;NOT_USPS_VALIDITY;NO_INVENTORY
45168,EXACT_IMLS_OUTLET_ZIP,OH0192,004,,EXACT_OUTLET;TIE_FSCSKEY_SEQ,EXACT_OUTLET;NOT_USPS_VALIDITY;NO_INVENTORY
45169,EXACT_IMLS_OUTLET_ZIP,OH0197,002,,EXACT_OUTLET;TIE_FSCSKEY_SEQ,EXACT_OUTLET;NOT_USPS_VALIDITY;NO_INVENTORY
45171,EXACT_IMLS_OUTLET_ZIP,OH0090,005,,EXACT_OUTLET;TIE_FSCSKEY_SEQ,EXACT_OUTLET;NOT_USPS_VALIDITY;NO_INVENTORY
45172,ZCTA_NEAREST_ACTIVE_OUTLET,OH0129,003,13.870,ZCTA_NN;R6371;TIE_FIRST_LEX,ZCTA_NN_HAVERSINE;NOT_ELIGIBILITY;NOT_USPS_VALIDITY;NO_INVENTORY
45174,ZCTA_NEAREST_ACTIVE_OUTLET,OH0049,023,4.984,ZCTA_NN;R6371;TIE_FIRST_LEX,ZCTA_NN_HAVERSINE;NOT_ELIGIBILITY;NOT_USPS_VALIDITY;NO_INVENTORY
45176,EXACT_IMLS_OUTLET_ZIP,OH0018,010,,EXACT_OUTLET;TIE_FSCSKEY_SEQ,EXACT_OUTLET;NOT_USPS_VALIDITY;NO_INVENTORY
45177,EXACT_IMLS_OUTLET_ZIP,OH0243,002,,EXACT_OUTLET;TIE_FSCSKEY_SEQ,EXACT_OUTLET;NOT_USPS_VALIDITY;NO_INVENTORY
45201,OBSERVED_REFERENCE_INDIRECT_ONLY,,,,INDIRECT_IMLS_SC;NO_FABRICATED_NEAREST,INDIRECT_IMLS_SC;NO_FABRICATED_NEAREST;NOT_REJECTED;NOT_USPS_VALIDITY;NO_INVENTORY
45202,EXACT_IMLS_OUTLET_ZIP,OH0049,002,,EXACT_OUTLET;TIE_FSCSKEY_SEQ,EXACT_OUTLET;NOT_USPS_VALIDITY;NO_INVENTORY
45203,EXACT_IMLS_OUTLET_ZIP,OH0049,019,,EXACT_OUTLET;TIE_FSCSKEY_SEQ,EXACT_OUTLET;NOT_USPS_VALIDITY;NO_INVENTORY
45204,ZCTA_NEAREST_ACTIVE_OUTLET,OH0049,035,2.870,ZCTA_NN;R6371;TIE_FIRST_LEX,ZCTA_NN_HAVERSINE;NOT_ELIGIBILITY;NOT_USPS_VALIDITY;NO_INVENTORY
45205,EXACT_IMLS_OUTLET_ZIP,OH0049,035,,EXACT_OUTLET;TIE_FSCSKEY_SEQ,EXACT_OUTLET;NOT_USPS_VALIDITY;NO_INVENTORY
45206,EXACT_IMLS_OUTLET_ZIP,OH0049,041,,EXACT_OUTLET;TIE_FSCSKEY_SEQ,EXACT_OUTLET;NOT_USPS_VALIDITY;NO_INVENTORY
45207,ZCTA_NEAREST_ACTIVE_OUTLET,OH0049,004,1.660,ZCTA_NN;R6371;TIE_FIRST_LEX,ZCTA_NN_HAVERSINE;NOT_ELIGIBILITY;NOT_USPS_VALIDITY;NO_INVENTORY
45208,EXACT_IMLS_OUTLET_ZIP,OH0049,018,,EXACT_OUTLET;TIE_FSCSKEY_SEQ,EXACT_OUTLET;NOT_USPS_VALIDITY;NO_INVENTORY
45209,EXACT_IMLS_OUTLET_ZIP,OH0049,031,,EXACT_OUTLET;TIE_FSCSKEY_SEQ,EXACT_OUTLET;NOT_USPS_VALIDITY;NO_INVENTORY
45211,EXACT_IMLS_OUTLET_ZIP,OH0049,008,,EXACT_OUTLET;TIE_FSCSKEY_SEQ,EXACT_OUTLET;NOT_USPS_VALIDITY;NO_INVENTORY
45212,EXACT_IMLS_OUTLET_ZIP,OH0049,030,,EXACT_OUTLET;TIE_FSCSKEY_SEQ,EXACT_OUTLET;NOT_USPS_VALIDITY;NO_INVENTORY
45213,EXACT_IMLS_OUTLET_ZIP,OH0049,034,,EXACT_OUTLET;TIE_FSCSKEY_SEQ,EXACT_OUTLET;NOT_USPS_VALIDITY;NO_INVENTORY
45214,ZCTA_NEAREST_ACTIVE_OUTLET,OH0049,019,0.833,ZCTA_NN;R6371;TIE_FIRST_LEX,ZCTA_NN_HAVERSINE;NOT_ELIGIBILITY;NOT_USPS_VALIDITY;NO_INVENTORY
45215,EXACT_IMLS_OUTLET_ZIP,OH0049,006,,EXACT_OUTLET;TIE_FSCSKEY_SEQ,EXACT_OUTLET;NOT_USPS_VALIDITY;NO_INVENTORY
45216,EXACT_IMLS_OUTLET_ZIP,OH0049,013,,EXACT_OUTLET;TIE_FSCSKEY_SEQ,EXACT_OUTLET;NOT_USPS_VALIDITY;NO_INVENTORY
45217,EXACT_IMLS_OUTLET_ZIP,OH0049,037,,EXACT_OUTLET;TIE_FSCSKEY_SEQ,EXACT_OUTLET;NOT_USPS_VALIDITY;NO_INVENTORY
45218,EXACT_IMLS_OUTLET_ZIP,OH0049,015,,EXACT_OUTLET;TIE_FSCSKEY_SEQ,EXACT_OUTLET;NOT_USPS_VALIDITY;NO_INVENTORY
45219,EXACT_IMLS_OUTLET_ZIP,OH0049,028,,EXACT_OUTLET;TIE_FSCSKEY_SEQ,EXACT_OUTLET;NOT_USPS_VALIDITY;NO_INVENTORY
45220,EXACT_IMLS_OUTLET_ZIP,OH0049,009,,EXACT_OUTLET;TIE_FSCSKEY_SEQ,EXACT_OUTLET;NOT_USPS_VALIDITY;NO_INVENTORY
45221,OBSERVED_REFERENCE_INDIRECT_ONLY,,,,INDIRECT_IMLS_SC;NO_FABRICATED_NEAREST,INDIRECT_IMLS_SC;NO_FABRICATED_NEAREST;NOT_REJECTED;NOT_USPS_VALIDITY;NO_INVENTORY
45222,OBSERVED_REFERENCE_INDIRECT_ONLY,,,,INDIRECT_IMLS_SC;NO_FABRICATED_NEAREST,INDIRECT_IMLS_SC;NO_FABRICATED_NEAREST;NOT_REJECTED;NOT_USPS_VALIDITY;NO_INVENTORY
45223,EXACT_IMLS_OUTLET_ZIP,OH0049,010,,EXACT_OUTLET;TIE_FSCSKEY_SEQ,EXACT_OUTLET;NOT_USPS_VALIDITY;NO_INVENTORY
45224,EXACT_IMLS_OUTLET_ZIP,OH0049,029,,EXACT_OUTLET;TIE_FSCSKEY_SEQ,EXACT_OUTLET;NOT_USPS_VALIDITY;NO_INVENTORY
45225,ZCTA_NEAREST_ACTIVE_OUTLET,OH0049,010,2.588,ZCTA_NN;R6371;TIE_FIRST_LEX,ZCTA_NN_HAVERSINE;NOT_ELIGIBILITY;NOT_USPS_VALIDITY;NO_INVENTORY
45226,ZCTA_NEAREST_ACTIVE_OUTLET,OH0049,018,3.506,ZCTA_NN;R6371;TIE_FIRST_LEX,ZCTA_NN_HAVERSINE;NOT_ELIGIBILITY;NOT_USPS_VALIDITY;NO_INVENTORY
45227,EXACT_IMLS_OUTLET_ZIP,OH0049,022,,EXACT_OUTLET;TIE_FSCSKEY_SEQ,EXACT_OUTLET;NOT_USPS_VALIDITY;NO_INVENTORY
45229,EXACT_IMLS_OUTLET_ZIP,OH0049,004,,EXACT_OUTLET;TIE_FSCSKEY_SEQ,EXACT_OUTLET;NOT_USPS_VALIDITY;NO_INVENTORY
45230,EXACT_IMLS_OUTLET_ZIP,OH0049,003,,EXACT_OUTLET;TIE_FSCSKEY_SEQ,EXACT_OUTLET;NOT_USPS_VALIDITY;NO_INVENTORY
45231,EXACT_IMLS_OUTLET_ZIP,OH0049,025,,EXACT_OUTLET;TIE_FSCSKEY_SEQ,EXACT_OUTLET;NOT_USPS_VALIDITY;NO_INVENTORY
45232,ZCTA_NEAREST_ACTIVE_OUTLET,OH0049,029,2.641,ZCTA_NN;R6371;TIE_FIRST_LEX,ZCTA_NN_HAVERSINE;NOT_ELIGIBILITY;NOT_USPS_VALIDITY;NO_INVENTORY
45233,ZCTA_NEAREST_ACTIVE_OUTLET,OH0049,014,4.093,ZCTA_NN;R6371;TIE_FIRST_LEX,ZCTA_NN_HAVERSINE;NOT_ELIGIBILITY;NOT_USPS_VALIDITY;NO_INVENTORY
45234,OBSERVED_REFERENCE_INDIRECT_ONLY,,,,INDIRECT_IMLS_SC;NO_FABRICATED_NEAREST,INDIRECT_IMLS_SC;NO_FABRICATED_NEAREST;NOT_REJECTED;NOT_USPS_VALIDITY;NO_INVENTORY
45236,EXACT_IMLS_OUTLET_ZIP,OH0049,011,,EXACT_OUTLET;TIE_FSCSKEY_SEQ,EXACT_OUTLET;NOT_USPS_VALIDITY;NO_INVENTORY
45237,EXACT_IMLS_OUTLET_ZIP,OH0049,046,,EXACT_OUTLET;TIE_FSCSKEY_SEQ,EXACT_OUTLET;NOT_USPS_VALIDITY;NO_INVENTORY
45238,EXACT_IMLS_OUTLET_ZIP,OH0049,012,,EXACT_OUTLET;TIE_FSCSKEY_SEQ,EXACT_OUTLET;NOT_USPS_VALIDITY;NO_INVENTORY
45239,EXACT_IMLS_OUTLET_ZIP,OH0049,016,,EXACT_OUTLET;TIE_FSCSKEY_SEQ,EXACT_OUTLET;NOT_USPS_VALIDITY;NO_INVENTORY
45240,EXACT_IMLS_OUTLET_ZIP,OH0049,033,,EXACT_OUTLET;TIE_FSCSKEY_SEQ,EXACT_OUTLET;NOT_USPS_VALIDITY;NO_INVENTORY
45241,EXACT_IMLS_OUTLET_ZIP,OH0049,038,,EXACT_OUTLET;TIE_FSCSKEY_SEQ,EXACT_OUTLET;NOT_USPS_VALIDITY;NO_INVENTORY
45242,EXACT_IMLS_OUTLET_ZIP,OH0049,039,,EXACT_OUTLET;TIE_FSCSKEY_SEQ,EXACT_OUTLET;NOT_USPS_VALIDITY;NO_INVENTORY
45243,EXACT_IMLS_OUTLET_ZIP,OH0049,021,,EXACT_OUTLET;TIE_FSCSKEY_SEQ,EXACT_OUTLET;NOT_USPS_VALIDITY;NO_INVENTORY
45244,ZCTA_NEAREST_ACTIVE_OUTLET,OH0049,003,3.970,ZCTA_NN;R6371;TIE_FIRST_LEX,ZCTA_NN_HAVERSINE;NOT_ELIGIBILITY;NOT_USPS_VALIDITY;NO_INVENTORY
45245,EXACT_IMLS_OUTLET_ZIP,OH0018,009,,EXACT_OUTLET;TIE_FSCSKEY_SEQ,EXACT_OUTLET;NOT_USPS_VALIDITY;NO_INVENTORY
45246,ZCTA_NEAREST_ACTIVE_OUTLET,OH0049,033,3.179,ZCTA_NN;R6371;TIE_FIRST_LEX,ZCTA_NN_HAVERSINE;NOT_ELIGIBILITY;NOT_USPS_VALIDITY;NO_INVENTORY
45247,EXACT_IMLS_OUTLET_ZIP,OH0049,042,,EXACT_OUTLET;TIE_FSCSKEY_SEQ,EXACT_OUTLET;NOT_USPS_VALIDITY;NO_INVENTORY
45248,EXACT_IMLS_OUTLET_ZIP,OH0049,014,,EXACT_OUTLET;TIE_FSCSKEY_SEQ,EXACT_OUTLET;NOT_USPS_VALIDITY;NO_INVENTORY
45249,ZCTA_NEAREST_ACTIVE_OUTLET,OH0049,044,1.770,ZCTA_NN;R6371;TIE_FIRST_LEX,ZCTA_NN_HAVERSINE;NOT_ELIGIBILITY;NOT_USPS_VALIDITY;NO_INVENTORY
45250,OBSERVED_REFERENCE_INDIRECT_ONLY,,,,INDIRECT_IMLS_SC;NO_FABRICATED_NEAREST,INDIRECT_IMLS_SC;NO_FABRICATED_NEAREST;NOT_REJECTED;NOT_USPS_VALIDITY;NO_INVENTORY
45251,ZCTA_NEAREST_ACTIVE_OUTLET,OH0049,045,2.964,ZCTA_NN;R6371;TIE_FIRST_LEX,ZCTA_NN_HAVERSINE;NOT_ELIGIBILITY;NOT_USPS_VALIDITY;NO_INVENTORY
45252,ZCTA_NEAREST_ACTIVE_OUTLET,OH0049,045,5.616,ZCTA_NN;R6371;TIE_FIRST_LEX,ZCTA_NN_HAVERSINE;NOT_ELIGIBILITY;NOT_USPS_VALIDITY;NO_INVENTORY
45254,OBSERVED_REFERENCE_INDIRECT_ONLY,,,,INDIRECT_IMLS_SC;NO_FABRICATED_NEAREST,INDIRECT_IMLS_SC;NO_FABRICATED_NEAREST;NOT_REJECTED;NOT_USPS_VALIDITY;NO_INVENTORY
45255,ZCTA_NEAREST_ACTIVE_OUTLET,OH0049,003,3.470,ZCTA_NN;R6371;TIE_FIRST_LEX,ZCTA_NN_HAVERSINE;NOT_ELIGIBILITY;NOT_USPS_VALIDITY;NO_INVENTORY
45262,OBSERVED_REFERENCE_INDIRECT_ONLY,,,,INDIRECT_IMLS_SC;NO_FABRICATED_NEAREST,INDIRECT_IMLS_SC;NO_FABRICATED_NEAREST;NOT_REJECTED;NOT_USPS_VALIDITY;NO_INVENTORY
45263,OBSERVED_REFERENCE_INDIRECT_ONLY,,,,INDIRECT_IMLS_SC;NO_FABRICATED_NEAREST,INDIRECT_IMLS_SC;NO_FABRICATED_NEAREST;NOT_REJECTED;NOT_USPS_VALIDITY;NO_INVENTORY
45267,ZCTA_NEAREST_ACTIVE_OUTLET,OH0049,028,0.844,ZCTA_NN;R6371;TIE_FIRST_LEX,ZCTA_NN_HAVERSINE;NOT_ELIGIBILITY;NOT_USPS_VALIDITY;NO_INVENTORY
45268,OBSERVED_REFERENCE_INDIRECT_ONLY,,,,INDIRECT_IMLS_SC;NO_FABRICATED_NEAREST,INDIRECT_IMLS_SC;NO_FABRICATED_NEAREST;NOT_REJECTED;NOT_USPS_VALIDITY;NO_INVENTORY
45301,ZCTA_NEAREST_ACTIVE_OUTLET,OH0247,003,4.734,ZCTA_NN;R6371;TIE_FIRST_LEX,ZCTA_NN_HAVERSINE;NOT_ELIGIBILITY;NOT_USPS_VALIDITY;NO_INVENTORY
45302,EXACT_IMLS_OUTLET_ZIP,OH0203,003,,EXACT_OUTLET;TIE_FSCSKEY_SEQ,EXACT_OUTLET;NOT_USPS_VALIDITY;NO_INVENTORY
45303,ZCTA_NEAREST_ACTIVE_OUTLET,IN0164,002,12.738,ZCTA_NN;R6371;TIE_FIRST_LEX,ZCTA_NN_HAVERSINE;NOT_ELIGIBILITY;NOT_USPS_VALIDITY;NO_INVENTORY
45304,EXACT_IMLS_OUTLET_ZIP,OH0008,002,,EXACT_OUTLET;TIE_FSCSKEY_SEQ,EXACT_OUTLET;NOT_USPS_VALIDITY;NO_INVENTORY
45305,EXACT_IMLS_OUTLET_ZIP,OH0247,007,,EXACT_OUTLET;TIE_FSCSKEY_SEQ,EXACT_OUTLET;NOT_USPS_VALIDITY;NO_INVENTORY
45306,EXACT_IMLS_OUTLET_ZIP,OH0203,004,,EXACT_OUTLET;TIE_FSCSKEY_SEQ,EXACT_OUTLET;NOT_USPS_VALIDITY;NO_INVENTORY
45307,ZCTA_NEAREST_ACTIVE_OUTLET,OH0247,006,8.827,ZCTA_NN;R6371;TIE_FIRST_LEX,ZCTA_NN_HAVERSINE;NOT_ELIGIBILITY;NOT_USPS_VALIDITY;NO_INVENTORY
45308,EXACT_IMLS_OUTLET_ZIP,OH0030,002,,EXACT_OUTLET;TIE_FSCSKEY_SEQ,EXACT_OUTLET;NOT_USPS_VALIDITY;NO_INVENTORY
45309,EXACT_IMLS_OUTLET_ZIP,OH0063,004,,EXACT_OUTLET;TIE_FSCSKEY_SEQ,EXACT_OUTLET;NOT_USPS_VALIDITY;NO_INVENTORY
45310,ZCTA_NEAREST_ACTIVE_OUTLET,OH0043,005,7.210,ZCTA_NN;R6371;TIE_FIRST_LEX,ZCTA_NN_HAVERSINE;NOT_ELIGIBILITY;NOT_USPS_VALIDITY;NO_INVENTORY
45311,EXACT_IMLS_OUTLET_ZIP,OH0075,004,,EXACT_OUTLET;TIE_FSCSKEY_SEQ,EXACT_OUTLET;NOT_USPS_VALIDITY;NO_INVENTORY
45312,ZCTA_NEAREST_ACTIVE_OUTLET,OH0207,003,5.762,ZCTA_NN;R6371;TIE_FIRST_LEX,ZCTA_NN_HAVERSINE;NOT_ELIGIBILITY;NOT_USPS_VALIDITY;NO_INVENTORY
45314,EXACT_IMLS_OUTLET_ZIP,OH0247,004,,EXACT_OUTLET;TIE_FSCSKEY_SEQ,EXACT_OUTLET;NOT_USPS_VALIDITY;NO_INVENTORY
45315,ZCTA_NEAREST_ACTIVE_OUTLET,OH0063,015,2.682,ZCTA_NN;R6371;TIE_FIRST_LEX,ZCTA_NN_HAVERSINE;NOT_ELIGIBILITY;NOT_USPS_VALIDITY;NO_INVENTORY
45316,ZCTA_NEAREST_ACTIVE_OUTLET,OH0247,008,5.623,ZCTA_NN;R6371;TIE_FIRST_LEX,ZCTA_NN_HAVERSINE;NOT_ELIGIBILITY;NOT_USPS_VALIDITY;NO_INVENTORY
45317,ZCTA_NEAREST_ACTIVE_OUTLET,OH0207,002,7.542,ZCTA_NN;R6371;TIE_FIRST_LEX,ZCTA_NN_HAVERSINE;NOT_ELIGIBILITY;NOT_USPS_VALIDITY;NO_INVENTORY
45318,EXACT_IMLS_OUTLET_ZIP,OH0060,002,,EXACT_OUTLET;TIE_FSCSKEY_SEQ,EXACT_OUTLET;NOT_USPS_VALIDITY;NO_INVENTORY
45319,ZCTA_NEAREST_ACTIVE_OUTLET,OH0204,004,4.122,ZCTA_NN;R6371;TIE_FIRST_LEX,ZCTA_NN_HAVERSINE;NOT_ELIGIBILITY;NOT_USPS_VALIDITY;NO_INVENTORY
45320,EXACT_IMLS_OUTLET_ZIP,OH0075,003,,EXACT_OUTLET;TIE_FSCSKEY_SEQ,EXACT_OUTLET;NOT_USPS_VALIDITY;NO_INVENTORY
45321,EXACT_IMLS_OUTLET_ZIP,OH0075,005,,EXACT_OUTLET;TIE_FSCSKEY_SEQ,EXACT_OUTLET;NOT_USPS_VALIDITY;NO_INVENTORY
45322,EXACT_IMLS_OUTLET_ZIP,OH0063,015,,EXACT_OUTLET;TIE_FSCSKEY_SEQ,EXACT_OUTLET;NOT_USPS_VALIDITY;NO_INVENTORY
45323,EXACT_IMLS_OUTLET_ZIP,OH0204,004,,EXACT_OUTLET;TIE_FSCSKEY_SEQ,EXACT_OUTLET;NOT_USPS_VALIDITY;NO_INVENTORY
45324,EXACT_IMLS_OUTLET_ZIP,OH0247,005,,EXACT_OUTLET;TIE_FSCSKEY_SEQ,EXACT_OUTLET;NOT_USPS_VALIDITY;NO_INVENTORY
45325,ZCTA_NEAREST_ACTIVE_OUTLET,OH0063,014,6.403,ZCTA_NN;R6371;TIE_FIRST_LEX,ZCTA_NN_HAVERSINE;NOT_ELIGIBILITY;NOT_USPS_VALIDITY;NO_INVENTORY
45326,ZCTA_NEAREST_ACTIVE_OUTLET,OH0207,003,10.867,ZCTA_NN;R6371;TIE_FIRST_LEX,ZCTA_NN_HAVERSINE;NOT_ELIGIBILITY;NOT_USPS_VALIDITY;NO_INVENTORY
45327,EXACT_IMLS_OUTLET_ZIP,OH0091,002,,EXACT_OUTLET;TIE_FSCSKEY_SEQ,EXACT_OUTLET;NOT_USPS_VALIDITY;NO_INVENTORY
45328,ZCTA_NEAREST_ACTIVE_OUTLET,OH0030,002,5.951,ZCTA_NN;R6371;TIE_FIRST_LEX,ZCTA_NN_HAVERSINE;NOT_ELIGIBILITY;NOT_USPS_VALIDITY;NO_INVENTORY
45330,EXACT_IMLS_OUTLET_ZIP,OH0097,002,,EXACT_OUTLET;TIE_FSCSKEY_SEQ,EXACT_OUTLET;NOT_USPS_VALIDITY;NO_INVENTORY
45331,EXACT_IMLS_OUTLET_ZIP,OH0098,002,,EXACT_OUTLET;TIE_FSCSKEY_SEQ,EXACT_OUTLET;NOT_USPS_VALIDITY;NO_INVENTORY
45332,ZCTA_NEAREST_ACTIVE_OUTLET,OH0160,002,6.612,ZCTA_NN;R6371;TIE_FIRST_LEX,ZCTA_NN_HAVERSINE;NOT_ELIGIBILITY;NOT_USPS_VALIDITY;NO_INVENTORY
45333,ZCTA_NEAREST_ACTIVE_OUTLET,OH0203,007,6.897,ZCTA_NN;R6371;TIE_FIRST_LEX,ZCTA_NN_HAVERSINE;NOT_ELIGIBILITY;NOT_USPS_VALIDITY;NO_INVENTORY
45334,EXACT_IMLS_OUTLET_ZIP,OH0203,006,,EXACT_OUTLET;TIE_FSCSKEY_SEQ,EXACT_OUTLET;NOT_USPS_VALIDITY;NO_INVENTORY
45335,EXACT_IMLS_OUTLET_ZIP,OH0247,006,,EXACT_OUTLET;TIE_FSCSKEY_SEQ,EXACT_OUTLET;NOT_USPS_VALIDITY;NO_INVENTORY
45336,ZCTA_NEAREST_ACTIVE_OUTLET,OH0203,004,7.136,ZCTA_NN;R6371;TIE_FIRST_LEX,ZCTA_NN_HAVERSINE;NOT_ELIGIBILITY;NOT_USPS_VALIDITY;NO_INVENTORY
45337,ZCTA_NEAREST_ACTIVE_OUTLET,OH0236,002,8.675,ZCTA_NN;R6371;TIE_FIRST_LEX,ZCTA_NN_HAVERSINE;NOT_ELIGIBILITY;NOT_USPS_VALIDITY;NO_INVENTORY
45338,EXACT_IMLS_OUTLET_ZIP,OH0119,002,,EXACT_OUTLET;TIE_FSCSKEY_SEQ,EXACT_OUTLET;NOT_USPS_VALIDITY;NO_INVENTORY
45339,ZCTA_NEAREST_ACTIVE_OUTLET,OH0216,003,4.828,ZCTA_NN;R6371;TIE_FIRST_LEX,ZCTA_NN_HAVERSINE;NOT_ELIGIBILITY;NOT_USPS_VALIDITY;NO_INVENTORY
45340,ZCTA_NEAREST_ACTIVE_OUTLET,OH0203,006,7.855,ZCTA_NN;R6371;TIE_FIRST_LEX,ZCTA_NN_HAVERSINE;NOT_ELIGIBILITY;NOT_USPS_VALIDITY;NO_INVENTORY
45341,ZCTA_NEAREST_ACTIVE_OUTLET,OH0247,005,5.700,ZCTA_NN;R6371;TIE_FIRST_LEX,ZCTA_NN_HAVERSINE;NOT_ELIGIBILITY;NOT_USPS_VALIDITY;NO_INVENTORY
45342,EXACT_IMLS_OUTLET_ZIP,OH0063,013,,EXACT_OUTLET;TIE_FSCSKEY_SEQ,EXACT_OUTLET;NOT_USPS_VALIDITY;NO_INVENTORY
45343,OBSERVED_REFERENCE_INDIRECT_ONLY,,,,INDIRECT_IMLS_SC;NO_FABRICATED_NEAREST,INDIRECT_IMLS_SC;NO_FABRICATED_NEAREST;NOT_REJECTED;NOT_USPS_VALIDITY;NO_INVENTORY
45344,EXACT_IMLS_OUTLET_ZIP,OH0157,002,,EXACT_OUTLET;TIE_FSCSKEY_SEQ,EXACT_OUTLET;NOT_USPS_VALIDITY;NO_INVENTORY
45345,EXACT_IMLS_OUTLET_ZIP,OH0063,014,,EXACT_OUTLET;TIE_FSCSKEY_SEQ,EXACT_OUTLET;NOT_USPS_VALIDITY;NO_INVENTORY
45346,EXACT_IMLS_OUTLET_ZIP,OH0160,002,,EXACT_OUTLET;TIE_FSCSKEY_SEQ,EXACT_OUTLET;NOT_USPS_VALIDITY;NO_INVENTORY
45347,EXACT_IMLS_OUTLET_ZIP,OH0075,006,,EXACT_OUTLET;TIE_FSCSKEY_SEQ,EXACT_OUTLET;NOT_USPS_VALIDITY;NO_INVENTORY
45348,ZCTA_NEAREST_ACTIVE_OUTLET,OH0043,005,9.874,ZCTA_NN;R6371;TIE_FIRST_LEX,ZCTA_NN_HAVERSINE;NOT_ELIGIBILITY;NOT_USPS_VALIDITY;NO_INVENTORY
45349,ZCTA_NEAREST_ACTIVE_OUTLET,OH0157,002,8.874,ZCTA_NN;R6371;TIE_FIRST_LEX,ZCTA_NN_HAVERSINE;NOT_ELIGIBILITY;NOT_USPS_VALIDITY;NO_INVENTORY
45350,ZCTA_NEAREST_ACTIVE_OUTLET,OH0043,005,11.708,ZCTA_NN;R6371;TIE_FIRST_LEX,ZCTA_NN_HAVERSINE;NOT_ELIGIBILITY;NOT_USPS_VALIDITY;NO_INVENTORY
45351,ZCTA_NEAREST_ACTIVE_OUTLET,OH0043,003,10.831,ZCTA_NN;R6371;TIE_FIRST_LEX,ZCTA_NN_HAVERSINE;NOT_ELIGIBILITY;NOT_USPS_VALIDITY;NO_INVENTORY
45352,ZCTA_NEAREST_ACTIVE_OUTLET,OH0160,002,9.685,ZCTA_NN;R6371;TIE_FIRST_LEX,ZCTA_NN_HAVERSINE;NOT_ELIGIBILITY;NOT_USPS_VALIDITY;NO_INVENTORY
45353,ZCTA_NEAREST_ACTIVE_OUTLET,OH0203,002,9.455,ZCTA_NN;R6371;TIE_FIRST_LEX,ZCTA_NN_HAVERSINE;NOT_ELIGIBILITY;NOT_USPS_VALIDITY;NO_INVENTORY
45354,ZCTA_NEAREST_ACTIVE_OUTLET,OH0063,015,7.987,ZCTA_NN;R6371;TIE_FIRST_LEX,ZCTA_NN_HAVERSINE;NOT_ELIGIBILITY;NOT_USPS_VALIDITY;NO_INVENTORY
45356,EXACT_IMLS_OUTLET_ZIP,OH0185,002,,EXACT_OUTLET;TIE_FSCSKEY_SEQ,EXACT_OUTLET;NOT_USPS_VALIDITY;NO_INVENTORY
45358,ZCTA_NEAREST_ACTIVE_OUTLET,OH0008,002,5.705,ZCTA_NN;R6371;TIE_FIRST_LEX,ZCTA_NN_HAVERSINE;NOT_ELIGIBILITY;NOT_USPS_VALIDITY;NO_INVENTORY
45359,EXACT_IMLS_OUTLET_ZIP,OH0216,003,,EXACT_OUTLET;TIE_FSCSKEY_SEQ,EXACT_OUTLET;NOT_USPS_VALIDITY;NO_INVENTORY
45360,ZCTA_NEAREST_ACTIVE_OUTLET,OH0203,002,7.094,ZCTA_NN;R6371;TIE_FIRST_LEX,ZCTA_NN_HAVERSINE;NOT_ELIGIBILITY;NOT_USPS_VALIDITY;NO_INVENTORY
45361,ZCTA_NEAREST_ACTIVE_OUTLET,OH0236,002,7.572,ZCTA_NN;R6371;TIE_FIRST_LEX,ZCTA_NN_HAVERSINE;NOT_ELIGIBILITY;NOT_USPS_VALIDITY;NO_INVENTORY
45362,ZCTA_NEAREST_ACTIVE_OUTLET,OH0043,005,13.954,ZCTA_NN;R6371;TIE_FIRST_LEX,ZCTA_NN_HAVERSINE;NOT_ELIGIBILITY;NOT_USPS_VALIDITY;NO_INVENTORY
45363,EXACT_IMLS_OUTLET_ZIP,OH0203,007,,EXACT_OUTLET;TIE_FSCSKEY_SEQ,EXACT_OUTLET;NOT_USPS_VALIDITY;NO_INVENTORY
45365,EXACT_IMLS_OUTLET_ZIP,OH0203,002,,EXACT_OUTLET;TIE_FSCSKEY_SEQ,EXACT_OUTLET;NOT_USPS_VALIDITY;NO_INVENTORY
45368,EXACT_IMLS_OUTLET_ZIP,OH0204,003,,EXACT_OUTLET;TIE_FSCSKEY_SEQ,EXACT_OUTLET;NOT_USPS_VALIDITY;NO_INVENTORY
45369,ZCTA_NEAREST_ACTIVE_OUTLET,OH0140,002,13.548,ZCTA_NN;R6371;TIE_FIRST_LEX,ZCTA_NN_HAVERSINE;NOT_ELIGIBILITY;NOT_USPS_VALIDITY;NO_INVENTORY
45370,ZCTA_NEAREST_ACTIVE_OUTLET,OH0247,007,4.589,ZCTA_NN;R6371;TIE_FIRST_LEX,ZCTA_NN_HAVERSINE;NOT_ELIGIBILITY;NOT_USPS_VALIDITY;NO_INVENTORY
45371,EXACT_IMLS_OUTLET_ZIP,OH0214,002,,EXACT_OUTLET;TIE_FSCSKEY_SEQ,EXACT_OUTLET;NOT_USPS_VALIDITY;NO_INVENTORY
45372,ZCTA_NEAREST_ACTIVE_OUTLET,OH0204,005,8.234,ZCTA_NN;R6371;TIE_FIRST_LEX,ZCTA_NN_HAVERSINE;NOT_ELIGIBILITY;NOT_USPS_VALIDITY;NO_INVENTORY
45373,EXACT_IMLS_OUTLET_ZIP,OH0216,002,,EXACT_OUTLET;TIE_FSCSKEY_SEQ,EXACT_OUTLET;NOT_USPS_VALIDITY;NO_INVENTORY
45377,EXACT_IMLS_OUTLET_ZIP,OH0063,018,,EXACT_OUTLET;TIE_FSCSKEY_SEQ,EXACT_OUTLET;NOT_USPS_VALIDITY;NO_INVENTORY
45378,ZCTA_NEAREST_ACTIVE_OUTLET,OH0119,002,7.761,ZCTA_NN;R6371;TIE_FIRST_LEX,ZCTA_NN_HAVERSINE;NOT_ELIGIBILITY;NOT_USPS_VALIDITY;NO_INVENTORY
45380,EXACT_IMLS_OUTLET_ZIP,OH0075,009,,EXACT_OUTLET;TIE_FSCSKEY_SEQ,EXACT_OUTLET;NOT_USPS_VALIDITY;NO_INVENTORY
45381,EXACT_IMLS_OUTLET_ZIP,OH0075,007,,EXACT_OUTLET;TIE_FSCSKEY_SEQ,EXACT_OUTLET;NOT_USPS_VALIDITY;NO_INVENTORY
45382,ZCTA_NEAREST_ACTIVE_OUTLET,OH0075,009,1.151,ZCTA_NN;R6371;TIE_FIRST_LEX,ZCTA_NN_HAVERSINE;NOT_ELIGIBILITY;NOT_USPS_VALIDITY;NO_INVENTORY
45383,EXACT_IMLS_OUTLET_ZIP,OH0236,002,,EXACT_OUTLET;TIE_FSCSKEY_SEQ,EXACT_OUTLET;NOT_USPS_VALIDITY;NO_INVENTORY
45384,ZCTA_NEAREST_ACTIVE_OUTLET,OH0247,009,4.382,ZCTA_NN;R6371;TIE_FIRST_LEX,ZCTA_NN_HAVERSINE;NOT_ELIGIBILITY;NOT_USPS_VALIDITY;NO_INVENTORY
45385,EXACT_IMLS_OUTLET_ZIP,OH0247,009,,EXACT_OUTLET;TIE_FSCSKEY_SEQ,EXACT_OUTLET;NOT_USPS_VALIDITY;NO_INVENTORY
45387,EXACT_IMLS_OUTLET_ZIP,OH0247,008,,EXACT_OUTLET;TIE_FSCSKEY_SEQ,EXACT_OUTLET;NOT_USPS_VALIDITY;NO_INVENTORY
45388,ZCTA_NEAREST_ACTIVE_OUTLET,OH0203,005,9.869,ZCTA_NN;R6371;TIE_FIRST_LEX,ZCTA_NN_HAVERSINE;NOT_ELIGIBILITY;NOT_USPS_VALIDITY;NO_INVENTORY
45389,EXACT_IMLS_OUTLET_ZIP,OH0207,003,,EXACT_OUTLET;TIE_FSCSKEY_SEQ,EXACT_OUTLET;NOT_USPS_VALIDITY;NO_INVENTORY
45390,ZCTA_NEAREST_ACTIVE_OUTLET,IN0164,002,4.369,ZCTA_NN;R6371;TIE_FIRST_LEX,ZCTA_NN_HAVERSINE;NOT_ELIGIBILITY;NOT_USPS_VALIDITY;NO_INVENTORY
45401,OBSERVED_REFERENCE_INDIRECT_ONLY,,,,INDIRECT_IMLS_SC;NO_FABRICATED_NEAREST,INDIRECT_IMLS_SC;NO_FABRICATED_NEAREST;NOT_REJECTED;NOT_USPS_VALIDITY;NO_INVENTORY
45402,EXACT_IMLS_OUTLET_ZIP,OH0063,002,,EXACT_OUTLET;TIE_FSCSKEY_SEQ,EXACT_OUTLET;NOT_USPS_VALIDITY;NO_INVENTORY
45403,ZCTA_NEAREST_ACTIVE_OUTLET,OH0063,005,1.627,ZCTA_NN;R6371;TIE_FIRST_LEX,ZCTA_NN_HAVERSINE;NOT_ELIGIBILITY;NOT_USPS_VALIDITY;NO_INVENTORY
45404,EXACT_IMLS_OUTLET_ZIP,OH0063,008,,EXACT_OUTLET;TIE_FSCSKEY_SEQ,EXACT_OUTLET;NOT_USPS_VALIDITY;NO_INVENTORY
45405,EXACT_IMLS_OUTLET_ZIP,OH0063,029,,EXACT_OUTLET;TIE_FSCSKEY_SEQ,EXACT_OUTLET;NOT_USPS_VALIDITY;NO_INVENTORY
45406,ZCTA_NEAREST_ACTIVE_OUTLET,OH0063,029,0.965,ZCTA_NN;R6371;TIE_FIRST_LEX,ZCTA_NN_HAVERSINE;NOT_ELIGIBILITY;NOT_USPS_VALIDITY;NO_INVENTORY
45409,ZCTA_NEAREST_ACTIVE_OUTLET,OH0172,002,1.529,ZCTA_NN;R6371;TIE_FIRST_LEX,ZCTA_NN_HAVERSINE;NOT_ELIGIBILITY;NOT_USPS_VALIDITY;NO_INVENTORY
45410,EXACT_IMLS_OUTLET_ZIP,OH0063,007,,EXACT_OUTLET;TIE_FSCSKEY_SEQ,EXACT_OUTLET;NOT_USPS_VALIDITY;NO_INVENTORY
45413,OBSERVED_REFERENCE_INDIRECT_ONLY,,,,INDIRECT_IMLS_SC;NO_FABRICATED_NEAREST,INDIRECT_IMLS_SC;NO_FABRICATED_NEAREST;NOT_REJECTED;NOT_USPS_VALIDITY;NO_INVENTORY
45414,ZCTA_NEAREST_ACTIVE_OUTLET,OH0063,018,5.470,ZCTA_NN;R6371;TIE_FIRST_LEX,ZCTA_NN_HAVERSINE;NOT_ELIGIBILITY;NOT_USPS_VALIDITY;NO_INVENTORY
45415,ZCTA_NEAREST_ACTIVE_OUTLET,OH0063,029,5.298,ZCTA_NN;R6371;TIE_FIRST_LEX,ZCTA_NN_HAVERSINE;NOT_ELIGIBILITY;NOT_USPS_VALIDITY;NO_INVENTORY
45416,ZCTA_NEAREST_ACTIVE_OUTLET,OH0063,029,2.703,ZCTA_NN;R6371;TIE_FIRST_LEX,ZCTA_NN_HAVERSINE;NOT_ELIGIBILITY;NOT_USPS_VALIDITY;NO_INVENTORY
45417,EXACT_IMLS_OUTLET_ZIP,OH0063,031,,EXACT_OUTLET;TIE_FSCSKEY_SEQ,EXACT_OUTLET;NOT_USPS_VALIDITY;NO_INVENTORY
45419,EXACT_IMLS_OUTLET_ZIP,OH0172,002,,EXACT_OUTLET;TIE_FSCSKEY_SEQ,EXACT_OUTLET;NOT_USPS_VALIDITY;NO_INVENTORY
45420,EXACT_IMLS_OUTLET_ZIP,OH0063,003,,EXACT_OUTLET;TIE_FSCSKEY_SEQ,EXACT_OUTLET;NOT_USPS_VALIDITY;NO_INVENTORY
45422,OBSERVED_REFERENCE_INDIRECT_ONLY,,,,INDIRECT_IMLS_SC;NO_FABRICATED_NEAREST,INDIRECT_IMLS_SC;NO_FABRICATED_NEAREST;NOT_REJECTED;NOT_USPS_VALIDITY;NO_INVENTORY
45423,ZCTA_NEAREST_ACTIVE_OUTLET,OH0063,002,0.288,ZCTA_NN;R6371;TIE_FIRST_LEX,ZCTA_NN_HAVERSINE;NOT_ELIGIBILITY;NOT_USPS_VALIDITY;NO_INVENTORY
45424,EXACT_IMLS_OUTLET_ZIP,OH0063,010,,EXACT_OUTLET;TIE_FSCSKEY_SEQ,EXACT_OUTLET;NOT_USPS_VALIDITY;NO_INVENTORY
45426,EXACT_IMLS_OUTLET_ZIP,OH0063,017,,EXACT_OUTLET;TIE_FSCSKEY_SEQ,EXACT_OUTLET;NOT_USPS_VALIDITY;NO_INVENTORY
45428,ZCTA_NEAREST_ACTIVE_OUTLET,OH0063,031,1.818,ZCTA_NN;R6371;TIE_FIRST_LEX,ZCTA_NN_HAVERSINE;NOT_ELIGIBILITY;NOT_USPS_VALIDITY;NO_INVENTORY
45429,EXACT_IMLS_OUTLET_ZIP,OH0063,011,,EXACT_OUTLET;TIE_FSCSKEY_SEQ,EXACT_OUTLET;NOT_USPS_VALIDITY;NO_INVENTORY
45430,ZCTA_NEAREST_ACTIVE_OUTLET,OH0247,003,1.892,ZCTA_NN;R6371;TIE_FIRST_LEX,ZCTA_NN_HAVERSINE;NOT_ELIGIBILITY;NOT_USPS_VALIDITY;NO_INVENTORY
45431,EXACT_IMLS_OUTLET_ZIP,OH0063,005,,EXACT_OUTLET;TIE_FSCSKEY_SEQ,EXACT_OUTLET;NOT_USPS_VALIDITY;NO_INVENTORY
45432,EXACT_IMLS_OUTLET_ZIP,OH0247,003,,EXACT_OUTLET;TIE_FSCSKEY_SEQ,EXACT_OUTLET;NOT_USPS_VALIDITY;NO_INVENTORY
45433,ZCTA_NEAREST_ACTIVE_OUTLET,OH0247,005,2.388,ZCTA_NN;R6371;TIE_FIRST_LEX,ZCTA_NN_HAVERSINE;NOT_ELIGIBILITY;NOT_USPS_VALIDITY;NO_INVENTORY
45434,ZCTA_NEAREST_ACTIVE_OUTLET,OH0247,003,3.513,ZCTA_NN;R6371;TIE_FIRST_LEX,ZCTA_NN_HAVERSINE;NOT_ELIGIBILITY;NOT_USPS_VALIDITY;NO_INVENTORY
45435,ZCTA_NEAREST_ACTIVE_OUTLET,OH0247,003,5.225,ZCTA_NN;R6371;TIE_FIRST_LEX,ZCTA_NN_HAVERSINE;NOT_ELIGIBILITY;NOT_USPS_VALIDITY;NO_INVENTORY
45439,ZCTA_NEAREST_ACTIVE_OUTLET,OH0063,022,2.374,ZCTA_NN;R6371;TIE_FIRST_LEX,ZCTA_NN_HAVERSINE;NOT_ELIGIBILITY;NOT_USPS_VALIDITY;NO_INVENTORY
45440,ZCTA_NEAREST_ACTIVE_OUTLET,OH0063,021,3.296,ZCTA_NN;R6371;TIE_FIRST_LEX,ZCTA_NN_HAVERSINE;NOT_ELIGIBILITY;NOT_USPS_VALIDITY;NO_INVENTORY
45448,OBSERVED_REFERENCE_INDIRECT_ONLY,,,,INDIRECT_IMLS_SC;NO_FABRICATED_NEAREST,INDIRECT_IMLS_SC;NO_FABRICATED_NEAREST;NOT_REJECTED;NOT_USPS_VALIDITY;NO_INVENTORY
45449,EXACT_IMLS_OUTLET_ZIP,OH0063,019,,EXACT_OUTLET;TIE_FSCSKEY_SEQ,EXACT_OUTLET;NOT_USPS_VALIDITY;NO_INVENTORY
45458,EXACT_IMLS_OUTLET_ZIP,OH0045,003,,EXACT_OUTLET;TIE_FSCSKEY_SEQ,EXACT_OUTLET;NOT_USPS_VALIDITY;NO_INVENTORY
45459,EXACT_IMLS_OUTLET_ZIP,OH0045,002,,EXACT_OUTLET;TIE_FSCSKEY_SEQ,EXACT_OUTLET;NOT_USPS_VALIDITY;NO_INVENTORY
45469,ZCTA_NEAREST_ACTIVE_OUTLET,OH0063,007,2.247,ZCTA_NN;R6371;TIE_FIRST_LEX,ZCTA_NN_HAVERSINE;NOT_ELIGIBILITY;NOT_USPS_VALIDITY;NO_INVENTORY
45501,EXACT_IMLS_OUTLET_ZIP,OH0204,007,,EXACT_OUTLET;TIE_FSCSKEY_SEQ,EXACT_OUTLET;NOT_USPS_VALIDITY;NO_INVENTORY
45502,EXACT_IMLS_OUTLET_ZIP,OH0204,009,,EXACT_OUTLET;TIE_FSCSKEY_SEQ,EXACT_OUTLET;NOT_USPS_VALIDITY;NO_INVENTORY
45503,ZCTA_NEAREST_ACTIVE_OUTLET,OH0204,009,5.177,ZCTA_NN;R6371;TIE_FIRST_LEX,ZCTA_NN_HAVERSINE;NOT_ELIGIBILITY;NOT_USPS_VALIDITY;NO_INVENTORY
45504,EXACT_IMLS_OUTLET_ZIP,OH0204,005,,EXACT_OUTLET;TIE_FSCSKEY_SEQ,EXACT_OUTLET;NOT_USPS_VALIDITY;NO_INVENTORY
45505,EXACT_IMLS_OUTLET_ZIP,OH0204,006,,EXACT_OUTLET;TIE_FSCSKEY_SEQ,EXACT_OUTLET;NOT_USPS_VALIDITY;NO_INVENTORY
45506,EXACT_IMLS_OUTLET_ZIP,OH0204,002,,EXACT_OUTLET;TIE_FSCSKEY_SEQ,EXACT_OUTLET;NOT_USPS_VALIDITY;NO_INVENTORY
45601,EXACT_IMLS_OUTLET_ZIP,OH0048,002,,EXACT_OUTLET;TIE_FSCSKEY_SEQ,EXACT_OUTLET;NOT_USPS_VALIDITY;NO_INVENTORY
45612,EXACT_IMLS_OUTLET_ZIP,OH0048,003,,EXACT_OUTLET;TIE_FSCSKEY_SEQ,EXACT_OUTLET;NOT_USPS_VALIDITY;NO_INVENTORY
45613,EXACT_IMLS_OUTLET_ZIP,OH0229,005,,EXACT_OUTLET;TIE_FSCSKEY_SEQ,EXACT_OUTLET;NOT_USPS_VALIDITY;NO_INVENTORY
45614,ZCTA_NEAREST_ACTIVE_OUTLET,OH0088,002,14.819,ZCTA_NN;R6371;TIE_FIRST_LEX,ZCTA_NN_HAVERSINE;NOT_ELIGIBILITY;NOT_USPS_VALIDITY;NO_INVENTORY
45616,ZCTA_NEAREST_ACTIVE_OUTLET,KY0065,002,15.710,ZCTA_NN;R6371;TIE_FIRST_LEX,ZCTA_NN_HAVERSINE;NOT_ELIGIBILITY;NOT_USPS_VALIDITY;NO_INVENTORY
45617,ZCTA_NEAREST_ACTIVE_OUTLET,OH0048,003,11.514,ZCTA_NN;R6371;TIE_FIRST_LEX,ZCTA_NN_HAVERSINE;NOT_ELIGIBILITY;NOT_USPS_VALIDITY;NO_INVENTORY
45618,ZCTA_NEAREST_ACTIVE_OUTLET,OH0129,005,6.797,ZCTA_NN;R6371;TIE_FIRST_LEX,ZCTA_NN_HAVERSINE;NOT_ELIGIBILITY;NOT_USPS_VALIDITY;NO_INVENTORY
45619,EXACT_IMLS_OUTLET_ZIP,OH0107,003,,EXACT_OUTLET;TIE_FSCSKEY_SEQ,EXACT_OUTLET;NOT_USPS_VALIDITY;NO_INVENTORY
45620,ZCTA_NEAREST_ACTIVE_OUTLET,OH0187,003,9.828,ZCTA_NN;R6371;TIE_FIRST_LEX,ZCTA_NN_HAVERSINE;NOT_ELIGIBILITY;NOT_USPS_VALIDITY;NO_INVENTORY
45621,ZCTA_NEAREST_ACTIVE_OUTLET,OH0233,002,6.692,ZCTA_NN;R6371;TIE_FIRST_LEX,ZCTA_NN_HAVERSINE;NOT_ELIGIBILITY;NOT_USPS_VALIDITY;NO_INVENTORY
45622,ZCTA_NEAREST_ACTIVE_OUTLET,OH0137,002,11.765,ZCTA_NN;R6371;TIE_FIRST_LEX,ZCTA_NN_HAVERSINE;NOT_ELIGIBILITY;NOT_USPS_VALIDITY;NO_INVENTORY
45623,ZCTA_NEAREST_ACTIVE_OUTLET,WV0004,010,18.559,ZCTA_NN;R6371;TIE_FIRST_LEX,ZCTA_NN_HAVERSINE;NOT_ELIGIBILITY;NOT_USPS_VALIDITY;NO_INVENTORY
45624,ZCTA_NEAREST_ACTIVE_OUTLET,OH0048,003,8.942,ZCTA_NN;R6371;TIE_FIRST_LEX,ZCTA_NN_HAVERSINE;NOT_ELIGIBILITY;NOT_USPS_VALIDITY;NO_INVENTORY
45628,EXACT_IMLS_OUTLET_ZIP,OH0048,004,,EXACT_OUTLET;TIE_FSCSKEY_SEQ,EXACT_OUTLET;NOT_USPS_VALIDITY;NO_INVENTORY
45629,ZCTA_NEAREST_ACTIVE_OUTLET,OH0189,005,7.262,ZCTA_NN;R6371;TIE_FIRST_LEX,ZCTA_NN_HAVERSINE;NOT_ELIGIBILITY;NOT_USPS_VALIDITY;NO_INVENTORY
45630,ZCTA_NEAREST_ACTIVE_OUTLET,OH0189,002,9.950,ZCTA_NN;R6371;TIE_FIRST_LEX,ZCTA_NN_HAVERSINE;NOT_ELIGIBILITY;NOT_USPS_VALIDITY;NO_INVENTORY
45631,EXACT_IMLS_OUTLET_ZIP,OH0088,002,,EXACT_OUTLET;TIE_FSCSKEY_SEQ,EXACT_OUTLET;NOT_USPS_VALIDITY;NO_INVENTORY
45634,ZCTA_NEAREST_ACTIVE_OUTLET,OH0137,002,6.960,ZCTA_NN;R6371;TIE_FIRST_LEX,ZCTA_NN_HAVERSINE;NOT_ELIGIBILITY;NOT_USPS_VALIDITY;NO_INVENTORY
45636,EXACT_IMLS_OUTLET_ZIP,IN0068,008,,EXACT_OUTLET;TIE_FSCSKEY_SEQ,EXACT_OUTLET;NOT_USPS_VALIDITY;NO_INVENTORY
45638,EXACT_IMLS_OUTLET_ZIP,OH0107,002,,EXACT_OUTLET;TIE_FSCSKEY_SEQ,EXACT_OUTLET;NOT_USPS_VALIDITY;NO_INVENTORY
45640,EXACT_IMLS_OUTLET_ZIP,OH0108,002,,EXACT_OUTLET;TIE_FSCSKEY_SEQ,EXACT_OUTLET;NOT_USPS_VALIDITY;NO_INVENTORY
45642,ZCTA_NEAREST_ACTIVE_OUTLET,OH0229,004,4.083,ZCTA_NN;R6371;TIE_FIRST_LEX,ZCTA_NN_HAVERSINE;NOT_ELIGIBILITY;NOT_USPS_VALIDITY;NO_INVENTORY
45644,EXACT_IMLS_OUTLET_ZIP,OH0048,005,,EXACT_OUTLET;TIE_FSCSKEY_SEQ,EXACT_OUTLET;NOT_USPS_VALIDITY;NO_INVENTORY
45645,ZCTA_NEAREST_ACTIVE_OUTLET,OH0107,007,5.968,ZCTA_NN;R6371;TIE_FIRST_LEX,ZCTA_NN_HAVERSINE;NOT_ELIGIBILITY;NOT_USPS_VALIDITY;NO_INVENTORY
45646,ZCTA_NEAREST_ACTIVE_OUTLET,OH0229,006,14.293,ZCTA_NN;R6371;TIE_FIRST_LEX,ZCTA_NN_HAVERSINE;NOT_ELIGIBILITY;NOT_USPS_VALIDITY;NO_INVENTORY
45647,ZCTA_NEAREST_ACTIVE_OUTLET,OH0048,006,13.875,ZCTA_NN;R6371;TIE_FIRST_LEX,ZCTA_NN_HAVERSINE;NOT_ELIGIBILITY;NOT_USPS_VALIDITY;NO_INVENTORY
45648,EXACT_IMLS_OUTLET_ZIP,OH0189,007,,EXACT_OUTLET;TIE_FSCSKEY_SEQ,EXACT_OUTLET;NOT_USPS_VALIDITY;NO_INVENTORY
45650,ZCTA_NEAREST_ACTIVE_OUTLET,OH0129,002,12.477,ZCTA_NN;R6371;TIE_FIRST_LEX,ZCTA_NN_HAVERSINE;NOT_ELIGIBILITY;NOT_USPS_VALIDITY;NO_INVENTORY
45651,EXACT_IMLS_OUTLET_ZIP,OH0137,002,,EXACT_OUTLET;TIE_FSCSKEY_SEQ,EXACT_OUTLET;NOT_USPS_VALIDITY;NO_INVENTORY
45652,ZCTA_NEAREST_ACTIVE_OUTLET,OH0189,007,9.813,ZCTA_NN;R6371;TIE_FIRST_LEX,ZCTA_NN_HAVERSINE;NOT_ELIGIBILITY;NOT_USPS_VALIDITY;NO_INVENTORY
45653,ZCTA_NEAREST_ACTIVE_OUTLET,OH0189,004,11.047,ZCTA_NN;R6371;TIE_FIRST_LEX,ZCTA_NN_HAVERSINE;NOT_ELIGIBILITY;NOT_USPS_VALIDITY;NO_INVENTORY
45654,ZCTA_NEAREST_ACTIVE_OUTLET,OH0137,002,15.911,ZCTA_NN;R6371;TIE_FIRST_LEX,ZCTA_NN_HAVERSINE;NOT_ELIGIBILITY;NOT_USPS_VALIDITY;NO_INVENTORY
45656,EXACT_IMLS_OUTLET_ZIP,OH0171,002,,EXACT_OUTLET;TIE_FSCSKEY_SEQ,EXACT_OUTLET;NOT_USPS_VALIDITY;NO_INVENTORY
45657,ZCTA_NEAREST_ACTIVE_OUTLET,OH0129,003,18.929,ZCTA_NN;R6371;TIE_FIRST_LEX,ZCTA_NN_HAVERSINE;NOT_ELIGIBILITY;NOT_USPS_VALIDITY;NO_INVENTORY
45658,ZCTA_NEAREST_ACTIVE_OUTLET,OH0107,007,18.302,ZCTA_NN;R6371;TIE_FIRST_LEX,ZCTA_NN_HAVERSINE;NOT_ELIGIBILITY;NOT_USPS_VALIDITY;NO_INVENTORY
45659,ZCTA_NEAREST_ACTIVE_OUTLET,OH0107,002,13.940,ZCTA_NN;R6371;TIE_FIRST_LEX,ZCTA_NN_HAVERSINE;NOT_ELIGIBILITY;NOT_USPS_VALIDITY;NO_INVENTORY
45660,EXACT_IMLS_OUTLET_ZIP,OH0129,003,,EXACT_OUTLET;TIE_FSCSKEY_SEQ,EXACT_OUTLET;NOT_USPS_VALIDITY;NO_INVENTORY
45661,EXACT_IMLS_OUTLET_ZIP,OH0229,004,,EXACT_OUTLET;TIE_FSCSKEY_SEQ,EXACT_OUTLET;NOT_USPS_VALIDITY;NO_INVENTORY
45662,EXACT_IMLS_OUTLET_ZIP,OH0189,002,,EXACT_OUTLET;TIE_FSCSKEY_SEQ,EXACT_OUTLET;NOT_USPS_VALIDITY;NO_INVENTORY
45663,ZCTA_NEAREST_ACTIVE_OUTLET,OH0189,002,10.501,ZCTA_NN;R6371;TIE_FIRST_LEX,ZCTA_NN_HAVERSINE;NOT_ELIGIBILITY;NOT_USPS_VALIDITY;NO_INVENTORY
45669,EXACT_IMLS_OUTLET_ZIP,OH0107,004,,EXACT_OUTLET;TIE_FSCSKEY_SEQ,EXACT_OUTLET;NOT_USPS_VALIDITY;NO_INVENTORY
45671,ZCTA_NEAREST_ACTIVE_OUTLET,OH0129,003,13.882,ZCTA_NN;R6371;TIE_FIRST_LEX,ZCTA_NN_HAVERSINE;NOT_ELIGIBILITY;NOT_USPS_VALIDITY;NO_INVENTORY
45672,ZCTA_NEAREST_ACTIVE_OUTLET,OH0048,006,13.255,ZCTA_NN;R6371;TIE_FIRST_LEX,ZCTA_NN_HAVERSINE;NOT_ELIGIBILITY;NOT_USPS_VALIDITY;NO_INVENTORY
45673,EXACT_IMLS_OUTLET_ZIP,OH0048,006,,EXACT_OUTLET;TIE_FSCSKEY_SEQ,EXACT_OUTLET;NOT_USPS_VALIDITY;NO_INVENTORY
45674,ZCTA_NEAREST_ACTIVE_OUTLET,OH0171,002,16.750,ZCTA_NN;R6371;TIE_FIRST_LEX,ZCTA_NN_HAVERSINE;NOT_ELIGIBILITY;NOT_USPS_VALIDITY;NO_INVENTORY
45677,ZCTA_NEAREST_ACTIVE_OUTLET,OH0189,004,3.242,ZCTA_NN;R6371;TIE_FIRST_LEX,ZCTA_NN_HAVERSINE;NOT_ELIGIBILITY;NOT_USPS_VALIDITY;NO_INVENTORY
45678,ZCTA_NEAREST_ACTIVE_OUTLET,OH0107,007,9.114,ZCTA_NN;R6371;TIE_FIRST_LEX,ZCTA_NN_HAVERSINE;NOT_ELIGIBILITY;NOT_USPS_VALIDITY;NO_INVENTORY
45679,EXACT_IMLS_OUTLET_ZIP,OH0129,005,,EXACT_OUTLET;TIE_FSCSKEY_SEQ,EXACT_OUTLET;NOT_USPS_VALIDITY;NO_INVENTORY
45680,EXACT_IMLS_OUTLET_ZIP,OH0107,005,,EXACT_OUTLET;TIE_FSCSKEY_SEQ,EXACT_OUTLET;NOT_USPS_VALIDITY;NO_INVENTORY
45681,EXACT_IMLS_OUTLET_ZIP,OH0048,007,,EXACT_OUTLET;TIE_FSCSKEY_SEQ,EXACT_OUTLET;NOT_USPS_VALIDITY;NO_INVENTORY
45682,EXACT_IMLS_OUTLET_ZIP,OH0189,004,,EXACT_OUTLET;TIE_FSCSKEY_SEQ,EXACT_OUTLET;NOT_USPS_VALIDITY;NO_INVENTORY
45684,ZCTA_NEAREST_ACTIVE_OUTLET,KY0065,002,12.376,ZCTA_NN;R6371;TIE_FIRST_LEX,ZCTA_NN_HAVERSINE;NOT_ELIGIBILITY;NOT_USPS_VALIDITY;NO_INVENTORY
45685,ZCTA_NEAREST_ACTIVE_OUTLET,OH0171,002,10.935,ZCTA_NN;R6371;TIE_FIRST_LEX,ZCTA_NN_HAVERSINE;NOT_ELIGIBILITY;NOT_USPS_VALIDITY;NO_INVENTORY
45686,ZCTA_NEAREST_ACTIVE_OUTLET,OH0233,002,18.981,ZCTA_NN;R6371;TIE_FIRST_LEX,ZCTA_NN_HAVERSINE;NOT_ELIGIBILITY;NOT_USPS_VALIDITY;NO_INVENTORY
45688,ZCTA_NEAREST_ACTIVE_OUTLET,OH0107,007,14.557,ZCTA_NN;R6371;TIE_FIRST_LEX,ZCTA_NN_HAVERSINE;NOT_ELIGIBILITY;NOT_USPS_VALIDITY;NO_INVENTORY
45690,EXACT_IMLS_OUTLET_ZIP,OH0229,002,,EXACT_OUTLET;TIE_FSCSKEY_SEQ,EXACT_OUTLET;NOT_USPS_VALIDITY;NO_INVENTORY
45692,EXACT_IMLS_OUTLET_ZIP,OH0233,002,,EXACT_OUTLET;TIE_FSCSKEY_SEQ,EXACT_OUTLET;NOT_USPS_VALIDITY;NO_INVENTORY
45693,EXACT_IMLS_OUTLET_ZIP,OH0129,002,,EXACT_OUTLET;TIE_FSCSKEY_SEQ,EXACT_OUTLET;NOT_USPS_VALIDITY;NO_INVENTORY
45694,EXACT_IMLS_OUTLET_ZIP,OH0189,005,,EXACT_OUTLET;TIE_FSCSKEY_SEQ,EXACT_OUTLET;NOT_USPS_VALIDITY;NO_INVENTORY
45695,ZCTA_NEAREST_ACTIVE_OUTLET,OH0137,002,13.169,ZCTA_NN;R6371;TIE_FIRST_LEX,ZCTA_NN_HAVERSINE;NOT_ELIGIBILITY;NOT_USPS_VALIDITY;NO_INVENTORY
45696,EXACT_IMLS_OUTLET_ZIP,OH0107,007,,EXACT_OUTLET;TIE_FSCSKEY_SEQ,EXACT_OUTLET;NOT_USPS_VALIDITY;NO_INVENTORY
45697,ZCTA_NEAREST_ACTIVE_OUTLET,OH0129,005,7.691,ZCTA_NN;R6371;TIE_FIRST_LEX,ZCTA_NN_HAVERSINE;NOT_ELIGIBILITY;NOT_USPS_VALIDITY;NO_INVENTORY
45698,ZCTA_NEAREST_ACTIVE_OUTLET,OH0137,002,8.576,ZCTA_NN;R6371;TIE_FIRST_LEX,ZCTA_NN_HAVERSINE;NOT_ELIGIBILITY;NOT_USPS_VALIDITY;NO_INVENTORY
45699,ZCTA_NEAREST_ACTIVE_OUTLET,OH0189,007,2.482,ZCTA_NN;R6371;TIE_FIRST_LEX,ZCTA_NN_HAVERSINE;NOT_ELIGIBILITY;NOT_USPS_VALIDITY;NO_INVENTORY
45701,EXACT_IMLS_OUTLET_ZIP,OH0156,003,,EXACT_OUTLET;TIE_FSCSKEY_SEQ,EXACT_OUTLET;NOT_USPS_VALIDITY;NO_INVENTORY
45710,EXACT_IMLS_OUTLET_ZIP,OH0156,009,,EXACT_OUTLET;TIE_FSCSKEY_SEQ,EXACT_OUTLET;NOT_USPS_VALIDITY;NO_INVENTORY
45711,ZCTA_NEAREST_ACTIVE_OUTLET,OH0139,003,8.761,ZCTA_NN;R6371;TIE_FIRST_LEX,ZCTA_NN_HAVERSINE;NOT_ELIGIBILITY;NOT_USPS_VALIDITY;NO_INVENTORY
45712,EXACT_IMLS_OUTLET_ZIP,OH0131,006,,EXACT_OUTLET;TIE_FSCSKEY_SEQ,EXACT_OUTLET;NOT_USPS_VALIDITY;NO_INVENTORY
45713,OBSERVED_REFERENCE_INDIRECT_ONLY,,,,INDIRECT_IMLS_SC;NO_FABRICATED_NEAREST,INDIRECT_IMLS_SC;NO_FABRICATED_NEAREST;NOT_REJECTED;NOT_USPS_VALIDITY;NO_INVENTORY
45714,EXACT_IMLS_OUTLET_ZIP,OH0131,003,,EXACT_OUTLET;TIE_FSCSKEY_SEQ,EXACT_OUTLET;NOT_USPS_VALIDITY;NO_INVENTORY
45715,EXACT_IMLS_OUTLET_ZIP,OH0131,004,,EXACT_OUTLET;TIE_FSCSKEY_SEQ,EXACT_OUTLET;NOT_USPS_VALIDITY;NO_INVENTORY
45716,ZCTA_NEAREST_ACTIVE_OUTLET,OH0156,002,4.275,ZCTA_NN;R6371;TIE_FIRST_LEX,ZCTA_NN_HAVERSINE;NOT_ELIGIBILITY;NOT_USPS_VALIDITY;NO_INVENTORY
45719,EXACT_IMLS_OUTLET_ZIP,OH0156,004,,EXACT_OUTLET;TIE_FSCSKEY_SEQ,EXACT_OUTLET;NOT_USPS_VALIDITY;NO_INVENTORY
45720,ZCTA_NEAREST_ACTIVE_OUTLET,OH0187,006,4.584,ZCTA_NN;R6371;TIE_FIRST_LEX,ZCTA_NN_HAVERSINE;NOT_ELIGIBILITY;NOT_USPS_VALIDITY;NO_INVENTORY
45721,ZCTA_NEAREST_ACTIVE_OUTLET,OH0131,004,4.915,ZCTA_NN;R6371;TIE_FIRST_LEX,ZCTA_NN_HAVERSINE;NOT_ELIGIBILITY;NOT_USPS_VALIDITY;NO_INVENTORY
45723,EXACT_IMLS_OUTLET_ZIP,OH0156,008,,EXACT_OUTLET;TIE_FSCSKEY_SEQ,EXACT_OUTLET;NOT_USPS_VALIDITY;NO_INVENTORY
45724,ZCTA_NEAREST_ACTIVE_OUTLET,OH0131,006,11.648,ZCTA_NN;R6371;TIE_FIRST_LEX,ZCTA_NN_HAVERSINE;NOT_ELIGIBILITY;NOT_USPS_VALIDITY;NO_INVENTORY
45727,ZCTA_NEAREST_ACTIVE_OUTLET,OH0036,002,11.932,ZCTA_NN;R6371;TIE_FIRST_LEX,ZCTA_NN_HAVERSINE;NOT_ELIGIBILITY;NOT_USPS_VALIDITY;NO_INVENTORY
45729,ZCTA_NEAREST_ACTIVE_OUTLET,OH0131,006,5.825,ZCTA_NN;R6371;TIE_FIRST_LEX,ZCTA_NN_HAVERSINE;NOT_ELIGIBILITY;NOT_USPS_VALIDITY;NO_INVENTORY
45732,EXACT_IMLS_OUTLET_ZIP,OH0156,005,,EXACT_OUTLET;TIE_FSCSKEY_SEQ,EXACT_OUTLET;NOT_USPS_VALIDITY;NO_INVENTORY
45734,ZCTA_NEAREST_ACTIVE_OUTLET,OH0244,002,15.249,ZCTA_NN;R6371;TIE_FIRST_LEX,ZCTA_NN_HAVERSINE;NOT_ELIGIBILITY;NOT_USPS_VALIDITY;NO_INVENTORY
45735,ZCTA_NEAREST_ACTIVE_OUTLET,OH0156,008,10.958,ZCTA_NN;R6371;TIE_FIRST_LEX,ZCTA_NN_HAVERSINE;NOT_ELIGIBILITY;NOT_USPS_VALIDITY;NO_INVENTORY
45739,ZCTA_NEAREST_ACTIVE_OUTLET,OH0156,008,5.516,ZCTA_NN;R6371;TIE_FIRST_LEX,ZCTA_NN_HAVERSINE;NOT_ELIGIBILITY;NOT_USPS_VALIDITY;NO_INVENTORY
45740,ZCTA_NEAREST_ACTIVE_OUTLET,OH0156,005,2.673,ZCTA_NN;R6371;TIE_FIRST_LEX,ZCTA_NN_HAVERSINE;NOT_ELIGIBILITY;NOT_USPS_VALIDITY;NO_INVENTORY
45741,ZCTA_NEAREST_ACTIVE_OUTLET,OH0156,009,17.083,ZCTA_NN;R6371;TIE_FIRST_LEX,ZCTA_NN_HAVERSINE;NOT_ELIGIBILITY;NOT_USPS_VALIDITY;NO_INVENTORY
45742,ZCTA_NEAREST_ACTIVE_OUTLET,OH0156,008,9.225,ZCTA_NN;R6371;TIE_FIRST_LEX,ZCTA_NN_HAVERSINE;NOT_ELIGIBILITY;NOT_USPS_VALIDITY;NO_INVENTORY
45743,ZCTA_NEAREST_ACTIVE_OUTLET,OH0187,006,6.616,ZCTA_NN;R6371;TIE_FIRST_LEX,ZCTA_NN_HAVERSINE;NOT_ELIGIBILITY;NOT_USPS_VALIDITY;NO_INVENTORY
45744,ZCTA_NEAREST_ACTIVE_OUTLET,OH0131,004,12.038,ZCTA_NN;R6371;TIE_FIRST_LEX,ZCTA_NN_HAVERSINE;NOT_ELIGIBILITY;NOT_USPS_VALIDITY;NO_INVENTORY
45745,ZCTA_NEAREST_ACTIVE_OUTLET,OH0036,002,22.592,ZCTA_NN;R6371;TIE_FIRST_LEX,ZCTA_NN_HAVERSINE;NOT_ELIGIBILITY;NOT_USPS_VALIDITY;NO_INVENTORY
45746,ZCTA_NEAREST_ACTIVE_OUTLET,OH0131,004,16.746,ZCTA_NN;R6371;TIE_FIRST_LEX,ZCTA_NN_HAVERSINE;NOT_ELIGIBILITY;NOT_USPS_VALIDITY;NO_INVENTORY
45750,EXACT_IMLS_OUTLET_ZIP,OH0131,002,,EXACT_OUTLET;TIE_FSCSKEY_SEQ,EXACT_OUTLET;NOT_USPS_VALIDITY;NO_INVENTORY
45760,EXACT_IMLS_OUTLET_ZIP,OH0187,003,,EXACT_OUTLET;TIE_FSCSKEY_SEQ,EXACT_OUTLET;NOT_USPS_VALIDITY;NO_INVENTORY
45761,ZCTA_NEAREST_ACTIVE_OUTLET,OH0156,004,5.470,ZCTA_NN;R6371;TIE_FIRST_LEX,ZCTA_NN_HAVERSINE;NOT_ELIGIBILITY;NOT_USPS_VALIDITY;NO_INVENTORY
45764,EXACT_IMLS_OUTLET_ZIP,OH0156,002,,EXACT_OUTLET;TIE_FSCSKEY_SEQ,EXACT_OUTLET;NOT_USPS_VALIDITY;NO_INVENTORY
45766,ZCTA_NEAREST_ACTIVE_OUTLET,OH0156,009,11.556,ZCTA_NN;R6371;TIE_FIRST_LEX,ZCTA_NN_HAVERSINE;NOT_ELIGIBILITY;NOT_USPS_VALIDITY;NO_INVENTORY
45767,EXACT_IMLS_OUTLET_ZIP,OH0131,005,,EXACT_OUTLET;TIE_FSCSKEY_SEQ,EXACT_OUTLET;NOT_USPS_VALIDITY;NO_INVENTORY
45768,ZCTA_NEAREST_ACTIVE_OUTLET,WV0021,002,5.077,ZCTA_NN;R6371;TIE_FIRST_LEX,ZCTA_NN_HAVERSINE;NOT_ELIGIBILITY;NOT_USPS_VALIDITY;NO_INVENTORY
45769,EXACT_IMLS_OUTLET_ZIP,OH0187,002,,EXACT_OUTLET;TIE_FSCSKEY_SEQ,EXACT_OUTLET;NOT_USPS_VALIDITY;NO_INVENTORY
45770,ZCTA_NEAREST_ACTIVE_OUTLET,WV0074,003,5.738,ZCTA_NN;R6371;TIE_FIRST_LEX,ZCTA_NN_HAVERSINE;NOT_ELIGIBILITY;NOT_USPS_VALIDITY;NO_INVENTORY
45771,EXACT_IMLS_OUTLET_ZIP,OH0187,007,,EXACT_OUTLET;TIE_FSCSKEY_SEQ,EXACT_OUTLET;NOT_USPS_VALIDITY;NO_INVENTORY
45772,EXACT_IMLS_OUTLET_ZIP,OH0187,006,,EXACT_OUTLET;TIE_FSCSKEY_SEQ,EXACT_OUTLET;NOT_USPS_VALIDITY;NO_INVENTORY
45773,ZCTA_NEAREST_ACTIVE_OUTLET,WV0021,002,7.532,ZCTA_NN;R6371;TIE_FIRST_LEX,ZCTA_NN_HAVERSINE;NOT_ELIGIBILITY;NOT_USPS_VALIDITY;NO_INVENTORY
45775,ZCTA_NEAREST_ACTIVE_OUTLET,OH0187,002,12.385,ZCTA_NN;R6371;TIE_FIRST_LEX,ZCTA_NN_HAVERSINE;NOT_ELIGIBILITY;NOT_USPS_VALIDITY;NO_INVENTORY
45776,ZCTA_NEAREST_ACTIVE_OUTLET,OH0187,006,13.825,ZCTA_NN;R6371;TIE_FIRST_LEX,ZCTA_NN_HAVERSINE;NOT_ELIGIBILITY;NOT_USPS_VALIDITY;NO_INVENTORY
45778,ZCTA_NEAREST_ACTIVE_OUTLET,OH0139,003,15.203,ZCTA_NN;R6371;TIE_FIRST_LEX,ZCTA_NN_HAVERSINE;NOT_ELIGIBILITY;NOT_USPS_VALIDITY;NO_INVENTORY
45779,ZCTA_NEAREST_ACTIVE_OUTLET,WV0073,004,1.382,ZCTA_NN;R6371;TIE_FIRST_LEX,ZCTA_NN_HAVERSINE;NOT_ELIGIBILITY;NOT_USPS_VALIDITY;NO_INVENTORY
45780,EXACT_IMLS_OUTLET_ZIP,OH0156,007,,EXACT_OUTLET;TIE_FSCSKEY_SEQ,EXACT_OUTLET;NOT_USPS_VALIDITY;NO_INVENTORY
45782,ZCTA_NEAREST_ACTIVE_OUTLET,OH0156,005,1.688,ZCTA_NN;R6371;TIE_FIRST_LEX,ZCTA_NN_HAVERSINE;NOT_ELIGIBILITY;NOT_USPS_VALIDITY;NO_INVENTORY
45783,ZCTA_NEAREST_ACTIVE_OUTLET,OH0156,008,6.374,ZCTA_NN;R6371;TIE_FIRST_LEX,ZCTA_NN_HAVERSINE;NOT_ELIGIBILITY;NOT_USPS_VALIDITY;NO_INVENTORY
45784,ZCTA_NEAREST_ACTIVE_OUTLET,OH0131,006,1.361,ZCTA_NN;R6371;TIE_FIRST_LEX,ZCTA_NN_HAVERSINE;NOT_ELIGIBILITY;NOT_USPS_VALIDITY;NO_INVENTORY
45786,ZCTA_NEAREST_ACTIVE_OUTLET,OH0131,004,5.082,ZCTA_NN;R6371;TIE_FIRST_LEX,ZCTA_NN_HAVERSINE;NOT_ELIGIBILITY;NOT_USPS_VALIDITY;NO_INVENTORY
45788,ZCTA_NEAREST_ACTIVE_OUTLET,OH0131,002,11.622,ZCTA_NN;R6371;TIE_FIRST_LEX,ZCTA_NN_HAVERSINE;NOT_ELIGIBILITY;NOT_USPS_VALIDITY;NO_INVENTORY
45789,ZCTA_NEAREST_ACTIVE_OUTLET,OH0131,005,16.923,ZCTA_NN;R6371;TIE_FIRST_LEX,ZCTA_NN_HAVERSINE;NOT_ELIGIBILITY;NOT_USPS_VALIDITY;NO_INVENTORY
45801,EXACT_IMLS_OUTLET_ZIP,OH0121,002,,EXACT_OUTLET;TIE_FSCSKEY_SEQ,EXACT_OUTLET;NOT_USPS_VALIDITY;NO_INVENTORY
45802,OBSERVED_REFERENCE_INDIRECT_ONLY,,,,INDIRECT_IMLS_SC;NO_FABRICATED_NEAREST,INDIRECT_IMLS_SC;NO_FABRICATED_NEAREST;NOT_REJECTED;NOT_USPS_VALIDITY;NO_INVENTORY
45804,EXACT_IMLS_OUTLET_ZIP,OH0121,009,,EXACT_OUTLET;TIE_FSCSKEY_SEQ,EXACT_OUTLET;NOT_USPS_VALIDITY;NO_INVENTORY
45805,ZCTA_NEAREST_ACTIVE_OUTLET,OH0121,002,4.298,ZCTA_NN;R6371;TIE_FIRST_LEX,ZCTA_NN_HAVERSINE;NOT_ELIGIBILITY;NOT_USPS_VALIDITY;NO_INVENTORY
45806,EXACT_IMLS_OUTLET_ZIP,OH0225,003,,EXACT_OUTLET;TIE_FSCSKEY_SEQ,EXACT_OUTLET;NOT_USPS_VALIDITY;NO_INVENTORY
45807,EXACT_IMLS_OUTLET_ZIP,OH0121,004,,EXACT_OUTLET;TIE_FSCSKEY_SEQ,EXACT_OUTLET;NOT_USPS_VALIDITY;NO_INVENTORY
45808,ZCTA_NEAREST_ACTIVE_OUTLET,OH0121,006,8.285,ZCTA_NN;R6371;TIE_FIRST_LEX,ZCTA_NN_HAVERSINE;NOT_ELIGIBILITY;NOT_USPS_VALIDITY;NO_INVENTORY
45809,ZCTA_NEAREST_ACTIVE_OUTLET,OH0121,004,6.607,ZCTA_NN;R6371;TIE_FIRST_LEX,ZCTA_NN_HAVERSINE;NOT_ELIGIBILITY;NOT_USPS_VALIDITY;NO_INVENTORY
45810,EXACT_IMLS_OUTLET_ZIP,OH0001,002,,EXACT_OUTLET;TIE_FSCSKEY_SEQ,EXACT_OUTLET;NOT_USPS_VALIDITY;NO_INVENTORY
45812,EXACT_IMLS_OUTLET_ZIP,OH0004,002,,EXACT_OUTLET;TIE_FSCSKEY_SEQ,EXACT_OUTLET;NOT_USPS_VALIDITY;NO_INVENTORY
45813,EXACT_IMLS_OUTLET_ZIP,OH0179,003,,EXACT_OUTLET;TIE_FSCSKEY_SEQ,EXACT_OUTLET;NOT_USPS_VALIDITY;NO_INVENTORY
45814,EXACT_IMLS_OUTLET_ZIP,OH0081,003,,EXACT_OUTLET;TIE_FSCSKEY_SEQ,EXACT_OUTLET;NOT_USPS_VALIDITY;NO_INVENTORY
45815,ZCTA_NEAREST_ACTIVE_OUTLET,OH0069,002,6.741,ZCTA_NN;R6371;TIE_FIRST_LEX,ZCTA_NN_HAVERSINE;NOT_ELIGIBILITY;NOT_USPS_VALIDITY;NO_INVENTORY
45816,ZCTA_NEAREST_ACTIVE_OUTLET,OH0138,002,11.381,ZCTA_NN;R6371;TIE_FIRST_LEX,ZCTA_NN_HAVERSINE;NOT_ELIGIBILITY;NOT_USPS_VALIDITY;NO_INVENTORY
45817,EXACT_IMLS_OUTLET_ZIP,OH0027,002,,EXACT_OUTLET;TIE_FSCSKEY_SEQ,EXACT_OUTLET;NOT_USPS_VALIDITY;NO_INVENTORY
45819,ZCTA_NEAREST_ACTIVE_OUTLET,OH0225,002,8.264,ZCTA_NN;R6371;TIE_FIRST_LEX,ZCTA_NN_HAVERSINE;NOT_ELIGIBILITY;NOT_USPS_VALIDITY;NO_INVENTORY
45820,EXACT_IMLS_OUTLET_ZIP,OH0121,003,,EXACT_OUTLET;TIE_FSCSKEY_SEQ,EXACT_OUTLET;NOT_USPS_VALIDITY;NO_INVENTORY
45821,ZCTA_NEAREST_ACTIVE_OUTLET,OH0064,004,7.476,ZCTA_NN;R6371;TIE_FIRST_LEX,ZCTA_NN_HAVERSINE;NOT_ELIGIBILITY;NOT_USPS_VALIDITY;NO_INVENTORY
45822,EXACT_IMLS_OUTLET_ZIP,OH0043,002,,EXACT_OUTLET;TIE_FSCSKEY_SEQ,EXACT_OUTLET;NOT_USPS_VALIDITY;NO_INVENTORY
45826,EXACT_IMLS_OUTLET_ZIP,OH0043,003,,EXACT_OUTLET;TIE_FSCSKEY_SEQ,EXACT_OUTLET;NOT_USPS_VALIDITY;NO_INVENTORY
45827,ZCTA_NEAREST_ACTIVE_OUTLET,OH0176,007,8.090,ZCTA_NN;R6371;TIE_FIRST_LEX,ZCTA_NN_HAVERSINE;NOT_ELIGIBILITY;NOT_USPS_VALIDITY;NO_INVENTORY
45828,EXACT_IMLS_OUTLET_ZIP,OH0055,002,,EXACT_OUTLET;TIE_FSCSKEY_SEQ,EXACT_OUTLET;NOT_USPS_VALIDITY;NO_INVENTORY
45830,EXACT_IMLS_OUTLET_ZIP,OH0176,003,,EXACT_OUTLET;TIE_FSCSKEY_SEQ,EXACT_OUTLET;NOT_USPS_VALIDITY;NO_INVENTORY
45831,EXACT_IMLS_OUTLET_ZIP,OH0176,004,,EXACT_OUTLET;TIE_FSCSKEY_SEQ,EXACT_OUTLET;NOT_USPS_VALIDITY;NO_INVENTORY
45832,EXACT_IMLS_OUTLET_ZIP,OH0221,003,,EXACT_OUTLET;TIE_FSCSKEY_SEQ,EXACT_OUTLET;NOT_USPS_VALIDITY;NO_INVENTORY
45833,EXACT_IMLS_OUTLET_ZIP,OH0066,002,,EXACT_OUTLET;TIE_FSCSKEY_SEQ,EXACT_OUTLET;NOT_USPS_VALIDITY;NO_INVENTORY
45835,ZCTA_NEAREST_ACTIVE_OUTLET,OH0071,002,6.113,ZCTA_NN;R6371;TIE_FIRST_LEX,ZCTA_NN_HAVERSINE;NOT_ELIGIBILITY;NOT_USPS_VALIDITY;NO_INVENTORY
45836,EXACT_IMLS_OUTLET_ZIP,OH0071,002,,EXACT_OUTLET;TIE_FSCSKEY_SEQ,EXACT_OUTLET;NOT_USPS_VALIDITY;NO_INVENTORY
45837,OBSERVED_REFERENCE_INDIRECT_ONLY,,,,INDIRECT_IMLS_SC;NO_FABRICATED_NEAREST,INDIRECT_IMLS_SC;NO_FABRICATED_NEAREST;NOT_REJECTED;NOT_USPS_VALIDITY;NO_INVENTORY
45838,ZCTA_NEAREST_ACTIVE_OUTLET,OH0043,004,8.262,ZCTA_NN;R6371;TIE_FIRST_LEX,ZCTA_NN_HAVERSINE;NOT_ELIGIBILITY;NOT_USPS_VALIDITY;NO_INVENTORY
45839,OBSERVED_REFERENCE_INDIRECT_ONLY,,,,INDIRECT_IMLS_SC;NO_FABRICATED_NEAREST,INDIRECT_IMLS_SC;NO_FABRICATED_NEAREST;NOT_REJECTED;NOT_USPS_VALIDITY;NO_INVENTORY
45840,EXACT_IMLS_OUTLET_ZIP,OH0081,002,,EXACT_OUTLET;TIE_FSCSKEY_SEQ,EXACT_OUTLET;NOT_USPS_VALIDITY;NO_INVENTORY
45841,ZCTA_NEAREST_ACTIVE_OUTLET,OH0081,003,6.987,ZCTA_NN;R6371;TIE_FIRST_LEX,ZCTA_NN_HAVERSINE;NOT_ELIGIBILITY;NOT_USPS_VALIDITY;NO_INVENTORY
45843,EXACT_IMLS_OUTLET_ZIP,OH0082,002,,EXACT_OUTLET;TIE_FSCSKEY_SEQ,EXACT_OUTLET;NOT_USPS_VALIDITY;NO_INVENTORY
45844,EXACT_IMLS_OUTLET_ZIP,OH0176,005,,EXACT_OUTLET;TIE_FSCSKEY_SEQ,EXACT_OUTLET;NOT_USPS_VALIDITY;NO_INVENTORY
45845,EXACT_IMLS_OUTLET_ZIP,OH0203,005,,EXACT_OUTLET;TIE_FSCSKEY_SEQ,EXACT_OUTLET;NOT_USPS_VALIDITY;NO_INVENTORY
45846,EXACT_IMLS_OUTLET_ZIP,OH0083,002,,EXACT_OUTLET;TIE_FSCSKEY_SEQ,EXACT_OUTLET;NOT_USPS_VALIDITY;NO_INVENTORY
45848,ZCTA_NEAREST_ACTIVE_OUTLET,OH0176,002,2.606,ZCTA_NN;R6371;TIE_FIRST_LEX,ZCTA_NN_HAVERSINE;NOT_ELIGIBILITY;NOT_USPS_VALIDITY;NO_INVENTORY
45849,EXACT_IMLS_OUTLET_ZIP,OH0179,006,,EXACT_OUTLET;TIE_FSCSKEY_SEQ,EXACT_OUTLET;NOT_USPS_VALIDITY;NO_INVENTORY
45850,ZCTA_NEAREST_ACTIVE_OUTLET,OH0004,002,6.263,ZCTA_NN;R6371;TIE_FIRST_LEX,ZCTA_NN_HAVERSINE;NOT_ELIGIBILITY;NOT_USPS_VALIDITY;NO_INVENTORY
45851,ZCTA_NEAREST_ACTIVE_OUTLET,OH0179,006,10.697,ZCTA_NN;R6371;TIE_FIRST_LEX,ZCTA_NN_HAVERSINE;NOT_ELIGIBILITY;NOT_USPS_VALIDITY;NO_INVENTORY
45853,EXACT_IMLS_OUTLET_ZIP,OH0176,010,,EXACT_OUTLET;TIE_FSCSKEY_SEQ,EXACT_OUTLET;NOT_USPS_VALIDITY;NO_INVENTORY
45854,EXACT_IMLS_OUTLET_ZIP,OH0121,006,,EXACT_OUTLET;TIE_FSCSKEY_SEQ,EXACT_OUTLET;NOT_USPS_VALIDITY;NO_INVENTORY
45855,ZCTA_NEAREST_ACTIVE_OUTLET,OH0179,002,5.344,ZCTA_NN;R6371;TIE_FIRST_LEX,ZCTA_NN_HAVERSINE;NOT_ELIGIBILITY;NOT_USPS_VALIDITY;NO_INVENTORY
45856,EXACT_IMLS_OUTLET_ZIP,OH0176,006,,EXACT_OUTLET;TIE_FSCSKEY_SEQ,EXACT_OUTLET;NOT_USPS_VALIDITY;NO_INVENTORY
45858,EXACT_IMLS_OUTLET_ZIP,OH0138,002,,EXACT_OUTLET;TIE_FSCSKEY_SEQ,EXACT_OUTLET;NOT_USPS_VALIDITY;NO_INVENTORY
45859,ZCTA_NEAREST_ACTIVE_OUTLET,OH0004,002,5.155,ZCTA_NN;R6371;TIE_FIRST_LEX,ZCTA_NN_HAVERSINE;NOT_ELIGIBILITY;NOT_USPS_VALIDITY;NO_INVENTORY
45860,ZCTA_NEAREST_ACTIVE_OUTLET,OH0043,003,4.555,ZCTA_NN;R6371;TIE_FIRST_LEX,ZCTA_NN_HAVERSINE;NOT_ELIGIBILITY;NOT_USPS_VALIDITY;NO_INVENTORY
45861,ZCTA_NEAREST_ACTIVE_OUTLET,OH0179,005,3.918,ZCTA_NN;R6371;TIE_FIRST_LEX,ZCTA_NN_HAVERSINE;NOT_ELIGIBILITY;NOT_USPS_VALIDITY;NO_INVENTORY
45862,EXACT_IMLS_OUTLET_ZIP,OH0043,004,,EXACT_OUTLET;TIE_FSCSKEY_SEQ,EXACT_OUTLET;NOT_USPS_VALIDITY;NO_INVENTORY
45863,EXACT_IMLS_OUTLET_ZIP,OH0221,006,,EXACT_OUTLET;TIE_FSCSKEY_SEQ,EXACT_OUTLET;NOT_USPS_VALIDITY;NO_INVENTORY
45864,ZCTA_NEAREST_ACTIVE_OUTLET,OH0176,002,10.391,ZCTA_NN;R6371;TIE_FIRST_LEX,ZCTA_NN_HAVERSINE;NOT_ELIGIBILITY;NOT_USPS_VALIDITY;NO_INVENTORY
45865,EXACT_IMLS_OUTLET_ZIP,OH0225,004,,EXACT_OUTLET;TIE_FSCSKEY_SEQ,EXACT_OUTLET;NOT_USPS_VALIDITY;NO_INVENTORY
45866,ZCTA_NEAREST_ACTIVE_OUTLET,OH0055,002,6.903,ZCTA_NN;R6371;TIE_FIRST_LEX,ZCTA_NN_HAVERSINE;NOT_ELIGIBILITY;NOT_USPS_VALIDITY;NO_INVENTORY
45867,ZCTA_NEAREST_ACTIVE_OUTLET,OH0081,003,9.475,ZCTA_NN;R6371;TIE_FIRST_LEX,ZCTA_NN_HAVERSINE;NOT_ELIGIBILITY;NOT_USPS_VALIDITY;NO_INVENTORY
45868,ZCTA_NEAREST_ACTIVE_OUTLET,OH0027,002,9.399,ZCTA_NN;R6371;TIE_FIRST_LEX,ZCTA_NN_HAVERSINE;NOT_ELIGIBILITY;NOT_USPS_VALIDITY;NO_INVENTORY
45869,EXACT_IMLS_OUTLET_ZIP,OH0225,005,,EXACT_OUTLET;TIE_FSCSKEY_SEQ,EXACT_OUTLET;NOT_USPS_VALIDITY;NO_INVENTORY
45870,ZCTA_NEAREST_ACTIVE_OUTLET,OH0225,007,5.284,ZCTA_NN;R6371;TIE_FIRST_LEX,ZCTA_NN_HAVERSINE;NOT_ELIGIBILITY;NOT_USPS_VALIDITY;NO_INVENTORY
45871,EXACT_IMLS_OUTLET_ZIP,OH0225,006,,EXACT_OUTLET;TIE_FSCSKEY_SEQ,EXACT_OUTLET;NOT_USPS_VALIDITY;NO_INVENTORY
45872,EXACT_IMLS_OUTLET_ZIP,OH0167,002,,EXACT_OUTLET;TIE_FSCSKEY_SEQ,EXACT_OUTLET;NOT_USPS_VALIDITY;NO_INVENTORY
45873,EXACT_IMLS_OUTLET_ZIP,OH0179,005,,EXACT_OUTLET;TIE_FSCSKEY_SEQ,EXACT_OUTLET;NOT_USPS_VALIDITY;NO_INVENTORY
45874,EXACT_IMLS_OUTLET_ZIP,OH0221,007,,EXACT_OUTLET;TIE_FSCSKEY_SEQ,EXACT_OUTLET;NOT_USPS_VALIDITY;NO_INVENTORY
45875,EXACT_IMLS_OUTLET_ZIP,OH0176,002,,EXACT_OUTLET;TIE_FSCSKEY_SEQ,EXACT_OUTLET;NOT_USPS_VALIDITY;NO_INVENTORY
45876,EXACT_IMLS_OUTLET_ZIP,OH0176,007,,EXACT_OUTLET;TIE_FSCSKEY_SEQ,EXACT_OUTLET;NOT_USPS_VALIDITY;NO_INVENTORY
45877,EXACT_IMLS_OUTLET_ZIP,OH0176,008,,EXACT_OUTLET;TIE_FSCSKEY_SEQ,EXACT_OUTLET;NOT_USPS_VALIDITY;NO_INVENTORY
45879,EXACT_IMLS_OUTLET_ZIP,OH0179,002,,EXACT_OUTLET;TIE_FSCSKEY_SEQ,EXACT_OUTLET;NOT_USPS_VALIDITY;NO_INVENTORY
45880,EXACT_IMLS_OUTLET_ZIP,OH0179,004,,EXACT_OUTLET;TIE_FSCSKEY_SEQ,EXACT_OUTLET;NOT_USPS_VALIDITY;NO_INVENTORY
45881,ZCTA_NEAREST_ACTIVE_OUTLET,OH0027,002,11.209,ZCTA_NN;R6371;TIE_FIRST_LEX,ZCTA_NN_HAVERSINE;NOT_ELIGIBILITY;NOT_USPS_VALIDITY;NO_INVENTORY
45882,EXACT_IMLS_OUTLET_ZIP,OH0194,002,,EXACT_OUTLET;TIE_FSCSKEY_SEQ,EXACT_OUTLET;NOT_USPS_VALIDITY;NO_INVENTORY
45883,EXACT_IMLS_OUTLET_ZIP,OH0043,005,,EXACT_OUTLET;TIE_FSCSKEY_SEQ,EXACT_OUTLET;NOT_USPS_VALIDITY;NO_INVENTORY
45884,ZCTA_NEAREST_ACTIVE_OUTLET,OH0225,002,9.669,ZCTA_NN;R6371;TIE_FIRST_LEX,ZCTA_NN_HAVERSINE;NOT_ELIGIBILITY;NOT_USPS_VALIDITY;NO_INVENTORY
45885,EXACT_IMLS_OUTLET_ZIP,OH0206,002,,EXACT_OUTLET;TIE_FSCSKEY_SEQ,EXACT_OUTLET;NOT_USPS_VALIDITY;NO_INVENTORY
45886,ZCTA_NEAREST_ACTIVE_OUTLET,OH0221,003,11.455,ZCTA_NN;R6371;TIE_FIRST_LEX,ZCTA_NN_HAVERSINE;NOT_ELIGIBILITY;NOT_USPS_VALIDITY;NO_INVENTORY
45887,EXACT_IMLS_OUTLET_ZIP,OH0121,007,,EXACT_OUTLET;TIE_FSCSKEY_SEQ,EXACT_OUTLET;NOT_USPS_VALIDITY;NO_INVENTORY
45888,ZCTA_NEAREST_ACTIVE_OUTLET,OH0225,003,7.632,ZCTA_NN;R6371;TIE_FIRST_LEX,ZCTA_NN_HAVERSINE;NOT_ELIGIBILITY;NOT_USPS_VALIDITY;NO_INVENTORY
45889,ZCTA_NEAREST_ACTIVE_OUTLET,OH0167,002,4.812,ZCTA_NN;R6371;TIE_FIRST_LEX,ZCTA_NN_HAVERSINE;NOT_ELIGIBILITY;NOT_USPS_VALIDITY;NO_INVENTORY
45890,ZCTA_NEAREST_ACTIVE_OUTLET,OH0041,002,10.152,ZCTA_NN;R6371;TIE_FIRST_LEX,ZCTA_NN_HAVERSINE;NOT_ELIGIBILITY;NOT_USPS_VALIDITY;NO_INVENTORY
45891,EXACT_IMLS_OUTLET_ZIP,OH0221,002,,EXACT_OUTLET;TIE_FSCSKEY_SEQ,EXACT_OUTLET;NOT_USPS_VALIDITY;NO_INVENTORY
45893,ZCTA_NEAREST_ACTIVE_OUTLET,OH0121,003,7.605,ZCTA_NN;R6371;TIE_FIRST_LEX,ZCTA_NN_HAVERSINE;NOT_ELIGIBILITY;NOT_USPS_VALIDITY;NO_INVENTORY
45894,ZCTA_NEAREST_ACTIVE_OUTLET,OH0043,004,10.421,ZCTA_NN;R6371;TIE_FIRST_LEX,ZCTA_NN_HAVERSINE;NOT_ELIGIBILITY;NOT_USPS_VALIDITY;NO_INVENTORY
45895,EXACT_IMLS_OUTLET_ZIP,OH0225,002,,EXACT_OUTLET;TIE_FSCSKEY_SEQ,EXACT_OUTLET;NOT_USPS_VALIDITY;NO_INVENTORY
45896,EXACT_IMLS_OUTLET_ZIP,OH0225,007,,EXACT_OUTLET;TIE_FSCSKEY_SEQ,EXACT_OUTLET;NOT_USPS_VALIDITY;NO_INVENTORY
45897,ZCTA_NEAREST_ACTIVE_OUTLET,OH0071,002,5.937,ZCTA_NN;R6371;TIE_FIRST_LEX,ZCTA_NN_HAVERSINE;NOT_ELIGIBILITY;NOT_USPS_VALIDITY;NO_INVENTORY
45898,EXACT_IMLS_OUTLET_ZIP,OH0221,004,,EXACT_OUTLET;TIE_FSCSKEY_SEQ,EXACT_OUTLET;NOT_USPS_VALIDITY;NO_INVENTORY
45899,EXACT_IMLS_OUTLET_ZIP,OH0221,005,,EXACT_OUTLET;TIE_FSCSKEY_SEQ,EXACT_OUTLET;NOT_USPS_VALIDITY;NO_INVENTORY
46001,EXACT_IMLS_OUTLET_ZIP,IN0157,002,,EXACT_OUTLET;TIE_FSCSKEY_SEQ,EXACT_OUTLET;NOT_USPS_VALIDITY;NO_INVENTORY
46011,ZCTA_NEAREST_ACTIVE_OUTLET,IN0158,002,7.636,ZCTA_NN;R6371;TIE_FIRST_LEX,ZCTA_NN_HAVERSINE;NOT_ELIGIBILITY;NOT_USPS_VALIDITY;NO_INVENTORY
46012,ZCTA_NEAREST_ACTIVE_OUTLET,IN0158,002,6.586,ZCTA_NN;R6371;TIE_FIRST_LEX,ZCTA_NN_HAVERSINE;NOT_ELIGIBILITY;NOT_USPS_VALIDITY;NO_INVENTORY
46013,ZCTA_NEAREST_ACTIVE_OUTLET,IN0158,002,5.919,ZCTA_NN;R6371;TIE_FIRST_LEX,ZCTA_NN_HAVERSINE;NOT_ELIGIBILITY;NOT_USPS_VALIDITY;NO_INVENTORY
46014,OBSERVED_REFERENCE_INDIRECT_ONLY,,,,INDIRECT_IMLS_SC;NO_FABRICATED_NEAREST,INDIRECT_IMLS_SC;NO_FABRICATED_NEAREST;NOT_REJECTED;NOT_USPS_VALIDITY;NO_INVENTORY
46015,OBSERVED_REFERENCE_INDIRECT_ONLY,,,,INDIRECT_IMLS_SC;NO_FABRICATED_NEAREST,INDIRECT_IMLS_SC;NO_FABRICATED_NEAREST;NOT_REJECTED;NOT_USPS_VALIDITY;NO_INVENTORY
46016,EXACT_IMLS_OUTLET_ZIP,IN0158,002,,EXACT_OUTLET;TIE_FSCSKEY_SEQ,EXACT_OUTLET;NOT_USPS_VALIDITY;NO_INVENTORY
46017,ZCTA_NEAREST_ACTIVE_OUTLET,IN0149,002,6.120,ZCTA_NN;R6371;TIE_FIRST_LEX,ZCTA_NN_HAVERSINE;NOT_ELIGIBILITY;NOT_USPS_VALIDITY;NO_INVENTORY
46018,OBSERVED_REFERENCE_INDIRECT_ONLY,,,,INDIRECT_IMLS_SC;NO_FABRICATED_NEAREST,INDIRECT_IMLS_SC;NO_FABRICATED_NEAREST;NOT_REJECTED;NOT_USPS_VALIDITY;NO_INVENTORY
46030,ZCTA_NEAREST_ACTIVE_OUTLET,IN0196,002,5.110,ZCTA_NN;R6371;TIE_FIRST_LEX,ZCTA_NN_HAVERSINE;NOT_ELIGIBILITY;NOT_USPS_VALIDITY;NO_INVENTORY
46031,ZCTA_NEAREST_ACTIVE_OUTLET,IN0196,002,8.901,ZCTA_NN;R6371;TIE_FIRST_LEX,ZCTA_NN_HAVERSINE;NOT_ELIGIBILITY;NOT_USPS_VALIDITY;NO_INVENTORY
46032,EXACT_IMLS_OUTLET_ZIP,IN0195,002,,EXACT_OUTLET;TIE_FSCSKEY_SEQ,EXACT_OUTLET;NOT_USPS_VALIDITY;NO_INVENTORY
46033,ZCTA_NEAREST_ACTIVE_OUTLET,IN0195,002,2.948,ZCTA_NN;R6371;TIE_FIRST_LEX,ZCTA_NN_HAVERSINE;NOT_ELIGIBILITY;NOT_USPS_VALIDITY;NO_INVENTORY
46034,EXACT_IMLS_OUTLET_ZIP,IN0196,002,,EXACT_OUTLET;TIE_FSCSKEY_SEQ,EXACT_OUTLET;NOT_USPS_VALIDITY;NO_INVENTORY
46035,EXACT_IMLS_OUTLET_ZIP,IN0103,002,,EXACT_OUTLET;TIE_FSCSKEY_SEQ,EXACT_OUTLET;NOT_USPS_VALIDITY;NO_INVENTORY
46036,EXACT_IMLS_OUTLET_ZIP,IN0156,002,,EXACT_OUTLET;TIE_FSCSKEY_SEQ,EXACT_OUTLET;NOT_USPS_VALIDITY;NO_INVENTORY
46037,ZCTA_NEAREST_ACTIVE_OUTLET,IN0197,004,6.147,ZCTA_NN;R6371;TIE_FIRST_LEX,ZCTA_NN_HAVERSINE;NOT_ELIGIBILITY;NOT_USPS_VALIDITY;NO_INVENTORY
46038,EXACT_IMLS_OUTLET_ZIP,IN0197,004,,EXACT_OUTLET;TIE_FSCSKEY_SEQ,EXACT_OUTLET;NOT_USPS_VALIDITY;NO_INVENTORY
46039,ZCTA_NEAREST_ACTIVE_OUTLET,IN0128,004,6.627,ZCTA_NN;R6371;TIE_FIRST_LEX,ZCTA_NN_HAVERSINE;NOT_ELIGIBILITY;NOT_USPS_VALIDITY;NO_INVENTORY
46040,EXACT_IMLS_OUTLET_ZIP,IN0198,002,,EXACT_OUTLET;TIE_FSCSKEY_SEQ,EXACT_OUTLET;NOT_USPS_VALIDITY;NO_INVENTORY
46041,EXACT_IMLS_OUTLET_ZIP,IN0104,001,,EXACT_OUTLET;TIE_FSCSKEY_SEQ,EXACT_OUTLET;NOT_USPS_VALIDITY;NO_INVENTORY
46044,EXACT_IMLS_OUTLET_ZIP,IN0156,003,,EXACT_OUTLET;TIE_FSCSKEY_SEQ,EXACT_OUTLET;NOT_USPS_VALIDITY;NO_INVENTORY
46045,ZCTA_NEAREST_ACTIVE_OUTLET,IN0132,002,9.271,ZCTA_NN;R6371;TIE_FIRST_LEX,ZCTA_NN_HAVERSINE;NOT_ELIGIBILITY;NOT_USPS_VALIDITY;NO_INVENTORY
46047,ZCTA_NEAREST_ACTIVE_OUTLET,IN0132,002,7.861,ZCTA_NN;R6371;TIE_FIRST_LEX,ZCTA_NN_HAVERSINE;NOT_ELIGIBILITY;NOT_USPS_VALIDITY;NO_INVENTORY
46048,ZCTA_NEAREST_ACTIVE_OUTLET,IN0198,002,3.759,ZCTA_NN;R6371;TIE_FIRST_LEX,ZCTA_NN_HAVERSINE;NOT_ELIGIBILITY;NOT_USPS_VALIDITY;NO_INVENTORY
46049,ZCTA_NEAREST_ACTIVE_OUTLET,IN0128,004,14.394,ZCTA_NN;R6371;TIE_FIRST_LEX,ZCTA_NN_HAVERSINE;NOT_ELIGIBILITY;NOT_USPS_VALIDITY;NO_INVENTORY
46050,EXACT_IMLS_OUTLET_ZIP,IN0105,002,,EXACT_OUTLET;TIE_FSCSKEY_SEQ,EXACT_OUTLET;NOT_USPS_VALIDITY;NO_INVENTORY
46051,EXACT_IMLS_OUTLET_ZIP,IN0158,003,,EXACT_OUTLET;TIE_FSCSKEY_SEQ,EXACT_OUTLET;NOT_USPS_VALIDITY;NO_INVENTORY
46052,EXACT_IMLS_OUTLET_ZIP,IN0191,002,,EXACT_OUTLET;TIE_FSCSKEY_SEQ,EXACT_OUTLET;NOT_USPS_VALIDITY;NO_INVENTORY
46055,ZCTA_NEAREST_ACTIVE_OUTLET,IN0198,002,7.175,ZCTA_NN;R6371;TIE_FIRST_LEX,ZCTA_NN_HAVERSINE;NOT_ELIGIBILITY;NOT_USPS_VALIDITY;NO_INVENTORY
46056,ZCTA_NEAREST_ACTIVE_OUTLET,IN0149,002,11.018,ZCTA_NN;R6371;TIE_FIRST_LEX,ZCTA_NN_HAVERSINE;NOT_ELIGIBILITY;NOT_USPS_VALIDITY;NO_INVENTORY
46057,EXACT_IMLS_OUTLET_ZIP,IN0104,004,,EXACT_OUTLET;TIE_FSCSKEY_SEQ,EXACT_OUTLET;NOT_USPS_VALIDITY;NO_INVENTORY
46058,EXACT_IMLS_OUTLET_ZIP,IN0104,003,,EXACT_OUTLET;TIE_FSCSKEY_SEQ,EXACT_OUTLET;NOT_USPS_VALIDITY;NO_INVENTORY
46060,EXACT_IMLS_OUTLET_ZIP,IN0197,002,,EXACT_OUTLET;TIE_FSCSKEY_SEQ,EXACT_OUTLET;NOT_USPS_VALIDITY;NO_INVENTORY
46061,OBSERVED_REFERENCE_INDIRECT_ONLY,,,,INDIRECT_IMLS_SC;NO_FABRICATED_NEAREST,INDIRECT_IMLS_SC;NO_FABRICATED_NEAREST;NOT_REJECTED;NOT_USPS_VALIDITY;NO_INVENTORY
46062,ZCTA_NEAREST_ACTIVE_OUTLET,IN0197,002,5.620,ZCTA_NN;R6371;TIE_FIRST_LEX,ZCTA_NN_HAVERSINE;NOT_ELIGIBILITY;NOT_USPS_VALIDITY;NO_INVENTORY
46063,ZCTA_NEAREST_ACTIVE_OUTLET,IN0157,002,4.383,ZCTA_NN;R6371;TIE_FIRST_LEX,ZCTA_NN_HAVERSINE;NOT_ELIGIBILITY;NOT_USPS_VALIDITY;NO_INVENTORY
46064,EXACT_IMLS_OUTLET_ZIP,IN0159,002,,EXACT_OUTLET;TIE_FSCSKEY_SEQ,EXACT_OUTLET;NOT_USPS_VALIDITY;NO_INVENTORY
46065,EXACT_IMLS_OUTLET_ZIP,IN0104,005,,EXACT_OUTLET;TIE_FSCSKEY_SEQ,EXACT_OUTLET;NOT_USPS_VALIDITY;NO_INVENTORY
46068,ZCTA_NEAREST_ACTIVE_OUTLET,IN0128,003,6.544,ZCTA_NN;R6371;TIE_FIRST_LEX,ZCTA_NN_HAVERSINE;NOT_ELIGIBILITY;NOT_USPS_VALIDITY;NO_INVENTORY
46069,EXACT_IMLS_OUTLET_ZIP,IN0193,002,,EXACT_OUTLET;TIE_FSCSKEY_SEQ,EXACT_OUTLET;NOT_USPS_VALIDITY;NO_INVENTORY
46070,EXACT_IMLS_OUTLET_ZIP,IN0156,005,,EXACT_OUTLET;TIE_FSCSKEY_SEQ,EXACT_OUTLET;NOT_USPS_VALIDITY;NO_INVENTORY
46071,EXACT_IMLS_OUTLET_ZIP,IN0190,002,,EXACT_OUTLET;TIE_FSCSKEY_SEQ,EXACT_OUTLET;NOT_USPS_VALIDITY;NO_INVENTORY
46072,EXACT_IMLS_OUTLET_ZIP,IN0132,002,,EXACT_OUTLET;TIE_FSCSKEY_SEQ,EXACT_OUTLET;NOT_USPS_VALIDITY;NO_INVENTORY
46074,EXACT_IMLS_OUTLET_ZIP,IN0194,002,,EXACT_OUTLET;TIE_FSCSKEY_SEQ,EXACT_OUTLET;NOT_USPS_VALIDITY;NO_INVENTORY
46075,EXACT_IMLS_OUTLET_ZIP,IN0243,004,,EXACT_OUTLET;TIE_FSCSKEY_SEQ,EXACT_OUTLET;NOT_USPS_VALIDITY;NO_INVENTORY
46076,EXACT_IMLS_OUTLET_ZIP,IN0132,003,,EXACT_OUTLET;TIE_FSCSKEY_SEQ,EXACT_OUTLET;NOT_USPS_VALIDITY;NO_INVENTORY
46077,EXACT_IMLS_OUTLET_ZIP,IN0243,003,,EXACT_OUTLET;TIE_FSCSKEY_SEQ,EXACT_OUTLET;NOT_USPS_VALIDITY;NO_INVENTORY
46082,OBSERVED_REFERENCE_INDIRECT_ONLY,,,,INDIRECT_IMLS_SC;NO_FABRICATED_NEAREST,INDIRECT_IMLS_SC;NO_FABRICATED_NEAREST;NOT_REJECTED;NOT_USPS_VALIDITY;NO_INVENTORY
46102,ZCTA_NEAREST_ACTIVE_OUTLET,IN0191,002,14.273,ZCTA_NN;R6371;TIE_FIRST_LEX,ZCTA_NN_HAVERSINE;NOT_ELIGIBILITY;NOT_USPS_VALIDITY;NO_INVENTORY
46103,ZCTA_NEAREST_ACTIVE_OUTLET,IN0200,002,4.800,ZCTA_NN;R6371;TIE_FIRST_LEX,ZCTA_NN_HAVERSINE;NOT_ELIGIBILITY;NOT_USPS_VALIDITY;NO_INVENTORY
46104,ZCTA_NEAREST_ACTIVE_OUTLET,IN0214,006,8.395,ZCTA_NN;R6371;TIE_FIRST_LEX,ZCTA_NN_HAVERSINE;NOT_ELIGIBILITY;NOT_USPS_VALIDITY;NO_INVENTORY
46105,ZCTA_NEAREST_ACTIVE_OUTLET,IN0185,002,9.757,ZCTA_NN;R6371;TIE_FIRST_LEX,ZCTA_NN_HAVERSINE;NOT_ELIGIBILITY;NOT_USPS_VALIDITY;NO_INVENTORY
46106,ZCTA_NEAREST_ACTIVE_OUTLET,IN0212,011,7.101,ZCTA_NN;R6371;TIE_FIRST_LEX,ZCTA_NN_HAVERSINE;NOT_ELIGIBILITY;NOT_USPS_VALIDITY;NO_INVENTORY
46107,EXACT_IMLS_OUTLET_ZIP,IN0210,041,,EXACT_OUTLET;TIE_FSCSKEY_SEQ,EXACT_OUTLET;NOT_USPS_VALIDITY;NO_INVENTORY
46110,ZCTA_NEAREST_ACTIVE_OUTLET,IN0214,002,12.191,ZCTA_NN;R6371;TIE_FIRST_LEX,ZCTA_NN_HAVERSINE;NOT_ELIGIBILITY;NOT_USPS_VALIDITY;NO_INVENTORY
46111,EXACT_IMLS_OUTLET_ZIP,IN0212,004,,EXACT_OUTLET;TIE_FSCSKEY_SEQ,EXACT_OUTLET;NOT_USPS_VALIDITY;NO_INVENTORY
46112,EXACT_IMLS_OUTLET_ZIP,IN0201,002,,EXACT_OUTLET;TIE_FSCSKEY_SEQ,EXACT_OUTLET;NOT_USPS_VALIDITY;NO_INVENTORY
46113,ZCTA_NEAREST_ACTIVE_OUTLET,IN0210,007,6.015,ZCTA_NN;R6371;TIE_FIRST_LEX,ZCTA_NN_HAVERSINE;NOT_ELIGIBILITY;NOT_USPS_VALIDITY;NO_INVENTORY
46115,EXACT_IMLS_OUTLET_ZIP,IN0165,002,,EXACT_OUTLET;TIE_FSCSKEY_SEQ,EXACT_OUTLET;NOT_USPS_VALIDITY;NO_INVENTORY
46117,ZCTA_NEAREST_ACTIVE_OUTLET,IN0152,002,7.882,ZCTA_NN;R6371;TIE_FIRST_LEX,ZCTA_NN_HAVERSINE;NOT_ELIGIBILITY;NOT_USPS_VALIDITY;NO_INVENTORY
46118,EXACT_IMLS_OUTLET_ZIP,IN0203,002,,EXACT_OUTLET;TIE_FSCSKEY_SEQ,EXACT_OUTLET;NOT_USPS_VALIDITY;NO_INVENTORY
46120,ZCTA_NEAREST_ACTIVE_OUTLET,IN0212,005,10.927,ZCTA_NN;R6371;TIE_FIRST_LEX,ZCTA_NN_HAVERSINE;NOT_ELIGIBILITY;NOT_USPS_VALIDITY;NO_INVENTORY
46121,EXACT_IMLS_OUTLET_ZIP,IN0200,002,,EXACT_OUTLET;TIE_FSCSKEY_SEQ,EXACT_OUTLET;NOT_USPS_VALIDITY;NO_INVENTORY
46122,EXACT_IMLS_OUTLET_ZIP,IN0202,002,,EXACT_OUTLET;TIE_FSCSKEY_SEQ,EXACT_OUTLET;NOT_USPS_VALIDITY;NO_INVENTORY
46123,EXACT_IMLS_OUTLET_ZIP,IN0204,002,,EXACT_OUTLET;TIE_FSCSKEY_SEQ,EXACT_OUTLET;NOT_USPS_VALIDITY;NO_INVENTORY
46124,EXACT_IMLS_OUTLET_ZIP,IN0208,002,,EXACT_OUTLET;TIE_FSCSKEY_SEQ,EXACT_OUTLET;NOT_USPS_VALIDITY;NO_INVENTORY
46125,EXACT_IMLS_OUTLET_ZIP,IN0212,005,,EXACT_OUTLET;TIE_FSCSKEY_SEQ,EXACT_OUTLET;NOT_USPS_VALIDITY;NO_INVENTORY
46126,ZCTA_NEAREST_ACTIVE_OUTLET,IN0199,003,12.126,ZCTA_NN;R6371;TIE_FIRST_LEX,ZCTA_NN_HAVERSINE;NOT_ELIGIBILITY;NOT_USPS_VALIDITY;NO_INVENTORY
46127,ZCTA_NEAREST_ACTIVE_OUTLET,IN0169,002,13.944,ZCTA_NN;R6371;TIE_FIRST_LEX,ZCTA_NN_HAVERSINE;NOT_ELIGIBILITY;NOT_USPS_VALIDITY;NO_INVENTORY
46128,ZCTA_NEAREST_ACTIVE_OUTLET,IN0200,002,7.082,ZCTA_NN;R6371;TIE_FIRST_LEX,ZCTA_NN_HAVERSINE;NOT_ELIGIBILITY;NOT_USPS_VALIDITY;NO_INVENTORY
46130,ZCTA_NEAREST_ACTIVE_OUTLET,IN0199,003,8.548,ZCTA_NN;R6371;TIE_FIRST_LEX,ZCTA_NN_HAVERSINE;NOT_ELIGIBILITY;NOT_USPS_VALIDITY;NO_INVENTORY
46131,EXACT_IMLS_OUTLET_ZIP,IN0207,002,,EXACT_OUTLET;TIE_FSCSKEY_SEQ,EXACT_OUTLET;NOT_USPS_VALIDITY;NO_INVENTORY
46133,ZCTA_NEAREST_ACTIVE_OUTLET,IN0166,002,11.694,ZCTA_NN;R6371;TIE_FIRST_LEX,ZCTA_NN_HAVERSINE;NOT_ELIGIBILITY;NOT_USPS_VALIDITY;NO_INVENTORY
46135,EXACT_IMLS_OUTLET_ZIP,IN0184,002,,EXACT_OUTLET;TIE_FSCSKEY_SEQ,EXACT_OUTLET;NOT_USPS_VALIDITY;NO_INVENTORY
46140,EXACT_IMLS_OUTLET_ZIP,IN0199,002,,EXACT_OUTLET;TIE_FSCSKEY_SEQ,EXACT_OUTLET;NOT_USPS_VALIDITY;NO_INVENTORY
46142,EXACT_IMLS_OUTLET_ZIP,IN0207,003,,EXACT_OUTLET;TIE_FSCSKEY_SEQ,EXACT_OUTLET;NOT_USPS_VALIDITY;NO_INVENTORY
46143,EXACT_IMLS_OUTLET_ZIP,IN0206,002,,EXACT_OUTLET;TIE_FSCSKEY_SEQ,EXACT_OUTLET;NOT_USPS_VALIDITY;NO_INVENTORY
46144,ZCTA_NEAREST_ACTIVE_OUTLET,IN0214,006,4.439,ZCTA_NN;R6371;TIE_FIRST_LEX,ZCTA_NN_HAVERSINE;NOT_ELIGIBILITY;NOT_USPS_VALIDITY;NO_INVENTORY
46146,ZCTA_NEAREST_ACTIVE_OUTLET,IN0166,002,11.085,ZCTA_NN;R6371;TIE_FIRST_LEX,ZCTA_NN_HAVERSINE;NOT_ELIGIBILITY;NOT_USPS_VALIDITY;NO_INVENTORY
46147,ZCTA_NEAREST_ACTIVE_OUTLET,IN0191,002,15.786,ZCTA_NN;R6371;TIE_FIRST_LEX,ZCTA_NN_HAVERSINE;NOT_ELIGIBILITY;NOT_USPS_VALIDITY;NO_INVENTORY
46148,EXACT_IMLS_OUTLET_ZIP,IN0152,002,,EXACT_OUTLET;TIE_FSCSKEY_SEQ,EXACT_OUTLET;NOT_USPS_VALIDITY;NO_INVENTORY
46149,ZCTA_NEAREST_ACTIVE_OUTLET,IN0202,002,14.012,ZCTA_NN;R6371;TIE_FIRST_LEX,ZCTA_NN_HAVERSINE;NOT_ELIGIBILITY;NOT_USPS_VALIDITY;NO_INVENTORY
46150,ZCTA_NEAREST_ACTIVE_OUTLET,IN0166,002,15.205,ZCTA_NN;R6371;TIE_FIRST_LEX,ZCTA_NN_HAVERSINE;NOT_ELIGIBILITY;NOT_USPS_VALIDITY;NO_INVENTORY
46151,EXACT_IMLS_OUTLET_ZIP,IN0212,011,,EXACT_OUTLET;TIE_FSCSKEY_SEQ,EXACT_OUTLET;NOT_USPS_VALIDITY;NO_INVENTORY
46154,ZCTA_NEAREST_ACTIVE_OUTLET,IN0199,002,6.447,ZCTA_NN;R6371;TIE_FIRST_LEX,ZCTA_NN_HAVERSINE;NOT_ELIGIBILITY;NOT_USPS_VALIDITY;NO_INVENTORY
46155,ZCTA_NEAREST_ACTIVE_OUTLET,IN0152,002,10.140,ZCTA_NN;R6371;TIE_FIRST_LEX,ZCTA_NN_HAVERSINE;NOT_ELIGIBILITY;NOT_USPS_VALIDITY;NO_INVENTORY
46156,ZCTA_NEAREST_ACTIVE_OUTLET,IN0166,002,13.973,ZCTA_NN;R6371;TIE_FIRST_LEX,ZCTA_NN_HAVERSINE;NOT_ELIGIBILITY;NOT_USPS_VALIDITY;NO_INVENTORY
46157,EXACT_IMLS_OUTLET_ZIP,IN0212,006,,EXACT_OUTLET;TIE_FSCSKEY_SEQ,EXACT_OUTLET;NOT_USPS_VALIDITY;NO_INVENTORY
46158,EXACT_IMLS_OUTLET_ZIP,IN0213,002,,EXACT_OUTLET;TIE_FSCSKEY_SEQ,EXACT_OUTLET;NOT_USPS_VALIDITY;NO_INVENTORY
46160,EXACT_IMLS_OUTLET_ZIP,IN0212,007,,EXACT_OUTLET;TIE_FSCSKEY_SEQ,EXACT_OUTLET;NOT_USPS_VALIDITY;NO_INVENTORY
46161,EXACT_IMLS_OUTLET_ZIP,IN0214,006,,EXACT_OUTLET;TIE_FSCSKEY_SEQ,EXACT_OUTLET;NOT_USPS_VALIDITY;NO_INVENTORY
46162,ZCTA_NEAREST_ACTIVE_OUTLET,IN0207,011,11.204,ZCTA_NN;R6371;TIE_FIRST_LEX,ZCTA_NN_HAVERSINE;NOT_ELIGIBILITY;NOT_USPS_VALIDITY;NO_INVENTORY
46163,EXACT_IMLS_OUTLET_ZIP,IN0199,003,,EXACT_OUTLET;TIE_FSCSKEY_SEQ,EXACT_OUTLET;NOT_USPS_VALIDITY;NO_INVENTORY
46164,EXACT_IMLS_OUTLET_ZIP,IN0216,004,,EXACT_OUTLET;TIE_FSCSKEY_SEQ,EXACT_OUTLET;NOT_USPS_VALIDITY;NO_INVENTORY
46165,ZCTA_NEAREST_ACTIVE_OUTLET,IN0185,002,13.708,ZCTA_NN;R6371;TIE_FIRST_LEX,ZCTA_NN_HAVERSINE;NOT_ELIGIBILITY;NOT_USPS_VALIDITY;NO_INVENTORY
46166,ZCTA_NEAREST_ACTIVE_OUTLET,IN0212,005,12.188,ZCTA_NN;R6371;TIE_FIRST_LEX,ZCTA_NN_HAVERSINE;NOT_ELIGIBILITY;NOT_USPS_VALIDITY;NO_INVENTORY
46167,ZCTA_NEAREST_ACTIVE_OUTLET,IN0201,002,7.597,ZCTA_NN;R6371;TIE_FIRST_LEX,ZCTA_NN_HAVERSINE;NOT_ELIGIBILITY;NOT_USPS_VALIDITY;NO_INVENTORY
46168,EXACT_IMLS_OUTLET_ZIP,IN0205,002,,EXACT_OUTLET;TIE_FSCSKEY_SEQ,EXACT_OUTLET;NOT_USPS_VALIDITY;NO_INVENTORY
46170,ZCTA_NEAREST_ACTIVE_OUTLET,IN0184,002,7.891,ZCTA_NN;R6371;TIE_FIRST_LEX,ZCTA_NN_HAVERSINE;NOT_ELIGIBILITY;NOT_USPS_VALIDITY;NO_INVENTORY
46171,ZCTA_NEAREST_ACTIVE_OUTLET,IN0173,002,14.356,ZCTA_NN;R6371;TIE_FIRST_LEX,ZCTA_NN_HAVERSINE;NOT_ELIGIBILITY;NOT_USPS_VALIDITY;NO_INVENTORY
46172,EXACT_IMLS_OUTLET_ZIP,IN0185,002,,EXACT_OUTLET;TIE_FSCSKEY_SEQ,EXACT_OUTLET;NOT_USPS_VALIDITY;NO_INVENTORY
46173,EXACT_IMLS_OUTLET_ZIP,IN0166,002,,EXACT_OUTLET;TIE_FSCSKEY_SEQ,EXACT_OUTLET;NOT_USPS_VALIDITY;NO_INVENTORY
46175,ZCTA_NEAREST_ACTIVE_OUTLET,IN0110,002,9.640,ZCTA_NN;R6371;TIE_FIRST_LEX,ZCTA_NN_HAVERSINE;NOT_ELIGIBILITY;NOT_USPS_VALIDITY;NO_INVENTORY
46176,EXACT_IMLS_OUTLET_ZIP,IN0214,002,,EXACT_OUTLET;TIE_FSCSKEY_SEQ,EXACT_OUTLET;NOT_USPS_VALIDITY;NO_INVENTORY
46180,ZCTA_NEAREST_ACTIVE_OUTLET,IN0212,005,8.734,ZCTA_NN;R6371;TIE_FIRST_LEX,ZCTA_NN_HAVERSINE;NOT_ELIGIBILITY;NOT_USPS_VALIDITY;NO_INVENTORY
46181,EXACT_IMLS_OUTLET_ZIP,IN0207,009,,EXACT_OUTLET;TIE_FSCSKEY_SEQ,EXACT_OUTLET;NOT_USPS_VALIDITY;NO_INVENTORY
46182,ZCTA_NEAREST_ACTIVE_OUTLET,IN0214,004,11.767,ZCTA_NN;R6371;TIE_FIRST_LEX,ZCTA_NN_HAVERSINE;NOT_ELIGIBILITY;NOT_USPS_VALIDITY;NO_INVENTORY
46183,ZCTA_NEAREST_ACTIVE_OUTLET,IN0210,007,3.709,ZCTA_NN;R6371;TIE_FIRST_LEX,ZCTA_NN_HAVERSINE;NOT_ELIGIBILITY;NOT_USPS_VALIDITY;NO_INVENTORY
46184,EXACT_IMLS_OUTLET_ZIP,IN0207,011,,EXACT_OUTLET;TIE_FSCSKEY_SEQ,EXACT_OUTLET;NOT_USPS_VALIDITY;NO_INVENTORY
46186,ZCTA_NEAREST_ACTIVE_OUTLET,IN0159,002,14.435,ZCTA_NN;R6371;TIE_FIRST_LEX,ZCTA_NN_HAVERSINE;NOT_ELIGIBILITY;NOT_USPS_VALIDITY;NO_INVENTORY
46201,EXACT_IMLS_OUTLET_ZIP,IN0210,009,,EXACT_OUTLET;TIE_FSCSKEY_SEQ,EXACT_OUTLET;NOT_USPS_VALIDITY;NO_INVENTORY
46202,ZCTA_NEAREST_ACTIVE_OUTLET,IN0210,034,0.819,ZCTA_NN;R6371;TIE_FIRST_LEX,ZCTA_NN_HAVERSINE;NOT_ELIGIBILITY;NOT_USPS_VALIDITY;NO_INVENTORY
46203,EXACT_IMLS_OUTLET_ZIP,IN0210,017,,EXACT_OUTLET;TIE_FSCSKEY_SEQ,EXACT_OUTLET;NOT_USPS_VALIDITY;NO_INVENTORY
46204,EXACT_IMLS_OUTLET_ZIP,IN0210,034,,EXACT_OUTLET;TIE_FSCSKEY_SEQ,EXACT_OUTLET;NOT_USPS_VALIDITY;NO_INVENTORY
46205,EXACT_IMLS_OUTLET_ZIP,IN0210,005,,EXACT_OUTLET;TIE_FSCSKEY_SEQ,EXACT_OUTLET;NOT_USPS_VALIDITY;NO_INVENTORY
46206,ZCTA_NEAREST_ACTIVE_OUTLET,IN0210,034,2.003,ZCTA_NN;R6371;TIE_FIRST_LEX,ZCTA_NN_HAVERSINE;NOT_ELIGIBILITY;NOT_USPS_VALIDITY;NO_INVENTORY
46207,OBSERVED_REFERENCE_INDIRECT_ONLY,,,,INDIRECT_IMLS_SC;NO_FABRICATED_NEAREST,INDIRECT_IMLS_SC;NO_FABRICATED_NEAREST;NOT_REJECTED;NOT_USPS_VALIDITY;NO_INVENTORY
46208,EXACT_IMLS_OUTLET_ZIP,IN0210,031,,EXACT_OUTLET;TIE_FSCSKEY_SEQ,EXACT_OUTLET;NOT_USPS_VALIDITY;NO_INVENTORY
46209,OBSERVED_REFERENCE_INDIRECT_ONLY,,,,INDIRECT_IMLS_SC;NO_FABRICATED_NEAREST,INDIRECT_IMLS_SC;NO_FABRICATED_NEAREST;NOT_REJECTED;NOT_USPS_VALIDITY;NO_INVENTORY
46213,EXACT_IMLS_OUTLET_ZIP,IN0210,003,,EXACT_OUTLET;TIE_FSCSKEY_SEQ,EXACT_OUTLET;NOT_USPS_VALIDITY;NO_INVENTORY
46214,ZCTA_NEAREST_ACTIVE_OUTLET,IN0209,002,3.037,ZCTA_NN;R6371;TIE_FIRST_LEX,ZCTA_NN_HAVERSINE;NOT_ELIGIBILITY;NOT_USPS_VALIDITY;NO_INVENTORY
46216,EXACT_IMLS_OUTLET_ZIP,IN0210,044,,EXACT_OUTLET;TIE_FSCSKEY_SEQ,EXACT_OUTLET;NOT_USPS_VALIDITY;NO_INVENTORY
46217,EXACT_IMLS_OUTLET_ZIP,IN0210,043,,EXACT_OUTLET;TIE_FSCSKEY_SEQ,EXACT_OUTLET;NOT_USPS_VALIDITY;NO_INVENTORY
46218,EXACT_IMLS_OUTLET_ZIP,IN0210,033,,EXACT_OUTLET;TIE_FSCSKEY_SEQ,EXACT_OUTLET;NOT_USPS_VALIDITY;NO_INVENTORY
46219,EXACT_IMLS_OUTLET_ZIP,IN0210,006,,EXACT_OUTLET;TIE_FSCSKEY_SEQ,EXACT_OUTLET;NOT_USPS_VALIDITY;NO_INVENTORY
46220,EXACT_IMLS_OUTLET_ZIP,IN0210,004,,EXACT_OUTLET;TIE_FSCSKEY_SEQ,EXACT_OUTLET;NOT_USPS_VALIDITY;NO_INVENTORY
46221,EXACT_IMLS_OUTLET_ZIP,IN0210,007,,EXACT_OUTLET;TIE_FSCSKEY_SEQ,EXACT_OUTLET;NOT_USPS_VALIDITY;NO_INVENTORY
46222,EXACT_IMLS_OUTLET_ZIP,IN0210,012,,EXACT_OUTLET;TIE_FSCSKEY_SEQ,EXACT_OUTLET;NOT_USPS_VALIDITY;NO_INVENTORY
46224,EXACT_IMLS_OUTLET_ZIP,IN0209,002,,EXACT_OUTLET;TIE_FSCSKEY_SEQ,EXACT_OUTLET;NOT_USPS_VALIDITY;NO_INVENTORY
46225,ZCTA_NEAREST_ACTIVE_OUTLET,IN0210,017,2.218,ZCTA_NN;R6371;TIE_FIRST_LEX,ZCTA_NN_HAVERSINE;NOT_ELIGIBILITY;NOT_USPS_VALIDITY;NO_INVENTORY
46226,ZCTA_NEAREST_ACTIVE_OUTLET,IN0210,033,2.702,ZCTA_NN;R6371;TIE_FIRST_LEX,ZCTA_NN_HAVERSINE;NOT_ELIGIBILITY;NOT_USPS_VALIDITY;NO_INVENTORY
46227,EXACT_IMLS_OUTLET_ZIP,IN0210,018,,EXACT_OUTLET;TIE_FSCSKEY_SEQ,EXACT_OUTLET;NOT_USPS_VALIDITY;NO_INVENTORY
46228,ZCTA_NEAREST_ACTIVE_OUTLET,IN0210,042,2.252,ZCTA_NN;R6371;TIE_FIRST_LEX,ZCTA_NN_HAVERSINE;NOT_ELIGIBILITY;NOT_USPS_VALIDITY;NO_INVENTORY
46229,EXACT_IMLS_OUTLET_ZIP,IN0210,021,,EXACT_OUTLET;TIE_FSCSKEY_SEQ,EXACT_OUTLET;NOT_USPS_VALIDITY;NO_INVENTORY
46230,OBSERVED_REFERENCE_INDIRECT_ONLY,,,,INDIRECT_IMLS_SC;NO_FABRICATED_NEAREST,INDIRECT_IMLS_SC;NO_FABRICATED_NEAREST;NOT_REJECTED;NOT_USPS_VALIDITY;NO_INVENTORY
46231,EXACT_IMLS_OUTLET_ZIP,IN0210,022,,EXACT_OUTLET;TIE_FSCSKEY_SEQ,EXACT_OUTLET;NOT_USPS_VALIDITY;NO_INVENTORY
46234,ZCTA_NEAREST_ACTIVE_OUTLET,IN0209,002,5.767,ZCTA_NN;R6371;TIE_FIRST_LEX,ZCTA_NN_HAVERSINE;NOT_ELIGIBILITY;NOT_USPS_VALIDITY;NO_INVENTORY
46235,ZCTA_NEAREST_ACTIVE_OUTLET,IN0210,044,3.217,ZCTA_NN;R6371;TIE_FIRST_LEX,ZCTA_NN_HAVERSINE;NOT_ELIGIBILITY;NOT_USPS_VALIDITY;NO_INVENTORY
46236,ZCTA_NEAREST_ACTIVE_OUTLET,IN0210,044,5.472,ZCTA_NN;R6371;TIE_FIRST_LEX,ZCTA_NN_HAVERSINE;NOT_ELIGIBILITY;NOT_USPS_VALIDITY;NO_INVENTORY
46237,ZCTA_NEAREST_ACTIVE_OUTLET,IN0210,018,4.122,ZCTA_NN;R6371;TIE_FIRST_LEX,ZCTA_NN_HAVERSINE;NOT_ELIGIBILITY;NOT_USPS_VALIDITY;NO_INVENTORY
46239,EXACT_IMLS_OUTLET_ZIP,IN0210,020,,EXACT_OUTLET;TIE_FSCSKEY_SEQ,EXACT_OUTLET;NOT_USPS_VALIDITY;NO_INVENTORY
46240,EXACT_IMLS_OUTLET_ZIP,IN0210,014,,EXACT_OUTLET;TIE_FSCSKEY_SEQ,EXACT_OUTLET;NOT_USPS_VALIDITY;NO_INVENTORY
46241,ZCTA_NEAREST_ACTIVE_OUTLET,IN0210,022,3.563,ZCTA_NN;R6371;TIE_FIRST_LEX,ZCTA_NN_HAVERSINE;NOT_ELIGIBILITY;NOT_USPS_VALIDITY;NO_INVENTORY
46242,OBSERVED_REFERENCE_INDIRECT_ONLY,,,,INDIRECT_IMLS_SC;NO_FABRICATED_NEAREST,INDIRECT_IMLS_SC;NO_FABRICATED_NEAREST;NOT_REJECTED;NOT_USPS_VALIDITY;NO_INVENTORY
46244,OBSERVED_REFERENCE_INDIRECT_ONLY,,,,INDIRECT_IMLS_SC;NO_FABRICATED_NEAREST,INDIRECT_IMLS_SC;NO_FABRICATED_NEAREST;NOT_REJECTED;NOT_USPS_VALIDITY;NO_INVENTORY
46247,OBSERVED_REFERENCE_INDIRECT_ONLY,,,,INDIRECT_IMLS_SC;NO_FABRICATED_NEAREST,INDIRECT_IMLS_SC;NO_FABRICATED_NEAREST;NOT_REJECTED;NOT_USPS_VALIDITY;NO_INVENTORY
46249,OBSERVED_REFERENCE_INDIRECT_ONLY,,,,INDIRECT_IMLS_SC;NO_FABRICATED_NEAREST,INDIRECT_IMLS_SC;NO_FABRICATED_NEAREST;NOT_REJECTED;NOT_USPS_VALIDITY;NO_INVENTORY
46250,ZCTA_NEAREST_ACTIVE_OUTLET,IN0210,013,2.608,ZCTA_NN;R6371;TIE_FIRST_LEX,ZCTA_NN_HAVERSINE;NOT_ELIGIBILITY;NOT_USPS_VALIDITY;NO_INVENTORY
46253,OBSERVED_REFERENCE_INDIRECT_ONLY,,,,INDIRECT_IMLS_SC;NO_FABRICATED_NEAREST,INDIRECT_IMLS_SC;NO_FABRICATED_NEAREST;NOT_REJECTED;NOT_USPS_VALIDITY;NO_INVENTORY
46254,EXACT_IMLS_OUTLET_ZIP,IN0210,008,,EXACT_OUTLET;TIE_FSCSKEY_SEQ,EXACT_OUTLET;NOT_USPS_VALIDITY;NO_INVENTORY
46256,EXACT_IMLS_OUTLET_ZIP,IN0210,013,,EXACT_OUTLET;TIE_FSCSKEY_SEQ,EXACT_OUTLET;NOT_USPS_VALIDITY;NO_INVENTORY
46259,ZCTA_NEAREST_ACTIVE_OUTLET,IN0210,020,5.149,ZCTA_NN;R6371;TIE_FIRST_LEX,ZCTA_NN_HAVERSINE;NOT_ELIGIBILITY;NOT_USPS_VALIDITY;NO_INVENTORY
46260,ZCTA_NEAREST_ACTIVE_OUTLET,IN0210,014,3.583,ZCTA_NN;R6371;TIE_FIRST_LEX,ZCTA_NN_HAVERSINE;NOT_ELIGIBILITY;NOT_USPS_VALIDITY;NO_INVENTORY
46268,EXACT_IMLS_OUTLET_ZIP,IN0210,015,,EXACT_OUTLET;TIE_FSCSKEY_SEQ,EXACT_OUTLET;NOT_USPS_VALIDITY;NO_INVENTORY
46278,ZCTA_NEAREST_ACTIVE_OUTLET,IN0210,015,3.831,ZCTA_NN;R6371;TIE_FIRST_LEX,ZCTA_NN_HAVERSINE;NOT_ELIGIBILITY;NOT_USPS_VALIDITY;NO_INVENTORY
46280,ZCTA_NEAREST_ACTIVE_OUTLET,IN0210,014,2.388,ZCTA_NN;R6371;TIE_FIRST_LEX,ZCTA_NN_HAVERSINE;NOT_ELIGIBILITY;NOT_USPS_VALIDITY;NO_INVENTORY
46282,OBSERVED_REFERENCE_INDIRECT_ONLY,,,,INDIRECT_IMLS_SC;NO_FABRICATED_NEAREST,INDIRECT_IMLS_SC;NO_FABRICATED_NEAREST;NOT_REJECTED;NOT_USPS_VALIDITY;NO_INVENTORY
46285,OBSERVED_REFERENCE_INDIRECT_ONLY,,,,INDIRECT_IMLS_SC;NO_FABRICATED_NEAREST,INDIRECT_IMLS_SC;NO_FABRICATED_NEAREST;NOT_REJECTED;NOT_USPS_VALIDITY;NO_INVENTORY
46290,ZCTA_NEAREST_ACTIVE_OUTLET,IN0210,014,2.924,ZCTA_NN;R6371;TIE_FIRST_LEX,ZCTA_NN_HAVERSINE;NOT_ELIGIBILITY;NOT_USPS_VALIDITY;NO_INVENTORY
46301,ZCTA_NEAREST_ACTIVE_OUTLET,IN0033,002,6.582,ZCTA_NN;R6371;TIE_FIRST_LEX,ZCTA_NN_HAVERSINE;NOT_ELIGIBILITY;NOT_USPS_VALIDITY;NO_INVENTORY
46302,ZCTA_NEAREST_ACTIVE_OUTLET,IN0043,004,8.273,ZCTA_NN;R6371;TIE_FIRST_LEX,ZCTA_NN_HAVERSINE;NOT_ELIGIBILITY;NOT_USPS_VALIDITY;NO_INVENTORY
46303,EXACT_IMLS_OUTLET_ZIP,IN0030,003,,EXACT_OUTLET;TIE_FSCSKEY_SEQ,EXACT_OUTLET;NOT_USPS_VALIDITY;NO_INVENTORY
46304,EXACT_IMLS_OUTLET_ZIP,IN0044,002,,EXACT_OUTLET;TIE_FSCSKEY_SEQ,EXACT_OUTLET;NOT_USPS_VALIDITY;NO_INVENTORY
46307,EXACT_IMLS_OUTLET_ZIP,IN0031,002,,EXACT_OUTLET;TIE_FSCSKEY_SEQ,EXACT_OUTLET;NOT_USPS_VALIDITY;NO_INVENTORY
46308,OBSERVED_REFERENCE_INDIRECT_ONLY,,,,INDIRECT_IMLS_SC;NO_FABRICATED_NEAREST,INDIRECT_IMLS_SC;NO_FABRICATED_NEAREST;NOT_REJECTED;NOT_USPS_VALIDITY;NO_INVENTORY
46310,EXACT_IMLS_OUTLET_ZIP,IN0025,002,,EXACT_OUTLET;TIE_FSCSKEY_SEQ,EXACT_OUTLET;NOT_USPS_VALIDITY;NO_INVENTORY
46311,ZCTA_NEAREST_ACTIVE_OUTLET,IN0030,013,3.771,ZCTA_NN;R6371;TIE_FIRST_LEX,ZCTA_NN_HAVERSINE;NOT_ELIGIBILITY;NOT_USPS_VALIDITY;NO_INVENTORY
46312,EXACT_IMLS_OUTLET_ZIP,IN0027,006,,EXACT_OUTLET;TIE_FSCSKEY_SEQ,EXACT_OUTLET;NOT_USPS_VALIDITY;NO_INVENTORY
46319,EXACT_IMLS_OUTLET_ZIP,IN0030,006,,EXACT_OUTLET;TIE_FSCSKEY_SEQ,EXACT_OUTLET;NOT_USPS_VALIDITY;NO_INVENTORY
46320,EXACT_IMLS_OUTLET_ZIP,IN0029,008,,EXACT_OUTLET;TIE_FSCSKEY_SEQ,EXACT_OUTLET;NOT_USPS_VALIDITY;NO_INVENTORY
46321,EXACT_IMLS_OUTLET_ZIP,IN0030,010,,EXACT_OUTLET;TIE_FSCSKEY_SEQ,EXACT_OUTLET;NOT_USPS_VALIDITY;NO_INVENTORY
46322,EXACT_IMLS_OUTLET_ZIP,IN0030,007,,EXACT_OUTLET;TIE_FSCSKEY_SEQ,EXACT_OUTLET;NOT_USPS_VALIDITY;NO_INVENTORY
46323,ZCTA_NEAREST_ACTIVE_OUTLET,IN0030,007,3.907,ZCTA_NN;R6371;TIE_FIRST_LEX,ZCTA_NN_HAVERSINE;NOT_ELIGIBILITY;NOT_USPS_VALIDITY;NO_INVENTORY
46324,ZCTA_NEAREST_ACTIVE_OUTLET,IN0030,010,3.269,ZCTA_NN;R6371;TIE_FIRST_LEX,ZCTA_NN_HAVERSINE;NOT_ELIGIBILITY;NOT_USPS_VALIDITY;NO_INVENTORY
46325,OBSERVED_REFERENCE_INDIRECT_ONLY,,,,INDIRECT_IMLS_SC;NO_FABRICATED_NEAREST,INDIRECT_IMLS_SC;NO_FABRICATED_NEAREST;NOT_REJECTED;NOT_USPS_VALIDITY;NO_INVENTORY
46327,ZCTA_NEAREST_ACTIVE_OUTLET,IN0027,023,2.498,ZCTA_NN;R6371;TIE_FIRST_LEX,ZCTA_NN_HAVERSINE;NOT_ELIGIBILITY;NOT_USPS_VALIDITY;NO_INVENTORY
46340,EXACT_IMLS_OUTLET_ZIP,IN0037,003,,EXACT_OUTLET;TIE_FSCSKEY_SEQ,EXACT_OUTLET;NOT_USPS_VALIDITY;NO_INVENTORY
46341,EXACT_IMLS_OUTLET_ZIP,IN0043,004,,EXACT_OUTLET;TIE_FSCSKEY_SEQ,EXACT_OUTLET;NOT_USPS_VALIDITY;NO_INVENTORY
46342,EXACT_IMLS_OUTLET_ZIP,IN0030,008,,EXACT_OUTLET;TIE_FSCSKEY_SEQ,EXACT_OUTLET;NOT_USPS_VALIDITY;NO_INVENTORY
46345,ZCTA_NEAREST_ACTIVE_OUTLET,IN0037,004,5.398,ZCTA_NN;R6371;TIE_FIRST_LEX,ZCTA_NN_HAVERSINE;NOT_ELIGIBILITY;NOT_USPS_VALIDITY;NO_INVENTORY
46346,EXACT_IMLS_OUTLET_ZIP,IN0037,004,,EXACT_OUTLET;TIE_FSCSKEY_SEQ,EXACT_OUTLET;NOT_USPS_VALIDITY;NO_INVENTORY
46347,EXACT_IMLS_OUTLET_ZIP,IN0043,005,,EXACT_OUTLET;TIE_FSCSKEY_SEQ,EXACT_OUTLET;NOT_USPS_VALIDITY;NO_INVENTORY
46348,EXACT_IMLS_OUTLET_ZIP,IN0036,002,,EXACT_OUTLET;TIE_FSCSKEY_SEQ,EXACT_OUTLET;NOT_USPS_VALIDITY;NO_INVENTORY
46349,EXACT_IMLS_OUTLET_ZIP,IN0038,004,,EXACT_OUTLET;TIE_FSCSKEY_SEQ,EXACT_OUTLET;NOT_USPS_VALIDITY;NO_INVENTORY
46350,EXACT_IMLS_OUTLET_ZIP,IN0037,008,,EXACT_OUTLET;TIE_FSCSKEY_SEQ,EXACT_OUTLET;NOT_USPS_VALIDITY;NO_INVENTORY
46352,OBSERVED_REFERENCE_INDIRECT_ONLY,,,,INDIRECT_IMLS_SC;NO_FABRICATED_NEAREST,INDIRECT_IMLS_SC;NO_FABRICATED_NEAREST;NOT_REJECTED;NOT_USPS_VALIDITY;NO_INVENTORY
46355,OBSERVED_REFERENCE_INDIRECT_ONLY,,,,INDIRECT_IMLS_SC;NO_FABRICATED_NEAREST,INDIRECT_IMLS_SC;NO_FABRICATED_NEAREST;NOT_REJECTED;NOT_USPS_VALIDITY;NO_INVENTORY
46356,EXACT_IMLS_OUTLET_ZIP,IN0241,002,,EXACT_OUTLET;TIE_FSCSKEY_SEQ,EXACT_OUTLET;NOT_USPS_VALIDITY;NO_INVENTORY
46360,EXACT_IMLS_OUTLET_ZIP,IN0033,002,,EXACT_OUTLET;TIE_FSCSKEY_SEQ,EXACT_OUTLET;NOT_USPS_VALIDITY;NO_INVENTORY
46361,OBSERVED_REFERENCE_INDIRECT_ONLY,,,,INDIRECT_IMLS_SC;NO_FABRICATED_NEAREST,INDIRECT_IMLS_SC;NO_FABRICATED_NEAREST;NOT_REJECTED;NOT_USPS_VALIDITY;NO_INVENTORY
46365,ZCTA_NEAREST_ACTIVE_OUTLET,IN0037,002,4.127,ZCTA_NN;R6371;TIE_FIRST_LEX,ZCTA_NN_HAVERSINE;NOT_ELIGIBILITY;NOT_USPS_VALIDITY;NO_INVENTORY
46366,EXACT_IMLS_OUTLET_ZIP,IN0048,002,,EXACT_OUTLET;TIE_FSCSKEY_SEQ,EXACT_OUTLET;NOT_USPS_VALIDITY;NO_INVENTORY
46368,EXACT_IMLS_OUTLET_ZIP,IN0043,002,,EXACT_OUTLET;TIE_FSCSKEY_SEQ,EXACT_OUTLET;NOT_USPS_VALIDITY;NO_INVENTORY
46371,EXACT_IMLS_OUTLET_ZIP,IN0037,005,,EXACT_OUTLET;TIE_FSCSKEY_SEQ,EXACT_OUTLET;NOT_USPS_VALIDITY;NO_INVENTORY
46372,EXACT_IMLS_OUTLET_ZIP,IN0038,003,,EXACT_OUTLET;TIE_FSCSKEY_SEQ,EXACT_OUTLET;NOT_USPS_VALIDITY;NO_INVENTORY
46373,EXACT_IMLS_OUTLET_ZIP,IN0030,012,,EXACT_OUTLET;TIE_FSCSKEY_SEQ,EXACT_OUTLET;NOT_USPS_VALIDITY;NO_INVENTORY
46374,EXACT_IMLS_OUTLET_ZIP,IN0049,005,,EXACT_OUTLET;TIE_FSCSKEY_SEQ,EXACT_OUTLET;NOT_USPS_VALIDITY;NO_INVENTORY
46375,EXACT_IMLS_OUTLET_ZIP,IN0030,013,,EXACT_OUTLET;TIE_FSCSKEY_SEQ,EXACT_OUTLET;NOT_USPS_VALIDITY;NO_INVENTORY
46376,EXACT_IMLS_OUTLET_ZIP,IN0241,004,,EXACT_OUTLET;TIE_FSCSKEY_SEQ,EXACT_OUTLET;NOT_USPS_VALIDITY;NO_INVENTORY
46377,EXACT_IMLS_OUTLET_ZIP,IN0241,003,,EXACT_OUTLET;TIE_FSCSKEY_SEQ,EXACT_OUTLET;NOT_USPS_VALIDITY;NO_INVENTORY
46379,ZCTA_NEAREST_ACTIVE_OUTLET,IN0038,004,2.871,ZCTA_NN;R6371;TIE_FIRST_LEX,ZCTA_NN_HAVERSINE;NOT_ELIGIBILITY;NOT_USPS_VALIDITY;NO_INVENTORY
46381,ZCTA_NEAREST_ACTIVE_OUTLET,IN0241,003,2.249,ZCTA_NN;R6371;TIE_FIRST_LEX,ZCTA_NN_HAVERSINE;NOT_ELIGIBILITY;NOT_USPS_VALIDITY;NO_INVENTORY
46382,EXACT_IMLS_OUTLET_ZIP,IN0037,006,,EXACT_OUTLET;TIE_FSCSKEY_SEQ,EXACT_OUTLET;NOT_USPS_VALIDITY;NO_INVENTORY
46383,EXACT_IMLS_OUTLET_ZIP,IN0043,008,,EXACT_OUTLET;TIE_FSCSKEY_SEQ,EXACT_OUTLET;NOT_USPS_VALIDITY;NO_INVENTORY
46384,OBSERVED_REFERENCE_INDIRECT_ONLY,,,,INDIRECT_IMLS_SC;NO_FABRICATED_NEAREST,INDIRECT_IMLS_SC;NO_FABRICATED_NEAREST;NOT_REJECTED;NOT_USPS_VALIDITY;NO_INVENTORY
46385,EXACT_IMLS_OUTLET_ZIP,IN0043,003,,EXACT_OUTLET;TIE_FSCSKEY_SEQ,EXACT_OUTLET;NOT_USPS_VALIDITY;NO_INVENTORY
46390,EXACT_IMLS_OUTLET_ZIP,IN0035,002,,EXACT_OUTLET;TIE_FSCSKEY_SEQ,EXACT_OUTLET;NOT_USPS_VALIDITY;NO_INVENTORY
46391,EXACT_IMLS_OUTLET_ZIP,IN0034,002,,EXACT_OUTLET;TIE_FSCSKEY_SEQ,EXACT_OUTLET;NOT_USPS_VALIDITY;NO_INVENTORY
46392,EXACT_IMLS_OUTLET_ZIP,IN0025,003,,EXACT_OUTLET;TIE_FSCSKEY_SEQ,EXACT_OUTLET;NOT_USPS_VALIDITY;NO_INVENTORY
46393,ZCTA_NEAREST_ACTIVE_OUTLET,IN0043,003,3.151,ZCTA_NN;R6371;TIE_FIRST_LEX,ZCTA_NN_HAVERSINE;NOT_ELIGIBILITY;NOT_USPS_VALIDITY;NO_INVENTORY
46394,EXACT_IMLS_OUTLET_ZIP,IN0026,002,,EXACT_OUTLET;TIE_FSCSKEY_SEQ,EXACT_OUTLET;NOT_USPS_VALIDITY;NO_INVENTORY
46401,OBSERVED_REFERENCE_INDIRECT_ONLY,,,,INDIRECT_IMLS_SC;NO_FABRICATED_NEAREST,INDIRECT_IMLS_SC;NO_FABRICATED_NEAREST;NOT_REJECTED;NOT_USPS_VALIDITY;NO_INVENTORY
46402,EXACT_IMLS_OUTLET_ZIP,IN0028,003,,EXACT_OUTLET;TIE_FSCSKEY_SEQ,EXACT_OUTLET;NOT_USPS_VALIDITY;NO_INVENTORY
46403,EXACT_IMLS_OUTLET_ZIP,IN0028,010,,EXACT_OUTLET;TIE_FSCSKEY_SEQ,EXACT_OUTLET;NOT_USPS_VALIDITY;NO_INVENTORY
46404,ZCTA_NEAREST_ACTIVE_OUTLET,IN0028,003,3.428,ZCTA_NN;R6371;TIE_FIRST_LEX,ZCTA_NN_HAVERSINE;NOT_ELIGIBILITY;NOT_USPS_VALIDITY;NO_INVENTORY
46405,EXACT_IMLS_OUTLET_ZIP,IN0030,009,,EXACT_OUTLET;TIE_FSCSKEY_SEQ,EXACT_OUTLET;NOT_USPS_VALIDITY;NO_INVENTORY
46406,ZCTA_NEAREST_ACTIVE_OUTLET,IN0027,006,4.465,ZCTA_NN;R6371;TIE_FIRST_LEX,ZCTA_NN_HAVERSINE;NOT_ELIGIBILITY;NOT_USPS_VALIDITY;NO_INVENTORY
46407,ZCTA_NEAREST_ACTIVE_OUTLET,IN0028,003,2.751,ZCTA_NN;R6371;TIE_FIRST_LEX,ZCTA_NN_HAVERSINE;NOT_ELIGIBILITY;NOT_USPS_VALIDITY;NO_INVENTORY
46408,ZCTA_NEAREST_ACTIVE_OUTLET,IN0028,004,2.670,ZCTA_NN;R6371;TIE_FIRST_LEX,ZCTA_NN_HAVERSINE;NOT_ELIGIBILITY;NOT_USPS_VALIDITY;NO_INVENTORY
46409,EXACT_IMLS_OUTLET_ZIP,IN0028,004,,EXACT_OUTLET;TIE_FSCSKEY_SEQ,EXACT_OUTLET;NOT_USPS_VALIDITY;NO_INVENTORY
46410,EXACT_IMLS_OUTLET_ZIP,IN0030,014,,EXACT_OUTLET;TIE_FSCSKEY_SEQ,EXACT_OUTLET;NOT_USPS_VALIDITY;NO_INVENTORY
46411,OBSERVED_REFERENCE_INDIRECT_ONLY,,,,INDIRECT_IMLS_SC;NO_FABRICATED_NEAREST,INDIRECT_IMLS_SC;NO_FABRICATED_NEAREST;NOT_REJECTED;NOT_USPS_VALIDITY;NO_INVENTORY
46501,EXACT_IMLS_OUTLET_ZIP,IN0064,002,,EXACT_OUTLET;TIE_FSCSKEY_SEQ,EXACT_OUTLET;NOT_USPS_VALIDITY;NO_INVENTORY
46502,ZCTA_NEAREST_ACTIVE_OUTLET,IN0057,002,10.603,ZCTA_NN;R6371;TIE_FIRST_LEX,ZCTA_NN_HAVERSINE;NOT_ELIGIBILITY;NOT_USPS_VALIDITY;NO_INVENTORY
46504,EXACT_IMLS_OUTLET_ZIP,IN0065,002,,EXACT_OUTLET;TIE_FSCSKEY_SEQ,EXACT_OUTLET;NOT_USPS_VALIDITY;NO_INVENTORY
46506,EXACT_IMLS_OUTLET_ZIP,IN0063,002,,EXACT_OUTLET;TIE_FSCSKEY_SEQ,EXACT_OUTLET;NOT_USPS_VALIDITY;NO_INVENTORY
46507,EXACT_IMLS_OUTLET_ZIP,IN0053,002,,EXACT_OUTLET;TIE_FSCSKEY_SEQ,EXACT_OUTLET;NOT_USPS_VALIDITY;NO_INVENTORY
46508,ZCTA_NEAREST_ACTIVE_OUTLET,IN0056,002,5.979,ZCTA_NN;R6371;TIE_FIRST_LEX,ZCTA_NN_HAVERSINE;NOT_ELIGIBILITY;NOT_USPS_VALIDITY;NO_INVENTORY
46510,ZCTA_NEAREST_ACTIVE_OUTLET,IN0057,002,13.134,ZCTA_NN;R6371;TIE_FIRST_LEX,ZCTA_NN_HAVERSINE;NOT_ELIGIBILITY;NOT_USPS_VALIDITY;NO_INVENTORY
46511,EXACT_IMLS_OUTLET_ZIP,IN0061,002,,EXACT_OUTLET;TIE_FSCSKEY_SEQ,EXACT_OUTLET;NOT_USPS_VALIDITY;NO_INVENTORY
46513,ZCTA_NEAREST_ACTIVE_OUTLET,IN0049,003,7.022,ZCTA_NN;R6371;TIE_FIRST_LEX,ZCTA_NN_HAVERSINE;NOT_ELIGIBILITY;NOT_USPS_VALIDITY;NO_INVENTORY
46514,EXACT_IMLS_OUTLET_ZIP,IN0050,007,,EXACT_OUTLET;TIE_FSCSKEY_SEQ,EXACT_OUTLET;NOT_USPS_VALIDITY;NO_INVENTORY
46515,OBSERVED_REFERENCE_INDIRECT_ONLY,,,,INDIRECT_IMLS_SC;NO_FABRICATED_NEAREST,INDIRECT_IMLS_SC;NO_FABRICATED_NEAREST;NOT_REJECTED;NOT_USPS_VALIDITY;NO_INVENTORY
46516,EXACT_IMLS_OUTLET_ZIP,IN0050,005,,EXACT_OUTLET;TIE_FSCSKEY_SEQ,EXACT_OUTLET;NOT_USPS_VALIDITY;NO_INVENTORY
46517,EXACT_IMLS_OUTLET_ZIP,IN0050,008,,EXACT_OUTLET;TIE_FSCSKEY_SEQ,EXACT_OUTLET;NOT_USPS_VALIDITY;NO_INVENTORY
46524,ZCTA_NEAREST_ACTIVE_OUTLET,IN0065,002,8.579,ZCTA_NN;R6371;TIE_FIRST_LEX,ZCTA_NN_HAVERSINE;NOT_ELIGIBILITY;NOT_USPS_VALIDITY;NO_INVENTORY
46526,EXACT_IMLS_OUTLET_ZIP,IN0054,002,,EXACT_OUTLET;TIE_FSCSKEY_SEQ,EXACT_OUTLET;NOT_USPS_VALIDITY;NO_INVENTORY
46527,OBSERVED_REFERENCE_INDIRECT_ONLY,,,,INDIRECT_IMLS_SC;NO_FABRICATED_NEAREST,INDIRECT_IMLS_SC;NO_FABRICATED_NEAREST;NOT_REJECTED;NOT_USPS_VALIDITY;NO_INVENTORY
46528,ZCTA_NEAREST_ACTIVE_OUTLET,IN0054,002,4.641,ZCTA_NN;R6371;TIE_FIRST_LEX,ZCTA_NN_HAVERSINE;NOT_ELIGIBILITY;NOT_USPS_VALIDITY;NO_INVENTORY
46530,EXACT_IMLS_OUTLET_ZIP,IN0069,004,,EXACT_OUTLET;TIE_FSCSKEY_SEQ,EXACT_OUTLET;NOT_USPS_VALIDITY;NO_INVENTORY
46531,ZCTA_NEAREST_ACTIVE_OUTLET,IN0049,004,5.899,ZCTA_NN;R6371;TIE_FIRST_LEX,ZCTA_NN_HAVERSINE;NOT_ELIGIBILITY;NOT_USPS_VALIDITY;NO_INVENTORY
46532,EXACT_IMLS_OUTLET_ZIP,IN0049,004,,EXACT_OUTLET;TIE_FSCSKEY_SEQ,EXACT_OUTLET;NOT_USPS_VALIDITY;NO_INVENTORY
46534,EXACT_IMLS_OUTLET_ZIP,IN0049,002,,EXACT_OUTLET;TIE_FSCSKEY_SEQ,EXACT_OUTLET;NOT_USPS_VALIDITY;NO_INVENTORY
46536,ZCTA_NEAREST_ACTIVE_OUTLET,IN0068,008,2.340,ZCTA_NN;R6371;TIE_FIRST_LEX,ZCTA_NN_HAVERSINE;NOT_ELIGIBILITY;NOT_USPS_VALIDITY;NO_INVENTORY
46537,ZCTA_NEAREST_ACTIVE_OUTLET,IN0068,008,8.051,ZCTA_NN;R6371;TIE_FIRST_LEX,ZCTA_NN_HAVERSINE;NOT_ELIGIBILITY;NOT_USPS_VALIDITY;NO_INVENTORY
46538,ZCTA_NEAREST_ACTIVE_OUTLET,IN0058,002,9.076,ZCTA_NN;R6371;TIE_FIRST_LEX,ZCTA_NN_HAVERSINE;NOT_ELIGIBILITY;NOT_USPS_VALIDITY;NO_INVENTORY
46539,EXACT_IMLS_OUTLET_ZIP,IN0056,002,,EXACT_OUTLET;TIE_FSCSKEY_SEQ,EXACT_OUTLET;NOT_USPS_VALIDITY;NO_INVENTORY
46540,EXACT_IMLS_OUTLET_ZIP,IN0055,002,,EXACT_OUTLET;TIE_FSCSKEY_SEQ,EXACT_OUTLET;NOT_USPS_VALIDITY;NO_INVENTORY
46542,EXACT_IMLS_OUTLET_ZIP,IN0058,002,,EXACT_OUTLET;TIE_FSCSKEY_SEQ,EXACT_OUTLET;NOT_USPS_VALIDITY;NO_INVENTORY
46543,ZCTA_NEAREST_ACTIVE_OUTLET,IN0084,002,10.362,ZCTA_NN;R6371;TIE_FIRST_LEX,ZCTA_NN_HAVERSINE;NOT_ELIGIBILITY;NOT_USPS_VALIDITY;NO_INVENTORY
46544,EXACT_IMLS_OUTLET_ZIP,IN0069,002,,EXACT_OUTLET;TIE_FSCSKEY_SEQ,EXACT_OUTLET;NOT_USPS_VALIDITY;NO_INVENTORY
46545,ZCTA_NEAREST_ACTIVE_OUTLET,IN0069,002,4.026,ZCTA_NN;R6371;TIE_FIRST_LEX,ZCTA_NN_HAVERSINE;NOT_ELIGIBILITY;NOT_USPS_VALIDITY;NO_INVENTORY
46546,OBSERVED_REFERENCE_INDIRECT_ONLY,,,,INDIRECT_IMLS_SC;NO_FABRICATED_NEAREST,INDIRECT_IMLS_SC;NO_FABRICATED_NEAREST;NOT_REJECTED;NOT_USPS_VALIDITY;NO_INVENTORY
46550,EXACT_IMLS_OUTLET_ZIP,IN0052,002,,EXACT_OUTLET;TIE_FSCSKEY_SEQ,EXACT_OUTLET;NOT_USPS_VALIDITY;NO_INVENTORY
46552,EXACT_IMLS_OUTLET_ZIP,IN0066,002,,EXACT_OUTLET;TIE_FSCSKEY_SEQ,EXACT_OUTLET;NOT_USPS_VALIDITY;NO_INVENTORY
46553,ZCTA_NEAREST_ACTIVE_OUTLET,IN0058,002,7.788,ZCTA_NN;R6371;TIE_FIRST_LEX,ZCTA_NN_HAVERSINE;NOT_ELIGIBILITY;NOT_USPS_VALIDITY;NO_INVENTORY
46554,EXACT_IMLS_OUTLET_ZIP,IN0068,007,,EXACT_OUTLET;TIE_FSCSKEY_SEQ,EXACT_OUTLET;NOT_USPS_VALIDITY;NO_INVENTORY
46555,EXACT_IMLS_OUTLET_ZIP,IN0247,001,,EXACT_OUTLET;TIE_FSCSKEY_SEQ,EXACT_OUTLET;NOT_USPS_VALIDITY;NO_INVENTORY
46556,ZCTA_NEAREST_ACTIVE_OUTLET,IN0068,011,3.240,ZCTA_NN;R6371;TIE_FIRST_LEX,ZCTA_NN_HAVERSINE;NOT_ELIGIBILITY;NOT_USPS_VALIDITY;NO_INVENTORY
46561,ZCTA_NEAREST_ACTIVE_OUTLET,IN0069,002,2.922,ZCTA_NN;R6371;TIE_FIRST_LEX,ZCTA_NN_HAVERSINE;NOT_ELIGIBILITY;NOT_USPS_VALIDITY;NO_INVENTORY
46562,EXACT_IMLS_OUTLET_ZIP,IN0060,002,,EXACT_OUTLET;TIE_FSCSKEY_SEQ,EXACT_OUTLET;NOT_USPS_VALIDITY;NO_INVENTORY
46563,EXACT_IMLS_OUTLET_ZIP,IN0062,002,,EXACT_OUTLET;TIE_FSCSKEY_SEQ,EXACT_OUTLET;NOT_USPS_VALIDITY;NO_INVENTORY
46565,EXACT_IMLS_OUTLET_ZIP,IN0083,004,,EXACT_OUTLET;TIE_FSCSKEY_SEQ,EXACT_OUTLET;NOT_USPS_VALIDITY;NO_INVENTORY
46567,EXACT_IMLS_OUTLET_ZIP,IN0059,002,,EXACT_OUTLET;TIE_FSCSKEY_SEQ,EXACT_OUTLET;NOT_USPS_VALIDITY;NO_INVENTORY
46570,ZCTA_NEAREST_ACTIVE_OUTLET,IN0056,002,7.943,ZCTA_NN;R6371;TIE_FIRST_LEX,ZCTA_NN_HAVERSINE;NOT_ELIGIBILITY;NOT_USPS_VALIDITY;NO_INVENTORY
46571,EXACT_IMLS_OUTLET_ZIP,IN0083,003,,EXACT_OUTLET;TIE_FSCSKEY_SEQ,EXACT_OUTLET;NOT_USPS_VALIDITY;NO_INVENTORY
46572,ZCTA_NEAREST_ACTIVE_OUTLET,IN0049,003,8.163,ZCTA_NN;R6371;TIE_FIRST_LEX,ZCTA_NN_HAVERSINE;NOT_ELIGIBILITY;NOT_USPS_VALIDITY;NO_INVENTORY
46573,EXACT_IMLS_OUTLET_ZIP,IN0051,002,,EXACT_OUTLET;TIE_FSCSKEY_SEQ,EXACT_OUTLET;NOT_USPS_VALIDITY;NO_INVENTORY
46574,EXACT_IMLS_OUTLET_ZIP,IN0037,002,,EXACT_OUTLET;TIE_FSCSKEY_SEQ,EXACT_OUTLET;NOT_USPS_VALIDITY;NO_INVENTORY
46580,EXACT_IMLS_OUTLET_ZIP,IN0057,002,,EXACT_OUTLET;TIE_FSCSKEY_SEQ,EXACT_OUTLET;NOT_USPS_VALIDITY;NO_INVENTORY
46581,OBSERVED_REFERENCE_INDIRECT_ONLY,,,,INDIRECT_IMLS_SC;NO_FABRICATED_NEAREST,INDIRECT_IMLS_SC;NO_FABRICATED_NEAREST;NOT_REJECTED;NOT_USPS_VALIDITY;NO_INVENTORY
46582,ZCTA_NEAREST_ACTIVE_OUTLET,IN0057,002,4.277,ZCTA_NN;R6371;TIE_FIRST_LEX,ZCTA_NN_HAVERSINE;NOT_ELIGIBILITY;NOT_USPS_VALIDITY;NO_INVENTORY
46590,ZCTA_NEAREST_ACTIVE_OUTLET,IN0057,002,4.627,ZCTA_NN;R6371;TIE_FIRST_LEX,ZCTA_NN_HAVERSINE;NOT_ELIGIBILITY;NOT_USPS_VALIDITY;NO_INVENTORY
46595,ZCTA_NEAREST_ACTIVE_OUTLET,IN0063,002,8.750,ZCTA_NN;R6371;TIE_FIRST_LEX,ZCTA_NN_HAVERSINE;NOT_ELIGIBILITY;NOT_USPS_VALIDITY;NO_INVENTORY
46601,EXACT_IMLS_OUTLET_ZIP,IN0068,011,,EXACT_OUTLET;TIE_FSCSKEY_SEQ,EXACT_OUTLET;NOT_USPS_VALIDITY;NO_INVENTORY
46613,EXACT_IMLS_OUTLET_ZIP,IN0068,005,,EXACT_OUTLET;TIE_FSCSKEY_SEQ,EXACT_OUTLET;NOT_USPS_VALIDITY;NO_INVENTORY
46614,EXACT_IMLS_OUTLET_ZIP,IN0068,012,,EXACT_OUTLET;TIE_FSCSKEY_SEQ,EXACT_OUTLET;NOT_USPS_VALIDITY;NO_INVENTORY
46615,EXACT_IMLS_OUTLET_ZIP,IN0068,004,,EXACT_OUTLET;TIE_FSCSKEY_SEQ,EXACT_OUTLET;NOT_USPS_VALIDITY;NO_INVENTORY
46616,ZCTA_NEAREST_ACTIVE_OUTLET,IN0068,003,2.541,ZCTA_NN;R6371;TIE_FIRST_LEX,ZCTA_NN_HAVERSINE;NOT_ELIGIBILITY;NOT_USPS_VALIDITY;NO_INVENTORY
46617,ZCTA_NEAREST_ACTIVE_OUTLET,IN0068,011,1.897,ZCTA_NN;R6371;TIE_FIRST_LEX,ZCTA_NN_HAVERSINE;NOT_ELIGIBILITY;NOT_USPS_VALIDITY;NO_INVENTORY
46619,EXACT_IMLS_OUTLET_ZIP,IN0068,006,,EXACT_OUTLET;TIE_FSCSKEY_SEQ,EXACT_OUTLET;NOT_USPS_VALIDITY;NO_INVENTORY
46624,ZCTA_NEAREST_ACTIVE_OUTLET,IN0068,011,3.251,ZCTA_NN;R6371;TIE_FIRST_LEX,ZCTA_NN_HAVERSINE;NOT_ELIGIBILITY;NOT_USPS_VALIDITY;NO_INVENTORY
46628,EXACT_IMLS_OUTLET_ZIP,IN0068,003,,EXACT_OUTLET;TIE_FSCSKEY_SEQ,EXACT_OUTLET;NOT_USPS_VALIDITY;NO_INVENTORY
46634,OBSERVED_REFERENCE_INDIRECT_ONLY,,,,INDIRECT_IMLS_SC;NO_FABRICATED_NEAREST,INDIRECT_IMLS_SC;NO_FABRICATED_NEAREST;NOT_REJECTED;NOT_USPS_VALIDITY;NO_INVENTORY
46635,EXACT_IMLS_OUTLET_ZIP,IN0068,002,,EXACT_OUTLET;TIE_FSCSKEY_SEQ,EXACT_OUTLET;NOT_USPS_VALIDITY;NO_INVENTORY
46637,ZCTA_NEAREST_ACTIVE_OUTLET,IN0068,002,2.193,ZCTA_NN;R6371;TIE_FIRST_LEX,ZCTA_NN_HAVERSINE;NOT_ELIGIBILITY;NOT_USPS_VALIDITY;NO_INVENTORY
46660,OBSERVED_REFERENCE_INDIRECT_ONLY,,,,INDIRECT_IMLS_SC;NO_FABRICATED_NEAREST,INDIRECT_IMLS_SC;NO_FABRICATED_NEAREST;NOT_REJECTED;NOT_USPS_VALIDITY;NO_INVENTORY
46680,OBSERVED_REFERENCE_INDIRECT_ONLY,,,,INDIRECT_IMLS_SC;NO_FABRICATED_NEAREST,INDIRECT_IMLS_SC;NO_FABRICATED_NEAREST;NOT_REJECTED;NOT_USPS_VALIDITY;NO_INVENTORY
46701,EXACT_IMLS_OUTLET_ZIP,IN0085,005,,EXACT_OUTLET;TIE_FSCSKEY_SEQ,EXACT_OUTLET;NOT_USPS_VALIDITY;NO_INVENTORY
46702,EXACT_IMLS_OUTLET_ZIP,IN0078,002,,EXACT_OUTLET;TIE_FSCSKEY_SEQ,EXACT_OUTLET;NOT_USPS_VALIDITY;NO_INVENTORY
46703,EXACT_IMLS_OUTLET_ZIP,IN0088,002,,EXACT_OUTLET;TIE_FSCSKEY_SEQ,EXACT_OUTLET;NOT_USPS_VALIDITY;NO_INVENTORY
46704,ZCTA_NEAREST_ACTIVE_OUTLET,IN0073,002,8.075,ZCTA_NN;R6371;TIE_FIRST_LEX,ZCTA_NN_HAVERSINE;NOT_ELIGIBILITY;NOT_USPS_VALIDITY;NO_INVENTORY
46705,ZCTA_NEAREST_ACTIVE_OUTLET,IN0076,002,9.980,ZCTA_NN;R6371;TIE_FIRST_LEX,ZCTA_NN_HAVERSINE;NOT_ELIGIBILITY;NOT_USPS_VALIDITY;NO_INVENTORY
46706,EXACT_IMLS_OUTLET_ZIP,IN0075,002,,EXACT_OUTLET;TIE_FSCSKEY_SEQ,EXACT_OUTLET;NOT_USPS_VALIDITY;NO_INVENTORY
46710,EXACT_IMLS_OUTLET_ZIP,IN0085,002,,EXACT_OUTLET;TIE_FSCSKEY_SEQ,EXACT_OUTLET;NOT_USPS_VALIDITY;NO_INVENTORY
46711,EXACT_IMLS_OUTLET_ZIP,IN0071,002,,EXACT_OUTLET;TIE_FSCSKEY_SEQ,EXACT_OUTLET;NOT_USPS_VALIDITY;NO_INVENTORY
46714,EXACT_IMLS_OUTLET_ZIP,IN0090,002,,EXACT_OUTLET;TIE_FSCSKEY_SEQ,EXACT_OUTLET;NOT_USPS_VALIDITY;NO_INVENTORY
46721,EXACT_IMLS_OUTLET_ZIP,IN0077,002,,EXACT_OUTLET;TIE_FSCSKEY_SEQ,EXACT_OUTLET;NOT_USPS_VALIDITY;NO_INVENTORY
46723,EXACT_IMLS_OUTLET_ZIP,IN0093,002,,EXACT_OUTLET;TIE_FSCSKEY_SEQ,EXACT_OUTLET;NOT_USPS_VALIDITY;NO_INVENTORY
46725,EXACT_IMLS_OUTLET_ZIP,IN0092,002,,EXACT_OUTLET;TIE_FSCSKEY_SEQ,EXACT_OUTLET;NOT_USPS_VALIDITY;NO_INVENTORY
46730,ZCTA_NEAREST_ACTIVE_OUTLET,IN0086,003,8.766,ZCTA_NN;R6371;TIE_FIRST_LEX,ZCTA_NN_HAVERSINE;NOT_ELIGIBILITY;NOT_USPS_VALIDITY;NO_INVENTORY
46731,ZCTA_NEAREST_ACTIVE_OUTLET,IN0090,002,8.711,ZCTA_NN;R6371;TIE_FIRST_LEX,ZCTA_NN_HAVERSINE;NOT_ELIGIBILITY;NOT_USPS_VALIDITY;NO_INVENTORY
46732,EXACT_IMLS_OUTLET_ZIP,IN0085,003,,EXACT_OUTLET;TIE_FSCSKEY_SEQ,EXACT_OUTLET;NOT_USPS_VALIDITY;NO_INVENTORY
46733,EXACT_IMLS_OUTLET_ZIP,IN0248,001,,EXACT_OUTLET;TIE_FSCSKEY_SEQ,EXACT_OUTLET;NOT_USPS_VALIDITY;NO_INVENTORY
46737,EXACT_IMLS_OUTLET_ZIP,IN0089,002,,EXACT_OUTLET;TIE_FSCSKEY_SEQ,EXACT_OUTLET;NOT_USPS_VALIDITY;NO_INVENTORY
46738,EXACT_IMLS_OUTLET_ZIP,IN0074,002,,EXACT_OUTLET;TIE_FSCSKEY_SEQ,EXACT_OUTLET;NOT_USPS_VALIDITY;NO_INVENTORY
46740,EXACT_IMLS_OUTLET_ZIP,IN0248,002,,EXACT_OUTLET;TIE_FSCSKEY_SEQ,EXACT_OUTLET;NOT_USPS_VALIDITY;NO_INVENTORY
46741,EXACT_IMLS_OUTLET_ZIP,IN0073,017,,EXACT_OUTLET;TIE_FSCSKEY_SEQ,EXACT_OUTLET;NOT_USPS_VALIDITY;NO_INVENTORY
46742,ZCTA_NEAREST_ACTIVE_OUTLET,OH0032,004,9.194,ZCTA_NN;R6371;TIE_FIRST_LEX,ZCTA_NN_HAVERSINE;NOT_ELIGIBILITY;NOT_USPS_VALIDITY;NO_INVENTORY
46743,ZCTA_NEAREST_ACTIVE_OUTLET,IN0073,014,9.715,ZCTA_NN;R6371;TIE_FIRST_LEX,ZCTA_NN_HAVERSINE;NOT_ELIGIBILITY;NOT_USPS_VALIDITY;NO_INVENTORY
46745,ZCTA_NEAREST_ACTIVE_OUTLET,IN0073,006,11.641,ZCTA_NN;R6371;TIE_FIRST_LEX,ZCTA_NN_HAVERSINE;NOT_ELIGIBILITY;NOT_USPS_VALIDITY;NO_INVENTORY
46746,ZCTA_NEAREST_ACTIVE_OUTLET,MI0326,002,10.451,ZCTA_NN;R6371;TIE_FIRST_LEX,ZCTA_NN_HAVERSINE;NOT_ELIGIBILITY;NOT_USPS_VALIDITY;NO_INVENTORY
46747,ZCTA_NEAREST_ACTIVE_OUTLET,IN0088,002,15.128,ZCTA_NN;R6371;TIE_FIRST_LEX,ZCTA_NN_HAVERSINE;NOT_ELIGIBILITY;NOT_USPS_VALIDITY;NO_INVENTORY
46748,ZCTA_NEAREST_ACTIVE_OUTLET,IN0073,003,8.242,ZCTA_NN;R6371;TIE_FIRST_LEX,ZCTA_NN_HAVERSINE;NOT_ELIGIBILITY;NOT_USPS_VALIDITY;NO_INVENTORY
46750,EXACT_IMLS_OUTLET_ZIP,IN0080,002,,EXACT_OUTLET;TIE_FSCSKEY_SEQ,EXACT_OUTLET;NOT_USPS_VALIDITY;NO_INVENTORY
46755,EXACT_IMLS_OUTLET_ZIP,IN0086,003,,EXACT_OUTLET;TIE_FSCSKEY_SEQ,EXACT_OUTLET;NOT_USPS_VALIDITY;NO_INVENTORY
46759,ZCTA_NEAREST_ACTIVE_OUTLET,IN0137,002,10.156,ZCTA_NN;R6371;TIE_FIRST_LEX,ZCTA_NN_HAVERSINE;NOT_ELIGIBILITY;NOT_USPS_VALIDITY;NO_INVENTORY
46760,ZCTA_NEAREST_ACTIVE_OUTLET,IN0085,003,8.097,ZCTA_NN;R6371;TIE_FIRST_LEX,ZCTA_NN_HAVERSINE;NOT_ELIGIBILITY;NOT_USPS_VALIDITY;NO_INVENTORY
46761,EXACT_IMLS_OUTLET_ZIP,IN0083,005,,EXACT_OUTLET;TIE_FSCSKEY_SEQ,EXACT_OUTLET;NOT_USPS_VALIDITY;NO_INVENTORY
46763,ZCTA_NEAREST_ACTIVE_OUTLET,IN0085,002,7.777,ZCTA_NN;R6371;TIE_FIRST_LEX,ZCTA_NN_HAVERSINE;NOT_ELIGIBILITY;NOT_USPS_VALIDITY;NO_INVENTORY
46764,ZCTA_NEAREST_ACTIVE_OUTLET,IN0060,002,7.347,ZCTA_NN;R6371;TIE_FIRST_LEX,ZCTA_NN_HAVERSINE;NOT_ELIGIBILITY;NOT_USPS_VALIDITY;NO_INVENTORY
46765,ZCTA_NEAREST_ACTIVE_OUTLET,IN0073,017,5.693,ZCTA_NN;R6371;TIE_FIRST_LEX,ZCTA_NN_HAVERSINE;NOT_ELIGIBILITY;NOT_USPS_VALIDITY;NO_INVENTORY
46766,ZCTA_NEAREST_ACTIVE_OUTLET,IN0090,002,10.312,ZCTA_NN;R6371;TIE_FIRST_LEX,ZCTA_NN_HAVERSINE;NOT_ELIGIBILITY;NOT_USPS_VALIDITY;NO_INVENTORY
46767,EXACT_IMLS_OUTLET_ZIP,IN0084,002,,EXACT_OUTLET;TIE_FSCSKEY_SEQ,EXACT_OUTLET;NOT_USPS_VALIDITY;NO_INVENTORY
46770,EXACT_IMLS_OUTLET_ZIP,IN0080,003,,EXACT_OUTLET;TIE_FSCSKEY_SEQ,EXACT_OUTLET;NOT_USPS_VALIDITY;NO_INVENTORY
46771,ZCTA_NEAREST_ACTIVE_OUTLET,IN0242,002,11.192,ZCTA_NN;R6371;TIE_FIRST_LEX,ZCTA_NN_HAVERSINE;NOT_ELIGIBILITY;NOT_USPS_VALIDITY;NO_INVENTORY
46772,ZCTA_NEAREST_ACTIVE_OUTLET,IN0071,002,7.836,ZCTA_NN;R6371;TIE_FIRST_LEX,ZCTA_NN_HAVERSINE;NOT_ELIGIBILITY;NOT_USPS_VALIDITY;NO_INVENTORY
46773,EXACT_IMLS_OUTLET_ZIP,IN0073,008,,EXACT_OUTLET;TIE_FSCSKEY_SEQ,EXACT_OUTLET;NOT_USPS_VALIDITY;NO_INVENTORY
46774,EXACT_IMLS_OUTLET_ZIP,IN0073,009,,EXACT_OUTLET;TIE_FSCSKEY_SEQ,EXACT_OUTLET;NOT_USPS_VALIDITY;NO_INVENTORY
46776,EXACT_IMLS_OUTLET_ZIP,IN0242,002,,EXACT_OUTLET;TIE_FSCSKEY_SEQ,EXACT_OUTLET;NOT_USPS_VALIDITY;NO_INVENTORY
46777,EXACT_IMLS_OUTLET_ZIP,IN0090,003,,EXACT_OUTLET;TIE_FSCSKEY_SEQ,EXACT_OUTLET;NOT_USPS_VALIDITY;NO_INVENTORY
46778,ZCTA_NEAREST_ACTIVE_OUTLET,IN0137,002,11.315,ZCTA_NN;R6371;TIE_FIRST_LEX,ZCTA_NN_HAVERSINE;NOT_ELIGIBILITY;NOT_USPS_VALIDITY;NO_INVENTORY
46779,ZCTA_NEAREST_ACTIVE_OUTLET,IN0088,002,7.927,ZCTA_NN;R6371;TIE_FIRST_LEX,ZCTA_NN_HAVERSINE;NOT_ELIGIBILITY;NOT_USPS_VALIDITY;NO_INVENTORY
46781,ZCTA_NEAREST_ACTIVE_OUTLET,IN0137,002,8.871,ZCTA_NN;R6371;TIE_FIRST_LEX,ZCTA_NN_HAVERSINE;NOT_ELIGIBILITY;NOT_USPS_VALIDITY;NO_INVENTORY
46783,EXACT_IMLS_OUTLET_ZIP,IN0079,002,,EXACT_OUTLET;TIE_FSCSKEY_SEQ,EXACT_OUTLET;NOT_USPS_VALIDITY;NO_INVENTORY
46784,EXACT_IMLS_OUTLET_ZIP,IN0086,002,,EXACT_OUTLET;TIE_FSCSKEY_SEQ,EXACT_OUTLET;NOT_USPS_VALIDITY;NO_INVENTORY
46785,ZCTA_NEAREST_ACTIVE_OUTLET,OH0064,003,10.133,ZCTA_NN;R6371;TIE_FIRST_LEX,ZCTA_NN_HAVERSINE;NOT_ELIGIBILITY;NOT_USPS_VALIDITY;NO_INVENTORY
46786,ZCTA_NEAREST_ACTIVE_OUTLET,IN0086,002,9.557,ZCTA_NN;R6371;TIE_FIRST_LEX,ZCTA_NN_HAVERSINE;NOT_ELIGIBILITY;NOT_USPS_VALIDITY;NO_INVENTORY
46787,EXACT_IMLS_OUTLET_ZIP,IN0091,002,,EXACT_OUTLET;TIE_FSCSKEY_SEQ,EXACT_OUTLET;NOT_USPS_VALIDITY;NO_INVENTORY
46788,ZCTA_NEAREST_ACTIVE_OUTLET,IN0073,017,8.478,ZCTA_NN;R6371;TIE_FIRST_LEX,ZCTA_NN_HAVERSINE;NOT_ELIGIBILITY;NOT_USPS_VALIDITY;NO_INVENTORY
46789,ZCTA_NEAREST_ACTIVE_OUTLET,IN0086,003,16.309,ZCTA_NN;R6371;TIE_FIRST_LEX,ZCTA_NN_HAVERSINE;NOT_ELIGIBILITY;NOT_USPS_VALIDITY;NO_INVENTORY
46791,ZCTA_NEAREST_ACTIVE_OUTLET,IN0080,003,7.468,ZCTA_NN;R6371;TIE_FIRST_LEX,ZCTA_NN_HAVERSINE;NOT_ELIGIBILITY;NOT_USPS_VALIDITY;NO_INVENTORY
46792,EXACT_IMLS_OUTLET_ZIP,IN0082,002,,EXACT_OUTLET;TIE_FSCSKEY_SEQ,EXACT_OUTLET;NOT_USPS_VALIDITY;NO_INVENTORY
46793,EXACT_IMLS_OUTLET_ZIP,IN0076,002,,EXACT_OUTLET;TIE_FSCSKEY_SEQ,EXACT_OUTLET;NOT_USPS_VALIDITY;NO_INVENTORY
46794,ZCTA_NEAREST_ACTIVE_OUTLET,IN0086,002,7.307,ZCTA_NN;R6371;TIE_FIRST_LEX,ZCTA_NN_HAVERSINE;NOT_ELIGIBILITY;NOT_USPS_VALIDITY;NO_INVENTORY
46795,ZCTA_NEAREST_ACTIVE_OUTLET,IN0086,002,6.606,ZCTA_NN;R6371;TIE_FIRST_LEX,ZCTA_NN_HAVERSINE;NOT_ELIGIBILITY;NOT_USPS_VALIDITY;NO_INVENTORY
46796,ZCTA_NEAREST_ACTIVE_OUTLET,IN0085,005,9.477,ZCTA_NN;R6371;TIE_FIRST_LEX,ZCTA_NN_HAVERSINE;NOT_ELIGIBILITY;NOT_USPS_VALIDITY;NO_INVENTORY
46797,EXACT_IMLS_OUTLET_ZIP,IN0073,014,,EXACT_OUTLET;TIE_FSCSKEY_SEQ,EXACT_OUTLET;NOT_USPS_VALIDITY;NO_INVENTORY
46798,ZCTA_NEAREST_ACTIVE_OUTLET,IN0090,003,8.231,ZCTA_NN;R6371;TIE_FIRST_LEX,ZCTA_NN_HAVERSINE;NOT_ELIGIBILITY;NOT_USPS_VALIDITY;NO_INVENTORY
46799,ZCTA_NEAREST_ACTIVE_OUTLET,IN0079,002,9.417,ZCTA_NN;R6371;TIE_FIRST_LEX,ZCTA_NN_HAVERSINE;NOT_ELIGIBILITY;NOT_USPS_VALIDITY;NO_INVENTORY
46801,OBSERVED_REFERENCE_INDIRECT_ONLY,,,,INDIRECT_IMLS_SC;NO_FABRICATED_NEAREST,INDIRECT_IMLS_SC;NO_FABRICATED_NEAREST;NOT_REJECTED;NOT_USPS_VALIDITY;NO_INVENTORY
46802,EXACT_IMLS_OUTLET_ZIP,IN0073,016,,EXACT_OUTLET;TIE_FSCSKEY_SEQ,EXACT_OUTLET;NOT_USPS_VALIDITY;NO_INVENTORY
46803,EXACT_IMLS_OUTLET_ZIP,IN0073,010,,EXACT_OUTLET;TIE_FSCSKEY_SEQ,EXACT_OUTLET;NOT_USPS_VALIDITY;NO_INVENTORY
46804,EXACT_IMLS_OUTLET_ZIP,IN0073,002,,EXACT_OUTLET;TIE_FSCSKEY_SEQ,EXACT_OUTLET;NOT_USPS_VALIDITY;NO_INVENTORY
46805,EXACT_IMLS_OUTLET_ZIP,IN0073,012,,EXACT_OUTLET;TIE_FSCSKEY_SEQ,EXACT_OUTLET;NOT_USPS_VALIDITY;NO_INVENTORY
46806,EXACT_IMLS_OUTLET_ZIP,IN0073,011,,EXACT_OUTLET;TIE_FSCSKEY_SEQ,EXACT_OUTLET;NOT_USPS_VALIDITY;NO_INVENTORY
46807,ZCTA_NEAREST_ACTIVE_OUTLET,IN0073,011,1.662,ZCTA_NN;R6371;TIE_FIRST_LEX,ZCTA_NN_HAVERSINE;NOT_ELIGIBILITY;NOT_USPS_VALIDITY;NO_INVENTORY
46808,EXACT_IMLS_OUTLET_ZIP,IN0073,007,,EXACT_OUTLET;TIE_FSCSKEY_SEQ,EXACT_OUTLET;NOT_USPS_VALIDITY;NO_INVENTORY
46809,ZCTA_NEAREST_ACTIVE_OUTLET,IN0073,013,5.029,ZCTA_NN;R6371;TIE_FIRST_LEX,ZCTA_NN_HAVERSINE;NOT_ELIGIBILITY;NOT_USPS_VALIDITY;NO_INVENTORY
46814,ZCTA_NEAREST_ACTIVE_OUTLET,IN0073,002,4.077,ZCTA_NN;R6371;TIE_FIRST_LEX,ZCTA_NN_HAVERSINE;NOT_ELIGIBILITY;NOT_USPS_VALIDITY;NO_INVENTORY
46815,EXACT_IMLS_OUTLET_ZIP,IN0073,004,,EXACT_OUTLET;TIE_FSCSKEY_SEQ,EXACT_OUTLET;NOT_USPS_VALIDITY;NO_INVENTORY
46816,EXACT_IMLS_OUTLET_ZIP,IN0073,006,,EXACT_OUTLET;TIE_FSCSKEY_SEQ,EXACT_OUTLET;NOT_USPS_VALIDITY;NO_INVENTORY
46818,ZCTA_NEAREST_ACTIVE_OUTLET,IN0073,007,10.151,ZCTA_NN;R6371;TIE_FIRST_LEX,ZCTA_NN_HAVERSINE;NOT_ELIGIBILITY;NOT_USPS_VALIDITY;NO_INVENTORY
46819,EXACT_IMLS_OUTLET_ZIP,IN0073,013,,EXACT_OUTLET;TIE_FSCSKEY_SEQ,EXACT_OUTLET;NOT_USPS_VALIDITY;NO_INVENTORY
46825,EXACT_IMLS_OUTLET_ZIP,IN0073,003,,EXACT_OUTLET;TIE_FSCSKEY_SEQ,EXACT_OUTLET;NOT_USPS_VALIDITY;NO_INVENTORY
46835,ZCTA_NEAREST_ACTIVE_OUTLET,IN0073,004,5.709,ZCTA_NN;R6371;TIE_FIRST_LEX,ZCTA_NN_HAVERSINE;NOT_ELIGIBILITY;NOT_USPS_VALIDITY;NO_INVENTORY
46845,ZCTA_NEAREST_ACTIVE_OUTLET,IN0073,003,4.349,ZCTA_NN;R6371;TIE_FIRST_LEX,ZCTA_NN_HAVERSINE;NOT_ELIGIBILITY;NOT_USPS_VALIDITY;NO_INVENTORY
46885,OBSERVED_REFERENCE_INDIRECT_ONLY,,,,INDIRECT_IMLS_SC;NO_FABRICATED_NEAREST,INDIRECT_IMLS_SC;NO_FABRICATED_NEAREST;NOT_REJECTED;NOT_USPS_VALIDITY;NO_INVENTORY
46895,OBSERVED_REFERENCE_INDIRECT_ONLY,,,,INDIRECT_IMLS_SC;NO_FABRICATED_NEAREST,INDIRECT_IMLS_SC;NO_FABRICATED_NEAREST;NOT_REJECTED;NOT_USPS_VALIDITY;NO_INVENTORY
46898,OBSERVED_REFERENCE_INDIRECT_ONLY,,,,INDIRECT_IMLS_SC;NO_FABRICATED_NEAREST,INDIRECT_IMLS_SC;NO_FABRICATED_NEAREST;NOT_REJECTED;NOT_USPS_VALIDITY;NO_INVENTORY
46899,OBSERVED_REFERENCE_INDIRECT_ONLY,,,,INDIRECT_IMLS_SC;NO_FABRICATED_NEAREST,INDIRECT_IMLS_SC;NO_FABRICATED_NEAREST;NOT_REJECTED;NOT_USPS_VALIDITY;NO_INVENTORY
46901,EXACT_IMLS_OUTLET_ZIP,IN0128,002,,EXACT_OUTLET;TIE_FSCSKEY_SEQ,EXACT_OUTLET;NOT_USPS_VALIDITY;NO_INVENTORY
46902,EXACT_IMLS_OUTLET_ZIP,IN0128,003,,EXACT_OUTLET;TIE_FSCSKEY_SEQ,EXACT_OUTLET;NOT_USPS_VALIDITY;NO_INVENTORY
46903,OBSERVED_REFERENCE_INDIRECT_ONLY,,,,INDIRECT_IMLS_SC;NO_FABRICATED_NEAREST,INDIRECT_IMLS_SC;NO_FABRICATED_NEAREST;NOT_REJECTED;NOT_USPS_VALIDITY;NO_INVENTORY
46904,OBSERVED_REFERENCE_INDIRECT_ONLY,,,,INDIRECT_IMLS_SC;NO_FABRICATED_NEAREST,INDIRECT_IMLS_SC;NO_FABRICATED_NEAREST;NOT_REJECTED;NOT_USPS_VALIDITY;NO_INVENTORY
46910,EXACT_IMLS_OUTLET_ZIP,IN0127,002,,EXACT_OUTLET;TIE_FSCSKEY_SEQ,EXACT_OUTLET;NOT_USPS_VALIDITY;NO_INVENTORY
46911,ZCTA_NEAREST_ACTIVE_OUTLET,IN0131,002,8.275,ZCTA_NN;R6371;TIE_FIRST_LEX,ZCTA_NN_HAVERSINE;NOT_ELIGIBILITY;NOT_USPS_VALIDITY;NO_INVENTORY
46913,ZCTA_NEAREST_ACTIVE_OUTLET,IN0102,002,5.529,ZCTA_NN;R6371;TIE_FIRST_LEX,ZCTA_NN_HAVERSINE;NOT_ELIGIBILITY;NOT_USPS_VALIDITY;NO_INVENTORY
46914,ZCTA_NEAREST_ACTIVE_OUTLET,IN0123,003,9.559,ZCTA_NN;R6371;TIE_FIRST_LEX,ZCTA_NN_HAVERSINE;NOT_ELIGIBILITY;NOT_USPS_VALIDITY;NO_INVENTORY
46915,ZCTA_NEAREST_ACTIVE_OUTLET,IN0128,004,11.961,ZCTA_NN;R6371;TIE_FIRST_LEX,ZCTA_NN_HAVERSINE;NOT_ELIGIBILITY;NOT_USPS_VALIDITY;NO_INVENTORY
46917,EXACT_IMLS_OUTLET_ZIP,IN0101,002,,EXACT_OUTLET;TIE_FSCSKEY_SEQ,EXACT_OUTLET;NOT_USPS_VALIDITY;NO_INVENTORY
46919,EXACT_IMLS_OUTLET_ZIP,IN0131,002,,EXACT_OUTLET;TIE_FSCSKEY_SEQ,EXACT_OUTLET;NOT_USPS_VALIDITY;NO_INVENTORY
46920,ZCTA_NEAREST_ACTIVE_OUTLET,IN0102,002,9.710,ZCTA_NN;R6371;TIE_FIRST_LEX,ZCTA_NN_HAVERSINE;NOT_ELIGIBILITY;NOT_USPS_VALIDITY;NO_INVENTORY
46922,ZCTA_NEAREST_ACTIVE_OUTLET,IN0126,004,4.056,ZCTA_NN;R6371;TIE_FIRST_LEX,ZCTA_NN_HAVERSINE;NOT_ELIGIBILITY;NOT_USPS_VALIDITY;NO_INVENTORY
46923,EXACT_IMLS_OUTLET_ZIP,IN0100,002,,EXACT_OUTLET;TIE_FSCSKEY_SEQ,EXACT_OUTLET;NOT_USPS_VALIDITY;NO_INVENTORY
46926,ZCTA_NEAREST_ACTIVE_OUTLET,IN0133,002,10.825,ZCTA_NN;R6371;TIE_FIRST_LEX,ZCTA_NN_HAVERSINE;NOT_ELIGIBILITY;NOT_USPS_VALIDITY;NO_INVENTORY
46928,EXACT_IMLS_OUTLET_ZIP,IN0145,002,,EXACT_OUTLET;TIE_FSCSKEY_SEQ,EXACT_OUTLET;NOT_USPS_VALIDITY;NO_INVENTORY
46929,EXACT_IMLS_OUTLET_ZIP,IN0102,002,,EXACT_OUTLET;TIE_FSCSKEY_SEQ,EXACT_OUTLET;NOT_USPS_VALIDITY;NO_INVENTORY
46930,ZCTA_NEAREST_ACTIVE_OUTLET,IN0148,002,6.180,ZCTA_NN;R6371;TIE_FIRST_LEX,ZCTA_NN_HAVERSINE;NOT_ELIGIBILITY;NOT_USPS_VALIDITY;NO_INVENTORY
46931,EXACT_IMLS_OUTLET_ZIP,IN0126,003,,EXACT_OUTLET;TIE_FSCSKEY_SEQ,EXACT_OUTLET;NOT_USPS_VALIDITY;NO_INVENTORY
46932,EXACT_IMLS_OUTLET_ZIP,IN0123,003,,EXACT_OUTLET;TIE_FSCSKEY_SEQ,EXACT_OUTLET;NOT_USPS_VALIDITY;NO_INVENTORY
46933,EXACT_IMLS_OUTLET_ZIP,IN0143,002,,EXACT_OUTLET;TIE_FSCSKEY_SEQ,EXACT_OUTLET;NOT_USPS_VALIDITY;NO_INVENTORY
46936,EXACT_IMLS_OUTLET_ZIP,IN0129,002,,EXACT_OUTLET;TIE_FSCSKEY_SEQ,EXACT_OUTLET;NOT_USPS_VALIDITY;NO_INVENTORY
46937,ZCTA_NEAREST_ACTIVE_OUTLET,IN0128,003,5.948,ZCTA_NN;R6371;TIE_FIRST_LEX,ZCTA_NN_HAVERSINE;NOT_ELIGIBILITY;NOT_USPS_VALIDITY;NO_INVENTORY
46938,EXACT_IMLS_OUTLET_ZIP,IN0144,002,,EXACT_OUTLET;TIE_FSCSKEY_SEQ,EXACT_OUTLET;NOT_USPS_VALIDITY;NO_INVENTORY
46939,EXACT_IMLS_OUTLET_ZIP,IN0125,002,,EXACT_OUTLET;TIE_FSCSKEY_SEQ,EXACT_OUTLET;NOT_USPS_VALIDITY;NO_INVENTORY
46940,ZCTA_NEAREST_ACTIVE_OUTLET,IN0142,002,15.217,ZCTA_NN;R6371;TIE_FIRST_LEX,ZCTA_NN_HAVERSINE;NOT_ELIGIBILITY;NOT_USPS_VALIDITY;NO_INVENTORY
46941,ZCTA_NEAREST_ACTIVE_OUTLET,IN0078,002,8.745,ZCTA_NN;R6371;TIE_FIRST_LEX,ZCTA_NN_HAVERSINE;NOT_ELIGIBILITY;NOT_USPS_VALIDITY;NO_INVENTORY
46943,ZCTA_NEAREST_ACTIVE_OUTLET,IN0134,002,6.754,ZCTA_NN;R6371;TIE_FIRST_LEX,ZCTA_NN_HAVERSINE;NOT_ELIGIBILITY;NOT_USPS_VALIDITY;NO_INVENTORY
46945,EXACT_IMLS_OUTLET_ZIP,IN0126,004,,EXACT_OUTLET;TIE_FSCSKEY_SEQ,EXACT_OUTLET;NOT_USPS_VALIDITY;NO_INVENTORY
46946,ZCTA_NEAREST_ACTIVE_OUTLET,IN0134,002,5.260,ZCTA_NN;R6371;TIE_FIRST_LEX,ZCTA_NN_HAVERSINE;NOT_ELIGIBILITY;NOT_USPS_VALIDITY;NO_INVENTORY
46947,EXACT_IMLS_OUTLET_ZIP,IN0123,002,,EXACT_OUTLET;TIE_FSCSKEY_SEQ,EXACT_OUTLET;NOT_USPS_VALIDITY;NO_INVENTORY
46950,ZCTA_NEAREST_ACTIVE_OUTLET,IN0126,003,10.786,ZCTA_NN;R6371;TIE_FIRST_LEX,ZCTA_NN_HAVERSINE;NOT_ELIGIBILITY;NOT_USPS_VALIDITY;NO_INVENTORY
46951,ZCTA_NEAREST_ACTIVE_OUTLET,IN0127,002,12.089,ZCTA_NN;R6371;TIE_FIRST_LEX,ZCTA_NN_HAVERSINE;NOT_ELIGIBILITY;NOT_USPS_VALIDITY;NO_INVENTORY
46952,ZCTA_NEAREST_ACTIVE_OUTLET,IN0142,002,5.539,ZCTA_NN;R6371;TIE_FIRST_LEX,ZCTA_NN_HAVERSINE;NOT_ELIGIBILITY;NOT_USPS_VALIDITY;NO_INVENTORY
46953,EXACT_IMLS_OUTLET_ZIP,IN0142,002,,EXACT_OUTLET;TIE_FSCSKEY_SEQ,EXACT_OUTLET;NOT_USPS_VALIDITY;NO_INVENTORY
46957,EXACT_IMLS_OUTLET_ZIP,IN0148,002,,EXACT_OUTLET;TIE_FSCSKEY_SEQ,EXACT_OUTLET;NOT_USPS_VALIDITY;NO_INVENTORY
46958,ZCTA_NEAREST_ACTIVE_OUTLET,IN0130,002,8.400,ZCTA_NN;R6371;TIE_FIRST_LEX,ZCTA_NN_HAVERSINE;NOT_ELIGIBILITY;NOT_USPS_VALIDITY;NO_INVENTORY
46959,ZCTA_NEAREST_ACTIVE_OUTLET,IN0123,003,7.358,ZCTA_NN;R6371;TIE_FIRST_LEX,ZCTA_NN_HAVERSINE;NOT_ELIGIBILITY;NOT_USPS_VALIDITY;NO_INVENTORY
46960,EXACT_IMLS_OUTLET_ZIP,IN0047,002,,EXACT_OUTLET;TIE_FSCSKEY_SEQ,EXACT_OUTLET;NOT_USPS_VALIDITY;NO_INVENTORY
46961,ZCTA_NEAREST_ACTIVE_OUTLET,IN0130,002,10.730,ZCTA_NN;R6371;TIE_FIRST_LEX,ZCTA_NN_HAVERSINE;NOT_ELIGIBILITY;NOT_USPS_VALIDITY;NO_INVENTORY
46962,EXACT_IMLS_OUTLET_ZIP,IN0134,002,,EXACT_OUTLET;TIE_FSCSKEY_SEQ,EXACT_OUTLET;NOT_USPS_VALIDITY;NO_INVENTORY
46965,ZCTA_NEAREST_ACTIVE_OUTLET,IN0128,003,1.962,ZCTA_NN;R6371;TIE_FIRST_LEX,ZCTA_NN_HAVERSINE;NOT_ELIGIBILITY;NOT_USPS_VALIDITY;NO_INVENTORY
46967,ZCTA_NEAREST_ACTIVE_OUTLET,IN0124,002,5.563,ZCTA_NN;R6371;TIE_FIRST_LEX,ZCTA_NN_HAVERSINE;NOT_ELIGIBILITY;NOT_USPS_VALIDITY;NO_INVENTORY
46968,ZCTA_NEAREST_ACTIVE_OUTLET,IN0047,002,6.097,ZCTA_NN;R6371;TIE_FIRST_LEX,ZCTA_NN_HAVERSINE;NOT_ELIGIBILITY;NOT_USPS_VALIDITY;NO_INVENTORY
46970,EXACT_IMLS_OUTLET_ZIP,IN0130,002,,EXACT_OUTLET;TIE_FSCSKEY_SEQ,EXACT_OUTLET;NOT_USPS_VALIDITY;NO_INVENTORY
46971,ZCTA_NEAREST_ACTIVE_OUTLET,IN0124,002,6.859,ZCTA_NN;R6371;TIE_FIRST_LEX,ZCTA_NN_HAVERSINE;NOT_ELIGIBILITY;NOT_USPS_VALIDITY;NO_INVENTORY
46974,EXACT_IMLS_OUTLET_ZIP,IN0133,002,,EXACT_OUTLET;TIE_FSCSKEY_SEQ,EXACT_OUTLET;NOT_USPS_VALIDITY;NO_INVENTORY
46975,EXACT_IMLS_OUTLET_ZIP,IN0126,002,,EXACT_OUTLET;TIE_FSCSKEY_SEQ,EXACT_OUTLET;NOT_USPS_VALIDITY;NO_INVENTORY
46977,OBSERVED_REFERENCE_INDIRECT_ONLY,,,,INDIRECT_IMLS_SC;NO_FABRICATED_NEAREST,INDIRECT_IMLS_SC;NO_FABRICATED_NEAREST;NOT_REJECTED;NOT_USPS_VALIDITY;NO_INVENTORY
46978,EXACT_IMLS_OUTLET_ZIP,IN0122,002,,EXACT_OUTLET;TIE_FSCSKEY_SEQ,EXACT_OUTLET;NOT_USPS_VALIDITY;NO_INVENTORY
46979,EXACT_IMLS_OUTLET_ZIP,IN0128,004,,EXACT_OUTLET;TIE_FSCSKEY_SEQ,EXACT_OUTLET;NOT_USPS_VALIDITY;NO_INVENTORY
46980,ZCTA_NEAREST_ACTIVE_OUTLET,IN0134,002,5.741,ZCTA_NN;R6371;TIE_FIRST_LEX,ZCTA_NN_HAVERSINE;NOT_ELIGIBILITY;NOT_USPS_VALIDITY;NO_INVENTORY
46982,ZCTA_NEAREST_ACTIVE_OUTLET,IN0134,002,10.552,ZCTA_NN;R6371;TIE_FIRST_LEX,ZCTA_NN_HAVERSINE;NOT_ELIGIBILITY;NOT_USPS_VALIDITY;NO_INVENTORY
46984,ZCTA_NEAREST_ACTIVE_OUTLET,IN0131,002,10.672,ZCTA_NN;R6371;TIE_FIRST_LEX,ZCTA_NN_HAVERSINE;NOT_ELIGIBILITY;NOT_USPS_VALIDITY;NO_INVENTORY
46985,ZCTA_NEAREST_ACTIVE_OUTLET,IN0046,002,10.307,ZCTA_NN;R6371;TIE_FIRST_LEX,ZCTA_NN_HAVERSINE;NOT_ELIGIBILITY;NOT_USPS_VALIDITY;NO_INVENTORY
46986,EXACT_IMLS_OUTLET_ZIP,IN0141,002,,EXACT_OUTLET;TIE_FSCSKEY_SEQ,EXACT_OUTLET;NOT_USPS_VALIDITY;NO_INVENTORY
46987,ZCTA_NEAREST_ACTIVE_OUTLET,IN0141,002,8.614,ZCTA_NN;R6371;TIE_FIRST_LEX,ZCTA_NN_HAVERSINE;NOT_ELIGIBILITY;NOT_USPS_VALIDITY;NO_INVENTORY
46988,ZCTA_NEAREST_ACTIVE_OUTLET,IN0126,003,8.133,ZCTA_NN;R6371;TIE_FIRST_LEX,ZCTA_NN_HAVERSINE;NOT_ELIGIBILITY;NOT_USPS_VALIDITY;NO_INVENTORY
46989,EXACT_IMLS_OUTLET_ZIP,IN0147,002,,EXACT_OUTLET;TIE_FSCSKEY_SEQ,EXACT_OUTLET;NOT_USPS_VALIDITY;NO_INVENTORY
46990,ZCTA_NEAREST_ACTIVE_OUTLET,IN0078,002,11.730,ZCTA_NN;R6371;TIE_FIRST_LEX,ZCTA_NN_HAVERSINE;NOT_ELIGIBILITY;NOT_USPS_VALIDITY;NO_INVENTORY
46991,EXACT_IMLS_OUTLET_ZIP,IN0146,002,,EXACT_OUTLET;TIE_FSCSKEY_SEQ,EXACT_OUTLET;NOT_USPS_VALIDITY;NO_INVENTORY
46992,EXACT_IMLS_OUTLET_ZIP,IN0135,002,,EXACT_OUTLET;TIE_FSCSKEY_SEQ,EXACT_OUTLET;NOT_USPS_VALIDITY;NO_INVENTORY
46994,EXACT_IMLS_OUTLET_ZIP,IN0124,002,,EXACT_OUTLET;TIE_FSCSKEY_SEQ,EXACT_OUTLET;NOT_USPS_VALIDITY;NO_INVENTORY
46996,EXACT_IMLS_OUTLET_ZIP,IN0046,002,,EXACT_OUTLET;TIE_FSCSKEY_SEQ,EXACT_OUTLET;NOT_USPS_VALIDITY;NO_INVENTORY
46998,ZCTA_NEAREST_ACTIVE_OUTLET,IN0124,002,13.153,ZCTA_NN;R6371;TIE_FIRST_LEX,ZCTA_NN_HAVERSINE;NOT_ELIGIBILITY;NOT_USPS_VALIDITY;NO_INVENTORY
47001,EXACT_IMLS_OUTLET_ZIP,IN0221,002,,EXACT_OUTLET;TIE_FSCSKEY_SEQ,EXACT_OUTLET;NOT_USPS_VALIDITY;NO_INVENTORY
47003,ZCTA_NEAREST_ACTIVE_OUTLET,OH0100,006,9.403,ZCTA_NN;R6371;TIE_FIRST_LEX,ZCTA_NN_HAVERSINE;NOT_ELIGIBILITY;NOT_USPS_VALIDITY;NO_INVENTORY
47006,EXACT_IMLS_OUTLET_ZIP,IN0233,002,,EXACT_OUTLET;TIE_FSCSKEY_SEQ,EXACT_OUTLET;NOT_USPS_VALIDITY;NO_INVENTORY
47010,ZCTA_NEAREST_ACTIVE_OUTLET,OH0100,006,8.898,ZCTA_NN;R6371;TIE_FIRST_LEX,ZCTA_NN_HAVERSINE;NOT_ELIGIBILITY;NOT_USPS_VALIDITY;NO_INVENTORY
47011,ZCTA_NEAREST_ACTIVE_OUTLET,IN0237,002,13.780,ZCTA_NN;R6371;TIE_FIRST_LEX,ZCTA_NN_HAVERSINE;NOT_ELIGIBILITY;NOT_USPS_VALIDITY;NO_INVENTORY
47012,EXACT_IMLS_OUTLET_ZIP,IN0140,002,,EXACT_OUTLET;TIE_FSCSKEY_SEQ,EXACT_OUTLET;NOT_USPS_VALIDITY;NO_INVENTORY
47016,ZCTA_NEAREST_ACTIVE_OUTLET,IN0140,002,12.023,ZCTA_NN;R6371;TIE_FIRST_LEX,ZCTA_NN_HAVERSINE;NOT_ELIGIBILITY;NOT_USPS_VALIDITY;NO_INVENTORY
47017,ZCTA_NEAREST_ACTIVE_OUTLET,IN0221,003,14.014,ZCTA_NN;R6371;TIE_FIRST_LEX,ZCTA_NN_HAVERSINE;NOT_ELIGIBILITY;NOT_USPS_VALIDITY;NO_INVENTORY
47018,EXACT_IMLS_OUTLET_ZIP,IN0221,003,,EXACT_OUTLET;TIE_FSCSKEY_SEQ,EXACT_OUTLET;NOT_USPS_VALIDITY;NO_INVENTORY
47020,ZCTA_NEAREST_ACTIVE_OUTLET,KY0116,002,4.336,ZCTA_NN;R6371;TIE_FIRST_LEX,ZCTA_NN_HAVERSINE;NOT_ELIGIBILITY;NOT_USPS_VALIDITY;NO_INVENTORY
47021,ZCTA_NEAREST_ACTIVE_OUTLET,IN0221,003,9.759,ZCTA_NN;R6371;TIE_FIRST_LEX,ZCTA_NN_HAVERSINE;NOT_ELIGIBILITY;NOT_USPS_VALIDITY;NO_INVENTORY
47022,ZCTA_NEAREST_ACTIVE_OUTLET,IN0220,003,7.180,ZCTA_NN;R6371;TIE_FIRST_LEX,ZCTA_NN_HAVERSINE;NOT_ELIGIBILITY;NOT_USPS_VALIDITY;NO_INVENTORY
47023,ZCTA_NEAREST_ACTIVE_OUTLET,IN0234,002,9.734,ZCTA_NN;R6371;TIE_FIRST_LEX,ZCTA_NN_HAVERSINE;NOT_ELIGIBILITY;NOT_USPS_VALIDITY;NO_INVENTORY
47024,EXACT_IMLS_OUTLET_ZIP,IN0140,003,,EXACT_OUTLET;TIE_FSCSKEY_SEQ,EXACT_OUTLET;NOT_USPS_VALIDITY;NO_INVENTORY
47025,EXACT_IMLS_OUTLET_ZIP,IN0220,002,,EXACT_OUTLET;TIE_FSCSKEY_SEQ,EXACT_OUTLET;NOT_USPS_VALIDITY;NO_INVENTORY
47030,ZCTA_NEAREST_ACTIVE_OUTLET,IN0140,003,9.988,ZCTA_NN;R6371;TIE_FIRST_LEX,ZCTA_NN_HAVERSINE;NOT_ELIGIBILITY;NOT_USPS_VALIDITY;NO_INVENTORY
47031,EXACT_IMLS_OUTLET_ZIP,IN0234,003,,EXACT_OUTLET;TIE_FSCSKEY_SEQ,EXACT_OUTLET;NOT_USPS_VALIDITY;NO_INVENTORY
47032,ZCTA_NEAREST_ACTIVE_OUTLET,IN0221,003,7.056,ZCTA_NN;R6371;TIE_FIRST_LEX,ZCTA_NN_HAVERSINE;NOT_ELIGIBILITY;NOT_USPS_VALIDITY;NO_INVENTORY
47033,ZCTA_NEAREST_ACTIVE_OUTLET,IN0233,002,4.516,ZCTA_NN;R6371;TIE_FIRST_LEX,ZCTA_NN_HAVERSINE;NOT_ELIGIBILITY;NOT_USPS_VALIDITY;NO_INVENTORY
47034,ZCTA_NEAREST_ACTIVE_OUTLET,IN0234,002,8.890,ZCTA_NN;R6371;TIE_FIRST_LEX,ZCTA_NN_HAVERSINE;NOT_ELIGIBILITY;NOT_USPS_VALIDITY;NO_INVENTORY
47035,ZCTA_NEAREST_ACTIVE_OUTLET,IN0220,003,7.188,ZCTA_NN;R6371;TIE_FIRST_LEX,ZCTA_NN_HAVERSINE;NOT_ELIGIBILITY;NOT_USPS_VALIDITY;NO_INVENTORY
47036,ZCTA_NEAREST_ACTIVE_OUTLET,IN0233,002,9.545,ZCTA_NN;R6371;TIE_FIRST_LEX,ZCTA_NN_HAVERSINE;NOT_ELIGIBILITY;NOT_USPS_VALIDITY;NO_INVENTORY
47037,EXACT_IMLS_OUTLET_ZIP,IN0234,002,,EXACT_OUTLET;TIE_FSCSKEY_SEQ,EXACT_OUTLET;NOT_USPS_VALIDITY;NO_INVENTORY
47038,ZCTA_NEAREST_ACTIVE_OUTLET,KY0116,002,8.907,ZCTA_NN;R6371;TIE_FIRST_LEX,ZCTA_NN_HAVERSINE;NOT_ELIGIBILITY;NOT_USPS_VALIDITY;NO_INVENTORY
47040,EXACT_IMLS_OUTLET_ZIP,IN0229,002,,EXACT_OUTLET;TIE_FSCSKEY_SEQ,EXACT_OUTLET;NOT_USPS_VALIDITY;NO_INVENTORY
47041,ZCTA_NEAREST_ACTIVE_OUTLET,IN0234,003,11.651,ZCTA_NN;R6371;TIE_FIRST_LEX,ZCTA_NN_HAVERSINE;NOT_ELIGIBILITY;NOT_USPS_VALIDITY;NO_INVENTORY
47042,EXACT_IMLS_OUTLET_ZIP,IN0235,002,,EXACT_OUTLET;TIE_FSCSKEY_SEQ,EXACT_OUTLET;NOT_USPS_VALIDITY;NO_INVENTORY
47043,EXACT_IMLS_OUTLET_ZIP,IN0237,002,,EXACT_OUTLET;TIE_FSCSKEY_SEQ,EXACT_OUTLET;NOT_USPS_VALIDITY;NO_INVENTORY
47060,EXACT_IMLS_OUTLET_ZIP,IN0220,003,,EXACT_OUTLET;TIE_FSCSKEY_SEQ,EXACT_OUTLET;NOT_USPS_VALIDITY;NO_INVENTORY
47102,EXACT_IMLS_OUTLET_ZIP,IN0236,003,,EXACT_OUTLET;TIE_FSCSKEY_SEQ,EXACT_OUTLET;NOT_USPS_VALIDITY;NO_INVENTORY
47104,ZCTA_NEAREST_ACTIVE_OUTLET,KY0107,002,9.704,ZCTA_NN;R6371;TIE_FIRST_LEX,ZCTA_NN_HAVERSINE;NOT_ELIGIBILITY;NOT_USPS_VALIDITY;NO_INVENTORY
47106,EXACT_IMLS_OUTLET_ZIP,IN0217,004,,EXACT_OUTLET;TIE_FSCSKEY_SEQ,EXACT_OUTLET;NOT_USPS_VALIDITY;NO_INVENTORY
47108,ZCTA_NEAREST_ACTIVE_OUTLET,IN0238,002,14.228,ZCTA_NN;R6371;TIE_FIRST_LEX,ZCTA_NN_HAVERSINE;NOT_ELIGIBILITY;NOT_USPS_VALIDITY;NO_INVENTORY
47110,ZCTA_NEAREST_ACTIVE_OUTLET,KY0077,002,12.336,ZCTA_NN;R6371;TIE_FIRST_LEX,ZCTA_NN_HAVERSINE;NOT_ELIGIBILITY;NOT_USPS_VALIDITY;NO_INVENTORY
47111,EXACT_IMLS_OUTLET_ZIP,IN0217,002,,EXACT_OUTLET;TIE_FSCSKEY_SEQ,EXACT_OUTLET;NOT_USPS_VALIDITY;NO_INVENTORY
47112,EXACT_IMLS_OUTLET_ZIP,IN0224,002,,EXACT_OUTLET;TIE_FSCSKEY_SEQ,EXACT_OUTLET;NOT_USPS_VALIDITY;NO_INVENTORY
47114,ZCTA_NEAREST_ACTIVE_OUTLET,IN0224,004,9.564,ZCTA_NN;R6371;TIE_FIRST_LEX,ZCTA_NN_HAVERSINE;NOT_ELIGIBILITY;NOT_USPS_VALIDITY;NO_INVENTORY
47115,ZCTA_NEAREST_ACTIVE_OUTLET,IN0224,005,11.051,ZCTA_NN;R6371;TIE_FIRST_LEX,ZCTA_NN_HAVERSINE;NOT_ELIGIBILITY;NOT_USPS_VALIDITY;NO_INVENTORY
47116,ZCTA_NEAREST_ACTIVE_OUTLET,IN0003,006,6.781,ZCTA_NN;R6371;TIE_FIRST_LEX,ZCTA_NN_HAVERSINE;NOT_ELIGIBILITY;NOT_USPS_VALIDITY;NO_INVENTORY
47117,EXACT_IMLS_OUTLET_ZIP,IN0224,006,,EXACT_OUTLET;TIE_FSCSKEY_SEQ,EXACT_OUTLET;NOT_USPS_VALIDITY;NO_INVENTORY
47118,EXACT_IMLS_OUTLET_ZIP,IN0219,002,,EXACT_OUTLET;TIE_FSCSKEY_SEQ,EXACT_OUTLET;NOT_USPS_VALIDITY;NO_INVENTORY
47119,EXACT_IMLS_OUTLET_ZIP,IN0223,005,,EXACT_OUTLET;TIE_FSCSKEY_SEQ,EXACT_OUTLET;NOT_USPS_VALIDITY;NO_INVENTORY
47120,ZCTA_NEAREST_ACTIVE_OUTLET,IN0224,005,9.433,ZCTA_NN;R6371;TIE_FIRST_LEX,ZCTA_NN_HAVERSINE;NOT_ELIGIBILITY;NOT_USPS_VALIDITY;NO_INVENTORY
47122,ZCTA_NEAREST_ACTIVE_OUTLET,IN0223,005,6.488,ZCTA_NN;R6371;TIE_FIRST_LEX,ZCTA_NN_HAVERSINE;NOT_ELIGIBILITY;NOT_USPS_VALIDITY;NO_INVENTORY
47123,ZCTA_NEAREST_ACTIVE_OUTLET,IN0219,002,7.831,ZCTA_NN;R6371;TIE_FIRST_LEX,ZCTA_NN_HAVERSINE;NOT_ELIGIBILITY;NOT_USPS_VALIDITY;NO_INVENTORY
47124,ZCTA_NEAREST_ACTIVE_OUTLET,IN0223,005,6.037,ZCTA_NN;R6371;TIE_FIRST_LEX,ZCTA_NN_HAVERSINE;NOT_ELIGIBILITY;NOT_USPS_VALIDITY;NO_INVENTORY
47125,ZCTA_NEAREST_ACTIVE_OUTLET,IN0219,002,17.185,ZCTA_NN;R6371;TIE_FIRST_LEX,ZCTA_NN_HAVERSINE;NOT_ELIGIBILITY;NOT_USPS_VALIDITY;NO_INVENTORY
47126,EXACT_IMLS_OUTLET_ZIP,IN0217,006,,EXACT_OUTLET;TIE_FSCSKEY_SEQ,EXACT_OUTLET;NOT_USPS_VALIDITY;NO_INVENTORY
47129,EXACT_IMLS_OUTLET_ZIP,IN0218,004,,EXACT_OUTLET;TIE_FSCSKEY_SEQ,EXACT_OUTLET;NOT_USPS_VALIDITY;NO_INVENTORY
47130,ZCTA_NEAREST_ACTIVE_OUTLET,IN0218,004,6.848,ZCTA_NN;R6371;TIE_FIRST_LEX,ZCTA_NN_HAVERSINE;NOT_ELIGIBILITY;NOT_USPS_VALIDITY;NO_INVENTORY
47131,EXACT_IMLS_OUTLET_ZIP,IN0218,002,,EXACT_OUTLET;TIE_FSCSKEY_SEQ,EXACT_OUTLET;NOT_USPS_VALIDITY;NO_INVENTORY
47135,ZCTA_NEAREST_ACTIVE_OUTLET,KY0077,002,10.445,ZCTA_NN;R6371;TIE_FIRST_LEX,ZCTA_NN_HAVERSINE;NOT_ELIGIBILITY;NOT_USPS_VALIDITY;NO_INVENTORY
47136,EXACT_IMLS_OUTLET_ZIP,IN0224,004,,EXACT_OUTLET;TIE_FSCSKEY_SEQ,EXACT_OUTLET;NOT_USPS_VALIDITY;NO_INVENTORY
47137,ZCTA_NEAREST_ACTIVE_OUTLET,IN0219,002,22.235,ZCTA_NN;R6371;TIE_FIRST_LEX,ZCTA_NN_HAVERSINE;NOT_ELIGIBILITY;NOT_USPS_VALIDITY;NO_INVENTORY
47138,EXACT_IMLS_OUTLET_ZIP,IN0236,005,,EXACT_OUTLET;TIE_FSCSKEY_SEQ,EXACT_OUTLET;NOT_USPS_VALIDITY;NO_INVENTORY
47140,ZCTA_NEAREST_ACTIVE_OUTLET,IN0219,002,7.205,ZCTA_NN;R6371;TIE_FIRST_LEX,ZCTA_NN_HAVERSINE;NOT_ELIGIBILITY;NOT_USPS_VALIDITY;NO_INVENTORY
47141,ZCTA_NEAREST_ACTIVE_OUTLET,IN0217,005,6.486,ZCTA_NN;R6371;TIE_FIRST_LEX,ZCTA_NN_HAVERSINE;NOT_ELIGIBILITY;NOT_USPS_VALIDITY;NO_INVENTORY
47142,ZCTA_NEAREST_ACTIVE_OUTLET,KY0077,002,8.602,ZCTA_NN;R6371;TIE_FIRST_LEX,ZCTA_NN_HAVERSINE;NOT_ELIGIBILITY;NOT_USPS_VALIDITY;NO_INVENTORY
47143,ZCTA_NEAREST_ACTIVE_OUTLET,IN0217,003,7.596,ZCTA_NN;R6371;TIE_FIRST_LEX,ZCTA_NN_HAVERSINE;NOT_ELIGIBILITY;NOT_USPS_VALIDITY;NO_INVENTORY
47145,ZCTA_NEAREST_ACTIVE_OUTLET,IN0219,002,12.180,ZCTA_NN;R6371;TIE_FIRST_LEX,ZCTA_NN_HAVERSINE;NOT_ELIGIBILITY;NOT_USPS_VALIDITY;NO_INVENTORY
47146,OBSERVED_REFERENCE_INDIRECT_ONLY,,,,INDIRECT_IMLS_SC;NO_FABRICATED_NEAREST,INDIRECT_IMLS_SC;NO_FABRICATED_NEAREST;NOT_REJECTED;NOT_USPS_VALIDITY;NO_INVENTORY
47147,ZCTA_NEAREST_ACTIVE_OUTLET,IN0217,005,4.278,ZCTA_NN;R6371;TIE_FIRST_LEX,ZCTA_NN_HAVERSINE;NOT_ELIGIBILITY;NOT_USPS_VALIDITY;NO_INVENTORY
47150,EXACT_IMLS_OUTLET_ZIP,IN0223,002,,EXACT_OUTLET;TIE_FSCSKEY_SEQ,EXACT_OUTLET;NOT_USPS_VALIDITY;NO_INVENTORY
47151,OBSERVED_REFERENCE_INDIRECT_ONLY,,,,INDIRECT_IMLS_SC;NO_FABRICATED_NEAREST,INDIRECT_IMLS_SC;NO_FABRICATED_NEAREST;NOT_REJECTED;NOT_USPS_VALIDITY;NO_INVENTORY
47160,ZCTA_NEAREST_ACTIVE_OUTLET,IN0224,006,7.496,ZCTA_NN;R6371;TIE_FIRST_LEX,ZCTA_NN_HAVERSINE;NOT_ELIGIBILITY;NOT_USPS_VALIDITY;NO_INVENTORY
47161,ZCTA_NEAREST_ACTIVE_OUTLET,IN0224,005,8.781,ZCTA_NN;R6371;TIE_FIRST_LEX,ZCTA_NN_HAVERSINE;NOT_ELIGIBILITY;NOT_USPS_VALIDITY;NO_INVENTORY
47162,EXACT_IMLS_OUTLET_ZIP,IN0217,005,,EXACT_OUTLET;TIE_FSCSKEY_SEQ,EXACT_OUTLET;NOT_USPS_VALIDITY;NO_INVENTORY
47163,ZCTA_NEAREST_ACTIVE_OUTLET,IN0217,006,7.541,ZCTA_NN;R6371;TIE_FIRST_LEX,ZCTA_NN_HAVERSINE;NOT_ELIGIBILITY;NOT_USPS_VALIDITY;NO_INVENTORY
47164,EXACT_IMLS_OUTLET_ZIP,IN0224,005,,EXACT_OUTLET;TIE_FSCSKEY_SEQ,EXACT_OUTLET;NOT_USPS_VALIDITY;NO_INVENTORY
47165,ZCTA_NEAREST_ACTIVE_OUTLET,IN0217,004,6.245,ZCTA_NN;R6371;TIE_FIRST_LEX,ZCTA_NN_HAVERSINE;NOT_ELIGIBILITY;NOT_USPS_VALIDITY;NO_INVENTORY
47166,ZCTA_NEAREST_ACTIVE_OUTLET,IN0224,003,11.250,ZCTA_NN;R6371;TIE_FIRST_LEX,ZCTA_NN_HAVERSINE;NOT_ELIGIBILITY;NOT_USPS_VALIDITY;NO_INVENTORY
47167,EXACT_IMLS_OUTLET_ZIP,IN0238,002,,EXACT_OUTLET;TIE_FSCSKEY_SEQ,EXACT_OUTLET;NOT_USPS_VALIDITY;NO_INVENTORY
47170,EXACT_IMLS_OUTLET_ZIP,IN0236,002,,EXACT_OUTLET;TIE_FSCSKEY_SEQ,EXACT_OUTLET;NOT_USPS_VALIDITY;NO_INVENTORY
47172,EXACT_IMLS_OUTLET_ZIP,IN0217,003,,EXACT_OUTLET;TIE_FSCSKEY_SEQ,EXACT_OUTLET;NOT_USPS_VALIDITY;NO_INVENTORY
47174,ZCTA_NEAREST_ACTIVE_OUTLET,IN0219,002,14.326,ZCTA_NN;R6371;TIE_FIRST_LEX,ZCTA_NN_HAVERSINE;NOT_ELIGIBILITY;NOT_USPS_VALIDITY;NO_INVENTORY
47175,ZCTA_NEAREST_ACTIVE_OUTLET,IN0219,002,9.740,ZCTA_NN;R6371;TIE_FIRST_LEX,ZCTA_NN_HAVERSINE;NOT_ELIGIBILITY;NOT_USPS_VALIDITY;NO_INVENTORY
47177,ZCTA_NEAREST_ACTIVE_OUTLET,IN0217,006,5.931,ZCTA_NN;R6371;TIE_FIRST_LEX,ZCTA_NN_HAVERSINE;NOT_ELIGIBILITY;NOT_USPS_VALIDITY;NO_INVENTORY
47201,EXACT_IMLS_OUTLET_ZIP,IN0215,002,,EXACT_OUTLET;TIE_FSCSKEY_SEQ,EXACT_OUTLET;NOT_USPS_VALIDITY;NO_INVENTORY
47202,OBSERVED_REFERENCE_INDIRECT_ONLY,,,,INDIRECT_IMLS_SC;NO_FABRICATED_NEAREST,INDIRECT_IMLS_SC;NO_FABRICATED_NEAREST;NOT_REJECTED;NOT_USPS_VALIDITY;NO_INVENTORY
47203,ZCTA_NEAREST_ACTIVE_OUTLET,IN0215,002,7.994,ZCTA_NN;R6371;TIE_FIRST_LEX,ZCTA_NN_HAVERSINE;NOT_ELIGIBILITY;NOT_USPS_VALIDITY;NO_INVENTORY
47220,EXACT_IMLS_OUTLET_ZIP,IN0225,002,,EXACT_OUTLET;TIE_FSCSKEY_SEQ,EXACT_OUTLET;NOT_USPS_VALIDITY;NO_INVENTORY
47223,ZCTA_NEAREST_ACTIVE_OUTLET,IN0228,002,14.411,ZCTA_NN;R6371;TIE_FIRST_LEX,ZCTA_NN_HAVERSINE;NOT_ELIGIBILITY;NOT_USPS_VALIDITY;NO_INVENTORY
47224,ZCTA_NEAREST_ACTIVE_OUTLET,IN0235,002,20.293,ZCTA_NN;R6371;TIE_FIRST_LEX,ZCTA_NN_HAVERSINE;NOT_ELIGIBILITY;NOT_USPS_VALIDITY;NO_INVENTORY
47225,ZCTA_NEAREST_ACTIVE_OUTLET,IN0244,006,15.271,ZCTA_NN;R6371;TIE_FIRST_LEX,ZCTA_NN_HAVERSINE;NOT_ELIGIBILITY;NOT_USPS_VALIDITY;NO_INVENTORY
47226,ZCTA_NEAREST_ACTIVE_OUTLET,IN0215,003,8.827,ZCTA_NN;R6371;TIE_FIRST_LEX,ZCTA_NN_HAVERSINE;NOT_ELIGIBILITY;NOT_USPS_VALIDITY;NO_INVENTORY
47227,ZCTA_NEAREST_ACTIVE_OUTLET,IN0228,002,17.050,ZCTA_NN;R6371;TIE_FIRST_LEX,ZCTA_NN_HAVERSINE;NOT_ELIGIBILITY;NOT_USPS_VALIDITY;NO_INVENTORY
47229,EXACT_IMLS_OUTLET_ZIP,IN0226,003,,EXACT_OUTLET;TIE_FSCSKEY_SEQ,EXACT_OUTLET;NOT_USPS_VALIDITY;NO_INVENTORY
47230,ZCTA_NEAREST_ACTIVE_OUTLET,IN0236,005,15.495,ZCTA_NN;R6371;TIE_FIRST_LEX,ZCTA_NN_HAVERSINE;NOT_ELIGIBILITY;NOT_USPS_VALIDITY;NO_INVENTORY
47231,ZCTA_NEAREST_ACTIVE_OUTLET,IN0228,002,18.348,ZCTA_NN;R6371;TIE_FIRST_LEX,ZCTA_NN_HAVERSINE;NOT_ELIGIBILITY;NOT_USPS_VALIDITY;NO_INVENTORY
47232,ZCTA_NEAREST_ACTIVE_OUTLET,IN0215,002,15.093,ZCTA_NN;R6371;TIE_FIRST_LEX,ZCTA_NN_HAVERSINE;NOT_ELIGIBILITY;NOT_USPS_VALIDITY;NO_INVENTORY
47234,ZCTA_NEAREST_ACTIVE_OUTLET,IN0215,003,8.063,ZCTA_NN;R6371;TIE_FIRST_LEX,ZCTA_NN_HAVERSINE;NOT_ELIGIBILITY;NOT_USPS_VALIDITY;NO_INVENTORY
47235,ZCTA_NEAREST_ACTIVE_OUTLET,IN0225,002,17.476,ZCTA_NN;R6371;TIE_FIRST_LEX,ZCTA_NN_HAVERSINE;NOT_ELIGIBILITY;NOT_USPS_VALIDITY;NO_INVENTORY
47236,ZCTA_NEAREST_ACTIVE_OUTLET,IN0244,004,13.030,ZCTA_NN;R6371;TIE_FIRST_LEX,ZCTA_NN_HAVERSINE;NOT_ELIGIBILITY;NOT_USPS_VALIDITY;NO_INVENTORY
47240,EXACT_IMLS_OUTLET_ZIP,IN0244,006,,EXACT_OUTLET;TIE_FSCSKEY_SEQ,EXACT_OUTLET;NOT_USPS_VALIDITY;NO_INVENTORY
47243,EXACT_IMLS_OUTLET_ZIP,IN0227,004,,EXACT_OUTLET;TIE_FSCSKEY_SEQ,EXACT_OUTLET;NOT_USPS_VALIDITY;NO_INVENTORY
47244,ZCTA_NEAREST_ACTIVE_OUTLET,IN0215,003,11.167,ZCTA_NN;R6371;TIE_FIRST_LEX,ZCTA_NN_HAVERSINE;NOT_ELIGIBILITY;NOT_USPS_VALIDITY;NO_INVENTORY
47246,EXACT_IMLS_OUTLET_ZIP,IN0215,003,,EXACT_OUTLET;TIE_FSCSKEY_SEQ,EXACT_OUTLET;NOT_USPS_VALIDITY;NO_INVENTORY
47247,ZCTA_NEAREST_ACTIVE_OUTLET,IN0226,002,11.233,ZCTA_NN;R6371;TIE_FIRST_LEX,ZCTA_NN_HAVERSINE;NOT_ELIGIBILITY;NOT_USPS_VALIDITY;NO_INVENTORY
47250,EXACT_IMLS_OUTLET_ZIP,IN0227,002,,EXACT_OUTLET;TIE_FSCSKEY_SEQ,EXACT_OUTLET;NOT_USPS_VALIDITY;NO_INVENTORY
47260,EXACT_IMLS_OUTLET_ZIP,IN0226,005,,EXACT_OUTLET;TIE_FSCSKEY_SEQ,EXACT_OUTLET;NOT_USPS_VALIDITY;NO_INVENTORY
47263,ZCTA_NEAREST_ACTIVE_OUTLET,IN0233,002,9.181,ZCTA_NN;R6371;TIE_FIRST_LEX,ZCTA_NN_HAVERSINE;NOT_ELIGIBILITY;NOT_USPS_VALIDITY;NO_INVENTORY
47264,ZCTA_NEAREST_ACTIVE_OUTLET,IN0226,005,18.459,ZCTA_NN;R6371;TIE_FIRST_LEX,ZCTA_NN_HAVERSINE;NOT_ELIGIBILITY;NOT_USPS_VALIDITY;NO_INVENTORY
47265,EXACT_IMLS_OUTLET_ZIP,IN0228,002,,EXACT_OUTLET;TIE_FSCSKEY_SEQ,EXACT_OUTLET;NOT_USPS_VALIDITY;NO_INVENTORY
47270,ZCTA_NEAREST_ACTIVE_OUTLET,IN0226,003,11.262,ZCTA_NN;R6371;TIE_FIRST_LEX,ZCTA_NN_HAVERSINE;NOT_ELIGIBILITY;NOT_USPS_VALIDITY;NO_INVENTORY
47272,ZCTA_NEAREST_ACTIVE_OUTLET,IN0244,006,15.574,ZCTA_NN;R6371;TIE_FIRST_LEX,ZCTA_NN_HAVERSINE;NOT_ELIGIBILITY;NOT_USPS_VALIDITY;NO_INVENTORY
47273,ZCTA_NEAREST_ACTIVE_OUTLET,IN0228,002,10.332,ZCTA_NN;R6371;TIE_FIRST_LEX,ZCTA_NN_HAVERSINE;NOT_ELIGIBILITY;NOT_USPS_VALIDITY;NO_INVENTORY
47274,EXACT_IMLS_OUTLET_ZIP,IN0226,002,,EXACT_OUTLET;TIE_FSCSKEY_SEQ,EXACT_OUTLET;NOT_USPS_VALIDITY;NO_INVENTORY
47280,ZCTA_NEAREST_ACTIVE_OUTLET,IN0208,002,6.576,ZCTA_NN;R6371;TIE_FIRST_LEX,ZCTA_NN_HAVERSINE;NOT_ELIGIBILITY;NOT_USPS_VALIDITY;NO_INVENTORY
47281,ZCTA_NEAREST_ACTIVE_OUTLET,IN0226,005,6.905,ZCTA_NN;R6371;TIE_FIRST_LEX,ZCTA_NN_HAVERSINE;NOT_ELIGIBILITY;NOT_USPS_VALIDITY;NO_INVENTORY
47282,ZCTA_NEAREST_ACTIVE_OUTLET,IN0228,002,4.751,ZCTA_NN;R6371;TIE_FIRST_LEX,ZCTA_NN_HAVERSINE;NOT_ELIGIBILITY;NOT_USPS_VALIDITY;NO_INVENTORY
47283,EXACT_IMLS_OUTLET_ZIP,IN0244,004,,EXACT_OUTLET;TIE_FSCSKEY_SEQ,EXACT_OUTLET;NOT_USPS_VALIDITY;NO_INVENTORY
47302,EXACT_IMLS_OUTLET_ZIP,IN0138,010,,EXACT_OUTLET;TIE_FSCSKEY_SEQ,EXACT_OUTLET;NOT_USPS_VALIDITY;NO_INVENTORY
47303,EXACT_IMLS_OUTLET_ZIP,IN0138,013,,EXACT_OUTLET;TIE_FSCSKEY_SEQ,EXACT_OUTLET;NOT_USPS_VALIDITY;NO_INVENTORY
47304,EXACT_IMLS_OUTLET_ZIP,IN0138,006,,EXACT_OUTLET;TIE_FSCSKEY_SEQ,EXACT_OUTLET;NOT_USPS_VALIDITY;NO_INVENTORY
47305,EXACT_IMLS_OUTLET_ZIP,IN0138,011,,EXACT_OUTLET;TIE_FSCSKEY_SEQ,EXACT_OUTLET;NOT_USPS_VALIDITY;NO_INVENTORY
47306,ZCTA_NEAREST_ACTIVE_OUTLET,IN0138,006,1.233,ZCTA_NN;R6371;TIE_FIRST_LEX,ZCTA_NN_HAVERSINE;NOT_ELIGIBILITY;NOT_USPS_VALIDITY;NO_INVENTORY
47307,OBSERVED_REFERENCE_INDIRECT_ONLY,,,,INDIRECT_IMLS_SC;NO_FABRICATED_NEAREST,INDIRECT_IMLS_SC;NO_FABRICATED_NEAREST;NOT_REJECTED;NOT_USPS_VALIDITY;NO_INVENTORY
47308,OBSERVED_REFERENCE_INDIRECT_ONLY,,,,INDIRECT_IMLS_SC;NO_FABRICATED_NEAREST,INDIRECT_IMLS_SC;NO_FABRICATED_NEAREST;NOT_REJECTED;NOT_USPS_VALIDITY;NO_INVENTORY
47320,ZCTA_NEAREST_ACTIVE_OUTLET,IN0138,013,10.653,ZCTA_NN;R6371;TIE_FIRST_LEX,ZCTA_NN_HAVERSINE;NOT_ELIGIBILITY;NOT_USPS_VALIDITY;NO_INVENTORY
47324,ZCTA_NEAREST_ACTIVE_OUTLET,IN0171,002,10.529,ZCTA_NN;R6371;TIE_FIRST_LEX,ZCTA_NN_HAVERSINE;NOT_ELIGIBILITY;NOT_USPS_VALIDITY;NO_INVENTORY
47325,ZCTA_NEAREST_ACTIVE_OUTLET,IN0167,002,9.448,ZCTA_NN;R6371;TIE_FIRST_LEX,ZCTA_NN_HAVERSINE;NOT_ELIGIBILITY;NOT_USPS_VALIDITY;NO_INVENTORY
47326,ZCTA_NEAREST_ACTIVE_OUTLET,IN0248,002,4.879,ZCTA_NN;R6371;TIE_FIRST_LEX,ZCTA_NN_HAVERSINE;NOT_ELIGIBILITY;NOT_USPS_VALIDITY;NO_INVENTORY
47327,EXACT_IMLS_OUTLET_ZIP,IN0170,002,,EXACT_OUTLET;TIE_FSCSKEY_SEQ,EXACT_OUTLET;NOT_USPS_VALIDITY;NO_INVENTORY
47330,EXACT_IMLS_OUTLET_ZIP,IN0172,002,,EXACT_OUTLET;TIE_FSCSKEY_SEQ,EXACT_OUTLET;NOT_USPS_VALIDITY;NO_INVENTORY
47331,EXACT_IMLS_OUTLET_ZIP,IN0139,002,,EXACT_OUTLET;TIE_FSCSKEY_SEQ,EXACT_OUTLET;NOT_USPS_VALIDITY;NO_INVENTORY
47334,ZCTA_NEAREST_ACTIVE_OUTLET,IN0149,002,5.694,ZCTA_NN;R6371;TIE_FIRST_LEX,ZCTA_NN_HAVERSINE;NOT_ELIGIBILITY;NOT_USPS_VALIDITY;NO_INVENTORY
47335,EXACT_IMLS_OUTLET_ZIP,IN0169,002,,EXACT_OUTLET;TIE_FSCSKEY_SEQ,EXACT_OUTLET;NOT_USPS_VALIDITY;NO_INVENTORY
47336,EXACT_IMLS_OUTLET_ZIP,IN0153,002,,EXACT_OUTLET;TIE_FSCSKEY_SEQ,EXACT_OUTLET;NOT_USPS_VALIDITY;NO_INVENTORY
47337,ZCTA_NEAREST_ACTIVE_OUTLET,IN0151,002,3.968,ZCTA_NN;R6371;TIE_FIRST_LEX,ZCTA_NN_HAVERSINE;NOT_ELIGIBILITY;NOT_USPS_VALIDITY;NO_INVENTORY
47338,ZCTA_NEAREST_ACTIVE_OUTLET,IN0153,002,11.237,ZCTA_NN;R6371;TIE_FIRST_LEX,ZCTA_NN_HAVERSINE;NOT_ELIGIBILITY;NOT_USPS_VALIDITY;NO_INVENTORY
47339,ZCTA_NEAREST_ACTIVE_OUTLET,IN0168,002,7.640,ZCTA_NN;R6371;TIE_FIRST_LEX,ZCTA_NN_HAVERSINE;NOT_ELIGIBILITY;NOT_USPS_VALIDITY;NO_INVENTORY
47340,EXACT_IMLS_OUTLET_ZIP,IN0160,002,,EXACT_OUTLET;TIE_FSCSKEY_SEQ,EXACT_OUTLET;NOT_USPS_VALIDITY;NO_INVENTORY
47341,ZCTA_NEAREST_ACTIVE_OUTLET,IN0162,002,9.472,ZCTA_NN;R6371;TIE_FIRST_LEX,ZCTA_NN_HAVERSINE;NOT_ELIGIBILITY;NOT_USPS_VALIDITY;NO_INVENTORY
47342,ZCTA_NEAREST_ACTIVE_OUTLET,IN0148,002,6.715,ZCTA_NN;R6371;TIE_FIRST_LEX,ZCTA_NN_HAVERSINE;NOT_ELIGIBILITY;NOT_USPS_VALIDITY;NO_INVENTORY
47344,ZCTA_NEAREST_ACTIVE_OUTLET,IN0151,002,4.939,ZCTA_NN;R6371;TIE_FIRST_LEX,ZCTA_NN_HAVERSINE;NOT_ELIGIBILITY;NOT_USPS_VALIDITY;NO_INVENTORY
47345,ZCTA_NEAREST_ACTIVE_OUTLET,IN0168,002,8.868,ZCTA_NN;R6371;TIE_FIRST_LEX,ZCTA_NN_HAVERSINE;NOT_ELIGIBILITY;NOT_USPS_VALIDITY;NO_INVENTORY
47346,EXACT_IMLS_OUTLET_ZIP,IN0168,002,,EXACT_OUTLET;TIE_FSCSKEY_SEQ,EXACT_OUTLET;NOT_USPS_VALIDITY;NO_INVENTORY
47348,EXACT_IMLS_OUTLET_ZIP,IN0136,002,,EXACT_OUTLET;TIE_FSCSKEY_SEQ,EXACT_OUTLET;NOT_USPS_VALIDITY;NO_INVENTORY
47351,ZCTA_NEAREST_ACTIVE_OUTLET,IN0151,002,10.079,ZCTA_NN;R6371;TIE_FIRST_LEX,ZCTA_NN_HAVERSINE;NOT_ELIGIBILITY;NOT_USPS_VALIDITY;NO_INVENTORY
47352,ZCTA_NEAREST_ACTIVE_OUTLET,IN0151,002,7.708,ZCTA_NN;R6371;TIE_FIRST_LEX,ZCTA_NN_HAVERSINE;NOT_ELIGIBILITY;NOT_USPS_VALIDITY;NO_INVENTORY
47353,EXACT_IMLS_OUTLET_ZIP,IN0167,002,,EXACT_OUTLET;TIE_FSCSKEY_SEQ,EXACT_OUTLET;NOT_USPS_VALIDITY;NO_INVENTORY
47354,ZCTA_NEAREST_ACTIVE_OUTLET,IN0168,002,14.597,ZCTA_NN;R6371;TIE_FIRST_LEX,ZCTA_NN_HAVERSINE;NOT_ELIGIBILITY;NOT_USPS_VALIDITY;NO_INVENTORY
47355,EXACT_IMLS_OUTLET_ZIP,IN0162,002,,EXACT_OUTLET;TIE_FSCSKEY_SEQ,EXACT_OUTLET;NOT_USPS_VALIDITY;NO_INVENTORY
47356,EXACT_IMLS_OUTLET_ZIP,IN0149,002,,EXACT_OUTLET;TIE_FSCSKEY_SEQ,EXACT_OUTLET;NOT_USPS_VALIDITY;NO_INVENTORY
47357,ZCTA_NEAREST_ACTIVE_OUTLET,IN0170,002,7.378,ZCTA_NN;R6371;TIE_FIRST_LEX,ZCTA_NN_HAVERSINE;NOT_ELIGIBILITY;NOT_USPS_VALIDITY;NO_INVENTORY
47358,ZCTA_NEAREST_ACTIVE_OUTLET,IN0160,002,14.483,ZCTA_NN;R6371;TIE_FIRST_LEX,ZCTA_NN_HAVERSINE;NOT_ELIGIBILITY;NOT_USPS_VALIDITY;NO_INVENTORY
47359,EXACT_IMLS_OUTLET_ZIP,IN0137,002,,EXACT_OUTLET;TIE_FSCSKEY_SEQ,EXACT_OUTLET;NOT_USPS_VALIDITY;NO_INVENTORY
47360,ZCTA_NEAREST_ACTIVE_OUTLET,IN0150,002,13.033,ZCTA_NN;R6371;TIE_FIRST_LEX,ZCTA_NN_HAVERSINE;NOT_ELIGIBILITY;NOT_USPS_VALIDITY;NO_INVENTORY
47361,ZCTA_NEAREST_ACTIVE_OUTLET,IN0150,002,8.462,ZCTA_NN;R6371;TIE_FIRST_LEX,ZCTA_NN_HAVERSINE;NOT_ELIGIBILITY;NOT_USPS_VALIDITY;NO_INVENTORY
47362,EXACT_IMLS_OUTLET_ZIP,IN0150,002,,EXACT_OUTLET;TIE_FSCSKEY_SEQ,EXACT_OUTLET;NOT_USPS_VALIDITY;NO_INVENTORY
47366,ZCTA_NEAREST_ACTIVE_OUTLET,IN0169,002,7.074,ZCTA_NN;R6371;TIE_FIRST_LEX,ZCTA_NN_HAVERSINE;NOT_ELIGIBILITY;NOT_USPS_VALIDITY;NO_INVENTORY
47367,ZCTA_NEAREST_ACTIVE_OUTLET,IN0138,010,10.328,ZCTA_NN;R6371;TIE_FIRST_LEX,ZCTA_NN_HAVERSINE;NOT_ELIGIBILITY;NOT_USPS_VALIDITY;NO_INVENTORY
47368,ZCTA_NEAREST_ACTIVE_OUTLET,IN0160,002,5.667,ZCTA_NN;R6371;TIE_FIRST_LEX,ZCTA_NN_HAVERSINE;NOT_ELIGIBILITY;NOT_USPS_VALIDITY;NO_INVENTORY
47369,EXACT_IMLS_OUTLET_ZIP,IN0154,002,,EXACT_OUTLET;TIE_FSCSKEY_SEQ,EXACT_OUTLET;NOT_USPS_VALIDITY;NO_INVENTORY
47370,ZCTA_NEAREST_ACTIVE_OUTLET,IN0170,002,3.725,ZCTA_NN;R6371;TIE_FIRST_LEX,ZCTA_NN_HAVERSINE;NOT_ELIGIBILITY;NOT_USPS_VALIDITY;NO_INVENTORY
47371,EXACT_IMLS_OUTLET_ZIP,IN0155,002,,EXACT_OUTLET;TIE_FSCSKEY_SEQ,EXACT_OUTLET;NOT_USPS_VALIDITY;NO_INVENTORY
47373,ZCTA_NEAREST_ACTIVE_OUTLET,IN0153,002,6.012,ZCTA_NN;R6371;TIE_FIRST_LEX,ZCTA_NN_HAVERSINE;NOT_ELIGIBILITY;NOT_USPS_VALIDITY;NO_INVENTORY
47374,EXACT_IMLS_OUTLET_ZIP,IN0171,002,,EXACT_OUTLET;TIE_FSCSKEY_SEQ,EXACT_OUTLET;NOT_USPS_VALIDITY;NO_INVENTORY
47375,OBSERVED_REFERENCE_INDIRECT_ONLY,,,,INDIRECT_IMLS_SC;NO_FABRICATED_NEAREST,INDIRECT_IMLS_SC;NO_FABRICATED_NEAREST;NOT_REJECTED;NOT_USPS_VALIDITY;NO_INVENTORY
47380,EXACT_IMLS_OUTLET_ZIP,IN0163,002,,EXACT_OUTLET;TIE_FSCSKEY_SEQ,EXACT_OUTLET;NOT_USPS_VALIDITY;NO_INVENTORY
47381,ZCTA_NEAREST_ACTIVE_OUTLET,OH0083,002,7.797,ZCTA_NN;R6371;TIE_FIRST_LEX,ZCTA_NN_HAVERSINE;NOT_ELIGIBILITY;NOT_USPS_VALIDITY;NO_INVENTORY
47382,ZCTA_NEAREST_ACTIVE_OUTLET,IN0161,002,8.774,ZCTA_NN;R6371;TIE_FIRST_LEX,ZCTA_NN_HAVERSINE;NOT_ELIGIBILITY;NOT_USPS_VALIDITY;NO_INVENTORY
47383,ZCTA_NEAREST_ACTIVE_OUTLET,IN0138,013,10.157,ZCTA_NN;R6371;TIE_FIRST_LEX,ZCTA_NN_HAVERSINE;NOT_ELIGIBILITY;NOT_USPS_VALIDITY;NO_INVENTORY
47384,ZCTA_NEAREST_ACTIVE_OUTLET,IN0151,002,12.365,ZCTA_NN;R6371;TIE_FIRST_LEX,ZCTA_NN_HAVERSINE;NOT_ELIGIBILITY;NOT_USPS_VALIDITY;NO_INVENTORY
47385,EXACT_IMLS_OUTLET_ZIP,IN0151,002,,EXACT_OUTLET;TIE_FSCSKEY_SEQ,EXACT_OUTLET;NOT_USPS_VALIDITY;NO_INVENTORY
47386,ZCTA_NEAREST_ACTIVE_OUTLET,IN0149,002,12.877,ZCTA_NN;R6371;TIE_FIRST_LEX,ZCTA_NN_HAVERSINE;NOT_ELIGIBILITY;NOT_USPS_VALIDITY;NO_INVENTORY
47387,ZCTA_NEAREST_ACTIVE_OUTLET,IN0169,002,8.255,ZCTA_NN;R6371;TIE_FIRST_LEX,ZCTA_NN_HAVERSINE;NOT_ELIGIBILITY;NOT_USPS_VALIDITY;NO_INVENTORY
47388,ZCTA_NEAREST_ACTIVE_OUTLET,IN0149,002,9.738,ZCTA_NN;R6371;TIE_FIRST_LEX,ZCTA_NN_HAVERSINE;NOT_ELIGIBILITY;NOT_USPS_VALIDITY;NO_INVENTORY
47390,EXACT_IMLS_OUTLET_ZIP,IN0164,002,,EXACT_OUTLET;TIE_FSCSKEY_SEQ,EXACT_OUTLET;NOT_USPS_VALIDITY;NO_INVENTORY
47392,ZCTA_NEAREST_ACTIVE_OUTLET,IN0171,002,9.849,ZCTA_NN;R6371;TIE_FIRST_LEX,ZCTA_NN_HAVERSINE;NOT_ELIGIBILITY;NOT_USPS_VALIDITY;NO_INVENTORY
47393,ZCTA_NEAREST_ACTIVE_OUTLET,IN0162,002,11.005,ZCTA_NN;R6371;TIE_FIRST_LEX,ZCTA_NN_HAVERSINE;NOT_ELIGIBILITY;NOT_USPS_VALIDITY;NO_INVENTORY
47394,EXACT_IMLS_OUTLET_ZIP,IN0161,002,,EXACT_OUTLET;TIE_FSCSKEY_SEQ,EXACT_OUTLET;NOT_USPS_VALIDITY;NO_INVENTORY
47396,EXACT_IMLS_OUTLET_ZIP,IN8007,001,,EXACT_OUTLET;TIE_FSCSKEY_SEQ,EXACT_OUTLET;NOT_USPS_VALIDITY;NO_INVENTORY
47401,ZCTA_NEAREST_ACTIVE_OUTLET,IN0180,005,8.887,ZCTA_NN;R6371;TIE_FIRST_LEX,ZCTA_NN_HAVERSINE;NOT_ELIGIBILITY;NOT_USPS_VALIDITY;NO_INVENTORY
47402,OBSERVED_REFERENCE_INDIRECT_ONLY,,,,INDIRECT_IMLS_SC;NO_FABRICATED_NEAREST,INDIRECT_IMLS_SC;NO_FABRICATED_NEAREST;NOT_REJECTED;NOT_USPS_VALIDITY;NO_INVENTORY
47403,EXACT_IMLS_OUTLET_ZIP,IN0180,005,,EXACT_OUTLET;TIE_FSCSKEY_SEQ,EXACT_OUTLET;NOT_USPS_VALIDITY;NO_INVENTORY
47404,ZCTA_NEAREST_ACTIVE_OUTLET,IN0180,003,3.355,ZCTA_NN;R6371;TIE_FIRST_LEX,ZCTA_NN_HAVERSINE;NOT_ELIGIBILITY;NOT_USPS_VALIDITY;NO_INVENTORY
47405,ZCTA_NEAREST_ACTIVE_OUTLET,IN0180,002,0.833,ZCTA_NN;R6371;TIE_FIRST_LEX,ZCTA_NN_HAVERSINE;NOT_ELIGIBILITY;NOT_USPS_VALIDITY;NO_INVENTORY
47406,ZCTA_NEAREST_ACTIVE_OUTLET,IN0180,002,1.643,ZCTA_NN;R6371;TIE_FIRST_LEX,ZCTA_NN_HAVERSINE;NOT_ELIGIBILITY;NOT_USPS_VALIDITY;NO_INVENTORY
47407,OBSERVED_REFERENCE_INDIRECT_ONLY,,,,INDIRECT_IMLS_SC;NO_FABRICATED_NEAREST,INDIRECT_IMLS_SC;NO_FABRICATED_NEAREST;NOT_REJECTED;NOT_USPS_VALIDITY;NO_INVENTORY
47408,EXACT_IMLS_OUTLET_ZIP,IN0180,002,,EXACT_OUTLET;TIE_FSCSKEY_SEQ,EXACT_OUTLET;NOT_USPS_VALIDITY;NO_INVENTORY
47420,ZCTA_NEAREST_ACTIVE_OUTLET,IN0178,002,8.274,ZCTA_NN;R6371;TIE_FIRST_LEX,ZCTA_NN_HAVERSINE;NOT_ELIGIBILITY;NOT_USPS_VALIDITY;NO_INVENTORY
47421,EXACT_IMLS_OUTLET_ZIP,IN0178,002,,EXACT_OUTLET;TIE_FSCSKEY_SEQ,EXACT_OUTLET;NOT_USPS_VALIDITY;NO_INVENTORY
47424,EXACT_IMLS_OUTLET_ZIP,IN0177,002,,EXACT_OUTLET;TIE_FSCSKEY_SEQ,EXACT_OUTLET;NOT_USPS_VALIDITY;NO_INVENTORY
47427,ZCTA_NEAREST_ACTIVE_OUTLET,IN0176,002,13.314,ZCTA_NN;R6371;TIE_FIRST_LEX,ZCTA_NN_HAVERSINE;NOT_ELIGIBILITY;NOT_USPS_VALIDITY;NO_INVENTORY
47429,EXACT_IMLS_OUTLET_ZIP,IN0180,003,,EXACT_OUTLET;TIE_FSCSKEY_SEQ,EXACT_OUTLET;NOT_USPS_VALIDITY;NO_INVENTORY
47431,ZCTA_NEAREST_ACTIVE_OUTLET,IN0181,002,13.825,ZCTA_NN;R6371;TIE_FIRST_LEX,ZCTA_NN_HAVERSINE;NOT_ELIGIBILITY;NOT_USPS_VALIDITY;NO_INVENTORY
47432,EXACT_IMLS_OUTLET_ZIP,IN0230,002,,EXACT_OUTLET;TIE_FSCSKEY_SEQ,EXACT_OUTLET;NOT_USPS_VALIDITY;NO_INVENTORY
47433,ZCTA_NEAREST_ACTIVE_OUTLET,IN0181,002,13.067,ZCTA_NN;R6371;TIE_FIRST_LEX,ZCTA_NN_HAVERSINE;NOT_ELIGIBILITY;NOT_USPS_VALIDITY;NO_INVENTORY
47434,ZCTA_NEAREST_ACTIVE_OUTLET,IN0180,005,12.117,ZCTA_NN;R6371;TIE_FIRST_LEX,ZCTA_NN_HAVERSINE;NOT_ELIGIBILITY;NOT_USPS_VALIDITY;NO_INVENTORY
47435,ZCTA_NEAREST_ACTIVE_OUTLET,IN0216,002,7.576,ZCTA_NN;R6371;TIE_FIRST_LEX,ZCTA_NN_HAVERSINE;NOT_ELIGIBILITY;NOT_USPS_VALIDITY;NO_INVENTORY
47436,ZCTA_NEAREST_ACTIVE_OUTLET,IN0178,002,13.250,ZCTA_NN;R6371;TIE_FIRST_LEX,ZCTA_NN_HAVERSINE;NOT_ELIGIBILITY;NOT_USPS_VALIDITY;NO_INVENTORY
47437,ZCTA_NEAREST_ACTIVE_OUTLET,IN0012,002,11.172,ZCTA_NN;R6371;TIE_FIRST_LEX,ZCTA_NN_HAVERSINE;NOT_ELIGIBILITY;NOT_USPS_VALIDITY;NO_INVENTORY
47438,EXACT_IMLS_OUTLET_ZIP,IN0174,002,,EXACT_OUTLET;TIE_FSCSKEY_SEQ,EXACT_OUTLET;NOT_USPS_VALIDITY;NO_INVENTORY
47441,EXACT_IMLS_OUTLET_ZIP,IN0175,002,,EXACT_OUTLET;TIE_FSCSKEY_SEQ,EXACT_OUTLET;NOT_USPS_VALIDITY;NO_INVENTORY
47443,ZCTA_NEAREST_ACTIVE_OUTLET,IN0175,002,10.139,ZCTA_NN;R6371;TIE_FIRST_LEX,ZCTA_NN_HAVERSINE;NOT_ELIGIBILITY;NOT_USPS_VALIDITY;NO_INVENTORY
47445,ZCTA_NEAREST_ACTIVE_OUTLET,IN0174,002,5.790,ZCTA_NN;R6371;TIE_FIRST_LEX,ZCTA_NN_HAVERSINE;NOT_ELIGIBILITY;NOT_USPS_VALIDITY;NO_INVENTORY
47446,EXACT_IMLS_OUTLET_ZIP,IN0179,002,,EXACT_OUTLET;TIE_FSCSKEY_SEQ,EXACT_OUTLET;NOT_USPS_VALIDITY;NO_INVENTORY
47448,EXACT_IMLS_OUTLET_ZIP,IN0216,002,,EXACT_OUTLET;TIE_FSCSKEY_SEQ,EXACT_OUTLET;NOT_USPS_VALIDITY;NO_INVENTORY
47449,ZCTA_NEAREST_ACTIVE_OUTLET,IN0177,002,10.581,ZCTA_NN;R6371;TIE_FIRST_LEX,ZCTA_NN_HAVERSINE;NOT_ELIGIBILITY;NOT_USPS_VALIDITY;NO_INVENTORY
47451,ZCTA_NEAREST_ACTIVE_OUTLET,IN0178,002,4.638,ZCTA_NN;R6371;TIE_FIRST_LEX,ZCTA_NN_HAVERSINE;NOT_ELIGIBILITY;NOT_USPS_VALIDITY;NO_INVENTORY
47452,EXACT_IMLS_OUTLET_ZIP,IN0231,002,,EXACT_OUTLET;TIE_FSCSKEY_SEQ,EXACT_OUTLET;NOT_USPS_VALIDITY;NO_INVENTORY
47453,ZCTA_NEAREST_ACTIVE_OUTLET,IN0177,004,9.685,ZCTA_NN;R6371;TIE_FIRST_LEX,ZCTA_NN_HAVERSINE;NOT_ELIGIBILITY;NOT_USPS_VALIDITY;NO_INVENTORY
47454,EXACT_IMLS_OUTLET_ZIP,IN0232,002,,EXACT_OUTLET;TIE_FSCSKEY_SEQ,EXACT_OUTLET;NOT_USPS_VALIDITY;NO_INVENTORY
47455,ZCTA_NEAREST_ACTIVE_OUTLET,IN0181,002,16.966,ZCTA_NN;R6371;TIE_FIRST_LEX,ZCTA_NN_HAVERSINE;NOT_ELIGIBILITY;NOT_USPS_VALIDITY;NO_INVENTORY
47456,ZCTA_NEAREST_ACTIVE_OUTLET,IN0212,005,6.710,ZCTA_NN;R6371;TIE_FIRST_LEX,ZCTA_NN_HAVERSINE;NOT_ELIGIBILITY;NOT_USPS_VALIDITY;NO_INVENTORY
47457,ZCTA_NEAREST_ACTIVE_OUTLET,IN0002,002,10.808,ZCTA_NN;R6371;TIE_FIRST_LEX,ZCTA_NN_HAVERSINE;NOT_ELIGIBILITY;NOT_USPS_VALIDITY;NO_INVENTORY
47458,ZCTA_NEAREST_ACTIVE_OUTLET,IN0180,005,6.497,ZCTA_NN;R6371;TIE_FIRST_LEX,ZCTA_NN_HAVERSINE;NOT_ELIGIBILITY;NOT_USPS_VALIDITY;NO_INVENTORY
47459,ZCTA_NEAREST_ACTIVE_OUTLET,IN0177,004,10.488,ZCTA_NN;R6371;TIE_FIRST_LEX,ZCTA_NN_HAVERSINE;NOT_ELIGIBILITY;NOT_USPS_VALIDITY;NO_INVENTORY
47460,EXACT_IMLS_OUTLET_ZIP,IN0181,002,,EXACT_OUTLET;TIE_FSCSKEY_SEQ,EXACT_OUTLET;NOT_USPS_VALIDITY;NO_INVENTORY
47462,ZCTA_NEAREST_ACTIVE_OUTLET,IN0177,004,9.904,ZCTA_NN;R6371;TIE_FIRST_LEX,ZCTA_NN_HAVERSINE;NOT_ELIGIBILITY;NOT_USPS_VALIDITY;NO_INVENTORY
47464,ZCTA_NEAREST_ACTIVE_OUTLET,IN0180,003,7.606,ZCTA_NN;R6371;TIE_FIRST_LEX,ZCTA_NN_HAVERSINE;NOT_ELIGIBILITY;NOT_USPS_VALIDITY;NO_INVENTORY
47465,ZCTA_NEAREST_ACTIVE_OUTLET,IN0176,002,8.393,ZCTA_NN;R6371;TIE_FIRST_LEX,ZCTA_NN_HAVERSINE;NOT_ELIGIBILITY;NOT_USPS_VALIDITY;NO_INVENTORY
47467,ZCTA_NEAREST_ACTIVE_OUTLET,IN0179,002,11.978,ZCTA_NN;R6371;TIE_FIRST_LEX,ZCTA_NN_HAVERSINE;NOT_ELIGIBILITY;NOT_USPS_VALIDITY;NO_INVENTORY
47468,ZCTA_NEAREST_ACTIVE_OUTLET,IN0212,007,14.734,ZCTA_NN;R6371;TIE_FIRST_LEX,ZCTA_NN_HAVERSINE;NOT_ELIGIBILITY;NOT_USPS_VALIDITY;NO_INVENTORY
47469,ZCTA_NEAREST_ACTIVE_OUTLET,IN0230,002,9.995,ZCTA_NN;R6371;TIE_FIRST_LEX,ZCTA_NN_HAVERSINE;NOT_ELIGIBILITY;NOT_USPS_VALIDITY;NO_INVENTORY
47470,ZCTA_NEAREST_ACTIVE_OUTLET,IN0178,002,14.729,ZCTA_NN;R6371;TIE_FIRST_LEX,ZCTA_NN_HAVERSINE;NOT_ELIGIBILITY;NOT_USPS_VALIDITY;NO_INVENTORY
47471,EXACT_IMLS_OUTLET_ZIP,IN0176,002,,EXACT_OUTLET;TIE_FSCSKEY_SEQ,EXACT_OUTLET;NOT_USPS_VALIDITY;NO_INVENTORY
47501,EXACT_IMLS_OUTLET_ZIP,IN0001,002,,EXACT_OUTLET;TIE_FSCSKEY_SEQ,EXACT_OUTLET;NOT_USPS_VALIDITY;NO_INVENTORY
47512,EXACT_IMLS_OUTLET_ZIP,IN0009,002,,EXACT_OUTLET;TIE_FSCSKEY_SEQ,EXACT_OUTLET;NOT_USPS_VALIDITY;NO_INVENTORY
47513,EXACT_IMLS_OUTLET_ZIP,IN0003,006,,EXACT_OUTLET;TIE_FSCSKEY_SEQ,EXACT_OUTLET;NOT_USPS_VALIDITY;NO_INVENTORY
47514,ZCTA_NEAREST_ACTIVE_OUTLET,IN0003,006,20.552,ZCTA_NN;R6371;TIE_FIRST_LEX,ZCTA_NN_HAVERSINE;NOT_ELIGIBILITY;NOT_USPS_VALIDITY;NO_INVENTORY
47515,ZCTA_NEAREST_ACTIVE_OUTLET,IN0003,002,14.539,ZCTA_NN;R6371;TIE_FIRST_LEX,ZCTA_NN_HAVERSINE;NOT_ELIGIBILITY;NOT_USPS_VALIDITY;NO_INVENTORY
47516,ZCTA_NEAREST_ACTIVE_OUTLET,IN0009,002,9.626,ZCTA_NN;R6371;TIE_FIRST_LEX,ZCTA_NN_HAVERSINE;NOT_ELIGIBILITY;NOT_USPS_VALIDITY;NO_INVENTORY
47519,ZCTA_NEAREST_ACTIVE_OUTLET,IN0011,002,10.598,ZCTA_NN;R6371;TIE_FIRST_LEX,ZCTA_NN_HAVERSINE;NOT_ELIGIBILITY;NOT_USPS_VALIDITY;NO_INVENTORY
47520,EXACT_IMLS_OUTLET_ZIP,IN0013,004,,EXACT_OUTLET;TIE_FSCSKEY_SEQ,EXACT_OUTLET;NOT_USPS_VALIDITY;NO_INVENTORY
47521,ZCTA_NEAREST_ACTIVE_OUTLET,IN0003,005,8.218,ZCTA_NN;R6371;TIE_FIRST_LEX,ZCTA_NN_HAVERSINE;NOT_ELIGIBILITY;NOT_USPS_VALIDITY;NO_INVENTORY
47522,ZCTA_NEAREST_ACTIVE_OUTLET,IN0002,002,16.960,ZCTA_NN;R6371;TIE_FIRST_LEX,ZCTA_NN_HAVERSINE;NOT_ELIGIBILITY;NOT_USPS_VALIDITY;NO_INVENTORY
47523,EXACT_IMLS_OUTLET_ZIP,IN0239,002,,EXACT_OUTLET;TIE_FSCSKEY_SEQ,EXACT_OUTLET;NOT_USPS_VALIDITY;NO_INVENTORY
47524,ZCTA_NEAREST_ACTIVE_OUTLET,IL0356,002,14.653,ZCTA_NN;R6371;TIE_FIRST_LEX,ZCTA_NN_HAVERSINE;NOT_ELIGIBILITY;NOT_USPS_VALIDITY;NO_INVENTORY
47525,ZCTA_NEAREST_ACTIVE_OUTLET,IN0013,002,18.071,ZCTA_NN;R6371;TIE_FIRST_LEX,ZCTA_NN_HAVERSINE;NOT_ELIGIBILITY;NOT_USPS_VALIDITY;NO_INVENTORY
47527,EXACT_IMLS_OUTLET_ZIP,IN0003,005,,EXACT_OUTLET;TIE_FSCSKEY_SEQ,EXACT_OUTLET;NOT_USPS_VALIDITY;NO_INVENTORY
47528,ZCTA_NEAREST_ACTIVE_OUTLET,IN0009,005,8.277,ZCTA_NN;R6371;TIE_FIRST_LEX,ZCTA_NN_HAVERSINE;NOT_ELIGIBILITY;NOT_USPS_VALIDITY;NO_INVENTORY
47529,ZCTA_NEAREST_ACTIVE_OUTLET,IN0002,002,7.332,ZCTA_NN;R6371;TIE_FIRST_LEX,ZCTA_NN_HAVERSINE;NOT_ELIGIBILITY;NOT_USPS_VALIDITY;NO_INVENTORY
47531,ZCTA_NEAREST_ACTIVE_OUTLET,KY0043,003,12.150,ZCTA_NN;R6371;TIE_FIRST_LEX,ZCTA_NN_HAVERSINE;NOT_ELIGIBILITY;NOT_USPS_VALIDITY;NO_INVENTORY
47532,EXACT_IMLS_OUTLET_ZIP,IN0003,002,,EXACT_OUTLET;TIE_FSCSKEY_SEQ,EXACT_OUTLET;NOT_USPS_VALIDITY;NO_INVENTORY
47535,ZCTA_NEAREST_ACTIVE_OUTLET,IN0009,002,9.992,ZCTA_NN;R6371;TIE_FIRST_LEX,ZCTA_NN_HAVERSINE;NOT_ELIGIBILITY;NOT_USPS_VALIDITY;NO_INVENTORY
47537,ZCTA_NEAREST_ACTIVE_OUTLET,IN0023,010,5.732,ZCTA_NN;R6371;TIE_FIRST_LEX,ZCTA_NN_HAVERSINE;NOT_ELIGIBILITY;NOT_USPS_VALIDITY;NO_INVENTORY
47541,ZCTA_NEAREST_ACTIVE_OUTLET,IN0239,002,8.828,ZCTA_NN;R6371;TIE_FIRST_LEX,ZCTA_NN_HAVERSINE;NOT_ELIGIBILITY;NOT_USPS_VALIDITY;NO_INVENTORY
47542,EXACT_IMLS_OUTLET_ZIP,IN0004,002,,EXACT_OUTLET;TIE_FSCSKEY_SEQ,EXACT_OUTLET;NOT_USPS_VALIDITY;NO_INVENTORY
47545,OBSERVED_REFERENCE_INDIRECT_ONLY,,,,INDIRECT_IMLS_SC;NO_FABRICATED_NEAREST,INDIRECT_IMLS_SC;NO_FABRICATED_NEAREST;NOT_REJECTED;NOT_USPS_VALIDITY;NO_INVENTORY
47546,EXACT_IMLS_OUTLET_ZIP,IN0003,004,,EXACT_OUTLET;TIE_FSCSKEY_SEQ,EXACT_OUTLET;NOT_USPS_VALIDITY;NO_INVENTORY
47547,OBSERVED_REFERENCE_INDIRECT_ONLY,,,,INDIRECT_IMLS_SC;NO_FABRICATED_NEAREST,INDIRECT_IMLS_SC;NO_FABRICATED_NEAREST;NOT_REJECTED;NOT_USPS_VALIDITY;NO_INVENTORY
47550,ZCTA_NEAREST_ACTIVE_OUTLET,IN0239,004,11.251,ZCTA_NN;R6371;TIE_FIRST_LEX,ZCTA_NN_HAVERSINE;NOT_ELIGIBILITY;NOT_USPS_VALIDITY;NO_INVENTORY
47551,ZCTA_NEAREST_ACTIVE_OUTLET,IN0013,002,23.694,ZCTA_NN;R6371;TIE_FIRST_LEX,ZCTA_NN_HAVERSINE;NOT_ELIGIBILITY;NOT_USPS_VALIDITY;NO_INVENTORY
47552,ZCTA_NEAREST_ACTIVE_OUTLET,IN0239,002,6.580,ZCTA_NN;R6371;TIE_FIRST_LEX,ZCTA_NN_HAVERSINE;NOT_ELIGIBILITY;NOT_USPS_VALIDITY;NO_INVENTORY
47553,EXACT_IMLS_OUTLET_ZIP,IN0011,002,,EXACT_OUTLET;TIE_FSCSKEY_SEQ,EXACT_OUTLET;NOT_USPS_VALIDITY;NO_INVENTORY
47556,OBSERVED_REFERENCE_INDIRECT_ONLY,,,,INDIRECT_IMLS_SC;NO_FABRICATED_NEAREST,INDIRECT_IMLS_SC;NO_FABRICATED_NEAREST;NOT_REJECTED;NOT_USPS_VALIDITY;NO_INVENTORY
47557,ZCTA_NEAREST_ACTIVE_OUTLET,IN0015,002,10.629,ZCTA_NN;R6371;TIE_FIRST_LEX,ZCTA_NN_HAVERSINE;NOT_ELIGIBILITY;NOT_USPS_VALIDITY;NO_INVENTORY
47558,ZCTA_NEAREST_ACTIVE_OUTLET,IN0001,002,11.417,ZCTA_NN;R6371;TIE_FIRST_LEX,ZCTA_NN_HAVERSINE;NOT_ELIGIBILITY;NOT_USPS_VALIDITY;NO_INVENTORY
47561,ZCTA_NEAREST_ACTIVE_OUTLET,IN0186,003,11.465,ZCTA_NN;R6371;TIE_FIRST_LEX,ZCTA_NN_HAVERSINE;NOT_ELIGIBILITY;NOT_USPS_VALIDITY;NO_INVENTORY
47562,EXACT_IMLS_OUTLET_ZIP,IN0002,002,,EXACT_OUTLET;TIE_FSCSKEY_SEQ,EXACT_OUTLET;NOT_USPS_VALIDITY;NO_INVENTORY
47564,EXACT_IMLS_OUTLET_ZIP,IN0015,006,,EXACT_OUTLET;TIE_FSCSKEY_SEQ,EXACT_OUTLET;NOT_USPS_VALIDITY;NO_INVENTORY
47567,EXACT_IMLS_OUTLET_ZIP,IN0015,002,,EXACT_OUTLET;TIE_FSCSKEY_SEQ,EXACT_OUTLET;NOT_USPS_VALIDITY;NO_INVENTORY
47568,ZCTA_NEAREST_ACTIVE_OUTLET,IN0002,002,12.930,ZCTA_NN;R6371;TIE_FIRST_LEX,ZCTA_NN_HAVERSINE;NOT_ELIGIBILITY;NOT_USPS_VALIDITY;NO_INVENTORY
47573,ZCTA_NEAREST_ACTIVE_OUTLET,IN0009,002,3.409,ZCTA_NN;R6371;TIE_FIRST_LEX,ZCTA_NN_HAVERSINE;NOT_ELIGIBILITY;NOT_USPS_VALIDITY;NO_INVENTORY
47574,ZCTA_NEAREST_ACTIVE_OUTLET,KY0013,003,14.135,ZCTA_NN;R6371;TIE_FIRST_LEX,ZCTA_NN_HAVERSINE;NOT_ELIGIBILITY;NOT_USPS_VALIDITY;NO_INVENTORY
47575,ZCTA_NEAREST_ACTIVE_OUTLET,IN0003,006,9.424,ZCTA_NN;R6371;TIE_FIRST_LEX,ZCTA_NN_HAVERSINE;NOT_ELIGIBILITY;NOT_USPS_VALIDITY;NO_INVENTORY
47576,ZCTA_NEAREST_ACTIVE_OUTLET,IN0003,006,17.469,ZCTA_NN;R6371;TIE_FIRST_LEX,ZCTA_NN_HAVERSINE;NOT_ELIGIBILITY;NOT_USPS_VALIDITY;NO_INVENTORY
47577,ZCTA_NEAREST_ACTIVE_OUTLET,IN0003,002,9.893,ZCTA_NN;R6371;TIE_FIRST_LEX,ZCTA_NN_HAVERSINE;NOT_ELIGIBILITY;NOT_USPS_VALIDITY;NO_INVENTORY
47578,EXACT_IMLS_OUTLET_ZIP,IN0009,005,,EXACT_OUTLET;TIE_FSCSKEY_SEQ,EXACT_OUTLET;NOT_USPS_VALIDITY;NO_INVENTORY
47579,ZCTA_NEAREST_ACTIVE_OUTLET,IN0239,002,9.267,ZCTA_NN;R6371;TIE_FIRST_LEX,ZCTA_NN_HAVERSINE;NOT_ELIGIBILITY;NOT_USPS_VALIDITY;NO_INVENTORY
47580,ZCTA_NEAREST_ACTIVE_OUTLET,IN0003,006,7.698,ZCTA_NN;R6371;TIE_FIRST_LEX,ZCTA_NN_HAVERSINE;NOT_ELIGIBILITY;NOT_USPS_VALIDITY;NO_INVENTORY
47581,EXACT_IMLS_OUTLET_ZIP,IN0012,002,,EXACT_OUTLET;TIE_FSCSKEY_SEQ,EXACT_OUTLET;NOT_USPS_VALIDITY;NO_INVENTORY
47584,ZCTA_NEAREST_ACTIVE_OUTLET,IN0023,002,6.905,ZCTA_NN;R6371;TIE_FIRST_LEX,ZCTA_NN_HAVERSINE;NOT_ELIGIBILITY;NOT_USPS_VALIDITY;NO_INVENTORY
47585,ZCTA_NEAREST_ACTIVE_OUTLET,IN0015,004,13.782,ZCTA_NN;R6371;TIE_FIRST_LEX,ZCTA_NN_HAVERSINE;NOT_ELIGIBILITY;NOT_USPS_VALIDITY;NO_INVENTORY
47586,EXACT_IMLS_OUTLET_ZIP,IN0013,002,,EXACT_OUTLET;TIE_FSCSKEY_SEQ,EXACT_OUTLET;NOT_USPS_VALIDITY;NO_INVENTORY
47588,ZCTA_NEAREST_ACTIVE_OUTLET,IN0013,002,9.500,ZCTA_NN;R6371;TIE_FIRST_LEX,ZCTA_NN_HAVERSINE;NOT_ELIGIBILITY;NOT_USPS_VALIDITY;NO_INVENTORY
47590,ZCTA_NEAREST_ACTIVE_OUTLET,IN0015,004,11.107,ZCTA_NN;R6371;TIE_FIRST_LEX,ZCTA_NN_HAVERSINE;NOT_ELIGIBILITY;NOT_USPS_VALIDITY;NO_INVENTORY
47591,EXACT_IMLS_OUTLET_ZIP,IN0010,003,,EXACT_OUTLET;TIE_FSCSKEY_SEQ,EXACT_OUTLET;NOT_USPS_VALIDITY;NO_INVENTORY
47596,ZCTA_NEAREST_ACTIVE_OUTLET,IN0009,005,5.569,ZCTA_NN;R6371;TIE_FIRST_LEX,ZCTA_NN_HAVERSINE;NOT_ELIGIBILITY;NOT_USPS_VALIDITY;NO_INVENTORY
47597,ZCTA_NEAREST_ACTIVE_OUTLET,IN0001,002,10.227,ZCTA_NN;R6371;TIE_FIRST_LEX,ZCTA_NN_HAVERSINE;NOT_ELIGIBILITY;NOT_USPS_VALIDITY;NO_INVENTORY
47598,EXACT_IMLS_OUTLET_ZIP,IN0015,004,,EXACT_OUTLET;TIE_FSCSKEY_SEQ,EXACT_OUTLET;NOT_USPS_VALIDITY;NO_INVENTORY
47601,EXACT_IMLS_OUTLET_ZIP,IN0023,004,,EXACT_OUTLET;TIE_FSCSKEY_SEQ,EXACT_OUTLET;NOT_USPS_VALIDITY;NO_INVENTORY
47610,EXACT_IMLS_OUTLET_ZIP,IN0022,004,,EXACT_OUTLET;TIE_FSCSKEY_SEQ,EXACT_OUTLET;NOT_USPS_VALIDITY;NO_INVENTORY
47611,EXACT_IMLS_OUTLET_ZIP,IN0239,004,,EXACT_OUTLET;TIE_FSCSKEY_SEQ,EXACT_OUTLET;NOT_USPS_VALIDITY;NO_INVENTORY
47612,ZCTA_NEAREST_ACTIVE_OUTLET,IN0016,002,7.718,ZCTA_NN;R6371;TIE_FIRST_LEX,ZCTA_NN_HAVERSINE;NOT_ELIGIBILITY;NOT_USPS_VALIDITY;NO_INVENTORY
47613,EXACT_IMLS_OUTLET_ZIP,IN0023,003,,EXACT_OUTLET;TIE_FSCSKEY_SEQ,EXACT_OUTLET;NOT_USPS_VALIDITY;NO_INVENTORY
47615,EXACT_IMLS_OUTLET_ZIP,IN0019,006,,EXACT_OUTLET;TIE_FSCSKEY_SEQ,EXACT_OUTLET;NOT_USPS_VALIDITY;NO_INVENTORY
47616,ZCTA_NEAREST_ACTIVE_OUTLET,IL0220,002,7.914,ZCTA_NN;R6371;TIE_FIRST_LEX,ZCTA_NN_HAVERSINE;NOT_ELIGIBILITY;NOT_USPS_VALIDITY;NO_INVENTORY
47617,EXACT_IMLS_OUTLET_ZIP,IN0019,009,,EXACT_OUTLET;TIE_FSCSKEY_SEQ,EXACT_OUTLET;NOT_USPS_VALIDITY;NO_INVENTORY
47619,EXACT_IMLS_OUTLET_ZIP,IN0023,002,,EXACT_OUTLET;TIE_FSCSKEY_SEQ,EXACT_OUTLET;NOT_USPS_VALIDITY;NO_INVENTORY
47620,EXACT_IMLS_OUTLET_ZIP,IN0018,002,,EXACT_OUTLET;TIE_FSCSKEY_SEQ,EXACT_OUTLET;NOT_USPS_VALIDITY;NO_INVENTORY
47629,OBSERVED_REFERENCE_INDIRECT_ONLY,,,,INDIRECT_IMLS_SC;NO_FABRICATED_NEAREST,INDIRECT_IMLS_SC;NO_FABRICATED_NEAREST;NOT_REJECTED;NOT_USPS_VALIDITY;NO_INVENTORY
47630,EXACT_IMLS_OUTLET_ZIP,IN0022,003,,EXACT_OUTLET;TIE_FSCSKEY_SEQ,EXACT_OUTLET;NOT_USPS_VALIDITY;NO_INVENTORY
47631,EXACT_IMLS_OUTLET_ZIP,IN0017,002,,EXACT_OUTLET;TIE_FSCSKEY_SEQ,EXACT_OUTLET;NOT_USPS_VALIDITY;NO_INVENTORY
47633,EXACT_IMLS_OUTLET_ZIP,IN0016,002,,EXACT_OUTLET;TIE_FSCSKEY_SEQ,EXACT_OUTLET;NOT_USPS_VALIDITY;NO_INVENTORY
47634,EXACT_IMLS_OUTLET_ZIP,IN0019,008,,EXACT_OUTLET;TIE_FSCSKEY_SEQ,EXACT_OUTLET;NOT_USPS_VALIDITY;NO_INVENTORY
47635,EXACT_IMLS_OUTLET_ZIP,IN0019,005,,EXACT_OUTLET;TIE_FSCSKEY_SEQ,EXACT_OUTLET;NOT_USPS_VALIDITY;NO_INVENTORY
47637,EXACT_IMLS_OUTLET_ZIP,IN0023,010,,EXACT_OUTLET;TIE_FSCSKEY_SEQ,EXACT_OUTLET;NOT_USPS_VALIDITY;NO_INVENTORY
47638,ZCTA_NEAREST_ACTIVE_OUTLET,IN0016,002,11.571,ZCTA_NN;R6371;TIE_FIRST_LEX,ZCTA_NN_HAVERSINE;NOT_ELIGIBILITY;NOT_USPS_VALIDITY;NO_INVENTORY
47639,EXACT_IMLS_OUTLET_ZIP,IN0007,004,,EXACT_OUTLET;TIE_FSCSKEY_SEQ,EXACT_OUTLET;NOT_USPS_VALIDITY;NO_INVENTORY
47640,ZCTA_NEAREST_ACTIVE_OUTLET,IN0006,002,15.603,ZCTA_NN;R6371;TIE_FIRST_LEX,ZCTA_NN_HAVERSINE;NOT_ELIGIBILITY;NOT_USPS_VALIDITY;NO_INVENTORY
47648,EXACT_IMLS_OUTLET_ZIP,IN0007,003,,EXACT_OUTLET;TIE_FSCSKEY_SEQ,EXACT_OUTLET;NOT_USPS_VALIDITY;NO_INVENTORY
47649,ZCTA_NEAREST_ACTIVE_OUTLET,IN0008,002,9.341,ZCTA_NN;R6371;TIE_FIRST_LEX,ZCTA_NN_HAVERSINE;NOT_ELIGIBILITY;NOT_USPS_VALIDITY;NO_INVENTORY
47654,ZCTA_NEAREST_ACTIVE_OUTLET,IN0008,002,10.161,ZCTA_NN;R6371;TIE_FIRST_LEX,ZCTA_NN_HAVERSINE;NOT_ELIGIBILITY;NOT_USPS_VALIDITY;NO_INVENTORY
47660,EXACT_IMLS_OUTLET_ZIP,IN0008,002,,EXACT_OUTLET;TIE_FSCSKEY_SEQ,EXACT_OUTLET;NOT_USPS_VALIDITY;NO_INVENTORY
47665,EXACT_IMLS_OUTLET_ZIP,IN0005,002,,EXACT_OUTLET;TIE_FSCSKEY_SEQ,EXACT_OUTLET;NOT_USPS_VALIDITY;NO_INVENTORY
47666,ZCTA_NEAREST_ACTIVE_OUTLET,IN0006,002,7.556,ZCTA_NN;R6371;TIE_FIRST_LEX,ZCTA_NN_HAVERSINE;NOT_ELIGIBILITY;NOT_USPS_VALIDITY;NO_INVENTORY
47670,EXACT_IMLS_OUTLET_ZIP,IN0006,002,,EXACT_OUTLET;TIE_FSCSKEY_SEQ,EXACT_OUTLET;NOT_USPS_VALIDITY;NO_INVENTORY
47683,ZCTA_NEAREST_ACTIVE_OUTLET,IN0008,002,7.250,ZCTA_NN;R6371;TIE_FIRST_LEX,ZCTA_NN_HAVERSINE;NOT_ELIGIBILITY;NOT_USPS_VALIDITY;NO_INVENTORY
47701,OBSERVED_REFERENCE_INDIRECT_ONLY,,,,INDIRECT_IMLS_SC;NO_FABRICATED_NEAREST,INDIRECT_IMLS_SC;NO_FABRICATED_NEAREST;NOT_REJECTED;NOT_USPS_VALIDITY;NO_INVENTORY
47703,OBSERVED_REFERENCE_INDIRECT_ONLY,,,,INDIRECT_IMLS_SC;NO_FABRICATED_NEAREST,INDIRECT_IMLS_SC;NO_FABRICATED_NEAREST;NOT_REJECTED;NOT_USPS_VALIDITY;NO_INVENTORY
47705,OBSERVED_REFERENCE_INDIRECT_ONLY,,,,INDIRECT_IMLS_SC;NO_FABRICATED_NEAREST,INDIRECT_IMLS_SC;NO_FABRICATED_NEAREST;NOT_REJECTED;NOT_USPS_VALIDITY;NO_INVENTORY
47708,ZCTA_NEAREST_ACTIVE_OUTLET,IN0021,002,0.464,ZCTA_NN;R6371;TIE_FIRST_LEX,ZCTA_NN_HAVERSINE;NOT_ELIGIBILITY;NOT_USPS_VALIDITY;NO_INVENTORY
47710,EXACT_IMLS_OUTLET_ZIP,IN0020,005,,EXACT_OUTLET;TIE_FSCSKEY_SEQ,EXACT_OUTLET;NOT_USPS_VALIDITY;NO_INVENTORY
47711,EXACT_IMLS_OUTLET_ZIP,IN0020,006,,EXACT_OUTLET;TIE_FSCSKEY_SEQ,EXACT_OUTLET;NOT_USPS_VALIDITY;NO_INVENTORY
47712,EXACT_IMLS_OUTLET_ZIP,IN0020,008,,EXACT_OUTLET;TIE_FSCSKEY_SEQ,EXACT_OUTLET;NOT_USPS_VALIDITY;NO_INVENTORY
47713,EXACT_IMLS_OUTLET_ZIP,IN0020,002,,EXACT_OUTLET;TIE_FSCSKEY_SEQ,EXACT_OUTLET;NOT_USPS_VALIDITY;NO_INVENTORY
47714,ZCTA_NEAREST_ACTIVE_OUTLET,IN0020,002,2.727,ZCTA_NN;R6371;TIE_FIRST_LEX,ZCTA_NN_HAVERSINE;NOT_ELIGIBILITY;NOT_USPS_VALIDITY;NO_INVENTORY
47715,EXACT_IMLS_OUTLET_ZIP,IN0020,004,,EXACT_OUTLET;TIE_FSCSKEY_SEQ,EXACT_OUTLET;NOT_USPS_VALIDITY;NO_INVENTORY
47716,OBSERVED_REFERENCE_INDIRECT_ONLY,,,,INDIRECT_IMLS_SC;NO_FABRICATED_NEAREST,INDIRECT_IMLS_SC;NO_FABRICATED_NEAREST;NOT_REJECTED;NOT_USPS_VALIDITY;NO_INVENTORY
47719,OBSERVED_REFERENCE_INDIRECT_ONLY,,,,INDIRECT_IMLS_SC;NO_FABRICATED_NEAREST,INDIRECT_IMLS_SC;NO_FABRICATED_NEAREST;NOT_REJECTED;NOT_USPS_VALIDITY;NO_INVENTORY
47720,ZCTA_NEAREST_ACTIVE_OUTLET,IN0020,005,6.894,ZCTA_NN;R6371;TIE_FIRST_LEX,ZCTA_NN_HAVERSINE;NOT_ELIGIBILITY;NOT_USPS_VALIDITY;NO_INVENTORY
47721,OBSERVED_REFERENCE_INDIRECT_ONLY,,,,INDIRECT_IMLS_SC;NO_FABRICATED_NEAREST,INDIRECT_IMLS_SC;NO_FABRICATED_NEAREST;NOT_REJECTED;NOT_USPS_VALIDITY;NO_INVENTORY
47722,OBSERVED_REFERENCE_INDIRECT_ONLY,,,,INDIRECT_IMLS_SC;NO_FABRICATED_NEAREST,INDIRECT_IMLS_SC;NO_FABRICATED_NEAREST;NOT_REJECTED;NOT_USPS_VALIDITY;NO_INVENTORY
47724,OBSERVED_REFERENCE_INDIRECT_ONLY,,,,INDIRECT_IMLS_SC;NO_FABRICATED_NEAREST,INDIRECT_IMLS_SC;NO_FABRICATED_NEAREST;NOT_REJECTED;NOT_USPS_VALIDITY;NO_INVENTORY
47725,ZCTA_NEAREST_ACTIVE_OUTLET,IN0023,003,9.418,ZCTA_NN;R6371;TIE_FIRST_LEX,ZCTA_NN_HAVERSINE;NOT_ELIGIBILITY;NOT_USPS_VALIDITY;NO_INVENTORY
47728,OBSERVED_REFERENCE_INDIRECT_ONLY,,,,INDIRECT_IMLS_SC;NO_FABRICATED_NEAREST,INDIRECT_IMLS_SC;NO_FABRICATED_NEAREST;NOT_REJECTED;NOT_USPS_VALIDITY;NO_INVENTORY
47737,OBSERVED_REFERENCE_INDIRECT_ONLY,,,,INDIRECT_IMLS_SC;NO_FABRICATED_NEAREST,INDIRECT_IMLS_SC;NO_FABRICATED_NEAREST;NOT_REJECTED;NOT_USPS_VALIDITY;NO_INVENTORY
47747,OBSERVED_REFERENCE_INDIRECT_ONLY,,,,INDIRECT_IMLS_SC;NO_FABRICATED_NEAREST,INDIRECT_IMLS_SC;NO_FABRICATED_NEAREST;NOT_REJECTED;NOT_USPS_VALIDITY;NO_INVENTORY
47750,OBSERVED_REFERENCE_INDIRECT_ONLY,,,,INDIRECT_IMLS_SC;NO_FABRICATED_NEAREST,INDIRECT_IMLS_SC;NO_FABRICATED_NEAREST;NOT_REJECTED;NOT_USPS_VALIDITY;NO_INVENTORY
47801,OBSERVED_REFERENCE_INDIRECT_ONLY,,,,INDIRECT_IMLS_SC;NO_FABRICATED_NEAREST,INDIRECT_IMLS_SC;NO_FABRICATED_NEAREST;NOT_REJECTED;NOT_USPS_VALIDITY;NO_INVENTORY
47802,ZCTA_NEAREST_ACTIVE_OUTLET,IN0186,005,11.151,ZCTA_NN;R6371;TIE_FIRST_LEX,ZCTA_NN_HAVERSINE;NOT_ELIGIBILITY;NOT_USPS_VALIDITY;NO_INVENTORY
47803,ZCTA_NEAREST_ACTIVE_OUTLET,IN0189,008,8.335,ZCTA_NN;R6371;TIE_FIRST_LEX,ZCTA_NN_HAVERSINE;NOT_ELIGIBILITY;NOT_USPS_VALIDITY;NO_INVENTORY
47804,EXACT_IMLS_OUTLET_ZIP,IN0189,008,,EXACT_OUTLET;TIE_FSCSKEY_SEQ,EXACT_OUTLET;NOT_USPS_VALIDITY;NO_INVENTORY
47805,ZCTA_NEAREST_ACTIVE_OUTLET,IN0189,008,8.507,ZCTA_NN;R6371;TIE_FIRST_LEX,ZCTA_NN_HAVERSINE;NOT_ELIGIBILITY;NOT_USPS_VALIDITY;NO_INVENTORY
47807,EXACT_IMLS_OUTLET_ZIP,IN0189,002,,EXACT_OUTLET;TIE_FSCSKEY_SEQ,EXACT_OUTLET;NOT_USPS_VALIDITY;NO_INVENTORY
47808,OBSERVED_REFERENCE_INDIRECT_ONLY,,,,INDIRECT_IMLS_SC;NO_FABRICATED_NEAREST,INDIRECT_IMLS_SC;NO_FABRICATED_NEAREST;NOT_REJECTED;NOT_USPS_VALIDITY;NO_INVENTORY
47809,ZCTA_NEAREST_ACTIVE_OUTLET,IN0189,002,0.930,ZCTA_NN;R6371;TIE_FIRST_LEX,ZCTA_NN_HAVERSINE;NOT_ELIGIBILITY;NOT_USPS_VALIDITY;NO_INVENTORY
47831,ZCTA_NEAREST_ACTIVE_OUTLET,IN0188,002,10.360,ZCTA_NN;R6371;TIE_FIRST_LEX,ZCTA_NN_HAVERSINE;NOT_ELIGIBILITY;NOT_USPS_VALIDITY;NO_INVENTORY
47832,ZCTA_NEAREST_ACTIVE_OUTLET,IN0108,002,9.771,ZCTA_NN;R6371;TIE_FIRST_LEX,ZCTA_NN_HAVERSINE;NOT_ELIGIBILITY;NOT_USPS_VALIDITY;NO_INVENTORY
47833,ZCTA_NEAREST_ACTIVE_OUTLET,IN0181,002,19.912,ZCTA_NN;R6371;TIE_FIRST_LEX,ZCTA_NN_HAVERSINE;NOT_ELIGIBILITY;NOT_USPS_VALIDITY;NO_INVENTORY
47834,EXACT_IMLS_OUTLET_ZIP,IN0173,002,,EXACT_OUTLET;TIE_FSCSKEY_SEQ,EXACT_OUTLET;NOT_USPS_VALIDITY;NO_INVENTORY
47836,ZCTA_NEAREST_ACTIVE_OUTLET,IN0183,002,13.573,ZCTA_NN;R6371;TIE_FIRST_LEX,ZCTA_NN_HAVERSINE;NOT_ELIGIBILITY;NOT_USPS_VALIDITY;NO_INVENTORY
47837,ZCTA_NEAREST_ACTIVE_OUTLET,IN0173,002,11.493,ZCTA_NN;R6371;TIE_FIRST_LEX,ZCTA_NN_HAVERSINE;NOT_ELIGIBILITY;NOT_USPS_VALIDITY;NO_INVENTORY
47838,EXACT_IMLS_OUTLET_ZIP,IN0186,003,,EXACT_OUTLET;TIE_FSCSKEY_SEQ,EXACT_OUTLET;NOT_USPS_VALIDITY;NO_INVENTORY
47840,ZCTA_NEAREST_ACTIVE_OUTLET,IN0173,002,14.213,ZCTA_NN;R6371;TIE_FIRST_LEX,ZCTA_NN_HAVERSINE;NOT_ELIGIBILITY;NOT_USPS_VALIDITY;NO_INVENTORY
47841,ZCTA_NEAREST_ACTIVE_OUTLET,IN0174,002,14.924,ZCTA_NN;R6371;TIE_FIRST_LEX,ZCTA_NN_HAVERSINE;NOT_ELIGIBILITY;NOT_USPS_VALIDITY;NO_INVENTORY
47842,EXACT_IMLS_OUTLET_ZIP,IN0188,002,,EXACT_OUTLET;TIE_FSCSKEY_SEQ,EXACT_OUTLET;NOT_USPS_VALIDITY;NO_INVENTORY
47845,ZCTA_NEAREST_ACTIVE_OUTLET,IN0174,002,4.127,ZCTA_NN;R6371;TIE_FIRST_LEX,ZCTA_NN_HAVERSINE;NOT_ELIGIBILITY;NOT_USPS_VALIDITY;NO_INVENTORY
47846,ZCTA_NEAREST_ACTIVE_OUTLET,IN0173,002,18.390,ZCTA_NN;R6371;TIE_FIRST_LEX,ZCTA_NN_HAVERSINE;NOT_ELIGIBILITY;NOT_USPS_VALIDITY;NO_INVENTORY
47847,ZCTA_NEAREST_ACTIVE_OUTLET,IN0187,002,10.169,ZCTA_NN;R6371;TIE_FIRST_LEX,ZCTA_NN_HAVERSINE;NOT_ELIGIBILITY;NOT_USPS_VALIDITY;NO_INVENTORY
47848,EXACT_IMLS_OUTLET_ZIP,IN0186,004,,EXACT_OUTLET;TIE_FSCSKEY_SEQ,EXACT_OUTLET;NOT_USPS_VALIDITY;NO_INVENTORY
47849,ZCTA_NEAREST_ACTIVE_OUTLET,IL0604,002,9.274,ZCTA_NN;R6371;TIE_FIRST_LEX,ZCTA_NN_HAVERSINE;NOT_ELIGIBILITY;NOT_USPS_VALIDITY;NO_INVENTORY
47850,EXACT_IMLS_OUTLET_ZIP,IN0186,005,,EXACT_OUTLET;TIE_FSCSKEY_SEQ,EXACT_OUTLET;NOT_USPS_VALIDITY;NO_INVENTORY
47851,ZCTA_NEAREST_ACTIVE_OUTLET,IN0173,002,11.478,ZCTA_NN;R6371;TIE_FIRST_LEX,ZCTA_NN_HAVERSINE;NOT_ELIGIBILITY;NOT_USPS_VALIDITY;NO_INVENTORY
47853,ZCTA_NEAREST_ACTIVE_OUTLET,IN0173,002,4.972,ZCTA_NN;R6371;TIE_FIRST_LEX,ZCTA_NN_HAVERSINE;NOT_ELIGIBILITY;NOT_USPS_VALIDITY;NO_INVENTORY
47854,ZCTA_NEAREST_ACTIVE_OUTLET,IN0182,002,3.896,ZCTA_NN;R6371;TIE_FIRST_LEX,ZCTA_NN_HAVERSINE;NOT_ELIGIBILITY;NOT_USPS_VALIDITY;NO_INVENTORY
47855,ZCTA_NEAREST_ACTIVE_OUTLET,IN0186,007,7.967,ZCTA_NN;R6371;TIE_FIRST_LEX,ZCTA_NN_HAVERSINE;NOT_ELIGIBILITY;NOT_USPS_VALIDITY;NO_INVENTORY
47857,ZCTA_NEAREST_ACTIVE_OUTLET,IN0173,002,3.188,ZCTA_NN;R6371;TIE_FIRST_LEX,ZCTA_NN_HAVERSINE;NOT_ELIGIBILITY;NOT_USPS_VALIDITY;NO_INVENTORY
47858,ZCTA_NEAREST_ACTIVE_OUTLET,IN0174,002,11.109,ZCTA_NN;R6371;TIE_FIRST_LEX,ZCTA_NN_HAVERSINE;NOT_ELIGIBILITY;NOT_USPS_VALIDITY;NO_INVENTORY
47859,ZCTA_NEAREST_ACTIVE_OUTLET,IN0110,002,10.916,ZCTA_NN;R6371;TIE_FIRST_LEX,ZCTA_NN_HAVERSINE;NOT_ELIGIBILITY;NOT_USPS_VALIDITY;NO_INVENTORY
47860,ZCTA_NEAREST_ACTIVE_OUTLET,IN0182,002,8.580,ZCTA_NN;R6371;TIE_FIRST_LEX,ZCTA_NN_HAVERSINE;NOT_ELIGIBILITY;NOT_USPS_VALIDITY;NO_INVENTORY
47861,EXACT_IMLS_OUTLET_ZIP,IN0186,006,,EXACT_OUTLET;TIE_FSCSKEY_SEQ,EXACT_OUTLET;NOT_USPS_VALIDITY;NO_INVENTORY
47862,EXACT_IMLS_OUTLET_ZIP,IN0182,002,,EXACT_OUTLET;TIE_FSCSKEY_SEQ,EXACT_OUTLET;NOT_USPS_VALIDITY;NO_INVENTORY
47863,ZCTA_NEAREST_ACTIVE_OUTLET,IN0188,002,10.145,ZCTA_NN;R6371;TIE_FIRST_LEX,ZCTA_NN_HAVERSINE;NOT_ELIGIBILITY;NOT_USPS_VALIDITY;NO_INVENTORY
47865,ZCTA_NEAREST_ACTIVE_OUTLET,IN0186,003,6.277,ZCTA_NN;R6371;TIE_FIRST_LEX,ZCTA_NN_HAVERSINE;NOT_ELIGIBILITY;NOT_USPS_VALIDITY;NO_INVENTORY
47866,ZCTA_NEAREST_ACTIVE_OUTLET,IN0186,005,5.938,ZCTA_NN;R6371;TIE_FIRST_LEX,ZCTA_NN_HAVERSINE;NOT_ELIGIBILITY;NOT_USPS_VALIDITY;NO_INVENTORY
47868,ZCTA_NEAREST_ACTIVE_OUTLET,IN0181,002,18.337,ZCTA_NN;R6371;TIE_FIRST_LEX,ZCTA_NN_HAVERSINE;NOT_ELIGIBILITY;NOT_USPS_VALIDITY;NO_INVENTORY
47869,ZCTA_NEAREST_ACTIVE_OUTLET,IN0186,005,10.314,ZCTA_NN;R6371;TIE_FIRST_LEX,ZCTA_NN_HAVERSINE;NOT_ELIGIBILITY;NOT_USPS_VALIDITY;NO_INVENTORY
47870,ZCTA_NEAREST_ACTIVE_OUTLET,IN0189,006,11.140,ZCTA_NN;R6371;TIE_FIRST_LEX,ZCTA_NN_HAVERSINE;NOT_ELIGIBILITY;NOT_USPS_VALIDITY;NO_INVENTORY
47871,ZCTA_NEAREST_ACTIVE_OUTLET,IN0189,002,12.333,ZCTA_NN;R6371;TIE_FIRST_LEX,ZCTA_NN_HAVERSINE;NOT_ELIGIBILITY;NOT_USPS_VALIDITY;NO_INVENTORY
47872,EXACT_IMLS_OUTLET_ZIP,IN0183,002,,EXACT_OUTLET;TIE_FSCSKEY_SEQ,EXACT_OUTLET;NOT_USPS_VALIDITY;NO_INVENTORY
47874,ZCTA_NEAREST_ACTIVE_OUTLET,IN0188,002,10.740,ZCTA_NN;R6371;TIE_FIRST_LEX,ZCTA_NN_HAVERSINE;NOT_ELIGIBILITY;NOT_USPS_VALIDITY;NO_INVENTORY
47875,ZCTA_NEAREST_ACTIVE_OUTLET,IN0188,002,12.117,ZCTA_NN;R6371;TIE_FIRST_LEX,ZCTA_NN_HAVERSINE;NOT_ELIGIBILITY;NOT_USPS_VALIDITY;NO_INVENTORY
47876,ZCTA_NEAREST_ACTIVE_OUTLET,IN0189,006,4.832,ZCTA_NN;R6371;TIE_FIRST_LEX,ZCTA_NN_HAVERSINE;NOT_ELIGIBILITY;NOT_USPS_VALIDITY;NO_INVENTORY
47878,OBSERVED_REFERENCE_INDIRECT_ONLY,,,,INDIRECT_IMLS_SC;NO_FABRICATED_NEAREST,INDIRECT_IMLS_SC;NO_FABRICATED_NEAREST;NOT_REJECTED;NOT_USPS_VALIDITY;NO_INVENTORY
47879,EXACT_IMLS_OUTLET_ZIP,IN0186,007,,EXACT_OUTLET;TIE_FSCSKEY_SEQ,EXACT_OUTLET;NOT_USPS_VALIDITY;NO_INVENTORY
47880,ZCTA_NEAREST_ACTIVE_OUTLET,IN0188,002,6.649,ZCTA_NN;R6371;TIE_FIRST_LEX,ZCTA_NN_HAVERSINE;NOT_ELIGIBILITY;NOT_USPS_VALIDITY;NO_INVENTORY
47881,ZCTA_NEAREST_ACTIVE_OUTLET,IN0173,002,6.715,ZCTA_NN;R6371;TIE_FIRST_LEX,ZCTA_NN_HAVERSINE;NOT_ELIGIBILITY;NOT_USPS_VALIDITY;NO_INVENTORY
47882,EXACT_IMLS_OUTLET_ZIP,IN0186,002,,EXACT_OUTLET;TIE_FSCSKEY_SEQ,EXACT_OUTLET;NOT_USPS_VALIDITY;NO_INVENTORY
47884,ZCTA_NEAREST_ACTIVE_OUTLET,IN0188,002,5.938,ZCTA_NN;R6371;TIE_FIRST_LEX,ZCTA_NN_HAVERSINE;NOT_ELIGIBILITY;NOT_USPS_VALIDITY;NO_INVENTORY
47885,EXACT_IMLS_OUTLET_ZIP,IN0189,006,,EXACT_OUTLET;TIE_FSCSKEY_SEQ,EXACT_OUTLET;NOT_USPS_VALIDITY;NO_INVENTORY
47901,EXACT_IMLS_OUTLET_ZIP,IN0115,002,,EXACT_OUTLET;TIE_FSCSKEY_SEQ,EXACT_OUTLET;NOT_USPS_VALIDITY;NO_INVENTORY
47902,OBSERVED_REFERENCE_INDIRECT_ONLY,,,,INDIRECT_IMLS_SC;NO_FABRICATED_NEAREST,INDIRECT_IMLS_SC;NO_FABRICATED_NEAREST;NOT_REJECTED;NOT_USPS_VALIDITY;NO_INVENTORY
47903,OBSERVED_REFERENCE_INDIRECT_ONLY,,,,INDIRECT_IMLS_SC;NO_FABRICATED_NEAREST,INDIRECT_IMLS_SC;NO_FABRICATED_NEAREST;NOT_REJECTED;NOT_USPS_VALIDITY;NO_INVENTORY
47904,ZCTA_NEAREST_ACTIVE_OUTLET,IN0115,002,2.649,ZCTA_NN;R6371;TIE_FIRST_LEX,ZCTA_NN_HAVERSINE;NOT_ELIGIBILITY;NOT_USPS_VALIDITY;NO_INVENTORY
47905,EXACT_IMLS_OUTLET_ZIP,IN0115,008,,EXACT_OUTLET;TIE_FSCSKEY_SEQ,EXACT_OUTLET;NOT_USPS_VALIDITY;NO_INVENTORY
47906,EXACT_IMLS_OUTLET_ZIP,IN0114,002,,EXACT_OUTLET;TIE_FSCSKEY_SEQ,EXACT_OUTLET;NOT_USPS_VALIDITY;NO_INVENTORY
47907,ZCTA_NEAREST_ACTIVE_OUTLET,IN0114,002,0.620,ZCTA_NN;R6371;TIE_FIRST_LEX,ZCTA_NN_HAVERSINE;NOT_ELIGIBILITY;NOT_USPS_VALIDITY;NO_INVENTORY
47909,EXACT_IMLS_OUTLET_ZIP,IN0115,009,,EXACT_OUTLET;TIE_FSCSKEY_SEQ,EXACT_OUTLET;NOT_USPS_VALIDITY;NO_INVENTORY
47916,ZCTA_NEAREST_ACTIVE_OUTLET,IN0110,002,11.713,ZCTA_NN;R6371;TIE_FIRST_LEX,ZCTA_NN_HAVERSINE;NOT_ELIGIBILITY;NOT_USPS_VALIDITY;NO_INVENTORY
47917,ZCTA_NEAREST_ACTIVE_OUTLET,IN0096,002,9.724,ZCTA_NN;R6371;TIE_FIRST_LEX,ZCTA_NN_HAVERSINE;NOT_ELIGIBILITY;NOT_USPS_VALIDITY;NO_INVENTORY
47918,EXACT_IMLS_OUTLET_ZIP,IN0106,002,,EXACT_OUTLET;TIE_FSCSKEY_SEQ,EXACT_OUTLET;NOT_USPS_VALIDITY;NO_INVENTORY
47920,ZCTA_NEAREST_ACTIVE_OUTLET,IN0119,002,7.574,ZCTA_NN;R6371;TIE_FIRST_LEX,ZCTA_NN_HAVERSINE;NOT_ELIGIBILITY;NOT_USPS_VALIDITY;NO_INVENTORY
47921,EXACT_IMLS_OUTLET_ZIP,IN0096,002,,EXACT_OUTLET;TIE_FSCSKEY_SEQ,EXACT_OUTLET;NOT_USPS_VALIDITY;NO_INVENTORY
47922,EXACT_IMLS_OUTLET_ZIP,IN0039,002,,EXACT_OUTLET;TIE_FSCSKEY_SEQ,EXACT_OUTLET;NOT_USPS_VALIDITY;NO_INVENTORY
47923,EXACT_IMLS_OUTLET_ZIP,IN0119,002,,EXACT_OUTLET;TIE_FSCSKEY_SEQ,EXACT_OUTLET;NOT_USPS_VALIDITY;NO_INVENTORY
47924,ZCTA_NEAREST_ACTIVE_OUTLET,IN0115,008,9.466,ZCTA_NN;R6371;TIE_FIRST_LEX,ZCTA_NN_HAVERSINE;NOT_ELIGIBILITY;NOT_USPS_VALIDITY;NO_INVENTORY
47925,ZCTA_NEAREST_ACTIVE_OUTLET,IN0120,002,11.469,ZCTA_NN;R6371;TIE_FIRST_LEX,ZCTA_NN_HAVERSINE;NOT_ELIGIBILITY;NOT_USPS_VALIDITY;NO_INVENTORY
47926,ZCTA_NEAREST_ACTIVE_OUTLET,IN0122,002,12.369,ZCTA_NN;R6371;TIE_FIRST_LEX,ZCTA_NN_HAVERSINE;NOT_ELIGIBILITY;NOT_USPS_VALIDITY;NO_INVENTORY
47928,ZCTA_NEAREST_ACTIVE_OUTLET,IN0187,002,7.127,ZCTA_NN;R6371;TIE_FIRST_LEX,ZCTA_NN_HAVERSINE;NOT_ELIGIBILITY;NOT_USPS_VALIDITY;NO_INVENTORY
47929,ZCTA_NEAREST_ACTIVE_OUTLET,IN0119,002,8.293,ZCTA_NN;R6371;TIE_FIRST_LEX,ZCTA_NN_HAVERSINE;NOT_ELIGIBILITY;NOT_USPS_VALIDITY;NO_INVENTORY
47930,ZCTA_NEAREST_ACTIVE_OUTLET,IN0103,002,8.055,ZCTA_NN;R6371;TIE_FIRST_LEX,ZCTA_NN_HAVERSINE;NOT_ELIGIBILITY;NOT_USPS_VALIDITY;NO_INVENTORY
47932,EXACT_IMLS_OUTLET_ZIP,IN0107,002,,EXACT_OUTLET;TIE_FSCSKEY_SEQ,EXACT_OUTLET;NOT_USPS_VALIDITY;NO_INVENTORY
47933,EXACT_IMLS_OUTLET_ZIP,IN0109,002,,EXACT_OUTLET;TIE_FSCSKEY_SEQ,EXACT_OUTLET;NOT_USPS_VALIDITY;NO_INVENTORY
47940,EXACT_IMLS_OUTLET_ZIP,IN0112,002,,EXACT_OUTLET;TIE_FSCSKEY_SEQ,EXACT_OUTLET;NOT_USPS_VALIDITY;NO_INVENTORY
47941,ZCTA_NEAREST_ACTIVE_OUTLET,IN0115,008,4.515,ZCTA_NN;R6371;TIE_FIRST_LEX,ZCTA_NN_HAVERSINE;NOT_ELIGIBILITY;NOT_USPS_VALIDITY;NO_INVENTORY
47942,EXACT_IMLS_OUTLET_ZIP,IN0094,002,,EXACT_OUTLET;TIE_FSCSKEY_SEQ,EXACT_OUTLET;NOT_USPS_VALIDITY;NO_INVENTORY
47943,ZCTA_NEAREST_ACTIVE_OUTLET,IN0038,003,9.112,ZCTA_NN;R6371;TIE_FIRST_LEX,ZCTA_NN_HAVERSINE;NOT_ELIGIBILITY;NOT_USPS_VALIDITY;NO_INVENTORY
47944,EXACT_IMLS_OUTLET_ZIP,IN0097,002,,EXACT_OUTLET;TIE_FSCSKEY_SEQ,EXACT_OUTLET;NOT_USPS_VALIDITY;NO_INVENTORY
47946,EXACT_IMLS_OUTLET_ZIP,IN0045,002,,EXACT_OUTLET;TIE_FSCSKEY_SEQ,EXACT_OUTLET;NOT_USPS_VALIDITY;NO_INVENTORY
47948,EXACT_IMLS_OUTLET_ZIP,IN0041,002,,EXACT_OUTLET;TIE_FSCSKEY_SEQ,EXACT_OUTLET;NOT_USPS_VALIDITY;NO_INVENTORY
47949,ZCTA_NEAREST_ACTIVE_OUTLET,IN0107,003,12.267,ZCTA_NN;R6371;TIE_FIRST_LEX,ZCTA_NN_HAVERSINE;NOT_ELIGIBILITY;NOT_USPS_VALIDITY;NO_INVENTORY
47950,ZCTA_NEAREST_ACTIVE_OUTLET,IN0121,002,11.371,ZCTA_NN;R6371;TIE_FIRST_LEX,ZCTA_NN_HAVERSINE;NOT_ELIGIBILITY;NOT_USPS_VALIDITY;NO_INVENTORY
47951,EXACT_IMLS_OUTLET_ZIP,IN0040,002,,EXACT_OUTLET;TIE_FSCSKEY_SEQ,EXACT_OUTLET;NOT_USPS_VALIDITY;NO_INVENTORY
47952,EXACT_IMLS_OUTLET_ZIP,IN0108,002,,EXACT_OUTLET;TIE_FSCSKEY_SEQ,EXACT_OUTLET;NOT_USPS_VALIDITY;NO_INVENTORY
47954,EXACT_IMLS_OUTLET_ZIP,IN0113,002,,EXACT_OUTLET;TIE_FSCSKEY_SEQ,EXACT_OUTLET;NOT_USPS_VALIDITY;NO_INVENTORY
47955,EXACT_IMLS_OUTLET_ZIP,IN0111,002,,EXACT_OUTLET;TIE_FSCSKEY_SEQ,EXACT_OUTLET;NOT_USPS_VALIDITY;NO_INVENTORY
47957,ZCTA_NEAREST_ACTIVE_OUTLET,IN0045,002,11.587,ZCTA_NN;R6371;TIE_FIRST_LEX,ZCTA_NN_HAVERSINE;NOT_ELIGIBILITY;NOT_USPS_VALIDITY;NO_INVENTORY
47958,ZCTA_NEAREST_ACTIVE_OUTLET,IN0107,003,11.088,ZCTA_NN;R6371;TIE_FIRST_LEX,ZCTA_NN_HAVERSINE;NOT_ELIGIBILITY;NOT_USPS_VALIDITY;NO_INVENTORY
47959,EXACT_IMLS_OUTLET_ZIP,IN0120,002,,EXACT_OUTLET;TIE_FSCSKEY_SEQ,EXACT_OUTLET;NOT_USPS_VALIDITY;NO_INVENTORY
47960,EXACT_IMLS_OUTLET_ZIP,IN0121,002,,EXACT_OUTLET;TIE_FSCSKEY_SEQ,EXACT_OUTLET;NOT_USPS_VALIDITY;NO_INVENTORY
47963,EXACT_IMLS_OUTLET_ZIP,IN0038,002,,EXACT_OUTLET;TIE_FSCSKEY_SEQ,EXACT_OUTLET;NOT_USPS_VALIDITY;NO_INVENTORY
47964,ZCTA_NEAREST_ACTIVE_OUTLET,IN0039,002,11.048,ZCTA_NN;R6371;TIE_FIRST_LEX,ZCTA_NN_HAVERSINE;NOT_ELIGIBILITY;NOT_USPS_VALIDITY;NO_INVENTORY
47965,ZCTA_NEAREST_ACTIVE_OUTLET,IN0109,003,9.592,ZCTA_NN;R6371;TIE_FIRST_LEX,ZCTA_NN_HAVERSINE;NOT_ELIGIBILITY;NOT_USPS_VALIDITY;NO_INVENTORY
47966,EXACT_IMLS_OUTLET_ZIP,IN0187,002,,EXACT_OUTLET;TIE_FSCSKEY_SEQ,EXACT_OUTLET;NOT_USPS_VALIDITY;NO_INVENTORY
47967,ZCTA_NEAREST_ACTIVE_OUTLET,IN0111,002,8.106,ZCTA_NN;R6371;TIE_FIRST_LEX,ZCTA_NN_HAVERSINE;NOT_ELIGIBILITY;NOT_USPS_VALIDITY;NO_INVENTORY
47968,ZCTA_NEAREST_ACTIVE_OUTLET,IN0113,002,6.642,ZCTA_NN;R6371;TIE_FIRST_LEX,ZCTA_NN_HAVERSINE;NOT_ELIGIBILITY;NOT_USPS_VALIDITY;NO_INVENTORY
47969,ZCTA_NEAREST_ACTIVE_OUTLET,IN0106,002,13.048,ZCTA_NN;R6371;TIE_FIRST_LEX,ZCTA_NN_HAVERSINE;NOT_ELIGIBILITY;NOT_USPS_VALIDITY;NO_INVENTORY
47970,EXACT_IMLS_OUTLET_ZIP,IN0099,002,,EXACT_OUTLET;TIE_FSCSKEY_SEQ,EXACT_OUTLET;NOT_USPS_VALIDITY;NO_INVENTORY
47971,EXACT_IMLS_OUTLET_ZIP,IN0098,002,,EXACT_OUTLET;TIE_FSCSKEY_SEQ,EXACT_OUTLET;NOT_USPS_VALIDITY;NO_INVENTORY
47974,ZCTA_NEAREST_ACTIVE_OUTLET,IN0107,002,12.985,ZCTA_NN;R6371;TIE_FIRST_LEX,ZCTA_NN_HAVERSINE;NOT_ELIGIBILITY;NOT_USPS_VALIDITY;NO_INVENTORY
47975,ZCTA_NEAREST_ACTIVE_OUTLET,IN0098,002,8.448,ZCTA_NN;R6371;TIE_FIRST_LEX,ZCTA_NN_HAVERSINE;NOT_ELIGIBILITY;NOT_USPS_VALIDITY;NO_INVENTORY
47977,EXACT_IMLS_OUTLET_ZIP,IN0024,002,,EXACT_OUTLET;TIE_FSCSKEY_SEQ,EXACT_OUTLET;NOT_USPS_VALIDITY;NO_INVENTORY
47978,EXACT_IMLS_OUTLET_ZIP,IN0025,004,,EXACT_OUTLET;TIE_FSCSKEY_SEQ,EXACT_OUTLET;NOT_USPS_VALIDITY;NO_INVENTORY
47980,ZCTA_NEAREST_ACTIVE_OUTLET,IN0118,002,11.151,ZCTA_NN;R6371;TIE_FIRST_LEX,ZCTA_NN_HAVERSINE;NOT_ELIGIBILITY;NOT_USPS_VALIDITY;NO_INVENTORY
47981,ZCTA_NEAREST_ACTIVE_OUTLET,IN0111,002,7.861,ZCTA_NN;R6371;TIE_FIRST_LEX,ZCTA_NN_HAVERSINE;NOT_ELIGIBILITY;NOT_USPS_VALIDITY;NO_INVENTORY
47982,ZCTA_NEAREST_ACTIVE_OUTLET,IL0129,002,11.535,ZCTA_NN;R6371;TIE_FIRST_LEX,ZCTA_NN_HAVERSINE;NOT_ELIGIBILITY;NOT_USPS_VALIDITY;NO_INVENTORY
47983,ZCTA_NEAREST_ACTIVE_OUTLET,IN0115,009,11.672,ZCTA_NN;R6371;TIE_FIRST_LEX,ZCTA_NN_HAVERSINE;NOT_ELIGIBILITY;NOT_USPS_VALIDITY;NO_INVENTORY
47986,ZCTA_NEAREST_ACTIVE_OUTLET,IN0098,002,3.593,ZCTA_NN;R6371;TIE_FIRST_LEX,ZCTA_NN_HAVERSINE;NOT_ELIGIBILITY;NOT_USPS_VALIDITY;NO_INVENTORY
47987,EXACT_IMLS_OUTLET_ZIP,IN0107,003,,EXACT_OUTLET;TIE_FSCSKEY_SEQ,EXACT_OUTLET;NOT_USPS_VALIDITY;NO_INVENTORY
47989,EXACT_IMLS_OUTLET_ZIP,IN0110,002,,EXACT_OUTLET;TIE_FSCSKEY_SEQ,EXACT_OUTLET;NOT_USPS_VALIDITY;NO_INVENTORY
47990,ZCTA_NEAREST_ACTIVE_OUTLET,IN0109,002,13.656,ZCTA_NN;R6371;TIE_FIRST_LEX,ZCTA_NN_HAVERSINE;NOT_ELIGIBILITY;NOT_USPS_VALIDITY;NO_INVENTORY
47991,EXACT_IMLS_OUTLET_ZIP,IN0116,002,,EXACT_OUTLET;TIE_FSCSKEY_SEQ,EXACT_OUTLET;NOT_USPS_VALIDITY;NO_INVENTORY
47992,ZCTA_NEAREST_ACTIVE_OUTLET,IN0115,009,15.240,ZCTA_NN;R6371;TIE_FIRST_LEX,ZCTA_NN_HAVERSINE;NOT_ELIGIBILITY;NOT_USPS_VALIDITY;NO_INVENTORY
47993,EXACT_IMLS_OUTLET_ZIP,IN0117,002,,EXACT_OUTLET;TIE_FSCSKEY_SEQ,EXACT_OUTLET;NOT_USPS_VALIDITY;NO_INVENTORY
47994,ZCTA_NEAREST_ACTIVE_OUTLET,IN0111,002,15.167,ZCTA_NN;R6371;TIE_FIRST_LEX,ZCTA_NN_HAVERSINE;NOT_ELIGIBILITY;NOT_USPS_VALIDITY;NO_INVENTORY
47995,EXACT_IMLS_OUTLET_ZIP,IN0118,002,,EXACT_OUTLET;TIE_FSCSKEY_SEQ,EXACT_OUTLET;NOT_USPS_VALIDITY;NO_INVENTORY
47996,OBSERVED_REFERENCE_INDIRECT_ONLY,,,,INDIRECT_IMLS_SC;NO_FABRICATED_NEAREST,INDIRECT_IMLS_SC;NO_FABRICATED_NEAREST;NOT_REJECTED;NOT_USPS_VALIDITY;NO_INVENTORY
47997,EXACT_IMLS_OUTLET_ZIP,IN0100,003,,EXACT_OUTLET;TIE_FSCSKEY_SEQ,EXACT_OUTLET;NOT_USPS_VALIDITY;NO_INVENTORY
48001,EXACT_IMLS_OUTLET_ZIP,MI0321,004,,EXACT_OUTLET;TIE_FSCSKEY_SEQ,EXACT_OUTLET;NOT_USPS_VALIDITY;NO_INVENTORY
48002,ZCTA_NEAREST_ACTIVE_OUTLET,MI0321,003,8.737,ZCTA_NN;R6371;TIE_FIRST_LEX,ZCTA_NN_HAVERSINE;NOT_ELIGIBILITY;NOT_USPS_VALIDITY;NO_INVENTORY
48003,EXACT_IMLS_OUTLET_ZIP,MI0149,003,,EXACT_OUTLET;TIE_FSCSKEY_SEQ,EXACT_OUTLET;NOT_USPS_VALIDITY;NO_INVENTORY
48004,OBSERVED_REFERENCE_INDIRECT_ONLY,,,,INDIRECT_IMLS_SC;NO_FABRICATED_NEAREST,INDIRECT_IMLS_SC;NO_FABRICATED_NEAREST;NOT_REJECTED;NOT_USPS_VALIDITY;NO_INVENTORY
48005,EXACT_IMLS_OUTLET_ZIP,MI0013,002,,EXACT_OUTLET;TIE_FSCSKEY_SEQ,EXACT_OUTLET;NOT_USPS_VALIDITY;NO_INVENTORY
48006,ZCTA_NEAREST_ACTIVE_OUTLET,MI0321,011,10.209,ZCTA_NN;R6371;TIE_FIRST_LEX,ZCTA_NN_HAVERSINE;NOT_ELIGIBILITY;NOT_USPS_VALIDITY;NO_INVENTORY
48007,OBSERVED_REFERENCE_INDIRECT_ONLY,,,,INDIRECT_IMLS_SC;NO_FABRICATED_NEAREST,INDIRECT_IMLS_SC;NO_FABRICATED_NEAREST;NOT_REJECTED;NOT_USPS_VALIDITY;NO_INVENTORY
48009,EXACT_IMLS_OUTLET_ZIP,MI0019,002,,EXACT_OUTLET;TIE_FSCSKEY_SEQ,EXACT_OUTLET;NOT_USPS_VALIDITY;NO_INVENTORY
48012,OBSERVED_REFERENCE_INDIRECT_ONLY,,,,INDIRECT_IMLS_SC;NO_FABRICATED_NEAREST,INDIRECT_IMLS_SC;NO_FABRICATED_NEAREST;NOT_REJECTED;NOT_USPS_VALIDITY;NO_INVENTORY
48014,EXACT_IMLS_OUTLET_ZIP,MI0321,003,,EXACT_OUTLET;TIE_FSCSKEY_SEQ,EXACT_OUTLET;NOT_USPS_VALIDITY;NO_INVENTORY
48015,EXACT_IMLS_OUTLET_ZIP,MI0057,002,,EXACT_OUTLET;TIE_FSCSKEY_SEQ,EXACT_OUTLET;NOT_USPS_VALIDITY;NO_INVENTORY
48017,EXACT_IMLS_OUTLET_ZIP,MI0036,002,,EXACT_OUTLET;TIE_FSCSKEY_SEQ,EXACT_OUTLET;NOT_USPS_VALIDITY;NO_INVENTORY
48021,EXACT_IMLS_OUTLET_ZIP,MI0092,002,,EXACT_OUTLET;TIE_FSCSKEY_SEQ,EXACT_OUTLET;NOT_USPS_VALIDITY;NO_INVENTORY
48022,ZCTA_NEAREST_ACTIVE_OUTLET,MI0321,003,10.313,ZCTA_NN;R6371;TIE_FIRST_LEX,ZCTA_NN_HAVERSINE;NOT_ELIGIBILITY;NOT_USPS_VALIDITY;NO_INVENTORY
48023,EXACT_IMLS_OUTLET_ZIP,MI0321,006,,EXACT_OUTLET;TIE_FSCSKEY_SEQ,EXACT_OUTLET;NOT_USPS_VALIDITY;NO_INVENTORY
48025,EXACT_IMLS_OUTLET_ZIP,MI0115,002,,EXACT_OUTLET;TIE_FSCSKEY_SEQ,EXACT_OUTLET;NOT_USPS_VALIDITY;NO_INVENTORY
48026,EXACT_IMLS_OUTLET_ZIP,MI0116,002,,EXACT_OUTLET;TIE_FSCSKEY_SEQ,EXACT_OUTLET;NOT_USPS_VALIDITY;NO_INVENTORY
48027,ZCTA_NEAREST_ACTIVE_OUTLET,MI0321,009,8.218,ZCTA_NN;R6371;TIE_FIRST_LEX,ZCTA_NN_HAVERSINE;NOT_ELIGIBILITY;NOT_USPS_VALIDITY;NO_INVENTORY
48028,ZCTA_NEAREST_ACTIVE_OUTLET,MI0321,004,9.165,ZCTA_NN;R6371;TIE_FIRST_LEX,ZCTA_NN_HAVERSINE;NOT_ELIGIBILITY;NOT_USPS_VALIDITY;NO_INVENTORY
48030,EXACT_IMLS_OUTLET_ZIP,MI0146,002,,EXACT_OUTLET;TIE_FSCSKEY_SEQ,EXACT_OUTLET;NOT_USPS_VALIDITY;NO_INVENTORY
48032,ZCTA_NEAREST_ACTIVE_OUTLET,MI0321,013,8.822,ZCTA_NN;R6371;TIE_FIRST_LEX,ZCTA_NN_HAVERSINE;NOT_ELIGIBILITY;NOT_USPS_VALIDITY;NO_INVENTORY
48033,ZCTA_NEAREST_ACTIVE_OUTLET,MI0316,002,5.018,ZCTA_NN;R6371;TIE_FIRST_LEX,ZCTA_NN_HAVERSINE;NOT_ELIGIBILITY;NOT_USPS_VALIDITY;NO_INVENTORY
48034,ZCTA_NEAREST_ACTIVE_OUTLET,MI0115,002,3.477,ZCTA_NN;R6371;TIE_FIRST_LEX,ZCTA_NN_HAVERSINE;NOT_ELIGIBILITY;NOT_USPS_VALIDITY;NO_INVENTORY
48035,EXACT_IMLS_OUTLET_ZIP,MI0397,004,,EXACT_OUTLET;TIE_FSCSKEY_SEQ,EXACT_OUTLET;NOT_USPS_VALIDITY;NO_INVENTORY
48036,ZCTA_NEAREST_ACTIVE_OUTLET,MI0397,002,1.378,ZCTA_NN;R6371;TIE_FIRST_LEX,ZCTA_NN_HAVERSINE;NOT_ELIGIBILITY;NOT_USPS_VALIDITY;NO_INVENTORY
48037,OBSERVED_REFERENCE_INDIRECT_ONLY,,,,INDIRECT_IMLS_SC;NO_FABRICATED_NEAREST,INDIRECT_IMLS_SC;NO_FABRICATED_NEAREST;NOT_REJECTED;NOT_USPS_VALIDITY;NO_INVENTORY
48038,EXACT_IMLS_OUTLET_ZIP,MI0397,002,,EXACT_OUTLET;TIE_FSCSKEY_SEQ,EXACT_OUTLET;NOT_USPS_VALIDITY;NO_INVENTORY
48039,EXACT_IMLS_OUTLET_ZIP,MI0321,007,,EXACT_OUTLET;TIE_FSCSKEY_SEQ,EXACT_OUTLET;NOT_USPS_VALIDITY;NO_INVENTORY
48040,EXACT_IMLS_OUTLET_ZIP,MI0321,008,,EXACT_OUTLET;TIE_FSCSKEY_SEQ,EXACT_OUTLET;NOT_USPS_VALIDITY;NO_INVENTORY
48041,EXACT_IMLS_OUTLET_ZIP,MI0321,009,,EXACT_OUTLET;TIE_FSCSKEY_SEQ,EXACT_OUTLET;NOT_USPS_VALIDITY;NO_INVENTORY
48042,EXACT_IMLS_OUTLET_ZIP,MI0397,005,,EXACT_OUTLET;TIE_FSCSKEY_SEQ,EXACT_OUTLET;NOT_USPS_VALIDITY;NO_INVENTORY
48043,EXACT_IMLS_OUTLET_ZIP,MI0237,002,,EXACT_OUTLET;TIE_FSCSKEY_SEQ,EXACT_OUTLET;NOT_USPS_VALIDITY;NO_INVENTORY
48044,ZCTA_NEAREST_ACTIVE_OUTLET,MI0397,005,5.119,ZCTA_NN;R6371;TIE_FIRST_LEX,ZCTA_NN_HAVERSINE;NOT_ELIGIBILITY;NOT_USPS_VALIDITY;NO_INVENTORY
48045,EXACT_IMLS_OUTLET_ZIP,MI0435,001,,EXACT_OUTLET;TIE_FSCSKEY_SEQ,EXACT_OUTLET;NOT_USPS_VALIDITY;NO_INVENTORY
48046,OBSERVED_REFERENCE_INDIRECT_ONLY,,,,INDIRECT_IMLS_SC;NO_FABRICATED_NEAREST,INDIRECT_IMLS_SC;NO_FABRICATED_NEAREST;NOT_REJECTED;NOT_USPS_VALIDITY;NO_INVENTORY
48047,EXACT_IMLS_OUTLET_ZIP,MI0242,002,,EXACT_OUTLET;TIE_FSCSKEY_SEQ,EXACT_OUTLET;NOT_USPS_VALIDITY;NO_INVENTORY
48048,EXACT_IMLS_OUTLET_ZIP,MI0196,002,,EXACT_OUTLET;TIE_FSCSKEY_SEQ,EXACT_OUTLET;NOT_USPS_VALIDITY;NO_INVENTORY
48049,ZCTA_NEAREST_ACTIVE_OUTLET,MI0321,005,9.450,ZCTA_NN;R6371;TIE_FIRST_LEX,ZCTA_NN_HAVERSINE;NOT_ELIGIBILITY;NOT_USPS_VALIDITY;NO_INVENTORY
48050,ZCTA_NEAREST_ACTIVE_OUTLET,MI0290,002,3.865,ZCTA_NN;R6371;TIE_FIRST_LEX,ZCTA_NN_HAVERSINE;NOT_ELIGIBILITY;NOT_USPS_VALIDITY;NO_INVENTORY
48051,EXACT_IMLS_OUTLET_ZIP,MI0416,002,,EXACT_OUTLET;TIE_FSCSKEY_SEQ,EXACT_OUTLET;NOT_USPS_VALIDITY;NO_INVENTORY
48054,ZCTA_NEAREST_ACTIVE_OUTLET,MI0321,007,6.389,ZCTA_NN;R6371;TIE_FIRST_LEX,ZCTA_NN_HAVERSINE;NOT_ELIGIBILITY;NOT_USPS_VALIDITY;NO_INVENTORY
48059,EXACT_IMLS_OUTLET_ZIP,MI0321,013,,EXACT_OUTLET;TIE_FSCSKEY_SEQ,EXACT_OUTLET;NOT_USPS_VALIDITY;NO_INVENTORY
48060,EXACT_IMLS_OUTLET_ZIP,MI0321,002,,EXACT_OUTLET;TIE_FSCSKEY_SEQ,EXACT_OUTLET;NOT_USPS_VALIDITY;NO_INVENTORY
48061,OBSERVED_REFERENCE_INDIRECT_ONLY,,,,INDIRECT_IMLS_SC;NO_FABRICATED_NEAREST,INDIRECT_IMLS_SC;NO_FABRICATED_NEAREST;NOT_REJECTED;NOT_USPS_VALIDITY;NO_INVENTORY
48062,EXACT_IMLS_OUTLET_ZIP,MI0290,002,,EXACT_OUTLET;TIE_FSCSKEY_SEQ,EXACT_OUTLET;NOT_USPS_VALIDITY;NO_INVENTORY
48063,ZCTA_NEAREST_ACTIVE_OUTLET,MI0321,009,8.141,ZCTA_NN;R6371;TIE_FIRST_LEX,ZCTA_NN_HAVERSINE;NOT_ELIGIBILITY;NOT_USPS_VALIDITY;NO_INVENTORY
48064,ZCTA_NEAREST_ACTIVE_OUTLET,MI0321,006,7.939,ZCTA_NN;R6371;TIE_FIRST_LEX,ZCTA_NN_HAVERSINE;NOT_ELIGIBILITY;NOT_USPS_VALIDITY;NO_INVENTORY
48065,EXACT_IMLS_OUTLET_ZIP,MI0294,004,,EXACT_OUTLET;TIE_FSCSKEY_SEQ,EXACT_OUTLET;NOT_USPS_VALIDITY;NO_INVENTORY
48066,EXACT_IMLS_OUTLET_ZIP,MI0295,002,,EXACT_OUTLET;TIE_FSCSKEY_SEQ,EXACT_OUTLET;NOT_USPS_VALIDITY;NO_INVENTORY
48067,EXACT_IMLS_OUTLET_ZIP,MI0296,002,,EXACT_OUTLET;TIE_FSCSKEY_SEQ,EXACT_OUTLET;NOT_USPS_VALIDITY;NO_INVENTORY
48068,OBSERVED_REFERENCE_INDIRECT_ONLY,,,,INDIRECT_IMLS_SC;NO_FABRICATED_NEAREST,INDIRECT_IMLS_SC;NO_FABRICATED_NEAREST;NOT_REJECTED;NOT_USPS_VALIDITY;NO_INVENTORY
48069,ZCTA_NEAREST_ACTIVE_OUTLET,MI0108,002,1.571,ZCTA_NN;R6371;TIE_FIRST_LEX,ZCTA_NN_HAVERSINE;NOT_ELIGIBILITY;NOT_USPS_VALIDITY;NO_INVENTORY
48070,EXACT_IMLS_OUTLET_ZIP,MI0163,002,,EXACT_OUTLET;TIE_FSCSKEY_SEQ,EXACT_OUTLET;NOT_USPS_VALIDITY;NO_INVENTORY
48071,EXACT_IMLS_OUTLET_ZIP,MI0210,002,,EXACT_OUTLET;TIE_FSCSKEY_SEQ,EXACT_OUTLET;NOT_USPS_VALIDITY;NO_INVENTORY
48072,EXACT_IMLS_OUTLET_ZIP,MI0030,002,,EXACT_OUTLET;TIE_FSCSKEY_SEQ,EXACT_OUTLET;NOT_USPS_VALIDITY;NO_INVENTORY
48073,ZCTA_NEAREST_ACTIVE_OUTLET,MI0036,002,2.444,ZCTA_NN;R6371;TIE_FIRST_LEX,ZCTA_NN_HAVERSINE;NOT_ELIGIBILITY;NOT_USPS_VALIDITY;NO_INVENTORY
48074,EXACT_IMLS_OUTLET_ZIP,MI0321,005,,EXACT_OUTLET;TIE_FSCSKEY_SEQ,EXACT_OUTLET;NOT_USPS_VALIDITY;NO_INVENTORY
48075,ZCTA_NEAREST_ACTIVE_OUTLET,MI0316,002,2.492,ZCTA_NN;R6371;TIE_FIRST_LEX,ZCTA_NN_HAVERSINE;NOT_ELIGIBILITY;NOT_USPS_VALIDITY;NO_INVENTORY
48076,EXACT_IMLS_OUTLET_ZIP,MI0316,002,,EXACT_OUTLET;TIE_FSCSKEY_SEQ,EXACT_OUTLET;NOT_USPS_VALIDITY;NO_INVENTORY
48079,EXACT_IMLS_OUTLET_ZIP,MI0321,010,,EXACT_OUTLET;TIE_FSCSKEY_SEQ,EXACT_OUTLET;NOT_USPS_VALIDITY;NO_INVENTORY
48080,ZCTA_NEAREST_ACTIVE_OUTLET,MI0134,004,2.610,ZCTA_NN;R6371;TIE_FIRST_LEX,ZCTA_NN_HAVERSINE;NOT_ELIGIBILITY;NOT_USPS_VALIDITY;NO_INVENTORY
48081,EXACT_IMLS_OUTLET_ZIP,MI0322,002,,EXACT_OUTLET;TIE_FSCSKEY_SEQ,EXACT_OUTLET;NOT_USPS_VALIDITY;NO_INVENTORY
48082,ZCTA_NEAREST_ACTIVE_OUTLET,MI0295,002,3.462,ZCTA_NN;R6371;TIE_FIRST_LEX,ZCTA_NN_HAVERSINE;NOT_ELIGIBILITY;NOT_USPS_VALIDITY;NO_INVENTORY
48083,ZCTA_NEAREST_ACTIVE_OUTLET,MI0343,002,3.163,ZCTA_NN;R6371;TIE_FIRST_LEX,ZCTA_NN_HAVERSINE;NOT_ELIGIBILITY;NOT_USPS_VALIDITY;NO_INVENTORY
48084,EXACT_IMLS_OUTLET_ZIP,MI0343,002,,EXACT_OUTLET;TIE_FSCSKEY_SEQ,EXACT_OUTLET;NOT_USPS_VALIDITY;NO_INVENTORY
48085,ZCTA_NEAREST_ACTIVE_OUTLET,MI0343,002,5.338,ZCTA_NN;R6371;TIE_FIRST_LEX,ZCTA_NN_HAVERSINE;NOT_ELIGIBILITY;NOT_USPS_VALIDITY;NO_INVENTORY
48086,OBSERVED_REFERENCE_INDIRECT_ONLY,,,,INDIRECT_IMLS_SC;NO_FABRICATED_NEAREST,INDIRECT_IMLS_SC;NO_FABRICATED_NEAREST;NOT_REJECTED;NOT_USPS_VALIDITY;NO_INVENTORY
48088,ZCTA_NEAREST_ACTIVE_OUTLET,MI0116,002,3.417,ZCTA_NN;R6371;TIE_FIRST_LEX,ZCTA_NN_HAVERSINE;NOT_ELIGIBILITY;NOT_USPS_VALIDITY;NO_INVENTORY
48089,EXACT_IMLS_OUTLET_ZIP,MI0356,006,,EXACT_OUTLET;TIE_FSCSKEY_SEQ,EXACT_OUTLET;NOT_USPS_VALIDITY;NO_INVENTORY
48090,OBSERVED_REFERENCE_INDIRECT_ONLY,,,,INDIRECT_IMLS_SC;NO_FABRICATED_NEAREST,INDIRECT_IMLS_SC;NO_FABRICATED_NEAREST;NOT_REJECTED;NOT_USPS_VALIDITY;NO_INVENTORY
48091,EXACT_IMLS_OUTLET_ZIP,MI0356,004,,EXACT_OUTLET;TIE_FSCSKEY_SEQ,EXACT_OUTLET;NOT_USPS_VALIDITY;NO_INVENTORY
48092,EXACT_IMLS_OUTLET_ZIP,MI0356,003,,EXACT_OUTLET;TIE_FSCSKEY_SEQ,EXACT_OUTLET;NOT_USPS_VALIDITY;NO_INVENTORY
48093,EXACT_IMLS_OUTLET_ZIP,MI0356,009,,EXACT_OUTLET;TIE_FSCSKEY_SEQ,EXACT_OUTLET;NOT_USPS_VALIDITY;NO_INVENTORY
48094,ZCTA_NEAREST_ACTIVE_OUTLET,MI0294,002,5.533,ZCTA_NN;R6371;TIE_FIRST_LEX,ZCTA_NN_HAVERSINE;NOT_ELIGIBILITY;NOT_USPS_VALIDITY;NO_INVENTORY
48095,EXACT_IMLS_OUTLET_ZIP,MI0294,002,,EXACT_OUTLET;TIE_FSCSKEY_SEQ,EXACT_OUTLET;NOT_USPS_VALIDITY;NO_INVENTORY
48096,EXACT_IMLS_OUTLET_ZIP,MI0427,001,,EXACT_OUTLET;TIE_FSCSKEY_SEQ,EXACT_OUTLET;NOT_USPS_VALIDITY;NO_INVENTORY
48097,EXACT_IMLS_OUTLET_ZIP,MI0321,011,,EXACT_OUTLET;TIE_FSCSKEY_SEQ,EXACT_OUTLET;NOT_USPS_VALIDITY;NO_INVENTORY
48098,ZCTA_NEAREST_ACTIVE_OUTLET,MI0343,002,4.492,ZCTA_NN;R6371;TIE_FIRST_LEX,ZCTA_NN_HAVERSINE;NOT_ELIGIBILITY;NOT_USPS_VALIDITY;NO_INVENTORY
48099,OBSERVED_REFERENCE_INDIRECT_ONLY,,,,INDIRECT_IMLS_SC;NO_FABRICATED_NEAREST,INDIRECT_IMLS_SC;NO_FABRICATED_NEAREST;NOT_REJECTED;NOT_USPS_VALIDITY;NO_INVENTORY
48101,EXACT_IMLS_OUTLET_ZIP,MI9017,001,,EXACT_OUTLET;TIE_FSCSKEY_SEQ,EXACT_OUTLET;NOT_USPS_VALIDITY;NO_INVENTORY
48103,EXACT_IMLS_OUTLET_ZIP,MI0012,003,,EXACT_OUTLET;TIE_FSCSKEY_SEQ,EXACT_OUTLET;NOT_USPS_VALIDITY;NO_INVENTORY
48104,EXACT_IMLS_OUTLET_ZIP,MI0012,002,,EXACT_OUTLET;TIE_FSCSKEY_SEQ,EXACT_OUTLET;NOT_USPS_VALIDITY;NO_INVENTORY
48105,EXACT_IMLS_OUTLET_ZIP,MI0012,008,,EXACT_OUTLET;TIE_FSCSKEY_SEQ,EXACT_OUTLET;NOT_USPS_VALIDITY;NO_INVENTORY
48106,OBSERVED_REFERENCE_INDIRECT_ONLY,,,,INDIRECT_IMLS_SC;NO_FABRICATED_NEAREST,INDIRECT_IMLS_SC;NO_FABRICATED_NEAREST;NOT_REJECTED;NOT_USPS_VALIDITY;NO_INVENTORY
48107,OBSERVED_REFERENCE_INDIRECT_ONLY,,,,INDIRECT_IMLS_SC;NO_FABRICATED_NEAREST,INDIRECT_IMLS_SC;NO_FABRICATED_NEAREST;NOT_REJECTED;NOT_USPS_VALIDITY;NO_INVENTORY
48108,EXACT_IMLS_OUTLET_ZIP,MI0012,007,,EXACT_OUTLET;TIE_FSCSKEY_SEQ,EXACT_OUTLET;NOT_USPS_VALIDITY;NO_INVENTORY
48109,ZCTA_NEAREST_ACTIVE_OUTLET,MI0012,008,1.917,ZCTA_NN;R6371;TIE_FIRST_LEX,ZCTA_NN_HAVERSINE;NOT_ELIGIBILITY;NOT_USPS_VALIDITY;NO_INVENTORY
48111,EXACT_IMLS_OUTLET_ZIP,MI0430,001,,EXACT_OUTLET;TIE_FSCSKEY_SEQ,EXACT_OUTLET;NOT_USPS_VALIDITY;NO_INVENTORY
48112,OBSERVED_REFERENCE_INDIRECT_ONLY,,,,INDIRECT_IMLS_SC;NO_FABRICATED_NEAREST,INDIRECT_IMLS_SC;NO_FABRICATED_NEAREST;NOT_REJECTED;NOT_USPS_VALIDITY;NO_INVENTORY
48113,OBSERVED_REFERENCE_INDIRECT_ONLY,,,,INDIRECT_IMLS_SC;NO_FABRICATED_NEAREST,INDIRECT_IMLS_SC;NO_FABRICATED_NEAREST;NOT_REJECTED;NOT_USPS_VALIDITY;NO_INVENTORY
48114,ZCTA_NEAREST_ACTIVE_OUTLET,MI0043,002,4.079,ZCTA_NN;R6371;TIE_FIRST_LEX,ZCTA_NN_HAVERSINE;NOT_ELIGIBILITY;NOT_USPS_VALIDITY;NO_INVENTORY
48115,OBSERVED_REFERENCE_INDIRECT_ONLY,,,,INDIRECT_IMLS_SC;NO_FABRICATED_NEAREST,INDIRECT_IMLS_SC;NO_FABRICATED_NEAREST;NOT_REJECTED;NOT_USPS_VALIDITY;NO_INVENTORY
48116,EXACT_IMLS_OUTLET_ZIP,MI0043,002,,EXACT_OUTLET;TIE_FSCSKEY_SEQ,EXACT_OUTLET;NOT_USPS_VALIDITY;NO_INVENTORY
48117,EXACT_IMLS_OUTLET_ZIP,MI0233,005,,EXACT_OUTLET;TIE_FSCSKEY_SEQ,EXACT_OUTLET;NOT_USPS_VALIDITY;NO_INVENTORY
48118,EXACT_IMLS_OUTLET_ZIP,MI0223,002,,EXACT_OUTLET;TIE_FSCSKEY_SEQ,EXACT_OUTLET;NOT_USPS_VALIDITY;NO_INVENTORY
48120,ZCTA_NEAREST_ACTIVE_OUTLET,MI0083,036,2.610,ZCTA_NN;R6371;TIE_FIRST_LEX,ZCTA_NN_HAVERSINE;NOT_ELIGIBILITY;NOT_USPS_VALIDITY;NO_INVENTORY
48121,OBSERVED_REFERENCE_INDIRECT_ONLY,,,,INDIRECT_IMLS_SC;NO_FABRICATED_NEAREST,INDIRECT_IMLS_SC;NO_FABRICATED_NEAREST;NOT_REJECTED;NOT_USPS_VALIDITY;NO_INVENTORY
48122,EXACT_IMLS_OUTLET_ZIP,MI9018,001,,EXACT_OUTLET;TIE_FSCSKEY_SEQ,EXACT_OUTLET;NOT_USPS_VALIDITY;NO_INVENTORY
48124,EXACT_IMLS_OUTLET_ZIP,MI0078,006,,EXACT_OUTLET;TIE_FSCSKEY_SEQ,EXACT_OUTLET;NOT_USPS_VALIDITY;NO_INVENTORY
48125,EXACT_IMLS_OUTLET_ZIP,MI0425,001,,EXACT_OUTLET;TIE_FSCSKEY_SEQ,EXACT_OUTLET;NOT_USPS_VALIDITY;NO_INVENTORY
48126,EXACT_IMLS_OUTLET_ZIP,MI0078,002,,EXACT_OUTLET;TIE_FSCSKEY_SEQ,EXACT_OUTLET;NOT_USPS_VALIDITY;NO_INVENTORY
48127,EXACT_IMLS_OUTLET_ZIP,MI0425,002,,EXACT_OUTLET;TIE_FSCSKEY_SEQ,EXACT_OUTLET;NOT_USPS_VALIDITY;NO_INVENTORY
48128,ZCTA_NEAREST_ACTIVE_OUTLET,MI0425,002,1.964,ZCTA_NN;R6371;TIE_FIRST_LEX,ZCTA_NN_HAVERSINE;NOT_ELIGIBILITY;NOT_USPS_VALIDITY;NO_INVENTORY
48130,EXACT_IMLS_OUTLET_ZIP,MI0084,002,,EXACT_OUTLET;TIE_FSCSKEY_SEQ,EXACT_OUTLET;NOT_USPS_VALIDITY;NO_INVENTORY
48131,EXACT_IMLS_OUTLET_ZIP,MI0233,007,,EXACT_OUTLET;TIE_FSCSKEY_SEQ,EXACT_OUTLET;NOT_USPS_VALIDITY;NO_INVENTORY
48133,EXACT_IMLS_OUTLET_ZIP,MI0233,008,,EXACT_OUTLET;TIE_FSCSKEY_SEQ,EXACT_OUTLET;NOT_USPS_VALIDITY;NO_INVENTORY
48134,EXACT_IMLS_OUTLET_ZIP,MI0421,002,,EXACT_OUTLET;TIE_FSCSKEY_SEQ,EXACT_OUTLET;NOT_USPS_VALIDITY;NO_INVENTORY
48135,EXACT_IMLS_OUTLET_ZIP,MI0121,002,,EXACT_OUTLET;TIE_FSCSKEY_SEQ,EXACT_OUTLET;NOT_USPS_VALIDITY;NO_INVENTORY
48136,OBSERVED_REFERENCE_INDIRECT_ONLY,,,,INDIRECT_IMLS_SC;NO_FABRICATED_NEAREST,INDIRECT_IMLS_SC;NO_FABRICATED_NEAREST;NOT_REJECTED;NOT_USPS_VALIDITY;NO_INVENTORY
48137,ZCTA_NEAREST_ACTIVE_OUTLET,MI0424,010,9.074,ZCTA_NN;R6371;TIE_FIRST_LEX,ZCTA_NN_HAVERSINE;NOT_ELIGIBILITY;NOT_USPS_VALIDITY;NO_INVENTORY
48138,ZCTA_NEAREST_ACTIVE_OUTLET,MI9020,001,4.364,ZCTA_NN;R6371;TIE_FIRST_LEX,ZCTA_NN_HAVERSINE;NOT_ELIGIBILITY;NOT_USPS_VALIDITY;NO_INVENTORY
48139,EXACT_IMLS_OUTLET_ZIP,MI0137,002,,EXACT_OUTLET;TIE_FSCSKEY_SEQ,EXACT_OUTLET;NOT_USPS_VALIDITY;NO_INVENTORY
48140,EXACT_IMLS_OUTLET_ZIP,MI0233,010,,EXACT_OUTLET;TIE_FSCSKEY_SEQ,EXACT_OUTLET;NOT_USPS_VALIDITY;NO_INVENTORY
48141,EXACT_IMLS_OUTLET_ZIP,MI0431,001,,EXACT_OUTLET;TIE_FSCSKEY_SEQ,EXACT_OUTLET;NOT_USPS_VALIDITY;NO_INVENTORY
48143,ZCTA_NEAREST_ACTIVE_OUTLET,MI0137,002,2.635,ZCTA_NN;R6371;TIE_FIRST_LEX,ZCTA_NN_HAVERSINE;NOT_ELIGIBILITY;NOT_USPS_VALIDITY;NO_INVENTORY
48144,ZCTA_NEAREST_ACTIVE_OUTLET,MI0233,003,4.005,ZCTA_NN;R6371;TIE_FIRST_LEX,ZCTA_NN_HAVERSINE;NOT_ELIGIBILITY;NOT_USPS_VALIDITY;NO_INVENTORY
48145,ZCTA_NEAREST_ACTIVE_OUTLET,MI0233,014,3.982,ZCTA_NN;R6371;TIE_FIRST_LEX,ZCTA_NN_HAVERSINE;NOT_ELIGIBILITY;NOT_USPS_VALIDITY;NO_INVENTORY
48146,EXACT_IMLS_OUTLET_ZIP,MI9025,002,,EXACT_OUTLET;TIE_FSCSKEY_SEQ,EXACT_OUTLET;NOT_USPS_VALIDITY;NO_INVENTORY
48150,ZCTA_NEAREST_ACTIVE_OUTLET,MI0200,005,2.740,ZCTA_NN;R6371;TIE_FIRST_LEX,ZCTA_NN_HAVERSINE;NOT_ELIGIBILITY;NOT_USPS_VALIDITY;NO_INVENTORY
48151,OBSERVED_REFERENCE_INDIRECT_ONLY,,,,INDIRECT_IMLS_SC;NO_FABRICATED_NEAREST,INDIRECT_IMLS_SC;NO_FABRICATED_NEAREST;NOT_REJECTED;NOT_USPS_VALIDITY;NO_INVENTORY
48152,EXACT_IMLS_OUTLET_ZIP,MI0200,004,,EXACT_OUTLET;TIE_FSCSKEY_SEQ,EXACT_OUTLET;NOT_USPS_VALIDITY;NO_INVENTORY
48153,OBSERVED_REFERENCE_INDIRECT_ONLY,,,,INDIRECT_IMLS_SC;NO_FABRICATED_NEAREST,INDIRECT_IMLS_SC;NO_FABRICATED_NEAREST;NOT_REJECTED;NOT_USPS_VALIDITY;NO_INVENTORY
48154,EXACT_IMLS_OUTLET_ZIP,MI0200,002,,EXACT_OUTLET;TIE_FSCSKEY_SEQ,EXACT_OUTLET;NOT_USPS_VALIDITY;NO_INVENTORY
48157,EXACT_IMLS_OUTLET_ZIP,MI0233,014,,EXACT_OUTLET;TIE_FSCSKEY_SEQ,EXACT_OUTLET;NOT_USPS_VALIDITY;NO_INVENTORY
48158,EXACT_IMLS_OUTLET_ZIP,MI0212,003,,EXACT_OUTLET;TIE_FSCSKEY_SEQ,EXACT_OUTLET;NOT_USPS_VALIDITY;NO_INVENTORY
48159,EXACT_IMLS_OUTLET_ZIP,MI0233,012,,EXACT_OUTLET;TIE_FSCSKEY_SEQ,EXACT_OUTLET;NOT_USPS_VALIDITY;NO_INVENTORY
48160,EXACT_IMLS_OUTLET_ZIP,MI0228,002,,EXACT_OUTLET;TIE_FSCSKEY_SEQ,EXACT_OUTLET;NOT_USPS_VALIDITY;NO_INVENTORY
48161,EXACT_IMLS_OUTLET_ZIP,MI0233,006,,EXACT_OUTLET;TIE_FSCSKEY_SEQ,EXACT_OUTLET;NOT_USPS_VALIDITY;NO_INVENTORY
48162,EXACT_IMLS_OUTLET_ZIP,MI0233,009,,EXACT_OUTLET;TIE_FSCSKEY_SEQ,EXACT_OUTLET;NOT_USPS_VALIDITY;NO_INVENTORY
48164,ZCTA_NEAREST_ACTIVE_OUTLET,MI0430,002,6.947,ZCTA_NN;R6371;TIE_FIRST_LEX,ZCTA_NN_HAVERSINE;NOT_ELIGIBILITY;NOT_USPS_VALIDITY;NO_INVENTORY
48165,ZCTA_NEAREST_ACTIVE_OUTLET,MI0204,002,1.383,ZCTA_NN;R6371;TIE_FIRST_LEX,ZCTA_NN_HAVERSINE;NOT_ELIGIBILITY;NOT_USPS_VALIDITY;NO_INVENTORY
48166,EXACT_IMLS_OUTLET_ZIP,MI0233,020,,EXACT_OUTLET;TIE_FSCSKEY_SEQ,EXACT_OUTLET;NOT_USPS_VALIDITY;NO_INVENTORY
48167,EXACT_IMLS_OUTLET_ZIP,MI0248,002,,EXACT_OUTLET;TIE_FSCSKEY_SEQ,EXACT_OUTLET;NOT_USPS_VALIDITY;NO_INVENTORY
48168,ZCTA_NEAREST_ACTIVE_OUTLET,MI0248,002,5.288,ZCTA_NN;R6371;TIE_FIRST_LEX,ZCTA_NN_HAVERSINE;NOT_ELIGIBILITY;NOT_USPS_VALIDITY;NO_INVENTORY
48169,EXACT_IMLS_OUTLET_ZIP,MI0271,002,,EXACT_OUTLET;TIE_FSCSKEY_SEQ,EXACT_OUTLET;NOT_USPS_VALIDITY;NO_INVENTORY
48170,EXACT_IMLS_OUTLET_ZIP,MI0273,002,,EXACT_OUTLET;TIE_FSCSKEY_SEQ,EXACT_OUTLET;NOT_USPS_VALIDITY;NO_INVENTORY
48173,ZCTA_NEAREST_ACTIVE_OUTLET,MI0233,016,5.037,ZCTA_NN;R6371;TIE_FIRST_LEX,ZCTA_NN_HAVERSINE;NOT_ELIGIBILITY;NOT_USPS_VALIDITY;NO_INVENTORY
48174,EXACT_IMLS_OUTLET_ZIP,MI0433,001,,EXACT_OUTLET;TIE_FSCSKEY_SEQ,EXACT_OUTLET;NOT_USPS_VALIDITY;NO_INVENTORY
48175,OBSERVED_REFERENCE_INDIRECT_ONLY,,,,INDIRECT_IMLS_SC;NO_FABRICATED_NEAREST,INDIRECT_IMLS_SC;NO_FABRICATED_NEAREST;NOT_REJECTED;NOT_USPS_VALIDITY;NO_INVENTORY
48176,EXACT_IMLS_OUTLET_ZIP,MI0300,002,,EXACT_OUTLET;TIE_FSCSKEY_SEQ,EXACT_OUTLET;NOT_USPS_VALIDITY;NO_INVENTORY
48177,ZCTA_NEAREST_ACTIVE_OUTLET,MI0233,003,3.790,ZCTA_NN;R6371;TIE_FIRST_LEX,ZCTA_NN_HAVERSINE;NOT_ELIGIBILITY;NOT_USPS_VALIDITY;NO_INVENTORY
48178,EXACT_IMLS_OUTLET_ZIP,MI0204,002,,EXACT_OUTLET;TIE_FSCSKEY_SEQ,EXACT_OUTLET;NOT_USPS_VALIDITY;NO_INVENTORY
48179,EXACT_IMLS_OUTLET_ZIP,MI0233,016,,EXACT_OUTLET;TIE_FSCSKEY_SEQ,EXACT_OUTLET;NOT_USPS_VALIDITY;NO_INVENTORY
48180,EXACT_IMLS_OUTLET_ZIP,MI9024,002,,EXACT_OUTLET;TIE_FSCSKEY_SEQ,EXACT_OUTLET;NOT_USPS_VALIDITY;NO_INVENTORY
48182,EXACT_IMLS_OUTLET_ZIP,MI0233,003,,EXACT_OUTLET;TIE_FSCSKEY_SEQ,EXACT_OUTLET;NOT_USPS_VALIDITY;NO_INVENTORY
48183,EXACT_IMLS_OUTLET_ZIP,MI9020,001,,EXACT_OUTLET;TIE_FSCSKEY_SEQ,EXACT_OUTLET;NOT_USPS_VALIDITY;NO_INVENTORY
48184,EXACT_IMLS_OUTLET_ZIP,MI0403,002,,EXACT_OUTLET;TIE_FSCSKEY_SEQ,EXACT_OUTLET;NOT_USPS_VALIDITY;NO_INVENTORY
48185,EXACT_IMLS_OUTLET_ZIP,MI0415,002,,EXACT_OUTLET;TIE_FSCSKEY_SEQ,EXACT_OUTLET;NOT_USPS_VALIDITY;NO_INVENTORY
48186,ZCTA_NEAREST_ACTIVE_OUTLET,MI0403,002,1.762,ZCTA_NN;R6371;TIE_FIRST_LEX,ZCTA_NN_HAVERSINE;NOT_ELIGIBILITY;NOT_USPS_VALIDITY;NO_INVENTORY
48187,ZCTA_NEAREST_ACTIVE_OUTLET,MI0052,002,3.232,ZCTA_NN;R6371;TIE_FIRST_LEX,ZCTA_NN_HAVERSINE;NOT_ELIGIBILITY;NOT_USPS_VALIDITY;NO_INVENTORY
48188,EXACT_IMLS_OUTLET_ZIP,MI0052,002,,EXACT_OUTLET;TIE_FSCSKEY_SEQ,EXACT_OUTLET;NOT_USPS_VALIDITY;NO_INVENTORY
48189,EXACT_IMLS_OUTLET_ZIP,MI0379,002,,EXACT_OUTLET;TIE_FSCSKEY_SEQ,EXACT_OUTLET;NOT_USPS_VALIDITY;NO_INVENTORY
48190,ZCTA_NEAREST_ACTIVE_OUTLET,MI0377,002,8.493,ZCTA_NN;R6371;TIE_FIRST_LEX,ZCTA_NN_HAVERSINE;NOT_ELIGIBILITY;NOT_USPS_VALIDITY;NO_INVENTORY
48191,ZCTA_NEAREST_ACTIVE_OUTLET,MI0430,002,7.045,ZCTA_NN;R6371;TIE_FIRST_LEX,ZCTA_NN_HAVERSINE;NOT_ELIGIBILITY;NOT_USPS_VALIDITY;NO_INVENTORY
48192,EXACT_IMLS_OUTLET_ZIP,MI0017,002,,EXACT_OUTLET;TIE_FSCSKEY_SEQ,EXACT_OUTLET;NOT_USPS_VALIDITY;NO_INVENTORY
48193,EXACT_IMLS_OUTLET_ZIP,MI0292,002,,EXACT_OUTLET;TIE_FSCSKEY_SEQ,EXACT_OUTLET;NOT_USPS_VALIDITY;NO_INVENTORY
48195,EXACT_IMLS_OUTLET_ZIP,MI0434,001,,EXACT_OUTLET;TIE_FSCSKEY_SEQ,EXACT_OUTLET;NOT_USPS_VALIDITY;NO_INVENTORY
48197,EXACT_IMLS_OUTLET_ZIP,MI0377,002,,EXACT_OUTLET;TIE_FSCSKEY_SEQ,EXACT_OUTLET;NOT_USPS_VALIDITY;NO_INVENTORY
48198,EXACT_IMLS_OUTLET_ZIP,MI0377,010,,EXACT_OUTLET;TIE_FSCSKEY_SEQ,EXACT_OUTLET;NOT_USPS_VALIDITY;NO_INVENTORY
48201,ZCTA_NEAREST_ACTIVE_OUTLET,MI0083,009,1.294,ZCTA_NN;R6371;TIE_FIRST_LEX,ZCTA_NN_HAVERSINE;NOT_ELIGIBILITY;NOT_USPS_VALIDITY;NO_INVENTORY
48202,EXACT_IMLS_OUTLET_ZIP,MI0083,002,,EXACT_OUTLET;TIE_FSCSKEY_SEQ,EXACT_OUTLET;NOT_USPS_VALIDITY;NO_INVENTORY
48203,EXACT_IMLS_OUTLET_ZIP,MI0083,021,,EXACT_OUTLET;TIE_FSCSKEY_SEQ,EXACT_OUTLET;NOT_USPS_VALIDITY;NO_INVENTORY
48204,ZCTA_NEAREST_ACTIVE_OUTLET,MI0078,004,3.301,ZCTA_NN;R6371;TIE_FIRST_LEX,ZCTA_NN_HAVERSINE;NOT_ELIGIBILITY;NOT_USPS_VALIDITY;NO_INVENTORY
48205,EXACT_IMLS_OUTLET_ZIP,MI0083,015,,EXACT_OUTLET;TIE_FSCSKEY_SEQ,EXACT_OUTLET;NOT_USPS_VALIDITY;NO_INVENTORY
48206,ZCTA_NEAREST_ACTIVE_OUTLET,MI0083,012,1.812,ZCTA_NN;R6371;TIE_FIRST_LEX,ZCTA_NN_HAVERSINE;NOT_ELIGIBILITY;NOT_USPS_VALIDITY;NO_INVENTORY
48207,EXACT_IMLS_OUTLET_ZIP,MI0083,014,,EXACT_OUTLET;TIE_FSCSKEY_SEQ,EXACT_OUTLET;NOT_USPS_VALIDITY;NO_INVENTORY
48208,EXACT_IMLS_OUTLET_ZIP,MI0083,009,,EXACT_OUTLET;TIE_FSCSKEY_SEQ,EXACT_OUTLET;NOT_USPS_VALIDITY;NO_INVENTORY
48209,EXACT_IMLS_OUTLET_ZIP,MI0083,036,,EXACT_OUTLET;TIE_FSCSKEY_SEQ,EXACT_OUTLET;NOT_USPS_VALIDITY;NO_INVENTORY
48210,ZCTA_NEAREST_ACTIVE_OUTLET,MI0083,036,3.067,ZCTA_NN;R6371;TIE_FIRST_LEX,ZCTA_NN_HAVERSINE;NOT_ELIGIBILITY;NOT_USPS_VALIDITY;NO_INVENTORY
48211,ZCTA_NEAREST_ACTIVE_OUTLET,MI0138,002,2.341,ZCTA_NN;R6371;TIE_FIRST_LEX,ZCTA_NN_HAVERSINE;NOT_ELIGIBILITY;NOT_USPS_VALIDITY;NO_INVENTORY
48212,EXACT_IMLS_OUTLET_ZIP,MI0083,020,,EXACT_OUTLET;TIE_FSCSKEY_SEQ,EXACT_OUTLET;NOT_USPS_VALIDITY;NO_INVENTORY
48213,EXACT_IMLS_OUTLET_ZIP,MI0083,005,,EXACT_OUTLET;TIE_FSCSKEY_SEQ,EXACT_OUTLET;NOT_USPS_VALIDITY;NO_INVENTORY
48214,ZCTA_NEAREST_ACTIVE_OUTLET,MI0083,014,4.081,ZCTA_NN;R6371;TIE_FIRST_LEX,ZCTA_NN_HAVERSINE;NOT_ELIGIBILITY;NOT_USPS_VALIDITY;NO_INVENTORY
48215,ZCTA_NEAREST_ACTIVE_OUTLET,MI0134,003,1.435,ZCTA_NN;R6371;TIE_FIRST_LEX,ZCTA_NN_HAVERSINE;NOT_ELIGIBILITY;NOT_USPS_VALIDITY;NO_INVENTORY
48216,EXACT_IMLS_OUTLET_ZIP,MI0083,003,,EXACT_OUTLET;TIE_FSCSKEY_SEQ,EXACT_OUTLET;NOT_USPS_VALIDITY;NO_INVENTORY
48217,ZCTA_NEAREST_ACTIVE_OUTLET,MI9019,001,1.867,ZCTA_NN;R6371;TIE_FIRST_LEX,ZCTA_NN_HAVERSINE;NOT_ELIGIBILITY;NOT_USPS_VALIDITY;NO_INVENTORY
48218,EXACT_IMLS_OUTLET_ZIP,MI9019,001,,EXACT_OUTLET;TIE_FSCSKEY_SEQ,EXACT_OUTLET;NOT_USPS_VALIDITY;NO_INVENTORY
48219,EXACT_IMLS_OUTLET_ZIP,MI0083,033,,EXACT_OUTLET;TIE_FSCSKEY_SEQ,EXACT_OUTLET;NOT_USPS_VALIDITY;NO_INVENTORY
48220,EXACT_IMLS_OUTLET_ZIP,MI0108,002,,EXACT_OUTLET;TIE_FSCSKEY_SEQ,EXACT_OUTLET;NOT_USPS_VALIDITY;NO_INVENTORY
48221,EXACT_IMLS_OUTLET_ZIP,MI0083,029,,EXACT_OUTLET;TIE_FSCSKEY_SEQ,EXACT_OUTLET;NOT_USPS_VALIDITY;NO_INVENTORY
48223,ZCTA_NEAREST_ACTIVE_OUTLET,MI0083,033,2.270,ZCTA_NN;R6371;TIE_FIRST_LEX,ZCTA_NN_HAVERSINE;NOT_ELIGIBILITY;NOT_USPS_VALIDITY;NO_INVENTORY
48224,EXACT_IMLS_OUTLET_ZIP,MI0083,019,,EXACT_OUTLET;TIE_FSCSKEY_SEQ,EXACT_OUTLET;NOT_USPS_VALIDITY;NO_INVENTORY
48225,EXACT_IMLS_OUTLET_ZIP,MI0141,002,,EXACT_OUTLET;TIE_FSCSKEY_SEQ,EXACT_OUTLET;NOT_USPS_VALIDITY;NO_INVENTORY
48226,ZCTA_NEAREST_ACTIVE_OUTLET,MI0083,009,2.347,ZCTA_NN;R6371;TIE_FIRST_LEX,ZCTA_NN_HAVERSINE;NOT_ELIGIBILITY;NOT_USPS_VALIDITY;NO_INVENTORY
48227,EXACT_IMLS_OUTLET_ZIP,MI0083,006,,EXACT_OUTLET;TIE_FSCSKEY_SEQ,EXACT_OUTLET;NOT_USPS_VALIDITY;NO_INVENTORY
48228,EXACT_IMLS_OUTLET_ZIP,MI0083,013,,EXACT_OUTLET;TIE_FSCSKEY_SEQ,EXACT_OUTLET;NOT_USPS_VALIDITY;NO_INVENTORY
48229,EXACT_IMLS_OUTLET_ZIP,MI9021,001,,EXACT_OUTLET;TIE_FSCSKEY_SEQ,EXACT_OUTLET;NOT_USPS_VALIDITY;NO_INVENTORY
48230,EXACT_IMLS_OUTLET_ZIP,MI0134,003,,EXACT_OUTLET;TIE_FSCSKEY_SEQ,EXACT_OUTLET;NOT_USPS_VALIDITY;NO_INVENTORY
48232,OBSERVED_REFERENCE_INDIRECT_ONLY,,,,INDIRECT_IMLS_SC;NO_FABRICATED_NEAREST,INDIRECT_IMLS_SC;NO_FABRICATED_NEAREST;NOT_REJECTED;NOT_USPS_VALIDITY;NO_INVENTORY
48233,ZCTA_NEAREST_ACTIVE_OUTLET,MI0083,003,2.124,ZCTA_NN;R6371;TIE_FIRST_LEX,ZCTA_NN_HAVERSINE;NOT_ELIGIBILITY;NOT_USPS_VALIDITY;NO_INVENTORY
48234,EXACT_IMLS_OUTLET_ZIP,MI0083,030,,EXACT_OUTLET;TIE_FSCSKEY_SEQ,EXACT_OUTLET;NOT_USPS_VALIDITY;NO_INVENTORY
48235,EXACT_IMLS_OUTLET_ZIP,MI0083,007,,EXACT_OUTLET;TIE_FSCSKEY_SEQ,EXACT_OUTLET;NOT_USPS_VALIDITY;NO_INVENTORY
48236,EXACT_IMLS_OUTLET_ZIP,MI0134,002,,EXACT_OUTLET;TIE_FSCSKEY_SEQ,EXACT_OUTLET;NOT_USPS_VALIDITY;NO_INVENTORY
48237,EXACT_IMLS_OUTLET_ZIP,MI0251,002,,EXACT_OUTLET;TIE_FSCSKEY_SEQ,EXACT_OUTLET;NOT_USPS_VALIDITY;NO_INVENTORY
48238,EXACT_IMLS_OUTLET_ZIP,MI0083,026,,EXACT_OUTLET;TIE_FSCSKEY_SEQ,EXACT_OUTLET;NOT_USPS_VALIDITY;NO_INVENTORY
48239,ZCTA_NEAREST_ACTIVE_OUTLET,MI0402,002,4.240,ZCTA_NN;R6371;TIE_FIRST_LEX,ZCTA_NN_HAVERSINE;NOT_ELIGIBILITY;NOT_USPS_VALIDITY;NO_INVENTORY
48240,EXACT_IMLS_OUTLET_ZIP,MI0402,002,,EXACT_OUTLET;TIE_FSCSKEY_SEQ,EXACT_OUTLET;NOT_USPS_VALIDITY;NO_INVENTORY
48242,ZCTA_NEAREST_ACTIVE_OUTLET,MI0433,001,2.568,ZCTA_NN;R6371;TIE_FIRST_LEX,ZCTA_NN_HAVERSINE;NOT_ELIGIBILITY;NOT_USPS_VALIDITY;NO_INVENTORY
48243,ZCTA_NEAREST_ACTIVE_OUTLET,MI0083,014,1.707,ZCTA_NN;R6371;TIE_FIRST_LEX,ZCTA_NN_HAVERSINE;NOT_ELIGIBILITY;NOT_USPS_VALIDITY;NO_INVENTORY
48265,OBSERVED_REFERENCE_INDIRECT_ONLY,,,,INDIRECT_IMLS_SC;NO_FABRICATED_NEAREST,INDIRECT_IMLS_SC;NO_FABRICATED_NEAREST;NOT_REJECTED;NOT_USPS_VALIDITY;NO_INVENTORY
48272,EXACT_IMLS_OUTLET_ZIP,MI0190,003,,EXACT_OUTLET;TIE_FSCSKEY_SEQ,EXACT_OUTLET;NOT_USPS_VALIDITY;NO_INVENTORY
48301,ZCTA_NEAREST_ACTIVE_OUTLET,MI0115,002,2.564,ZCTA_NN;R6371;TIE_FIRST_LEX,ZCTA_NN_HAVERSINE;NOT_ELIGIBILITY;NOT_USPS_VALIDITY;NO_INVENTORY
48302,EXACT_IMLS_OUTLET_ZIP,MI0037,002,,EXACT_OUTLET;TIE_FSCSKEY_SEQ,EXACT_OUTLET;NOT_USPS_VALIDITY;NO_INVENTORY
48303,OBSERVED_REFERENCE_INDIRECT_ONLY,,,,INDIRECT_IMLS_SC;NO_FABRICATED_NEAREST,INDIRECT_IMLS_SC;NO_FABRICATED_NEAREST;NOT_REJECTED;NOT_USPS_VALIDITY;NO_INVENTORY
48304,ZCTA_NEAREST_ACTIVE_OUTLET,MI0037,002,4.728,ZCTA_NN;R6371;TIE_FIRST_LEX,ZCTA_NN_HAVERSINE;NOT_ELIGIBILITY;NOT_USPS_VALIDITY;NO_INVENTORY
48306,ZCTA_NEAREST_ACTIVE_OUTLET,MI0293,002,4.740,ZCTA_NN;R6371;TIE_FIRST_LEX,ZCTA_NN_HAVERSINE;NOT_ELIGIBILITY;NOT_USPS_VALIDITY;NO_INVENTORY
48307,EXACT_IMLS_OUTLET_ZIP,MI0293,002,,EXACT_OUTLET;TIE_FSCSKEY_SEQ,EXACT_OUTLET;NOT_USPS_VALIDITY;NO_INVENTORY
48308,OBSERVED_REFERENCE_INDIRECT_ONLY,,,,INDIRECT_IMLS_SC;NO_FABRICATED_NEAREST,INDIRECT_IMLS_SC;NO_FABRICATED_NEAREST;NOT_REJECTED;NOT_USPS_VALIDITY;NO_INVENTORY
48309,ZCTA_NEAREST_ACTIVE_OUTLET,MI0015,002,3.289,ZCTA_NN;R6371;TIE_FIRST_LEX,ZCTA_NN_HAVERSINE;NOT_ELIGIBILITY;NOT_USPS_VALIDITY;NO_INVENTORY
48310,ZCTA_NEAREST_ACTIVE_OUTLET,MI0356,003,4.130,ZCTA_NN;R6371;TIE_FIRST_LEX,ZCTA_NN_HAVERSINE;NOT_ELIGIBILITY;NOT_USPS_VALIDITY;NO_INVENTORY
48311,OBSERVED_REFERENCE_INDIRECT_ONLY,,,,INDIRECT_IMLS_SC;NO_FABRICATED_NEAREST,INDIRECT_IMLS_SC;NO_FABRICATED_NEAREST;NOT_REJECTED;NOT_USPS_VALIDITY;NO_INVENTORY
48312,ZCTA_NEAREST_ACTIVE_OUTLET,MI0325,002,3.671,ZCTA_NN;R6371;TIE_FIRST_LEX,ZCTA_NN_HAVERSINE;NOT_ELIGIBILITY;NOT_USPS_VALIDITY;NO_INVENTORY
48313,EXACT_IMLS_OUTLET_ZIP,MI0325,002,,EXACT_OUTLET;TIE_FSCSKEY_SEQ,EXACT_OUTLET;NOT_USPS_VALIDITY;NO_INVENTORY
48314,ZCTA_NEAREST_ACTIVE_OUTLET,MI0344,002,2.053,ZCTA_NN;R6371;TIE_FIRST_LEX,ZCTA_NN_HAVERSINE;NOT_ELIGIBILITY;NOT_USPS_VALIDITY;NO_INVENTORY
48315,ZCTA_NEAREST_ACTIVE_OUTLET,MI0308,002,2.987,ZCTA_NN;R6371;TIE_FIRST_LEX,ZCTA_NN_HAVERSINE;NOT_ELIGIBILITY;NOT_USPS_VALIDITY;NO_INVENTORY
48316,EXACT_IMLS_OUTLET_ZIP,MI0308,002,,EXACT_OUTLET;TIE_FSCSKEY_SEQ,EXACT_OUTLET;NOT_USPS_VALIDITY;NO_INVENTORY
48317,EXACT_IMLS_OUTLET_ZIP,MI0344,002,,EXACT_OUTLET;TIE_FSCSKEY_SEQ,EXACT_OUTLET;NOT_USPS_VALIDITY;NO_INVENTORY
48318,OBSERVED_REFERENCE_INDIRECT_ONLY,,,,INDIRECT_IMLS_SC;NO_FABRICATED_NEAREST,INDIRECT_IMLS_SC;NO_FABRICATED_NEAREST;NOT_REJECTED;NOT_USPS_VALIDITY;NO_INVENTORY
48320,ZCTA_NEAREST_ACTIVE_OUTLET,MI0274,002,4.904,ZCTA_NN;R6371;TIE_FIRST_LEX,ZCTA_NN_HAVERSINE;NOT_ELIGIBILITY;NOT_USPS_VALIDITY;NO_INVENTORY
48321,OBSERVED_REFERENCE_INDIRECT_ONLY,,,,INDIRECT_IMLS_SC;NO_FABRICATED_NEAREST,INDIRECT_IMLS_SC;NO_FABRICATED_NEAREST;NOT_REJECTED;NOT_USPS_VALIDITY;NO_INVENTORY
48322,ZCTA_NEAREST_ACTIVE_OUTLET,MI0362,002,2.590,ZCTA_NN;R6371;TIE_FIRST_LEX,ZCTA_NN_HAVERSINE;NOT_ELIGIBILITY;NOT_USPS_VALIDITY;NO_INVENTORY
48323,EXACT_IMLS_OUTLET_ZIP,MI0362,002,,EXACT_OUTLET;TIE_FSCSKEY_SEQ,EXACT_OUTLET;NOT_USPS_VALIDITY;NO_INVENTORY
48324,EXACT_IMLS_OUTLET_ZIP,MI0362,003,,EXACT_OUTLET;TIE_FSCSKEY_SEQ,EXACT_OUTLET;NOT_USPS_VALIDITY;NO_INVENTORY
48325,OBSERVED_REFERENCE_INDIRECT_ONLY,,,,INDIRECT_IMLS_SC;NO_FABRICATED_NEAREST,INDIRECT_IMLS_SC;NO_FABRICATED_NEAREST;NOT_REJECTED;NOT_USPS_VALIDITY;NO_INVENTORY
48326,EXACT_IMLS_OUTLET_ZIP,MI0015,002,,EXACT_OUTLET;TIE_FSCSKEY_SEQ,EXACT_OUTLET;NOT_USPS_VALIDITY;NO_INVENTORY
48327,ZCTA_NEAREST_ACTIVE_OUTLET,MI0358,002,3.840,ZCTA_NN;R6371;TIE_FIRST_LEX,ZCTA_NN_HAVERSINE;NOT_ELIGIBILITY;NOT_USPS_VALIDITY;NO_INVENTORY
48328,ZCTA_NEAREST_ACTIVE_OUTLET,MI0358,002,3.053,ZCTA_NN;R6371;TIE_FIRST_LEX,ZCTA_NN_HAVERSINE;NOT_ELIGIBILITY;NOT_USPS_VALIDITY;NO_INVENTORY
48329,EXACT_IMLS_OUTLET_ZIP,MI0358,002,,EXACT_OUTLET;TIE_FSCSKEY_SEQ,EXACT_OUTLET;NOT_USPS_VALIDITY;NO_INVENTORY
48330,OBSERVED_REFERENCE_INDIRECT_ONLY,,,,INDIRECT_IMLS_SC;NO_FABRICATED_NEAREST,INDIRECT_IMLS_SC;NO_FABRICATED_NEAREST;NOT_REJECTED;NOT_USPS_VALIDITY;NO_INVENTORY
48331,ZCTA_NEAREST_ACTIVE_OUTLET,MI0105,002,3.144,ZCTA_NN;R6371;TIE_FIRST_LEX,ZCTA_NN_HAVERSINE;NOT_ELIGIBILITY;NOT_USPS_VALIDITY;NO_INVENTORY
48332,OBSERVED_REFERENCE_INDIRECT_ONLY,,,,INDIRECT_IMLS_SC;NO_FABRICATED_NEAREST,INDIRECT_IMLS_SC;NO_FABRICATED_NEAREST;NOT_REJECTED;NOT_USPS_VALIDITY;NO_INVENTORY
48333,OBSERVED_REFERENCE_INDIRECT_ONLY,,,,INDIRECT_IMLS_SC;NO_FABRICATED_NEAREST,INDIRECT_IMLS_SC;NO_FABRICATED_NEAREST;NOT_REJECTED;NOT_USPS_VALIDITY;NO_INVENTORY
48334,EXACT_IMLS_OUTLET_ZIP,MI0105,002,,EXACT_OUTLET;TIE_FSCSKEY_SEQ,EXACT_OUTLET;NOT_USPS_VALIDITY;NO_INVENTORY
48335,EXACT_IMLS_OUTLET_ZIP,MI0105,003,,EXACT_OUTLET;TIE_FSCSKEY_SEQ,EXACT_OUTLET;NOT_USPS_VALIDITY;NO_INVENTORY
48336,ZCTA_NEAREST_ACTIVE_OUTLET,MI0105,003,2.482,ZCTA_NN;R6371;TIE_FIRST_LEX,ZCTA_NN_HAVERSINE;NOT_ELIGIBILITY;NOT_USPS_VALIDITY;NO_INVENTORY
48340,ZCTA_NEAREST_ACTIVE_OUTLET,MI0274,002,3.881,ZCTA_NN;R6371;TIE_FIRST_LEX,ZCTA_NN_HAVERSINE;NOT_ELIGIBILITY;NOT_USPS_VALIDITY;NO_INVENTORY
48341,ZCTA_NEAREST_ACTIVE_OUTLET,MI0274,002,1.207,ZCTA_NN;R6371;TIE_FIRST_LEX,ZCTA_NN_HAVERSINE;NOT_ELIGIBILITY;NOT_USPS_VALIDITY;NO_INVENTORY
48342,EXACT_IMLS_OUTLET_ZIP,MI0274,002,,EXACT_OUTLET;TIE_FSCSKEY_SEQ,EXACT_OUTLET;NOT_USPS_VALIDITY;NO_INVENTORY
48343,OBSERVED_REFERENCE_INDIRECT_ONLY,,,,INDIRECT_IMLS_SC;NO_FABRICATED_NEAREST,INDIRECT_IMLS_SC;NO_FABRICATED_NEAREST;NOT_REJECTED;NOT_USPS_VALIDITY;NO_INVENTORY
48346,EXACT_IMLS_OUTLET_ZIP,MI0166,002,,EXACT_OUTLET;TIE_FSCSKEY_SEQ,EXACT_OUTLET;NOT_USPS_VALIDITY;NO_INVENTORY
48347,OBSERVED_REFERENCE_INDIRECT_ONLY,,,,INDIRECT_IMLS_SC;NO_FABRICATED_NEAREST,INDIRECT_IMLS_SC;NO_FABRICATED_NEAREST;NOT_REJECTED;NOT_USPS_VALIDITY;NO_INVENTORY
48348,ZCTA_NEAREST_ACTIVE_OUTLET,MI0166,002,3.182,ZCTA_NN;R6371;TIE_FIRST_LEX,ZCTA_NN_HAVERSINE;NOT_ELIGIBILITY;NOT_USPS_VALIDITY;NO_INVENTORY
48350,EXACT_IMLS_OUTLET_ZIP,MI0319,002,,EXACT_OUTLET;TIE_FSCSKEY_SEQ,EXACT_OUTLET;NOT_USPS_VALIDITY;NO_INVENTORY
48353,EXACT_IMLS_OUTLET_ZIP,MI0075,001,,EXACT_OUTLET;TIE_FSCSKEY_SEQ,EXACT_OUTLET;NOT_USPS_VALIDITY;NO_INVENTORY
48356,EXACT_IMLS_OUTLET_ZIP,MI0152,002,,EXACT_OUTLET;TIE_FSCSKEY_SEQ,EXACT_OUTLET;NOT_USPS_VALIDITY;NO_INVENTORY
48357,ZCTA_NEAREST_ACTIVE_OUTLET,MI0152,002,3.346,ZCTA_NN;R6371;TIE_FIRST_LEX,ZCTA_NN_HAVERSINE;NOT_ELIGIBILITY;NOT_USPS_VALIDITY;NO_INVENTORY
48359,ZCTA_NEAREST_ACTIVE_OUTLET,MI0255,003,4.331,ZCTA_NN;R6371;TIE_FIRST_LEX,ZCTA_NN_HAVERSINE;NOT_ELIGIBILITY;NOT_USPS_VALIDITY;NO_INVENTORY
48360,EXACT_IMLS_OUTLET_ZIP,MI0255,003,,EXACT_OUTLET;TIE_FSCSKEY_SEQ,EXACT_OUTLET;NOT_USPS_VALIDITY;NO_INVENTORY
48361,OBSERVED_REFERENCE_INDIRECT_ONLY,,,,INDIRECT_IMLS_SC;NO_FABRICATED_NEAREST,INDIRECT_IMLS_SC;NO_FABRICATED_NEAREST;NOT_REJECTED;NOT_USPS_VALIDITY;NO_INVENTORY
48362,EXACT_IMLS_OUTLET_ZIP,MI0255,002,,EXACT_OUTLET;TIE_FSCSKEY_SEQ,EXACT_OUTLET;NOT_USPS_VALIDITY;NO_INVENTORY
48363,ZCTA_NEAREST_ACTIVE_OUTLET,MI0405,002,5.576,ZCTA_NN;R6371;TIE_FIRST_LEX,ZCTA_NN_HAVERSINE;NOT_ELIGIBILITY;NOT_USPS_VALIDITY;NO_INVENTORY
48367,EXACT_IMLS_OUTLET_ZIP,MI0405,002,,EXACT_OUTLET;TIE_FSCSKEY_SEQ,EXACT_OUTLET;NOT_USPS_VALIDITY;NO_INVENTORY
48370,ZCTA_NEAREST_ACTIVE_OUTLET,MI0405,002,4.189,ZCTA_NN;R6371;TIE_FIRST_LEX,ZCTA_NN_HAVERSINE;NOT_ELIGIBILITY;NOT_USPS_VALIDITY;NO_INVENTORY
48371,EXACT_IMLS_OUTLET_ZIP,MI0262,002,,EXACT_OUTLET;TIE_FSCSKEY_SEQ,EXACT_OUTLET;NOT_USPS_VALIDITY;NO_INVENTORY
48374,ZCTA_NEAREST_ACTIVE_OUTLET,MI0250,002,2.463,ZCTA_NN;R6371;TIE_FIRST_LEX,ZCTA_NN_HAVERSINE;NOT_ELIGIBILITY;NOT_USPS_VALIDITY;NO_INVENTORY
48375,EXACT_IMLS_OUTLET_ZIP,MI0250,002,,EXACT_OUTLET;TIE_FSCSKEY_SEQ,EXACT_OUTLET;NOT_USPS_VALIDITY;NO_INVENTORY
48376,OBSERVED_REFERENCE_INDIRECT_ONLY,,,,INDIRECT_IMLS_SC;NO_FABRICATED_NEAREST,INDIRECT_IMLS_SC;NO_FABRICATED_NEAREST;NOT_REJECTED;NOT_USPS_VALIDITY;NO_INVENTORY
48377,ZCTA_NEAREST_ACTIVE_OUTLET,MI0353,002,3.858,ZCTA_NN;R6371;TIE_FIRST_LEX,ZCTA_NN_HAVERSINE;NOT_ELIGIBILITY;NOT_USPS_VALIDITY;NO_INVENTORY
48380,ZCTA_NEAREST_ACTIVE_OUTLET,MI0229,002,4.852,ZCTA_NN;R6371;TIE_FIRST_LEX,ZCTA_NN_HAVERSINE;NOT_ELIGIBILITY;NOT_USPS_VALIDITY;NO_INVENTORY
48381,EXACT_IMLS_OUTLET_ZIP,MI0229,002,,EXACT_OUTLET;TIE_FSCSKEY_SEQ,EXACT_OUTLET;NOT_USPS_VALIDITY;NO_INVENTORY
48382,EXACT_IMLS_SYSTEM_ZIP,MI0426,,,EXACT_SYSTEM;TIE_FSCSKEY,EXACT_SYSTEM_ADMIN;NOT_NEARBY_OUTLET;NOT_USPS_VALIDITY;NO_INVENTORY
48383,ZCTA_NEAREST_ACTIVE_OUTLET,MI0366,002,2.118,ZCTA_NN;R6371;TIE_FIRST_LEX,ZCTA_NN_HAVERSINE;NOT_ELIGIBILITY;NOT_USPS_VALIDITY;NO_INVENTORY
48386,EXACT_IMLS_OUTLET_ZIP,MI0366,002,,EXACT_OUTLET;TIE_FSCSKEY_SEQ,EXACT_OUTLET;NOT_USPS_VALIDITY;NO_INVENTORY
48390,EXACT_IMLS_OUTLET_ZIP,MI0353,002,,EXACT_OUTLET;TIE_FSCSKEY_SEQ,EXACT_OUTLET;NOT_USPS_VALIDITY;NO_INVENTORY
48393,EXACT_IMLS_OUTLET_ZIP,MI0374,002,,EXACT_OUTLET;TIE_FSCSKEY_SEQ,EXACT_OUTLET;NOT_USPS_VALIDITY;NO_INVENTORY
48397,OBSERVED_REFERENCE_INDIRECT_ONLY,,,,INDIRECT_IMLS_SC;NO_FABRICATED_NEAREST,INDIRECT_IMLS_SC;NO_FABRICATED_NEAREST;NOT_REJECTED;NOT_USPS_VALIDITY;NO_INVENTORY
48401,ZCTA_NEAREST_ACTIVE_OUTLET,MI0372,002,8.531,ZCTA_NN;R6371;TIE_FIRST_LEX,ZCTA_NN_HAVERSINE;NOT_ELIGIBILITY;NOT_USPS_VALIDITY;NO_INVENTORY
48410,ZCTA_NEAREST_ACTIVE_OUTLET,MI0311,002,16.001,ZCTA_NN;R6371;TIE_FIRST_LEX,ZCTA_NN_HAVERSINE;NOT_ELIGIBILITY;NOT_USPS_VALIDITY;NO_INVENTORY
48411,ZCTA_NEAREST_ACTIVE_OUTLET,MI0123,012,2.807,ZCTA_NN;R6371;TIE_FIRST_LEX,ZCTA_NN_HAVERSINE;NOT_ELIGIBILITY;NOT_USPS_VALIDITY;NO_INVENTORY
48412,EXACT_IMLS_OUTLET_ZIP,MI0165,003,,EXACT_OUTLET;TIE_FSCSKEY_SEQ,EXACT_OUTLET;NOT_USPS_VALIDITY;NO_INVENTORY
48413,EXACT_IMLS_OUTLET_ZIP,MI0018,002,,EXACT_OUTLET;TIE_FSCSKEY_SEQ,EXACT_OUTLET;NOT_USPS_VALIDITY;NO_INVENTORY
48414,EXACT_IMLS_OUTLET_ZIP,MI0310,006,,EXACT_OUTLET;TIE_FSCSKEY_SEQ,EXACT_OUTLET;NOT_USPS_VALIDITY;NO_INVENTORY
48415,EXACT_IMLS_OUTLET_ZIP,MI0110,002,,EXACT_OUTLET;TIE_FSCSKEY_SEQ,EXACT_OUTLET;NOT_USPS_VALIDITY;NO_INVENTORY
48416,EXACT_IMLS_OUTLET_ZIP,MI0044,002,,EXACT_OUTLET;TIE_FSCSKEY_SEQ,EXACT_OUTLET;NOT_USPS_VALIDITY;NO_INVENTORY
48417,EXACT_IMLS_OUTLET_ZIP,MI0332,002,,EXACT_OUTLET;TIE_FSCSKEY_SEQ,EXACT_OUTLET;NOT_USPS_VALIDITY;NO_INVENTORY
48418,EXACT_IMLS_OUTLET_ZIP,MI0310,008,,EXACT_OUTLET;TIE_FSCSKEY_SEQ,EXACT_OUTLET;NOT_USPS_VALIDITY;NO_INVENTORY
48419,ZCTA_NEAREST_ACTIVE_OUTLET,MI0302,002,9.131,ZCTA_NN;R6371;TIE_FIRST_LEX,ZCTA_NN_HAVERSINE;NOT_ELIGIBILITY;NOT_USPS_VALIDITY;NO_INVENTORY
48420,EXACT_IMLS_OUTLET_ZIP,MI0123,005,,EXACT_OUTLET;TIE_FSCSKEY_SEQ,EXACT_OUTLET;NOT_USPS_VALIDITY;NO_INVENTORY
48421,EXACT_IMLS_OUTLET_ZIP,MI0190,004,,EXACT_OUTLET;TIE_FSCSKEY_SEQ,EXACT_OUTLET;NOT_USPS_VALIDITY;NO_INVENTORY
48422,EXACT_IMLS_OUTLET_ZIP,MI0372,002,,EXACT_OUTLET;TIE_FSCSKEY_SEQ,EXACT_OUTLET;NOT_USPS_VALIDITY;NO_INVENTORY
48423,EXACT_IMLS_OUTLET_ZIP,MI0123,006,,EXACT_OUTLET;TIE_FSCSKEY_SEQ,EXACT_OUTLET;NOT_USPS_VALIDITY;NO_INVENTORY
48426,ZCTA_NEAREST_ACTIVE_OUTLET,MI0282,002,13.468,ZCTA_NN;R6371;TIE_FIRST_LEX,ZCTA_NN_HAVERSINE;NOT_ELIGIBILITY;NOT_USPS_VALIDITY;NO_INVENTORY
48427,EXACT_IMLS_OUTLET_ZIP,MI0080,002,,EXACT_OUTLET;TIE_FSCSKEY_SEQ,EXACT_OUTLET;NOT_USPS_VALIDITY;NO_INVENTORY
48428,EXACT_IMLS_OUTLET_ZIP,MI0089,002,,EXACT_OUTLET;TIE_FSCSKEY_SEQ,EXACT_OUTLET;NOT_USPS_VALIDITY;NO_INVENTORY
48429,EXACT_IMLS_OUTLET_ZIP,MI0261,003,,EXACT_OUTLET;TIE_FSCSKEY_SEQ,EXACT_OUTLET;NOT_USPS_VALIDITY;NO_INVENTORY
48430,EXACT_IMLS_OUTLET_ZIP,MI0123,007,,EXACT_OUTLET;TIE_FSCSKEY_SEQ,EXACT_OUTLET;NOT_USPS_VALIDITY;NO_INVENTORY
48432,ZCTA_NEAREST_ACTIVE_OUTLET,MI0018,002,11.342,ZCTA_NN;R6371;TIE_FIRST_LEX,ZCTA_NN_HAVERSINE;NOT_ELIGIBILITY;NOT_USPS_VALIDITY;NO_INVENTORY
48433,EXACT_IMLS_OUTLET_ZIP,MI0123,009,,EXACT_OUTLET;TIE_FSCSKEY_SEQ,EXACT_OUTLET;NOT_USPS_VALIDITY;NO_INVENTORY
48434,ZCTA_NEAREST_ACTIVE_OUTLET,MI0080,002,17.706,ZCTA_NN;R6371;TIE_FIRST_LEX,ZCTA_NN_HAVERSINE;NOT_ELIGIBILITY;NOT_USPS_VALIDITY;NO_INVENTORY
48435,EXACT_IMLS_OUTLET_ZIP,MI0359,002,,EXACT_OUTLET;TIE_FSCSKEY_SEQ,EXACT_OUTLET;NOT_USPS_VALIDITY;NO_INVENTORY
48436,EXACT_IMLS_OUTLET_ZIP,MI0123,019,,EXACT_OUTLET;TIE_FSCSKEY_SEQ,EXACT_OUTLET;NOT_USPS_VALIDITY;NO_INVENTORY
48437,EXACT_IMLS_OUTLET_ZIP,MI0123,011,,EXACT_OUTLET;TIE_FSCSKEY_SEQ,EXACT_OUTLET;NOT_USPS_VALIDITY;NO_INVENTORY
48438,EXACT_IMLS_OUTLET_ZIP,MI0123,012,,EXACT_OUTLET;TIE_FSCSKEY_SEQ,EXACT_OUTLET;NOT_USPS_VALIDITY;NO_INVENTORY
48439,EXACT_IMLS_OUTLET_ZIP,MI0123,013,,EXACT_OUTLET;TIE_FSCSKEY_SEQ,EXACT_OUTLET;NOT_USPS_VALIDITY;NO_INVENTORY
48440,EXACT_IMLS_OUTLET_ZIP,MI0190,007,,EXACT_OUTLET;TIE_FSCSKEY_SEQ,EXACT_OUTLET;NOT_USPS_VALIDITY;NO_INVENTORY
48441,EXACT_IMLS_OUTLET_ZIP,MI0140,002,,EXACT_OUTLET;TIE_FSCSKEY_SEQ,EXACT_OUTLET;NOT_USPS_VALIDITY;NO_INVENTORY
48442,EXACT_IMLS_OUTLET_ZIP,MI0153,002,,EXACT_OUTLET;TIE_FSCSKEY_SEQ,EXACT_OUTLET;NOT_USPS_VALIDITY;NO_INVENTORY
48444,EXACT_IMLS_OUTLET_ZIP,MI0165,002,,EXACT_OUTLET;TIE_FSCSKEY_SEQ,EXACT_OUTLET;NOT_USPS_VALIDITY;NO_INVENTORY
48445,ZCTA_NEAREST_ACTIVE_OUTLET,MI0275,002,10.600,ZCTA_NN;R6371;TIE_FIRST_LEX,ZCTA_NN_HAVERSINE;NOT_ELIGIBILITY;NOT_USPS_VALIDITY;NO_INVENTORY
48446,EXACT_IMLS_OUTLET_ZIP,MI0190,005,,EXACT_OUTLET;TIE_FSCSKEY_SEQ,EXACT_OUTLET;NOT_USPS_VALIDITY;NO_INVENTORY
48449,EXACT_IMLS_OUTLET_ZIP,MI0310,005,,EXACT_OUTLET;TIE_FSCSKEY_SEQ,EXACT_OUTLET;NOT_USPS_VALIDITY;NO_INVENTORY
48450,EXACT_IMLS_OUTLET_ZIP,MI0235,002,,EXACT_OUTLET;TIE_FSCSKEY_SEQ,EXACT_OUTLET;NOT_USPS_VALIDITY;NO_INVENTORY
48451,EXACT_IMLS_OUTLET_ZIP,MI0123,014,,EXACT_OUTLET;TIE_FSCSKEY_SEQ,EXACT_OUTLET;NOT_USPS_VALIDITY;NO_INVENTORY
48453,EXACT_IMLS_OUTLET_ZIP,MI0217,002,,EXACT_OUTLET;TIE_FSCSKEY_SEQ,EXACT_OUTLET;NOT_USPS_VALIDITY;NO_INVENTORY
48454,ZCTA_NEAREST_ACTIVE_OUTLET,MI0099,002,7.082,ZCTA_NN;R6371;TIE_FIRST_LEX,ZCTA_NN_HAVERSINE;NOT_ELIGIBILITY;NOT_USPS_VALIDITY;NO_INVENTORY
48455,EXACT_IMLS_OUTLET_ZIP,MI0190,009,,EXACT_OUTLET;TIE_FSCSKEY_SEQ,EXACT_OUTLET;NOT_USPS_VALIDITY;NO_INVENTORY
48456,ZCTA_NEAREST_ACTIVE_OUTLET,MI0311,002,14.380,ZCTA_NN;R6371;TIE_FIRST_LEX,ZCTA_NN_HAVERSINE;NOT_ELIGIBILITY;NOT_USPS_VALIDITY;NO_INVENTORY
48457,EXACT_IMLS_OUTLET_ZIP,MI0123,015,,EXACT_OUTLET;TIE_FSCSKEY_SEQ,EXACT_OUTLET;NOT_USPS_VALIDITY;NO_INVENTORY
48458,EXACT_IMLS_OUTLET_ZIP,MI0123,016,,EXACT_OUTLET;TIE_FSCSKEY_SEQ,EXACT_OUTLET;NOT_USPS_VALIDITY;NO_INVENTORY
48460,EXACT_IMLS_OUTLET_ZIP,MI0310,004,,EXACT_OUTLET;TIE_FSCSKEY_SEQ,EXACT_OUTLET;NOT_USPS_VALIDITY;NO_INVENTORY
48461,EXACT_IMLS_OUTLET_ZIP,MI0247,002,,EXACT_OUTLET;TIE_FSCSKEY_SEQ,EXACT_OUTLET;NOT_USPS_VALIDITY;NO_INVENTORY
48462,EXACT_IMLS_OUTLET_ZIP,MI0040,002,,EXACT_OUTLET;TIE_FSCSKEY_SEQ,EXACT_OUTLET;NOT_USPS_VALIDITY;NO_INVENTORY
48463,EXACT_IMLS_OUTLET_ZIP,MI0123,010,,EXACT_OUTLET;TIE_FSCSKEY_SEQ,EXACT_OUTLET;NOT_USPS_VALIDITY;NO_INVENTORY
48464,EXACT_IMLS_OUTLET_ZIP,MI0190,010,,EXACT_OUTLET;TIE_FSCSKEY_SEQ,EXACT_OUTLET;NOT_USPS_VALIDITY;NO_INVENTORY
48465,ZCTA_NEAREST_ACTIVE_OUTLET,MI0080,002,10.081,ZCTA_NN;R6371;TIE_FIRST_LEX,ZCTA_NN_HAVERSINE;NOT_ELIGIBILITY;NOT_USPS_VALIDITY;NO_INVENTORY
48466,EXACT_IMLS_OUTLET_ZIP,MI0099,002,,EXACT_OUTLET;TIE_FSCSKEY_SEQ,EXACT_OUTLET;NOT_USPS_VALIDITY;NO_INVENTORY
48467,EXACT_IMLS_OUTLET_ZIP,MI0275,002,,EXACT_OUTLET;TIE_FSCSKEY_SEQ,EXACT_OUTLET;NOT_USPS_VALIDITY;NO_INVENTORY
48468,ZCTA_NEAREST_ACTIVE_OUTLET,MI0140,002,14.356,ZCTA_NN;R6371;TIE_FIRST_LEX,ZCTA_NN_HAVERSINE;NOT_ELIGIBILITY;NOT_USPS_VALIDITY;NO_INVENTORY
48469,EXACT_IMLS_OUTLET_ZIP,MI0302,002,,EXACT_OUTLET;TIE_FSCSKEY_SEQ,EXACT_OUTLET;NOT_USPS_VALIDITY;NO_INVENTORY
48470,ZCTA_NEAREST_ACTIVE_OUTLET,MI0311,002,13.750,ZCTA_NN;R6371;TIE_FIRST_LEX,ZCTA_NN_HAVERSINE;NOT_ELIGIBILITY;NOT_USPS_VALIDITY;NO_INVENTORY
48471,EXACT_IMLS_OUTLET_ZIP,MI0301,002,,EXACT_OUTLET;TIE_FSCSKEY_SEQ,EXACT_OUTLET;NOT_USPS_VALIDITY;NO_INVENTORY
48472,ZCTA_NEAREST_ACTIVE_OUTLET,MI0301,002,14.870,ZCTA_NN;R6371;TIE_FIRST_LEX,ZCTA_NN_HAVERSINE;NOT_ELIGIBILITY;NOT_USPS_VALIDITY;NO_INVENTORY
48473,EXACT_IMLS_OUTLET_ZIP,MI0123,017,,EXACT_OUTLET;TIE_FSCSKEY_SEQ,EXACT_OUTLET;NOT_USPS_VALIDITY;NO_INVENTORY
48475,EXACT_IMLS_OUTLET_ZIP,MI0311,002,,EXACT_OUTLET;TIE_FSCSKEY_SEQ,EXACT_OUTLET;NOT_USPS_VALIDITY;NO_INVENTORY
48476,EXACT_IMLS_OUTLET_ZIP,MI0347,002,,EXACT_OUTLET;TIE_FSCSKEY_SEQ,EXACT_OUTLET;NOT_USPS_VALIDITY;NO_INVENTORY
48480,OBSERVED_REFERENCE_INDIRECT_ONLY,,,,INDIRECT_IMLS_SC;NO_FABRICATED_NEAREST,INDIRECT_IMLS_SC;NO_FABRICATED_NEAREST;NOT_REJECTED;NOT_USPS_VALIDITY;NO_INVENTORY
48501,OBSERVED_REFERENCE_INDIRECT_ONLY,,,,INDIRECT_IMLS_SC;NO_FABRICATED_NEAREST,INDIRECT_IMLS_SC;NO_FABRICATED_NEAREST;NOT_REJECTED;NOT_USPS_VALIDITY;NO_INVENTORY
48502,EXACT_IMLS_OUTLET_ZIP,MI0111,002,,EXACT_OUTLET;TIE_FSCSKEY_SEQ,EXACT_OUTLET;NOT_USPS_VALIDITY;NO_INVENTORY
48503,EXACT_IMLS_SYSTEM_ZIP,MI0111,,,EXACT_SYSTEM;TIE_FSCSKEY,EXACT_SYSTEM_ADMIN;NOT_NEARBY_OUTLET;NOT_USPS_VALIDITY;NO_INVENTORY
48504,EXACT_IMLS_OUTLET_ZIP,MI0123,002,,EXACT_OUTLET;TIE_FSCSKEY_SEQ,EXACT_OUTLET;NOT_USPS_VALIDITY;NO_INVENTORY
48505,EXACT_IMLS_OUTLET_ZIP,MI0123,018,,EXACT_OUTLET;TIE_FSCSKEY_SEQ,EXACT_OUTLET;NOT_USPS_VALIDITY;NO_INVENTORY
48506,ZCTA_NEAREST_ACTIVE_OUTLET,MI0123,011,5.535,ZCTA_NN;R6371;TIE_FIRST_LEX,ZCTA_NN_HAVERSINE;NOT_ELIGIBILITY;NOT_USPS_VALIDITY;NO_INVENTORY
48507,EXACT_IMLS_OUTLET_ZIP,MI0123,021,,EXACT_OUTLET;TIE_FSCSKEY_SEQ,EXACT_OUTLET;NOT_USPS_VALIDITY;NO_INVENTORY
48509,ZCTA_NEAREST_ACTIVE_OUTLET,MI0123,004,5.211,ZCTA_NN;R6371;TIE_FIRST_LEX,ZCTA_NN_HAVERSINE;NOT_ELIGIBILITY;NOT_USPS_VALIDITY;NO_INVENTORY
48519,EXACT_IMLS_OUTLET_ZIP,MI0123,004,,EXACT_OUTLET;TIE_FSCSKEY_SEQ,EXACT_OUTLET;NOT_USPS_VALIDITY;NO_INVENTORY
48529,EXACT_IMLS_OUTLET_ZIP,MI0123,003,,EXACT_OUTLET;TIE_FSCSKEY_SEQ,EXACT_OUTLET;NOT_USPS_VALIDITY;NO_INVENTORY
48531,OBSERVED_REFERENCE_INDIRECT_ONLY,,,,INDIRECT_IMLS_SC;NO_FABRICATED_NEAREST,INDIRECT_IMLS_SC;NO_FABRICATED_NEAREST;NOT_REJECTED;NOT_USPS_VALIDITY;NO_INVENTORY
48532,EXACT_IMLS_OUTLET_ZIP,MI0123,008,,EXACT_OUTLET;TIE_FSCSKEY_SEQ,EXACT_OUTLET;NOT_USPS_VALIDITY;NO_INVENTORY
48551,OBSERVED_REFERENCE_INDIRECT_ONLY,,,,INDIRECT_IMLS_SC;NO_FABRICATED_NEAREST,INDIRECT_IMLS_SC;NO_FABRICATED_NEAREST;NOT_REJECTED;NOT_USPS_VALIDITY;NO_INVENTORY
48552,OBSERVED_REFERENCE_INDIRECT_ONLY,,,,INDIRECT_IMLS_SC;NO_FABRICATED_NEAREST,INDIRECT_IMLS_SC;NO_FABRICATED_NEAREST;NOT_REJECTED;NOT_USPS_VALIDITY;NO_INVENTORY
48553,OBSERVED_REFERENCE_INDIRECT_ONLY,,,,INDIRECT_IMLS_SC;NO_FABRICATED_NEAREST,INDIRECT_IMLS_SC;NO_FABRICATED_NEAREST;NOT_REJECTED;NOT_USPS_VALIDITY;NO_INVENTORY
48554,OBSERVED_REFERENCE_INDIRECT_ONLY,,,,INDIRECT_IMLS_SC;NO_FABRICATED_NEAREST,INDIRECT_IMLS_SC;NO_FABRICATED_NEAREST;NOT_REJECTED;NOT_USPS_VALIDITY;NO_INVENTORY
48601,EXACT_IMLS_OUTLET_ZIP,MI0041,002,,EXACT_OUTLET;TIE_FSCSKEY_SEQ,EXACT_OUTLET;NOT_USPS_VALIDITY;NO_INVENTORY
48602,EXACT_IMLS_OUTLET_ZIP,MI0299,003,,EXACT_OUTLET;TIE_FSCSKEY_SEQ,EXACT_OUTLET;NOT_USPS_VALIDITY;NO_INVENTORY
48603,EXACT_IMLS_OUTLET_ZIP,MI0299,006,,EXACT_OUTLET;TIE_FSCSKEY_SEQ,EXACT_OUTLET;NOT_USPS_VALIDITY;NO_INVENTORY
48604,ZCTA_NEAREST_ACTIVE_OUTLET,MI0299,006,6.417,ZCTA_NN;R6371;TIE_FIRST_LEX,ZCTA_NN_HAVERSINE;NOT_ELIGIBILITY;NOT_USPS_VALIDITY;NO_INVENTORY
48605,OBSERVED_REFERENCE_INDIRECT_ONLY,,,,INDIRECT_IMLS_SC;NO_FABRICATED_NEAREST,INDIRECT_IMLS_SC;NO_FABRICATED_NEAREST;NOT_REJECTED;NOT_USPS_VALIDITY;NO_INVENTORY
48607,EXACT_IMLS_OUTLET_ZIP,MI0299,010,,EXACT_OUTLET;TIE_FSCSKEY_SEQ,EXACT_OUTLET;NOT_USPS_VALIDITY;NO_INVENTORY
48608,OBSERVED_REFERENCE_INDIRECT_ONLY,,,,INDIRECT_IMLS_SC;NO_FABRICATED_NEAREST,INDIRECT_IMLS_SC;NO_FABRICATED_NEAREST;NOT_REJECTED;NOT_USPS_VALIDITY;NO_INVENTORY
48609,EXACT_IMLS_OUTLET_ZIP,MI0336,002,,EXACT_OUTLET;TIE_FSCSKEY_SEQ,EXACT_OUTLET;NOT_USPS_VALIDITY;NO_INVENTORY
48610,ZCTA_NEAREST_ACTIVE_OUTLET,MI0253,004,12.999,ZCTA_NN;R6371;TIE_FIRST_LEX,ZCTA_NN_HAVERSINE;NOT_ELIGIBILITY;NOT_USPS_VALIDITY;NO_INVENTORY
48611,EXACT_IMLS_OUTLET_ZIP,MI0021,008,,EXACT_OUTLET;TIE_FSCSKEY_SEQ,EXACT_OUTLET;NOT_USPS_VALIDITY;NO_INVENTORY
48612,EXACT_IMLS_OUTLET_ZIP,MI0127,003,,EXACT_OUTLET;TIE_FSCSKEY_SEQ,EXACT_OUTLET;NOT_USPS_VALIDITY;NO_INVENTORY
48613,ZCTA_NEAREST_ACTIVE_OUTLET,MI0171,008,15.854,ZCTA_NN;R6371;TIE_FIRST_LEX,ZCTA_NN_HAVERSINE;NOT_ELIGIBILITY;NOT_USPS_VALIDITY;NO_INVENTORY
48614,ZCTA_NEAREST_ACTIVE_OUTLET,MI0320,002,13.749,ZCTA_NN;R6371;TIE_FIRST_LEX,ZCTA_NN_HAVERSINE;NOT_ELIGIBILITY;NOT_USPS_VALIDITY;NO_INVENTORY
48615,EXACT_IMLS_OUTLET_ZIP,MI0159,002,,EXACT_OUTLET;TIE_FSCSKEY_SEQ,EXACT_OUTLET;NOT_USPS_VALIDITY;NO_INVENTORY
48616,EXACT_IMLS_OUTLET_ZIP,MI0064,002,,EXACT_OUTLET;TIE_FSCSKEY_SEQ,EXACT_OUTLET;NOT_USPS_VALIDITY;NO_INVENTORY
48617,EXACT_IMLS_OUTLET_ZIP,MI0122,002,,EXACT_OUTLET;TIE_FSCSKEY_SEQ,EXACT_OUTLET;NOT_USPS_VALIDITY;NO_INVENTORY
48618,EXACT_IMLS_OUTLET_ZIP,MI0066,002,,EXACT_OUTLET;TIE_FSCSKEY_SEQ,EXACT_OUTLET;NOT_USPS_VALIDITY;NO_INVENTORY
48619,ZCTA_NEAREST_ACTIVE_OUTLET,MI0257,003,10.745,ZCTA_NN;R6371;TIE_FIRST_LEX,ZCTA_NN_HAVERSINE;NOT_ELIGIBILITY;NOT_USPS_VALIDITY;NO_INVENTORY
48620,ZCTA_NEAREST_ACTIVE_OUTLET,MI0127,003,11.762,ZCTA_NN;R6371;TIE_FIRST_LEX,ZCTA_NN_HAVERSINE;NOT_ELIGIBILITY;NOT_USPS_VALIDITY;NO_INVENTORY
48621,EXACT_IMLS_OUTLET_ZIP,MI0257,003,,EXACT_OUTLET;TIE_FSCSKEY_SEQ,EXACT_OUTLET;NOT_USPS_VALIDITY;NO_INVENTORY
48622,EXACT_IMLS_OUTLET_ZIP,MI0328,002,,EXACT_OUTLET;TIE_FSCSKEY_SEQ,EXACT_OUTLET;NOT_USPS_VALIDITY;NO_INVENTORY
48623,ZCTA_NEAREST_ACTIVE_OUTLET,MI0021,008,10.491,ZCTA_NN;R6371;TIE_FIRST_LEX,ZCTA_NN_HAVERSINE;NOT_ELIGIBILITY;NOT_USPS_VALIDITY;NO_INVENTORY
48624,EXACT_IMLS_OUTLET_ZIP,MI0127,002,,EXACT_OUTLET;TIE_FSCSKEY_SEQ,EXACT_OUTLET;NOT_USPS_VALIDITY;NO_INVENTORY
48625,EXACT_IMLS_OUTLET_ZIP,MI0142,002,,EXACT_OUTLET;TIE_FSCSKEY_SEQ,EXACT_OUTLET;NOT_USPS_VALIDITY;NO_INVENTORY
48626,EXACT_IMLS_OUTLET_ZIP,MI0281,002,,EXACT_OUTLET;TIE_FSCSKEY_SEQ,EXACT_OUTLET;NOT_USPS_VALIDITY;NO_INVENTORY
48627,EXACT_IMLS_OUTLET_ZIP,MI0125,003,,EXACT_OUTLET;TIE_FSCSKEY_SEQ,EXACT_OUTLET;NOT_USPS_VALIDITY;NO_INVENTORY
48628,ZCTA_NEAREST_ACTIVE_OUTLET,MI0129,002,17.587,ZCTA_NN;R6371;TIE_FIRST_LEX,ZCTA_NN_HAVERSINE;NOT_ELIGIBILITY;NOT_USPS_VALIDITY;NO_INVENTORY
48629,EXACT_IMLS_OUTLET_ZIP,MI0158,002,,EXACT_OUTLET;TIE_FSCSKEY_SEQ,EXACT_OUTLET;NOT_USPS_VALIDITY;NO_INVENTORY
48630,ZCTA_NEAREST_ACTIVE_OUTLET,MI0158,002,4.733,ZCTA_NN;R6371;TIE_FIRST_LEX,ZCTA_NN_HAVERSINE;NOT_ELIGIBILITY;NOT_USPS_VALIDITY;NO_INVENTORY
48631,ZCTA_NEAREST_ACTIVE_OUTLET,MI0021,008,11.404,ZCTA_NN;R6371;TIE_FIRST_LEX,ZCTA_NN_HAVERSINE;NOT_ELIGIBILITY;NOT_USPS_VALIDITY;NO_INVENTORY
48632,ZCTA_NEAREST_ACTIVE_OUTLET,MI0020,002,13.563,ZCTA_NN;R6371;TIE_FIRST_LEX,ZCTA_NN_HAVERSINE;NOT_ELIGIBILITY;NOT_USPS_VALIDITY;NO_INVENTORY
48633,ZCTA_NEAREST_ACTIVE_OUTLET,MI0142,002,13.031,ZCTA_NN;R6371;TIE_FIRST_LEX,ZCTA_NN_HAVERSINE;NOT_ELIGIBILITY;NOT_USPS_VALIDITY;NO_INVENTORY
48634,ZCTA_NEAREST_ACTIVE_OUTLET,MI0021,004,12.269,ZCTA_NN;R6371;TIE_FIRST_LEX,ZCTA_NN_HAVERSINE;NOT_ELIGIBILITY;NOT_USPS_VALIDITY;NO_INVENTORY
48635,ZCTA_NEAREST_ACTIVE_OUTLET,MI0253,002,10.432,ZCTA_NN;R6371;TIE_FIRST_LEX,ZCTA_NN_HAVERSINE;NOT_ELIGIBILITY;NOT_USPS_VALIDITY;NO_INVENTORY
48636,ZCTA_NEAREST_ACTIVE_OUTLET,MI0257,002,14.050,ZCTA_NN;R6371;TIE_FIRST_LEX,ZCTA_NN_HAVERSINE;NOT_ELIGIBILITY;NOT_USPS_VALIDITY;NO_INVENTORY
48637,EXACT_IMLS_OUTLET_ZIP,MI0227,002,,EXACT_OUTLET;TIE_FSCSKEY_SEQ,EXACT_OUTLET;NOT_USPS_VALIDITY;NO_INVENTORY
48638,ZCTA_NEAREST_ACTIVE_OUTLET,MI0299,006,3.759,ZCTA_NN;R6371;TIE_FIRST_LEX,ZCTA_NN_HAVERSINE;NOT_ELIGIBILITY;NOT_USPS_VALIDITY;NO_INVENTORY
48640,EXACT_IMLS_OUTLET_ZIP,MI0129,002,,EXACT_OUTLET;TIE_FSCSKEY_SEQ,EXACT_OUTLET;NOT_USPS_VALIDITY;NO_INVENTORY
48641,OBSERVED_REFERENCE_INDIRECT_ONLY,,,,INDIRECT_IMLS_SC;NO_FABRICATED_NEAREST,INDIRECT_IMLS_SC;NO_FABRICATED_NEAREST;NOT_REJECTED;NOT_USPS_VALIDITY;NO_INVENTORY
48642,ZCTA_NEAREST_ACTIVE_OUTLET,MI0129,002,8.653,ZCTA_NN;R6371;TIE_FIRST_LEX,ZCTA_NN_HAVERSINE;NOT_ELIGIBILITY;NOT_USPS_VALIDITY;NO_INVENTORY
48647,EXACT_IMLS_OUTLET_ZIP,MI0257,002,,EXACT_OUTLET;TIE_FSCSKEY_SEQ,EXACT_OUTLET;NOT_USPS_VALIDITY;NO_INVENTORY
48649,ZCTA_NEAREST_ACTIVE_OUTLET,MI0064,002,9.231,ZCTA_NN;R6371;TIE_FIRST_LEX,ZCTA_NN_HAVERSINE;NOT_ELIGIBILITY;NOT_USPS_VALIDITY;NO_INVENTORY
48650,EXACT_IMLS_OUTLET_ZIP,MI0021,004,,EXACT_OUTLET;TIE_FSCSKEY_SEQ,EXACT_OUTLET;NOT_USPS_VALIDITY;NO_INVENTORY
48651,ZCTA_NEAREST_ACTIVE_OUTLET,MI0158,002,10.195,ZCTA_NN;R6371;TIE_FIRST_LEX,ZCTA_NN_HAVERSINE;NOT_ELIGIBILITY;NOT_USPS_VALIDITY;NO_INVENTORY
48652,ZCTA_NEAREST_ACTIVE_OUTLET,MI0021,004,20.494,ZCTA_NN;R6371;TIE_FIRST_LEX,ZCTA_NN_HAVERSINE;NOT_ELIGIBILITY;NOT_USPS_VALIDITY;NO_INVENTORY
48653,EXACT_IMLS_OUTLET_ZIP,MI0125,002,,EXACT_OUTLET;TIE_FSCSKEY_SEQ,EXACT_OUTLET;NOT_USPS_VALIDITY;NO_INVENTORY
48654,EXACT_IMLS_OUTLET_ZIP,MI0253,002,,EXACT_OUTLET;TIE_FSCSKEY_SEQ,EXACT_OUTLET;NOT_USPS_VALIDITY;NO_INVENTORY
48655,EXACT_IMLS_OUTLET_ZIP,MI0320,002,,EXACT_OUTLET;TIE_FSCSKEY_SEQ,EXACT_OUTLET;NOT_USPS_VALIDITY;NO_INVENTORY
48656,EXACT_IMLS_OUTLET_ZIP,MI0287,002,,EXACT_OUTLET;TIE_FSCSKEY_SEQ,EXACT_OUTLET;NOT_USPS_VALIDITY;NO_INVENTORY
48657,ZCTA_NEAREST_ACTIVE_OUTLET,MI0066,002,14.202,ZCTA_NN;R6371;TIE_FIRST_LEX,ZCTA_NN_HAVERSINE;NOT_ELIGIBILITY;NOT_USPS_VALIDITY;NO_INVENTORY
48658,EXACT_IMLS_OUTLET_ZIP,MI0171,008,,EXACT_OUTLET;TIE_FSCSKEY_SEQ,EXACT_OUTLET;NOT_USPS_VALIDITY;NO_INVENTORY
48659,ZCTA_NEAREST_ACTIVE_OUTLET,MI0171,008,11.520,ZCTA_NN;R6371;TIE_FIRST_LEX,ZCTA_NN_HAVERSINE;NOT_ELIGIBILITY;NOT_USPS_VALIDITY;NO_INVENTORY
48661,EXACT_IMLS_OUTLET_ZIP,MI0363,002,,EXACT_OUTLET;TIE_FSCSKEY_SEQ,EXACT_OUTLET;NOT_USPS_VALIDITY;NO_INVENTORY
48662,ZCTA_NEAREST_ACTIVE_OUTLET,MI0159,002,5.027,ZCTA_NN;R6371;TIE_FIRST_LEX,ZCTA_NN_HAVERSINE;NOT_ELIGIBILITY;NOT_USPS_VALIDITY;NO_INVENTORY
48667,OBSERVED_REFERENCE_INDIRECT_ONLY,,,,INDIRECT_IMLS_SC;NO_FABRICATED_NEAREST,INDIRECT_IMLS_SC;NO_FABRICATED_NEAREST;NOT_REJECTED;NOT_USPS_VALIDITY;NO_INVENTORY
48670,OBSERVED_REFERENCE_INDIRECT_ONLY,,,,INDIRECT_IMLS_SC;NO_FABRICATED_NEAREST,INDIRECT_IMLS_SC;NO_FABRICATED_NEAREST;NOT_REJECTED;NOT_USPS_VALIDITY;NO_INVENTORY
48674,OBSERVED_REFERENCE_INDIRECT_ONLY,,,,INDIRECT_IMLS_SC;NO_FABRICATED_NEAREST,INDIRECT_IMLS_SC;NO_FABRICATED_NEAREST;NOT_REJECTED;NOT_USPS_VALIDITY;NO_INVENTORY
48701,ZCTA_NEAREST_ACTIVE_OUTLET,MI0103,002,7.220,ZCTA_NN;R6371;TIE_FIRST_LEX,ZCTA_NN_HAVERSINE;NOT_ELIGIBILITY;NOT_USPS_VALIDITY;NO_INVENTORY
48703,EXACT_IMLS_OUTLET_ZIP,MI0171,003,,EXACT_OUTLET;TIE_FSCSKEY_SEQ,EXACT_OUTLET;NOT_USPS_VALIDITY;NO_INVENTORY
48705,ZCTA_NEAREST_ACTIVE_OUTLET,MI0417,002,15.769,ZCTA_NN;R6371;TIE_FIRST_LEX,ZCTA_NN_HAVERSINE;NOT_ELIGIBILITY;NOT_USPS_VALIDITY;NO_INVENTORY
48706,EXACT_IMLS_OUTLET_ZIP,MI0021,005,,EXACT_OUTLET;TIE_FSCSKEY_SEQ,EXACT_OUTLET;NOT_USPS_VALIDITY;NO_INVENTORY
48707,OBSERVED_REFERENCE_INDIRECT_ONLY,,,,INDIRECT_IMLS_SC;NO_FABRICATED_NEAREST,INDIRECT_IMLS_SC;NO_FABRICATED_NEAREST;NOT_REJECTED;NOT_USPS_VALIDITY;NO_INVENTORY
48708,EXACT_IMLS_OUTLET_ZIP,MI0021,007,,EXACT_OUTLET;TIE_FSCSKEY_SEQ,EXACT_OUTLET;NOT_USPS_VALIDITY;NO_INVENTORY
48710,ZCTA_NEAREST_ACTIVE_OUTLET,MI0021,005,8.379,ZCTA_NN;R6371;TIE_FIRST_LEX,ZCTA_NN_HAVERSINE;NOT_ELIGIBILITY;NOT_USPS_VALIDITY;NO_INVENTORY
48720,ZCTA_NEAREST_ACTIVE_OUTLET,MI0270,002,9.908,ZCTA_NN;R6371;TIE_FIRST_LEX,ZCTA_NN_HAVERSINE;NOT_ELIGIBILITY;NOT_USPS_VALIDITY;NO_INVENTORY
48721,ZCTA_NEAREST_ACTIVE_OUTLET,MI0409,004,14.188,ZCTA_NN;R6371;TIE_FIRST_LEX,ZCTA_NN_HAVERSINE;NOT_ELIGIBILITY;NOT_USPS_VALIDITY;NO_INVENTORY
48722,ZCTA_NEAREST_ACTIVE_OUTLET,MI0041,002,5.792,ZCTA_NN;R6371;TIE_FIRST_LEX,ZCTA_NN_HAVERSINE;NOT_ELIGIBILITY;NOT_USPS_VALIDITY;NO_INVENTORY
48723,EXACT_IMLS_OUTLET_ZIP,MI0168,002,,EXACT_OUTLET;TIE_FSCSKEY_SEQ,EXACT_OUTLET;NOT_USPS_VALIDITY;NO_INVENTORY
48724,ZCTA_NEAREST_ACTIVE_OUTLET,MI0299,010,3.163,ZCTA_NN;R6371;TIE_FIRST_LEX,ZCTA_NN_HAVERSINE;NOT_ELIGIBILITY;NOT_USPS_VALIDITY;NO_INVENTORY
48725,ZCTA_NEAREST_ACTIVE_OUTLET,MI0270,002,13.749,ZCTA_NN;R6371;TIE_FIRST_LEX,ZCTA_NN_HAVERSINE;NOT_ELIGIBILITY;NOT_USPS_VALIDITY;NO_INVENTORY
48726,EXACT_IMLS_OUTLET_ZIP,MI0282,002,,EXACT_OUTLET;TIE_FSCSKEY_SEQ,EXACT_OUTLET;NOT_USPS_VALIDITY;NO_INVENTORY
48727,ZCTA_NEAREST_ACTIVE_OUTLET,MI0190,003,0.732,ZCTA_NN;R6371;TIE_FIRST_LEX,ZCTA_NN_HAVERSINE;NOT_ELIGIBILITY;NOT_USPS_VALIDITY;NO_INVENTORY
48728,ZCTA_NEAREST_ACTIVE_OUTLET,MI0257,003,17.974,ZCTA_NN;R6371;TIE_FIRST_LEX,ZCTA_NN_HAVERSINE;NOT_ELIGIBILITY;NOT_USPS_VALIDITY;NO_INVENTORY
48729,ZCTA_NEAREST_ACTIVE_OUTLET,MI0176,002,9.374,ZCTA_NN;R6371;TIE_FIRST_LEX,ZCTA_NN_HAVERSINE;NOT_ELIGIBILITY;NOT_USPS_VALIDITY;NO_INVENTORY
48730,EXACT_IMLS_OUTLET_ZIP,MI0171,004,,EXACT_OUTLET;TIE_FSCSKEY_SEQ,EXACT_OUTLET;NOT_USPS_VALIDITY;NO_INVENTORY
48731,ZCTA_NEAREST_ACTIVE_OUTLET,MI0270,002,9.514,ZCTA_NN;R6371;TIE_FIRST_LEX,ZCTA_NN_HAVERSINE;NOT_ELIGIBILITY;NOT_USPS_VALIDITY;NO_INVENTORY
48732,ZCTA_NEAREST_ACTIVE_OUTLET,MI0021,007,7.878,ZCTA_NN;R6371;TIE_FIRST_LEX,ZCTA_NN_HAVERSINE;NOT_ELIGIBILITY;NOT_USPS_VALIDITY;NO_INVENTORY
48733,EXACT_IMLS_OUTLET_ZIP,MI0103,002,,EXACT_OUTLET;TIE_FSCSKEY_SEQ,EXACT_OUTLET;NOT_USPS_VALIDITY;NO_INVENTORY
48734,EXACT_IMLS_OUTLET_ZIP,MI0177,002,,EXACT_OUTLET;TIE_FSCSKEY_SEQ,EXACT_OUTLET;NOT_USPS_VALIDITY;NO_INVENTORY
48735,ZCTA_NEAREST_ACTIVE_OUTLET,MI0282,002,10.780,ZCTA_NN;R6371;TIE_FIRST_LEX,ZCTA_NN_HAVERSINE;NOT_ELIGIBILITY;NOT_USPS_VALIDITY;NO_INVENTORY
48737,EXACT_IMLS_OUTLET_ZIP,MI0417,002,,EXACT_OUTLET;TIE_FSCSKEY_SEQ,EXACT_OUTLET;NOT_USPS_VALIDITY;NO_INVENTORY
48738,ZCTA_NEAREST_ACTIVE_OUTLET,MI0409,005,8.507,ZCTA_NN;R6371;TIE_FIRST_LEX,ZCTA_NN_HAVERSINE;NOT_ELIGIBILITY;NOT_USPS_VALIDITY;NO_INVENTORY
48739,EXACT_IMLS_OUTLET_ZIP,MI0171,007,,EXACT_OUTLET;TIE_FSCSKEY_SEQ,EXACT_OUTLET;NOT_USPS_VALIDITY;NO_INVENTORY
48740,EXACT_IMLS_OUTLET_ZIP,MI0409,002,,EXACT_OUTLET;TIE_FSCSKEY_SEQ,EXACT_OUTLET;NOT_USPS_VALIDITY;NO_INVENTORY
48741,EXACT_IMLS_OUTLET_ZIP,MI0176,002,,EXACT_OUTLET;TIE_FSCSKEY_SEQ,EXACT_OUTLET;NOT_USPS_VALIDITY;NO_INVENTORY
48742,EXACT_IMLS_OUTLET_ZIP,MI0409,004,,EXACT_OUTLET;TIE_FSCSKEY_SEQ,EXACT_OUTLET;NOT_USPS_VALIDITY;NO_INVENTORY
48743,ZCTA_NEAREST_ACTIVE_OUTLET,MI0171,007,8.238,ZCTA_NN;R6371;TIE_FIRST_LEX,ZCTA_NN_HAVERSINE;NOT_ELIGIBILITY;NOT_USPS_VALIDITY;NO_INVENTORY
48744,EXACT_IMLS_OUTLET_ZIP,MI0221,002,,EXACT_OUTLET;TIE_FSCSKEY_SEQ,EXACT_OUTLET;NOT_USPS_VALIDITY;NO_INVENTORY
48745,EXACT_IMLS_OUTLET_ZIP,MI0409,005,,EXACT_OUTLET;TIE_FSCSKEY_SEQ,EXACT_OUTLET;NOT_USPS_VALIDITY;NO_INVENTORY
48746,EXACT_IMLS_OUTLET_ZIP,MI0230,002,,EXACT_OUTLET;TIE_FSCSKEY_SEQ,EXACT_OUTLET;NOT_USPS_VALIDITY;NO_INVENTORY
48747,ZCTA_NEAREST_ACTIVE_OUTLET,MI0380,002,9.508,ZCTA_NN;R6371;TIE_FIRST_LEX,ZCTA_NN_HAVERSINE;NOT_ELIGIBILITY;NOT_USPS_VALIDITY;NO_INVENTORY
48748,ZCTA_NEAREST_ACTIVE_OUTLET,MI0171,007,10.214,ZCTA_NN;R6371;TIE_FIRST_LEX,ZCTA_NN_HAVERSINE;NOT_ELIGIBILITY;NOT_USPS_VALIDITY;NO_INVENTORY
48749,EXACT_IMLS_OUTLET_ZIP,MI0171,005,,EXACT_OUTLET;TIE_FSCSKEY_SEQ,EXACT_OUTLET;NOT_USPS_VALIDITY;NO_INVENTORY
48750,EXACT_IMLS_OUTLET_ZIP,MI0171,006,,EXACT_OUTLET;TIE_FSCSKEY_SEQ,EXACT_OUTLET;NOT_USPS_VALIDITY;NO_INVENTORY
48754,ZCTA_NEAREST_ACTIVE_OUTLET,MI0270,002,10.795,ZCTA_NN;R6371;TIE_FIRST_LEX,ZCTA_NN_HAVERSINE;NOT_ELIGIBILITY;NOT_USPS_VALIDITY;NO_INVENTORY
48755,EXACT_IMLS_OUTLET_ZIP,MI0270,002,,EXACT_OUTLET;TIE_FSCSKEY_SEQ,EXACT_OUTLET;NOT_USPS_VALIDITY;NO_INVENTORY
48756,EXACT_IMLS_OUTLET_ZIP,MI0253,003,,EXACT_OUTLET;TIE_FSCSKEY_SEQ,EXACT_OUTLET;NOT_USPS_VALIDITY;NO_INVENTORY
48757,EXACT_IMLS_OUTLET_ZIP,MI0380,002,,EXACT_OUTLET;TIE_FSCSKEY_SEQ,EXACT_OUTLET;NOT_USPS_VALIDITY;NO_INVENTORY
48758,OBSERVED_REFERENCE_INDIRECT_ONLY,,,,INDIRECT_IMLS_SC;NO_FABRICATED_NEAREST,INDIRECT_IMLS_SC;NO_FABRICATED_NEAREST;NOT_REJECTED;NOT_USPS_VALIDITY;NO_INVENTORY
48759,EXACT_IMLS_OUTLET_ZIP,MI9007,001,,EXACT_OUTLET;TIE_FSCSKEY_SEQ,EXACT_OUTLET;NOT_USPS_VALIDITY;NO_INVENTORY
48760,ZCTA_NEAREST_ACTIVE_OUTLET,MI0190,003,5.965,ZCTA_NN;R6371;TIE_FIRST_LEX,ZCTA_NN_HAVERSINE;NOT_ELIGIBILITY;NOT_USPS_VALIDITY;NO_INVENTORY
48761,ZCTA_NEAREST_ACTIVE_OUTLET,MI0417,002,14.558,ZCTA_NN;R6371;TIE_FIRST_LEX,ZCTA_NN_HAVERSINE;NOT_ELIGIBILITY;NOT_USPS_VALIDITY;NO_INVENTORY
48762,ZCTA_NEAREST_ACTIVE_OUTLET,MI0409,003,9.677,ZCTA_NN;R6371;TIE_FIRST_LEX,ZCTA_NN_HAVERSINE;NOT_ELIGIBILITY;NOT_USPS_VALIDITY;NO_INVENTORY
48763,EXACT_IMLS_OUTLET_ZIP,MI0171,009,,EXACT_OUTLET;TIE_FSCSKEY_SEQ,EXACT_OUTLET;NOT_USPS_VALIDITY;NO_INVENTORY
48764,OBSERVED_REFERENCE_INDIRECT_ONLY,,,,INDIRECT_IMLS_SC;NO_FABRICATED_NEAREST,INDIRECT_IMLS_SC;NO_FABRICATED_NEAREST;NOT_REJECTED;NOT_USPS_VALIDITY;NO_INVENTORY
48765,ZCTA_NEAREST_ACTIVE_OUTLET,MI0171,010,10.967,ZCTA_NN;R6371;TIE_FIRST_LEX,ZCTA_NN_HAVERSINE;NOT_ELIGIBILITY;NOT_USPS_VALIDITY;NO_INVENTORY
48766,ZCTA_NEAREST_ACTIVE_OUTLET,MI0171,005,6.960,ZCTA_NN;R6371;TIE_FIRST_LEX,ZCTA_NN_HAVERSINE;NOT_ELIGIBILITY;NOT_USPS_VALIDITY;NO_INVENTORY
48767,EXACT_IMLS_OUTLET_ZIP,MI0069,002,,EXACT_OUTLET;TIE_FSCSKEY_SEQ,EXACT_OUTLET;NOT_USPS_VALIDITY;NO_INVENTORY
48768,EXACT_IMLS_OUTLET_ZIP,MI0046,002,,EXACT_OUTLET;TIE_FSCSKEY_SEQ,EXACT_OUTLET;NOT_USPS_VALIDITY;NO_INVENTORY
48770,EXACT_IMLS_OUTLET_ZIP,MI0171,010,,EXACT_OUTLET;TIE_FSCSKEY_SEQ,EXACT_OUTLET;NOT_USPS_VALIDITY;NO_INVENTORY
48801,EXACT_IMLS_OUTLET_ZIP,MI0412,002,,EXACT_OUTLET;TIE_FSCSKEY_SEQ,EXACT_OUTLET;NOT_USPS_VALIDITY;NO_INVENTORY
48804,OBSERVED_REFERENCE_INDIRECT_ONLY,,,,INDIRECT_IMLS_SC;NO_FABRICATED_NEAREST,INDIRECT_IMLS_SC;NO_FABRICATED_NEAREST;NOT_REJECTED;NOT_USPS_VALIDITY;NO_INVENTORY
48806,EXACT_IMLS_OUTLET_ZIP,MI9010,001,,EXACT_OUTLET;TIE_FSCSKEY_SEQ,EXACT_OUTLET;NOT_USPS_VALIDITY;NO_INVENTORY
48807,ZCTA_NEAREST_ACTIVE_OUTLET,MI0100,002,6.952,ZCTA_NN;R6371;TIE_FIRST_LEX,ZCTA_NN_HAVERSINE;NOT_ELIGIBILITY;NOT_USPS_VALIDITY;NO_INVENTORY
48808,EXACT_IMLS_OUTLET_ZIP,MI9026,001,,EXACT_OUTLET;TIE_FSCSKEY_SEQ,EXACT_OUTLET;NOT_USPS_VALIDITY;NO_INVENTORY
48809,EXACT_IMLS_OUTLET_ZIP,MI0010,002,,EXACT_OUTLET;TIE_FSCSKEY_SEQ,EXACT_OUTLET;NOT_USPS_VALIDITY;NO_INVENTORY
48811,EXACT_IMLS_OUTLET_ZIP,MI0054,002,,EXACT_OUTLET;TIE_FSCSKEY_SEQ,EXACT_OUTLET;NOT_USPS_VALIDITY;NO_INVENTORY
48812,OBSERVED_REFERENCE_INDIRECT_ONLY,,,,INDIRECT_IMLS_SC;NO_FABRICATED_NEAREST,INDIRECT_IMLS_SC;NO_FABRICATED_NEAREST;NOT_REJECTED;NOT_USPS_VALIDITY;NO_INVENTORY
48813,EXACT_IMLS_OUTLET_ZIP,MI0061,002,,EXACT_OUTLET;TIE_FSCSKEY_SEQ,EXACT_OUTLET;NOT_USPS_VALIDITY;NO_INVENTORY
48815,EXACT_IMLS_OUTLET_ZIP,MI0303,003,,EXACT_OUTLET;TIE_FSCSKEY_SEQ,EXACT_OUTLET;NOT_USPS_VALIDITY;NO_INVENTORY
48816,ZCTA_NEAREST_ACTIVE_OUTLET,MI0310,008,6.922,ZCTA_NN;R6371;TIE_FIRST_LEX,ZCTA_NN_HAVERSINE;NOT_ELIGIBILITY;NOT_USPS_VALIDITY;NO_INVENTORY
48817,EXACT_IMLS_OUTLET_ZIP,MI0310,010,,EXACT_OUTLET;TIE_FSCSKEY_SEQ,EXACT_OUTLET;NOT_USPS_VALIDITY;NO_INVENTORY
48818,EXACT_IMLS_OUTLET_ZIP,MI0054,003,,EXACT_OUTLET;TIE_FSCSKEY_SEQ,EXACT_OUTLET;NOT_USPS_VALIDITY;NO_INVENTORY
48819,EXACT_IMLS_OUTLET_ZIP,MI0424,004,,EXACT_OUTLET;TIE_FSCSKEY_SEQ,EXACT_OUTLET;NOT_USPS_VALIDITY;NO_INVENTORY
48820,EXACT_IMLS_OUTLET_ZIP,MI0106,002,,EXACT_OUTLET;TIE_FSCSKEY_SEQ,EXACT_OUTLET;NOT_USPS_VALIDITY;NO_INVENTORY
48821,EXACT_IMLS_OUTLET_ZIP,MI0373,002,,EXACT_OUTLET;TIE_FSCSKEY_SEQ,EXACT_OUTLET;NOT_USPS_VALIDITY;NO_INVENTORY
48822,ZCTA_NEAREST_ACTIVE_OUTLET,MI0130,002,9.326,ZCTA_NN;R6371;TIE_FIRST_LEX,ZCTA_NN_HAVERSINE;NOT_ELIGIBILITY;NOT_USPS_VALIDITY;NO_INVENTORY
48823,EXACT_IMLS_OUTLET_ZIP,MI0093,002,,EXACT_OUTLET;TIE_FSCSKEY_SEQ,EXACT_OUTLET;NOT_USPS_VALIDITY;NO_INVENTORY
48824,ZCTA_NEAREST_ACTIVE_OUTLET,MI0093,002,2.548,ZCTA_NN;R6371;TIE_FIRST_LEX,ZCTA_NN_HAVERSINE;NOT_ELIGIBILITY;NOT_USPS_VALIDITY;NO_INVENTORY
48825,ZCTA_NEAREST_ACTIVE_OUTLET,MI0093,002,1.446,ZCTA_NN;R6371;TIE_FIRST_LEX,ZCTA_NN_HAVERSINE;NOT_ELIGIBILITY;NOT_USPS_VALIDITY;NO_INVENTORY
48826,OBSERVED_REFERENCE_INDIRECT_ONLY,,,,INDIRECT_IMLS_SC;NO_FABRICATED_NEAREST,INDIRECT_IMLS_SC;NO_FABRICATED_NEAREST;NOT_REJECTED;NOT_USPS_VALIDITY;NO_INVENTORY
48827,EXACT_IMLS_OUTLET_ZIP,MI0094,002,,EXACT_OUTLET;TIE_FSCSKEY_SEQ,EXACT_OUTLET;NOT_USPS_VALIDITY;NO_INVENTORY
48829,EXACT_IMLS_OUTLET_ZIP,MI0154,002,,EXACT_OUTLET;TIE_FSCSKEY_SEQ,EXACT_OUTLET;NOT_USPS_VALIDITY;NO_INVENTORY
48831,EXACT_IMLS_OUTLET_ZIP,MI0100,002,,EXACT_OUTLET;TIE_FSCSKEY_SEQ,EXACT_OUTLET;NOT_USPS_VALIDITY;NO_INVENTORY
48832,ZCTA_NEAREST_ACTIVE_OUTLET,MI0307,002,5.411,ZCTA_NN;R6371;TIE_FIRST_LEX,ZCTA_NN_HAVERSINE;NOT_ELIGIBILITY;NOT_USPS_VALIDITY;NO_INVENTORY
48834,ZCTA_NEAREST_ACTIVE_OUTLET,MI0054,002,15.901,ZCTA_NN;R6371;TIE_FIRST_LEX,ZCTA_NN_HAVERSINE;NOT_ELIGIBILITY;NOT_USPS_VALIDITY;NO_INVENTORY
48835,ZCTA_NEAREST_ACTIVE_OUTLET,MI0215,002,9.947,ZCTA_NN;R6371;TIE_FIRST_LEX,ZCTA_NN_HAVERSINE;NOT_ELIGIBILITY;NOT_USPS_VALIDITY;NO_INVENTORY
48836,EXACT_IMLS_OUTLET_ZIP,MI0113,002,,EXACT_OUTLET;TIE_FSCSKEY_SEQ,EXACT_OUTLET;NOT_USPS_VALIDITY;NO_INVENTORY
48837,EXACT_IMLS_OUTLET_ZIP,MI0130,002,,EXACT_OUTLET;TIE_FSCSKEY_SEQ,EXACT_OUTLET;NOT_USPS_VALIDITY;NO_INVENTORY
48838,EXACT_IMLS_OUTLET_ZIP,MI0133,002,,EXACT_OUTLET;TIE_FSCSKEY_SEQ,EXACT_OUTLET;NOT_USPS_VALIDITY;NO_INVENTORY
48840,EXACT_IMLS_OUTLET_ZIP,MI0424,005,,EXACT_OUTLET;TIE_FSCSKEY_SEQ,EXACT_OUTLET;NOT_USPS_VALIDITY;NO_INVENTORY
48841,ZCTA_NEAREST_ACTIVE_OUTLET,MI0100,002,12.421,ZCTA_NN;R6371;TIE_FIRST_LEX,ZCTA_NN_HAVERSINE;NOT_ELIGIBILITY;NOT_USPS_VALIDITY;NO_INVENTORY
48842,EXACT_IMLS_OUTLET_ZIP,MI0424,006,,EXACT_OUTLET;TIE_FSCSKEY_SEQ,EXACT_OUTLET;NOT_USPS_VALIDITY;NO_INVENTORY
48843,EXACT_IMLS_OUTLET_ZIP,MI0160,002,,EXACT_OUTLET;TIE_FSCSKEY_SEQ,EXACT_OUTLET;NOT_USPS_VALIDITY;NO_INVENTORY
48844,OBSERVED_REFERENCE_INDIRECT_ONLY,,,,INDIRECT_IMLS_SC;NO_FABRICATED_NEAREST,INDIRECT_IMLS_SC;NO_FABRICATED_NEAREST;NOT_REJECTED;NOT_USPS_VALIDITY;NO_INVENTORY
48845,ZCTA_NEAREST_ACTIVE_OUTLET,MI0054,002,7.355,ZCTA_NN;R6371;TIE_FIRST_LEX,ZCTA_NN_HAVERSINE;NOT_ELIGIBILITY;NOT_USPS_VALIDITY;NO_INVENTORY
48846,EXACT_IMLS_OUTLET_ZIP,MI0136,002,,EXACT_OUTLET;TIE_FSCSKEY_SEQ,EXACT_OUTLET;NOT_USPS_VALIDITY;NO_INVENTORY
48847,EXACT_IMLS_OUTLET_ZIP,MI0337,002,,EXACT_OUTLET;TIE_FSCSKEY_SEQ,EXACT_OUTLET;NOT_USPS_VALIDITY;NO_INVENTORY
48848,EXACT_IMLS_OUTLET_ZIP,MI0186,002,,EXACT_OUTLET;TIE_FSCSKEY_SEQ,EXACT_OUTLET;NOT_USPS_VALIDITY;NO_INVENTORY
48849,EXACT_IMLS_OUTLET_ZIP,MI0188,002,,EXACT_OUTLET;TIE_FSCSKEY_SEQ,EXACT_OUTLET;NOT_USPS_VALIDITY;NO_INVENTORY
48850,EXACT_IMLS_OUTLET_ZIP,MI0331,002,,EXACT_OUTLET;TIE_FSCSKEY_SEQ,EXACT_OUTLET;NOT_USPS_VALIDITY;NO_INVENTORY
48851,EXACT_IMLS_OUTLET_ZIP,MI0205,002,,EXACT_OUTLET;TIE_FSCSKEY_SEQ,EXACT_OUTLET;NOT_USPS_VALIDITY;NO_INVENTORY
48852,ZCTA_NEAREST_ACTIVE_OUTLET,MI0154,002,6.181,ZCTA_NN;R6371;TIE_FIRST_LEX,ZCTA_NN_HAVERSINE;NOT_ELIGIBILITY;NOT_USPS_VALIDITY;NO_INVENTORY
48853,EXACT_IMLS_OUTLET_ZIP,MI0215,002,,EXACT_OUTLET;TIE_FSCSKEY_SEQ,EXACT_OUTLET;NOT_USPS_VALIDITY;NO_INVENTORY
48854,EXACT_IMLS_OUTLET_ZIP,MI0424,008,,EXACT_OUTLET;TIE_FSCSKEY_SEQ,EXACT_OUTLET;NOT_USPS_VALIDITY;NO_INVENTORY
48855,ZCTA_NEAREST_ACTIVE_OUTLET,MI0160,002,8.621,ZCTA_NN;R6371;TIE_FIRST_LEX,ZCTA_NN_HAVERSINE;NOT_ELIGIBILITY;NOT_USPS_VALIDITY;NO_INVENTORY
48856,ZCTA_NEAREST_ACTIVE_OUTLET,MI0054,002,9.447,ZCTA_NN;R6371;TIE_FIRST_LEX,ZCTA_NN_HAVERSINE;NOT_ELIGIBILITY;NOT_USPS_VALIDITY;NO_INVENTORY
48857,EXACT_IMLS_OUTLET_ZIP,MI0310,003,,EXACT_OUTLET;TIE_FSCSKEY_SEQ,EXACT_OUTLET;NOT_USPS_VALIDITY;NO_INVENTORY
48858,EXACT_IMLS_OUTLET_ZIP,MI0348,002,,EXACT_OUTLET;TIE_FSCSKEY_SEQ,EXACT_OUTLET;NOT_USPS_VALIDITY;NO_INVENTORY
48859,ZCTA_NEAREST_ACTIVE_OUTLET,MI0348,002,1.739,ZCTA_NN;R6371;TIE_FIRST_LEX,ZCTA_NN_HAVERSINE;NOT_ELIGIBILITY;NOT_USPS_VALIDITY;NO_INVENTORY
48860,ZCTA_NEAREST_ACTIVE_OUTLET,MI0205,002,8.157,ZCTA_NN;R6371;TIE_FIRST_LEX,ZCTA_NN_HAVERSINE;NOT_ELIGIBILITY;NOT_USPS_VALIDITY;NO_INVENTORY
48861,EXACT_IMLS_OUTLET_ZIP,MI0238,002,,EXACT_OUTLET;TIE_FSCSKEY_SEQ,EXACT_OUTLET;NOT_USPS_VALIDITY;NO_INVENTORY
48862,ZCTA_NEAREST_ACTIVE_OUTLET,MI0337,002,6.723,ZCTA_NN;R6371;TIE_FIRST_LEX,ZCTA_NN_HAVERSINE;NOT_ELIGIBILITY;NOT_USPS_VALIDITY;NO_INVENTORY
48864,EXACT_IMLS_OUTLET_ZIP,MI0424,009,,EXACT_OUTLET;TIE_FSCSKEY_SEQ,EXACT_OUTLET;NOT_USPS_VALIDITY;NO_INVENTORY
48865,ZCTA_NEAREST_ACTIVE_OUTLET,MI0010,002,9.916,ZCTA_NN;R6371;TIE_FIRST_LEX,ZCTA_NN_HAVERSINE;NOT_ELIGIBILITY;NOT_USPS_VALIDITY;NO_INVENTORY
48866,EXACT_IMLS_OUTLET_ZIP,MI0260,002,,EXACT_OUTLET;TIE_FSCSKEY_SEQ,EXACT_OUTLET;NOT_USPS_VALIDITY;NO_INVENTORY
48867,EXACT_IMLS_OUTLET_ZIP,MI0261,002,,EXACT_OUTLET;TIE_FSCSKEY_SEQ,EXACT_OUTLET;NOT_USPS_VALIDITY;NO_INVENTORY
48870,ZCTA_NEAREST_ACTIVE_OUTLET,MI0054,002,13.441,ZCTA_NN;R6371;TIE_FIRST_LEX,ZCTA_NN_HAVERSINE;NOT_ELIGIBILITY;NOT_USPS_VALIDITY;NO_INVENTORY
48871,ZCTA_NEAREST_ACTIVE_OUTLET,MI0215,002,6.026,ZCTA_NN;R6371;TIE_FIRST_LEX,ZCTA_NN_HAVERSINE;NOT_ELIGIBILITY;NOT_USPS_VALIDITY;NO_INVENTORY
48872,EXACT_IMLS_OUTLET_ZIP,MI0310,011,,EXACT_OUTLET;TIE_FSCSKEY_SEQ,EXACT_OUTLET;NOT_USPS_VALIDITY;NO_INVENTORY
48873,ZCTA_NEAREST_ACTIVE_OUTLET,MI0205,002,10.078,ZCTA_NN;R6371;TIE_FIRST_LEX,ZCTA_NN_HAVERSINE;NOT_ELIGIBILITY;NOT_USPS_VALIDITY;NO_INVENTORY
48874,ZCTA_NEAREST_ACTIVE_OUTLET,MI9010,001,9.818,ZCTA_NN;R6371;TIE_FIRST_LEX,ZCTA_NN_HAVERSINE;NOT_ELIGIBILITY;NOT_USPS_VALIDITY;NO_INVENTORY
48875,EXACT_IMLS_OUTLET_ZIP,MI0278,002,,EXACT_OUTLET;TIE_FSCSKEY_SEQ,EXACT_OUTLET;NOT_USPS_VALIDITY;NO_INVENTORY
48876,EXACT_IMLS_OUTLET_ZIP,MI0028,002,,EXACT_OUTLET;TIE_FSCSKEY_SEQ,EXACT_OUTLET;NOT_USPS_VALIDITY;NO_INVENTORY
48877,EXACT_IMLS_OUTLET_ZIP,MI0307,002,,EXACT_OUTLET;TIE_FSCSKEY_SEQ,EXACT_OUTLET;NOT_USPS_VALIDITY;NO_INVENTORY
48878,EXACT_IMLS_OUTLET_ZIP,MI0348,006,,EXACT_OUTLET;TIE_FSCSKEY_SEQ,EXACT_OUTLET;NOT_USPS_VALIDITY;NO_INVENTORY
48879,EXACT_IMLS_OUTLET_ZIP,MI0026,003,,EXACT_OUTLET;TIE_FSCSKEY_SEQ,EXACT_OUTLET;NOT_USPS_VALIDITY;NO_INVENTORY
48880,EXACT_IMLS_OUTLET_ZIP,MI0335,002,,EXACT_OUTLET;TIE_FSCSKEY_SEQ,EXACT_OUTLET;NOT_USPS_VALIDITY;NO_INVENTORY
48881,EXACT_IMLS_OUTLET_ZIP,MI0303,002,,EXACT_OUTLET;TIE_FSCSKEY_SEQ,EXACT_OUTLET;NOT_USPS_VALIDITY;NO_INVENTORY
48883,EXACT_IMLS_OUTLET_ZIP,MI0348,003,,EXACT_OUTLET;TIE_FSCSKEY_SEQ,EXACT_OUTLET;NOT_USPS_VALIDITY;NO_INVENTORY
48884,ZCTA_NEAREST_ACTIVE_OUTLET,MI0368,002,9.901,ZCTA_NN;R6371;TIE_FIRST_LEX,ZCTA_NN_HAVERSINE;NOT_ELIGIBILITY;NOT_USPS_VALIDITY;NO_INVENTORY
48885,ZCTA_NEAREST_ACTIVE_OUTLET,MI0368,002,8.469,ZCTA_NN;R6371;TIE_FIRST_LEX,ZCTA_NN_HAVERSINE;NOT_ELIGIBILITY;NOT_USPS_VALIDITY;NO_INVENTORY
48886,ZCTA_NEAREST_ACTIVE_OUTLET,MI0331,002,9.497,ZCTA_NN;R6371;TIE_FIRST_LEX,ZCTA_NN_HAVERSINE;NOT_ELIGIBILITY;NOT_USPS_VALIDITY;NO_INVENTORY
48888,EXACT_IMLS_OUTLET_ZIP,MI0368,002,,EXACT_OUTLET;TIE_FSCSKEY_SEQ,EXACT_OUTLET;NOT_USPS_VALIDITY;NO_INVENTORY
48889,ZCTA_NEAREST_ACTIVE_OUTLET,MI0054,003,9.074,ZCTA_NN;R6371;TIE_FIRST_LEX,ZCTA_NN_HAVERSINE;NOT_ELIGIBILITY;NOT_USPS_VALIDITY;NO_INVENTORY
48890,EXACT_IMLS_OUTLET_ZIP,MI0327,002,,EXACT_OUTLET;TIE_FSCSKEY_SEQ,EXACT_OUTLET;NOT_USPS_VALIDITY;NO_INVENTORY
48891,EXACT_IMLS_OUTLET_ZIP,MI0289,002,,EXACT_OUTLET;TIE_FSCSKEY_SEQ,EXACT_OUTLET;NOT_USPS_VALIDITY;NO_INVENTORY
48892,EXACT_IMLS_OUTLET_ZIP,MI0424,011,,EXACT_OUTLET;TIE_FSCSKEY_SEQ,EXACT_OUTLET;NOT_USPS_VALIDITY;NO_INVENTORY
48893,EXACT_IMLS_OUTLET_ZIP,MI0432,001,,EXACT_OUTLET;TIE_FSCSKEY_SEQ,EXACT_OUTLET;NOT_USPS_VALIDITY;NO_INVENTORY
48894,ZCTA_NEAREST_ACTIVE_OUTLET,MI0278,002,11.190,ZCTA_NN;R6371;TIE_FIRST_LEX,ZCTA_NN_HAVERSINE;NOT_ELIGIBILITY;NOT_USPS_VALIDITY;NO_INVENTORY
48895,EXACT_IMLS_OUTLET_ZIP,MI0424,012,,EXACT_OUTLET;TIE_FSCSKEY_SEQ,EXACT_OUTLET;NOT_USPS_VALIDITY;NO_INVENTORY
48896,EXACT_IMLS_OUTLET_ZIP,MI0348,004,,EXACT_OUTLET;TIE_FSCSKEY_SEQ,EXACT_OUTLET;NOT_USPS_VALIDITY;NO_INVENTORY
48897,EXACT_IMLS_OUTLET_ZIP,MI0376,002,,EXACT_OUTLET;TIE_FSCSKEY_SEQ,EXACT_OUTLET;NOT_USPS_VALIDITY;NO_INVENTORY
48901,OBSERVED_REFERENCE_INDIRECT_ONLY,,,,INDIRECT_IMLS_SC;NO_FABRICATED_NEAREST,INDIRECT_IMLS_SC;NO_FABRICATED_NEAREST;NOT_REJECTED;NOT_USPS_VALIDITY;NO_INVENTORY
48906,ZCTA_NEAREST_ACTIVE_OUTLET,MI0106,002,4.165,ZCTA_NN;R6371;TIE_FIRST_LEX,ZCTA_NN_HAVERSINE;NOT_ELIGIBILITY;NOT_USPS_VALIDITY;NO_INVENTORY
48908,OBSERVED_REFERENCE_INDIRECT_ONLY,,,,INDIRECT_IMLS_SC;NO_FABRICATED_NEAREST,INDIRECT_IMLS_SC;NO_FABRICATED_NEAREST;NOT_REJECTED;NOT_USPS_VALIDITY;NO_INVENTORY
48909,OBSERVED_REFERENCE_INDIRECT_ONLY,,,,INDIRECT_IMLS_SC;NO_FABRICATED_NEAREST,INDIRECT_IMLS_SC;NO_FABRICATED_NEAREST;NOT_REJECTED;NOT_USPS_VALIDITY;NO_INVENTORY
48910,EXACT_IMLS_OUTLET_ZIP,MI0424,015,,EXACT_OUTLET;TIE_FSCSKEY_SEQ,EXACT_OUTLET;NOT_USPS_VALIDITY;NO_INVENTORY
48911,ZCTA_NEAREST_ACTIVE_OUTLET,MI0424,015,3.337,ZCTA_NN;R6371;TIE_FIRST_LEX,ZCTA_NN_HAVERSINE;NOT_ELIGIBILITY;NOT_USPS_VALIDITY;NO_INVENTORY
48912,EXACT_IMLS_OUTLET_ZIP,MI0424,014,,EXACT_OUTLET;TIE_FSCSKEY_SEQ,EXACT_OUTLET;NOT_USPS_VALIDITY;NO_INVENTORY
48915,ZCTA_NEAREST_ACTIVE_OUTLET,MI0424,002,1.801,ZCTA_NN;R6371;TIE_FIRST_LEX,ZCTA_NN_HAVERSINE;NOT_ELIGIBILITY;NOT_USPS_VALIDITY;NO_INVENTORY
