input_zip,route_class,fscskey,fscs_seq,distance_km,routing_basis,confidence_note
00501,OBSERVED_REFERENCE_INDIRECT_ONLY,,,,INDIRECT_IMLS_SC;NO_FABRICATED_NEAREST,INDIRECT_IMLS_SC;NO_FABRICATED_NEAREST;NOT_REJECTED;NOT_USPS_VALIDITY;NO_INVENTORY
00601,ZCTA_NEAREST_ACTIVE_OUTLET,FL0048,003,1607.896,ZCTA_NN;R6371;TIE_FIRST_LEX,ZCTA_NN_HAVERSINE;NOT_ELIGIBILITY;NOT_USPS_VALIDITY;NO_INVENTORY
00602,ZCTA_NEAREST_ACTIVE_OUTLET,FL0048,003,1558.992,ZCTA_NN;R6371;TIE_FIRST_LEX,ZCTA_NN_HAVERSINE;NOT_ELIGIBILITY;NOT_USPS_VALIDITY;NO_INVENTORY
00603,ZCTA_NEAREST_ACTIVE_OUTLET,FL0048,003,1558.135,ZCTA_NN;R6371;TIE_FIRST_LEX,ZCTA_NN_HAVERSINE;NOT_ELIGIBILITY;NOT_USPS_VALIDITY;NO_INVENTORY
00606,ZCTA_NEAREST_ACTIVE_OUTLET,FL0048,003,1592.659,ZCTA_NN;R6371;TIE_FIRST_LEX,ZCTA_NN_HAVERSINE;NOT_ELIGIBILITY;NOT_USPS_VALIDITY;NO_INVENTORY
00610,ZCTA_NEAREST_ACTIVE_OUTLET,FL0048,003,1567.385,ZCTA_NN;R6371;TIE_FIRST_LEX,ZCTA_NN_HAVERSINE;NOT_ELIGIBILITY;NOT_USPS_VALIDITY;NO_INVENTORY
00611,ZCTA_NEAREST_ACTIVE_OUTLET,FL0048,003,1597.244,ZCTA_NN;R6371;TIE_FIRST_LEX,ZCTA_NN_HAVERSINE;NOT_ELIGIBILITY;NOT_USPS_VALIDITY;NO_INVENTORY
00612,ZCTA_NEAREST_ACTIVE_OUTLET,FL0048,003,1599.690,ZCTA_NN;R6371;TIE_FIRST_LEX,ZCTA_NN_HAVERSINE;NOT_ELIGIBILITY;NOT_USPS_VALIDITY;NO_INVENTORY
00616,ZCTA_NEAREST_ACTIVE_OUTLET,FL0048,003,1601.424,ZCTA_NN;R6371;TIE_FIRST_LEX,ZCTA_NN_HAVERSINE;NOT_ELIGIBILITY;NOT_USPS_VALIDITY;NO_INVENTORY
00617,ZCTA_NEAREST_ACTIVE_OUTLET,FL0048,003,1610.082,ZCTA_NN;R6371;TIE_FIRST_LEX,ZCTA_NN_HAVERSINE;NOT_ELIGIBILITY;NOT_USPS_VALIDITY;NO_INVENTORY
00622,ZCTA_NEAREST_ACTIVE_OUTLET,FL0048,003,1582.218,ZCTA_NN;R6371;TIE_FIRST_LEX,ZCTA_NN_HAVERSINE;NOT_ELIGIBILITY;NOT_USPS_VALIDITY;NO_INVENTORY
00623,ZCTA_NEAREST_ACTIVE_OUTLET,FL0048,003,1576.652,ZCTA_NN;R6371;TIE_FIRST_LEX,ZCTA_NN_HAVERSINE;NOT_ELIGIBILITY;NOT_USPS_VALIDITY;NO_INVENTORY
00624,ZCTA_NEAREST_ACTIVE_OUTLET,FL0048,003,1617.869,ZCTA_NN;R6371;TIE_FIRST_LEX,ZCTA_NN_HAVERSINE;NOT_ELIGIBILITY;NOT_USPS_VALIDITY;NO_INVENTORY
00627,ZCTA_NEAREST_ACTIVE_OUTLET,FL0048,003,1584.401,ZCTA_NN;R6371;TIE_FIRST_LEX,ZCTA_NN_HAVERSINE;NOT_ELIGIBILITY;NOT_USPS_VALIDITY;NO_INVENTORY
00631,ZCTA_NEAREST_ACTIVE_OUTLET,FL0048,003,1600.387,ZCTA_NN;R6371;TIE_FIRST_LEX,ZCTA_NN_HAVERSINE;NOT_ELIGIBILITY;NOT_USPS_VALIDITY;NO_INVENTORY
00636,ZCTA_NEAREST_ACTIVE_OUTLET,FL0048,003,1579.080,ZCTA_NN;R6371;TIE_FIRST_LEX,ZCTA_NN_HAVERSINE;NOT_ELIGIBILITY;NOT_USPS_VALIDITY;NO_INVENTORY
00637,ZCTA_NEAREST_ACTIVE_OUTLET,FL0048,003,1595.838,ZCTA_NN;R6371;TIE_FIRST_LEX,ZCTA_NN_HAVERSINE;NOT_ELIGIBILITY;NOT_USPS_VALIDITY;NO_INVENTORY
00638,ZCTA_NEAREST_ACTIVE_OUTLET,FL0048,003,1623.760,ZCTA_NN;R6371;TIE_FIRST_LEX,ZCTA_NN_HAVERSINE;NOT_ELIGIBILITY;NOT_USPS_VALIDITY;NO_INVENTORY
00641,ZCTA_NEAREST_ACTIVE_OUTLET,FL0048,003,1607.277,ZCTA_NN;R6371;TIE_FIRST_LEX,ZCTA_NN_HAVERSINE;NOT_ELIGIBILITY;NOT_USPS_VALIDITY;NO_INVENTORY
00646,ZCTA_NEAREST_ACTIVE_OUTLET,FL0048,003,1635.587,ZCTA_NN;R6371;TIE_FIRST_LEX,ZCTA_NN_HAVERSINE;NOT_ELIGIBILITY;NOT_USPS_VALIDITY;NO_INVENTORY
00647,ZCTA_NEAREST_ACTIVE_OUTLET,FL0048,003,1602.753,ZCTA_NN;R6371;TIE_FIRST_LEX,ZCTA_NN_HAVERSINE;NOT_ELIGIBILITY;NOT_USPS_VALIDITY;NO_INVENTORY
00650,ZCTA_NEAREST_ACTIVE_OUTLET,FL0048,003,1613.966,ZCTA_NN;R6371;TIE_FIRST_LEX,ZCTA_NN_HAVERSINE;NOT_ELIGIBILITY;NOT_USPS_VALIDITY;NO_INVENTORY
00652,ZCTA_NEAREST_ACTIVE_OUTLET,FL0048,003,1606.982,ZCTA_NN;R6371;TIE_FIRST_LEX,ZCTA_NN_HAVERSINE;NOT_ELIGIBILITY;NOT_USPS_VALIDITY;NO_INVENTORY
00653,ZCTA_NEAREST_ACTIVE_OUTLET,FL0048,003,1605.355,ZCTA_NN;R6371;TIE_FIRST_LEX,ZCTA_NN_HAVERSINE;NOT_ELIGIBILITY;NOT_USPS_VALIDITY;NO_INVENTORY
00656,ZCTA_NEAREST_ACTIVE_OUTLET,FL0048,003,1612.411,ZCTA_NN;R6371;TIE_FIRST_LEX,ZCTA_NN_HAVERSINE;NOT_ELIGIBILITY;NOT_USPS_VALIDITY;NO_INVENTORY
00659,ZCTA_NEAREST_ACTIVE_OUTLET,FL0048,003,1589.668,ZCTA_NN;R6371;TIE_FIRST_LEX,ZCTA_NN_HAVERSINE;NOT_ELIGIBILITY;NOT_USPS_VALIDITY;NO_INVENTORY
00660,ZCTA_NEAREST_ACTIVE_OUTLET,FL0048,003,1577.523,ZCTA_NN;R6371;TIE_FIRST_LEX,ZCTA_NN_HAVERSINE;NOT_ELIGIBILITY;NOT_USPS_VALIDITY;NO_INVENTORY
00662,ZCTA_NEAREST_ACTIVE_OUTLET,FL0048,003,1567.429,ZCTA_NN;R6371;TIE_FIRST_LEX,ZCTA_NN_HAVERSINE;NOT_ELIGIBILITY;NOT_USPS_VALIDITY;NO_INVENTORY
00664,ZCTA_NEAREST_ACTIVE_OUTLET,FL0048,003,1620.560,ZCTA_NN;R6371;TIE_FIRST_LEX,ZCTA_NN_HAVERSINE;NOT_ELIGIBILITY;NOT_USPS_VALIDITY;NO_INVENTORY
00667,ZCTA_NEAREST_ACTIVE_OUTLET,FL0048,003,1592.435,ZCTA_NN;R6371;TIE_FIRST_LEX,ZCTA_NN_HAVERSINE;NOT_ELIGIBILITY;NOT_USPS_VALIDITY;NO_INVENTORY
00669,ZCTA_NEAREST_ACTIVE_OUTLET,FL0048,003,1591.550,ZCTA_NN;R6371;TIE_FIRST_LEX,ZCTA_NN_HAVERSINE;NOT_ELIGIBILITY;NOT_USPS_VALIDITY;NO_INVENTORY
00670,ZCTA_NEAREST_ACTIVE_OUTLET,FL0048,003,1583.271,ZCTA_NN;R6371;TIE_FIRST_LEX,ZCTA_NN_HAVERSINE;NOT_ELIGIBILITY;NOT_USPS_VALIDITY;NO_INVENTORY
00674,ZCTA_NEAREST_ACTIVE_OUTLET,FL0048,003,1617.934,ZCTA_NN;R6371;TIE_FIRST_LEX,ZCTA_NN_HAVERSINE;NOT_ELIGIBILITY;NOT_USPS_VALIDITY;NO_INVENTORY
00676,ZCTA_NEAREST_ACTIVE_OUTLET,FL0048,003,1566.435,ZCTA_NN;R6371;TIE_FIRST_LEX,ZCTA_NN_HAVERSINE;NOT_ELIGIBILITY;NOT_USPS_VALIDITY;NO_INVENTORY
00677,ZCTA_NEAREST_ACTIVE_OUTLET,FL0048,003,1556.126,ZCTA_NN;R6371;TIE_FIRST_LEX,ZCTA_NN_HAVERSINE;NOT_ELIGIBILITY;NOT_USPS_VALIDITY;NO_INVENTORY
00678,ZCTA_NEAREST_ACTIVE_OUTLET,FL0048,003,1577.310,ZCTA_NN;R6371;TIE_FIRST_LEX,ZCTA_NN_HAVERSINE;NOT_ELIGIBILITY;NOT_USPS_VALIDITY;NO_INVENTORY
00680,ZCTA_NEAREST_ACTIVE_OUTLET,FL0048,003,1573.743,ZCTA_NN;R6371;TIE_FIRST_LEX,ZCTA_NN_HAVERSINE;NOT_ELIGIBILITY;NOT_USPS_VALIDITY;NO_INVENTORY
00682,ZCTA_NEAREST_ACTIVE_OUTLET,FL0048,003,1568.867,ZCTA_NN;R6371;TIE_FIRST_LEX,ZCTA_NN_HAVERSINE;NOT_ELIGIBILITY;NOT_USPS_VALIDITY;NO_INVENTORY
00683,ZCTA_NEAREST_ACTIVE_OUTLET,FL0048,003,1586.190,ZCTA_NN;R6371;TIE_FIRST_LEX,ZCTA_NN_HAVERSINE;NOT_ELIGIBILITY;NOT_USPS_VALIDITY;NO_INVENTORY
00685,ZCTA_NEAREST_ACTIVE_OUTLET,FL0048,003,1578.763,ZCTA_NN;R6371;TIE_FIRST_LEX,ZCTA_NN_HAVERSINE;NOT_ELIGIBILITY;NOT_USPS_VALIDITY;NO_INVENTORY
00687,ZCTA_NEAREST_ACTIVE_OUTLET,FL0048,003,1630.106,ZCTA_NN;R6371;TIE_FIRST_LEX,ZCTA_NN_HAVERSINE;NOT_ELIGIBILITY;NOT_USPS_VALIDITY;NO_INVENTORY
00688,ZCTA_NEAREST_ACTIVE_OUTLET,FL0048,003,1607.607,ZCTA_NN;R6371;TIE_FIRST_LEX,ZCTA_NN_HAVERSINE;NOT_ELIGIBILITY;NOT_USPS_VALIDITY;NO_INVENTORY
00690,ZCTA_NEAREST_ACTIVE_OUTLET,FL0048,003,1558.626,ZCTA_NN;R6371;TIE_FIRST_LEX,ZCTA_NN_HAVERSINE;NOT_ELIGIBILITY;NOT_USPS_VALIDITY;NO_INVENTORY
00692,ZCTA_NEAREST_ACTIVE_OUTLET,FL0048,003,1632.687,ZCTA_NN;R6371;TIE_FIRST_LEX,ZCTA_NN_HAVERSINE;NOT_ELIGIBILITY;NOT_USPS_VALIDITY;NO_INVENTORY
00693,ZCTA_NEAREST_ACTIVE_OUTLET,FL0048,003,1626.168,ZCTA_NN;R6371;TIE_FIRST_LEX,ZCTA_NN_HAVERSINE;NOT_ELIGIBILITY;NOT_USPS_VALIDITY;NO_INVENTORY
00694,ZCTA_NEAREST_ACTIVE_OUTLET,FL0048,003,1623.507,ZCTA_NN;R6371;TIE_FIRST_LEX,ZCTA_NN_HAVERSINE;NOT_ELIGIBILITY;NOT_USPS_VALIDITY;NO_INVENTORY
00698,ZCTA_NEAREST_ACTIVE_OUTLET,FL0048,003,1604.967,ZCTA_NN;R6371;TIE_FIRST_LEX,ZCTA_NN_HAVERSINE;NOT_ELIGIBILITY;NOT_USPS_VALIDITY;NO_INVENTORY
00703,ZCTA_NEAREST_ACTIVE_OUTLET,FL0048,003,1660.521,ZCTA_NN;R6371;TIE_FIRST_LEX,ZCTA_NN_HAVERSINE;NOT_ELIGIBILITY;NOT_USPS_VALIDITY;NO_INVENTORY
00704,ZCTA_NEAREST_ACTIVE_OUTLET,FL0048,003,1666.983,ZCTA_NN;R6371;TIE_FIRST_LEX,ZCTA_NN_HAVERSINE;NOT_ELIGIBILITY;NOT_USPS_VALIDITY;NO_INVENTORY
00705,ZCTA_NEAREST_ACTIVE_OUTLET,FL0048,003,1654.718,ZCTA_NN;R6371;TIE_FIRST_LEX,ZCTA_NN_HAVERSINE;NOT_ELIGIBILITY;NOT_USPS_VALIDITY;NO_INVENTORY
00707,ZCTA_NEAREST_ACTIVE_OUTLET,FL0048,003,1692.734,ZCTA_NN;R6371;TIE_FIRST_LEX,ZCTA_NN_HAVERSINE;NOT_ELIGIBILITY;NOT_USPS_VALIDITY;NO_INVENTORY
00714,ZCTA_NEAREST_ACTIVE_OUTLET,FL0048,003,1681.465,ZCTA_NN;R6371;TIE_FIRST_LEX,ZCTA_NN_HAVERSINE;NOT_ELIGIBILITY;NOT_USPS_VALIDITY;NO_INVENTORY
00715,ZCTA_NEAREST_ACTIVE_OUTLET,FL0048,003,1635.464,ZCTA_NN;R6371;TIE_FIRST_LEX,ZCTA_NN_HAVERSINE;NOT_ELIGIBILITY;NOT_USPS_VALIDITY;NO_INVENTORY
00716,ZCTA_NEAREST_ACTIVE_OUTLET,FL0048,003,1632.118,ZCTA_NN;R6371;TIE_FIRST_LEX,ZCTA_NN_HAVERSINE;NOT_ELIGIBILITY;NOT_USPS_VALIDITY;NO_INVENTORY
00717,ZCTA_NEAREST_ACTIVE_OUTLET,FL0048,003,1630.716,ZCTA_NN;R6371;TIE_FIRST_LEX,ZCTA_NN_HAVERSINE;NOT_ELIGIBILITY;NOT_USPS_VALIDITY;NO_INVENTORY
00718,ZCTA_NEAREST_ACTIVE_OUTLET,FL0048,003,1695.770,ZCTA_NN;R6371;TIE_FIRST_LEX,ZCTA_NN_HAVERSINE;NOT_ELIGIBILITY;NOT_USPS_VALIDITY;NO_INVENTORY
00719,ZCTA_NEAREST_ACTIVE_OUTLET,FL0048,003,1646.933,ZCTA_NN;R6371;TIE_FIRST_LEX,ZCTA_NN_HAVERSINE;NOT_ELIGIBILITY;NOT_USPS_VALIDITY;NO_INVENTORY
00720,ZCTA_NEAREST_ACTIVE_OUTLET,FL0048,003,1635.488,ZCTA_NN;R6371;TIE_FIRST_LEX,ZCTA_NN_HAVERSINE;NOT_ELIGIBILITY;NOT_USPS_VALIDITY;NO_INVENTORY
00723,ZCTA_NEAREST_ACTIVE_OUTLET,FL0048,003,1685.059,ZCTA_NN;R6371;TIE_FIRST_LEX,ZCTA_NN_HAVERSINE;NOT_ELIGIBILITY;NOT_USPS_VALIDITY;NO_INVENTORY
00725,ZCTA_NEAREST_ACTIVE_OUTLET,FL0048,003,1670.352,ZCTA_NN;R6371;TIE_FIRST_LEX,ZCTA_NN_HAVERSINE;NOT_ELIGIBILITY;NOT_USPS_VALIDITY;NO_INVENTORY
00727,ZCTA_NEAREST_ACTIVE_OUTLET,FL0048,003,1667.743,ZCTA_NN;R6371;TIE_FIRST_LEX,ZCTA_NN_HAVERSINE;NOT_ELIGIBILITY;NOT_USPS_VALIDITY;NO_INVENTORY
00728,ZCTA_NEAREST_ACTIVE_OUTLET,FL0048,003,1626.692,ZCTA_NN;R6371;TIE_FIRST_LEX,ZCTA_NN_HAVERSINE;NOT_ELIGIBILITY;NOT_USPS_VALIDITY;NO_INVENTORY
00729,ZCTA_NEAREST_ACTIVE_OUTLET,FL0048,003,1678.360,ZCTA_NN;R6371;TIE_FIRST_LEX,ZCTA_NN_HAVERSINE;NOT_ELIGIBILITY;NOT_USPS_VALIDITY;NO_INVENTORY
00730,ZCTA_NEAREST_ACTIVE_OUTLET,FL0048,003,1629.021,ZCTA_NN;R6371;TIE_FIRST_LEX,ZCTA_NN_HAVERSINE;NOT_ELIGIBILITY;NOT_USPS_VALIDITY;NO_INVENTORY
00731,ZCTA_NEAREST_ACTIVE_OUTLET,FL0048,003,1622.294,ZCTA_NN;R6371;TIE_FIRST_LEX,ZCTA_NN_HAVERSINE;NOT_ELIGIBILITY;NOT_USPS_VALIDITY;NO_INVENTORY
00735,ZCTA_NEAREST_ACTIVE_OUTLET,FL0048,003,1703.009,ZCTA_NN;R6371;TIE_FIRST_LEX,ZCTA_NN_HAVERSINE;NOT_ELIGIBILITY;NOT_USPS_VALIDITY;NO_INVENTORY
00736,ZCTA_NEAREST_ACTIVE_OUTLET,FL0048,003,1666.630,ZCTA_NN;R6371;TIE_FIRST_LEX,ZCTA_NN_HAVERSINE;NOT_ELIGIBILITY;NOT_USPS_VALIDITY;NO_INVENTORY
00738,ZCTA_NEAREST_ACTIVE_OUTLET,FL0048,003,1697.120,ZCTA_NN;R6371;TIE_FIRST_LEX,ZCTA_NN_HAVERSINE;NOT_ELIGIBILITY;NOT_USPS_VALIDITY;NO_INVENTORY
00739,ZCTA_NEAREST_ACTIVE_OUTLET,FL0048,003,1661.649,ZCTA_NN;R6371;TIE_FIRST_LEX,ZCTA_NN_HAVERSINE;NOT_ELIGIBILITY;NOT_USPS_VALIDITY;NO_INVENTORY
00740,ZCTA_NEAREST_ACTIVE_OUTLET,FL0048,003,1701.722,ZCTA_NN;R6371;TIE_FIRST_LEX,ZCTA_NN_HAVERSINE;NOT_ELIGIBILITY;NOT_USPS_VALIDITY;NO_INVENTORY
00741,ZCTA_NEAREST_ACTIVE_OUTLET,FL0048,003,1699.455,ZCTA_NN;R6371;TIE_FIRST_LEX,ZCTA_NN_HAVERSINE;NOT_ELIGIBILITY;NOT_USPS_VALIDITY;NO_INVENTORY
00745,ZCTA_NEAREST_ACTIVE_OUTLET,FL0048,003,1684.211,ZCTA_NN;R6371;TIE_FIRST_LEX,ZCTA_NN_HAVERSINE;NOT_ELIGIBILITY;NOT_USPS_VALIDITY;NO_INVENTORY
00751,ZCTA_NEAREST_ACTIVE_OUTLET,FL0048,003,1662.159,ZCTA_NN;R6371;TIE_FIRST_LEX,ZCTA_NN_HAVERSINE;NOT_ELIGIBILITY;NOT_USPS_VALIDITY;NO_INVENTORY
00754,ZCTA_NEAREST_ACTIVE_OUTLET,FL0048,003,1680.760,ZCTA_NN;R6371;TIE_FIRST_LEX,ZCTA_NN_HAVERSINE;NOT_ELIGIBILITY;NOT_USPS_VALIDITY;NO_INVENTORY
00757,ZCTA_NEAREST_ACTIVE_OUTLET,FL0048,003,1650.391,ZCTA_NN;R6371;TIE_FIRST_LEX,ZCTA_NN_HAVERSINE;NOT_ELIGIBILITY;NOT_USPS_VALIDITY;NO_INVENTORY
00765,ZCTA_NEAREST_ACTIVE_OUTLET,FL0048,003,1732.310,ZCTA_NN;R6371;TIE_FIRST_LEX,ZCTA_NN_HAVERSINE;NOT_ELIGIBILITY;NOT_USPS_VALIDITY;NO_INVENTORY
00766,ZCTA_NEAREST_ACTIVE_OUTLET,FL0048,003,1635.923,ZCTA_NN;R6371;TIE_FIRST_LEX,ZCTA_NN_HAVERSINE;NOT_ELIGIBILITY;NOT_USPS_VALIDITY;NO_INVENTORY
00767,ZCTA_NEAREST_ACTIVE_OUTLET,FL0048,003,1691.845,ZCTA_NN;R6371;TIE_FIRST_LEX,ZCTA_NN_HAVERSINE;NOT_ELIGIBILITY;NOT_USPS_VALIDITY;NO_INVENTORY
00769,ZCTA_NEAREST_ACTIVE_OUTLET,FL0048,003,1648.202,ZCTA_NN;R6371;TIE_FIRST_LEX,ZCTA_NN_HAVERSINE;NOT_ELIGIBILITY;NOT_USPS_VALIDITY;NO_INVENTORY
00771,ZCTA_NEAREST_ACTIVE_OUTLET,FL0048,003,1687.633,ZCTA_NN;R6371;TIE_FIRST_LEX,ZCTA_NN_HAVERSINE;NOT_ELIGIBILITY;NOT_USPS_VALIDITY;NO_INVENTORY
00772,ZCTA_NEAREST_ACTIVE_OUTLET,FL0048,003,1669.099,ZCTA_NN;R6371;TIE_FIRST_LEX,ZCTA_NN_HAVERSINE;NOT_ELIGIBILITY;NOT_USPS_VALIDITY;NO_INVENTORY
00773,ZCTA_NEAREST_ACTIVE_OUTLET,FL0048,003,1692.795,ZCTA_NN;R6371;TIE_FIRST_LEX,ZCTA_NN_HAVERSINE;NOT_ELIGIBILITY;NOT_USPS_VALIDITY;NO_INVENTORY
00775,ZCTA_NEAREST_ACTIVE_OUTLET,FL0048,003,1732.032,ZCTA_NN;R6371;TIE_FIRST_LEX,ZCTA_NN_HAVERSINE;NOT_ELIGIBILITY;NOT_USPS_VALIDITY;NO_INVENTORY
00777,ZCTA_NEAREST_ACTIVE_OUTLET,FL0048,003,1682.121,ZCTA_NN;R6371;TIE_FIRST_LEX,ZCTA_NN_HAVERSINE;NOT_ELIGIBILITY;NOT_USPS_VALIDITY;NO_INVENTORY
00778,ZCTA_NEAREST_ACTIVE_OUTLET,FL0048,003,1673.573,ZCTA_NN;R6371;TIE_FIRST_LEX,ZCTA_NN_HAVERSINE;NOT_ELIGIBILITY;NOT_USPS_VALIDITY;NO_INVENTORY
00780,ZCTA_NEAREST_ACTIVE_OUTLET,FL0048,003,1629.534,ZCTA_NN;R6371;TIE_FIRST_LEX,ZCTA_NN_HAVERSINE;NOT_ELIGIBILITY;NOT_USPS_VALIDITY;NO_INVENTORY
00782,ZCTA_NEAREST_ACTIVE_OUTLET,FL0048,003,1652.882,ZCTA_NN;R6371;TIE_FIRST_LEX,ZCTA_NN_HAVERSINE;NOT_ELIGIBILITY;NOT_USPS_VALIDITY;NO_INVENTORY
00783,ZCTA_NEAREST_ACTIVE_OUTLET,FL0048,003,1639.456,ZCTA_NN;R6371;TIE_FIRST_LEX,ZCTA_NN_HAVERSINE;NOT_ELIGIBILITY;NOT_USPS_VALIDITY;NO_INVENTORY
00784,ZCTA_NEAREST_ACTIVE_OUTLET,FL0048,003,1673.516,ZCTA_NN;R6371;TIE_FIRST_LEX,ZCTA_NN_HAVERSINE;NOT_ELIGIBILITY;NOT_USPS_VALIDITY;NO_INVENTORY
00786,ZCTA_NEAREST_ACTIVE_OUTLET,FL0048,003,1657.802,ZCTA_NN;R6371;TIE_FIRST_LEX,ZCTA_NN_HAVERSINE;NOT_ELIGIBILITY;NOT_USPS_VALIDITY;NO_INVENTORY
00791,ZCTA_NEAREST_ACTIVE_OUTLET,FL0048,003,1695.457,ZCTA_NN;R6371;TIE_FIRST_LEX,ZCTA_NN_HAVERSINE;NOT_ELIGIBILITY;NOT_USPS_VALIDITY;NO_INVENTORY
00794,ZCTA_NEAREST_ACTIVE_OUTLET,FL0048,003,1646.857,ZCTA_NN;R6371;TIE_FIRST_LEX,ZCTA_NN_HAVERSINE;NOT_ELIGIBILITY;NOT_USPS_VALIDITY;NO_INVENTORY
00795,ZCTA_NEAREST_ACTIVE_OUTLET,FL0048,003,1638.708,ZCTA_NN;R6371;TIE_FIRST_LEX,ZCTA_NN_HAVERSINE;NOT_ELIGIBILITY;NOT_USPS_VALIDITY;NO_INVENTORY
00802,ZCTA_NEAREST_ACTIVE_OUTLET,FL0048,003,1766.850,ZCTA_NN;R6371;TIE_FIRST_LEX,ZCTA_NN_HAVERSINE;NOT_ELIGIBILITY;NOT_USPS_VALIDITY;NO_INVENTORY
00820,ZCTA_NEAREST_ACTIVE_OUTLET,FL0048,003,1819.222,ZCTA_NN;R6371;TIE_FIRST_LEX,ZCTA_NN_HAVERSINE;NOT_ELIGIBILITY;NOT_USPS_VALIDITY;NO_INVENTORY
00830,ZCTA_NEAREST_ACTIVE_OUTLET,FL0048,003,1784.648,ZCTA_NN;R6371;TIE_FIRST_LEX,ZCTA_NN_HAVERSINE;NOT_ELIGIBILITY;NOT_USPS_VALIDITY;NO_INVENTORY
00840,ZCTA_NEAREST_ACTIVE_OUTLET,FL0048,003,1807.088,ZCTA_NN;R6371;TIE_FIRST_LEX,ZCTA_NN_HAVERSINE;NOT_ELIGIBILITY;NOT_USPS_VALIDITY;NO_INVENTORY
00850,ZCTA_NEAREST_ACTIVE_OUTLET,FL0048,003,1812.151,ZCTA_NN;R6371;TIE_FIRST_LEX,ZCTA_NN_HAVERSINE;NOT_ELIGIBILITY;NOT_USPS_VALIDITY;NO_INVENTORY
00851,ZCTA_NEAREST_ACTIVE_OUTLET,FL0048,003,1811.457,ZCTA_NN;R6371;TIE_FIRST_LEX,ZCTA_NN_HAVERSINE;NOT_ELIGIBILITY;NOT_USPS_VALIDITY;NO_INVENTORY
00901,ZCTA_NEAREST_ACTIVE_OUTLET,FL0048,003,1650.676,ZCTA_NN;R6371;TIE_FIRST_LEX,ZCTA_NN_HAVERSINE;NOT_ELIGIBILITY;NOT_USPS_VALIDITY;NO_INVENTORY
00906,ZCTA_NEAREST_ACTIVE_OUTLET,FL0048,003,1651.929,ZCTA_NN;R6371;TIE_FIRST_LEX,ZCTA_NN_HAVERSINE;NOT_ELIGIBILITY;NOT_USPS_VALIDITY;NO_INVENTORY
00907,ZCTA_NEAREST_ACTIVE_OUTLET,FL0048,003,1653.267,ZCTA_NN;R6371;TIE_FIRST_LEX,ZCTA_NN_HAVERSINE;NOT_ELIGIBILITY;NOT_USPS_VALIDITY;NO_INVENTORY
00909,ZCTA_NEAREST_ACTIVE_OUTLET,FL0048,003,1655.602,ZCTA_NN;R6371;TIE_FIRST_LEX,ZCTA_NN_HAVERSINE;NOT_ELIGIBILITY;NOT_USPS_VALIDITY;NO_INVENTORY
00911,ZCTA_NEAREST_ACTIVE_OUTLET,FL0048,003,1656.076,ZCTA_NN;R6371;TIE_FIRST_LEX,ZCTA_NN_HAVERSINE;NOT_ELIGIBILITY;NOT_USPS_VALIDITY;NO_INVENTORY
00912,ZCTA_NEAREST_ACTIVE_OUTLET,FL0048,003,1656.208,ZCTA_NN;R6371;TIE_FIRST_LEX,ZCTA_NN_HAVERSINE;NOT_ELIGIBILITY;NOT_USPS_VALIDITY;NO_INVENTORY
00913,ZCTA_NEAREST_ACTIVE_OUTLET,FL0048,003,1656.566,ZCTA_NN;R6371;TIE_FIRST_LEX,ZCTA_NN_HAVERSINE;NOT_ELIGIBILITY;NOT_USPS_VALIDITY;NO_INVENTORY
00915,ZCTA_NEAREST_ACTIVE_OUTLET,FL0048,003,1657.959,ZCTA_NN;R6371;TIE_FIRST_LEX,ZCTA_NN_HAVERSINE;NOT_ELIGIBILITY;NOT_USPS_VALIDITY;NO_INVENTORY
00917,ZCTA_NEAREST_ACTIVE_OUTLET,FL0048,003,1658.435,ZCTA_NN;R6371;TIE_FIRST_LEX,ZCTA_NN_HAVERSINE;NOT_ELIGIBILITY;NOT_USPS_VALIDITY;NO_INVENTORY
00918,ZCTA_NEAREST_ACTIVE_OUTLET,FL0048,003,1656.602,ZCTA_NN;R6371;TIE_FIRST_LEX,ZCTA_NN_HAVERSINE;NOT_ELIGIBILITY;NOT_USPS_VALIDITY;NO_INVENTORY
00920,ZCTA_NEAREST_ACTIVE_OUTLET,FL0048,003,1654.412,ZCTA_NN;R6371;TIE_FIRST_LEX,ZCTA_NN_HAVERSINE;NOT_ELIGIBILITY;NOT_USPS_VALIDITY;NO_INVENTORY
00921,ZCTA_NEAREST_ACTIVE_OUTLET,FL0048,003,1656.582,ZCTA_NN;R6371;TIE_FIRST_LEX,ZCTA_NN_HAVERSINE;NOT_ELIGIBILITY;NOT_USPS_VALIDITY;NO_INVENTORY
00923,ZCTA_NEAREST_ACTIVE_OUTLET,FL0048,003,1660.144,ZCTA_NN;R6371;TIE_FIRST_LEX,ZCTA_NN_HAVERSINE;NOT_ELIGIBILITY;NOT_USPS_VALIDITY;NO_INVENTORY
00924,ZCTA_NEAREST_ACTIVE_OUTLET,FL0048,003,1663.054,ZCTA_NN;R6371;TIE_FIRST_LEX,ZCTA_NN_HAVERSINE;NOT_ELIGIBILITY;NOT_USPS_VALIDITY;NO_INVENTORY
00925,ZCTA_NEAREST_ACTIVE_OUTLET,FL0048,003,1659.498,ZCTA_NN;R6371;TIE_FIRST_LEX,ZCTA_NN_HAVERSINE;NOT_ELIGIBILITY;NOT_USPS_VALIDITY;NO_INVENTORY
00926,ZCTA_NEAREST_ACTIVE_OUTLET,FL0048,003,1662.005,ZCTA_NN;R6371;TIE_FIRST_LEX,ZCTA_NN_HAVERSINE;NOT_ELIGIBILITY;NOT_USPS_VALIDITY;NO_INVENTORY
00927,ZCTA_NEAREST_ACTIVE_OUTLET,FL0048,003,1658.364,ZCTA_NN;R6371;TIE_FIRST_LEX,ZCTA_NN_HAVERSINE;NOT_ELIGIBILITY;NOT_USPS_VALIDITY;NO_INVENTORY
00934,ZCTA_NEAREST_ACTIVE_OUTLET,FL0048,003,1652.434,ZCTA_NN;R6371;TIE_FIRST_LEX,ZCTA_NN_HAVERSINE;NOT_ELIGIBILITY;NOT_USPS_VALIDITY;NO_INVENTORY
00949,ZCTA_NEAREST_ACTIVE_OUTLET,FL0048,003,1642.710,ZCTA_NN;R6371;TIE_FIRST_LEX,ZCTA_NN_HAVERSINE;NOT_ELIGIBILITY;NOT_USPS_VALIDITY;NO_INVENTORY
00950,ZCTA_NEAREST_ACTIVE_OUTLET,FL0048,003,1638.619,ZCTA_NN;R6371;TIE_FIRST_LEX,ZCTA_NN_HAVERSINE;NOT_ELIGIBILITY;NOT_USPS_VALIDITY;NO_INVENTORY
00951,ZCTA_NEAREST_ACTIVE_OUTLET,FL0048,003,1639.010,ZCTA_NN;R6371;TIE_FIRST_LEX,ZCTA_NN_HAVERSINE;NOT_ELIGIBILITY;NOT_USPS_VALIDITY;NO_INVENTORY
00952,ZCTA_NEAREST_ACTIVE_OUTLET,FL0048,003,1645.225,ZCTA_NN;R6371;TIE_FIRST_LEX,ZCTA_NN_HAVERSINE;NOT_ELIGIBILITY;NOT_USPS_VALIDITY;NO_INVENTORY
00953,ZCTA_NEAREST_ACTIVE_OUTLET,FL0048,003,1643.198,ZCTA_NN;R6371;TIE_FIRST_LEX,ZCTA_NN_HAVERSINE;NOT_ELIGIBILITY;NOT_USPS_VALIDITY;NO_INVENTORY
00956,ZCTA_NEAREST_ACTIVE_OUTLET,FL0048,003,1652.819,ZCTA_NN;R6371;TIE_FIRST_LEX,ZCTA_NN_HAVERSINE;NOT_ELIGIBILITY;NOT_USPS_VALIDITY;NO_INVENTORY
00957,ZCTA_NEAREST_ACTIVE_OUTLET,FL0048,003,1648.640,ZCTA_NN;R6371;TIE_FIRST_LEX,ZCTA_NN_HAVERSINE;NOT_ELIGIBILITY;NOT_USPS_VALIDITY;NO_INVENTORY
00959,ZCTA_NEAREST_ACTIVE_OUTLET,FL0048,003,1650.370,ZCTA_NN;R6371;TIE_FIRST_LEX,ZCTA_NN_HAVERSINE;NOT_ELIGIBILITY;NOT_USPS_VALIDITY;NO_INVENTORY
00960,ZCTA_NEAREST_ACTIVE_OUTLET,FL0048,003,1650.187,ZCTA_NN;R6371;TIE_FIRST_LEX,ZCTA_NN_HAVERSINE;NOT_ELIGIBILITY;NOT_USPS_VALIDITY;NO_INVENTORY
00961,ZCTA_NEAREST_ACTIVE_OUTLET,FL0048,003,1648.588,ZCTA_NN;R6371;TIE_FIRST_LEX,ZCTA_NN_HAVERSINE;NOT_ELIGIBILITY;NOT_USPS_VALIDITY;NO_INVENTORY
00962,ZCTA_NEAREST_ACTIVE_OUTLET,FL0048,003,1649.524,ZCTA_NN;R6371;TIE_FIRST_LEX,ZCTA_NN_HAVERSINE;NOT_ELIGIBILITY;NOT_USPS_VALIDITY;NO_INVENTORY
00965,ZCTA_NEAREST_ACTIVE_OUTLET,FL0048,003,1652.267,ZCTA_NN;R6371;TIE_FIRST_LEX,ZCTA_NN_HAVERSINE;NOT_ELIGIBILITY;NOT_USPS_VALIDITY;NO_INVENTORY
00966,ZCTA_NEAREST_ACTIVE_OUTLET,FL0048,003,1653.800,ZCTA_NN;R6371;TIE_FIRST_LEX,ZCTA_NN_HAVERSINE;NOT_ELIGIBILITY;NOT_USPS_VALIDITY;NO_INVENTORY
00968,ZCTA_NEAREST_ACTIVE_OUTLET,FL0048,003,1654.521,ZCTA_NN;R6371;TIE_FIRST_LEX,ZCTA_NN_HAVERSINE;NOT_ELIGIBILITY;NOT_USPS_VALIDITY;NO_INVENTORY
00969,ZCTA_NEAREST_ACTIVE_OUTLET,FL0048,003,1655.875,ZCTA_NN;R6371;TIE_FIRST_LEX,ZCTA_NN_HAVERSINE;NOT_ELIGIBILITY;NOT_USPS_VALIDITY;NO_INVENTORY
00971,ZCTA_NEAREST_ACTIVE_OUTLET,FL0048,003,1657.637,ZCTA_NN;R6371;TIE_FIRST_LEX,ZCTA_NN_HAVERSINE;NOT_ELIGIBILITY;NOT_USPS_VALIDITY;NO_INVENTORY
00976,ZCTA_NEAREST_ACTIVE_OUTLET,FL0048,003,1668.253,ZCTA_NN;R6371;TIE_FIRST_LEX,ZCTA_NN_HAVERSINE;NOT_ELIGIBILITY;NOT_USPS_VALIDITY;NO_INVENTORY
00979,ZCTA_NEAREST_ACTIVE_OUTLET,FL0048,003,1662.173,ZCTA_NN;R6371;TIE_FIRST_LEX,ZCTA_NN_HAVERSINE;NOT_ELIGIBILITY;NOT_USPS_VALIDITY;NO_INVENTORY
00982,ZCTA_NEAREST_ACTIVE_OUTLET,FL0048,003,1664.502,ZCTA_NN;R6371;TIE_FIRST_LEX,ZCTA_NN_HAVERSINE;NOT_ELIGIBILITY;NOT_USPS_VALIDITY;NO_INVENTORY
00983,ZCTA_NEAREST_ACTIVE_OUTLET,FL0048,003,1664.961,ZCTA_NN;R6371;TIE_FIRST_LEX,ZCTA_NN_HAVERSINE;NOT_ELIGIBILITY;NOT_USPS_VALIDITY;NO_INVENTORY
00985,ZCTA_NEAREST_ACTIVE_OUTLET,FL0048,003,1668.388,ZCTA_NN;R6371;TIE_FIRST_LEX,ZCTA_NN_HAVERSINE;NOT_ELIGIBILITY;NOT_USPS_VALIDITY;NO_INVENTORY
00987,ZCTA_NEAREST_ACTIVE_OUTLET,FL0048,003,1672.394,ZCTA_NN;R6371;TIE_FIRST_LEX,ZCTA_NN_HAVERSINE;NOT_ELIGIBILITY;NOT_USPS_VALIDITY;NO_INVENTORY
01001,EXACT_IMLS_OUTLET_ZIP,MA0005,002,,EXACT_OUTLET;TIE_FSCSKEY_SEQ,EXACT_OUTLET;NOT_USPS_VALIDITY;NO_INVENTORY
01002,EXACT_IMLS_OUTLET_ZIP,MA0008,002,,EXACT_OUTLET;TIE_FSCSKEY_SEQ,EXACT_OUTLET;NOT_USPS_VALIDITY;NO_INVENTORY
01003,ZCTA_NEAREST_ACTIVE_OUTLET,MA0008,002,1.798,ZCTA_NN;R6371;TIE_FIRST_LEX,ZCTA_NN_HAVERSINE;NOT_ELIGIBILITY;NOT_USPS_VALIDITY;NO_INVENTORY
01004,OBSERVED_REFERENCE_INDIRECT_ONLY,,,,INDIRECT_IMLS_SC;NO_FABRICATED_NEAREST,INDIRECT_IMLS_SC;NO_FABRICATED_NEAREST;NOT_REJECTED;NOT_USPS_VALIDITY;NO_INVENTORY
01005,EXACT_IMLS_OUTLET_ZIP,MA0021,002,,EXACT_OUTLET;TIE_FSCSKEY_SEQ,EXACT_OUTLET;NOT_USPS_VALIDITY;NO_INVENTORY
01007,EXACT_IMLS_OUTLET_ZIP,MA0024,002,,EXACT_OUTLET;TIE_FSCSKEY_SEQ,EXACT_OUTLET;NOT_USPS_VALIDITY;NO_INVENTORY
01008,EXACT_IMLS_OUTLET_ZIP,MA0033,002,,EXACT_OUTLET;TIE_FSCSKEY_SEQ,EXACT_OUTLET;NOT_USPS_VALIDITY;NO_INVENTORY
01009,ZCTA_NEAREST_ACTIVE_OUTLET,MA0224,002,5.994,ZCTA_NN;R6371;TIE_FIRST_LEX,ZCTA_NN_HAVERSINE;NOT_ELIGIBILITY;NOT_USPS_VALIDITY;NO_INVENTORY
01010,EXACT_IMLS_OUTLET_ZIP,MA0043,002,,EXACT_OUTLET;TIE_FSCSKEY_SEQ,EXACT_OUTLET;NOT_USPS_VALIDITY;NO_INVENTORY
01011,EXACT_IMLS_OUTLET_ZIP,MA0059,002,,EXACT_OUTLET;TIE_FSCSKEY_SEQ,EXACT_OUTLET;NOT_USPS_VALIDITY;NO_INVENTORY
01012,EXACT_IMLS_OUTLET_ZIP,MA0375,002,,EXACT_OUTLET;TIE_FSCSKEY_SEQ,EXACT_OUTLET;NOT_USPS_VALIDITY;NO_INVENTORY
01013,EXACT_IMLS_OUTLET_ZIP,MA0061,002,,EXACT_OUTLET;TIE_FSCSKEY_SEQ,EXACT_OUTLET;NOT_USPS_VALIDITY;NO_INVENTORY
01020,EXACT_IMLS_OUTLET_ZIP,MA0061,005,,EXACT_OUTLET;TIE_FSCSKEY_SEQ,EXACT_OUTLET;NOT_USPS_VALIDITY;NO_INVENTORY
01021,OBSERVED_REFERENCE_INDIRECT_ONLY,,,,INDIRECT_IMLS_SC;NO_FABRICATED_NEAREST,INDIRECT_IMLS_SC;NO_FABRICATED_NEAREST;NOT_REJECTED;NOT_USPS_VALIDITY;NO_INVENTORY
01022,ZCTA_NEAREST_ACTIVE_OUTLET,MA0061,005,2.969,ZCTA_NN;R6371;TIE_FIRST_LEX,ZCTA_NN_HAVERSINE;NOT_ELIGIBILITY;NOT_USPS_VALIDITY;NO_INVENTORY
01026,EXACT_IMLS_OUTLET_ZIP,MA0069,002,,EXACT_OUTLET;TIE_FSCSKEY_SEQ,EXACT_OUTLET;NOT_USPS_VALIDITY;NO_INVENTORY
01027,EXACT_IMLS_OUTLET_ZIP,MA0087,002,,EXACT_OUTLET;TIE_FSCSKEY_SEQ,EXACT_OUTLET;NOT_USPS_VALIDITY;NO_INVENTORY
01028,EXACT_IMLS_OUTLET_ZIP,MA0085,002,,EXACT_OUTLET;TIE_FSCSKEY_SEQ,EXACT_OUTLET;NOT_USPS_VALIDITY;NO_INVENTORY
01029,ZCTA_NEAREST_ACTIVE_OUTLET,MA0222,002,3.455,ZCTA_NN;R6371;TIE_FIRST_LEX,ZCTA_NN_HAVERSINE;NOT_ELIGIBILITY;NOT_USPS_VALIDITY;NO_INVENTORY
01030,ZCTA_NEAREST_ACTIVE_OUTLET,MA0005,002,3.618,ZCTA_NN;R6371;TIE_FIRST_LEX,ZCTA_NN_HAVERSINE;NOT_ELIGIBILITY;NOT_USPS_VALIDITY;NO_INVENTORY
01031,EXACT_IMLS_OUTLET_ZIP,MA0364,002,,EXACT_OUTLET;TIE_FSCSKEY_SEQ,EXACT_OUTLET;NOT_USPS_VALIDITY;NO_INVENTORY
01032,EXACT_IMLS_OUTLET_ZIP,MA0108,002,,EXACT_OUTLET;TIE_FSCSKEY_SEQ,EXACT_OUTLET;NOT_USPS_VALIDITY;NO_INVENTORY
01033,EXACT_IMLS_OUTLET_ZIP,MA0111,002,,EXACT_OUTLET;TIE_FSCSKEY_SEQ,EXACT_OUTLET;NOT_USPS_VALIDITY;NO_INVENTORY
01034,EXACT_IMLS_OUTLET_ZIP,MA0112,002,,EXACT_OUTLET;TIE_FSCSKEY_SEQ,EXACT_OUTLET;NOT_USPS_VALIDITY;NO_INVENTORY
01035,EXACT_IMLS_OUTLET_ZIP,MA0117,002,,EXACT_OUTLET;TIE_FSCSKEY_SEQ,EXACT_OUTLET;NOT_USPS_VALIDITY;NO_INVENTORY
01036,EXACT_IMLS_OUTLET_ZIP,MA0120,002,,EXACT_OUTLET;TIE_FSCSKEY_SEQ,EXACT_OUTLET;NOT_USPS_VALIDITY;NO_INVENTORY
01037,EXACT_IMLS_OUTLET_ZIP,MA0124,002,,EXACT_OUTLET;TIE_FSCSKEY_SEQ,EXACT_OUTLET;NOT_USPS_VALIDITY;NO_INVENTORY
01038,EXACT_IMLS_OUTLET_ZIP,MA0127,002,,EXACT_OUTLET;TIE_FSCSKEY_SEQ,EXACT_OUTLET;NOT_USPS_VALIDITY;NO_INVENTORY
01039,ZCTA_NEAREST_ACTIVE_OUTLET,MA0336,002,3.882,ZCTA_NN;R6371;TIE_FIRST_LEX,ZCTA_NN_HAVERSINE;NOT_ELIGIBILITY;NOT_USPS_VALIDITY;NO_INVENTORY
01040,EXACT_IMLS_OUTLET_ZIP,MA0136,002,,EXACT_OUTLET;TIE_FSCSKEY_SEQ,EXACT_OUTLET;NOT_USPS_VALIDITY;NO_INVENTORY
01041,OBSERVED_REFERENCE_INDIRECT_ONLY,,,,INDIRECT_IMLS_SC;NO_FABRICATED_NEAREST,INDIRECT_IMLS_SC;NO_FABRICATED_NEAREST;NOT_REJECTED;NOT_USPS_VALIDITY;NO_INVENTORY
01050,EXACT_IMLS_OUTLET_ZIP,MA0142,002,,EXACT_OUTLET;TIE_FSCSKEY_SEQ,EXACT_OUTLET;NOT_USPS_VALIDITY;NO_INVENTORY
01053,ZCTA_NEAREST_ACTIVE_OUTLET,MA0368,002,3.910,ZCTA_NN;R6371;TIE_FIRST_LEX,ZCTA_NN_HAVERSINE;NOT_ELIGIBILITY;NOT_USPS_VALIDITY;NO_INVENTORY
01054,EXACT_IMLS_OUTLET_ZIP,MA0153,002,,EXACT_OUTLET;TIE_FSCSKEY_SEQ,EXACT_OUTLET;NOT_USPS_VALIDITY;NO_INVENTORY
01056,EXACT_IMLS_OUTLET_ZIP,MA0160,002,,EXACT_OUTLET;TIE_FSCSKEY_SEQ,EXACT_OUTLET;NOT_USPS_VALIDITY;NO_INVENTORY
01057,EXACT_IMLS_OUTLET_ZIP,MA0190,002,,EXACT_OUTLET;TIE_FSCSKEY_SEQ,EXACT_OUTLET;NOT_USPS_VALIDITY;NO_INVENTORY
01059,OBSERVED_REFERENCE_INDIRECT_ONLY,,,,INDIRECT_IMLS_SC;NO_FABRICATED_NEAREST,INDIRECT_IMLS_SC;NO_FABRICATED_NEAREST;NOT_REJECTED;NOT_USPS_VALIDITY;NO_INVENTORY
01060,EXACT_IMLS_OUTLET_ZIP,MA0211,002,,EXACT_OUTLET;TIE_FSCSKEY_SEQ,EXACT_OUTLET;NOT_USPS_VALIDITY;NO_INVENTORY
01061,OBSERVED_REFERENCE_INDIRECT_ONLY,,,,INDIRECT_IMLS_SC;NO_FABRICATED_NEAREST,INDIRECT_IMLS_SC;NO_FABRICATED_NEAREST;NOT_REJECTED;NOT_USPS_VALIDITY;NO_INVENTORY
01062,EXACT_IMLS_OUTLET_ZIP,MA0368,002,,EXACT_OUTLET;TIE_FSCSKEY_SEQ,EXACT_OUTLET;NOT_USPS_VALIDITY;NO_INVENTORY
01063,ZCTA_NEAREST_ACTIVE_OUTLET,MA0211,002,0.394,ZCTA_NN;R6371;TIE_FIRST_LEX,ZCTA_NN_HAVERSINE;NOT_ELIGIBILITY;NOT_USPS_VALIDITY;NO_INVENTORY
01066,ZCTA_NEAREST_ACTIVE_OUTLET,MA0333,002,3.278,ZCTA_NN;R6371;TIE_FIRST_LEX,ZCTA_NN_HAVERSINE;NOT_ELIGIBILITY;NOT_USPS_VALIDITY;NO_INVENTORY
01068,EXACT_IMLS_OUTLET_ZIP,MA0219,002,,EXACT_OUTLET;TIE_FSCSKEY_SEQ,EXACT_OUTLET;NOT_USPS_VALIDITY;NO_INVENTORY
01069,EXACT_IMLS_OUTLET_ZIP,MA0224,002,,EXACT_OUTLET;TIE_FSCSKEY_SEQ,EXACT_OUTLET;NOT_USPS_VALIDITY;NO_INVENTORY
01070,EXACT_IMLS_OUTLET_ZIP,MA0234,002,,EXACT_OUTLET;TIE_FSCSKEY_SEQ,EXACT_OUTLET;NOT_USPS_VALIDITY;NO_INVENTORY
01071,EXACT_IMLS_OUTLET_ZIP,MA0253,002,,EXACT_OUTLET;TIE_FSCSKEY_SEQ,EXACT_OUTLET;NOT_USPS_VALIDITY;NO_INVENTORY
01072,EXACT_IMLS_OUTLET_ZIP,MA0269,002,,EXACT_OUTLET;TIE_FSCSKEY_SEQ,EXACT_OUTLET;NOT_USPS_VALIDITY;NO_INVENTORY
01073,EXACT_IMLS_OUTLET_ZIP,MA0273,002,,EXACT_OUTLET;TIE_FSCSKEY_SEQ,EXACT_OUTLET;NOT_USPS_VALIDITY;NO_INVENTORY
01074,ZCTA_NEAREST_ACTIVE_OUTLET,MA0021,002,4.714,ZCTA_NN;R6371;TIE_FIRST_LEX,ZCTA_NN_HAVERSINE;NOT_ELIGIBILITY;NOT_USPS_VALIDITY;NO_INVENTORY
01075,EXACT_IMLS_OUTLET_ZIP,MA0272,002,,EXACT_OUTLET;TIE_FSCSKEY_SEQ,EXACT_OUTLET;NOT_USPS_VALIDITY;NO_INVENTORY
01077,EXACT_IMLS_OUTLET_ZIP,MA0276,002,,EXACT_OUTLET;TIE_FSCSKEY_SEQ,EXACT_OUTLET;NOT_USPS_VALIDITY;NO_INVENTORY
01079,ZCTA_NEAREST_ACTIVE_OUTLET,MA0224,002,2.542,ZCTA_NN;R6371;TIE_FIRST_LEX,ZCTA_NN_HAVERSINE;NOT_ELIGIBILITY;NOT_USPS_VALIDITY;NO_INVENTORY
01080,ZCTA_NEAREST_ACTIVE_OUTLET,MA0224,002,3.983,ZCTA_NN;R6371;TIE_FIRST_LEX,ZCTA_NN_HAVERSINE;NOT_ELIGIBILITY;NOT_USPS_VALIDITY;NO_INVENTORY
01081,EXACT_IMLS_OUTLET_ZIP,MA0303,002,,EXACT_OUTLET;TIE_FSCSKEY_SEQ,EXACT_OUTLET;NOT_USPS_VALIDITY;NO_INVENTORY
01082,EXACT_IMLS_OUTLET_ZIP,MA0306,002,,EXACT_OUTLET;TIE_FSCSKEY_SEQ,EXACT_OUTLET;NOT_USPS_VALIDITY;NO_INVENTORY
01083,EXACT_IMLS_OUTLET_ZIP,MA0308,002,,EXACT_OUTLET;TIE_FSCSKEY_SEQ,EXACT_OUTLET;NOT_USPS_VALIDITY;NO_INVENTORY
01084,ZCTA_NEAREST_ACTIVE_OUTLET,MA0375,002,4.354,ZCTA_NN;R6371;TIE_FIRST_LEX,ZCTA_NN_HAVERSINE;NOT_ELIGIBILITY;NOT_USPS_VALIDITY;NO_INVENTORY
01085,EXACT_IMLS_OUTLET_ZIP,MA0325,002,,EXACT_OUTLET;TIE_FSCSKEY_SEQ,EXACT_OUTLET;NOT_USPS_VALIDITY;NO_INVENTORY
01086,OBSERVED_REFERENCE_INDIRECT_ONLY,,,,INDIRECT_IMLS_SC;NO_FABRICATED_NEAREST,INDIRECT_IMLS_SC;NO_FABRICATED_NEAREST;NOT_REJECTED;NOT_USPS_VALIDITY;NO_INVENTORY
01088,ZCTA_NEAREST_ACTIVE_OUTLET,MA0127,002,3.796,ZCTA_NN;R6371;TIE_FIRST_LEX,ZCTA_NN_HAVERSINE;NOT_ELIGIBILITY;NOT_USPS_VALIDITY;NO_INVENTORY
01089,EXACT_IMLS_OUTLET_ZIP,MA0321,002,,EXACT_OUTLET;TIE_FSCSKEY_SEQ,EXACT_OUTLET;NOT_USPS_VALIDITY;NO_INVENTORY
01090,OBSERVED_REFERENCE_INDIRECT_ONLY,,,,INDIRECT_IMLS_SC;NO_FABRICATED_NEAREST,INDIRECT_IMLS_SC;NO_FABRICATED_NEAREST;NOT_REJECTED;NOT_USPS_VALIDITY;NO_INVENTORY
01092,EXACT_IMLS_OUTLET_ZIP,MA0371,002,,EXACT_OUTLET;TIE_FSCSKEY_SEQ,EXACT_OUTLET;NOT_USPS_VALIDITY;NO_INVENTORY
01093,EXACT_IMLS_OUTLET_ZIP,MA0333,002,,EXACT_OUTLET;TIE_FSCSKEY_SEQ,EXACT_OUTLET;NOT_USPS_VALIDITY;NO_INVENTORY
01094,ZCTA_NEAREST_ACTIVE_OUTLET,MA0124,002,5.332,ZCTA_NN;R6371;TIE_FIRST_LEX,ZCTA_NN_HAVERSINE;NOT_ELIGIBILITY;NOT_USPS_VALIDITY;NO_INVENTORY
01095,EXACT_IMLS_OUTLET_ZIP,MA0335,002,,EXACT_OUTLET;TIE_FSCSKEY_SEQ,EXACT_OUTLET;NOT_USPS_VALIDITY;NO_INVENTORY
01096,EXACT_IMLS_OUTLET_ZIP,MA0336,002,,EXACT_OUTLET;TIE_FSCSKEY_SEQ,EXACT_OUTLET;NOT_USPS_VALIDITY;NO_INVENTORY
01097,ZCTA_NEAREST_ACTIVE_OUTLET,MA0253,002,3.219,ZCTA_NN;R6371;TIE_FIRST_LEX,ZCTA_NN_HAVERSINE;NOT_ELIGIBILITY;NOT_USPS_VALIDITY;NO_INVENTORY
01098,EXACT_IMLS_OUTLET_ZIP,MA0345,002,,EXACT_OUTLET;TIE_FSCSKEY_SEQ,EXACT_OUTLET;NOT_USPS_VALIDITY;NO_INVENTORY
01101,OBSERVED_REFERENCE_INDIRECT_ONLY,,,,INDIRECT_IMLS_SC;NO_FABRICATED_NEAREST,INDIRECT_IMLS_SC;NO_FABRICATED_NEAREST;NOT_REJECTED;NOT_USPS_VALIDITY;NO_INVENTORY
01102,OBSERVED_REFERENCE_INDIRECT_ONLY,,,,INDIRECT_IMLS_SC;NO_FABRICATED_NEAREST,INDIRECT_IMLS_SC;NO_FABRICATED_NEAREST;NOT_REJECTED;NOT_USPS_VALIDITY;NO_INVENTORY
01103,EXACT_IMLS_OUTLET_ZIP,MA0278,002,,EXACT_OUTLET;TIE_FSCSKEY_SEQ,EXACT_OUTLET;NOT_USPS_VALIDITY;NO_INVENTORY
01104,EXACT_IMLS_OUTLET_ZIP,MA0278,004,,EXACT_OUTLET;TIE_FSCSKEY_SEQ,EXACT_OUTLET;NOT_USPS_VALIDITY;NO_INVENTORY
01105,ZCTA_NEAREST_ACTIVE_OUTLET,MA0278,002,1.051,ZCTA_NN;R6371;TIE_FIRST_LEX,ZCTA_NN_HAVERSINE;NOT_ELIGIBILITY;NOT_USPS_VALIDITY;NO_INVENTORY
01106,EXACT_IMLS_OUTLET_ZIP,MA0158,002,,EXACT_OUTLET;TIE_FSCSKEY_SEQ,EXACT_OUTLET;NOT_USPS_VALIDITY;NO_INVENTORY
01107,EXACT_IMLS_OUTLET_ZIP,MA0278,003,,EXACT_OUTLET;TIE_FSCSKEY_SEQ,EXACT_OUTLET;NOT_USPS_VALIDITY;NO_INVENTORY
01108,EXACT_IMLS_OUTLET_ZIP,MA0278,005,,EXACT_OUTLET;TIE_FSCSKEY_SEQ,EXACT_OUTLET;NOT_USPS_VALIDITY;NO_INVENTORY
01109,EXACT_IMLS_OUTLET_ZIP,MA0278,008,,EXACT_OUTLET;TIE_FSCSKEY_SEQ,EXACT_OUTLET;NOT_USPS_VALIDITY;NO_INVENTORY
01111,OBSERVED_REFERENCE_INDIRECT_ONLY,,,,INDIRECT_IMLS_SC;NO_FABRICATED_NEAREST,INDIRECT_IMLS_SC;NO_FABRICATED_NEAREST;NOT_REJECTED;NOT_USPS_VALIDITY;NO_INVENTORY
01115,OBSERVED_REFERENCE_INDIRECT_ONLY,,,,INDIRECT_IMLS_SC;NO_FABRICATED_NEAREST,INDIRECT_IMLS_SC;NO_FABRICATED_NEAREST;NOT_REJECTED;NOT_USPS_VALIDITY;NO_INVENTORY
01116,OBSERVED_REFERENCE_INDIRECT_ONLY,,,,INDIRECT_IMLS_SC;NO_FABRICATED_NEAREST,INDIRECT_IMLS_SC;NO_FABRICATED_NEAREST;NOT_REJECTED;NOT_USPS_VALIDITY;NO_INVENTORY
01118,EXACT_IMLS_OUTLET_ZIP,MA0278,014,,EXACT_OUTLET;TIE_FSCSKEY_SEQ,EXACT_OUTLET;NOT_USPS_VALIDITY;NO_INVENTORY
01119,ZCTA_NEAREST_ACTIVE_OUTLET,MA0278,010,1.352,ZCTA_NN;R6371;TIE_FIRST_LEX,ZCTA_NN_HAVERSINE;NOT_ELIGIBILITY;NOT_USPS_VALIDITY;NO_INVENTORY
01128,ZCTA_NEAREST_ACTIVE_OUTLET,MA0278,010,2.792,ZCTA_NN;R6371;TIE_FIRST_LEX,ZCTA_NN_HAVERSINE;NOT_ELIGIBILITY;NOT_USPS_VALIDITY;NO_INVENTORY
01129,EXACT_IMLS_OUTLET_ZIP,MA0278,010,,EXACT_OUTLET;TIE_FSCSKEY_SEQ,EXACT_OUTLET;NOT_USPS_VALIDITY;NO_INVENTORY
01138,OBSERVED_REFERENCE_INDIRECT_ONLY,,,,INDIRECT_IMLS_SC;NO_FABRICATED_NEAREST,INDIRECT_IMLS_SC;NO_FABRICATED_NEAREST;NOT_REJECTED;NOT_USPS_VALIDITY;NO_INVENTORY
01144,ZCTA_NEAREST_ACTIVE_OUTLET,MA0278,002,0.544,ZCTA_NN;R6371;TIE_FIRST_LEX,ZCTA_NN_HAVERSINE;NOT_ELIGIBILITY;NOT_USPS_VALIDITY;NO_INVENTORY
01151,EXACT_IMLS_OUTLET_ZIP,MA0278,006,,EXACT_OUTLET;TIE_FSCSKEY_SEQ,EXACT_OUTLET;NOT_USPS_VALIDITY;NO_INVENTORY
01199,OBSERVED_REFERENCE_INDIRECT_ONLY,,,,INDIRECT_IMLS_SC;NO_FABRICATED_NEAREST,INDIRECT_IMLS_SC;NO_FABRICATED_NEAREST;NOT_REJECTED;NOT_USPS_VALIDITY;NO_INVENTORY
01201,EXACT_IMLS_OUTLET_ZIP,MA0233,002,,EXACT_OUTLET;TIE_FSCSKEY_SEQ,EXACT_OUTLET;NOT_USPS_VALIDITY;NO_INVENTORY
01202,OBSERVED_REFERENCE_INDIRECT_ONLY,,,,INDIRECT_IMLS_SC;NO_FABRICATED_NEAREST,INDIRECT_IMLS_SC;NO_FABRICATED_NEAREST;NOT_REJECTED;NOT_USPS_VALIDITY;NO_INVENTORY
01220,EXACT_IMLS_OUTLET_ZIP,MA0004,002,,EXACT_OUTLET;TIE_FSCSKEY_SEQ,EXACT_OUTLET;NOT_USPS_VALIDITY;NO_INVENTORY
01222,ZCTA_NEAREST_ACTIVE_OUTLET,CT0110,002,4.902,ZCTA_NN;R6371;TIE_FIRST_LEX,ZCTA_NN_HAVERSINE;NOT_ELIGIBILITY;NOT_USPS_VALIDITY;NO_INVENTORY
01223,EXACT_IMLS_OUTLET_ZIP,MA0022,002,,EXACT_OUTLET;TIE_FSCSKEY_SEQ,EXACT_OUTLET;NOT_USPS_VALIDITY;NO_INVENTORY
01224,ZCTA_NEAREST_ACTIVE_OUTLET,MA0147,002,2.884,ZCTA_NN;R6371;TIE_FIRST_LEX,ZCTA_NN_HAVERSINE;NOT_ELIGIBILITY;NOT_USPS_VALIDITY;NO_INVENTORY
01225,EXACT_IMLS_OUTLET_ZIP,MA0058,002,,EXACT_OUTLET;TIE_FSCSKEY_SEQ,EXACT_OUTLET;NOT_USPS_VALIDITY;NO_INVENTORY
01226,EXACT_IMLS_OUTLET_ZIP,MA0070,002,,EXACT_OUTLET;TIE_FSCSKEY_SEQ,EXACT_OUTLET;NOT_USPS_VALIDITY;NO_INVENTORY
01227,OBSERVED_REFERENCE_INDIRECT_ONLY,,,,INDIRECT_IMLS_SC;NO_FABRICATED_NEAREST,INDIRECT_IMLS_SC;NO_FABRICATED_NEAREST;NOT_REJECTED;NOT_USPS_VALIDITY;NO_INVENTORY
01229,ZCTA_NEAREST_ACTIVE_OUTLET,MA0280,002,4.256,ZCTA_NN;R6371;TIE_FIRST_LEX,ZCTA_NN_HAVERSINE;NOT_ELIGIBILITY;NOT_USPS_VALIDITY;NO_INVENTORY
01230,EXACT_IMLS_OUTLET_ZIP,MA0006,002,,EXACT_OUTLET;TIE_FSCSKEY_SEQ,EXACT_OUTLET;NOT_USPS_VALIDITY;NO_INVENTORY
01235,EXACT_IMLS_OUTLET_ZIP,MA0131,002,,EXACT_OUTLET;TIE_FSCSKEY_SEQ,EXACT_OUTLET;NOT_USPS_VALIDITY;NO_INVENTORY
01236,EXACT_IMLS_OUTLET_ZIP,MA0113,003,,EXACT_OUTLET;TIE_FSCSKEY_SEQ,EXACT_OUTLET;NOT_USPS_VALIDITY;NO_INVENTORY
01237,EXACT_IMLS_OUTLET_ZIP,MA0121,002,,EXACT_OUTLET;TIE_FSCSKEY_SEQ,EXACT_OUTLET;NOT_USPS_VALIDITY;NO_INVENTORY
01238,EXACT_IMLS_OUTLET_ZIP,MA0149,002,,EXACT_OUTLET;TIE_FSCSKEY_SEQ,EXACT_OUTLET;NOT_USPS_VALIDITY;NO_INVENTORY
01240,EXACT_IMLS_OUTLET_ZIP,MA0151,002,,EXACT_OUTLET;TIE_FSCSKEY_SEQ,EXACT_OUTLET;NOT_USPS_VALIDITY;NO_INVENTORY
01242,ZCTA_NEAREST_ACTIVE_OUTLET,MA0149,002,3.039,ZCTA_NN;R6371;TIE_FIRST_LEX,ZCTA_NN_HAVERSINE;NOT_ELIGIBILITY;NOT_USPS_VALIDITY;NO_INVENTORY
01243,EXACT_IMLS_OUTLET_ZIP,MA0182,002,,EXACT_OUTLET;TIE_FSCSKEY_SEQ,EXACT_OUTLET;NOT_USPS_VALIDITY;NO_INVENTORY
01244,EXACT_IMLS_OUTLET_ZIP,MA0200,002,,EXACT_OUTLET;TIE_FSCSKEY_SEQ,EXACT_OUTLET;NOT_USPS_VALIDITY;NO_INVENTORY
01245,EXACT_IMLS_OUTLET_ZIP,MA0192,002,,EXACT_OUTLET;TIE_FSCSKEY_SEQ,EXACT_OUTLET;NOT_USPS_VALIDITY;NO_INVENTORY
01247,EXACT_IMLS_OUTLET_ZIP,MA0063,002,,EXACT_OUTLET;TIE_FSCSKEY_SEQ,EXACT_OUTLET;NOT_USPS_VALIDITY;NO_INVENTORY
01253,EXACT_IMLS_OUTLET_ZIP,MA0222,002,,EXACT_OUTLET;TIE_FSCSKEY_SEQ,EXACT_OUTLET;NOT_USPS_VALIDITY;NO_INVENTORY
01254,EXACT_IMLS_OUTLET_ZIP,MA0246,002,,EXACT_OUTLET;TIE_FSCSKEY_SEQ,EXACT_OUTLET;NOT_USPS_VALIDITY;NO_INVENTORY
01255,EXACT_IMLS_OUTLET_ZIP,MA0257,002,,EXACT_OUTLET;TIE_FSCSKEY_SEQ,EXACT_OUTLET;NOT_USPS_VALIDITY;NO_INVENTORY
01256,EXACT_IMLS_OUTLET_ZIP,MA0260,002,,EXACT_OUTLET;TIE_FSCSKEY_SEQ,EXACT_OUTLET;NOT_USPS_VALIDITY;NO_INVENTORY
01257,EXACT_IMLS_OUTLET_ZIP,MA0264,002,,EXACT_OUTLET;TIE_FSCSKEY_SEQ,EXACT_OUTLET;NOT_USPS_VALIDITY;NO_INVENTORY
01258,EXACT_IMLS_OUTLET_ZIP,MA0090,002,,EXACT_OUTLET;TIE_FSCSKEY_SEQ,EXACT_OUTLET;NOT_USPS_VALIDITY;NO_INVENTORY
01259,ZCTA_NEAREST_ACTIVE_OUTLET,MA0200,002,5.834,ZCTA_NN;R6371;TIE_FIRST_LEX,ZCTA_NN_HAVERSINE;NOT_ELIGIBILITY;NOT_USPS_VALIDITY;NO_INVENTORY
01260,ZCTA_NEAREST_ACTIVE_OUTLET,MA0280,002,3.680,ZCTA_NN;R6371;TIE_FIRST_LEX,ZCTA_NN_HAVERSINE;NOT_ELIGIBILITY;NOT_USPS_VALIDITY;NO_INVENTORY
01262,EXACT_IMLS_OUTLET_ZIP,MA0280,002,,EXACT_OUTLET;TIE_FSCSKEY_SEQ,EXACT_OUTLET;NOT_USPS_VALIDITY;NO_INVENTORY
01264,EXACT_IMLS_OUTLET_ZIP,MA0299,002,,EXACT_OUTLET;TIE_FSCSKEY_SEQ,EXACT_OUTLET;NOT_USPS_VALIDITY;NO_INVENTORY
01266,EXACT_IMLS_OUTLET_ZIP,MA0322,002,,EXACT_OUTLET;TIE_FSCSKEY_SEQ,EXACT_OUTLET;NOT_USPS_VALIDITY;NO_INVENTORY
01267,EXACT_IMLS_OUTLET_ZIP,MA0337,002,,EXACT_OUTLET;TIE_FSCSKEY_SEQ,EXACT_OUTLET;NOT_USPS_VALIDITY;NO_INVENTORY
01270,EXACT_IMLS_OUTLET_ZIP,MA0341,002,,EXACT_OUTLET;TIE_FSCSKEY_SEQ,EXACT_OUTLET;NOT_USPS_VALIDITY;NO_INVENTORY
01301,EXACT_IMLS_OUTLET_ZIP,MA0114,002,,EXACT_OUTLET;TIE_FSCSKEY_SEQ,EXACT_OUTLET;NOT_USPS_VALIDITY;NO_INVENTORY
01302,OBSERVED_REFERENCE_INDIRECT_ONLY,,,,INDIRECT_IMLS_SC;NO_FABRICATED_NEAREST,INDIRECT_IMLS_SC;NO_FABRICATED_NEAREST;NOT_REJECTED;NOT_USPS_VALIDITY;NO_INVENTORY
01330,EXACT_IMLS_OUTLET_ZIP,MA0013,002,,EXACT_OUTLET;TIE_FSCSKEY_SEQ,EXACT_OUTLET;NOT_USPS_VALIDITY;NO_INVENTORY
01331,EXACT_IMLS_OUTLET_ZIP,MA0015,002,,EXACT_OUTLET;TIE_FSCSKEY_SEQ,EXACT_OUTLET;NOT_USPS_VALIDITY;NO_INVENTORY
01337,EXACT_IMLS_OUTLET_ZIP,MA0029,002,,EXACT_OUTLET;TIE_FSCSKEY_SEQ,EXACT_OUTLET;NOT_USPS_VALIDITY;NO_INVENTORY
01338,EXACT_IMLS_OUTLET_ZIP,MA0047,002,,EXACT_OUTLET;TIE_FSCSKEY_SEQ,EXACT_OUTLET;NOT_USPS_VALIDITY;NO_INVENTORY
01339,EXACT_IMLS_OUTLET_ZIP,MA0053,002,,EXACT_OUTLET;TIE_FSCSKEY_SEQ,EXACT_OUTLET;NOT_USPS_VALIDITY;NO_INVENTORY
01340,EXACT_IMLS_OUTLET_ZIP,MA0066,002,,EXACT_OUTLET;TIE_FSCSKEY_SEQ,EXACT_OUTLET;NOT_USPS_VALIDITY;NO_INVENTORY
01341,EXACT_IMLS_OUTLET_ZIP,MA0068,002,,EXACT_OUTLET;TIE_FSCSKEY_SEQ,EXACT_OUTLET;NOT_USPS_VALIDITY;NO_INVENTORY
01342,ZCTA_NEAREST_ACTIVE_OUTLET,MA0114,002,4.970,ZCTA_NN;R6371;TIE_FIRST_LEX,ZCTA_NN_HAVERSINE;NOT_ELIGIBILITY;NOT_USPS_VALIDITY;NO_INVENTORY
01343,ZCTA_NEAREST_ACTIVE_OUTLET,MA0098,002,7.530,ZCTA_NN;R6371;TIE_FIRST_LEX,ZCTA_NN_HAVERSINE;NOT_ELIGIBILITY;NOT_USPS_VALIDITY;NO_INVENTORY
01344,EXACT_IMLS_OUTLET_ZIP,MA0091,002,,EXACT_OUTLET;TIE_FSCSKEY_SEQ,EXACT_OUTLET;NOT_USPS_VALIDITY;NO_INVENTORY
01346,ZCTA_NEAREST_ACTIVE_OUTLET,MA0129,002,5.184,ZCTA_NN;R6371;TIE_FIRST_LEX,ZCTA_NN_HAVERSINE;NOT_ELIGIBILITY;NOT_USPS_VALIDITY;NO_INVENTORY
01347,ZCTA_NEAREST_ACTIVE_OUTLET,MA0191,003,2.627,ZCTA_NN;R6371;TIE_FIRST_LEX,ZCTA_NN_HAVERSINE;NOT_ELIGIBILITY;NOT_USPS_VALIDITY;NO_INVENTORY
01349,EXACT_IMLS_OUTLET_ZIP,MA0191,003,,EXACT_OUTLET;TIE_FSCSKEY_SEQ,EXACT_OUTLET;NOT_USPS_VALIDITY;NO_INVENTORY
01350,ZCTA_NEAREST_ACTIVE_OUTLET,MA0189,002,3.640,ZCTA_NN;R6371;TIE_FIRST_LEX,ZCTA_NN_HAVERSINE;NOT_ELIGIBILITY;NOT_USPS_VALIDITY;NO_INVENTORY
01351,EXACT_IMLS_OUTLET_ZIP,MA0191,004,,EXACT_OUTLET;TIE_FSCSKEY_SEQ,EXACT_OUTLET;NOT_USPS_VALIDITY;NO_INVENTORY
01352,EXACT_IMLS_OUTLET_ZIP,MA0189,002,,EXACT_OUTLET;TIE_FSCSKEY_SEQ,EXACT_OUTLET;NOT_USPS_VALIDITY;NO_INVENTORY
01354,EXACT_IMLS_OUTLET_ZIP,MA0106,002,,EXACT_OUTLET;TIE_FSCSKEY_SEQ,EXACT_OUTLET;NOT_USPS_VALIDITY;NO_INVENTORY
01355,EXACT_IMLS_OUTLET_ZIP,MA0201,002,,EXACT_OUTLET;TIE_FSCSKEY_SEQ,EXACT_OUTLET;NOT_USPS_VALIDITY;NO_INVENTORY
01360,EXACT_IMLS_OUTLET_ZIP,MA0214,002,,EXACT_OUTLET;TIE_FSCSKEY_SEQ,EXACT_OUTLET;NOT_USPS_VALIDITY;NO_INVENTORY
01364,EXACT_IMLS_OUTLET_ZIP,MA0220,002,,EXACT_OUTLET;TIE_FSCSKEY_SEQ,EXACT_OUTLET;NOT_USPS_VALIDITY;NO_INVENTORY
01366,EXACT_IMLS_OUTLET_ZIP,MA0231,002,,EXACT_OUTLET;TIE_FSCSKEY_SEQ,EXACT_OUTLET;NOT_USPS_VALIDITY;NO_INVENTORY
01367,EXACT_IMLS_OUTLET_ZIP,MA0250,002,,EXACT_OUTLET;TIE_FSCSKEY_SEQ,EXACT_OUTLET;NOT_USPS_VALIDITY;NO_INVENTORY
01368,EXACT_IMLS_OUTLET_ZIP,MA0252,002,,EXACT_OUTLET;TIE_FSCSKEY_SEQ,EXACT_OUTLET;NOT_USPS_VALIDITY;NO_INVENTORY
01370,EXACT_IMLS_OUTLET_ZIP,MA0265,002,,EXACT_OUTLET;TIE_FSCSKEY_SEQ,EXACT_OUTLET;NOT_USPS_VALIDITY;NO_INVENTORY
01373,EXACT_IMLS_OUTLET_ZIP,MA0074,002,,EXACT_OUTLET;TIE_FSCSKEY_SEQ,EXACT_OUTLET;NOT_USPS_VALIDITY;NO_INVENTORY
01375,EXACT_IMLS_OUTLET_ZIP,MA0286,002,,EXACT_OUTLET;TIE_FSCSKEY_SEQ,EXACT_OUTLET;NOT_USPS_VALIDITY;NO_INVENTORY
01376,EXACT_IMLS_OUTLET_ZIP,MA0191,002,,EXACT_OUTLET;TIE_FSCSKEY_SEQ,EXACT_OUTLET;NOT_USPS_VALIDITY;NO_INVENTORY
01378,EXACT_IMLS_OUTLET_ZIP,MA0309,002,,EXACT_OUTLET;TIE_FSCSKEY_SEQ,EXACT_OUTLET;NOT_USPS_VALIDITY;NO_INVENTORY
01379,EXACT_IMLS_OUTLET_ZIP,MA0315,002,,EXACT_OUTLET;TIE_FSCSKEY_SEQ,EXACT_OUTLET;NOT_USPS_VALIDITY;NO_INVENTORY
01380,ZCTA_NEAREST_ACTIVE_OUTLET,MA0315,002,4.391,ZCTA_NN;R6371;TIE_FIRST_LEX,ZCTA_NN_HAVERSINE;NOT_ELIGIBILITY;NOT_USPS_VALIDITY;NO_INVENTORY
01420,EXACT_IMLS_OUTLET_ZIP,MA0097,002,,EXACT_OUTLET;TIE_FSCSKEY_SEQ,EXACT_OUTLET;NOT_USPS_VALIDITY;NO_INVENTORY
01430,EXACT_IMLS_OUTLET_ZIP,MA0011,002,,EXACT_OUTLET;TIE_FSCSKEY_SEQ,EXACT_OUTLET;NOT_USPS_VALIDITY;NO_INVENTORY
01431,EXACT_IMLS_OUTLET_ZIP,MA0012,002,,EXACT_OUTLET;TIE_FSCSKEY_SEQ,EXACT_OUTLET;NOT_USPS_VALIDITY;NO_INVENTORY
01432,EXACT_IMLS_OUTLET_ZIP,MA0019,002,,EXACT_OUTLET;TIE_FSCSKEY_SEQ,EXACT_OUTLET;NOT_USPS_VALIDITY;NO_INVENTORY
01434,ZCTA_NEAREST_ACTIVE_OUTLET,MA0267,002,2.656,ZCTA_NN;R6371;TIE_FIRST_LEX,ZCTA_NN_HAVERSINE;NOT_ELIGIBILITY;NOT_USPS_VALIDITY;NO_INVENTORY
01436,ZCTA_NEAREST_ACTIVE_OUTLET,MA0291,002,5.176,ZCTA_NN;R6371;TIE_FIRST_LEX,ZCTA_NN_HAVERSINE;NOT_ELIGIBILITY;NOT_USPS_VALIDITY;NO_INVENTORY
01438,ZCTA_NEAREST_ACTIVE_OUTLET,MA0291,002,2.662,ZCTA_NN;R6371;TIE_FIRST_LEX,ZCTA_NN_HAVERSINE;NOT_ELIGIBILITY;NOT_USPS_VALIDITY;NO_INVENTORY
01440,EXACT_IMLS_OUTLET_ZIP,MA0103,002,,EXACT_OUTLET;TIE_FSCSKEY_SEQ,EXACT_OUTLET;NOT_USPS_VALIDITY;NO_INVENTORY
01441,OBSERVED_REFERENCE_INDIRECT_ONLY,,,,INDIRECT_IMLS_SC;NO_FABRICATED_NEAREST,INDIRECT_IMLS_SC;NO_FABRICATED_NEAREST;NOT_REJECTED;NOT_USPS_VALIDITY;NO_INVENTORY
01450,EXACT_IMLS_OUTLET_ZIP,MA0115,002,,EXACT_OUTLET;TIE_FSCSKEY_SEQ,EXACT_OUTLET;NOT_USPS_VALIDITY;NO_INVENTORY
01451,EXACT_IMLS_OUTLET_ZIP,MA0125,002,,EXACT_OUTLET;TIE_FSCSKEY_SEQ,EXACT_OUTLET;NOT_USPS_VALIDITY;NO_INVENTORY
01452,EXACT_IMLS_OUTLET_ZIP,MA0139,002,,EXACT_OUTLET;TIE_FSCSKEY_SEQ,EXACT_OUTLET;NOT_USPS_VALIDITY;NO_INVENTORY
01453,EXACT_IMLS_OUTLET_ZIP,MA0152,002,,EXACT_OUTLET;TIE_FSCSKEY_SEQ,EXACT_OUTLET;NOT_USPS_VALIDITY;NO_INVENTORY
01460,EXACT_IMLS_OUTLET_ZIP,MA0157,002,,EXACT_OUTLET;TIE_FSCSKEY_SEQ,EXACT_OUTLET;NOT_USPS_VALIDITY;NO_INVENTORY
01462,EXACT_IMLS_OUTLET_ZIP,MA0161,002,,EXACT_OUTLET;TIE_FSCSKEY_SEQ,EXACT_OUTLET;NOT_USPS_VALIDITY;NO_INVENTORY
01463,EXACT_IMLS_OUTLET_ZIP,MA0229,002,,EXACT_OUTLET;TIE_FSCSKEY_SEQ,EXACT_OUTLET;NOT_USPS_VALIDITY;NO_INVENTORY
01464,EXACT_IMLS_OUTLET_ZIP,MA0267,002,,EXACT_OUTLET;TIE_FSCSKEY_SEQ,EXACT_OUTLET;NOT_USPS_VALIDITY;NO_INVENTORY
01467,OBSERVED_REFERENCE_INDIRECT_ONLY,,,,INDIRECT_IMLS_SC;NO_FABRICATED_NEAREST,INDIRECT_IMLS_SC;NO_FABRICATED_NEAREST;NOT_REJECTED;NOT_USPS_VALIDITY;NO_INVENTORY
01468,EXACT_IMLS_OUTLET_ZIP,MA0291,002,,EXACT_OUTLET;TIE_FSCSKEY_SEQ,EXACT_OUTLET;NOT_USPS_VALIDITY;NO_INVENTORY
01469,EXACT_IMLS_OUTLET_ZIP,MA0296,002,,EXACT_OUTLET;TIE_FSCSKEY_SEQ,EXACT_OUTLET;NOT_USPS_VALIDITY;NO_INVENTORY
01471,OBSERVED_REFERENCE_INDIRECT_ONLY,,,,INDIRECT_IMLS_SC;NO_FABRICATED_NEAREST,INDIRECT_IMLS_SC;NO_FABRICATED_NEAREST;NOT_REJECTED;NOT_USPS_VALIDITY;NO_INVENTORY
01472,OBSERVED_REFERENCE_INDIRECT_ONLY,,,,INDIRECT_IMLS_SC;NO_FABRICATED_NEAREST,INDIRECT_IMLS_SC;NO_FABRICATED_NEAREST;NOT_REJECTED;NOT_USPS_VALIDITY;NO_INVENTORY
01473,EXACT_IMLS_OUTLET_ZIP,MA0328,002,,EXACT_OUTLET;TIE_FSCSKEY_SEQ,EXACT_OUTLET;NOT_USPS_VALIDITY;NO_INVENTORY
01474,ZCTA_NEAREST_ACTIVE_OUTLET,MA0296,002,3.926,ZCTA_NN;R6371;TIE_FIRST_LEX,ZCTA_NN_HAVERSINE;NOT_ELIGIBILITY;NOT_USPS_VALIDITY;NO_INVENTORY
01475,EXACT_IMLS_OUTLET_ZIP,MA0339,002,,EXACT_OUTLET;TIE_FSCSKEY_SEQ,EXACT_OUTLET;NOT_USPS_VALIDITY;NO_INVENTORY
01501,EXACT_IMLS_OUTLET_ZIP,MA0017,002,,EXACT_OUTLET;TIE_FSCSKEY_SEQ,EXACT_OUTLET;NOT_USPS_VALIDITY;NO_INVENTORY
01503,EXACT_IMLS_OUTLET_ZIP,MA0028,002,,EXACT_OUTLET;TIE_FSCSKEY_SEQ,EXACT_OUTLET;NOT_USPS_VALIDITY;NO_INVENTORY
01504,EXACT_IMLS_OUTLET_ZIP,MA0032,002,,EXACT_OUTLET;TIE_FSCSKEY_SEQ,EXACT_OUTLET;NOT_USPS_VALIDITY;NO_INVENTORY
01505,EXACT_IMLS_OUTLET_ZIP,MA0039,002,,EXACT_OUTLET;TIE_FSCSKEY_SEQ,EXACT_OUTLET;NOT_USPS_VALIDITY;NO_INVENTORY
01506,EXACT_IMLS_OUTLET_ZIP,MA0045,002,,EXACT_OUTLET;TIE_FSCSKEY_SEQ,EXACT_OUTLET;NOT_USPS_VALIDITY;NO_INVENTORY
01507,EXACT_IMLS_OUTLET_ZIP,MA0054,002,,EXACT_OUTLET;TIE_FSCSKEY_SEQ,EXACT_OUTLET;NOT_USPS_VALIDITY;NO_INVENTORY
01508,OBSERVED_REFERENCE_INDIRECT_ONLY,,,,INDIRECT_IMLS_SC;NO_FABRICATED_NEAREST,INDIRECT_IMLS_SC;NO_FABRICATED_NEAREST;NOT_REJECTED;NOT_USPS_VALIDITY;NO_INVENTORY
01509,OBSERVED_REFERENCE_INDIRECT_ONLY,,,,INDIRECT_IMLS_SC;NO_FABRICATED_NEAREST,INDIRECT_IMLS_SC;NO_FABRICATED_NEAREST;NOT_REJECTED;NOT_USPS_VALIDITY;NO_INVENTORY
01510,EXACT_IMLS_OUTLET_ZIP,MA0064,002,,EXACT_OUTLET;TIE_FSCSKEY_SEQ,EXACT_OUTLET;NOT_USPS_VALIDITY;NO_INVENTORY
01515,EXACT_IMLS_OUTLET_ZIP,MA0084,002,,EXACT_OUTLET;TIE_FSCSKEY_SEQ,EXACT_OUTLET;NOT_USPS_VALIDITY;NO_INVENTORY
01516,EXACT_IMLS_OUTLET_ZIP,MA0077,002,,EXACT_OUTLET;TIE_FSCSKEY_SEQ,EXACT_OUTLET;NOT_USPS_VALIDITY;NO_INVENTORY
01518,ZCTA_NEAREST_ACTIVE_OUTLET,MA0284,002,2.762,ZCTA_NN;R6371;TIE_FIRST_LEX,ZCTA_NN_HAVERSINE;NOT_ELIGIBILITY;NOT_USPS_VALIDITY;NO_INVENTORY
01519,EXACT_IMLS_OUTLET_ZIP,MA0110,002,,EXACT_OUTLET;TIE_FSCSKEY_SEQ,EXACT_OUTLET;NOT_USPS_VALIDITY;NO_INVENTORY
01520,EXACT_IMLS_OUTLET_ZIP,MA0133,002,,EXACT_OUTLET;TIE_FSCSKEY_SEQ,EXACT_OUTLET;NOT_USPS_VALIDITY;NO_INVENTORY
01521,EXACT_IMLS_OUTLET_ZIP,MA0134,002,,EXACT_OUTLET;TIE_FSCSKEY_SEQ,EXACT_OUTLET;NOT_USPS_VALIDITY;NO_INVENTORY
01522,ZCTA_NEAREST_ACTIVE_OUTLET,MA0133,002,3.057,ZCTA_NN;R6371;TIE_FIRST_LEX,ZCTA_NN_HAVERSINE;NOT_ELIGIBILITY;NOT_USPS_VALIDITY;NO_INVENTORY
01523,EXACT_IMLS_OUTLET_ZIP,MA0146,002,,EXACT_OUTLET;TIE_FSCSKEY_SEQ,EXACT_OUTLET;NOT_USPS_VALIDITY;NO_INVENTORY
01524,EXACT_IMLS_OUTLET_ZIP,MA0150,002,,EXACT_OUTLET;TIE_FSCSKEY_SEQ,EXACT_OUTLET;NOT_USPS_VALIDITY;NO_INVENTORY
01525,ZCTA_NEAREST_ACTIVE_OUTLET,MA0213,002,2.139,ZCTA_NN;R6371;TIE_FIRST_LEX,ZCTA_NN_HAVERSINE;NOT_ELIGIBILITY;NOT_USPS_VALIDITY;NO_INVENTORY
01526,OBSERVED_REFERENCE_INDIRECT_ONLY,,,,INDIRECT_IMLS_SC;NO_FABRICATED_NEAREST,INDIRECT_IMLS_SC;NO_FABRICATED_NEAREST;NOT_REJECTED;NOT_USPS_VALIDITY;NO_INVENTORY
01527,EXACT_IMLS_OUTLET_ZIP,MA0185,002,,EXACT_OUTLET;TIE_FSCSKEY_SEQ,EXACT_OUTLET;NOT_USPS_VALIDITY;NO_INVENTORY
01529,EXACT_IMLS_OUTLET_ZIP,MA0187,002,,EXACT_OUTLET;TIE_FSCSKEY_SEQ,EXACT_OUTLET;NOT_USPS_VALIDITY;NO_INVENTORY
01531,EXACT_IMLS_OUTLET_ZIP,MA0199,002,,EXACT_OUTLET;TIE_FSCSKEY_SEQ,EXACT_OUTLET;NOT_USPS_VALIDITY;NO_INVENTORY
01532,EXACT_IMLS_OUTLET_ZIP,MA0212,002,,EXACT_OUTLET;TIE_FSCSKEY_SEQ,EXACT_OUTLET;NOT_USPS_VALIDITY;NO_INVENTORY
01534,ZCTA_NEAREST_ACTIVE_OUTLET,MA0213,002,3.471,ZCTA_NN;R6371;TIE_FIRST_LEX,ZCTA_NN_HAVERSINE;NOT_ELIGIBILITY;NOT_USPS_VALIDITY;NO_INVENTORY
01535,EXACT_IMLS_OUTLET_ZIP,MA0209,002,,EXACT_OUTLET;TIE_FSCSKEY_SEQ,EXACT_OUTLET;NOT_USPS_VALIDITY;NO_INVENTORY
01536,ZCTA_NEAREST_ACTIVE_OUTLET,MA0110,002,2.883,ZCTA_NN;R6371;TIE_FIRST_LEX,ZCTA_NN_HAVERSINE;NOT_ELIGIBILITY;NOT_USPS_VALIDITY;NO_INVENTORY
01537,ZCTA_NEAREST_ACTIVE_OUTLET,MA0223,002,5.237,ZCTA_NN;R6371;TIE_FIRST_LEX,ZCTA_NN_HAVERSINE;NOT_ELIGIBILITY;NOT_USPS_VALIDITY;NO_INVENTORY
01538,OBSERVED_REFERENCE_INDIRECT_ONLY,,,,INDIRECT_IMLS_SC;NO_FABRICATED_NEAREST,INDIRECT_IMLS_SC;NO_FABRICATED_NEAREST;NOT_REJECTED;NOT_USPS_VALIDITY;NO_INVENTORY
01540,EXACT_IMLS_OUTLET_ZIP,MA0223,002,,EXACT_OUTLET;TIE_FSCSKEY_SEQ,EXACT_OUTLET;NOT_USPS_VALIDITY;NO_INVENTORY
01541,EXACT_IMLS_OUTLET_ZIP,MA0238,002,,EXACT_OUTLET;TIE_FSCSKEY_SEQ,EXACT_OUTLET;NOT_USPS_VALIDITY;NO_INVENTORY
01542,ZCTA_NEAREST_ACTIVE_OUTLET,MA0150,002,4.631,ZCTA_NN;R6371;TIE_FIRST_LEX,ZCTA_NN_HAVERSINE;NOT_ELIGIBILITY;NOT_USPS_VALIDITY;NO_INVENTORY
01543,EXACT_IMLS_OUTLET_ZIP,MA0254,002,,EXACT_OUTLET;TIE_FSCSKEY_SEQ,EXACT_OUTLET;NOT_USPS_VALIDITY;NO_INVENTORY
01545,EXACT_IMLS_OUTLET_ZIP,MA0268,002,,EXACT_OUTLET;TIE_FSCSKEY_SEQ,EXACT_OUTLET;NOT_USPS_VALIDITY;NO_INVENTORY
01550,EXACT_IMLS_OUTLET_ZIP,MA0275,002,,EXACT_OUTLET;TIE_FSCSKEY_SEQ,EXACT_OUTLET;NOT_USPS_VALIDITY;NO_INVENTORY
01560,ZCTA_NEAREST_ACTIVE_OUTLET,MA0110,002,3.518,ZCTA_NN;R6371;TIE_FIRST_LEX,ZCTA_NN_HAVERSINE;NOT_ELIGIBILITY;NOT_USPS_VALIDITY;NO_INVENTORY
01561,ZCTA_NEAREST_ACTIVE_OUTLET,MA0146,002,1.652,ZCTA_NN;R6371;TIE_FIRST_LEX,ZCTA_NN_HAVERSINE;NOT_ELIGIBILITY;NOT_USPS_VALIDITY;NO_INVENTORY
01562,EXACT_IMLS_OUTLET_ZIP,MA0277,002,,EXACT_OUTLET;TIE_FSCSKEY_SEQ,EXACT_OUTLET;NOT_USPS_VALIDITY;NO_INVENTORY
01564,EXACT_IMLS_OUTLET_ZIP,MA0279,002,,EXACT_OUTLET;TIE_FSCSKEY_SEQ,EXACT_OUTLET;NOT_USPS_VALIDITY;NO_INVENTORY
01566,EXACT_IMLS_OUTLET_ZIP,MA0284,002,,EXACT_OUTLET;TIE_FSCSKEY_SEQ,EXACT_OUTLET;NOT_USPS_VALIDITY;NO_INVENTORY
01568,EXACT_IMLS_OUTLET_ZIP,MA0300,002,,EXACT_OUTLET;TIE_FSCSKEY_SEQ,EXACT_OUTLET;NOT_USPS_VALIDITY;NO_INVENTORY
01569,EXACT_IMLS_OUTLET_ZIP,MA0301,002,,EXACT_OUTLET;TIE_FSCSKEY_SEQ,EXACT_OUTLET;NOT_USPS_VALIDITY;NO_INVENTORY
01570,EXACT_IMLS_OUTLET_ZIP,MA0312,002,,EXACT_OUTLET;TIE_FSCSKEY_SEQ,EXACT_OUTLET;NOT_USPS_VALIDITY;NO_INVENTORY
01571,EXACT_IMLS_OUTLET_ZIP,MA0080,002,,EXACT_OUTLET;TIE_FSCSKEY_SEQ,EXACT_OUTLET;NOT_USPS_VALIDITY;NO_INVENTORY
01581,EXACT_IMLS_OUTLET_ZIP,MA0324,002,,EXACT_OUTLET;TIE_FSCSKEY_SEQ,EXACT_OUTLET;NOT_USPS_VALIDITY;NO_INVENTORY
01583,EXACT_IMLS_OUTLET_ZIP,MA0317,002,,EXACT_OUTLET;TIE_FSCSKEY_SEQ,EXACT_OUTLET;NOT_USPS_VALIDITY;NO_INVENTORY
01585,EXACT_IMLS_OUTLET_ZIP,MA0319,002,,EXACT_OUTLET;TIE_FSCSKEY_SEQ,EXACT_OUTLET;NOT_USPS_VALIDITY;NO_INVENTORY
01588,EXACT_IMLS_OUTLET_ZIP,MA0213,002,,EXACT_OUTLET;TIE_FSCSKEY_SEQ,EXACT_OUTLET;NOT_USPS_VALIDITY;NO_INVENTORY
01590,EXACT_IMLS_OUTLET_ZIP,MA0287,002,,EXACT_OUTLET;TIE_FSCSKEY_SEQ,EXACT_OUTLET;NOT_USPS_VALIDITY;NO_INVENTORY
01601,OBSERVED_REFERENCE_INDIRECT_ONLY,,,,INDIRECT_IMLS_SC;NO_FABRICATED_NEAREST,INDIRECT_IMLS_SC;NO_FABRICATED_NEAREST;NOT_REJECTED;NOT_USPS_VALIDITY;NO_INVENTORY
01602,EXACT_IMLS_OUTLET_ZIP,MA0344,015,,EXACT_OUTLET;TIE_FSCSKEY_SEQ,EXACT_OUTLET;NOT_USPS_VALIDITY;NO_INVENTORY
01603,EXACT_IMLS_OUTLET_ZIP,MA0344,016,,EXACT_OUTLET;TIE_FSCSKEY_SEQ,EXACT_OUTLET;NOT_USPS_VALIDITY;NO_INVENTORY
01604,EXACT_IMLS_OUTLET_ZIP,MA0344,014,,EXACT_OUTLET;TIE_FSCSKEY_SEQ,EXACT_OUTLET;NOT_USPS_VALIDITY;NO_INVENTORY
01605,EXACT_IMLS_OUTLET_ZIP,MA0344,003,,EXACT_OUTLET;TIE_FSCSKEY_SEQ,EXACT_OUTLET;NOT_USPS_VALIDITY;NO_INVENTORY
01606,EXACT_IMLS_OUTLET_ZIP,MA0344,012,,EXACT_OUTLET;TIE_FSCSKEY_SEQ,EXACT_OUTLET;NOT_USPS_VALIDITY;NO_INVENTORY
01607,ZCTA_NEAREST_ACTIVE_OUTLET,MA0344,014,3.307,ZCTA_NN;R6371;TIE_FIRST_LEX,ZCTA_NN_HAVERSINE;NOT_ELIGIBILITY;NOT_USPS_VALIDITY;NO_INVENTORY
01608,EXACT_IMLS_OUTLET_ZIP,MA0344,011,,EXACT_OUTLET;TIE_FSCSKEY_SEQ,EXACT_OUTLET;NOT_USPS_VALIDITY;NO_INVENTORY
01609,ZCTA_NEAREST_ACTIVE_OUTLET,MA0344,015,1.889,ZCTA_NN;R6371;TIE_FIRST_LEX,ZCTA_NN_HAVERSINE;NOT_ELIGIBILITY;NOT_USPS_VALIDITY;NO_INVENTORY
01610,ZCTA_NEAREST_ACTIVE_OUTLET,MA0344,016,1.270,ZCTA_NN;R6371;TIE_FIRST_LEX,ZCTA_NN_HAVERSINE;NOT_ELIGIBILITY;NOT_USPS_VALIDITY;NO_INVENTORY
01611,ZCTA_NEAREST_ACTIVE_OUTLET,MA0150,002,3.040,ZCTA_NN;R6371;TIE_FIRST_LEX,ZCTA_NN_HAVERSINE;NOT_ELIGIBILITY;NOT_USPS_VALIDITY;NO_INVENTORY
01612,EXACT_IMLS_OUTLET_ZIP,MA0225,002,,EXACT_OUTLET;TIE_FSCSKEY_SEQ,EXACT_OUTLET;NOT_USPS_VALIDITY;NO_INVENTORY
01613,OBSERVED_REFERENCE_INDIRECT_ONLY,,,,INDIRECT_IMLS_SC;NO_FABRICATED_NEAREST,INDIRECT_IMLS_SC;NO_FABRICATED_NEAREST;NOT_REJECTED;NOT_USPS_VALIDITY;NO_INVENTORY
01615,OBSERVED_REFERENCE_INDIRECT_ONLY,,,,INDIRECT_IMLS_SC;NO_FABRICATED_NEAREST,INDIRECT_IMLS_SC;NO_FABRICATED_NEAREST;NOT_REJECTED;NOT_USPS_VALIDITY;NO_INVENTORY
01653,OBSERVED_REFERENCE_INDIRECT_ONLY,,,,INDIRECT_IMLS_SC;NO_FABRICATED_NEAREST,INDIRECT_IMLS_SC;NO_FABRICATED_NEAREST;NOT_REJECTED;NOT_USPS_VALIDITY;NO_INVENTORY
01655,OBSERVED_REFERENCE_INDIRECT_ONLY,,,,INDIRECT_IMLS_SC;NO_FABRICATED_NEAREST,INDIRECT_IMLS_SC;NO_FABRICATED_NEAREST;NOT_REJECTED;NOT_USPS_VALIDITY;NO_INVENTORY
01701,EXACT_IMLS_OUTLET_ZIP,MA0100,003,,EXACT_OUTLET;TIE_FSCSKEY_SEQ,EXACT_OUTLET;NOT_USPS_VALIDITY;NO_INVENTORY
01702,EXACT_IMLS_OUTLET_ZIP,MA0100,002,,EXACT_OUTLET;TIE_FSCSKEY_SEQ,EXACT_OUTLET;NOT_USPS_VALIDITY;NO_INVENTORY
01703,OBSERVED_REFERENCE_INDIRECT_ONLY,,,,INDIRECT_IMLS_SC;NO_FABRICATED_NEAREST,INDIRECT_IMLS_SC;NO_FABRICATED_NEAREST;NOT_REJECTED;NOT_USPS_VALIDITY;NO_INVENTORY
01704,OBSERVED_REFERENCE_INDIRECT_ONLY,,,,INDIRECT_IMLS_SC;NO_FABRICATED_NEAREST,INDIRECT_IMLS_SC;NO_FABRICATED_NEAREST;NOT_REJECTED;NOT_USPS_VALIDITY;NO_INVENTORY
01718,ZCTA_NEAREST_ACTIVE_OUTLET,MA0002,002,4.088,ZCTA_NN;R6371;TIE_FIRST_LEX,ZCTA_NN_HAVERSINE;NOT_ELIGIBILITY;NOT_USPS_VALIDITY;NO_INVENTORY
01719,EXACT_IMLS_OUTLET_ZIP,MA0037,002,,EXACT_OUTLET;TIE_FSCSKEY_SEQ,EXACT_OUTLET;NOT_USPS_VALIDITY;NO_INVENTORY
01720,EXACT_IMLS_OUTLET_ZIP,MA0002,002,,EXACT_OUTLET;TIE_FSCSKEY_SEQ,EXACT_OUTLET;NOT_USPS_VALIDITY;NO_INVENTORY
01721,EXACT_IMLS_OUTLET_ZIP,MA0014,002,,EXACT_OUTLET;TIE_FSCSKEY_SEQ,EXACT_OUTLET;NOT_USPS_VALIDITY;NO_INVENTORY
01730,EXACT_IMLS_OUTLET_ZIP,MA0023,002,,EXACT_OUTLET;TIE_FSCSKEY_SEQ,EXACT_OUTLET;NOT_USPS_VALIDITY;NO_INVENTORY
01731,ZCTA_NEAREST_ACTIVE_OUTLET,MA0023,002,3.027,ZCTA_NN;R6371;TIE_FIRST_LEX,ZCTA_NN_HAVERSINE;NOT_ELIGIBILITY;NOT_USPS_VALIDITY;NO_INVENTORY
01740,EXACT_IMLS_OUTLET_ZIP,MA0034,002,,EXACT_OUTLET;TIE_FSCSKEY_SEQ,EXACT_OUTLET;NOT_USPS_VALIDITY;NO_INVENTORY
01741,EXACT_IMLS_OUTLET_ZIP,MA0051,002,,EXACT_OUTLET;TIE_FSCSKEY_SEQ,EXACT_OUTLET;NOT_USPS_VALIDITY;NO_INVENTORY
01742,EXACT_IMLS_OUTLET_ZIP,MA0067,002,,EXACT_OUTLET;TIE_FSCSKEY_SEQ,EXACT_OUTLET;NOT_USPS_VALIDITY;NO_INVENTORY
01745,ZCTA_NEAREST_ACTIVE_OUTLET,MA0274,002,2.928,ZCTA_NN;R6371;TIE_FIRST_LEX,ZCTA_NN_HAVERSINE;NOT_ELIGIBILITY;NOT_USPS_VALIDITY;NO_INVENTORY
01746,EXACT_IMLS_OUTLET_ZIP,MA0135,002,,EXACT_OUTLET;TIE_FSCSKEY_SEQ,EXACT_OUTLET;NOT_USPS_VALIDITY;NO_INVENTORY
01747,EXACT_IMLS_OUTLET_ZIP,MA0137,002,,EXACT_OUTLET;TIE_FSCSKEY_SEQ,EXACT_OUTLET;NOT_USPS_VALIDITY;NO_INVENTORY
01748,EXACT_IMLS_OUTLET_ZIP,MA0138,002,,EXACT_OUTLET;TIE_FSCSKEY_SEQ,EXACT_OUTLET;NOT_USPS_VALIDITY;NO_INVENTORY
01749,EXACT_IMLS_OUTLET_ZIP,MA0140,002,,EXACT_OUTLET;TIE_FSCSKEY_SEQ,EXACT_OUTLET;NOT_USPS_VALIDITY;NO_INVENTORY
01752,EXACT_IMLS_OUTLET_ZIP,MA0169,002,,EXACT_OUTLET;TIE_FSCSKEY_SEQ,EXACT_OUTLET;NOT_USPS_VALIDITY;NO_INVENTORY
01754,EXACT_IMLS_OUTLET_ZIP,MA0173,002,,EXACT_OUTLET;TIE_FSCSKEY_SEQ,EXACT_OUTLET;NOT_USPS_VALIDITY;NO_INVENTORY
01756,EXACT_IMLS_OUTLET_ZIP,MA0178,002,,EXACT_OUTLET;TIE_FSCSKEY_SEQ,EXACT_OUTLET;NOT_USPS_VALIDITY;NO_INVENTORY
01757,EXACT_IMLS_OUTLET_ZIP,MA0184,002,,EXACT_OUTLET;TIE_FSCSKEY_SEQ,EXACT_OUTLET;NOT_USPS_VALIDITY;NO_INVENTORY
01760,EXACT_IMLS_OUTLET_ZIP,MA0196,002,,EXACT_OUTLET;TIE_FSCSKEY_SEQ,EXACT_OUTLET;NOT_USPS_VALIDITY;NO_INVENTORY
01770,EXACT_IMLS_OUTLET_ZIP,MA0266,002,,EXACT_OUTLET;TIE_FSCSKEY_SEQ,EXACT_OUTLET;NOT_USPS_VALIDITY;NO_INVENTORY
01772,EXACT_IMLS_OUTLET_ZIP,MA0274,002,,EXACT_OUTLET;TIE_FSCSKEY_SEQ,EXACT_OUTLET;NOT_USPS_VALIDITY;NO_INVENTORY
01773,EXACT_IMLS_OUTLET_ZIP,MA0156,002,,EXACT_OUTLET;TIE_FSCSKEY_SEQ,EXACT_OUTLET;NOT_USPS_VALIDITY;NO_INVENTORY
01775,EXACT_IMLS_OUTLET_ZIP,MA0283,002,,EXACT_OUTLET;TIE_FSCSKEY_SEQ,EXACT_OUTLET;NOT_USPS_VALIDITY;NO_INVENTORY
01776,EXACT_IMLS_OUTLET_ZIP,MA0285,002,,EXACT_OUTLET;TIE_FSCSKEY_SEQ,EXACT_OUTLET;NOT_USPS_VALIDITY;NO_INVENTORY
01778,EXACT_IMLS_OUTLET_ZIP,MA0311,002,,EXACT_OUTLET;TIE_FSCSKEY_SEQ,EXACT_OUTLET;NOT_USPS_VALIDITY;NO_INVENTORY
01801,EXACT_IMLS_OUTLET_ZIP,MA0343,002,,EXACT_OUTLET;TIE_FSCSKEY_SEQ,EXACT_OUTLET;NOT_USPS_VALIDITY;NO_INVENTORY
01803,EXACT_IMLS_OUTLET_ZIP,MA0048,002,,EXACT_OUTLET;TIE_FSCSKEY_SEQ,EXACT_OUTLET;NOT_USPS_VALIDITY;NO_INVENTORY
01805,OBSERVED_REFERENCE_INDIRECT_ONLY,,,,INDIRECT_IMLS_SC;NO_FABRICATED_NEAREST,INDIRECT_IMLS_SC;NO_FABRICATED_NEAREST;NOT_REJECTED;NOT_USPS_VALIDITY;NO_INVENTORY
01810,EXACT_IMLS_OUTLET_ZIP,MA0009,002,,EXACT_OUTLET;TIE_FSCSKEY_SEQ,EXACT_OUTLET;NOT_USPS_VALIDITY;NO_INVENTORY
01821,EXACT_IMLS_OUTLET_ZIP,MA0031,002,,EXACT_OUTLET;TIE_FSCSKEY_SEQ,EXACT_OUTLET;NOT_USPS_VALIDITY;NO_INVENTORY
01824,EXACT_IMLS_OUTLET_ZIP,MA0056,002,,EXACT_OUTLET;TIE_FSCSKEY_SEQ,EXACT_OUTLET;NOT_USPS_VALIDITY;NO_INVENTORY
01826,EXACT_IMLS_OUTLET_ZIP,MA0079,002,,EXACT_OUTLET;TIE_FSCSKEY_SEQ,EXACT_OUTLET;NOT_USPS_VALIDITY;NO_INVENTORY
01827,EXACT_IMLS_OUTLET_ZIP,MA0081,002,,EXACT_OUTLET;TIE_FSCSKEY_SEQ,EXACT_OUTLET;NOT_USPS_VALIDITY;NO_INVENTORY
01830,EXACT_IMLS_OUTLET_ZIP,MA0128,002,,EXACT_OUTLET;TIE_FSCSKEY_SEQ,EXACT_OUTLET;NOT_USPS_VALIDITY;NO_INVENTORY
01831,OBSERVED_REFERENCE_INDIRECT_ONLY,,,,INDIRECT_IMLS_SC;NO_FABRICATED_NEAREST,INDIRECT_IMLS_SC;NO_FABRICATED_NEAREST;NOT_REJECTED;NOT_USPS_VALIDITY;NO_INVENTORY
01832,ZCTA_NEAREST_ACTIVE_OUTLET,MA0128,002,4.750,ZCTA_NN;R6371;TIE_FIRST_LEX,ZCTA_NN_HAVERSINE;NOT_ELIGIBILITY;NOT_USPS_VALIDITY;NO_INVENTORY
01833,EXACT_IMLS_OUTLET_ZIP,MA0105,002,,EXACT_OUTLET;TIE_FSCSKEY_SEQ,EXACT_OUTLET;NOT_USPS_VALIDITY;NO_INVENTORY
01834,EXACT_IMLS_OUTLET_ZIP,MA0116,002,,EXACT_OUTLET;TIE_FSCSKEY_SEQ,EXACT_OUTLET;NOT_USPS_VALIDITY;NO_INVENTORY
01835,ZCTA_NEAREST_ACTIVE_OUTLET,MA0128,002,3.196,ZCTA_NN;R6371;TIE_FIRST_LEX,ZCTA_NN_HAVERSINE;NOT_ELIGIBILITY;NOT_USPS_VALIDITY;NO_INVENTORY
01840,ZCTA_NEAREST_ACTIVE_OUTLET,MA0148,002,0.461,ZCTA_NN;R6371;TIE_FIRST_LEX,ZCTA_NN_HAVERSINE;NOT_ELIGIBILITY;NOT_USPS_VALIDITY;NO_INVENTORY
01841,EXACT_IMLS_OUTLET_ZIP,MA0148,002,,EXACT_OUTLET;TIE_FSCSKEY_SEQ,EXACT_OUTLET;NOT_USPS_VALIDITY;NO_INVENTORY
01842,OBSERVED_REFERENCE_INDIRECT_ONLY,,,,INDIRECT_IMLS_SC;NO_FABRICATED_NEAREST,INDIRECT_IMLS_SC;NO_FABRICATED_NEAREST;NOT_REJECTED;NOT_USPS_VALIDITY;NO_INVENTORY
01843,ZCTA_NEAREST_ACTIVE_OUTLET,MA0148,002,2.298,ZCTA_NN;R6371;TIE_FIRST_LEX,ZCTA_NN_HAVERSINE;NOT_ELIGIBILITY;NOT_USPS_VALIDITY;NO_INVENTORY
01844,EXACT_IMLS_OUTLET_ZIP,MA0180,002,,EXACT_OUTLET;TIE_FSCSKEY_SEQ,EXACT_OUTLET;NOT_USPS_VALIDITY;NO_INVENTORY
01845,EXACT_IMLS_OUTLET_ZIP,MA0207,002,,EXACT_OUTLET;TIE_FSCSKEY_SEQ,EXACT_OUTLET;NOT_USPS_VALIDITY;NO_INVENTORY
01850,ZCTA_NEAREST_ACTIVE_OUTLET,MA0159,002,1.436,ZCTA_NN;R6371;TIE_FIRST_LEX,ZCTA_NN_HAVERSINE;NOT_ELIGIBILITY;NOT_USPS_VALIDITY;NO_INVENTORY
01851,ZCTA_NEAREST_ACTIVE_OUTLET,MA0159,002,2.710,ZCTA_NN;R6371;TIE_FIRST_LEX,ZCTA_NN_HAVERSINE;NOT_ELIGIBILITY;NOT_USPS_VALIDITY;NO_INVENTORY
01852,EXACT_IMLS_OUTLET_ZIP,MA0159,002,,EXACT_OUTLET;TIE_FSCSKEY_SEQ,EXACT_OUTLET;NOT_USPS_VALIDITY;NO_INVENTORY
01853,OBSERVED_REFERENCE_INDIRECT_ONLY,,,,INDIRECT_IMLS_SC;NO_FABRICATED_NEAREST,INDIRECT_IMLS_SC;NO_FABRICATED_NEAREST;NOT_REJECTED;NOT_USPS_VALIDITY;NO_INVENTORY
01854,ZCTA_NEAREST_ACTIVE_OUTLET,MA0159,002,2.752,ZCTA_NN;R6371;TIE_FIRST_LEX,ZCTA_NN_HAVERSINE;NOT_ELIGIBILITY;NOT_USPS_VALIDITY;NO_INVENTORY
01860,EXACT_IMLS_OUTLET_ZIP,MA0179,002,,EXACT_OUTLET;TIE_FSCSKEY_SEQ,EXACT_OUTLET;NOT_USPS_VALIDITY;NO_INVENTORY
01862,ZCTA_NEAREST_ACTIVE_OUTLET,MA0031,002,3.101,ZCTA_NN;R6371;TIE_FIRST_LEX,ZCTA_NN_HAVERSINE;NOT_ELIGIBILITY;NOT_USPS_VALIDITY;NO_INVENTORY
01863,EXACT_IMLS_OUTLET_ZIP,MA0056,003,,EXACT_OUTLET;TIE_FSCSKEY_SEQ,EXACT_OUTLET;NOT_USPS_VALIDITY;NO_INVENTORY
01864,EXACT_IMLS_OUTLET_ZIP,MA0210,003,,EXACT_OUTLET;TIE_FSCSKEY_SEQ,EXACT_OUTLET;NOT_USPS_VALIDITY;NO_INVENTORY
01865,OBSERVED_REFERENCE_INDIRECT_ONLY,,,,INDIRECT_IMLS_SC;NO_FABRICATED_NEAREST,INDIRECT_IMLS_SC;NO_FABRICATED_NEAREST;NOT_REJECTED;NOT_USPS_VALIDITY;NO_INVENTORY
01866,OBSERVED_REFERENCE_INDIRECT_ONLY,,,,INDIRECT_IMLS_SC;NO_FABRICATED_NEAREST,INDIRECT_IMLS_SC;NO_FABRICATED_NEAREST;NOT_REJECTED;NOT_USPS_VALIDITY;NO_INVENTORY
01867,EXACT_IMLS_OUTLET_ZIP,MA0243,002,,EXACT_OUTLET;TIE_FSCSKEY_SEQ,EXACT_OUTLET;NOT_USPS_VALIDITY;NO_INVENTORY
01876,EXACT_IMLS_OUTLET_ZIP,MA0292,002,,EXACT_OUTLET;TIE_FSCSKEY_SEQ,EXACT_OUTLET;NOT_USPS_VALIDITY;NO_INVENTORY
01879,EXACT_IMLS_OUTLET_ZIP,MA0298,002,,EXACT_OUTLET;TIE_FSCSKEY_SEQ,EXACT_OUTLET;NOT_USPS_VALIDITY;NO_INVENTORY
01880,EXACT_IMLS_OUTLET_ZIP,MA0302,002,,EXACT_OUTLET;TIE_FSCSKEY_SEQ,EXACT_OUTLET;NOT_USPS_VALIDITY;NO_INVENTORY
01885,OBSERVED_REFERENCE_INDIRECT_ONLY,,,,INDIRECT_IMLS_SC;NO_FABRICATED_NEAREST,INDIRECT_IMLS_SC;NO_FABRICATED_NEAREST;NOT_REJECTED;NOT_USPS_VALIDITY;NO_INVENTORY
01886,EXACT_IMLS_OUTLET_ZIP,MA0326,002,,EXACT_OUTLET;TIE_FSCSKEY_SEQ,EXACT_OUTLET;NOT_USPS_VALIDITY;NO_INVENTORY
01887,EXACT_IMLS_OUTLET_ZIP,MA0338,002,,EXACT_OUTLET;TIE_FSCSKEY_SEQ,EXACT_OUTLET;NOT_USPS_VALIDITY;NO_INVENTORY
01888,OBSERVED_REFERENCE_INDIRECT_ONLY,,,,INDIRECT_IMLS_SC;NO_FABRICATED_NEAREST,INDIRECT_IMLS_SC;NO_FABRICATED_NEAREST;NOT_REJECTED;NOT_USPS_VALIDITY;NO_INVENTORY
01890,EXACT_IMLS_OUTLET_ZIP,MA0340,002,,EXACT_OUTLET;TIE_FSCSKEY_SEQ,EXACT_OUTLET;NOT_USPS_VALIDITY;NO_INVENTORY
01901,ZCTA_NEAREST_ACTIVE_OUTLET,MA0162,002,0.721,ZCTA_NN;R6371;TIE_FIRST_LEX,ZCTA_NN_HAVERSINE;NOT_ELIGIBILITY;NOT_USPS_VALIDITY;NO_INVENTORY
01902,EXACT_IMLS_OUTLET_ZIP,MA0162,002,,EXACT_OUTLET;TIE_FSCSKEY_SEQ,EXACT_OUTLET;NOT_USPS_VALIDITY;NO_INVENTORY
01903,OBSERVED_REFERENCE_INDIRECT_ONLY,,,,INDIRECT_IMLS_SC;NO_FABRICATED_NEAREST,INDIRECT_IMLS_SC;NO_FABRICATED_NEAREST;NOT_REJECTED;NOT_USPS_VALIDITY;NO_INVENTORY
01904,ZCTA_NEAREST_ACTIVE_OUTLET,MA0226,003,2.691,ZCTA_NN;R6371;TIE_FIRST_LEX,ZCTA_NN_HAVERSINE;NOT_ELIGIBILITY;NOT_USPS_VALIDITY;NO_INVENTORY
01905,ZCTA_NEAREST_ACTIVE_OUTLET,MA0162,002,1.550,ZCTA_NN;R6371;TIE_FIRST_LEX,ZCTA_NN_HAVERSINE;NOT_ELIGIBILITY;NOT_USPS_VALIDITY;NO_INVENTORY
01906,EXACT_IMLS_OUTLET_ZIP,MA0259,002,,EXACT_OUTLET;TIE_FSCSKEY_SEQ,EXACT_OUTLET;NOT_USPS_VALIDITY;NO_INVENTORY
01907,EXACT_IMLS_OUTLET_ZIP,MA0288,002,,EXACT_OUTLET;TIE_FSCSKEY_SEQ,EXACT_OUTLET;NOT_USPS_VALIDITY;NO_INVENTORY
01908,EXACT_IMLS_OUTLET_ZIP,MA0194,002,,EXACT_OUTLET;TIE_FSCSKEY_SEQ,EXACT_OUTLET;NOT_USPS_VALIDITY;NO_INVENTORY
01910,OBSERVED_REFERENCE_INDIRECT_ONLY,,,,INDIRECT_IMLS_SC;NO_FABRICATED_NEAREST,INDIRECT_IMLS_SC;NO_FABRICATED_NEAREST;NOT_REJECTED;NOT_USPS_VALIDITY;NO_INVENTORY
01913,EXACT_IMLS_OUTLET_ZIP,MA0007,002,,EXACT_OUTLET;TIE_FSCSKEY_SEQ,EXACT_OUTLET;NOT_USPS_VALIDITY;NO_INVENTORY
01915,EXACT_IMLS_OUTLET_ZIP,MA0030,002,,EXACT_OUTLET;TIE_FSCSKEY_SEQ,EXACT_OUTLET;NOT_USPS_VALIDITY;NO_INVENTORY
01921,EXACT_IMLS_OUTLET_ZIP,MA0038,002,,EXACT_OUTLET;TIE_FSCSKEY_SEQ,EXACT_OUTLET;NOT_USPS_VALIDITY;NO_INVENTORY
01922,EXACT_IMLS_OUTLET_ZIP,MA0202,002,,EXACT_OUTLET;TIE_FSCSKEY_SEQ,EXACT_OUTLET;NOT_USPS_VALIDITY;NO_INVENTORY
01923,EXACT_IMLS_OUTLET_ZIP,MA0071,002,,EXACT_OUTLET;TIE_FSCSKEY_SEQ,EXACT_OUTLET;NOT_USPS_VALIDITY;NO_INVENTORY
01929,EXACT_IMLS_OUTLET_ZIP,MA0092,002,,EXACT_OUTLET;TIE_FSCSKEY_SEQ,EXACT_OUTLET;NOT_USPS_VALIDITY;NO_INVENTORY
01930,EXACT_IMLS_OUTLET_ZIP,MA0107,002,,EXACT_OUTLET;TIE_FSCSKEY_SEQ,EXACT_OUTLET;NOT_USPS_VALIDITY;NO_INVENTORY
01931,OBSERVED_REFERENCE_INDIRECT_ONLY,,,,INDIRECT_IMLS_SC;NO_FABRICATED_NEAREST,INDIRECT_IMLS_SC;NO_FABRICATED_NEAREST;NOT_REJECTED;NOT_USPS_VALIDITY;NO_INVENTORY
01936,OBSERVED_REFERENCE_INDIRECT_ONLY,,,,INDIRECT_IMLS_SC;NO_FABRICATED_NEAREST,INDIRECT_IMLS_SC;NO_FABRICATED_NEAREST;NOT_REJECTED;NOT_USPS_VALIDITY;NO_INVENTORY
01937,ZCTA_NEAREST_ACTIVE_OUTLET,MA0183,002,2.797,ZCTA_NN;R6371;TIE_FIRST_LEX,ZCTA_NN_HAVERSINE;NOT_ELIGIBILITY;NOT_USPS_VALIDITY;NO_INVENTORY
01938,EXACT_IMLS_OUTLET_ZIP,MA0143,002,,EXACT_OUTLET;TIE_FSCSKEY_SEQ,EXACT_OUTLET;NOT_USPS_VALIDITY;NO_INVENTORY
01940,EXACT_IMLS_OUTLET_ZIP,MA0163,002,,EXACT_OUTLET;TIE_FSCSKEY_SEQ,EXACT_OUTLET;NOT_USPS_VALIDITY;NO_INVENTORY
01944,EXACT_IMLS_OUTLET_ZIP,MA0165,002,,EXACT_OUTLET;TIE_FSCSKEY_SEQ,EXACT_OUTLET;NOT_USPS_VALIDITY;NO_INVENTORY
01945,EXACT_IMLS_OUTLET_ZIP,MA0167,002,,EXACT_OUTLET;TIE_FSCSKEY_SEQ,EXACT_OUTLET;NOT_USPS_VALIDITY;NO_INVENTORY
01949,EXACT_IMLS_OUTLET_ZIP,MA0183,002,,EXACT_OUTLET;TIE_FSCSKEY_SEQ,EXACT_OUTLET;NOT_USPS_VALIDITY;NO_INVENTORY
01950,EXACT_IMLS_OUTLET_ZIP,MA0203,002,,EXACT_OUTLET;TIE_FSCSKEY_SEQ,EXACT_OUTLET;NOT_USPS_VALIDITY;NO_INVENTORY
01951,ZCTA_NEAREST_ACTIVE_OUTLET,MA0203,002,4.293,ZCTA_NN;R6371;TIE_FIRST_LEX,ZCTA_NN_HAVERSINE;NOT_ELIGIBILITY;NOT_USPS_VALIDITY;NO_INVENTORY
01952,EXACT_IMLS_OUTLET_ZIP,MA0256,002,,EXACT_OUTLET;TIE_FSCSKEY_SEQ,EXACT_OUTLET;NOT_USPS_VALIDITY;NO_INVENTORY
01960,EXACT_IMLS_OUTLET_ZIP,MA0226,002,,EXACT_OUTLET;TIE_FSCSKEY_SEQ,EXACT_OUTLET;NOT_USPS_VALIDITY;NO_INVENTORY
01961,OBSERVED_REFERENCE_INDIRECT_ONLY,,,,INDIRECT_IMLS_SC;NO_FABRICATED_NEAREST,INDIRECT_IMLS_SC;NO_FABRICATED_NEAREST;NOT_REJECTED;NOT_USPS_VALIDITY;NO_INVENTORY
01965,ZCTA_NEAREST_ACTIVE_OUTLET,MA0030,003,0.920,ZCTA_NN;R6371;TIE_FIRST_LEX,ZCTA_NN_HAVERSINE;NOT_ELIGIBILITY;NOT_USPS_VALIDITY;NO_INVENTORY
01966,EXACT_IMLS_OUTLET_ZIP,MA0249,002,,EXACT_OUTLET;TIE_FSCSKEY_SEQ,EXACT_OUTLET;NOT_USPS_VALIDITY;NO_INVENTORY
01969,EXACT_IMLS_OUTLET_ZIP,MA0251,002,,EXACT_OUTLET;TIE_FSCSKEY_SEQ,EXACT_OUTLET;NOT_USPS_VALIDITY;NO_INVENTORY
01970,EXACT_IMLS_OUTLET_ZIP,MA0255,002,,EXACT_OUTLET;TIE_FSCSKEY_SEQ,EXACT_OUTLET;NOT_USPS_VALIDITY;NO_INVENTORY
01982,EXACT_IMLS_OUTLET_ZIP,MA9024,001,,EXACT_OUTLET;TIE_FSCSKEY_SEQ,EXACT_OUTLET;NOT_USPS_VALIDITY;NO_INVENTORY
01983,EXACT_IMLS_OUTLET_ZIP,MA0295,002,,EXACT_OUTLET;TIE_FSCSKEY_SEQ,EXACT_OUTLET;NOT_USPS_VALIDITY;NO_INVENTORY
01984,ZCTA_NEAREST_ACTIVE_OUTLET,MA9024,001,1.265,ZCTA_NN;R6371;TIE_FIRST_LEX,ZCTA_NN_HAVERSINE;NOT_ELIGIBILITY;NOT_USPS_VALIDITY;NO_INVENTORY
01985,EXACT_IMLS_OUTLET_ZIP,MA0320,002,,EXACT_OUTLET;TIE_FSCSKEY_SEQ,EXACT_OUTLET;NOT_USPS_VALIDITY;NO_INVENTORY
02018,OBSERVED_REFERENCE_INDIRECT_ONLY,,,,INDIRECT_IMLS_SC;NO_FABRICATED_NEAREST,INDIRECT_IMLS_SC;NO_FABRICATED_NEAREST;NOT_REJECTED;NOT_USPS_VALIDITY;NO_INVENTORY
02019,EXACT_IMLS_OUTLET_ZIP,MA0025,002,,EXACT_OUTLET;TIE_FSCSKEY_SEQ,EXACT_OUTLET;NOT_USPS_VALIDITY;NO_INVENTORY
02020,OBSERVED_REFERENCE_INDIRECT_ONLY,,,,INDIRECT_IMLS_SC;NO_FABRICATED_NEAREST,INDIRECT_IMLS_SC;NO_FABRICATED_NEAREST;NOT_REJECTED;NOT_USPS_VALIDITY;NO_INVENTORY
02021,EXACT_IMLS_OUTLET_ZIP,MA0050,002,,EXACT_OUTLET;TIE_FSCSKEY_SEQ,EXACT_OUTLET;NOT_USPS_VALIDITY;NO_INVENTORY
02025,EXACT_IMLS_OUTLET_ZIP,MA0065,002,,EXACT_OUTLET;TIE_FSCSKEY_SEQ,EXACT_OUTLET;NOT_USPS_VALIDITY;NO_INVENTORY
02026,EXACT_IMLS_OUTLET_ZIP,MA0073,002,,EXACT_OUTLET;TIE_FSCSKEY_SEQ,EXACT_OUTLET;NOT_USPS_VALIDITY;NO_INVENTORY
02027,OBSERVED_REFERENCE_INDIRECT_ONLY,,,,INDIRECT_IMLS_SC;NO_FABRICATED_NEAREST,INDIRECT_IMLS_SC;NO_FABRICATED_NEAREST;NOT_REJECTED;NOT_USPS_VALIDITY;NO_INVENTORY
02030,EXACT_IMLS_OUTLET_ZIP,MA0078,002,,EXACT_OUTLET;TIE_FSCSKEY_SEQ,EXACT_OUTLET;NOT_USPS_VALIDITY;NO_INVENTORY
02032,ZCTA_NEAREST_ACTIVE_OUTLET,MA0304,002,3.103,ZCTA_NN;R6371;TIE_FIRST_LEX,ZCTA_NN_HAVERSINE;NOT_ELIGIBILITY;NOT_USPS_VALIDITY;NO_INVENTORY
02035,EXACT_IMLS_OUTLET_ZIP,MA0099,002,,EXACT_OUTLET;TIE_FSCSKEY_SEQ,EXACT_OUTLET;NOT_USPS_VALIDITY;NO_INVENTORY
02038,EXACT_IMLS_OUTLET_ZIP,MA0101,002,,EXACT_OUTLET;TIE_FSCSKEY_SEQ,EXACT_OUTLET;NOT_USPS_VALIDITY;NO_INVENTORY
02041,OBSERVED_REFERENCE_INDIRECT_ONLY,,,,INDIRECT_IMLS_SC;NO_FABRICATED_NEAREST,INDIRECT_IMLS_SC;NO_FABRICATED_NEAREST;NOT_REJECTED;NOT_USPS_VALIDITY;NO_INVENTORY
02043,EXACT_IMLS_OUTLET_ZIP,MA0130,002,,EXACT_OUTLET;TIE_FSCSKEY_SEQ,EXACT_OUTLET;NOT_USPS_VALIDITY;NO_INVENTORY
02045,EXACT_IMLS_OUTLET_ZIP,MA0141,002,,EXACT_OUTLET;TIE_FSCSKEY_SEQ,EXACT_OUTLET;NOT_USPS_VALIDITY;NO_INVENTORY
02047,ZCTA_NEAREST_ACTIVE_OUTLET,MA0170,002,6.065,ZCTA_NN;R6371;TIE_FIRST_LEX,ZCTA_NN_HAVERSINE;NOT_ELIGIBILITY;NOT_USPS_VALIDITY;NO_INVENTORY
02048,EXACT_IMLS_OUTLET_ZIP,MA0166,002,,EXACT_OUTLET;TIE_FSCSKEY_SEQ,EXACT_OUTLET;NOT_USPS_VALIDITY;NO_INVENTORY
02050,EXACT_IMLS_OUTLET_ZIP,MA0170,002,,EXACT_OUTLET;TIE_FSCSKEY_SEQ,EXACT_OUTLET;NOT_USPS_VALIDITY;NO_INVENTORY
02051,OBSERVED_REFERENCE_INDIRECT_ONLY,,,,INDIRECT_IMLS_SC;NO_FABRICATED_NEAREST,INDIRECT_IMLS_SC;NO_FABRICATED_NEAREST;NOT_REJECTED;NOT_USPS_VALIDITY;NO_INVENTORY
02052,EXACT_IMLS_OUTLET_ZIP,MA0174,002,,EXACT_OUTLET;TIE_FSCSKEY_SEQ,EXACT_OUTLET;NOT_USPS_VALIDITY;NO_INVENTORY
02053,EXACT_IMLS_OUTLET_ZIP,MA0176,002,,EXACT_OUTLET;TIE_FSCSKEY_SEQ,EXACT_OUTLET;NOT_USPS_VALIDITY;NO_INVENTORY
02054,EXACT_IMLS_OUTLET_ZIP,MA0186,002,,EXACT_OUTLET;TIE_FSCSKEY_SEQ,EXACT_OUTLET;NOT_USPS_VALIDITY;NO_INVENTORY
02056,EXACT_IMLS_OUTLET_ZIP,MA0205,002,,EXACT_OUTLET;TIE_FSCSKEY_SEQ,EXACT_OUTLET;NOT_USPS_VALIDITY;NO_INVENTORY
02059,OBSERVED_REFERENCE_INDIRECT_ONLY,,,,INDIRECT_IMLS_SC;NO_FABRICATED_NEAREST,INDIRECT_IMLS_SC;NO_FABRICATED_NEAREST;NOT_REJECTED;NOT_USPS_VALIDITY;NO_INVENTORY
02060,OBSERVED_REFERENCE_INDIRECT_ONLY,,,,INDIRECT_IMLS_SC;NO_FABRICATED_NEAREST,INDIRECT_IMLS_SC;NO_FABRICATED_NEAREST;NOT_REJECTED;NOT_USPS_VALIDITY;NO_INVENTORY
02061,EXACT_IMLS_OUTLET_ZIP,MA0216,002,,EXACT_OUTLET;TIE_FSCSKEY_SEQ,EXACT_OUTLET;NOT_USPS_VALIDITY;NO_INVENTORY
02062,EXACT_IMLS_OUTLET_ZIP,MA0217,002,,EXACT_OUTLET;TIE_FSCSKEY_SEQ,EXACT_OUTLET;NOT_USPS_VALIDITY;NO_INVENTORY
02066,EXACT_IMLS_OUTLET_ZIP,MA0261,002,,EXACT_OUTLET;TIE_FSCSKEY_SEQ,EXACT_OUTLET;NOT_USPS_VALIDITY;NO_INVENTORY
02067,EXACT_IMLS_OUTLET_ZIP,MA0263,002,,EXACT_OUTLET;TIE_FSCSKEY_SEQ,EXACT_OUTLET;NOT_USPS_VALIDITY;NO_INVENTORY
02070,OBSERVED_REFERENCE_INDIRECT_ONLY,,,,INDIRECT_IMLS_SC;NO_FABRICATED_NEAREST,INDIRECT_IMLS_SC;NO_FABRICATED_NEAREST;NOT_REJECTED;NOT_USPS_VALIDITY;NO_INVENTORY
02071,ZCTA_NEAREST_ACTIVE_OUTLET,MA0304,002,4.523,ZCTA_NN;R6371;TIE_FIRST_LEX,ZCTA_NN_HAVERSINE;NOT_ELIGIBILITY;NOT_USPS_VALIDITY;NO_INVENTORY
02072,EXACT_IMLS_OUTLET_ZIP,MA0282,002,,EXACT_OUTLET;TIE_FSCSKEY_SEQ,EXACT_OUTLET;NOT_USPS_VALIDITY;NO_INVENTORY
02081,EXACT_IMLS_OUTLET_ZIP,MA0304,002,,EXACT_OUTLET;TIE_FSCSKEY_SEQ,EXACT_OUTLET;NOT_USPS_VALIDITY;NO_INVENTORY
02090,EXACT_IMLS_OUTLET_ZIP,MA0331,002,,EXACT_OUTLET;TIE_FSCSKEY_SEQ,EXACT_OUTLET;NOT_USPS_VALIDITY;NO_INVENTORY
02093,EXACT_IMLS_OUTLET_ZIP,MA0346,002,,EXACT_OUTLET;TIE_FSCSKEY_SEQ,EXACT_OUTLET;NOT_USPS_VALIDITY;NO_INVENTORY
02108,ZCTA_NEAREST_ACTIVE_OUTLET,MA0035,034,0.406,ZCTA_NN;R6371;TIE_FIRST_LEX,ZCTA_NN_HAVERSINE;NOT_ELIGIBILITY;NOT_USPS_VALIDITY;NO_INVENTORY
02109,ZCTA_NEAREST_ACTIVE_OUTLET,MA0035,004,0.534,ZCTA_NN;R6371;TIE_FIRST_LEX,ZCTA_NN_HAVERSINE;NOT_ELIGIBILITY;NOT_USPS_VALIDITY;NO_INVENTORY
02110,ZCTA_NEAREST_ACTIVE_OUTLET,MA0035,004,0.684,ZCTA_NN;R6371;TIE_FIRST_LEX,ZCTA_NN_HAVERSINE;NOT_ELIGIBILITY;NOT_USPS_VALIDITY;NO_INVENTORY
02111,ZCTA_NEAREST_ACTIVE_OUTLET,MA0035,034,0.260,ZCTA_NN;R6371;TIE_FIRST_LEX,ZCTA_NN_HAVERSINE;NOT_ELIGIBILITY;NOT_USPS_VALIDITY;NO_INVENTORY
02112,OBSERVED_REFERENCE_INDIRECT_ONLY,,,,INDIRECT_IMLS_SC;NO_FABRICATED_NEAREST,INDIRECT_IMLS_SC;NO_FABRICATED_NEAREST;NOT_REJECTED;NOT_USPS_VALIDITY;NO_INVENTORY
02113,EXACT_IMLS_OUTLET_ZIP,MA0035,004,,EXACT_OUTLET;TIE_FSCSKEY_SEQ,EXACT_OUTLET;NOT_USPS_VALIDITY;NO_INVENTORY
02114,EXACT_IMLS_OUTLET_ZIP,MA0035,006,,EXACT_OUTLET;TIE_FSCSKEY_SEQ,EXACT_OUTLET;NOT_USPS_VALIDITY;NO_INVENTORY
02115,ZCTA_NEAREST_ACTIVE_OUTLET,MA0035,024,0.883,ZCTA_NN;R6371;TIE_FIRST_LEX,ZCTA_NN_HAVERSINE;NOT_ELIGIBILITY;NOT_USPS_VALIDITY;NO_INVENTORY
02116,EXACT_IMLS_OUTLET_ZIP,MA0035,002,,EXACT_OUTLET;TIE_FSCSKEY_SEQ,EXACT_OUTLET;NOT_USPS_VALIDITY;NO_INVENTORY
02117,OBSERVED_REFERENCE_INDIRECT_ONLY,,,,INDIRECT_IMLS_SC;NO_FABRICATED_NEAREST,INDIRECT_IMLS_SC;NO_FABRICATED_NEAREST;NOT_REJECTED;NOT_USPS_VALIDITY;NO_INVENTORY
02118,ZCTA_NEAREST_ACTIVE_OUTLET,MA0035,002,1.507,ZCTA_NN;R6371;TIE_FIRST_LEX,ZCTA_NN_HAVERSINE;NOT_ELIGIBILITY;NOT_USPS_VALIDITY;NO_INVENTORY
02119,EXACT_IMLS_OUTLET_ZIP,MA0035,021,,EXACT_OUTLET;TIE_FSCSKEY_SEQ,EXACT_OUTLET;NOT_USPS_VALIDITY;NO_INVENTORY
02120,EXACT_IMLS_OUTLET_ZIP,MA0035,024,,EXACT_OUTLET;TIE_FSCSKEY_SEQ,EXACT_OUTLET;NOT_USPS_VALIDITY;NO_INVENTORY
02121,EXACT_IMLS_OUTLET_ZIP,MA0035,023,,EXACT_OUTLET;TIE_FSCSKEY_SEQ,EXACT_OUTLET;NOT_USPS_VALIDITY;NO_INVENTORY
02122,EXACT_IMLS_OUTLET_ZIP,MA0035,010,,EXACT_OUTLET;TIE_FSCSKEY_SEQ,EXACT_OUTLET;NOT_USPS_VALIDITY;NO_INVENTORY
02123,OBSERVED_REFERENCE_INDIRECT_ONLY,,,,INDIRECT_IMLS_SC;NO_FABRICATED_NEAREST,INDIRECT_IMLS_SC;NO_FABRICATED_NEAREST;NOT_REJECTED;NOT_USPS_VALIDITY;NO_INVENTORY
02124,EXACT_IMLS_OUTLET_ZIP,MA0035,011,,EXACT_OUTLET;TIE_FSCSKEY_SEQ,EXACT_OUTLET;NOT_USPS_VALIDITY;NO_INVENTORY
02125,EXACT_IMLS_OUTLET_ZIP,MA0035,015,,EXACT_OUTLET;TIE_FSCSKEY_SEQ,EXACT_OUTLET;NOT_USPS_VALIDITY;NO_INVENTORY
02126,EXACT_IMLS_OUTLET_ZIP,MA0035,014,,EXACT_OUTLET;TIE_FSCSKEY_SEQ,EXACT_OUTLET;NOT_USPS_VALIDITY;NO_INVENTORY
02127,EXACT_IMLS_OUTLET_ZIP,MA0035,025,,EXACT_OUTLET;TIE_FSCSKEY_SEQ,EXACT_OUTLET;NOT_USPS_VALIDITY;NO_INVENTORY
02128,EXACT_IMLS_OUTLET_ZIP,MA0035,016,,EXACT_OUTLET;TIE_FSCSKEY_SEQ,EXACT_OUTLET;NOT_USPS_VALIDITY;NO_INVENTORY
02129,EXACT_IMLS_OUTLET_ZIP,MA0035,009,,EXACT_OUTLET;TIE_FSCSKEY_SEQ,EXACT_OUTLET;NOT_USPS_VALIDITY;NO_INVENTORY
02130,EXACT_IMLS_OUTLET_ZIP,MA0035,019,,EXACT_OUTLET;TIE_FSCSKEY_SEQ,EXACT_OUTLET;NOT_USPS_VALIDITY;NO_INVENTORY
02131,EXACT_IMLS_OUTLET_ZIP,MA0035,027,,EXACT_OUTLET;TIE_FSCSKEY_SEQ,EXACT_OUTLET;NOT_USPS_VALIDITY;NO_INVENTORY
02132,EXACT_IMLS_OUTLET_ZIP,MA0035,029,,EXACT_OUTLET;TIE_FSCSKEY_SEQ,EXACT_OUTLET;NOT_USPS_VALIDITY;NO_INVENTORY
02133,ZCTA_NEAREST_ACTIVE_OUTLET,MA0035,006,0.338,ZCTA_NN;R6371;TIE_FIRST_LEX,ZCTA_NN_HAVERSINE;NOT_ELIGIBILITY;NOT_USPS_VALIDITY;NO_INVENTORY
02134,EXACT_IMLS_OUTLET_ZIP,MA0035,031,,EXACT_OUTLET;TIE_FSCSKEY_SEQ,EXACT_OUTLET;NOT_USPS_VALIDITY;NO_INVENTORY
02135,EXACT_IMLS_OUTLET_ZIP,MA0035,007,,EXACT_OUTLET;TIE_FSCSKEY_SEQ,EXACT_OUTLET;NOT_USPS_VALIDITY;NO_INVENTORY
02136,EXACT_IMLS_OUTLET_ZIP,MA0035,018,,EXACT_OUTLET;TIE_FSCSKEY_SEQ,EXACT_OUTLET;NOT_USPS_VALIDITY;NO_INVENTORY
02137,OBSERVED_REFERENCE_INDIRECT_ONLY,,,,INDIRECT_IMLS_SC;NO_FABRICATED_NEAREST,INDIRECT_IMLS_SC;NO_FABRICATED_NEAREST;NOT_REJECTED;NOT_USPS_VALIDITY;NO_INVENTORY
02138,EXACT_IMLS_OUTLET_ZIP,MA0049,002,,EXACT_OUTLET;TIE_FSCSKEY_SEQ,EXACT_OUTLET;NOT_USPS_VALIDITY;NO_INVENTORY
02139,EXACT_IMLS_OUTLET_ZIP,MA0049,003,,EXACT_OUTLET;TIE_FSCSKEY_SEQ,EXACT_OUTLET;NOT_USPS_VALIDITY;NO_INVENTORY
02140,EXACT_IMLS_OUTLET_ZIP,MA0049,008,,EXACT_OUTLET;TIE_FSCSKEY_SEQ,EXACT_OUTLET;NOT_USPS_VALIDITY;NO_INVENTORY
02141,EXACT_IMLS_OUTLET_ZIP,MA0049,004,,EXACT_OUTLET;TIE_FSCSKEY_SEQ,EXACT_OUTLET;NOT_USPS_VALIDITY;NO_INVENTORY
02142,EXACT_IMLS_OUTLET_ZIP,MA0049,005,,EXACT_OUTLET;TIE_FSCSKEY_SEQ,EXACT_OUTLET;NOT_USPS_VALIDITY;NO_INVENTORY
02143,EXACT_IMLS_OUTLET_ZIP,MA0271,002,,EXACT_OUTLET;TIE_FSCSKEY_SEQ,EXACT_OUTLET;NOT_USPS_VALIDITY;NO_INVENTORY
02144,EXACT_IMLS_OUTLET_ZIP,MA0271,004,,EXACT_OUTLET;TIE_FSCSKEY_SEQ,EXACT_OUTLET;NOT_USPS_VALIDITY;NO_INVENTORY
02145,EXACT_IMLS_OUTLET_ZIP,MA0271,003,,EXACT_OUTLET;TIE_FSCSKEY_SEQ,EXACT_OUTLET;NOT_USPS_VALIDITY;NO_INVENTORY
02148,EXACT_IMLS_OUTLET_ZIP,MA0164,002,,EXACT_OUTLET;TIE_FSCSKEY_SEQ,EXACT_OUTLET;NOT_USPS_VALIDITY;NO_INVENTORY
02149,EXACT_IMLS_OUTLET_ZIP,MA0093,002,,EXACT_OUTLET;TIE_FSCSKEY_SEQ,EXACT_OUTLET;NOT_USPS_VALIDITY;NO_INVENTORY
02150,EXACT_IMLS_OUTLET_ZIP,MA0057,002,,EXACT_OUTLET;TIE_FSCSKEY_SEQ,EXACT_OUTLET;NOT_USPS_VALIDITY;NO_INVENTORY
02151,EXACT_IMLS_OUTLET_ZIP,MA0245,002,,EXACT_OUTLET;TIE_FSCSKEY_SEQ,EXACT_OUTLET;NOT_USPS_VALIDITY;NO_INVENTORY
02152,EXACT_IMLS_OUTLET_ZIP,MA0342,002,,EXACT_OUTLET;TIE_FSCSKEY_SEQ,EXACT_OUTLET;NOT_USPS_VALIDITY;NO_INVENTORY
02153,OBSERVED_REFERENCE_INDIRECT_ONLY,,,,INDIRECT_IMLS_SC;NO_FABRICATED_NEAREST,INDIRECT_IMLS_SC;NO_FABRICATED_NEAREST;NOT_REJECTED;NOT_USPS_VALIDITY;NO_INVENTORY
02155,EXACT_IMLS_OUTLET_ZIP,MA0175,002,,EXACT_OUTLET;TIE_FSCSKEY_SEQ,EXACT_OUTLET;NOT_USPS_VALIDITY;NO_INVENTORY
02163,ZCTA_NEAREST_ACTIVE_OUTLET,MA0035,031,0.853,ZCTA_NN;R6371;TIE_FIRST_LEX,ZCTA_NN_HAVERSINE;NOT_ELIGIBILITY;NOT_USPS_VALIDITY;NO_INVENTORY
02169,EXACT_IMLS_OUTLET_ZIP,MA0240,002,,EXACT_OUTLET;TIE_FSCSKEY_SEQ,EXACT_OUTLET;NOT_USPS_VALIDITY;NO_INVENTORY
02170,EXACT_IMLS_OUTLET_ZIP,MA0240,005,,EXACT_OUTLET;TIE_FSCSKEY_SEQ,EXACT_OUTLET;NOT_USPS_VALIDITY;NO_INVENTORY
02171,EXACT_IMLS_OUTLET_ZIP,MA0240,003,,EXACT_OUTLET;TIE_FSCSKEY_SEQ,EXACT_OUTLET;NOT_USPS_VALIDITY;NO_INVENTORY
02176,EXACT_IMLS_OUTLET_ZIP,MA0177,002,,EXACT_OUTLET;TIE_FSCSKEY_SEQ,EXACT_OUTLET;NOT_USPS_VALIDITY;NO_INVENTORY
02180,EXACT_IMLS_OUTLET_ZIP,MA0281,002,,EXACT_OUTLET;TIE_FSCSKEY_SEQ,EXACT_OUTLET;NOT_USPS_VALIDITY;NO_INVENTORY
02184,EXACT_IMLS_OUTLET_ZIP,MA0040,002,,EXACT_OUTLET;TIE_FSCSKEY_SEQ,EXACT_OUTLET;NOT_USPS_VALIDITY;NO_INVENTORY
02185,OBSERVED_REFERENCE_INDIRECT_ONLY,,,,INDIRECT_IMLS_SC;NO_FABRICATED_NEAREST,INDIRECT_IMLS_SC;NO_FABRICATED_NEAREST;NOT_REJECTED;NOT_USPS_VALIDITY;NO_INVENTORY
02186,EXACT_IMLS_OUTLET_ZIP,MA0188,002,,EXACT_OUTLET;TIE_FSCSKEY_SEQ,EXACT_OUTLET;NOT_USPS_VALIDITY;NO_INVENTORY
02187,OBSERVED_REFERENCE_INDIRECT_ONLY,,,,INDIRECT_IMLS_SC;NO_FABRICATED_NEAREST,INDIRECT_IMLS_SC;NO_FABRICATED_NEAREST;NOT_REJECTED;NOT_USPS_VALIDITY;NO_INVENTORY
02188,EXACT_IMLS_OUTLET_ZIP,MA0332,002,,EXACT_OUTLET;TIE_FSCSKEY_SEQ,EXACT_OUTLET;NOT_USPS_VALIDITY;NO_INVENTORY
02189,ZCTA_NEAREST_ACTIVE_OUTLET,MA0332,002,2.956,ZCTA_NN;R6371;TIE_FIRST_LEX,ZCTA_NN_HAVERSINE;NOT_ELIGIBILITY;NOT_USPS_VALIDITY;NO_INVENTORY
02190,EXACT_IMLS_OUTLET_ZIP,MA0332,007,,EXACT_OUTLET;TIE_FSCSKEY_SEQ,EXACT_OUTLET;NOT_USPS_VALIDITY;NO_INVENTORY
02191,ZCTA_NEAREST_ACTIVE_OUTLET,MA0240,004,3.204,ZCTA_NN;R6371;TIE_FIRST_LEX,ZCTA_NN_HAVERSINE;NOT_ELIGIBILITY;NOT_USPS_VALIDITY;NO_INVENTORY
02196,OBSERVED_REFERENCE_INDIRECT_ONLY,,,,INDIRECT_IMLS_SC;NO_FABRICATED_NEAREST,INDIRECT_IMLS_SC;NO_FABRICATED_NEAREST;NOT_REJECTED;NOT_USPS_VALIDITY;NO_INVENTORY
02199,ZCTA_NEAREST_ACTIVE_OUTLET,MA0035,002,0.362,ZCTA_NN;R6371;TIE_FIRST_LEX,ZCTA_NN_HAVERSINE;NOT_ELIGIBILITY;NOT_USPS_VALIDITY;NO_INVENTORY
02201,OBSERVED_REFERENCE_INDIRECT_ONLY,,,,INDIRECT_IMLS_SC;NO_FABRICATED_NEAREST,INDIRECT_IMLS_SC;NO_FABRICATED_NEAREST;NOT_REJECTED;NOT_USPS_VALIDITY;NO_INVENTORY
02203,ZCTA_NEAREST_ACTIVE_OUTLET,MA0035,006,0.456,ZCTA_NN;R6371;TIE_FIRST_LEX,ZCTA_NN_HAVERSINE;NOT_ELIGIBILITY;NOT_USPS_VALIDITY;NO_INVENTORY
02205,ZCTA_NEAREST_ACTIVE_OUTLET,MA0035,034,0.682,ZCTA_NN;R6371;TIE_FIRST_LEX,ZCTA_NN_HAVERSINE;NOT_ELIGIBILITY;NOT_USPS_VALIDITY;NO_INVENTORY
02210,ZCTA_NEAREST_ACTIVE_OUTLET,MA0035,025,1.384,ZCTA_NN;R6371;TIE_FIRST_LEX,ZCTA_NN_HAVERSINE;NOT_ELIGIBILITY;NOT_USPS_VALIDITY;NO_INVENTORY
02212,OBSERVED_REFERENCE_INDIRECT_ONLY,,,,INDIRECT_IMLS_SC;NO_FABRICATED_NEAREST,INDIRECT_IMLS_SC;NO_FABRICATED_NEAREST;NOT_REJECTED;NOT_USPS_VALIDITY;NO_INVENTORY
02215,ZCTA_NEAREST_ACTIVE_OUTLET,MA0046,003,1.413,ZCTA_NN;R6371;TIE_FIRST_LEX,ZCTA_NN_HAVERSINE;NOT_ELIGIBILITY;NOT_USPS_VALIDITY;NO_INVENTORY
02222,OBSERVED_REFERENCE_INDIRECT_ONLY,,,,INDIRECT_IMLS_SC;NO_FABRICATED_NEAREST,INDIRECT_IMLS_SC;NO_FABRICATED_NEAREST;NOT_REJECTED;NOT_USPS_VALIDITY;NO_INVENTORY
02238,OBSERVED_REFERENCE_INDIRECT_ONLY,,,,INDIRECT_IMLS_SC;NO_FABRICATED_NEAREST,INDIRECT_IMLS_SC;NO_FABRICATED_NEAREST;NOT_REJECTED;NOT_USPS_VALIDITY;NO_INVENTORY
02269,OBSERVED_REFERENCE_INDIRECT_ONLY,,,,INDIRECT_IMLS_SC;NO_FABRICATED_NEAREST,INDIRECT_IMLS_SC;NO_FABRICATED_NEAREST;NOT_REJECTED;NOT_USPS_VALIDITY;NO_INVENTORY
02301,EXACT_IMLS_OUTLET_ZIP,MA0044,002,,EXACT_OUTLET;TIE_FSCSKEY_SEQ,EXACT_OUTLET;NOT_USPS_VALIDITY;NO_INVENTORY
02302,EXACT_IMLS_OUTLET_ZIP,MA0044,004,,EXACT_OUTLET;TIE_FSCSKEY_SEQ,EXACT_OUTLET;NOT_USPS_VALIDITY;NO_INVENTORY
02303,OBSERVED_REFERENCE_INDIRECT_ONLY,,,,INDIRECT_IMLS_SC;NO_FABRICATED_NEAREST,INDIRECT_IMLS_SC;NO_FABRICATED_NEAREST;NOT_REJECTED;NOT_USPS_VALIDITY;NO_INVENTORY
02322,EXACT_IMLS_OUTLET_ZIP,MA0018,002,,EXACT_OUTLET;TIE_FSCSKEY_SEQ,EXACT_OUTLET;NOT_USPS_VALIDITY;NO_INVENTORY
02324,EXACT_IMLS_OUTLET_ZIP,MA0042,002,,EXACT_OUTLET;TIE_FSCSKEY_SEQ,EXACT_OUTLET;NOT_USPS_VALIDITY;NO_INVENTORY
02325,ZCTA_NEAREST_ACTIVE_OUTLET,MA0042,002,1.232,ZCTA_NN;R6371;TIE_FIRST_LEX,ZCTA_NN_HAVERSINE;NOT_ELIGIBILITY;NOT_USPS_VALIDITY;NO_INVENTORY
02327,OBSERVED_REFERENCE_INDIRECT_ONLY,,,,INDIRECT_IMLS_SC;NO_FABRICATED_NEAREST,INDIRECT_IMLS_SC;NO_FABRICATED_NEAREST;NOT_REJECTED;NOT_USPS_VALIDITY;NO_INVENTORY
02330,EXACT_IMLS_OUTLET_ZIP,MA0052,002,,EXACT_OUTLET;TIE_FSCSKEY_SEQ,EXACT_OUTLET;NOT_USPS_VALIDITY;NO_INVENTORY
02331,OBSERVED_REFERENCE_INDIRECT_ONLY,,,,INDIRECT_IMLS_SC;NO_FABRICATED_NEAREST,INDIRECT_IMLS_SC;NO_FABRICATED_NEAREST;NOT_REJECTED;NOT_USPS_VALIDITY;NO_INVENTORY
02332,EXACT_IMLS_OUTLET_ZIP,MA0082,002,,EXACT_OUTLET;TIE_FSCSKEY_SEQ,EXACT_OUTLET;NOT_USPS_VALIDITY;NO_INVENTORY
02333,EXACT_IMLS_OUTLET_ZIP,MA0083,002,,EXACT_OUTLET;TIE_FSCSKEY_SEQ,EXACT_OUTLET;NOT_USPS_VALIDITY;NO_INVENTORY
02334,OBSERVED_REFERENCE_INDIRECT_ONLY,,,,INDIRECT_IMLS_SC;NO_FABRICATED_NEAREST,INDIRECT_IMLS_SC;NO_FABRICATED_NEAREST;NOT_REJECTED;NOT_USPS_VALIDITY;NO_INVENTORY
02338,EXACT_IMLS_OUTLET_ZIP,MA0118,002,,EXACT_OUTLET;TIE_FSCSKEY_SEQ,EXACT_OUTLET;NOT_USPS_VALIDITY;NO_INVENTORY
02339,EXACT_IMLS_OUTLET_ZIP,MA0122,002,,EXACT_OUTLET;TIE_FSCSKEY_SEQ,EXACT_OUTLET;NOT_USPS_VALIDITY;NO_INVENTORY
02341,EXACT_IMLS_OUTLET_ZIP,MA0123,002,,EXACT_OUTLET;TIE_FSCSKEY_SEQ,EXACT_OUTLET;NOT_USPS_VALIDITY;NO_INVENTORY
02343,EXACT_IMLS_OUTLET_ZIP,MA0132,002,,EXACT_OUTLET;TIE_FSCSKEY_SEQ,EXACT_OUTLET;NOT_USPS_VALIDITY;NO_INVENTORY
02345,OBSERVED_REFERENCE_INDIRECT_ONLY,,,,INDIRECT_IMLS_SC;NO_FABRICATED_NEAREST,INDIRECT_IMLS_SC;NO_FABRICATED_NEAREST;NOT_REJECTED;NOT_USPS_VALIDITY;NO_INVENTORY
02346,EXACT_IMLS_OUTLET_ZIP,MA0181,002,,EXACT_OUTLET;TIE_FSCSKEY_SEQ,EXACT_OUTLET;NOT_USPS_VALIDITY;NO_INVENTORY
02347,EXACT_IMLS_OUTLET_ZIP,MA0145,002,,EXACT_OUTLET;TIE_FSCSKEY_SEQ,EXACT_OUTLET;NOT_USPS_VALIDITY;NO_INVENTORY
02350,ZCTA_NEAREST_ACTIVE_OUTLET,MA0118,002,3.481,ZCTA_NN;R6371;TIE_FIRST_LEX,ZCTA_NN_HAVERSINE;NOT_ELIGIBILITY;NOT_USPS_VALIDITY;NO_INVENTORY
02351,EXACT_IMLS_OUTLET_ZIP,MA0001,002,,EXACT_OUTLET;TIE_FSCSKEY_SEQ,EXACT_OUTLET;NOT_USPS_VALIDITY;NO_INVENTORY
02356,EXACT_IMLS_OUTLET_ZIP,MA0088,002,,EXACT_OUTLET;TIE_FSCSKEY_SEQ,EXACT_OUTLET;NOT_USPS_VALIDITY;NO_INVENTORY
02357,ZCTA_NEAREST_ACTIVE_OUTLET,MA0088,002,2.313,ZCTA_NN;R6371;TIE_FIRST_LEX,ZCTA_NN_HAVERSINE;NOT_ELIGIBILITY;NOT_USPS_VALIDITY;NO_INVENTORY
02358,OBSERVED_REFERENCE_INDIRECT_ONLY,,,,INDIRECT_IMLS_SC;NO_FABRICATED_NEAREST,INDIRECT_IMLS_SC;NO_FABRICATED_NEAREST;NOT_REJECTED;NOT_USPS_VALIDITY;NO_INVENTORY
02359,EXACT_IMLS_OUTLET_ZIP,MA0228,002,,EXACT_OUTLET;TIE_FSCSKEY_SEQ,EXACT_OUTLET;NOT_USPS_VALIDITY;NO_INVENTORY
02360,EXACT_IMLS_OUTLET_ZIP,MA0236,002,,EXACT_OUTLET;TIE_FSCSKEY_SEQ,EXACT_OUTLET;NOT_USPS_VALIDITY;NO_INVENTORY
02361,OBSERVED_REFERENCE_INDIRECT_ONLY,,,,INDIRECT_IMLS_SC;NO_FABRICATED_NEAREST,INDIRECT_IMLS_SC;NO_FABRICATED_NEAREST;NOT_REJECTED;NOT_USPS_VALIDITY;NO_INVENTORY
02362,OBSERVED_REFERENCE_INDIRECT_ONLY,,,,INDIRECT_IMLS_SC;NO_FABRICATED_NEAREST,INDIRECT_IMLS_SC;NO_FABRICATED_NEAREST;NOT_REJECTED;NOT_USPS_VALIDITY;NO_INVENTORY
02364,EXACT_IMLS_OUTLET_ZIP,MA0144,002,,EXACT_OUTLET;TIE_FSCSKEY_SEQ,EXACT_OUTLET;NOT_USPS_VALIDITY;NO_INVENTORY
02366,ZCTA_NEAREST_ACTIVE_OUTLET,MA0052,002,10.030,ZCTA_NN;R6371;TIE_FIRST_LEX,ZCTA_NN_HAVERSINE;NOT_ELIGIBILITY;NOT_USPS_VALIDITY;NO_INVENTORY
02367,EXACT_IMLS_OUTLET_ZIP,MA0237,002,,EXACT_OUTLET;TIE_FSCSKEY_SEQ,EXACT_OUTLET;NOT_USPS_VALIDITY;NO_INVENTORY
02368,EXACT_IMLS_OUTLET_ZIP,MA0241,002,,EXACT_OUTLET;TIE_FSCSKEY_SEQ,EXACT_OUTLET;NOT_USPS_VALIDITY;NO_INVENTORY
02370,EXACT_IMLS_OUTLET_ZIP,MA0248,002,,EXACT_OUTLET;TIE_FSCSKEY_SEQ,EXACT_OUTLET;NOT_USPS_VALIDITY;NO_INVENTORY
02375,ZCTA_NEAREST_ACTIVE_OUTLET,MA0318,002,5.721,ZCTA_NN;R6371;TIE_FIRST_LEX,ZCTA_NN_HAVERSINE;NOT_ELIGIBILITY;NOT_USPS_VALIDITY;NO_INVENTORY
02379,EXACT_IMLS_OUTLET_ZIP,MA0318,002,,EXACT_OUTLET;TIE_FSCSKEY_SEQ,EXACT_OUTLET;NOT_USPS_VALIDITY;NO_INVENTORY
02382,EXACT_IMLS_OUTLET_ZIP,MA0334,002,,EXACT_OUTLET;TIE_FSCSKEY_SEQ,EXACT_OUTLET;NOT_USPS_VALIDITY;NO_INVENTORY
02420,EXACT_IMLS_OUTLET_ZIP,MA0154,002,,EXACT_OUTLET;TIE_FSCSKEY_SEQ,EXACT_OUTLET;NOT_USPS_VALIDITY;NO_INVENTORY
02421,ZCTA_NEAREST_ACTIVE_OUTLET,MA0154,002,1.379,ZCTA_NN;R6371;TIE_FIRST_LEX,ZCTA_NN_HAVERSINE;NOT_ELIGIBILITY;NOT_USPS_VALIDITY;NO_INVENTORY
02445,EXACT_IMLS_OUTLET_ZIP,MA0046,002,,EXACT_OUTLET;TIE_FSCSKEY_SEQ,EXACT_OUTLET;NOT_USPS_VALIDITY;NO_INVENTORY
02446,EXACT_IMLS_OUTLET_ZIP,MA0046,003,,EXACT_OUTLET;TIE_FSCSKEY_SEQ,EXACT_OUTLET;NOT_USPS_VALIDITY;NO_INVENTORY
02451,EXACT_IMLS_OUTLET_ZIP,MA0305,002,,EXACT_OUTLET;TIE_FSCSKEY_SEQ,EXACT_OUTLET;NOT_USPS_VALIDITY;NO_INVENTORY
02452,ZCTA_NEAREST_ACTIVE_OUTLET,MA0305,002,2.693,ZCTA_NN;R6371;TIE_FIRST_LEX,ZCTA_NN_HAVERSINE;NOT_ELIGIBILITY;NOT_USPS_VALIDITY;NO_INVENTORY
02453,ZCTA_NEAREST_ACTIVE_OUTLET,MA0305,002,0.846,ZCTA_NN;R6371;TIE_FIRST_LEX,ZCTA_NN_HAVERSINE;NOT_ELIGIBILITY;NOT_USPS_VALIDITY;NO_INVENTORY
02454,OBSERVED_REFERENCE_INDIRECT_ONLY,,,,INDIRECT_IMLS_SC;NO_FABRICATED_NEAREST,INDIRECT_IMLS_SC;NO_FABRICATED_NEAREST;NOT_REJECTED;NOT_USPS_VALIDITY;NO_INVENTORY
02455,OBSERVED_REFERENCE_INDIRECT_ONLY,,,,INDIRECT_IMLS_SC;NO_FABRICATED_NEAREST,INDIRECT_IMLS_SC;NO_FABRICATED_NEAREST;NOT_REJECTED;NOT_USPS_VALIDITY;NO_INVENTORY
02457,ZCTA_NEAREST_ACTIVE_OUTLET,MA0313,002,1.469,ZCTA_NN;R6371;TIE_FIRST_LEX,ZCTA_NN_HAVERSINE;NOT_ELIGIBILITY;NOT_USPS_VALIDITY;NO_INVENTORY
02458,ZCTA_NEAREST_ACTIVE_OUTLET,MA0310,002,1.564,ZCTA_NN;R6371;TIE_FIRST_LEX,ZCTA_NN_HAVERSINE;NOT_ELIGIBILITY;NOT_USPS_VALIDITY;NO_INVENTORY
02459,EXACT_IMLS_OUTLET_ZIP,MA0204,002,,EXACT_OUTLET;TIE_FSCSKEY_SEQ,EXACT_OUTLET;NOT_USPS_VALIDITY;NO_INVENTORY
02460,ZCTA_NEAREST_ACTIVE_OUTLET,MA0204,002,1.725,ZCTA_NN;R6371;TIE_FIRST_LEX,ZCTA_NN_HAVERSINE;NOT_ELIGIBILITY;NOT_USPS_VALIDITY;NO_INVENTORY
02461,ZCTA_NEAREST_ACTIVE_OUTLET,MA0204,002,2.110,ZCTA_NN;R6371;TIE_FIRST_LEX,ZCTA_NN_HAVERSINE;NOT_ELIGIBILITY;NOT_USPS_VALIDITY;NO_INVENTORY
02462,ZCTA_NEAREST_ACTIVE_OUTLET,MA0313,003,2.245,ZCTA_NN;R6371;TIE_FIRST_LEX,ZCTA_NN_HAVERSINE;NOT_ELIGIBILITY;NOT_USPS_VALIDITY;NO_INVENTORY
02464,ZCTA_NEAREST_ACTIVE_OUTLET,MA0204,002,2.753,ZCTA_NN;R6371;TIE_FIRST_LEX,ZCTA_NN_HAVERSINE;NOT_ELIGIBILITY;NOT_USPS_VALIDITY;NO_INVENTORY
02465,ZCTA_NEAREST_ACTIVE_OUTLET,MA0204,002,2.181,ZCTA_NN;R6371;TIE_FIRST_LEX,ZCTA_NN_HAVERSINE;NOT_ELIGIBILITY;NOT_USPS_VALIDITY;NO_INVENTORY
02466,ZCTA_NEAREST_ACTIVE_OUTLET,MA0204,002,3.437,ZCTA_NN;R6371;TIE_FIRST_LEX,ZCTA_NN_HAVERSINE;NOT_ELIGIBILITY;NOT_USPS_VALIDITY;NO_INVENTORY
02467,EXACT_IMLS_OUTLET_ZIP,MA0046,004,,EXACT_OUTLET;TIE_FSCSKEY_SEQ,EXACT_OUTLET;NOT_USPS_VALIDITY;NO_INVENTORY
02468,ZCTA_NEAREST_ACTIVE_OUTLET,MA0204,002,1.899,ZCTA_NN;R6371;TIE_FIRST_LEX,ZCTA_NN_HAVERSINE;NOT_ELIGIBILITY;NOT_USPS_VALIDITY;NO_INVENTORY
02471,OBSERVED_REFERENCE_INDIRECT_ONLY,,,,INDIRECT_IMLS_SC;NO_FABRICATED_NEAREST,INDIRECT_IMLS_SC;NO_FABRICATED_NEAREST;NOT_REJECTED;NOT_USPS_VALIDITY;NO_INVENTORY
02472,EXACT_IMLS_OUTLET_ZIP,MA0310,002,,EXACT_OUTLET;TIE_FSCSKEY_SEQ,EXACT_OUTLET;NOT_USPS_VALIDITY;NO_INVENTORY
02474,EXACT_IMLS_OUTLET_ZIP,MA0010,003,,EXACT_OUTLET;TIE_FSCSKEY_SEQ,EXACT_OUTLET;NOT_USPS_VALIDITY;NO_INVENTORY
02475,OBSERVED_REFERENCE_INDIRECT_ONLY,,,,INDIRECT_IMLS_SC;NO_FABRICATED_NEAREST,INDIRECT_IMLS_SC;NO_FABRICATED_NEAREST;NOT_REJECTED;NOT_USPS_VALIDITY;NO_INVENTORY
02476,EXACT_IMLS_OUTLET_ZIP,MA0010,002,,EXACT_OUTLET;TIE_FSCSKEY_SEQ,EXACT_OUTLET;NOT_USPS_VALIDITY;NO_INVENTORY
02478,EXACT_IMLS_OUTLET_ZIP,MA0026,002,,EXACT_OUTLET;TIE_FSCSKEY_SEQ,EXACT_OUTLET;NOT_USPS_VALIDITY;NO_INVENTORY
02481,EXACT_IMLS_OUTLET_ZIP,MA0313,003,,EXACT_OUTLET;TIE_FSCSKEY_SEQ,EXACT_OUTLET;NOT_USPS_VALIDITY;NO_INVENTORY
02482,EXACT_IMLS_OUTLET_ZIP,MA0313,002,,EXACT_OUTLET;TIE_FSCSKEY_SEQ,EXACT_OUTLET;NOT_USPS_VALIDITY;NO_INVENTORY
02492,ZCTA_NEAREST_ACTIVE_OUTLET,MA0197,002,1.427,ZCTA_NN;R6371;TIE_FIRST_LEX,ZCTA_NN_HAVERSINE;NOT_ELIGIBILITY;NOT_USPS_VALIDITY;NO_INVENTORY
02493,EXACT_IMLS_OUTLET_ZIP,MA0329,002,,EXACT_OUTLET;TIE_FSCSKEY_SEQ,EXACT_OUTLET;NOT_USPS_VALIDITY;NO_INVENTORY
02494,EXACT_IMLS_OUTLET_ZIP,MA0197,002,,EXACT_OUTLET;TIE_FSCSKEY_SEQ,EXACT_OUTLET;NOT_USPS_VALIDITY;NO_INVENTORY
02532,EXACT_IMLS_OUTLET_ZIP,MA0036,002,,EXACT_OUTLET;TIE_FSCSKEY_SEQ,EXACT_OUTLET;NOT_USPS_VALIDITY;NO_INVENTORY
02534,ZCTA_NEAREST_ACTIVE_OUTLET,MA0096,007,1.986,ZCTA_NN;R6371;TIE_FIRST_LEX,ZCTA_NN_HAVERSINE;NOT_ELIGIBILITY;NOT_USPS_VALIDITY;NO_INVENTORY
02535,EXACT_IMLS_OUTLET_ZIP,MA0062,002,,EXACT_OUTLET;TIE_FSCSKEY_SEQ,EXACT_OUTLET;NOT_USPS_VALIDITY;NO_INVENTORY
02536,EXACT_IMLS_OUTLET_ZIP,MA0096,006,,EXACT_OUTLET;TIE_FSCSKEY_SEQ,EXACT_OUTLET;NOT_USPS_VALIDITY;NO_INVENTORY
02537,ZCTA_NEAREST_ACTIVE_OUTLET,MA0355,002,5.629,ZCTA_NN;R6371;TIE_FIRST_LEX,ZCTA_NN_HAVERSINE;NOT_ELIGIBILITY;NOT_USPS_VALIDITY;NO_INVENTORY
02538,ZCTA_NEAREST_ACTIVE_OUTLET,MA0307,003,3.982,ZCTA_NN;R6371;TIE_FIRST_LEX,ZCTA_NN_HAVERSINE;NOT_ELIGIBILITY;NOT_USPS_VALIDITY;NO_INVENTORY
02539,EXACT_IMLS_OUTLET_ZIP,MA0089,002,,EXACT_OUTLET;TIE_FSCSKEY_SEQ,EXACT_OUTLET;NOT_USPS_VALIDITY;NO_INVENTORY
02540,EXACT_IMLS_OUTLET_ZIP,MA0096,002,,EXACT_OUTLET;TIE_FSCSKEY_SEQ,EXACT_OUTLET;NOT_USPS_VALIDITY;NO_INVENTORY
02541,OBSERVED_REFERENCE_INDIRECT_ONLY,,,,INDIRECT_IMLS_SC;NO_FABRICATED_NEAREST,INDIRECT_IMLS_SC;NO_FABRICATED_NEAREST;NOT_REJECTED;NOT_USPS_VALIDITY;NO_INVENTORY
02542,ZCTA_NEAREST_ACTIVE_OUTLET,MA0036,002,5.746,ZCTA_NN;R6371;TIE_FIRST_LEX,ZCTA_NN_HAVERSINE;NOT_ELIGIBILITY;NOT_USPS_VALIDITY;NO_INVENTORY
02543,EXACT_IMLS_OUTLET_ZIP,MA0362,002,,EXACT_OUTLET;TIE_FSCSKEY_SEQ,EXACT_OUTLET;NOT_USPS_VALIDITY;NO_INVENTORY
02552,OBSERVED_REFERENCE_INDIRECT_ONLY,,,,INDIRECT_IMLS_SC;NO_FABRICATED_NEAREST,INDIRECT_IMLS_SC;NO_FABRICATED_NEAREST;NOT_REJECTED;NOT_USPS_VALIDITY;NO_INVENTORY
02553,ZCTA_NEAREST_ACTIVE_OUTLET,MA0036,002,3.772,ZCTA_NN;R6371;TIE_FIRST_LEX,ZCTA_NN_HAVERSINE;NOT_ELIGIBILITY;NOT_USPS_VALIDITY;NO_INVENTORY
02554,EXACT_IMLS_OUTLET_ZIP,MA0195,002,,EXACT_OUTLET;TIE_FSCSKEY_SEQ,EXACT_OUTLET;NOT_USPS_VALIDITY;NO_INVENTORY
02555,EXACT_IMLS_OUTLET_ZIP,MA0307,003,,EXACT_OUTLET;TIE_FSCSKEY_SEQ,EXACT_OUTLET;NOT_USPS_VALIDITY;NO_INVENTORY
02556,EXACT_IMLS_OUTLET_ZIP,MA0096,007,,EXACT_OUTLET;TIE_FSCSKEY_SEQ,EXACT_OUTLET;NOT_USPS_VALIDITY;NO_INVENTORY
02557,EXACT_IMLS_OUTLET_ZIP,MA0218,002,,EXACT_OUTLET;TIE_FSCSKEY_SEQ,EXACT_OUTLET;NOT_USPS_VALIDITY;NO_INVENTORY
02558,ZCTA_NEAREST_ACTIVE_OUTLET,MA0307,003,0.847,ZCTA_NN;R6371;TIE_FIRST_LEX,ZCTA_NN_HAVERSINE;NOT_ELIGIBILITY;NOT_USPS_VALIDITY;NO_INVENTORY
02559,ZCTA_NEAREST_ACTIVE_OUTLET,MA0096,007,4.316,ZCTA_NN;R6371;TIE_FIRST_LEX,ZCTA_NN_HAVERSINE;NOT_ELIGIBILITY;NOT_USPS_VALIDITY;NO_INVENTORY
02561,ZCTA_NEAREST_ACTIVE_OUTLET,MA0258,002,3.035,ZCTA_NN;R6371;TIE_FIRST_LEX,ZCTA_NN_HAVERSINE;NOT_ELIGIBILITY;NOT_USPS_VALIDITY;NO_INVENTORY
02562,ZCTA_NEAREST_ACTIVE_OUTLET,MA0258,002,4.081,ZCTA_NN;R6371;TIE_FIRST_LEX,ZCTA_NN_HAVERSINE;NOT_ELIGIBILITY;NOT_USPS_VALIDITY;NO_INVENTORY
02563,EXACT_IMLS_OUTLET_ZIP,MA0258,002,,EXACT_OUTLET;TIE_FSCSKEY_SEQ,EXACT_OUTLET;NOT_USPS_VALIDITY;NO_INVENTORY
02564,ZCTA_NEAREST_ACTIVE_OUTLET,MA0195,002,9.593,ZCTA_NN;R6371;TIE_FIRST_LEX,ZCTA_NN_HAVERSINE;NOT_ELIGIBILITY;NOT_USPS_VALIDITY;NO_INVENTORY
02568,EXACT_IMLS_OUTLET_ZIP,MA0293,002,,EXACT_OUTLET;TIE_FSCSKEY_SEQ,EXACT_OUTLET;NOT_USPS_VALIDITY;NO_INVENTORY
02571,EXACT_IMLS_OUTLET_ZIP,MA0307,002,,EXACT_OUTLET;TIE_FSCSKEY_SEQ,EXACT_OUTLET;NOT_USPS_VALIDITY;NO_INVENTORY
02574,OBSERVED_REFERENCE_INDIRECT_ONLY,,,,INDIRECT_IMLS_SC;NO_FABRICATED_NEAREST,INDIRECT_IMLS_SC;NO_FABRICATED_NEAREST;NOT_REJECTED;NOT_USPS_VALIDITY;NO_INVENTORY
02575,EXACT_IMLS_OUTLET_ZIP,MA0323,003,,EXACT_OUTLET;TIE_FSCSKEY_SEQ,EXACT_OUTLET;NOT_USPS_VALIDITY;NO_INVENTORY
02576,ZCTA_NEAREST_ACTIVE_OUTLET,MA0307,002,3.489,ZCTA_NN;R6371;TIE_FIRST_LEX,ZCTA_NN_HAVERSINE;NOT_ELIGIBILITY;NOT_USPS_VALIDITY;NO_INVENTORY
02584,ZCTA_NEAREST_ACTIVE_OUTLET,MA0195,002,8.342,ZCTA_NN;R6371;TIE_FIRST_LEX,ZCTA_NN_HAVERSINE;NOT_ELIGIBILITY;NOT_USPS_VALIDITY;NO_INVENTORY
02601,EXACT_IMLS_OUTLET_ZIP,MA0352,002,,EXACT_OUTLET;TIE_FSCSKEY_SEQ,EXACT_OUTLET;NOT_USPS_VALIDITY;NO_INVENTORY
02630,EXACT_IMLS_OUTLET_ZIP,MA0020,008,,EXACT_OUTLET;TIE_FSCSKEY_SEQ,EXACT_OUTLET;NOT_USPS_VALIDITY;NO_INVENTORY
02631,EXACT_IMLS_OUTLET_ZIP,MA0041,002,,EXACT_OUTLET;TIE_FSCSKEY_SEQ,EXACT_OUTLET;NOT_USPS_VALIDITY;NO_INVENTORY
02632,EXACT_IMLS_OUTLET_ZIP,MA0350,002,,EXACT_OUTLET;TIE_FSCSKEY_SEQ,EXACT_OUTLET;NOT_USPS_VALIDITY;NO_INVENTORY
02633,EXACT_IMLS_OUTLET_ZIP,MA0055,002,,EXACT_OUTLET;TIE_FSCSKEY_SEQ,EXACT_OUTLET;NOT_USPS_VALIDITY;NO_INVENTORY
02635,EXACT_IMLS_OUTLET_ZIP,MA0351,002,,EXACT_OUTLET;TIE_FSCSKEY_SEQ,EXACT_OUTLET;NOT_USPS_VALIDITY;NO_INVENTORY
02637,ZCTA_NEAREST_ACTIVE_OUTLET,MA0020,008,3.082,ZCTA_NN;R6371;TIE_FIRST_LEX,ZCTA_NN_HAVERSINE;NOT_ELIGIBILITY;NOT_USPS_VALIDITY;NO_INVENTORY
02638,EXACT_IMLS_OUTLET_ZIP,MA0075,002,,EXACT_OUTLET;TIE_FSCSKEY_SEQ,EXACT_OUTLET;NOT_USPS_VALIDITY;NO_INVENTORY
02639,EXACT_IMLS_OUTLET_ZIP,MA0376,002,,EXACT_OUTLET;TIE_FSCSKEY_SEQ,EXACT_OUTLET;NOT_USPS_VALIDITY;NO_INVENTORY
02641,EXACT_IMLS_OUTLET_ZIP,MA0358,002,,EXACT_OUTLET;TIE_FSCSKEY_SEQ,EXACT_OUTLET;NOT_USPS_VALIDITY;NO_INVENTORY
02642,EXACT_IMLS_OUTLET_ZIP,MA0086,002,,EXACT_OUTLET;TIE_FSCSKEY_SEQ,EXACT_OUTLET;NOT_USPS_VALIDITY;NO_INVENTORY
02643,ZCTA_NEAREST_ACTIVE_OUTLET,MA0221,002,5.141,ZCTA_NN;R6371;TIE_FIRST_LEX,ZCTA_NN_HAVERSINE;NOT_ELIGIBILITY;NOT_USPS_VALIDITY;NO_INVENTORY
02644,ZCTA_NEAREST_ACTIVE_OUTLET,MA0171,002,7.516,ZCTA_NN;R6371;TIE_FIRST_LEX,ZCTA_NN_HAVERSINE;NOT_ELIGIBILITY;NOT_USPS_VALIDITY;NO_INVENTORY
02645,EXACT_IMLS_OUTLET_ZIP,MA0126,002,,EXACT_OUTLET;TIE_FSCSKEY_SEQ,EXACT_OUTLET;NOT_USPS_VALIDITY;NO_INVENTORY
02646,EXACT_IMLS_OUTLET_ZIP,MA0365,002,,EXACT_OUTLET;TIE_FSCSKEY_SEQ,EXACT_OUTLET;NOT_USPS_VALIDITY;NO_INVENTORY
02647,ZCTA_NEAREST_ACTIVE_OUTLET,MA0352,002,3.178,ZCTA_NN;R6371;TIE_FIRST_LEX,ZCTA_NN_HAVERSINE;NOT_ELIGIBILITY;NOT_USPS_VALIDITY;NO_INVENTORY
02648,EXACT_IMLS_OUTLET_ZIP,MA0353,002,,EXACT_OUTLET;TIE_FSCSKEY_SEQ,EXACT_OUTLET;NOT_USPS_VALIDITY;NO_INVENTORY
02649,EXACT_IMLS_OUTLET_ZIP,MA0171,002,,EXACT_OUTLET;TIE_FSCSKEY_SEQ,EXACT_OUTLET;NOT_USPS_VALIDITY;NO_INVENTORY
02650,ZCTA_NEAREST_ACTIVE_OUTLET,MA0055,002,2.329,ZCTA_NN;R6371;TIE_FIRST_LEX,ZCTA_NN_HAVERSINE;NOT_ELIGIBILITY;NOT_USPS_VALIDITY;NO_INVENTORY
02651,OBSERVED_REFERENCE_INDIRECT_ONLY,,,,INDIRECT_IMLS_SC;NO_FABRICATED_NEAREST,INDIRECT_IMLS_SC;NO_FABRICATED_NEAREST;NOT_REJECTED;NOT_USPS_VALIDITY;NO_INVENTORY
02652,EXACT_IMLS_OUTLET_ZIP,MA0297,002,,EXACT_OUTLET;TIE_FSCSKEY_SEQ,EXACT_OUTLET;NOT_USPS_VALIDITY;NO_INVENTORY
02653,EXACT_IMLS_OUTLET_ZIP,MA0221,002,,EXACT_OUTLET;TIE_FSCSKEY_SEQ,EXACT_OUTLET;NOT_USPS_VALIDITY;NO_INVENTORY
02655,EXACT_IMLS_OUTLET_ZIP,MA0354,002,,EXACT_OUTLET;TIE_FSCSKEY_SEQ,EXACT_OUTLET;NOT_USPS_VALIDITY;NO_INVENTORY
02657,EXACT_IMLS_OUTLET_ZIP,MA0239,002,,EXACT_OUTLET;TIE_FSCSKEY_SEQ,EXACT_OUTLET;NOT_USPS_VALIDITY;NO_INVENTORY
02659,EXACT_IMLS_OUTLET_ZIP,MA0356,002,,EXACT_OUTLET;TIE_FSCSKEY_SEQ,EXACT_OUTLET;NOT_USPS_VALIDITY;NO_INVENTORY
02660,EXACT_IMLS_OUTLET_ZIP,MA0359,002,,EXACT_OUTLET;TIE_FSCSKEY_SEQ,EXACT_OUTLET;NOT_USPS_VALIDITY;NO_INVENTORY
02661,OBSERVED_REFERENCE_INDIRECT_ONLY,,,,INDIRECT_IMLS_SC;NO_FABRICATED_NEAREST,INDIRECT_IMLS_SC;NO_FABRICATED_NEAREST;NOT_REJECTED;NOT_USPS_VALIDITY;NO_INVENTORY
02662,OBSERVED_REFERENCE_INDIRECT_ONLY,,,,INDIRECT_IMLS_SC;NO_FABRICATED_NEAREST,INDIRECT_IMLS_SC;NO_FABRICATED_NEAREST;NOT_REJECTED;NOT_USPS_VALIDITY;NO_INVENTORY
02663,ZCTA_NEAREST_ACTIVE_OUTLET,MA0314,002,6.170,ZCTA_NN;R6371;TIE_FIRST_LEX,ZCTA_NN_HAVERSINE;NOT_ELIGIBILITY;NOT_USPS_VALIDITY;NO_INVENTORY
02664,EXACT_IMLS_OUTLET_ZIP,MA0377,004,,EXACT_OUTLET;TIE_FSCSKEY_SEQ,EXACT_OUTLET;NOT_USPS_VALIDITY;NO_INVENTORY
02666,ZCTA_NEAREST_ACTIVE_OUTLET,MA0314,002,4.840,ZCTA_NN;R6371;TIE_FIRST_LEX,ZCTA_NN_HAVERSINE;NOT_ELIGIBILITY;NOT_USPS_VALIDITY;NO_INVENTORY
02667,EXACT_IMLS_OUTLET_ZIP,MA0314,002,,EXACT_OUTLET;TIE_FSCSKEY_SEQ,EXACT_OUTLET;NOT_USPS_VALIDITY;NO_INVENTORY
02668,EXACT_IMLS_OUTLET_ZIP,MA0355,002,,EXACT_OUTLET;TIE_FSCSKEY_SEQ,EXACT_OUTLET;NOT_USPS_VALIDITY;NO_INVENTORY
02669,OBSERVED_REFERENCE_INDIRECT_ONLY,,,,INDIRECT_IMLS_SC;NO_FABRICATED_NEAREST,INDIRECT_IMLS_SC;NO_FABRICATED_NEAREST;NOT_REJECTED;NOT_USPS_VALIDITY;NO_INVENTORY
02670,EXACT_IMLS_OUTLET_ZIP,MA0360,002,,EXACT_OUTLET;TIE_FSCSKEY_SEQ,EXACT_OUTLET;NOT_USPS_VALIDITY;NO_INVENTORY
02671,EXACT_IMLS_OUTLET_ZIP,MA0366,002,,EXACT_OUTLET;TIE_FSCSKEY_SEQ,EXACT_OUTLET;NOT_USPS_VALIDITY;NO_INVENTORY
02672,ZCTA_NEAREST_ACTIVE_OUTLET,MA0350,002,2.950,ZCTA_NN;R6371;TIE_FIRST_LEX,ZCTA_NN_HAVERSINE;NOT_ELIGIBILITY;NOT_USPS_VALIDITY;NO_INVENTORY
02673,EXACT_IMLS_OUTLET_ZIP,MA0377,006,,EXACT_OUTLET;TIE_FSCSKEY_SEQ,EXACT_OUTLET;NOT_USPS_VALIDITY;NO_INVENTORY
02675,ZCTA_NEAREST_ACTIVE_OUTLET,MA0075,002,5.085,ZCTA_NN;R6371;TIE_FIRST_LEX,ZCTA_NN_HAVERSINE;NOT_ELIGIBILITY;NOT_USPS_VALIDITY;NO_INVENTORY
02702,EXACT_IMLS_OUTLET_ZIP,MA0363,005,,EXACT_OUTLET;TIE_FSCSKEY_SEQ,EXACT_OUTLET;NOT_USPS_VALIDITY;NO_INVENTORY
02703,EXACT_IMLS_OUTLET_ZIP,MA0016,002,,EXACT_OUTLET;TIE_FSCSKEY_SEQ,EXACT_OUTLET;NOT_USPS_VALIDITY;NO_INVENTORY
02712,OBSERVED_REFERENCE_INDIRECT_ONLY,,,,INDIRECT_IMLS_SC;NO_FABRICATED_NEAREST,INDIRECT_IMLS_SC;NO_FABRICATED_NEAREST;NOT_REJECTED;NOT_USPS_VALIDITY;NO_INVENTORY
02713,EXACT_IMLS_OUTLET_ZIP,MA0109,002,,EXACT_OUTLET;TIE_FSCSKEY_SEQ,EXACT_OUTLET;NOT_USPS_VALIDITY;NO_INVENTORY
02714,OBSERVED_REFERENCE_INDIRECT_ONLY,,,,INDIRECT_IMLS_SC;NO_FABRICATED_NEAREST,INDIRECT_IMLS_SC;NO_FABRICATED_NEAREST;NOT_REJECTED;NOT_USPS_VALIDITY;NO_INVENTORY
02715,EXACT_IMLS_OUTLET_ZIP,MA0076,002,,EXACT_OUTLET;TIE_FSCSKEY_SEQ,EXACT_OUTLET;NOT_USPS_VALIDITY;NO_INVENTORY
02717,EXACT_IMLS_OUTLET_ZIP,MA0363,002,,EXACT_OUTLET;TIE_FSCSKEY_SEQ,EXACT_OUTLET;NOT_USPS_VALIDITY;NO_INVENTORY
02718,ZCTA_NEAREST_ACTIVE_OUTLET,MA0145,002,5.382,ZCTA_NN;R6371;TIE_FIRST_LEX,ZCTA_NN_HAVERSINE;NOT_ELIGIBILITY;NOT_USPS_VALIDITY;NO_INVENTORY
02719,EXACT_IMLS_OUTLET_ZIP,MA0094,002,,EXACT_OUTLET;TIE_FSCSKEY_SEQ,EXACT_OUTLET;NOT_USPS_VALIDITY;NO_INVENTORY
02720,EXACT_IMLS_OUTLET_ZIP,MA0095,002,,EXACT_OUTLET;TIE_FSCSKEY_SEQ,EXACT_OUTLET;NOT_USPS_VALIDITY;NO_INVENTORY
02721,ZCTA_NEAREST_ACTIVE_OUTLET,MA0095,002,3.269,ZCTA_NN;R6371;TIE_FIRST_LEX,ZCTA_NN_HAVERSINE;NOT_ELIGIBILITY;NOT_USPS_VALIDITY;NO_INVENTORY
02722,OBSERVED_REFERENCE_INDIRECT_ONLY,,,,INDIRECT_IMLS_SC;NO_FABRICATED_NEAREST,INDIRECT_IMLS_SC;NO_FABRICATED_NEAREST;NOT_REJECTED;NOT_USPS_VALIDITY;NO_INVENTORY
02723,ZCTA_NEAREST_ACTIVE_OUTLET,MA0095,002,2.282,ZCTA_NN;R6371;TIE_FIRST_LEX,ZCTA_NN_HAVERSINE;NOT_ELIGIBILITY;NOT_USPS_VALIDITY;NO_INVENTORY
02724,ZCTA_NEAREST_ACTIVE_OUTLET,MA0095,002,2.946,ZCTA_NN;R6371;TIE_FIRST_LEX,ZCTA_NN_HAVERSINE;NOT_ELIGIBILITY;NOT_USPS_VALIDITY;NO_INVENTORY
02725,ZCTA_NEAREST_ACTIVE_OUTLET,MA0095,002,3.067,ZCTA_NN;R6371;TIE_FIRST_LEX,ZCTA_NN_HAVERSINE;NOT_ELIGIBILITY;NOT_USPS_VALIDITY;NO_INVENTORY
02726,EXACT_IMLS_OUTLET_ZIP,MA0270,002,,EXACT_OUTLET;TIE_FSCSKEY_SEQ,EXACT_OUTLET;NOT_USPS_VALIDITY;NO_INVENTORY
02738,EXACT_IMLS_OUTLET_ZIP,MA0168,002,,EXACT_OUTLET;TIE_FSCSKEY_SEQ,EXACT_OUTLET;NOT_USPS_VALIDITY;NO_INVENTORY
02739,EXACT_IMLS_OUTLET_ZIP,MA0172,002,,EXACT_OUTLET;TIE_FSCSKEY_SEQ,EXACT_OUTLET;NOT_USPS_VALIDITY;NO_INVENTORY
02740,EXACT_IMLS_OUTLET_ZIP,MA0198,002,,EXACT_OUTLET;TIE_FSCSKEY_SEQ,EXACT_OUTLET;NOT_USPS_VALIDITY;NO_INVENTORY
02741,OBSERVED_REFERENCE_INDIRECT_ONLY,,,,INDIRECT_IMLS_SC;NO_FABRICATED_NEAREST,INDIRECT_IMLS_SC;NO_FABRICATED_NEAREST;NOT_REJECTED;NOT_USPS_VALIDITY;NO_INVENTORY
02742,OBSERVED_REFERENCE_INDIRECT_ONLY,,,,INDIRECT_IMLS_SC;NO_FABRICATED_NEAREST,INDIRECT_IMLS_SC;NO_FABRICATED_NEAREST;NOT_REJECTED;NOT_USPS_VALIDITY;NO_INVENTORY
02743,EXACT_IMLS_OUTLET_ZIP,MA0003,002,,EXACT_OUTLET;TIE_FSCSKEY_SEQ,EXACT_OUTLET;NOT_USPS_VALIDITY;NO_INVENTORY
02744,EXACT_IMLS_OUTLET_ZIP,MA0198,005,,EXACT_OUTLET;TIE_FSCSKEY_SEQ,EXACT_OUTLET;NOT_USPS_VALIDITY;NO_INVENTORY
02745,ZCTA_NEAREST_ACTIVE_OUTLET,MA0003,002,2.151,ZCTA_NN;R6371;TIE_FIRST_LEX,ZCTA_NN_HAVERSINE;NOT_ELIGIBILITY;NOT_USPS_VALIDITY;NO_INVENTORY
02746,EXACT_IMLS_OUTLET_ZIP,MA0198,006,,EXACT_OUTLET;TIE_FSCSKEY_SEQ,EXACT_OUTLET;NOT_USPS_VALIDITY;NO_INVENTORY
02747,EXACT_IMLS_OUTLET_ZIP,MA0072,003,,EXACT_OUTLET;TIE_FSCSKEY_SEQ,EXACT_OUTLET;NOT_USPS_VALIDITY;NO_INVENTORY
02748,EXACT_IMLS_OUTLET_ZIP,MA0072,002,,EXACT_OUTLET;TIE_FSCSKEY_SEQ,EXACT_OUTLET;NOT_USPS_VALIDITY;NO_INVENTORY
02760,EXACT_IMLS_OUTLET_ZIP,MA0208,002,,EXACT_OUTLET;TIE_FSCSKEY_SEQ,EXACT_OUTLET;NOT_USPS_VALIDITY;NO_INVENTORY
02761,OBSERVED_REFERENCE_INDIRECT_ONLY,,,,INDIRECT_IMLS_SC;NO_FABRICATED_NEAREST,INDIRECT_IMLS_SC;NO_FABRICATED_NEAREST;NOT_REJECTED;NOT_USPS_VALIDITY;NO_INVENTORY
02762,EXACT_IMLS_OUTLET_ZIP,MA0235,002,,EXACT_OUTLET;TIE_FSCSKEY_SEQ,EXACT_OUTLET;NOT_USPS_VALIDITY;NO_INVENTORY
02763,ZCTA_NEAREST_ACTIVE_OUTLET,MA0208,002,2.816,ZCTA_NN;R6371;TIE_FIRST_LEX,ZCTA_NN_HAVERSINE;NOT_ELIGIBILITY;NOT_USPS_VALIDITY;NO_INVENTORY
02764,ZCTA_NEAREST_ACTIVE_OUTLET,MA0076,002,3.291,ZCTA_NN;R6371;TIE_FIRST_LEX,ZCTA_NN_HAVERSINE;NOT_ELIGIBILITY;NOT_USPS_VALIDITY;NO_INVENTORY
02766,EXACT_IMLS_OUTLET_ZIP,MA0215,002,,EXACT_OUTLET;TIE_FSCSKEY_SEQ,EXACT_OUTLET;NOT_USPS_VALIDITY;NO_INVENTORY
02767,EXACT_IMLS_OUTLET_ZIP,MA0242,002,,EXACT_OUTLET;TIE_FSCSKEY_SEQ,EXACT_OUTLET;NOT_USPS_VALIDITY;NO_INVENTORY
02768,OBSERVED_REFERENCE_INDIRECT_ONLY,,,,INDIRECT_IMLS_SC;NO_FABRICATED_NEAREST,INDIRECT_IMLS_SC;NO_FABRICATED_NEAREST;NOT_REJECTED;NOT_USPS_VALIDITY;NO_INVENTORY
02769,EXACT_IMLS_OUTLET_ZIP,MA0244,002,,EXACT_OUTLET;TIE_FSCSKEY_SEQ,EXACT_OUTLET;NOT_USPS_VALIDITY;NO_INVENTORY
02770,EXACT_IMLS_OUTLET_ZIP,MA0247,002,,EXACT_OUTLET;TIE_FSCSKEY_SEQ,EXACT_OUTLET;NOT_USPS_VALIDITY;NO_INVENTORY
02771,EXACT_IMLS_OUTLET_ZIP,MA0262,002,,EXACT_OUTLET;TIE_FSCSKEY_SEQ,EXACT_OUTLET;NOT_USPS_VALIDITY;NO_INVENTORY
02777,EXACT_IMLS_OUTLET_ZIP,MA0289,002,,EXACT_OUTLET;TIE_FSCSKEY_SEQ,EXACT_OUTLET;NOT_USPS_VALIDITY;NO_INVENTORY
02779,EXACT_IMLS_OUTLET_ZIP,MA0027,002,,EXACT_OUTLET;TIE_FSCSKEY_SEQ,EXACT_OUTLET;NOT_USPS_VALIDITY;NO_INVENTORY
02780,EXACT_IMLS_OUTLET_ZIP,MA0290,002,,EXACT_OUTLET;TIE_FSCSKEY_SEQ,EXACT_OUTLET;NOT_USPS_VALIDITY;NO_INVENTORY
02790,EXACT_IMLS_OUTLET_ZIP,MA0330,002,,EXACT_OUTLET;TIE_FSCSKEY_SEQ,EXACT_OUTLET;NOT_USPS_VALIDITY;NO_INVENTORY
02791,ZCTA_NEAREST_ACTIVE_OUTLET,RI0024,002,7.526,ZCTA_NN;R6371;TIE_FIRST_LEX,ZCTA_NN_HAVERSINE;NOT_ELIGIBILITY;NOT_USPS_VALIDITY;NO_INVENTORY
02801,OBSERVED_REFERENCE_INDIRECT_ONLY,,,,INDIRECT_IMLS_SC;NO_FABRICATED_NEAREST,INDIRECT_IMLS_SC;NO_FABRICATED_NEAREST;NOT_REJECTED;NOT_USPS_VALIDITY;NO_INVENTORY
02802,ZCTA_NEAREST_ACTIVE_OUTLET,RI0023,002,1.629,ZCTA_NN;R6371;TIE_FIRST_LEX,ZCTA_NN_HAVERSINE;NOT_ELIGIBILITY;NOT_USPS_VALIDITY;NO_INVENTORY
02804,EXACT_IMLS_OUTLET_ZIP,RI0019,002,,EXACT_OUTLET;TIE_FSCSKEY_SEQ,EXACT_OUTLET;NOT_USPS_VALIDITY;NO_INVENTORY
02806,EXACT_IMLS_OUTLET_ZIP,RI0001,002,,EXACT_OUTLET;TIE_FSCSKEY_SEQ,EXACT_OUTLET;NOT_USPS_VALIDITY;NO_INVENTORY
02807,EXACT_IMLS_OUTLET_ZIP,RI0027,002,,EXACT_OUTLET;TIE_FSCSKEY_SEQ,EXACT_OUTLET;NOT_USPS_VALIDITY;NO_INVENTORY
02808,ZCTA_NEAREST_ACTIVE_OUTLET,RI0019,002,4.445,ZCTA_NN;R6371;TIE_FIRST_LEX,ZCTA_NN_HAVERSINE;NOT_ELIGIBILITY;NOT_USPS_VALIDITY;NO_INVENTORY
02809,EXACT_IMLS_OUTLET_ZIP,RI0002,002,,EXACT_OUTLET;TIE_FSCSKEY_SEQ,EXACT_OUTLET;NOT_USPS_VALIDITY;NO_INVENTORY
02812,EXACT_IMLS_OUTLET_ZIP,RI0038,002,,EXACT_OUTLET;TIE_FSCSKEY_SEQ,EXACT_OUTLET;NOT_USPS_VALIDITY;NO_INVENTORY
02813,EXACT_IMLS_OUTLET_ZIP,RI0006,002,,EXACT_OUTLET;TIE_FSCSKEY_SEQ,EXACT_OUTLET;NOT_USPS_VALIDITY;NO_INVENTORY
02814,EXACT_IMLS_OUTLET_ZIP,RI0018,002,,EXACT_OUTLET;TIE_FSCSKEY_SEQ,EXACT_OUTLET;NOT_USPS_VALIDITY;NO_INVENTORY
02815,ZCTA_NEAREST_ACTIVE_OUTLET,RI0015,002,4.888,ZCTA_NN;R6371;TIE_FIRST_LEX,ZCTA_NN_HAVERSINE;NOT_ELIGIBILITY;NOT_USPS_VALIDITY;NO_INVENTORY
02816,EXACT_IMLS_OUTLET_ZIP,RI0007,002,,EXACT_OUTLET;TIE_FSCSKEY_SEQ,EXACT_OUTLET;NOT_USPS_VALIDITY;NO_INVENTORY
02817,EXACT_IMLS_OUTLET_ZIP,RI0048,002,,EXACT_OUTLET;TIE_FSCSKEY_SEQ,EXACT_OUTLET;NOT_USPS_VALIDITY;NO_INVENTORY
02818,EXACT_IMLS_OUTLET_ZIP,RI0012,002,,EXACT_OUTLET;TIE_FSCSKEY_SEQ,EXACT_OUTLET;NOT_USPS_VALIDITY;NO_INVENTORY
02822,EXACT_IMLS_OUTLET_ZIP,RI0014,002,,EXACT_OUTLET;TIE_FSCSKEY_SEQ,EXACT_OUTLET;NOT_USPS_VALIDITY;NO_INVENTORY
02823,ZCTA_NEAREST_ACTIVE_OUTLET,RI0039,002,1.678,ZCTA_NN;R6371;TIE_FIRST_LEX,ZCTA_NN_HAVERSINE;NOT_ELIGIBILITY;NOT_USPS_VALIDITY;NO_INVENTORY
02824,ZCTA_NEAREST_ACTIVE_OUTLET,RI0033,002,1.506,ZCTA_NN;R6371;TIE_FIRST_LEX,ZCTA_NN_HAVERSINE;NOT_ELIGIBILITY;NOT_USPS_VALIDITY;NO_INVENTORY
02825,EXACT_IMLS_OUTLET_ZIP,RI0015,002,,EXACT_OUTLET;TIE_FSCSKEY_SEQ,EXACT_OUTLET;NOT_USPS_VALIDITY;NO_INVENTORY
02826,ZCTA_NEAREST_ACTIVE_OUTLET,RI0003,002,3.309,ZCTA_NN;R6371;TIE_FIRST_LEX,ZCTA_NN_HAVERSINE;NOT_ELIGIBILITY;NOT_USPS_VALIDITY;NO_INVENTORY
02827,EXACT_IMLS_OUTLET_ZIP,RI0007,003,,EXACT_OUTLET;TIE_FSCSKEY_SEQ,EXACT_OUTLET;NOT_USPS_VALIDITY;NO_INVENTORY
02828,EXACT_IMLS_OUTLET_ZIP,RI0042,002,,EXACT_OUTLET;TIE_FSCSKEY_SEQ,EXACT_OUTLET;NOT_USPS_VALIDITY;NO_INVENTORY
02829,EXACT_IMLS_OUTLET_ZIP,RI0017,002,,EXACT_OUTLET;TIE_FSCSKEY_SEQ,EXACT_OUTLET;NOT_USPS_VALIDITY;NO_INVENTORY
02830,EXACT_IMLS_OUTLET_ZIP,RI0003,002,,EXACT_OUTLET;TIE_FSCSKEY_SEQ,EXACT_OUTLET;NOT_USPS_VALIDITY;NO_INVENTORY
02831,EXACT_IMLS_OUTLET_ZIP,RI0039,002,,EXACT_OUTLET;TIE_FSCSKEY_SEQ,EXACT_OUTLET;NOT_USPS_VALIDITY;NO_INVENTORY
02832,EXACT_IMLS_OUTLET_ZIP,RI0020,002,,EXACT_OUTLET;TIE_FSCSKEY_SEQ,EXACT_OUTLET;NOT_USPS_VALIDITY;NO_INVENTORY
02833,ZCTA_NEAREST_ACTIVE_OUTLET,RI0020,002,6.152,ZCTA_NN;R6371;TIE_FIRST_LEX,ZCTA_NN_HAVERSINE;NOT_ELIGIBILITY;NOT_USPS_VALIDITY;NO_INVENTORY
02835,EXACT_IMLS_OUTLET_ZIP,RI0021,002,,EXACT_OUTLET;TIE_FSCSKEY_SEQ,EXACT_OUTLET;NOT_USPS_VALIDITY;NO_INVENTORY
02836,ZCTA_NEAREST_ACTIVE_OUTLET,RI0038,002,3.733,ZCTA_NN;R6371;TIE_FIRST_LEX,ZCTA_NN_HAVERSINE;NOT_ELIGIBILITY;NOT_USPS_VALIDITY;NO_INVENTORY
02837,EXACT_IMLS_OUTLET_ZIP,RI0024,002,,EXACT_OUTLET;TIE_FSCSKEY_SEQ,EXACT_OUTLET;NOT_USPS_VALIDITY;NO_INVENTORY
02838,ZCTA_NEAREST_ACTIVE_OUTLET,RI0023,002,3.767,ZCTA_NN;R6371;TIE_FIRST_LEX,ZCTA_NN_HAVERSINE;NOT_ELIGIBILITY;NOT_USPS_VALIDITY;NO_INVENTORY
02839,ZCTA_NEAREST_ACTIVE_OUTLET,RI0003,002,3.462,ZCTA_NN;R6371;TIE_FIRST_LEX,ZCTA_NN_HAVERSINE;NOT_ELIGIBILITY;NOT_USPS_VALIDITY;NO_INVENTORY
02840,EXACT_IMLS_OUTLET_ZIP,RI0028,002,,EXACT_OUTLET;TIE_FSCSKEY_SEQ,EXACT_OUTLET;NOT_USPS_VALIDITY;NO_INVENTORY
02841,ZCTA_NEAREST_ACTIVE_OUTLET,RI0025,002,2.537,ZCTA_NN;R6371;TIE_FIRST_LEX,ZCTA_NN_HAVERSINE;NOT_ELIGIBILITY;NOT_USPS_VALIDITY;NO_INVENTORY
02842,EXACT_IMLS_OUTLET_ZIP,RI0025,002,,EXACT_OUTLET;TIE_FSCSKEY_SEQ,EXACT_OUTLET;NOT_USPS_VALIDITY;NO_INVENTORY
02852,EXACT_IMLS_OUTLET_ZIP,RI0029,002,,EXACT_OUTLET;TIE_FSCSKEY_SEQ,EXACT_OUTLET;NOT_USPS_VALIDITY;NO_INVENTORY
02857,EXACT_IMLS_OUTLET_ZIP,RI0040,002,,EXACT_OUTLET;TIE_FSCSKEY_SEQ,EXACT_OUTLET;NOT_USPS_VALIDITY;NO_INVENTORY
02858,ZCTA_NEAREST_ACTIVE_OUTLET,RI0003,002,2.046,ZCTA_NN;R6371;TIE_FIRST_LEX,ZCTA_NN_HAVERSINE;NOT_ELIGIBILITY;NOT_USPS_VALIDITY;NO_INVENTORY
02859,EXACT_IMLS_OUTLET_ZIP,RI0004,002,,EXACT_OUTLET;TIE_FSCSKEY_SEQ,EXACT_OUTLET;NOT_USPS_VALIDITY;NO_INVENTORY
02860,EXACT_IMLS_OUTLET_ZIP,RI0034,002,,EXACT_OUTLET;TIE_FSCSKEY_SEQ,EXACT_OUTLET;NOT_USPS_VALIDITY;NO_INVENTORY
02861,ZCTA_NEAREST_ACTIVE_OUTLET,RI0034,002,2.576,ZCTA_NN;R6371;TIE_FIRST_LEX,ZCTA_NN_HAVERSINE;NOT_ELIGIBILITY;NOT_USPS_VALIDITY;NO_INVENTORY
02862,OBSERVED_REFERENCE_INDIRECT_ONLY,,,,INDIRECT_IMLS_SC;NO_FABRICATED_NEAREST,INDIRECT_IMLS_SC;NO_FABRICATED_NEAREST;NOT_REJECTED;NOT_USPS_VALIDITY;NO_INVENTORY
02863,EXACT_IMLS_OUTLET_ZIP,RI0005,002,,EXACT_OUTLET;TIE_FSCSKEY_SEQ,EXACT_OUTLET;NOT_USPS_VALIDITY;NO_INVENTORY
02864,EXACT_IMLS_OUTLET_ZIP,RI0011,002,,EXACT_OUTLET;TIE_FSCSKEY_SEQ,EXACT_OUTLET;NOT_USPS_VALIDITY;NO_INVENTORY
02865,EXACT_IMLS_OUTLET_ZIP,RI0023,002,,EXACT_OUTLET;TIE_FSCSKEY_SEQ,EXACT_OUTLET;NOT_USPS_VALIDITY;NO_INVENTORY
02871,EXACT_IMLS_OUTLET_ZIP,RI0035,002,,EXACT_OUTLET;TIE_FSCSKEY_SEQ,EXACT_OUTLET;NOT_USPS_VALIDITY;NO_INVENTORY
02872,ZCTA_NEAREST_ACTIVE_OUTLET,RI0035,002,6.045,ZCTA_NN;R6371;TIE_FIRST_LEX,ZCTA_NN_HAVERSINE;NOT_ELIGIBILITY;NOT_USPS_VALIDITY;NO_INVENTORY
02873,ZCTA_NEAREST_ACTIVE_OUTLET,RI0020,002,5.871,ZCTA_NN;R6371;TIE_FIRST_LEX,ZCTA_NN_HAVERSINE;NOT_ELIGIBILITY;NOT_USPS_VALIDITY;NO_INVENTORY
02874,EXACT_IMLS_OUTLET_ZIP,RI0030,002,,EXACT_OUTLET;TIE_FSCSKEY_SEQ,EXACT_OUTLET;NOT_USPS_VALIDITY;NO_INVENTORY
02875,ZCTA_NEAREST_ACTIVE_OUTLET,RI0038,002,2.152,ZCTA_NN;R6371;TIE_FIRST_LEX,ZCTA_NN_HAVERSINE;NOT_ELIGIBILITY;NOT_USPS_VALIDITY;NO_INVENTORY
02876,EXACT_IMLS_OUTLET_ZIP,RI0033,002,,EXACT_OUTLET;TIE_FSCSKEY_SEQ,EXACT_OUTLET;NOT_USPS_VALIDITY;NO_INVENTORY
02878,EXACT_IMLS_OUTLET_ZIP,RI0044,002,,EXACT_OUTLET;TIE_FSCSKEY_SEQ,EXACT_OUTLET;NOT_USPS_VALIDITY;NO_INVENTORY
02879,EXACT_IMLS_OUTLET_ZIP,RI0043,004,,EXACT_OUTLET;TIE_FSCSKEY_SEQ,EXACT_OUTLET;NOT_USPS_VALIDITY;NO_INVENTORY
02880,OBSERVED_REFERENCE_INDIRECT_ONLY,,,,INDIRECT_IMLS_SC;NO_FABRICATED_NEAREST,INDIRECT_IMLS_SC;NO_FABRICATED_NEAREST;NOT_REJECTED;NOT_USPS_VALIDITY;NO_INVENTORY
02881,EXACT_IMLS_OUTLET_ZIP,RI0043,003,,EXACT_OUTLET;TIE_FSCSKEY_SEQ,EXACT_OUTLET;NOT_USPS_VALIDITY;NO_INVENTORY
02882,EXACT_IMLS_OUTLET_ZIP,RI0026,002,,EXACT_OUTLET;TIE_FSCSKEY_SEQ,EXACT_OUTLET;NOT_USPS_VALIDITY;NO_INVENTORY
02883,OBSERVED_REFERENCE_INDIRECT_ONLY,,,,INDIRECT_IMLS_SC;NO_FABRICATED_NEAREST,INDIRECT_IMLS_SC;NO_FABRICATED_NEAREST;NOT_REJECTED;NOT_USPS_VALIDITY;NO_INVENTORY
02885,EXACT_IMLS_OUTLET_ZIP,RI0045,002,,EXACT_OUTLET;TIE_FSCSKEY_SEQ,EXACT_OUTLET;NOT_USPS_VALIDITY;NO_INVENTORY
02886,EXACT_IMLS_OUTLET_ZIP,RI0046,003,,EXACT_OUTLET;TIE_FSCSKEY_SEQ,EXACT_OUTLET;NOT_USPS_VALIDITY;NO_INVENTORY
02887,OBSERVED_REFERENCE_INDIRECT_ONLY,,,,INDIRECT_IMLS_SC;NO_FABRICATED_NEAREST,INDIRECT_IMLS_SC;NO_FABRICATED_NEAREST;NOT_REJECTED;NOT_USPS_VALIDITY;NO_INVENTORY
02888,EXACT_IMLS_OUTLET_ZIP,RI0046,005,,EXACT_OUTLET;TIE_FSCSKEY_SEQ,EXACT_OUTLET;NOT_USPS_VALIDITY;NO_INVENTORY
02889,EXACT_IMLS_OUTLET_ZIP,RI0046,002,,EXACT_OUTLET;TIE_FSCSKEY_SEQ,EXACT_OUTLET;NOT_USPS_VALIDITY;NO_INVENTORY
02891,EXACT_IMLS_OUTLET_ZIP,RI0050,002,,EXACT_OUTLET;TIE_FSCSKEY_SEQ,EXACT_OUTLET;NOT_USPS_VALIDITY;NO_INVENTORY
02892,ZCTA_NEAREST_ACTIVE_OUTLET,RI0038,002,6.140,ZCTA_NN;R6371;TIE_FIRST_LEX,ZCTA_NN_HAVERSINE;NOT_ELIGIBILITY;NOT_USPS_VALIDITY;NO_INVENTORY
02893,EXACT_IMLS_OUTLET_ZIP,RI0049,002,,EXACT_OUTLET;TIE_FSCSKEY_SEQ,EXACT_OUTLET;NOT_USPS_VALIDITY;NO_INVENTORY
02894,ZCTA_NEAREST_ACTIVE_OUTLET,RI0038,002,4.061,ZCTA_NN;R6371;TIE_FIRST_LEX,ZCTA_NN_HAVERSINE;NOT_ELIGIBILITY;NOT_USPS_VALIDITY;NO_INVENTORY
02895,EXACT_IMLS_OUTLET_ZIP,RI0051,002,,EXACT_OUTLET;TIE_FSCSKEY_SEQ,EXACT_OUTLET;NOT_USPS_VALIDITY;NO_INVENTORY
02896,ZCTA_NEAREST_ACTIVE_OUTLET,RI0033,002,4.082,ZCTA_NN;R6371;TIE_FIRST_LEX,ZCTA_NN_HAVERSINE;NOT_ELIGIBILITY;NOT_USPS_VALIDITY;NO_INVENTORY
02898,ZCTA_NEAREST_ACTIVE_OUTLET,RI0020,002,4.246,ZCTA_NN;R6371;TIE_FIRST_LEX,ZCTA_NN_HAVERSINE;NOT_ELIGIBILITY;NOT_USPS_VALIDITY;NO_INVENTORY
02901,OBSERVED_REFERENCE_INDIRECT_ONLY,,,,INDIRECT_IMLS_SC;NO_FABRICATED_NEAREST,INDIRECT_IMLS_SC;NO_FABRICATED_NEAREST;NOT_REJECTED;NOT_USPS_VALIDITY;NO_INVENTORY
02902,OBSERVED_REFERENCE_INDIRECT_ONLY,,,,INDIRECT_IMLS_SC;NO_FABRICATED_NEAREST,INDIRECT_IMLS_SC;NO_FABRICATED_NEAREST;NOT_REJECTED;NOT_USPS_VALIDITY;NO_INVENTORY
02903,EXACT_IMLS_OUTLET_ZIP,RI0036,002,,EXACT_OUTLET;TIE_FSCSKEY_SEQ,EXACT_OUTLET;NOT_USPS_VALIDITY;NO_INVENTORY
02904,EXACT_IMLS_OUTLET_ZIP,RI0032,002,,EXACT_OUTLET;TIE_FSCSKEY_SEQ,EXACT_OUTLET;NOT_USPS_VALIDITY;NO_INVENTORY
02905,EXACT_IMLS_OUTLET_ZIP,RI0010,003,,EXACT_OUTLET;TIE_FSCSKEY_SEQ,EXACT_OUTLET;NOT_USPS_VALIDITY;NO_INVENTORY
02906,EXACT_IMLS_OUTLET_ZIP,RI0053,002,,EXACT_OUTLET;TIE_FSCSKEY_SEQ,EXACT_OUTLET;NOT_USPS_VALIDITY;NO_INVENTORY
02907,EXACT_IMLS_OUTLET_ZIP,RI0053,009,,EXACT_OUTLET;TIE_FSCSKEY_SEQ,EXACT_OUTLET;NOT_USPS_VALIDITY;NO_INVENTORY
02908,EXACT_IMLS_OUTLET_ZIP,RI0053,007,,EXACT_OUTLET;TIE_FSCSKEY_SEQ,EXACT_OUTLET;NOT_USPS_VALIDITY;NO_INVENTORY
02909,EXACT_IMLS_OUTLET_ZIP,RI0053,003,,EXACT_OUTLET;TIE_FSCSKEY_SEQ,EXACT_OUTLET;NOT_USPS_VALIDITY;NO_INVENTORY
02910,EXACT_IMLS_OUTLET_ZIP,RI0010,005,,EXACT_OUTLET;TIE_FSCSKEY_SEQ,EXACT_OUTLET;NOT_USPS_VALIDITY;NO_INVENTORY
02911,ZCTA_NEAREST_ACTIVE_OUTLET,RI0032,002,1.392,ZCTA_NN;R6371;TIE_FIRST_LEX,ZCTA_NN_HAVERSINE;NOT_ELIGIBILITY;NOT_USPS_VALIDITY;NO_INVENTORY
02912,ZCTA_NEAREST_ACTIVE_OUTLET,RI0053,002,1.082,ZCTA_NN;R6371;TIE_FIRST_LEX,ZCTA_NN_HAVERSINE;NOT_ELIGIBILITY;NOT_USPS_VALIDITY;NO_INVENTORY
02914,EXACT_IMLS_OUTLET_ZIP,RI0013,002,,EXACT_OUTLET;TIE_FSCSKEY_SEQ,EXACT_OUTLET;NOT_USPS_VALIDITY;NO_INVENTORY
02915,EXACT_IMLS_OUTLET_ZIP,RI0013,004,,EXACT_OUTLET;TIE_FSCSKEY_SEQ,EXACT_OUTLET;NOT_USPS_VALIDITY;NO_INVENTORY
02916,ZCTA_NEAREST_ACTIVE_OUTLET,MA0262,002,2.267,ZCTA_NN;R6371;TIE_FIRST_LEX,ZCTA_NN_HAVERSINE;NOT_ELIGIBILITY;NOT_USPS_VALIDITY;NO_INVENTORY
02917,EXACT_IMLS_OUTLET_ZIP,RI0041,002,,EXACT_OUTLET;TIE_FSCSKEY_SEQ,EXACT_OUTLET;NOT_USPS_VALIDITY;NO_INVENTORY
02918,ZCTA_NEAREST_ACTIVE_OUTLET,RI0053,005,0.845,ZCTA_NN;R6371;TIE_FIRST_LEX,ZCTA_NN_HAVERSINE;NOT_ELIGIBILITY;NOT_USPS_VALIDITY;NO_INVENTORY
02919,EXACT_IMLS_OUTLET_ZIP,RI0022,002,,EXACT_OUTLET;TIE_FSCSKEY_SEQ,EXACT_OUTLET;NOT_USPS_VALIDITY;NO_INVENTORY
02920,EXACT_IMLS_OUTLET_ZIP,RI0010,002,,EXACT_OUTLET;TIE_FSCSKEY_SEQ,EXACT_OUTLET;NOT_USPS_VALIDITY;NO_INVENTORY
02921,ZCTA_NEAREST_ACTIVE_OUTLET,RI0010,007,2.779,ZCTA_NN;R6371;TIE_FIRST_LEX,ZCTA_NN_HAVERSINE;NOT_ELIGIBILITY;NOT_USPS_VALIDITY;NO_INVENTORY
02940,OBSERVED_REFERENCE_INDIRECT_ONLY,,,,INDIRECT_IMLS_SC;NO_FABRICATED_NEAREST,INDIRECT_IMLS_SC;NO_FABRICATED_NEAREST;NOT_REJECTED;NOT_USPS_VALIDITY;NO_INVENTORY
03031,EXACT_IMLS_OUTLET_ZIP,NH0184,002,,EXACT_OUTLET;TIE_FSCSKEY_SEQ,EXACT_OUTLET;NOT_USPS_VALIDITY;NO_INVENTORY
03032,EXACT_IMLS_OUTLET_ZIP,NH0023,002,,EXACT_OUTLET;TIE_FSCSKEY_SEQ,EXACT_OUTLET;NOT_USPS_VALIDITY;NO_INVENTORY
03033,EXACT_IMLS_OUTLET_ZIP,NH0154,002,,EXACT_OUTLET;TIE_FSCSKEY_SEQ,EXACT_OUTLET;NOT_USPS_VALIDITY;NO_INVENTORY
03034,EXACT_IMLS_OUTLET_ZIP,NH0157,002,,EXACT_OUTLET;TIE_FSCSKEY_SEQ,EXACT_OUTLET;NOT_USPS_VALIDITY;NO_INVENTORY
03036,EXACT_IMLS_OUTLET_ZIP,NH0241,002,,EXACT_OUTLET;TIE_FSCSKEY_SEQ,EXACT_OUTLET;NOT_USPS_VALIDITY;NO_INVENTORY
03037,EXACT_IMLS_OUTLET_ZIP,NH0173,002,,EXACT_OUTLET;TIE_FSCSKEY_SEQ,EXACT_OUTLET;NOT_USPS_VALIDITY;NO_INVENTORY
03038,EXACT_IMLS_OUTLET_ZIP,NH0176,002,,EXACT_OUTLET;TIE_FSCSKEY_SEQ,EXACT_OUTLET;NOT_USPS_VALIDITY;NO_INVENTORY
03041,EXACT_IMLS_OUTLET_ZIP,NH0177,002,,EXACT_OUTLET;TIE_FSCSKEY_SEQ,EXACT_OUTLET;NOT_USPS_VALIDITY;NO_INVENTORY
03042,EXACT_IMLS_OUTLET_ZIP,NH0188,002,,EXACT_OUTLET;TIE_FSCSKEY_SEQ,EXACT_OUTLET;NOT_USPS_VALIDITY;NO_INVENTORY
03043,EXACT_IMLS_OUTLET_ZIP,NH0194,002,,EXACT_OUTLET;TIE_FSCSKEY_SEQ,EXACT_OUTLET;NOT_USPS_VALIDITY;NO_INVENTORY
03044,EXACT_IMLS_OUTLET_ZIP,NH0199,002,,EXACT_OUTLET;TIE_FSCSKEY_SEQ,EXACT_OUTLET;NOT_USPS_VALIDITY;NO_INVENTORY
03045,EXACT_IMLS_OUTLET_ZIP,NH0204,002,,EXACT_OUTLET;TIE_FSCSKEY_SEQ,EXACT_OUTLET;NOT_USPS_VALIDITY;NO_INVENTORY
03046,EXACT_IMLS_OUTLET_ZIP,NH0181,002,,EXACT_OUTLET;TIE_FSCSKEY_SEQ,EXACT_OUTLET;NOT_USPS_VALIDITY;NO_INVENTORY
03047,EXACT_IMLS_OUTLET_ZIP,NH0209,002,,EXACT_OUTLET;TIE_FSCSKEY_SEQ,EXACT_OUTLET;NOT_USPS_VALIDITY;NO_INVENTORY
03048,EXACT_IMLS_OUTLET_ZIP,NH0038,002,,EXACT_OUTLET;TIE_FSCSKEY_SEQ,EXACT_OUTLET;NOT_USPS_VALIDITY;NO_INVENTORY
03049,EXACT_IMLS_OUTLET_ZIP,NH0008,002,,EXACT_OUTLET;TIE_FSCSKEY_SEQ,EXACT_OUTLET;NOT_USPS_VALIDITY;NO_INVENTORY
03051,EXACT_IMLS_OUTLET_ZIP,NH0011,005,,EXACT_OUTLET;TIE_FSCSKEY_SEQ,EXACT_OUTLET;NOT_USPS_VALIDITY;NO_INVENTORY
03052,EXACT_IMLS_OUTLET_ZIP,NH0027,002,,EXACT_OUTLET;TIE_FSCSKEY_SEQ,EXACT_OUTLET;NOT_USPS_VALIDITY;NO_INVENTORY
03053,EXACT_IMLS_OUTLET_ZIP,NH0029,002,,EXACT_OUTLET;TIE_FSCSKEY_SEQ,EXACT_OUTLET;NOT_USPS_VALIDITY;NO_INVENTORY
03054,EXACT_IMLS_OUTLET_ZIP,NH0040,002,,EXACT_OUTLET;TIE_FSCSKEY_SEQ,EXACT_OUTLET;NOT_USPS_VALIDITY;NO_INVENTORY
03055,EXACT_IMLS_OUTLET_ZIP,NH0042,002,,EXACT_OUTLET;TIE_FSCSKEY_SEQ,EXACT_OUTLET;NOT_USPS_VALIDITY;NO_INVENTORY
03057,EXACT_IMLS_OUTLET_ZIP,NH0047,002,,EXACT_OUTLET;TIE_FSCSKEY_SEQ,EXACT_OUTLET;NOT_USPS_VALIDITY;NO_INVENTORY
03060,EXACT_IMLS_OUTLET_ZIP,NH0049,007,,EXACT_OUTLET;TIE_FSCSKEY_SEQ,EXACT_OUTLET;NOT_USPS_VALIDITY;NO_INVENTORY
03061,OBSERVED_REFERENCE_INDIRECT_ONLY,,,,INDIRECT_IMLS_SC;NO_FABRICATED_NEAREST,INDIRECT_IMLS_SC;NO_FABRICATED_NEAREST;NOT_REJECTED;NOT_USPS_VALIDITY;NO_INVENTORY
03062,ZCTA_NEAREST_ACTIVE_OUTLET,NH0049,007,5.398,ZCTA_NN;R6371;TIE_FIRST_LEX,ZCTA_NN_HAVERSINE;NOT_ELIGIBILITY;NOT_USPS_VALIDITY;NO_INVENTORY
03063,ZCTA_NEAREST_ACTIVE_OUTLET,NH0049,007,4.862,ZCTA_NN;R6371;TIE_FIRST_LEX,ZCTA_NN_HAVERSINE;NOT_ELIGIBILITY;NOT_USPS_VALIDITY;NO_INVENTORY
03064,ZCTA_NEAREST_ACTIVE_OUTLET,NH0049,007,1.981,ZCTA_NN;R6371;TIE_FIRST_LEX,ZCTA_NN_HAVERSINE;NOT_ELIGIBILITY;NOT_USPS_VALIDITY;NO_INVENTORY
03070,EXACT_IMLS_OUTLET_ZIP,NH0051,002,,EXACT_OUTLET;TIE_FSCSKEY_SEQ,EXACT_OUTLET;NOT_USPS_VALIDITY;NO_INVENTORY
03071,EXACT_IMLS_OUTLET_ZIP,NH0059,002,,EXACT_OUTLET;TIE_FSCSKEY_SEQ,EXACT_OUTLET;NOT_USPS_VALIDITY;NO_INVENTORY
03073,OBSERVED_REFERENCE_INDIRECT_ONLY,,,,INDIRECT_IMLS_SC;NO_FABRICATED_NEAREST,INDIRECT_IMLS_SC;NO_FABRICATED_NEAREST;NOT_REJECTED;NOT_USPS_VALIDITY;NO_INVENTORY
03076,EXACT_IMLS_OUTLET_ZIP,NH0073,002,,EXACT_OUTLET;TIE_FSCSKEY_SEQ,EXACT_OUTLET;NOT_USPS_VALIDITY;NO_INVENTORY
03077,EXACT_IMLS_OUTLET_ZIP,NH0085,002,,EXACT_OUTLET;TIE_FSCSKEY_SEQ,EXACT_OUTLET;NOT_USPS_VALIDITY;NO_INVENTORY
03079,EXACT_IMLS_OUTLET_ZIP,NH0093,002,,EXACT_OUTLET;TIE_FSCSKEY_SEQ,EXACT_OUTLET;NOT_USPS_VALIDITY;NO_INVENTORY
03082,EXACT_IMLS_OUTLET_ZIP,NH0032,002,,EXACT_OUTLET;TIE_FSCSKEY_SEQ,EXACT_OUTLET;NOT_USPS_VALIDITY;NO_INVENTORY
03084,EXACT_IMLS_OUTLET_ZIP,NH0122,002,,EXACT_OUTLET;TIE_FSCSKEY_SEQ,EXACT_OUTLET;NOT_USPS_VALIDITY;NO_INVENTORY
03086,EXACT_IMLS_OUTLET_ZIP,NH0144,002,,EXACT_OUTLET;TIE_FSCSKEY_SEQ,EXACT_OUTLET;NOT_USPS_VALIDITY;NO_INVENTORY
03087,EXACT_IMLS_OUTLET_ZIP,NH0147,002,,EXACT_OUTLET;TIE_FSCSKEY_SEQ,EXACT_OUTLET;NOT_USPS_VALIDITY;NO_INVENTORY
03101,ZCTA_NEAREST_ACTIVE_OUTLET,NH0035,006,0.659,ZCTA_NN;R6371;TIE_FIRST_LEX,ZCTA_NN_HAVERSINE;NOT_ELIGIBILITY;NOT_USPS_VALIDITY;NO_INVENTORY
03102,EXACT_IMLS_OUTLET_ZIP,NH0035,004,,EXACT_OUTLET;TIE_FSCSKEY_SEQ,EXACT_OUTLET;NOT_USPS_VALIDITY;NO_INVENTORY
03103,ZCTA_NEAREST_ACTIVE_OUTLET,NH0035,004,4.165,ZCTA_NN;R6371;TIE_FIRST_LEX,ZCTA_NN_HAVERSINE;NOT_ELIGIBILITY;NOT_USPS_VALIDITY;NO_INVENTORY
03104,EXACT_IMLS_OUTLET_ZIP,NH0035,006,,EXACT_OUTLET;TIE_FSCSKEY_SEQ,EXACT_OUTLET;NOT_USPS_VALIDITY;NO_INVENTORY
03105,OBSERVED_REFERENCE_INDIRECT_ONLY,,,,INDIRECT_IMLS_SC;NO_FABRICATED_NEAREST,INDIRECT_IMLS_SC;NO_FABRICATED_NEAREST;NOT_REJECTED;NOT_USPS_VALIDITY;NO_INVENTORY
03106,EXACT_IMLS_OUTLET_ZIP,NH0009,002,,EXACT_OUTLET;TIE_FSCSKEY_SEQ,EXACT_OUTLET;NOT_USPS_VALIDITY;NO_INVENTORY
03108,OBSERVED_REFERENCE_INDIRECT_ONLY,,,,INDIRECT_IMLS_SC;NO_FABRICATED_NEAREST,INDIRECT_IMLS_SC;NO_FABRICATED_NEAREST;NOT_REJECTED;NOT_USPS_VALIDITY;NO_INVENTORY
03109,ZCTA_NEAREST_ACTIVE_OUTLET,NH0035,006,5.750,ZCTA_NN;R6371;TIE_FIRST_LEX,ZCTA_NN_HAVERSINE;NOT_ELIGIBILITY;NOT_USPS_VALIDITY;NO_INVENTORY
03110,EXACT_IMLS_OUTLET_ZIP,NH0078,002,,EXACT_OUTLET;TIE_FSCSKEY_SEQ,EXACT_OUTLET;NOT_USPS_VALIDITY;NO_INVENTORY
03215,ZCTA_NEAREST_ACTIVE_OUTLET,NH0056,002,11.243,ZCTA_NN;R6371;TIE_FIRST_LEX,ZCTA_NN_HAVERSINE;NOT_ELIGIBILITY;NOT_USPS_VALIDITY;NO_INVENTORY
03216,EXACT_IMLS_OUTLET_ZIP,NH0196,004,,EXACT_OUTLET;TIE_FSCSKEY_SEQ,EXACT_OUTLET;NOT_USPS_VALIDITY;NO_INVENTORY
03217,EXACT_IMLS_OUTLET_ZIP,NH0240,002,,EXACT_OUTLET;TIE_FSCSKEY_SEQ,EXACT_OUTLET;NOT_USPS_VALIDITY;NO_INVENTORY
03218,ZCTA_NEAREST_ACTIVE_OUTLET,NH0034,002,1.073,ZCTA_NN;R6371;TIE_FIRST_LEX,ZCTA_NN_HAVERSINE;NOT_ELIGIBILITY;NOT_USPS_VALIDITY;NO_INVENTORY
03220,EXACT_IMLS_OUTLET_ZIP,NH0088,002,,EXACT_OUTLET;TIE_FSCSKEY_SEQ,EXACT_OUTLET;NOT_USPS_VALIDITY;NO_INVENTORY
03221,EXACT_IMLS_OUTLET_ZIP,NH0150,002,,EXACT_OUTLET;TIE_FSCSKEY_SEQ,EXACT_OUTLET;NOT_USPS_VALIDITY;NO_INVENTORY
03222,EXACT_IMLS_OUTLET_ZIP,NH0153,002,,EXACT_OUTLET;TIE_FSCSKEY_SEQ,EXACT_OUTLET;NOT_USPS_VALIDITY;NO_INVENTORY
03223,EXACT_IMLS_OUTLET_ZIP,NH0231,002,,EXACT_OUTLET;TIE_FSCSKEY_SEQ,EXACT_OUTLET;NOT_USPS_VALIDITY;NO_INVENTORY
03224,EXACT_IMLS_OUTLET_ZIP,NH0158,002,,EXACT_OUTLET;TIE_FSCSKEY_SEQ,EXACT_OUTLET;NOT_USPS_VALIDITY;NO_INVENTORY
03225,EXACT_IMLS_OUTLET_ZIP,NH0034,002,,EXACT_OUTLET;TIE_FSCSKEY_SEQ,EXACT_OUTLET;NOT_USPS_VALIDITY;NO_INVENTORY
03226,EXACT_IMLS_OUTLET_ZIP,NH0160,002,,EXACT_OUTLET;TIE_FSCSKEY_SEQ,EXACT_OUTLET;NOT_USPS_VALIDITY;NO_INVENTORY
03227,EXACT_IMLS_OUTLET_ZIP,NH0097,002,,EXACT_OUTLET;TIE_FSCSKEY_SEQ,EXACT_OUTLET;NOT_USPS_VALIDITY;NO_INVENTORY
03229,EXACT_IMLS_OUTLET_ZIP,NH0010,005,,EXACT_OUTLET;TIE_FSCSKEY_SEQ,EXACT_OUTLET;NOT_USPS_VALIDITY;NO_INVENTORY
03230,EXACT_IMLS_OUTLET_ZIP,NH0242,002,,EXACT_OUTLET;TIE_FSCSKEY_SEQ,EXACT_OUTLET;NOT_USPS_VALIDITY;NO_INVENTORY
03231,EXACT_IMLS_OUTLET_ZIP,NH0254,002,,EXACT_OUTLET;TIE_FSCSKEY_SEQ,EXACT_OUTLET;NOT_USPS_VALIDITY;NO_INVENTORY
03233,ZCTA_NEAREST_ACTIVE_OUTLET,NH0143,002,3.419,ZCTA_NN;R6371;TIE_FIRST_LEX,ZCTA_NN_HAVERSINE;NOT_ELIGIBILITY;NOT_USPS_VALIDITY;NO_INVENTORY
03234,EXACT_IMLS_OUTLET_ZIP,NH0189,002,,EXACT_OUTLET;TIE_FSCSKEY_SEQ,EXACT_OUTLET;NOT_USPS_VALIDITY;NO_INVENTORY
03235,EXACT_IMLS_OUTLET_ZIP,NH0197,002,,EXACT_OUTLET;TIE_FSCSKEY_SEQ,EXACT_OUTLET;NOT_USPS_VALIDITY;NO_INVENTORY
03237,EXACT_IMLS_OUTLET_ZIP,NH0202,002,,EXACT_OUTLET;TIE_FSCSKEY_SEQ,EXACT_OUTLET;NOT_USPS_VALIDITY;NO_INVENTORY
03238,ZCTA_NEAREST_ACTIVE_OUTLET,NH0134,002,7.029,ZCTA_NN;R6371;TIE_FIRST_LEX,ZCTA_NN_HAVERSINE;NOT_ELIGIBILITY;NOT_USPS_VALIDITY;NO_INVENTORY
03240,EXACT_IMLS_OUTLET_ZIP,NH0207,002,,EXACT_OUTLET;TIE_FSCSKEY_SEQ,EXACT_OUTLET;NOT_USPS_VALIDITY;NO_INVENTORY
03241,EXACT_IMLS_OUTLET_ZIP,NH0224,001,,EXACT_OUTLET;TIE_FSCSKEY_SEQ,EXACT_OUTLET;NOT_USPS_VALIDITY;NO_INVENTORY
03242,EXACT_IMLS_OUTLET_ZIP,NH0003,002,,EXACT_OUTLET;TIE_FSCSKEY_SEQ,EXACT_OUTLET;NOT_USPS_VALIDITY;NO_INVENTORY
03243,EXACT_IMLS_OUTLET_ZIP,NH0004,002,,EXACT_OUTLET;TIE_FSCSKEY_SEQ,EXACT_OUTLET;NOT_USPS_VALIDITY;NO_INVENTORY
03244,EXACT_IMLS_OUTLET_ZIP,NH0005,002,,EXACT_OUTLET;TIE_FSCSKEY_SEQ,EXACT_OUTLET;NOT_USPS_VALIDITY;NO_INVENTORY
03245,EXACT_IMLS_OUTLET_ZIP,NH0007,002,,EXACT_OUTLET;TIE_FSCSKEY_SEQ,EXACT_OUTLET;NOT_USPS_VALIDITY;NO_INVENTORY
03246,EXACT_IMLS_OUTLET_ZIP,NH0019,005,,EXACT_OUTLET;TIE_FSCSKEY_SEQ,EXACT_OUTLET;NOT_USPS_VALIDITY;NO_INVENTORY
03247,OBSERVED_REFERENCE_INDIRECT_ONLY,,,,INDIRECT_IMLS_SC;NO_FABRICATED_NEAREST,INDIRECT_IMLS_SC;NO_FABRICATED_NEAREST;NOT_REJECTED;NOT_USPS_VALIDITY;NO_INVENTORY
03249,EXACT_IMLS_OUTLET_ZIP,NH0200,002,,EXACT_OUTLET;TIE_FSCSKEY_SEQ,EXACT_OUTLET;NOT_USPS_VALIDITY;NO_INVENTORY
03251,EXACT_IMLS_OUTLET_ZIP,NH0025,002,,EXACT_OUTLET;TIE_FSCSKEY_SEQ,EXACT_OUTLET;NOT_USPS_VALIDITY;NO_INVENTORY
03252,OBSERVED_REFERENCE_INDIRECT_ONLY,,,,INDIRECT_IMLS_SC;NO_FABRICATED_NEAREST,INDIRECT_IMLS_SC;NO_FABRICATED_NEAREST;NOT_REJECTED;NOT_USPS_VALIDITY;NO_INVENTORY
03253,EXACT_IMLS_OUTLET_ZIP,NH0039,002,,EXACT_OUTLET;TIE_FSCSKEY_SEQ,EXACT_OUTLET;NOT_USPS_VALIDITY;NO_INVENTORY
03254,EXACT_IMLS_OUTLET_ZIP,NH0048,002,,EXACT_OUTLET;TIE_FSCSKEY_SEQ,EXACT_OUTLET;NOT_USPS_VALIDITY;NO_INVENTORY
03255,EXACT_IMLS_OUTLET_ZIP,NH0052,002,,EXACT_OUTLET;TIE_FSCSKEY_SEQ,EXACT_OUTLET;NOT_USPS_VALIDITY;NO_INVENTORY
03256,EXACT_IMLS_OUTLET_ZIP,NH0057,002,,EXACT_OUTLET;TIE_FSCSKEY_SEQ,EXACT_OUTLET;NOT_USPS_VALIDITY;NO_INVENTORY
03257,EXACT_IMLS_OUTLET_ZIP,NH0060,002,,EXACT_OUTLET;TIE_FSCSKEY_SEQ,EXACT_OUTLET;NOT_USPS_VALIDITY;NO_INVENTORY
03258,EXACT_IMLS_OUTLET_ZIP,NH0163,002,,EXACT_OUTLET;TIE_FSCSKEY_SEQ,EXACT_OUTLET;NOT_USPS_VALIDITY;NO_INVENTORY
03259,ZCTA_NEAREST_ACTIVE_OUTLET,NH0097,002,9.120,ZCTA_NN;R6371;TIE_FIRST_LEX,ZCTA_NN_HAVERSINE;NOT_ELIGIBILITY;NOT_USPS_VALIDITY;NO_INVENTORY
03260,ZCTA_NEAREST_ACTIVE_OUTLET,NH0232,002,4.600,ZCTA_NN;R6371;TIE_FIRST_LEX,ZCTA_NN_HAVERSINE;NOT_ELIGIBILITY;NOT_USPS_VALIDITY;NO_INVENTORY
03261,EXACT_IMLS_OUTLET_ZIP,NH0066,005,,EXACT_OUTLET;TIE_FSCSKEY_SEQ,EXACT_OUTLET;NOT_USPS_VALIDITY;NO_INVENTORY
03262,EXACT_IMLS_OUTLET_ZIP,NH0149,002,,EXACT_OUTLET;TIE_FSCSKEY_SEQ,EXACT_OUTLET;NOT_USPS_VALIDITY;NO_INVENTORY
03263,EXACT_IMLS_OUTLET_ZIP,NH0079,002,,EXACT_OUTLET;TIE_FSCSKEY_SEQ,EXACT_OUTLET;NOT_USPS_VALIDITY;NO_INVENTORY
03264,EXACT_IMLS_OUTLET_ZIP,NH0083,002,,EXACT_OUTLET;TIE_FSCSKEY_SEQ,EXACT_OUTLET;NOT_USPS_VALIDITY;NO_INVENTORY
03266,EXACT_IMLS_OUTLET_ZIP,NH0091,002,,EXACT_OUTLET;TIE_FSCSKEY_SEQ,EXACT_OUTLET;NOT_USPS_VALIDITY;NO_INVENTORY
03268,EXACT_IMLS_OUTLET_ZIP,NH0094,002,,EXACT_OUTLET;TIE_FSCSKEY_SEQ,EXACT_OUTLET;NOT_USPS_VALIDITY;NO_INVENTORY
03269,EXACT_IMLS_OUTLET_ZIP,NH0095,002,,EXACT_OUTLET;TIE_FSCSKEY_SEQ,EXACT_OUTLET;NOT_USPS_VALIDITY;NO_INVENTORY
03273,ZCTA_NEAREST_ACTIVE_OUTLET,NH0232,002,4.158,ZCTA_NN;R6371;TIE_FIRST_LEX,ZCTA_NN_HAVERSINE;NOT_ELIGIBILITY;NOT_USPS_VALIDITY;NO_INVENTORY
03275,EXACT_IMLS_OUTLET_ZIP,NH0074,002,,EXACT_OUTLET;TIE_FSCSKEY_SEQ,EXACT_OUTLET;NOT_USPS_VALIDITY;NO_INVENTORY
03276,EXACT_IMLS_OUTLET_ZIP,NH0124,002,,EXACT_OUTLET;TIE_FSCSKEY_SEQ,EXACT_OUTLET;NOT_USPS_VALIDITY;NO_INVENTORY
03278,EXACT_IMLS_OUTLET_ZIP,NH0133,002,,EXACT_OUTLET;TIE_FSCSKEY_SEQ,EXACT_OUTLET;NOT_USPS_VALIDITY;NO_INVENTORY
03279,EXACT_IMLS_OUTLET_ZIP,NH0134,002,,EXACT_OUTLET;TIE_FSCSKEY_SEQ,EXACT_OUTLET;NOT_USPS_VALIDITY;NO_INVENTORY
03280,EXACT_IMLS_OUTLET_ZIP,NH0135,002,,EXACT_OUTLET;TIE_FSCSKEY_SEQ,EXACT_OUTLET;NOT_USPS_VALIDITY;NO_INVENTORY
03281,EXACT_IMLS_OUTLET_ZIP,NH0137,002,,EXACT_OUTLET;TIE_FSCSKEY_SEQ,EXACT_OUTLET;NOT_USPS_VALIDITY;NO_INVENTORY
03282,EXACT_IMLS_OUTLET_ZIP,NH0139,002,,EXACT_OUTLET;TIE_FSCSKEY_SEQ,EXACT_OUTLET;NOT_USPS_VALIDITY;NO_INVENTORY
03284,EXACT_IMLS_OUTLET_ZIP,NH0103,002,,EXACT_OUTLET;TIE_FSCSKEY_SEQ,EXACT_OUTLET;NOT_USPS_VALIDITY;NO_INVENTORY
03285,EXACT_IMLS_OUTLET_ZIP,NH0123,002,,EXACT_OUTLET;TIE_FSCSKEY_SEQ,EXACT_OUTLET;NOT_USPS_VALIDITY;NO_INVENTORY
03287,EXACT_IMLS_OUTLET_ZIP,NH0143,002,,EXACT_OUTLET;TIE_FSCSKEY_SEQ,EXACT_OUTLET;NOT_USPS_VALIDITY;NO_INVENTORY
03289,OBSERVED_REFERENCE_INDIRECT_ONLY,,,,INDIRECT_IMLS_SC;NO_FABRICATED_NEAREST,INDIRECT_IMLS_SC;NO_FABRICATED_NEAREST;NOT_REJECTED;NOT_USPS_VALIDITY;NO_INVENTORY
03290,EXACT_IMLS_OUTLET_ZIP,NH0068,002,,EXACT_OUTLET;TIE_FSCSKEY_SEQ,EXACT_OUTLET;NOT_USPS_VALIDITY;NO_INVENTORY
03291,ZCTA_NEAREST_ACTIVE_OUTLET,NH0066,005,1.651,ZCTA_NN;R6371;TIE_FIRST_LEX,ZCTA_NN_HAVERSINE;NOT_ELIGIBILITY;NOT_USPS_VALIDITY;NO_INVENTORY
03293,ZCTA_NEAREST_ACTIVE_OUTLET,NH0149,002,6.230,ZCTA_NN;R6371;TIE_FIRST_LEX,ZCTA_NN_HAVERSINE;NOT_ELIGIBILITY;NOT_USPS_VALIDITY;NO_INVENTORY
03301,EXACT_IMLS_OUTLET_ZIP,NH0167,005,,EXACT_OUTLET;TIE_FSCSKEY_SEQ,EXACT_OUTLET;NOT_USPS_VALIDITY;NO_INVENTORY
03302,OBSERVED_REFERENCE_INDIRECT_ONLY,,,,INDIRECT_IMLS_SC;NO_FABRICATED_NEAREST,INDIRECT_IMLS_SC;NO_FABRICATED_NEAREST;NOT_REJECTED;NOT_USPS_VALIDITY;NO_INVENTORY
03303,EXACT_IMLS_OUTLET_ZIP,NH0131,005,,EXACT_OUTLET;TIE_FSCSKEY_SEQ,EXACT_OUTLET;NOT_USPS_VALIDITY;NO_INVENTORY
03304,EXACT_IMLS_OUTLET_ZIP,NH0142,002,,EXACT_OUTLET;TIE_FSCSKEY_SEQ,EXACT_OUTLET;NOT_USPS_VALIDITY;NO_INVENTORY
03307,EXACT_IMLS_OUTLET_ZIP,NH0030,002,,EXACT_OUTLET;TIE_FSCSKEY_SEQ,EXACT_OUTLET;NOT_USPS_VALIDITY;NO_INVENTORY
03431,EXACT_IMLS_OUTLET_ZIP,NH0016,002,,EXACT_OUTLET;TIE_FSCSKEY_SEQ,EXACT_OUTLET;NOT_USPS_VALIDITY;NO_INVENTORY
03435,OBSERVED_REFERENCE_INDIRECT_ONLY,,,,INDIRECT_IMLS_SC;NO_FABRICATED_NEAREST,INDIRECT_IMLS_SC;NO_FABRICATED_NEAREST;NOT_REJECTED;NOT_USPS_VALIDITY;NO_INVENTORY
03440,EXACT_IMLS_OUTLET_ZIP,NH0215,002,,EXACT_OUTLET;TIE_FSCSKEY_SEQ,EXACT_OUTLET;NOT_USPS_VALIDITY;NO_INVENTORY
03441,EXACT_IMLS_OUTLET_ZIP,NH0146,002,,EXACT_OUTLET;TIE_FSCSKEY_SEQ,EXACT_OUTLET;NOT_USPS_VALIDITY;NO_INVENTORY
03442,EXACT_IMLS_OUTLET_ZIP,NH0099,002,,EXACT_OUTLET;TIE_FSCSKEY_SEQ,EXACT_OUTLET;NOT_USPS_VALIDITY;NO_INVENTORY
03443,EXACT_IMLS_OUTLET_ZIP,NH0162,002,,EXACT_OUTLET;TIE_FSCSKEY_SEQ,EXACT_OUTLET;NOT_USPS_VALIDITY;NO_INVENTORY
03444,EXACT_IMLS_OUTLET_ZIP,NH0180,002,,EXACT_OUTLET;TIE_FSCSKEY_SEQ,EXACT_OUTLET;NOT_USPS_VALIDITY;NO_INVENTORY
03445,EXACT_IMLS_OUTLET_ZIP,NH0114,002,,EXACT_OUTLET;TIE_FSCSKEY_SEQ,EXACT_OUTLET;NOT_USPS_VALIDITY;NO_INVENTORY
03446,EXACT_IMLS_OUTLET_ZIP,NH0117,002,,EXACT_OUTLET;TIE_FSCSKEY_SEQ,EXACT_OUTLET;NOT_USPS_VALIDITY;NO_INVENTORY
03447,EXACT_IMLS_OUTLET_ZIP,NH0193,002,,EXACT_OUTLET;TIE_FSCSKEY_SEQ,EXACT_OUTLET;NOT_USPS_VALIDITY;NO_INVENTORY
03448,EXACT_IMLS_OUTLET_ZIP,NH0244,002,,EXACT_OUTLET;TIE_FSCSKEY_SEQ,EXACT_OUTLET;NOT_USPS_VALIDITY;NO_INVENTORY
03449,EXACT_IMLS_OUTLET_ZIP,NH0217,002,,EXACT_OUTLET;TIE_FSCSKEY_SEQ,EXACT_OUTLET;NOT_USPS_VALIDITY;NO_INVENTORY
03450,EXACT_IMLS_OUTLET_ZIP,NH0219,002,,EXACT_OUTLET;TIE_FSCSKEY_SEQ,EXACT_OUTLET;NOT_USPS_VALIDITY;NO_INVENTORY
03451,EXACT_IMLS_OUTLET_ZIP,NH0006,002,,EXACT_OUTLET;TIE_FSCSKEY_SEQ,EXACT_OUTLET;NOT_USPS_VALIDITY;NO_INVENTORY
03452,EXACT_IMLS_OUTLET_ZIP,NH0014,002,,EXACT_OUTLET;TIE_FSCSKEY_SEQ,EXACT_OUTLET;NOT_USPS_VALIDITY;NO_INVENTORY
03455,EXACT_IMLS_OUTLET_ZIP,NH0036,002,,EXACT_OUTLET;TIE_FSCSKEY_SEQ,EXACT_OUTLET;NOT_USPS_VALIDITY;NO_INVENTORY
03456,EXACT_IMLS_OUTLET_ZIP,NH0037,002,,EXACT_OUTLET;TIE_FSCSKEY_SEQ,EXACT_OUTLET;NOT_USPS_VALIDITY;NO_INVENTORY
03457,EXACT_IMLS_OUTLET_ZIP,NH0050,002,,EXACT_OUTLET;TIE_FSCSKEY_SEQ,EXACT_OUTLET;NOT_USPS_VALIDITY;NO_INVENTORY
03458,EXACT_IMLS_OUTLET_ZIP,NH0075,002,,EXACT_OUTLET;TIE_FSCSKEY_SEQ,EXACT_OUTLET;NOT_USPS_VALIDITY;NO_INVENTORY
03461,EXACT_IMLS_OUTLET_ZIP,NH0087,002,,EXACT_OUTLET;TIE_FSCSKEY_SEQ,EXACT_OUTLET;NOT_USPS_VALIDITY;NO_INVENTORY
03462,ZCTA_NEAREST_ACTIVE_OUTLET,NH0118,002,5.881,ZCTA_NN;R6371;TIE_FIRST_LEX,ZCTA_NN_HAVERSINE;NOT_ELIGIBILITY;NOT_USPS_VALIDITY;NO_INVENTORY
03464,EXACT_IMLS_OUTLET_ZIP,NH0106,002,,EXACT_OUTLET;TIE_FSCSKEY_SEQ,EXACT_OUTLET;NOT_USPS_VALIDITY;NO_INVENTORY
03465,EXACT_IMLS_OUTLET_ZIP,NH0125,002,,EXACT_OUTLET;TIE_FSCSKEY_SEQ,EXACT_OUTLET;NOT_USPS_VALIDITY;NO_INVENTORY
03466,ZCTA_NEAREST_ACTIVE_OUTLET,NH0162,002,3.157,ZCTA_NN;R6371;TIE_FIRST_LEX,ZCTA_NN_HAVERSINE;NOT_ELIGIBILITY;NOT_USPS_VALIDITY;NO_INVENTORY
03467,EXACT_IMLS_OUTLET_ZIP,NH0140,002,,EXACT_OUTLET;TIE_FSCSKEY_SEQ,EXACT_OUTLET;NOT_USPS_VALIDITY;NO_INVENTORY
03469,OBSERVED_REFERENCE_INDIRECT_ONLY,,,,INDIRECT_IMLS_SC;NO_FABRICATED_NEAREST,INDIRECT_IMLS_SC;NO_FABRICATED_NEAREST;NOT_REJECTED;NOT_USPS_VALIDITY;NO_INVENTORY
03470,EXACT_IMLS_OUTLET_ZIP,NH0086,002,,EXACT_OUTLET;TIE_FSCSKEY_SEQ,EXACT_OUTLET;NOT_USPS_VALIDITY;NO_INVENTORY
03561,EXACT_IMLS_OUTLET_ZIP,NH0028,002,,EXACT_OUTLET;TIE_FSCSKEY_SEQ,EXACT_OUTLET;NOT_USPS_VALIDITY;NO_INVENTORY
03570,EXACT_IMLS_OUTLET_ZIP,NH0110,002,,EXACT_OUTLET;TIE_FSCSKEY_SEQ,EXACT_OUTLET;NOT_USPS_VALIDITY;NO_INVENTORY
03574,EXACT_IMLS_OUTLET_ZIP,NH0121,003,,EXACT_OUTLET;TIE_FSCSKEY_SEQ,EXACT_OUTLET;NOT_USPS_VALIDITY;NO_INVENTORY
03575,ZCTA_NEAREST_ACTIVE_OUTLET,NH0247,002,11.784,ZCTA_NN;R6371;TIE_FIRST_LEX,ZCTA_NN_HAVERSINE;NOT_ELIGIBILITY;NOT_USPS_VALIDITY;NO_INVENTORY
03576,EXACT_IMLS_OUTLET_ZIP,NH0166,002,,EXACT_OUTLET;TIE_FSCSKEY_SEQ,EXACT_OUTLET;NOT_USPS_VALIDITY;NO_INVENTORY
03579,EXACT_IMLS_OUTLET_ZIP,NH0190,002,,EXACT_OUTLET;TIE_FSCSKEY_SEQ,EXACT_OUTLET;NOT_USPS_VALIDITY;NO_INVENTORY
03580,EXACT_IMLS_OUTLET_ZIP,NH0195,002,,EXACT_OUTLET;TIE_FSCSKEY_SEQ,EXACT_OUTLET;NOT_USPS_VALIDITY;NO_INVENTORY
03581,EXACT_IMLS_OUTLET_ZIP,NH0205,002,,EXACT_OUTLET;TIE_FSCSKEY_SEQ,EXACT_OUTLET;NOT_USPS_VALIDITY;NO_INVENTORY
03582,EXACT_IMLS_OUTLET_ZIP,NH0065,002,,EXACT_OUTLET;TIE_FSCSKEY_SEQ,EXACT_OUTLET;NOT_USPS_VALIDITY;NO_INVENTORY
03583,EXACT_IMLS_OUTLET_ZIP,NH0015,002,,EXACT_OUTLET;TIE_FSCSKEY_SEQ,EXACT_OUTLET;NOT_USPS_VALIDITY;NO_INVENTORY
03584,EXACT_IMLS_OUTLET_ZIP,NH0020,002,,EXACT_OUTLET;TIE_FSCSKEY_SEQ,EXACT_OUTLET;NOT_USPS_VALIDITY;NO_INVENTORY
03585,EXACT_IMLS_OUTLET_ZIP,NH0026,002,,EXACT_OUTLET;TIE_FSCSKEY_SEQ,EXACT_OUTLET;NOT_USPS_VALIDITY;NO_INVENTORY
03586,EXACT_IMLS_OUTLET_ZIP,NH0113,002,,EXACT_OUTLET;TIE_FSCSKEY_SEQ,EXACT_OUTLET;NOT_USPS_VALIDITY;NO_INVENTORY
03588,EXACT_IMLS_OUTLET_ZIP,NH0041,002,,EXACT_OUTLET;TIE_FSCSKEY_SEQ,EXACT_OUTLET;NOT_USPS_VALIDITY;NO_INVENTORY
03590,EXACT_IMLS_OUTLET_ZIP,NH0111,002,,EXACT_OUTLET;TIE_FSCSKEY_SEQ,EXACT_OUTLET;NOT_USPS_VALIDITY;NO_INVENTORY
03592,EXACT_IMLS_OUTLET_ZIP,NH0077,002,,EXACT_OUTLET;TIE_FSCSKEY_SEQ,EXACT_OUTLET;NOT_USPS_VALIDITY;NO_INVENTORY
03593,EXACT_IMLS_OUTLET_ZIP,NH0247,002,,EXACT_OUTLET;TIE_FSCSKEY_SEQ,EXACT_OUTLET;NOT_USPS_VALIDITY;NO_INVENTORY
03595,EXACT_IMLS_OUTLET_ZIP,NH0159,002,,EXACT_OUTLET;TIE_FSCSKEY_SEQ,EXACT_OUTLET;NOT_USPS_VALIDITY;NO_INVENTORY
03597,ZCTA_NEAREST_ACTIVE_OUTLET,VT0067,002,16.936,ZCTA_NN;R6371;TIE_FIRST_LEX,ZCTA_NN_HAVERSINE;NOT_ELIGIBILITY;NOT_USPS_VALIDITY;NO_INVENTORY
03598,EXACT_IMLS_OUTLET_ZIP,NH0141,002,,EXACT_OUTLET;TIE_FSCSKEY_SEQ,EXACT_OUTLET;NOT_USPS_VALIDITY;NO_INVENTORY
03601,EXACT_IMLS_OUTLET_ZIP,NH0237,002,,EXACT_OUTLET;TIE_FSCSKEY_SEQ,EXACT_OUTLET;NOT_USPS_VALIDITY;NO_INVENTORY
03602,EXACT_IMLS_OUTLET_ZIP,NH0165,002,,EXACT_OUTLET;TIE_FSCSKEY_SEQ,EXACT_OUTLET;NOT_USPS_VALIDITY;NO_INVENTORY
03603,EXACT_IMLS_OUTLET_ZIP,NH0127,002,,EXACT_OUTLET;TIE_FSCSKEY_SEQ,EXACT_OUTLET;NOT_USPS_VALIDITY;NO_INVENTORY
03604,ZCTA_NEAREST_ACTIVE_OUTLET,NH0165,002,2.962,ZCTA_NN;R6371;TIE_FIRST_LEX,ZCTA_NN_HAVERSINE;NOT_ELIGIBILITY;NOT_USPS_VALIDITY;NO_INVENTORY
03605,EXACT_IMLS_OUTLET_ZIP,NH0024,002,,EXACT_OUTLET;TIE_FSCSKEY_SEQ,EXACT_OUTLET;NOT_USPS_VALIDITY;NO_INVENTORY
03607,ZCTA_NEAREST_ACTIVE_OUTLET,NH0237,002,3.306,ZCTA_NN;R6371;TIE_FIRST_LEX,ZCTA_NN_HAVERSINE;NOT_ELIGIBILITY;NOT_USPS_VALIDITY;NO_INVENTORY
03608,EXACT_IMLS_OUTLET_ZIP,NH0132,005,,EXACT_OUTLET;TIE_FSCSKEY_SEQ,EXACT_OUTLET;NOT_USPS_VALIDITY;NO_INVENTORY
03609,EXACT_IMLS_OUTLET_ZIP,NH0132,004,,EXACT_OUTLET;TIE_FSCSKEY_SEQ,EXACT_OUTLET;NOT_USPS_VALIDITY;NO_INVENTORY
03740,EXACT_IMLS_OUTLET_ZIP,NH0067,002,,EXACT_OUTLET;TIE_FSCSKEY_SEQ,EXACT_OUTLET;NOT_USPS_VALIDITY;NO_INVENTORY
03741,EXACT_IMLS_OUTLET_ZIP,NH0156,002,,EXACT_OUTLET;TIE_FSCSKEY_SEQ,EXACT_OUTLET;NOT_USPS_VALIDITY;NO_INVENTORY
03743,EXACT_IMLS_OUTLET_ZIP,NH0164,002,,EXACT_OUTLET;TIE_FSCSKEY_SEQ,EXACT_OUTLET;NOT_USPS_VALIDITY;NO_INVENTORY
03745,ZCTA_NEAREST_ACTIVE_OUTLET,NH0170,002,3.822,ZCTA_NN;R6371;TIE_FIRST_LEX,ZCTA_NN_HAVERSINE;NOT_ELIGIBILITY;NOT_USPS_VALIDITY;NO_INVENTORY
03746,EXACT_IMLS_OUTLET_ZIP,NH0170,002,,EXACT_OUTLET;TIE_FSCSKEY_SEQ,EXACT_OUTLET;NOT_USPS_VALIDITY;NO_INVENTORY
03748,EXACT_IMLS_OUTLET_ZIP,NH0187,002,,EXACT_OUTLET;TIE_FSCSKEY_SEQ,EXACT_OUTLET;NOT_USPS_VALIDITY;NO_INVENTORY
03750,EXACT_IMLS_OUTLET_ZIP,NH0243,002,,EXACT_OUTLET;TIE_FSCSKEY_SEQ,EXACT_OUTLET;NOT_USPS_VALIDITY;NO_INVENTORY
03751,ZCTA_NEAREST_ACTIVE_OUTLET,NH0115,002,5.464,ZCTA_NN;R6371;TIE_FIRST_LEX,ZCTA_NN_HAVERSINE;NOT_ELIGIBILITY;NOT_USPS_VALIDITY;NO_INVENTORY
03752,EXACT_IMLS_OUTLET_ZIP,NH0206,002,,EXACT_OUTLET;TIE_FSCSKEY_SEQ,EXACT_OUTLET;NOT_USPS_VALIDITY;NO_INVENTORY
03753,EXACT_IMLS_OUTLET_ZIP,NH0208,002,,EXACT_OUTLET;TIE_FSCSKEY_SEQ,EXACT_OUTLET;NOT_USPS_VALIDITY;NO_INVENTORY
03754,OBSERVED_REFERENCE_INDIRECT_ONLY,,,,INDIRECT_IMLS_SC;NO_FABRICATED_NEAREST,INDIRECT_IMLS_SC;NO_FABRICATED_NEAREST;NOT_REJECTED;NOT_USPS_VALIDITY;NO_INVENTORY
03755,EXACT_IMLS_OUTLET_ZIP,NH0218,002,,EXACT_OUTLET;TIE_FSCSKEY_SEQ,EXACT_OUTLET;NOT_USPS_VALIDITY;NO_INVENTORY
03756,OBSERVED_REFERENCE_INDIRECT_ONLY,,,,INDIRECT_IMLS_SC;NO_FABRICATED_NEAREST,INDIRECT_IMLS_SC;NO_FABRICATED_NEAREST;NOT_REJECTED;NOT_USPS_VALIDITY;NO_INVENTORY
03765,EXACT_IMLS_OUTLET_ZIP,NH0223,002,,EXACT_OUTLET;TIE_FSCSKEY_SEQ,EXACT_OUTLET;NOT_USPS_VALIDITY;NO_INVENTORY
03766,EXACT_IMLS_OUTLET_ZIP,NH0021,003,,EXACT_OUTLET;TIE_FSCSKEY_SEQ,EXACT_OUTLET;NOT_USPS_VALIDITY;NO_INVENTORY
03768,EXACT_IMLS_OUTLET_ZIP,NH0031,002,,EXACT_OUTLET;TIE_FSCSKEY_SEQ,EXACT_OUTLET;NOT_USPS_VALIDITY;NO_INVENTORY
03769,OBSERVED_REFERENCE_INDIRECT_ONLY,,,,INDIRECT_IMLS_SC;NO_FABRICATED_NEAREST,INDIRECT_IMLS_SC;NO_FABRICATED_NEAREST;NOT_REJECTED;NOT_USPS_VALIDITY;NO_INVENTORY
03770,EXACT_IMLS_OUTLET_ZIP,NH0080,003,,EXACT_OUTLET;TIE_FSCSKEY_SEQ,EXACT_OUTLET;NOT_USPS_VALIDITY;NO_INVENTORY
03771,EXACT_IMLS_OUTLET_ZIP,NH0046,002,,EXACT_OUTLET;TIE_FSCSKEY_SEQ,EXACT_OUTLET;NOT_USPS_VALIDITY;NO_INVENTORY
03773,EXACT_IMLS_OUTLET_ZIP,NH0062,002,,EXACT_OUTLET;TIE_FSCSKEY_SEQ,EXACT_OUTLET;NOT_USPS_VALIDITY;NO_INVENTORY
03774,EXACT_IMLS_OUTLET_ZIP,NH0221,002,,EXACT_OUTLET;TIE_FSCSKEY_SEQ,EXACT_OUTLET;NOT_USPS_VALIDITY;NO_INVENTORY
03777,EXACT_IMLS_OUTLET_ZIP,NH0071,002,,EXACT_OUTLET;TIE_FSCSKEY_SEQ,EXACT_OUTLET;NOT_USPS_VALIDITY;NO_INVENTORY
03779,EXACT_IMLS_OUTLET_ZIP,NH0076,002,,EXACT_OUTLET;TIE_FSCSKEY_SEQ,EXACT_OUTLET;NOT_USPS_VALIDITY;NO_INVENTORY
03780,ZCTA_NEAREST_ACTIVE_OUTLET,NH0223,002,5.702,ZCTA_NN;R6371;TIE_FIRST_LEX,ZCTA_NN_HAVERSINE;NOT_ELIGIBILITY;NOT_USPS_VALIDITY;NO_INVENTORY
03781,EXACT_IMLS_OUTLET_ZIP,NH0080,002,,EXACT_OUTLET;TIE_FSCSKEY_SEQ,EXACT_OUTLET;NOT_USPS_VALIDITY;NO_INVENTORY
03782,EXACT_IMLS_OUTLET_ZIP,NH0115,002,,EXACT_OUTLET;TIE_FSCSKEY_SEQ,EXACT_OUTLET;NOT_USPS_VALIDITY;NO_INVENTORY
03784,EXACT_IMLS_OUTLET_ZIP,NH0021,002,,EXACT_OUTLET;TIE_FSCSKEY_SEQ,EXACT_OUTLET;NOT_USPS_VALIDITY;NO_INVENTORY
03785,EXACT_IMLS_OUTLET_ZIP,NH0220,002,,EXACT_OUTLET;TIE_FSCSKEY_SEQ,EXACT_OUTLET;NOT_USPS_VALIDITY;NO_INVENTORY
03801,EXACT_IMLS_OUTLET_ZIP,NH0058,002,,EXACT_OUTLET;TIE_FSCSKEY_SEQ,EXACT_OUTLET;NOT_USPS_VALIDITY;NO_INVENTORY
03802,OBSERVED_REFERENCE_INDIRECT_ONLY,,,,INDIRECT_IMLS_SC;NO_FABRICATED_NEAREST,INDIRECT_IMLS_SC;NO_FABRICATED_NEAREST;NOT_REJECTED;NOT_USPS_VALIDITY;NO_INVENTORY
03804,OBSERVED_REFERENCE_INDIRECT_ONLY,,,,INDIRECT_IMLS_SC;NO_FABRICATED_NEAREST,INDIRECT_IMLS_SC;NO_FABRICATED_NEAREST;NOT_REJECTED;NOT_USPS_VALIDITY;NO_INVENTORY
03809,EXACT_IMLS_OUTLET_ZIP,NH0174,002,,EXACT_OUTLET;TIE_FSCSKEY_SEQ,EXACT_OUTLET;NOT_USPS_VALIDITY;NO_INVENTORY
03810,ZCTA_NEAREST_ACTIVE_OUTLET,NH0174,002,8.788,ZCTA_NN;R6371;TIE_FIRST_LEX,ZCTA_NN_HAVERSINE;NOT_ELIGIBILITY;NOT_USPS_VALIDITY;NO_INVENTORY
03811,EXACT_IMLS_OUTLET_ZIP,NH0012,002,,EXACT_OUTLET;TIE_FSCSKEY_SEQ,EXACT_OUTLET;NOT_USPS_VALIDITY;NO_INVENTORY
03812,EXACT_IMLS_OUTLET_ZIP,NH0056,002,,EXACT_OUTLET;TIE_FSCSKEY_SEQ,EXACT_OUTLET;NOT_USPS_VALIDITY;NO_INVENTORY
03813,ZCTA_NEAREST_ACTIVE_OUTLET,NH0169,002,9.828,ZCTA_NN;R6371;TIE_FIRST_LEX,ZCTA_NN_HAVERSINE;NOT_ELIGIBILITY;NOT_USPS_VALIDITY;NO_INVENTORY
03814,EXACT_IMLS_OUTLET_ZIP,NH0072,002,,EXACT_OUTLET;TIE_FSCSKEY_SEQ,EXACT_OUTLET;NOT_USPS_VALIDITY;NO_INVENTORY
03816,EXACT_IMLS_OUTLET_ZIP,NH0126,004,,EXACT_OUTLET;TIE_FSCSKEY_SEQ,EXACT_OUTLET;NOT_USPS_VALIDITY;NO_INVENTORY
03817,EXACT_IMLS_OUTLET_ZIP,NH0239,002,,EXACT_OUTLET;TIE_FSCSKEY_SEQ,EXACT_OUTLET;NOT_USPS_VALIDITY;NO_INVENTORY
03818,EXACT_IMLS_OUTLET_ZIP,NH0168,002,,EXACT_OUTLET;TIE_FSCSKEY_SEQ,EXACT_OUTLET;NOT_USPS_VALIDITY;NO_INVENTORY
03819,EXACT_IMLS_OUTLET_ZIP,NH0172,002,,EXACT_OUTLET;TIE_FSCSKEY_SEQ,EXACT_OUTLET;NOT_USPS_VALIDITY;NO_INVENTORY
03820,EXACT_IMLS_OUTLET_ZIP,NH0179,002,,EXACT_OUTLET;TIE_FSCSKEY_SEQ,EXACT_OUTLET;NOT_USPS_VALIDITY;NO_INVENTORY
03821,OBSERVED_REFERENCE_INDIRECT_ONLY,,,,INDIRECT_IMLS_SC;NO_FABRICATED_NEAREST,INDIRECT_IMLS_SC;NO_FABRICATED_NEAREST;NOT_REJECTED;NOT_USPS_VALIDITY;NO_INVENTORY
03823,EXACT_IMLS_OUTLET_ZIP,NH0253,001,,EXACT_OUTLET;TIE_FSCSKEY_SEQ,EXACT_OUTLET;NOT_USPS_VALIDITY;NO_INVENTORY
03824,EXACT_IMLS_OUTLET_ZIP,NH0182,002,,EXACT_OUTLET;TIE_FSCSKEY_SEQ,EXACT_OUTLET;NOT_USPS_VALIDITY;NO_INVENTORY
03825,EXACT_IMLS_OUTLET_ZIP,NH0045,002,,EXACT_OUTLET;TIE_FSCSKEY_SEQ,EXACT_OUTLET;NOT_USPS_VALIDITY;NO_INVENTORY
03826,ZCTA_NEAREST_ACTIVE_OUTLET,NH0172,002,2.814,ZCTA_NN;R6371;TIE_FIRST_LEX,ZCTA_NN_HAVERSINE;NOT_ELIGIBILITY;NOT_USPS_VALIDITY;NO_INVENTORY
03827,EXACT_IMLS_OUTLET_ZIP,NH0102,002,,EXACT_OUTLET;TIE_FSCSKEY_SEQ,EXACT_OUTLET;NOT_USPS_VALIDITY;NO_INVENTORY
03830,ZCTA_NEAREST_ACTIVE_OUTLET,NH0128,003,6.049,ZCTA_NN;R6371;TIE_FIRST_LEX,ZCTA_NN_HAVERSINE;NOT_ELIGIBILITY;NOT_USPS_VALIDITY;NO_INVENTORY
03832,ZCTA_NEAREST_ACTIVE_OUTLET,NH0033,002,8.901,ZCTA_NN;R6371;TIE_FIRST_LEX,ZCTA_NN_HAVERSINE;NOT_ELIGIBILITY;NOT_USPS_VALIDITY;NO_INVENTORY
03833,EXACT_IMLS_OUTLET_ZIP,NH0017,002,,EXACT_OUTLET;TIE_FSCSKEY_SEQ,EXACT_OUTLET;NOT_USPS_VALIDITY;NO_INVENTORY
03835,EXACT_IMLS_OUTLET_ZIP,NH0192,002,,EXACT_OUTLET;TIE_FSCSKEY_SEQ,EXACT_OUTLET;NOT_USPS_VALIDITY;NO_INVENTORY
03836,EXACT_IMLS_OUTLET_ZIP,NH0198,002,,EXACT_OUTLET;TIE_FSCSKEY_SEQ,EXACT_OUTLET;NOT_USPS_VALIDITY;NO_INVENTORY
03837,EXACT_IMLS_OUTLET_ZIP,NH0251,001,,EXACT_OUTLET;TIE_FSCSKEY_SEQ,EXACT_OUTLET;NOT_USPS_VALIDITY;NO_INVENTORY
03838,ZCTA_NEAREST_ACTIVE_OUTLET,NH0013,002,4.710,ZCTA_NN;R6371;TIE_FIRST_LEX,ZCTA_NN_HAVERSINE;NOT_ELIGIBILITY;NOT_USPS_VALIDITY;NO_INVENTORY
03839,ZCTA_NEAREST_ACTIVE_OUTLET,NH0089,002,3.856,ZCTA_NN;R6371;TIE_FIRST_LEX,ZCTA_NN_HAVERSINE;NOT_ELIGIBILITY;NOT_USPS_VALIDITY;NO_INVENTORY
03840,EXACT_IMLS_OUTLET_ZIP,NH0210,002,,EXACT_OUTLET;TIE_FSCSKEY_SEQ,EXACT_OUTLET;NOT_USPS_VALIDITY;NO_INVENTORY
03841,EXACT_IMLS_OUTLET_ZIP,NH0213,002,,EXACT_OUTLET;TIE_FSCSKEY_SEQ,EXACT_OUTLET;NOT_USPS_VALIDITY;NO_INVENTORY
03842,EXACT_IMLS_OUTLET_ZIP,NH0214,002,,EXACT_OUTLET;TIE_FSCSKEY_SEQ,EXACT_OUTLET;NOT_USPS_VALIDITY;NO_INVENTORY
03843,OBSERVED_REFERENCE_INDIRECT_ONLY,,,,INDIRECT_IMLS_SC;NO_FABRICATED_NEAREST,INDIRECT_IMLS_SC;NO_FABRICATED_NEAREST;NOT_REJECTED;NOT_USPS_VALIDITY;NO_INVENTORY
03844,EXACT_IMLS_OUTLET_ZIP,NH0216,002,,EXACT_OUTLET;TIE_FSCSKEY_SEQ,EXACT_OUTLET;NOT_USPS_VALIDITY;NO_INVENTORY
03845,ZCTA_NEAREST_ACTIVE_OUTLET,NH0169,002,5.149,ZCTA_NN;R6371;TIE_FIRST_LEX,ZCTA_NN_HAVERSINE;NOT_ELIGIBILITY;NOT_USPS_VALIDITY;NO_INVENTORY
03846,EXACT_IMLS_OUTLET_ZIP,NH0013,002,,EXACT_OUTLET;TIE_FSCSKEY_SEQ,EXACT_OUTLET;NOT_USPS_VALIDITY;NO_INVENTORY
03847,ZCTA_NEAREST_ACTIVE_OUTLET,NH0169,002,2.028,ZCTA_NN;R6371;TIE_FIRST_LEX,ZCTA_NN_HAVERSINE;NOT_ELIGIBILITY;NOT_USPS_VALIDITY;NO_INVENTORY
03848,EXACT_IMLS_OUTLET_ZIP,NH0018,002,,EXACT_OUTLET;TIE_FSCSKEY_SEQ,EXACT_OUTLET;NOT_USPS_VALIDITY;NO_INVENTORY
03849,EXACT_IMLS_OUTLET_ZIP,NH0033,002,,EXACT_OUTLET;TIE_FSCSKEY_SEQ,EXACT_OUTLET;NOT_USPS_VALIDITY;NO_INVENTORY
03850,ZCTA_NEAREST_ACTIVE_OUTLET,NH0126,004,5.224,ZCTA_NN;R6371;TIE_FIRST_LEX,ZCTA_NN_HAVERSINE;NOT_ELIGIBILITY;NOT_USPS_VALIDITY;NO_INVENTORY
03851,EXACT_IMLS_OUTLET_ZIP,NH0043,002,,EXACT_OUTLET;TIE_FSCSKEY_SEQ,EXACT_OUTLET;NOT_USPS_VALIDITY;NO_INVENTORY
03852,EXACT_IMLS_OUTLET_ZIP,NH0044,002,,EXACT_OUTLET;TIE_FSCSKEY_SEQ,EXACT_OUTLET;NOT_USPS_VALIDITY;NO_INVENTORY
03853,ZCTA_NEAREST_ACTIVE_OUTLET,NH0126,004,4.613,ZCTA_NN;R6371;TIE_FIRST_LEX,ZCTA_NN_HAVERSINE;NOT_ELIGIBILITY;NOT_USPS_VALIDITY;NO_INVENTORY
03854,EXACT_IMLS_OUTLET_ZIP,NH0053,002,,EXACT_OUTLET;TIE_FSCSKEY_SEQ,EXACT_OUTLET;NOT_USPS_VALIDITY;NO_INVENTORY
03855,EXACT_IMLS_OUTLET_ZIP,NH0054,002,,EXACT_OUTLET;TIE_FSCSKEY_SEQ,EXACT_OUTLET;NOT_USPS_VALIDITY;NO_INVENTORY
03856,EXACT_IMLS_OUTLET_ZIP,NH0055,002,,EXACT_OUTLET;TIE_FSCSKEY_SEQ,EXACT_OUTLET;NOT_USPS_VALIDITY;NO_INVENTORY
03857,EXACT_IMLS_OUTLET_ZIP,NH0061,002,,EXACT_OUTLET;TIE_FSCSKEY_SEQ,EXACT_OUTLET;NOT_USPS_VALIDITY;NO_INVENTORY
03858,EXACT_IMLS_OUTLET_ZIP,NH0063,002,,EXACT_OUTLET;TIE_FSCSKEY_SEQ,EXACT_OUTLET;NOT_USPS_VALIDITY;NO_INVENTORY
03859,OBSERVED_REFERENCE_INDIRECT_ONLY,,,,INDIRECT_IMLS_SC;NO_FABRICATED_NEAREST,INDIRECT_IMLS_SC;NO_FABRICATED_NEAREST;NOT_REJECTED;NOT_USPS_VALIDITY;NO_INVENTORY
03860,EXACT_IMLS_OUTLET_ZIP,NH0169,002,,EXACT_OUTLET;TIE_FSCSKEY_SEQ,EXACT_OUTLET;NOT_USPS_VALIDITY;NO_INVENTORY
03861,EXACT_IMLS_OUTLET_ZIP,NH0022,002,,EXACT_OUTLET;TIE_FSCSKEY_SEQ,EXACT_OUTLET;NOT_USPS_VALIDITY;NO_INVENTORY
03862,EXACT_IMLS_OUTLET_ZIP,NH0064,002,,EXACT_OUTLET;TIE_FSCSKEY_SEQ,EXACT_OUTLET;NOT_USPS_VALIDITY;NO_INVENTORY
03864,ZCTA_NEAREST_ACTIVE_OUTLET,NH0072,002,8.141,ZCTA_NN;R6371;TIE_FIRST_LEX,ZCTA_NN_HAVERSINE;NOT_ELIGIBILITY;NOT_USPS_VALIDITY;NO_INVENTORY
03865,EXACT_IMLS_OUTLET_ZIP,NH0082,002,,EXACT_OUTLET;TIE_FSCSKEY_SEQ,EXACT_OUTLET;NOT_USPS_VALIDITY;NO_INVENTORY
03866,OBSERVED_REFERENCE_INDIRECT_ONLY,,,,INDIRECT_IMLS_SC;NO_FABRICATED_NEAREST,INDIRECT_IMLS_SC;NO_FABRICATED_NEAREST;NOT_REJECTED;NOT_USPS_VALIDITY;NO_INVENTORY
03867,EXACT_IMLS_OUTLET_ZIP,NH0089,002,,EXACT_OUTLET;TIE_FSCSKEY_SEQ,EXACT_OUTLET;NOT_USPS_VALIDITY;NO_INVENTORY
03868,EXACT_IMLS_OUTLET_ZIP,NH0090,003,,EXACT_OUTLET;TIE_FSCSKEY_SEQ,EXACT_OUTLET;NOT_USPS_VALIDITY;NO_INVENTORY
03869,EXACT_IMLS_OUTLET_ZIP,NH0255,001,,EXACT_OUTLET;TIE_FSCSKEY_SEQ,EXACT_OUTLET;NOT_USPS_VALIDITY;NO_INVENTORY
03870,EXACT_IMLS_OUTLET_ZIP,NH0092,002,,EXACT_OUTLET;TIE_FSCSKEY_SEQ,EXACT_OUTLET;NOT_USPS_VALIDITY;NO_INVENTORY
03871,ZCTA_NEAREST_ACTIVE_OUTLET,NH0092,002,3.409,ZCTA_NN;R6371;TIE_FIRST_LEX,ZCTA_NN_HAVERSINE;NOT_ELIGIBILITY;NOT_USPS_VALIDITY;NO_INVENTORY
03872,EXACT_IMLS_OUTLET_ZIP,NH0128,003,,EXACT_OUTLET;TIE_FSCSKEY_SEQ,EXACT_OUTLET;NOT_USPS_VALIDITY;NO_INVENTORY
03873,EXACT_IMLS_OUTLET_ZIP,NH0096,002,,EXACT_OUTLET;TIE_FSCSKEY_SEQ,EXACT_OUTLET;NOT_USPS_VALIDITY;NO_INVENTORY
03874,EXACT_IMLS_OUTLET_ZIP,NH0098,002,,EXACT_OUTLET;TIE_FSCSKEY_SEQ,EXACT_OUTLET;NOT_USPS_VALIDITY;NO_INVENTORY
03875,ZCTA_NEAREST_ACTIVE_OUTLET,NH0033,002,3.020,ZCTA_NN;R6371;TIE_FIRST_LEX,ZCTA_NN_HAVERSINE;NOT_ELIGIBILITY;NOT_USPS_VALIDITY;NO_INVENTORY
03878,EXACT_IMLS_OUTLET_ZIP,NH0101,002,,EXACT_OUTLET;TIE_FSCSKEY_SEQ,EXACT_OUTLET;NOT_USPS_VALIDITY;NO_INVENTORY
03882,EXACT_IMLS_OUTLET_ZIP,NH0186,002,,EXACT_OUTLET;TIE_FSCSKEY_SEQ,EXACT_OUTLET;NOT_USPS_VALIDITY;NO_INVENTORY
03883,ZCTA_NEAREST_ACTIVE_OUTLET,NH0238,002,7.125,ZCTA_NN;R6371;TIE_FIRST_LEX,ZCTA_NN_HAVERSINE;NOT_ELIGIBILITY;NOT_USPS_VALIDITY;NO_INVENTORY
03884,EXACT_IMLS_OUTLET_ZIP,NH0107,002,,EXACT_OUTLET;TIE_FSCSKEY_SEQ,EXACT_OUTLET;NOT_USPS_VALIDITY;NO_INVENTORY
03885,EXACT_IMLS_OUTLET_ZIP,NH0112,002,,EXACT_OUTLET;TIE_FSCSKEY_SEQ,EXACT_OUTLET;NOT_USPS_VALIDITY;NO_INVENTORY
03886,EXACT_IMLS_OUTLET_ZIP,NH0238,002,,EXACT_OUTLET;TIE_FSCSKEY_SEQ,EXACT_OUTLET;NOT_USPS_VALIDITY;NO_INVENTORY
03887,ZCTA_NEAREST_ACTIVE_OUTLET,NH0129,002,8.575,ZCTA_NN;R6371;TIE_FIRST_LEX,ZCTA_NN_HAVERSINE;NOT_ELIGIBILITY;NOT_USPS_VALIDITY;NO_INVENTORY
03890,ZCTA_NEAREST_ACTIVE_OUTLET,NH0238,002,6.738,ZCTA_NN;R6371;TIE_FIRST_LEX,ZCTA_NN_HAVERSINE;NOT_ELIGIBILITY;NOT_USPS_VALIDITY;NO_INVENTORY
03894,EXACT_IMLS_OUTLET_ZIP,NH0148,002,,EXACT_OUTLET;TIE_FSCSKEY_SEQ,EXACT_OUTLET;NOT_USPS_VALIDITY;NO_INVENTORY
03896,OBSERVED_REFERENCE_INDIRECT_ONLY,,,,INDIRECT_IMLS_SC;NO_FABRICATED_NEAREST,INDIRECT_IMLS_SC;NO_FABRICATED_NEAREST;NOT_REJECTED;NOT_USPS_VALIDITY;NO_INVENTORY
03897,ZCTA_NEAREST_ACTIVE_OUTLET,NH0238,002,7.200,ZCTA_NN;R6371;TIE_FIRST_LEX,ZCTA_NN_HAVERSINE;NOT_ELIGIBILITY;NOT_USPS_VALIDITY;NO_INVENTORY
03901,EXACT_IMLS_OUTLET_ZIP,ME0251,002,,EXACT_OUTLET;TIE_FSCSKEY_SEQ,EXACT_OUTLET;NOT_USPS_VALIDITY;NO_INVENTORY
03902,ZCTA_NEAREST_ACTIVE_OUTLET,ME0284,002,4.161,ZCTA_NN;R6371;TIE_FIRST_LEX,ZCTA_NN_HAVERSINE;NOT_ELIGIBILITY;NOT_USPS_VALIDITY;NO_INVENTORY
03903,EXACT_IMLS_OUTLET_ZIP,ME0070,002,,EXACT_OUTLET;TIE_FSCSKEY_SEQ,EXACT_OUTLET;NOT_USPS_VALIDITY;NO_INVENTORY
03904,EXACT_IMLS_OUTLET_ZIP,ME0117,002,,EXACT_OUTLET;TIE_FSCSKEY_SEQ,EXACT_OUTLET;NOT_USPS_VALIDITY;NO_INVENTORY
03905,ZCTA_NEAREST_ACTIVE_OUTLET,NH0053,002,11.308,ZCTA_NN;R6371;TIE_FIRST_LEX,ZCTA_NN_HAVERSINE;NOT_ELIGIBILITY;NOT_USPS_VALIDITY;NO_INVENTORY
03906,EXACT_IMLS_OUTLET_ZIP,ME0154,002,,EXACT_OUTLET;TIE_FSCSKEY_SEQ,EXACT_OUTLET;NOT_USPS_VALIDITY;NO_INVENTORY
03907,EXACT_IMLS_OUTLET_ZIP,ME0284,002,,EXACT_OUTLET;TIE_FSCSKEY_SEQ,EXACT_OUTLET;NOT_USPS_VALIDITY;NO_INVENTORY
03908,EXACT_IMLS_OUTLET_ZIP,ME0197,002,,EXACT_OUTLET;TIE_FSCSKEY_SEQ,EXACT_OUTLET;NOT_USPS_VALIDITY;NO_INVENTORY
03909,EXACT_IMLS_OUTLET_ZIP,ME0238,002,,EXACT_OUTLET;TIE_FSCSKEY_SEQ,EXACT_OUTLET;NOT_USPS_VALIDITY;NO_INVENTORY
03910,ZCTA_NEAREST_ACTIVE_OUTLET,ME0238,002,4.495,ZCTA_NN;R6371;TIE_FIRST_LEX,ZCTA_NN_HAVERSINE;NOT_ELIGIBILITY;NOT_USPS_VALIDITY;NO_INVENTORY
03911,ZCTA_NEAREST_ACTIVE_OUTLET,ME0238,002,1.285,ZCTA_NN;R6371;TIE_FIRST_LEX,ZCTA_NN_HAVERSINE;NOT_ELIGIBILITY;NOT_USPS_VALIDITY;NO_INVENTORY
04001,EXACT_IMLS_OUTLET_ZIP,ME0001,002,,EXACT_OUTLET;TIE_FSCSKEY_SEQ,EXACT_OUTLET;NOT_USPS_VALIDITY;NO_INVENTORY
04002,EXACT_IMLS_OUTLET_ZIP,ME0004,002,,EXACT_OUTLET;TIE_FSCSKEY_SEQ,EXACT_OUTLET;NOT_USPS_VALIDITY;NO_INVENTORY
04003,ZCTA_NEAREST_ACTIVE_OUTLET,ME0096,002,3.111,ZCTA_NN;R6371;TIE_FIRST_LEX,ZCTA_NN_HAVERSINE;NOT_ELIGIBILITY;NOT_USPS_VALIDITY;NO_INVENTORY
04004,EXACT_IMLS_OUTLET_ZIP,ME0036,002,,EXACT_OUTLET;TIE_FSCSKEY_SEQ,EXACT_OUTLET;NOT_USPS_VALIDITY;NO_INVENTORY
04005,EXACT_IMLS_OUTLET_ZIP,ME0018,002,,EXACT_OUTLET;TIE_FSCSKEY_SEQ,EXACT_OUTLET;NOT_USPS_VALIDITY;NO_INVENTORY
04006,ZCTA_NEAREST_ACTIVE_OUTLET,ME0158,002,8.447,ZCTA_NN;R6371;TIE_FIRST_LEX,ZCTA_NN_HAVERSINE;NOT_ELIGIBILITY;NOT_USPS_VALIDITY;NO_INVENTORY
04008,EXACT_IMLS_OUTLET_ZIP,ME0023,002,,EXACT_OUTLET;TIE_FSCSKEY_SEQ,EXACT_OUTLET;NOT_USPS_VALIDITY;NO_INVENTORY
04009,EXACT_IMLS_OUTLET_ZIP,ME0027,002,,EXACT_OUTLET;TIE_FSCSKEY_SEQ,EXACT_OUTLET;NOT_USPS_VALIDITY;NO_INVENTORY
04010,EXACT_IMLS_OUTLET_ZIP,ME0031,002,,EXACT_OUTLET;TIE_FSCSKEY_SEQ,EXACT_OUTLET;NOT_USPS_VALIDITY;NO_INVENTORY
04011,EXACT_IMLS_OUTLET_ZIP,ME0033,002,,EXACT_OUTLET;TIE_FSCSKEY_SEQ,EXACT_OUTLET;NOT_USPS_VALIDITY;NO_INVENTORY
04013,OBSERVED_REFERENCE_INDIRECT_ONLY,,,,INDIRECT_IMLS_SC;NO_FABRICATED_NEAREST,INDIRECT_IMLS_SC;NO_FABRICATED_NEAREST;NOT_REJECTED;NOT_USPS_VALIDITY;NO_INVENTORY
04014,OBSERVED_REFERENCE_INDIRECT_ONLY,,,,INDIRECT_IMLS_SC;NO_FABRICATED_NEAREST,INDIRECT_IMLS_SC;NO_FABRICATED_NEAREST;NOT_REJECTED;NOT_USPS_VALIDITY;NO_INVENTORY
04015,EXACT_IMLS_OUTLET_ZIP,ME0045,002,,EXACT_OUTLET;TIE_FSCSKEY_SEQ,EXACT_OUTLET;NOT_USPS_VALIDITY;NO_INVENTORY
04016,OBSERVED_REFERENCE_INDIRECT_ONLY,,,,INDIRECT_IMLS_SC;NO_FABRICATED_NEAREST,INDIRECT_IMLS_SC;NO_FABRICATED_NEAREST;NOT_REJECTED;NOT_USPS_VALIDITY;NO_INVENTORY
04017,EXACT_IMLS_OUTLET_ZIP,ME0059,002,,EXACT_OUTLET;TIE_FSCSKEY_SEQ,EXACT_OUTLET;NOT_USPS_VALIDITY;NO_INVENTORY
04019,EXACT_IMLS_OUTLET_ZIP,ME0276,002,,EXACT_OUTLET;TIE_FSCSKEY_SEQ,EXACT_OUTLET;NOT_USPS_VALIDITY;NO_INVENTORY
04020,EXACT_IMLS_OUTLET_ZIP,ME0055,002,,EXACT_OUTLET;TIE_FSCSKEY_SEQ,EXACT_OUTLET;NOT_USPS_VALIDITY;NO_INVENTORY
04021,EXACT_IMLS_OUTLET_ZIP,ME0058,002,,EXACT_OUTLET;TIE_FSCSKEY_SEQ,EXACT_OUTLET;NOT_USPS_VALIDITY;NO_INVENTORY
04022,EXACT_IMLS_OUTLET_ZIP,ME0063,002,,EXACT_OUTLET;TIE_FSCSKEY_SEQ,EXACT_OUTLET;NOT_USPS_VALIDITY;NO_INVENTORY
04024,EXACT_IMLS_OUTLET_ZIP,ME0012,002,,EXACT_OUTLET;TIE_FSCSKEY_SEQ,EXACT_OUTLET;NOT_USPS_VALIDITY;NO_INVENTORY
04027,EXACT_IMLS_OUTLET_ZIP,ME0273,002,,EXACT_OUTLET;TIE_FSCSKEY_SEQ,EXACT_OUTLET;NOT_USPS_VALIDITY;NO_INVENTORY
04029,EXACT_IMLS_OUTLET_ZIP,ME0191,002,,EXACT_OUTLET;TIE_FSCSKEY_SEQ,EXACT_OUTLET;NOT_USPS_VALIDITY;NO_INVENTORY
04030,EXACT_IMLS_OUTLET_ZIP,ME0220,002,,EXACT_OUTLET;TIE_FSCSKEY_SEQ,EXACT_OUTLET;NOT_USPS_VALIDITY;NO_INVENTORY
04032,EXACT_IMLS_OUTLET_ZIP,ME0081,002,,EXACT_OUTLET;TIE_FSCSKEY_SEQ,EXACT_OUTLET;NOT_USPS_VALIDITY;NO_INVENTORY
04033,OBSERVED_REFERENCE_INDIRECT_ONLY,,,,INDIRECT_IMLS_SC;NO_FABRICATED_NEAREST,INDIRECT_IMLS_SC;NO_FABRICATED_NEAREST;NOT_REJECTED;NOT_USPS_VALIDITY;NO_INVENTORY
04037,EXACT_IMLS_OUTLET_ZIP,ME0083,002,,EXACT_OUTLET;TIE_FSCSKEY_SEQ,EXACT_OUTLET;NOT_USPS_VALIDITY;NO_INVENTORY
04038,EXACT_IMLS_OUTLET_ZIP,ME0088,002,,EXACT_OUTLET;TIE_FSCSKEY_SEQ,EXACT_OUTLET;NOT_USPS_VALIDITY;NO_INVENTORY
04039,EXACT_IMLS_OUTLET_ZIP,ME0090,002,,EXACT_OUTLET;TIE_FSCSKEY_SEQ,EXACT_OUTLET;NOT_USPS_VALIDITY;NO_INVENTORY
04040,EXACT_IMLS_OUTLET_ZIP,ME0098,002,,EXACT_OUTLET;TIE_FSCSKEY_SEQ,EXACT_OUTLET;NOT_USPS_VALIDITY;NO_INVENTORY
04041,EXACT_IMLS_OUTLET_ZIP,ME0101,002,,EXACT_OUTLET;TIE_FSCSKEY_SEQ,EXACT_OUTLET;NOT_USPS_VALIDITY;NO_INVENTORY
04042,EXACT_IMLS_OUTLET_ZIP,ME0102,002,,EXACT_OUTLET;TIE_FSCSKEY_SEQ,EXACT_OUTLET;NOT_USPS_VALIDITY;NO_INVENTORY
04043,EXACT_IMLS_OUTLET_ZIP,ME0114,002,,EXACT_OUTLET;TIE_FSCSKEY_SEQ,EXACT_OUTLET;NOT_USPS_VALIDITY;NO_INVENTORY
04046,EXACT_IMLS_OUTLET_ZIP,ME0115,002,,EXACT_OUTLET;TIE_FSCSKEY_SEQ,EXACT_OUTLET;NOT_USPS_VALIDITY;NO_INVENTORY
04047,EXACT_IMLS_OUTLET_ZIP,ME0167,002,,EXACT_OUTLET;TIE_FSCSKEY_SEQ,EXACT_OUTLET;NOT_USPS_VALIDITY;NO_INVENTORY
04048,EXACT_IMLS_OUTLET_ZIP,ME0262,002,,EXACT_OUTLET;TIE_FSCSKEY_SEQ,EXACT_OUTLET;NOT_USPS_VALIDITY;NO_INVENTORY
04049,EXACT_IMLS_OUTLET_ZIP,ME0121,002,,EXACT_OUTLET;TIE_FSCSKEY_SEQ,EXACT_OUTLET;NOT_USPS_VALIDITY;NO_INVENTORY
04050,EXACT_IMLS_OUTLET_ZIP,ME0252,002,,EXACT_OUTLET;TIE_FSCSKEY_SEQ,EXACT_OUTLET;NOT_USPS_VALIDITY;NO_INVENTORY
04051,EXACT_IMLS_OUTLET_ZIP,ME0127,002,,EXACT_OUTLET;TIE_FSCSKEY_SEQ,EXACT_OUTLET;NOT_USPS_VALIDITY;NO_INVENTORY
04054,OBSERVED_REFERENCE_INDIRECT_ONLY,,,,INDIRECT_IMLS_SC;NO_FABRICATED_NEAREST,INDIRECT_IMLS_SC;NO_FABRICATED_NEAREST;NOT_REJECTED;NOT_USPS_VALIDITY;NO_INVENTORY
04055,EXACT_IMLS_OUTLET_ZIP,ME0147,002,,EXACT_OUTLET;TIE_FSCSKEY_SEQ,EXACT_OUTLET;NOT_USPS_VALIDITY;NO_INVENTORY
04056,ZCTA_NEAREST_ACTIVE_OUTLET,ME0262,002,6.355,ZCTA_NN;R6371;TIE_FIRST_LEX,ZCTA_NN_HAVERSINE;NOT_ELIGIBILITY;NOT_USPS_VALIDITY;NO_INVENTORY
04057,ZCTA_NEAREST_ACTIVE_OUTLET,ME0098,002,2.379,ZCTA_NN;R6371;TIE_FIRST_LEX,ZCTA_NN_HAVERSINE;NOT_ELIGIBILITY;NOT_USPS_VALIDITY;NO_INVENTORY
04061,ZCTA_NEAREST_ACTIVE_OUTLET,ME0262,002,7.403,ZCTA_NN;R6371;TIE_FIRST_LEX,ZCTA_NN_HAVERSINE;NOT_ELIGIBILITY;NOT_USPS_VALIDITY;NO_INVENTORY
04062,EXACT_IMLS_OUTLET_ZIP,ME0230,002,,EXACT_OUTLET;TIE_FSCSKEY_SEQ,EXACT_OUTLET;NOT_USPS_VALIDITY;NO_INVENTORY
04063,ZCTA_NEAREST_ACTIVE_OUTLET,ME0158,002,2.298,ZCTA_NN;R6371;TIE_FIRST_LEX,ZCTA_NN_HAVERSINE;NOT_ELIGIBILITY;NOT_USPS_VALIDITY;NO_INVENTORY
04064,EXACT_IMLS_OUTLET_ZIP,ME0158,002,,EXACT_OUTLET;TIE_FSCSKEY_SEQ,EXACT_OUTLET;NOT_USPS_VALIDITY;NO_INVENTORY
04066,EXACT_IMLS_OUTLET_ZIP,ME0096,002,,EXACT_OUTLET;TIE_FSCSKEY_SEQ,EXACT_OUTLET;NOT_USPS_VALIDITY;NO_INVENTORY
04068,ZCTA_NEAREST_ACTIVE_OUTLET,ME0167,002,5.993,ZCTA_NN;R6371;TIE_FIRST_LEX,ZCTA_NN_HAVERSINE;NOT_ELIGIBILITY;NOT_USPS_VALIDITY;NO_INVENTORY
04069,ZCTA_NEAREST_ACTIVE_OUTLET,ME0081,002,7.885,ZCTA_NN;R6371;TIE_FIRST_LEX,ZCTA_NN_HAVERSINE;NOT_ELIGIBILITY;NOT_USPS_VALIDITY;NO_INVENTORY
04070,OBSERVED_REFERENCE_INDIRECT_ONLY,,,,INDIRECT_IMLS_SC;NO_FABRICATED_NEAREST,INDIRECT_IMLS_SC;NO_FABRICATED_NEAREST;NOT_REJECTED;NOT_USPS_VALIDITY;NO_INVENTORY
04071,EXACT_IMLS_OUTLET_ZIP,ME0253,002,,EXACT_OUTLET;TIE_FSCSKEY_SEQ,EXACT_OUTLET;NOT_USPS_VALIDITY;NO_INVENTORY
04072,EXACT_IMLS_OUTLET_ZIP,ME0184,002,,EXACT_OUTLET;TIE_FSCSKEY_SEQ,EXACT_OUTLET;NOT_USPS_VALIDITY;NO_INVENTORY
04073,EXACT_IMLS_OUTLET_ZIP,ME0186,002,,EXACT_OUTLET;TIE_FSCSKEY_SEQ,EXACT_OUTLET;NOT_USPS_VALIDITY;NO_INVENTORY
04074,EXACT_IMLS_OUTLET_ZIP,ME0189,002,,EXACT_OUTLET;TIE_FSCSKEY_SEQ,EXACT_OUTLET;NOT_USPS_VALIDITY;NO_INVENTORY
04076,EXACT_IMLS_OUTLET_ZIP,ME0193,002,,EXACT_OUTLET;TIE_FSCSKEY_SEQ,EXACT_OUTLET;NOT_USPS_VALIDITY;NO_INVENTORY
04077,OBSERVED_REFERENCE_INDIRECT_ONLY,,,,INDIRECT_IMLS_SC;NO_FABRICATED_NEAREST,INDIRECT_IMLS_SC;NO_FABRICATED_NEAREST;NOT_REJECTED;NOT_USPS_VALIDITY;NO_INVENTORY
04078,OBSERVED_REFERENCE_INDIRECT_ONLY,,,,INDIRECT_IMLS_SC;NO_FABRICATED_NEAREST,INDIRECT_IMLS_SC;NO_FABRICATED_NEAREST;NOT_REJECTED;NOT_USPS_VALIDITY;NO_INVENTORY
04079,EXACT_IMLS_OUTLET_ZIP,ME0298,002,,EXACT_OUTLET;TIE_FSCSKEY_SEQ,EXACT_OUTLET;NOT_USPS_VALIDITY;NO_INVENTORY
04083,EXACT_IMLS_OUTLET_ZIP,ME0187,002,,EXACT_OUTLET;TIE_FSCSKEY_SEQ,EXACT_OUTLET;NOT_USPS_VALIDITY;NO_INVENTORY
04084,EXACT_IMLS_OUTLET_ZIP,ME0316,001,,EXACT_OUTLET;TIE_FSCSKEY_SEQ,EXACT_OUTLET;NOT_USPS_VALIDITY;NO_INVENTORY
04085,EXACT_IMLS_OUTLET_ZIP,ME0202,002,,EXACT_OUTLET;TIE_FSCSKEY_SEQ,EXACT_OUTLET;NOT_USPS_VALIDITY;NO_INVENTORY
04086,EXACT_IMLS_OUTLET_ZIP,ME0210,002,,EXACT_OUTLET;TIE_FSCSKEY_SEQ,EXACT_OUTLET;NOT_USPS_VALIDITY;NO_INVENTORY
04087,ZCTA_NEAREST_ACTIVE_OUTLET,ME0220,002,5.647,ZCTA_NN;R6371;TIE_FIRST_LEX,ZCTA_NN_HAVERSINE;NOT_ELIGIBILITY;NOT_USPS_VALIDITY;NO_INVENTORY
04088,EXACT_IMLS_OUTLET_ZIP,ME0282,002,,EXACT_OUTLET;TIE_FSCSKEY_SEQ,EXACT_OUTLET;NOT_USPS_VALIDITY;NO_INVENTORY
04090,EXACT_IMLS_OUTLET_ZIP,ME0224,002,,EXACT_OUTLET;TIE_FSCSKEY_SEQ,EXACT_OUTLET;NOT_USPS_VALIDITY;NO_INVENTORY
04091,ZCTA_NEAREST_ACTIVE_OUTLET,ME0055,002,5.893,ZCTA_NN;R6371;TIE_FIRST_LEX,ZCTA_NN_HAVERSINE;NOT_ELIGIBILITY;NOT_USPS_VALIDITY;NO_INVENTORY
04092,EXACT_IMLS_OUTLET_ZIP,ME0226,002,,EXACT_OUTLET;TIE_FSCSKEY_SEQ,EXACT_OUTLET;NOT_USPS_VALIDITY;NO_INVENTORY
04093,EXACT_IMLS_OUTLET_ZIP,ME0037,002,,EXACT_OUTLET;TIE_FSCSKEY_SEQ,EXACT_OUTLET;NOT_USPS_VALIDITY;NO_INVENTORY
04094,OBSERVED_REFERENCE_INDIRECT_ONLY,,,,INDIRECT_IMLS_SC;NO_FABRICATED_NEAREST,INDIRECT_IMLS_SC;NO_FABRICATED_NEAREST;NOT_REJECTED;NOT_USPS_VALIDITY;NO_INVENTORY
04095,ZCTA_NEAREST_ACTIVE_OUTLET,ME0001,002,10.690,ZCTA_NN;R6371;TIE_FIRST_LEX,ZCTA_NN_HAVERSINE;NOT_ELIGIBILITY;NOT_USPS_VALIDITY;NO_INVENTORY
04096,EXACT_IMLS_OUTLET_ZIP,ME0237,002,,EXACT_OUTLET;TIE_FSCSKEY_SEQ,EXACT_OUTLET;NOT_USPS_VALIDITY;NO_INVENTORY
04097,ZCTA_NEAREST_ACTIVE_OUTLET,ME0058,002,5.954,ZCTA_NN;R6371;TIE_FIRST_LEX,ZCTA_NN_HAVERSINE;NOT_ELIGIBILITY;NOT_USPS_VALIDITY;NO_INVENTORY
04098,OBSERVED_REFERENCE_INDIRECT_ONLY,,,,INDIRECT_IMLS_SC;NO_FABRICATED_NEAREST,INDIRECT_IMLS_SC;NO_FABRICATED_NEAREST;NOT_REJECTED;NOT_USPS_VALIDITY;NO_INVENTORY
04101,EXACT_IMLS_OUTLET_ZIP,ME0174,002,,EXACT_OUTLET;TIE_FSCSKEY_SEQ,EXACT_OUTLET;NOT_USPS_VALIDITY;NO_INVENTORY
04102,ZCTA_NEAREST_ACTIVE_OUTLET,ME0174,008,1.893,ZCTA_NN;R6371;TIE_FIRST_LEX,ZCTA_NN_HAVERSINE;NOT_ELIGIBILITY;NOT_USPS_VALIDITY;NO_INVENTORY
04103,EXACT_IMLS_OUTLET_ZIP,ME0174,006,,EXACT_OUTLET;TIE_FSCSKEY_SEQ,EXACT_OUTLET;NOT_USPS_VALIDITY;NO_INVENTORY
04104,OBSERVED_REFERENCE_INDIRECT_ONLY,,,,INDIRECT_IMLS_SC;NO_FABRICATED_NEAREST,INDIRECT_IMLS_SC;NO_FABRICATED_NEAREST;NOT_REJECTED;NOT_USPS_VALIDITY;NO_INVENTORY
04105,EXACT_IMLS_OUTLET_ZIP,ME0075,002,,EXACT_OUTLET;TIE_FSCSKEY_SEQ,EXACT_OUTLET;NOT_USPS_VALIDITY;NO_INVENTORY
04106,EXACT_IMLS_OUTLET_ZIP,ME0199,002,,EXACT_OUTLET;TIE_FSCSKEY_SEQ,EXACT_OUTLET;NOT_USPS_VALIDITY;NO_INVENTORY
04107,EXACT_IMLS_OUTLET_ZIP,ME0041,002,,EXACT_OUTLET;TIE_FSCSKEY_SEQ,EXACT_OUTLET;NOT_USPS_VALIDITY;NO_INVENTORY
04108,EXACT_IMLS_OUTLET_ZIP,ME0174,004,,EXACT_OUTLET;TIE_FSCSKEY_SEQ,EXACT_OUTLET;NOT_USPS_VALIDITY;NO_INVENTORY
04109,ZCTA_NEAREST_ACTIVE_OUTLET,ME0174,004,1.968,ZCTA_NN;R6371;TIE_FIRST_LEX,ZCTA_NN_HAVERSINE;NOT_ELIGIBILITY;NOT_USPS_VALIDITY;NO_INVENTORY
04110,ZCTA_NEAREST_ACTIVE_OUTLET,ME0075,002,4.847,ZCTA_NN;R6371;TIE_FIRST_LEX,ZCTA_NN_HAVERSINE;NOT_ELIGIBILITY;NOT_USPS_VALIDITY;NO_INVENTORY
04112,OBSERVED_REFERENCE_INDIRECT_ONLY,,,,INDIRECT_IMLS_SC;NO_FABRICATED_NEAREST,INDIRECT_IMLS_SC;NO_FABRICATED_NEAREST;NOT_REJECTED;NOT_USPS_VALIDITY;NO_INVENTORY
04116,OBSERVED_REFERENCE_INDIRECT_ONLY,,,,INDIRECT_IMLS_SC;NO_FABRICATED_NEAREST,INDIRECT_IMLS_SC;NO_FABRICATED_NEAREST;NOT_REJECTED;NOT_USPS_VALIDITY;NO_INVENTORY
04122,OBSERVED_REFERENCE_INDIRECT_ONLY,,,,INDIRECT_IMLS_SC;NO_FABRICATED_NEAREST,INDIRECT_IMLS_SC;NO_FABRICATED_NEAREST;NOT_REJECTED;NOT_USPS_VALIDITY;NO_INVENTORY
04210,EXACT_IMLS_OUTLET_ZIP,ME0009,002,,EXACT_OUTLET;TIE_FSCSKEY_SEQ,EXACT_OUTLET;NOT_USPS_VALIDITY;NO_INVENTORY
04211,OBSERVED_REFERENCE_INDIRECT_ONLY,,,,INDIRECT_IMLS_SC;NO_FABRICATED_NEAREST,INDIRECT_IMLS_SC;NO_FABRICATED_NEAREST;NOT_REJECTED;NOT_USPS_VALIDITY;NO_INVENTORY
04212,OBSERVED_REFERENCE_INDIRECT_ONLY,,,,INDIRECT_IMLS_SC;NO_FABRICATED_NEAREST,INDIRECT_IMLS_SC;NO_FABRICATED_NEAREST;NOT_REJECTED;NOT_USPS_VALIDITY;NO_INVENTORY
04216,EXACT_IMLS_OUTLET_ZIP,ME0005,002,,EXACT_OUTLET;TIE_FSCSKEY_SEQ,EXACT_OUTLET;NOT_USPS_VALIDITY;NO_INVENTORY
04217,EXACT_IMLS_OUTLET_ZIP,ME0017,001,,EXACT_OUTLET;TIE_FSCSKEY_SEQ,EXACT_OUTLET;NOT_USPS_VALIDITY;NO_INVENTORY
04219,EXACT_IMLS_OUTLET_ZIP,ME0236,002,,EXACT_OUTLET;TIE_FSCSKEY_SEQ,EXACT_OUTLET;NOT_USPS_VALIDITY;NO_INVENTORY
04220,EXACT_IMLS_OUTLET_ZIP,ME0034,002,,EXACT_OUTLET;TIE_FSCSKEY_SEQ,EXACT_OUTLET;NOT_USPS_VALIDITY;NO_INVENTORY
04221,ZCTA_NEAREST_ACTIVE_OUTLET,ME0110,002,7.820,ZCTA_NN;R6371;TIE_FIRST_LEX,ZCTA_NN_HAVERSINE;NOT_ELIGIBILITY;NOT_USPS_VALIDITY;NO_INVENTORY
04222,ZCTA_NEAREST_ACTIVE_OUTLET,ME0123,002,7.377,ZCTA_NN;R6371;TIE_FIRST_LEX,ZCTA_NN_HAVERSINE;NOT_ELIGIBILITY;NOT_USPS_VALIDITY;NO_INVENTORY
04224,EXACT_IMLS_OUTLET_ZIP,ME0065,002,,EXACT_OUTLET;TIE_FSCSKEY_SEQ,EXACT_OUTLET;NOT_USPS_VALIDITY;NO_INVENTORY
04226,ZCTA_NEAREST_ACTIVE_OUTLET,ME0005,002,3.475,ZCTA_NN;R6371;TIE_FIRST_LEX,ZCTA_NN_HAVERSINE;NOT_ELIGIBILITY;NOT_USPS_VALIDITY;NO_INVENTORY
04227,ZCTA_NEAREST_ACTIVE_OUTLET,ME0110,002,5.057,ZCTA_NN;R6371;TIE_FIRST_LEX,ZCTA_NN_HAVERSINE;NOT_ELIGIBILITY;NOT_USPS_VALIDITY;NO_INVENTORY
04230,OBSERVED_REFERENCE_INDIRECT_ONLY,,,,INDIRECT_IMLS_SC;NO_FABRICATED_NEAREST,INDIRECT_IMLS_SC;NO_FABRICATED_NEAREST;NOT_REJECTED;NOT_USPS_VALIDITY;NO_INVENTORY
04231,ZCTA_NEAREST_ACTIVE_OUTLET,ME0127,002,15.203,ZCTA_NN;R6371;TIE_FIRST_LEX,ZCTA_NN_HAVERSINE;NOT_ELIGIBILITY;NOT_USPS_VALIDITY;NO_INVENTORY
04234,ZCTA_NEAREST_ACTIVE_OUTLET,ME0229,002,4.284,ZCTA_NN;R6371;TIE_FIRST_LEX,ZCTA_NN_HAVERSINE;NOT_ELIGIBILITY;NOT_USPS_VALIDITY;NO_INVENTORY
04236,EXACT_IMLS_OUTLET_ZIP,ME0270,002,,EXACT_OUTLET;TIE_FSCSKEY_SEQ,EXACT_OUTLET;NOT_USPS_VALIDITY;NO_INVENTORY
04237,ZCTA_NEAREST_ACTIVE_OUTLET,ME0017,001,11.028,ZCTA_NN;R6371;TIE_FIRST_LEX,ZCTA_NN_HAVERSINE;NOT_ELIGIBILITY;NOT_USPS_VALIDITY;NO_INVENTORY
04238,ZCTA_NEAREST_ACTIVE_OUTLET,ME0135,002,9.076,ZCTA_NN;R6371;TIE_FIRST_LEX,ZCTA_NN_HAVERSINE;NOT_ELIGIBILITY;NOT_USPS_VALIDITY;NO_INVENTORY
04239,EXACT_IMLS_OUTLET_ZIP,ME0110,002,,EXACT_OUTLET;TIE_FSCSKEY_SEQ,EXACT_OUTLET;NOT_USPS_VALIDITY;NO_INVENTORY
04240,EXACT_IMLS_OUTLET_ZIP,ME0119,002,,EXACT_OUTLET;TIE_FSCSKEY_SEQ,EXACT_OUTLET;NOT_USPS_VALIDITY;NO_INVENTORY
04241,OBSERVED_REFERENCE_INDIRECT_ONLY,,,,INDIRECT_IMLS_SC;NO_FABRICATED_NEAREST,INDIRECT_IMLS_SC;NO_FABRICATED_NEAREST;NOT_REJECTED;NOT_USPS_VALIDITY;NO_INVENTORY
04243,OBSERVED_REFERENCE_INDIRECT_ONLY,,,,INDIRECT_IMLS_SC;NO_FABRICATED_NEAREST,INDIRECT_IMLS_SC;NO_FABRICATED_NEAREST;NOT_REJECTED;NOT_USPS_VALIDITY;NO_INVENTORY
04250,ZCTA_NEAREST_ACTIVE_OUTLET,ME0123,002,5.343,ZCTA_NN;R6371;TIE_FIRST_LEX,ZCTA_NN_HAVERSINE;NOT_ELIGIBILITY;NOT_USPS_VALIDITY;NO_INVENTORY
04252,EXACT_IMLS_OUTLET_ZIP,ME0123,002,,EXACT_OUTLET;TIE_FSCSKEY_SEQ,EXACT_OUTLET;NOT_USPS_VALIDITY;NO_INVENTORY
04253,EXACT_IMLS_OUTLET_ZIP,ME0125,002,,EXACT_OUTLET;TIE_FSCSKEY_SEQ,EXACT_OUTLET;NOT_USPS_VALIDITY;NO_INVENTORY
04254,EXACT_IMLS_OUTLET_ZIP,ME0126,002,,EXACT_OUTLET;TIE_FSCSKEY_SEQ,EXACT_OUTLET;NOT_USPS_VALIDITY;NO_INVENTORY
04255,ZCTA_NEAREST_ACTIVE_OUTLET,ME0236,002,5.414,ZCTA_NN;R6371;TIE_FIRST_LEX,ZCTA_NN_HAVERSINE;NOT_ELIGIBILITY;NOT_USPS_VALIDITY;NO_INVENTORY
04256,EXACT_IMLS_OUTLET_ZIP,ME0135,002,,EXACT_OUTLET;TIE_FSCSKEY_SEQ,EXACT_OUTLET;NOT_USPS_VALIDITY;NO_INVENTORY
04257,EXACT_IMLS_OUTLET_ZIP,ME0258,002,,EXACT_OUTLET;TIE_FSCSKEY_SEQ,EXACT_OUTLET;NOT_USPS_VALIDITY;NO_INVENTORY
04258,ZCTA_NEAREST_ACTIVE_OUTLET,ME0135,002,4.751,ZCTA_NN;R6371;TIE_FIRST_LEX,ZCTA_NN_HAVERSINE;NOT_ELIGIBILITY;NOT_USPS_VALIDITY;NO_INVENTORY
04259,EXACT_IMLS_OUTLET_ZIP,ME0140,002,,EXACT_OUTLET;TIE_FSCSKEY_SEQ,EXACT_OUTLET;NOT_USPS_VALIDITY;NO_INVENTORY
04260,EXACT_IMLS_OUTLET_ZIP,ME0148,002,,EXACT_OUTLET;TIE_FSCSKEY_SEQ,EXACT_OUTLET;NOT_USPS_VALIDITY;NO_INVENTORY
04261,ZCTA_NEAREST_ACTIVE_OUTLET,NH0041,002,17.505,ZCTA_NN;R6371;TIE_FIRST_LEX,ZCTA_NN_HAVERSINE;NOT_ELIGIBILITY;NOT_USPS_VALIDITY;NO_INVENTORY
04263,ZCTA_NEAREST_ACTIVE_OUTLET,ME0212,002,7.848,ZCTA_NN;R6371;TIE_FIRST_LEX,ZCTA_NN_HAVERSINE;NOT_ELIGIBILITY;NOT_USPS_VALIDITY;NO_INVENTORY
04265,ZCTA_NEAREST_ACTIVE_OUTLET,ME0140,002,4.381,ZCTA_NN;R6371;TIE_FIRST_LEX,ZCTA_NN_HAVERSINE;NOT_ELIGIBILITY;NOT_USPS_VALIDITY;NO_INVENTORY
04266,OBSERVED_REFERENCE_INDIRECT_ONLY,,,,INDIRECT_IMLS_SC;NO_FABRICATED_NEAREST,INDIRECT_IMLS_SC;NO_FABRICATED_NEAREST;NOT_REJECTED;NOT_USPS_VALIDITY;NO_INVENTORY
04267,ZCTA_NEAREST_ACTIVE_OUTLET,ME0282,002,6.599,ZCTA_NN;R6371;TIE_FIRST_LEX,ZCTA_NN_HAVERSINE;NOT_ELIGIBILITY;NOT_USPS_VALIDITY;NO_INVENTORY
04268,EXACT_IMLS_OUTLET_ZIP,ME0156,002,,EXACT_OUTLET;TIE_FSCSKEY_SEQ,EXACT_OUTLET;NOT_USPS_VALIDITY;NO_INVENTORY
04270,EXACT_IMLS_OUTLET_ZIP,ME0163,002,,EXACT_OUTLET;TIE_FSCSKEY_SEQ,EXACT_OUTLET;NOT_USPS_VALIDITY;NO_INVENTORY
04271,ZCTA_NEAREST_ACTIVE_OUTLET,ME0165,002,0.284,ZCTA_NN;R6371;TIE_FIRST_LEX,ZCTA_NN_HAVERSINE;NOT_ELIGIBILITY;NOT_USPS_VALIDITY;NO_INVENTORY
04274,EXACT_IMLS_OUTLET_ZIP,ME0173,002,,EXACT_OUTLET;TIE_FSCSKEY_SEQ,EXACT_OUTLET;NOT_USPS_VALIDITY;NO_INVENTORY
04275,ZCTA_NEAREST_ACTIVE_OUTLET,ME0005,002,11.219,ZCTA_NN;R6371;TIE_FIRST_LEX,ZCTA_NN_HAVERSINE;NOT_ELIGIBILITY;NOT_USPS_VALIDITY;NO_INVENTORY
04276,EXACT_IMLS_OUTLET_ZIP,ME0183,002,,EXACT_OUTLET;TIE_FSCSKEY_SEQ,EXACT_OUTLET;NOT_USPS_VALIDITY;NO_INVENTORY
04280,ZCTA_NEAREST_ACTIVE_OUTLET,ME0270,002,10.291,ZCTA_NN;R6371;TIE_FIRST_LEX,ZCTA_NN_HAVERSINE;NOT_ELIGIBILITY;NOT_USPS_VALIDITY;NO_INVENTORY
04281,EXACT_IMLS_OUTLET_ZIP,ME0164,002,,EXACT_OUTLET;TIE_FSCSKEY_SEQ,EXACT_OUTLET;NOT_USPS_VALIDITY;NO_INVENTORY
04282,EXACT_IMLS_OUTLET_ZIP,ME0212,002,,EXACT_OUTLET;TIE_FSCSKEY_SEQ,EXACT_OUTLET;NOT_USPS_VALIDITY;NO_INVENTORY
04284,EXACT_IMLS_OUTLET_ZIP,ME0222,002,,EXACT_OUTLET;TIE_FSCSKEY_SEQ,EXACT_OUTLET;NOT_USPS_VALIDITY;NO_INVENTORY
04285,EXACT_IMLS_OUTLET_ZIP,ME0261,002,,EXACT_OUTLET;TIE_FSCSKEY_SEQ,EXACT_OUTLET;NOT_USPS_VALIDITY;NO_INVENTORY
04286,ZCTA_NEAREST_ACTIVE_OUTLET,ME0017,001,5.534,ZCTA_NN;R6371;TIE_FIRST_LEX,ZCTA_NN_HAVERSINE;NOT_ELIGIBILITY;NOT_USPS_VALIDITY;NO_INVENTORY
04287,ZCTA_NEAREST_ACTIVE_OUTLET,ME0023,002,9.185,ZCTA_NN;R6371;TIE_FIRST_LEX,ZCTA_NN_HAVERSINE;NOT_ELIGIBILITY;NOT_USPS_VALIDITY;NO_INVENTORY
04289,EXACT_IMLS_OUTLET_ZIP,ME0225,002,,EXACT_OUTLET;TIE_FSCSKEY_SEQ,EXACT_OUTLET;NOT_USPS_VALIDITY;NO_INVENTORY
04290,ZCTA_NEAREST_ACTIVE_OUTLET,ME0065,002,7.799,ZCTA_NN;R6371;TIE_FIRST_LEX,ZCTA_NN_HAVERSINE;NOT_ELIGIBILITY;NOT_USPS_VALIDITY;NO_INVENTORY
04292,ZCTA_NEAREST_ACTIVE_OUTLET,ME0225,002,11.729,ZCTA_NN;R6371;TIE_FIRST_LEX,ZCTA_NN_HAVERSINE;NOT_ELIGIBILITY;NOT_USPS_VALIDITY;NO_INVENTORY
04294,EXACT_IMLS_OUTLET_ZIP,ME0229,002,,EXACT_OUTLET;TIE_FSCSKEY_SEQ,EXACT_OUTLET;NOT_USPS_VALIDITY;NO_INVENTORY
04330,EXACT_IMLS_OUTLET_ZIP,ME0010,002,,EXACT_OUTLET;TIE_FSCSKEY_SEQ,EXACT_OUTLET;NOT_USPS_VALIDITY;NO_INVENTORY
04332,OBSERVED_REFERENCE_INDIRECT_ONLY,,,,INDIRECT_IMLS_SC;NO_FABRICATED_NEAREST,INDIRECT_IMLS_SC;NO_FABRICATED_NEAREST;NOT_REJECTED;NOT_USPS_VALIDITY;NO_INVENTORY
04333,OBSERVED_REFERENCE_INDIRECT_ONLY,,,,INDIRECT_IMLS_SC;NO_FABRICATED_NEAREST,INDIRECT_IMLS_SC;NO_FABRICATED_NEAREST;NOT_REJECTED;NOT_USPS_VALIDITY;NO_INVENTORY
04336,OBSERVED_REFERENCE_INDIRECT_ONLY,,,,INDIRECT_IMLS_SC;NO_FABRICATED_NEAREST,INDIRECT_IMLS_SC;NO_FABRICATED_NEAREST;NOT_REJECTED;NOT_USPS_VALIDITY;NO_INVENTORY
04338,OBSERVED_REFERENCE_INDIRECT_ONLY,,,,INDIRECT_IMLS_SC;NO_FABRICATED_NEAREST,INDIRECT_IMLS_SC;NO_FABRICATED_NEAREST;NOT_REJECTED;NOT_USPS_VALIDITY;NO_INVENTORY
04341,ZCTA_NEAREST_ACTIVE_OUTLET,ME0321,001,5.041,ZCTA_NN;R6371;TIE_FIRST_LEX,ZCTA_NN_HAVERSINE;NOT_ELIGIBILITY;NOT_USPS_VALIDITY;NO_INVENTORY
04342,EXACT_IMLS_OUTLET_ZIP,ME0288,002,,EXACT_OUTLET;TIE_FSCSKEY_SEQ,EXACT_OUTLET;NOT_USPS_VALIDITY;NO_INVENTORY
04343,OBSERVED_REFERENCE_INDIRECT_ONLY,,,,INDIRECT_IMLS_SC;NO_FABRICATED_NEAREST,INDIRECT_IMLS_SC;NO_FABRICATED_NEAREST;NOT_REJECTED;NOT_USPS_VALIDITY;NO_INVENTORY
04344,ZCTA_NEAREST_ACTIVE_OUTLET,ME0094,002,4.041,ZCTA_NN;R6371;TIE_FIRST_LEX,ZCTA_NN_HAVERSINE;NOT_ELIGIBILITY;NOT_USPS_VALIDITY;NO_INVENTORY
04345,EXACT_IMLS_OUTLET_ZIP,ME0084,002,,EXACT_OUTLET;TIE_FSCSKEY_SEQ,EXACT_OUTLET;NOT_USPS_VALIDITY;NO_INVENTORY
04346,ZCTA_NEAREST_ACTIVE_OUTLET,ME0084,002,1.819,ZCTA_NN;R6371;TIE_FIRST_LEX,ZCTA_NN_HAVERSINE;NOT_ELIGIBILITY;NOT_USPS_VALIDITY;NO_INVENTORY
04347,EXACT_IMLS_OUTLET_ZIP,ME0094,002,,EXACT_OUTLET;TIE_FSCSKEY_SEQ,EXACT_OUTLET;NOT_USPS_VALIDITY;NO_INVENTORY
04348,ZCTA_NEAREST_ACTIVE_OUTLET,ME0321,001,7.339,ZCTA_NN;R6371;TIE_FIRST_LEX,ZCTA_NN_HAVERSINE;NOT_ELIGIBILITY;NOT_USPS_VALIDITY;NO_INVENTORY
04349,EXACT_IMLS_OUTLET_ZIP,ME0268,002,,EXACT_OUTLET;TIE_FSCSKEY_SEQ,EXACT_OUTLET;NOT_USPS_VALIDITY;NO_INVENTORY
04350,ZCTA_NEAREST_ACTIVE_OUTLET,ME0140,002,11.083,ZCTA_NN;R6371;TIE_FIRST_LEX,ZCTA_NN_HAVERSINE;NOT_ELIGIBILITY;NOT_USPS_VALIDITY;NO_INVENTORY
04351,ZCTA_NEAREST_ACTIVE_OUTLET,ME0010,002,7.338,ZCTA_NN;R6371;TIE_FIRST_LEX,ZCTA_NN_HAVERSINE;NOT_ELIGIBILITY;NOT_USPS_VALIDITY;NO_INVENTORY
04352,EXACT_IMLS_OUTLET_ZIP,ME0146,002,,EXACT_OUTLET;TIE_FSCSKEY_SEQ,EXACT_OUTLET;NOT_USPS_VALIDITY;NO_INVENTORY
04353,EXACT_IMLS_OUTLET_ZIP,ME0321,001,,EXACT_OUTLET;TIE_FSCSKEY_SEQ,EXACT_OUTLET;NOT_USPS_VALIDITY;NO_INVENTORY
04354,EXACT_IMLS_OUTLET_ZIP,ME0310,001,,EXACT_OUTLET;TIE_FSCSKEY_SEQ,EXACT_OUTLET;NOT_USPS_VALIDITY;NO_INVENTORY
04355,EXACT_IMLS_OUTLET_ZIP,ME0179,002,,EXACT_OUTLET;TIE_FSCSKEY_SEQ,EXACT_OUTLET;NOT_USPS_VALIDITY;NO_INVENTORY
04357,EXACT_IMLS_OUTLET_ZIP,ME0277,002,,EXACT_OUTLET;TIE_FSCSKEY_SEQ,EXACT_OUTLET;NOT_USPS_VALIDITY;NO_INVENTORY
04358,EXACT_IMLS_OUTLET_ZIP,ME0051,002,,EXACT_OUTLET;TIE_FSCSKEY_SEQ,EXACT_OUTLET;NOT_USPS_VALIDITY;NO_INVENTORY
04359,ZCTA_NEAREST_ACTIVE_OUTLET,ME0084,002,5.535,ZCTA_NN;R6371;TIE_FIRST_LEX,ZCTA_NN_HAVERSINE;NOT_ELIGIBILITY;NOT_USPS_VALIDITY;NO_INVENTORY
04360,ZCTA_NEAREST_ACTIVE_OUTLET,ME0146,002,5.954,ZCTA_NN;R6371;TIE_FIRST_LEX,ZCTA_NN_HAVERSINE;NOT_ELIGIBILITY;NOT_USPS_VALIDITY;NO_INVENTORY
04363,ZCTA_NEAREST_ACTIVE_OUTLET,ME0051,002,9.213,ZCTA_NN;R6371;TIE_FIRST_LEX,ZCTA_NN_HAVERSINE;NOT_ELIGIBILITY;NOT_USPS_VALIDITY;NO_INVENTORY
04364,EXACT_IMLS_OUTLET_ZIP,ME0234,002,,EXACT_OUTLET;TIE_FSCSKEY_SEQ,EXACT_OUTLET;NOT_USPS_VALIDITY;NO_INVENTORY
04401,EXACT_IMLS_OUTLET_ZIP,ME0013,002,,EXACT_OUTLET;TIE_FSCSKEY_SEQ,EXACT_OUTLET;NOT_USPS_VALIDITY;NO_INVENTORY
04402,OBSERVED_REFERENCE_INDIRECT_ONLY,,,,INDIRECT_IMLS_SC;NO_FABRICATED_NEAREST,INDIRECT_IMLS_SC;NO_FABRICATED_NEAREST;NOT_REJECTED;NOT_USPS_VALIDITY;NO_INVENTORY
04406,ZCTA_NEAREST_ACTIVE_OUTLET,ME0142,002,9.832,ZCTA_NN;R6371;TIE_FIRST_LEX,ZCTA_NN_HAVERSINE;NOT_ELIGIBILITY;NOT_USPS_VALIDITY;NO_INVENTORY
04408,ZCTA_NEAREST_ACTIVE_OUTLET,ME0159,002,34.950,ZCTA_NN;R6371;TIE_FIRST_LEX,ZCTA_NN_HAVERSINE;NOT_ELIGIBILITY;NOT_USPS_VALIDITY;NO_INVENTORY
04410,EXACT_IMLS_OUTLET_ZIP,ME0024,002,,EXACT_OUTLET;TIE_FSCSKEY_SEQ,EXACT_OUTLET;NOT_USPS_VALIDITY;NO_INVENTORY
04411,ZCTA_NEAREST_ACTIVE_OUTLET,ME0159,002,9.204,ZCTA_NN;R6371;TIE_FIRST_LEX,ZCTA_NN_HAVERSINE;NOT_ELIGIBILITY;NOT_USPS_VALIDITY;NO_INVENTORY
04412,EXACT_IMLS_OUTLET_ZIP,ME0026,002,,EXACT_OUTLET;TIE_FSCSKEY_SEQ,EXACT_OUTLET;NOT_USPS_VALIDITY;NO_INVENTORY
04413,ZCTA_NEAREST_ACTIVE_OUTLET,ME0061,002,11.018,ZCTA_NN;R6371;TIE_FIRST_LEX,ZCTA_NN_HAVERSINE;NOT_ELIGIBILITY;NOT_USPS_VALIDITY;NO_INVENTORY
04414,EXACT_IMLS_OUTLET_ZIP,ME0032,002,,EXACT_OUTLET;TIE_FSCSKEY_SEQ,EXACT_OUTLET;NOT_USPS_VALIDITY;NO_INVENTORY
04415,ZCTA_NEAREST_ACTIVE_OUTLET,ME0032,002,5.482,ZCTA_NN;R6371;TIE_FIRST_LEX,ZCTA_NN_HAVERSINE;NOT_ELIGIBILITY;NOT_USPS_VALIDITY;NO_INVENTORY
04416,EXACT_IMLS_OUTLET_ZIP,ME0035,002,,EXACT_OUTLET;TIE_FSCSKEY_SEQ,EXACT_OUTLET;NOT_USPS_VALIDITY;NO_INVENTORY
04417,ZCTA_NEAREST_ACTIVE_OUTLET,ME0072,002,14.485,ZCTA_NN;R6371;TIE_FIRST_LEX,ZCTA_NN_HAVERSINE;NOT_ELIGIBILITY;NOT_USPS_VALIDITY;NO_INVENTORY
04418,ZCTA_NEAREST_ACTIVE_OUTLET,ME0072,002,15.453,ZCTA_NN;R6371;TIE_FIRST_LEX,ZCTA_NN_HAVERSINE;NOT_ELIGIBILITY;NOT_USPS_VALIDITY;NO_INVENTORY
04419,EXACT_IMLS_OUTLET_ZIP,ME0043,002,,EXACT_OUTLET;TIE_FSCSKEY_SEQ,EXACT_OUTLET;NOT_USPS_VALIDITY;NO_INVENTORY
04420,OBSERVED_REFERENCE_INDIRECT_ONLY,,,,INDIRECT_IMLS_SC;NO_FABRICATED_NEAREST,INDIRECT_IMLS_SC;NO_FABRICATED_NEAREST;NOT_REJECTED;NOT_USPS_VALIDITY;NO_INVENTORY
04421,EXACT_IMLS_OUTLET_ZIP,ME0046,002,,EXACT_OUTLET;TIE_FSCSKEY_SEQ,EXACT_OUTLET;NOT_USPS_VALIDITY;NO_INVENTORY
04422,ZCTA_NEAREST_ACTIVE_OUTLET,ME0024,002,7.561,ZCTA_NN;R6371;TIE_FIRST_LEX,ZCTA_NN_HAVERSINE;NOT_ELIGIBILITY;NOT_USPS_VALIDITY;NO_INVENTORY
04424,EXACT_IMLS_OUTLET_ZIP,ME0061,002,,EXACT_OUTLET;TIE_FSCSKEY_SEQ,EXACT_OUTLET;NOT_USPS_VALIDITY;NO_INVENTORY
04426,EXACT_IMLS_OUTLET_ZIP,ME0066,001,,EXACT_OUTLET;TIE_FSCSKEY_SEQ,EXACT_OUTLET;NOT_USPS_VALIDITY;NO_INVENTORY
04427,EXACT_IMLS_OUTLET_ZIP,ME0066,002,,EXACT_OUTLET;TIE_FSCSKEY_SEQ,EXACT_OUTLET;NOT_USPS_VALIDITY;NO_INVENTORY
04428,ZCTA_NEAREST_ACTIVE_OUTLET,ME0160,002,12.402,ZCTA_NN;R6371;TIE_FIRST_LEX,ZCTA_NN_HAVERSINE;NOT_ELIGIBILITY;NOT_USPS_VALIDITY;NO_INVENTORY
04429,ZCTA_NEAREST_ACTIVE_OUTLET,ME0026,002,14.296,ZCTA_NN;R6371;TIE_FIRST_LEX,ZCTA_NN_HAVERSINE;NOT_ELIGIBILITY;NOT_USPS_VALIDITY;NO_INVENTORY
04430,EXACT_IMLS_OUTLET_ZIP,ME0068,002,,EXACT_OUTLET;TIE_FSCSKEY_SEQ,EXACT_OUTLET;NOT_USPS_VALIDITY;NO_INVENTORY
04431,ZCTA_NEAREST_ACTIVE_OUTLET,ME0035,002,9.871,ZCTA_NN;R6371;TIE_FIRST_LEX,ZCTA_NN_HAVERSINE;NOT_ELIGIBILITY;NOT_USPS_VALIDITY;NO_INVENTORY
04434,ZCTA_NEAREST_ACTIVE_OUTLET,ME0043,002,7.054,ZCTA_NN;R6371;TIE_FIRST_LEX,ZCTA_NN_HAVERSINE;NOT_ELIGIBILITY;NOT_USPS_VALIDITY;NO_INVENTORY
04435,ZCTA_NEAREST_ACTIVE_OUTLET,ME0204,002,7.885,ZCTA_NN;R6371;TIE_FIRST_LEX,ZCTA_NN_HAVERSINE;NOT_ELIGIBILITY;NOT_USPS_VALIDITY;NO_INVENTORY
04438,EXACT_IMLS_OUTLET_ZIP,ME0269,002,,EXACT_OUTLET;TIE_FSCSKEY_SEQ,EXACT_OUTLET;NOT_USPS_VALIDITY;NO_INVENTORY
04441,EXACT_IMLS_OUTLET_ZIP,ME0092,002,,EXACT_OUTLET;TIE_FSCSKEY_SEQ,EXACT_OUTLET;NOT_USPS_VALIDITY;NO_INVENTORY
04442,ZCTA_NEAREST_ACTIVE_OUTLET,ME0092,002,8.347,ZCTA_NN;R6371;TIE_FIRST_LEX,ZCTA_NN_HAVERSINE;NOT_ELIGIBILITY;NOT_USPS_VALIDITY;NO_INVENTORY
04443,EXACT_IMLS_OUTLET_ZIP,ME0093,002,,EXACT_OUTLET;TIE_FSCSKEY_SEQ,EXACT_OUTLET;NOT_USPS_VALIDITY;NO_INVENTORY
04444,EXACT_IMLS_OUTLET_ZIP,ME0095,002,,EXACT_OUTLET;TIE_FSCSKEY_SEQ,EXACT_OUTLET;NOT_USPS_VALIDITY;NO_INVENTORY
04448,EXACT_IMLS_OUTLET_ZIP,ME0138,003,,EXACT_OUTLET;TIE_FSCSKEY_SEQ,EXACT_OUTLET;NOT_USPS_VALIDITY;NO_INVENTORY
04449,ZCTA_NEAREST_ACTIVE_OUTLET,ME0272,002,8.861,ZCTA_NN;R6371;TIE_FIRST_LEX,ZCTA_NN_HAVERSINE;NOT_ELIGIBILITY;NOT_USPS_VALIDITY;NO_INVENTORY
04450,EXACT_IMLS_OUTLET_ZIP,ME0272,002,,EXACT_OUTLET;TIE_FSCSKEY_SEQ,EXACT_OUTLET;NOT_USPS_VALIDITY;NO_INVENTORY
04451,ZCTA_NEAREST_ACTIVE_OUTLET,ME0061,002,28.301,ZCTA_NN;R6371;TIE_FIRST_LEX,ZCTA_NN_HAVERSINE;NOT_ELIGIBILITY;NOT_USPS_VALIDITY;NO_INVENTORY
04453,ZCTA_NEAREST_ACTIVE_OUTLET,ME0139,002,16.982,ZCTA_NN;R6371;TIE_FIRST_LEX,ZCTA_NN_HAVERSINE;NOT_ELIGIBILITY;NOT_USPS_VALIDITY;NO_INVENTORY
04454,ZCTA_NEAREST_ACTIVE_OUTLET,ME0061,002,30.362,ZCTA_NN;R6371;TIE_FIRST_LEX,ZCTA_NN_HAVERSINE;NOT_ELIGIBILITY;NOT_USPS_VALIDITY;NO_INVENTORY
04455,ZCTA_NEAREST_ACTIVE_OUTLET,ME0122,002,20.551,ZCTA_NN;R6371;TIE_FIRST_LEX,ZCTA_NN_HAVERSINE;NOT_ELIGIBILITY;NOT_USPS_VALIDITY;NO_INVENTORY
04456,ZCTA_NEAREST_ACTIVE_OUTLET,ME0272,002,6.917,ZCTA_NN;R6371;TIE_FIRST_LEX,ZCTA_NN_HAVERSINE;NOT_ELIGIBILITY;NOT_USPS_VALIDITY;NO_INVENTORY
04457,EXACT_IMLS_OUTLET_ZIP,ME0122,002,,EXACT_OUTLET;TIE_FSCSKEY_SEQ,EXACT_OUTLET;NOT_USPS_VALIDITY;NO_INVENTORY
04459,ZCTA_NEAREST_ACTIVE_OUTLET,ME0068,002,18.748,ZCTA_NN;R6371;TIE_FIRST_LEX,ZCTA_NN_HAVERSINE;NOT_ELIGIBILITY;NOT_USPS_VALIDITY;NO_INVENTORY
04460,ZCTA_NEAREST_ACTIVE_OUTLET,ME0068,002,4.277,ZCTA_NN;R6371;TIE_FIRST_LEX,ZCTA_NN_HAVERSINE;NOT_ELIGIBILITY;NOT_USPS_VALIDITY;NO_INVENTORY
04461,ZCTA_NEAREST_ACTIVE_OUTLET,ME0159,002,8.580,ZCTA_NN;R6371;TIE_FIRST_LEX,ZCTA_NN_HAVERSINE;NOT_ELIGIBILITY;NOT_USPS_VALIDITY;NO_INVENTORY
04462,EXACT_IMLS_OUTLET_ZIP,ME0138,002,,EXACT_OUTLET;TIE_FSCSKEY_SEQ,EXACT_OUTLET;NOT_USPS_VALIDITY;NO_INVENTORY
04463,EXACT_IMLS_OUTLET_ZIP,ME0139,002,,EXACT_OUTLET;TIE_FSCSKEY_SEQ,EXACT_OUTLET;NOT_USPS_VALIDITY;NO_INVENTORY
04464,EXACT_IMLS_OUTLET_ZIP,ME0142,002,,EXACT_OUTLET;TIE_FSCSKEY_SEQ,EXACT_OUTLET;NOT_USPS_VALIDITY;NO_INVENTORY
04468,EXACT_IMLS_OUTLET_ZIP,ME0159,002,,EXACT_OUTLET;TIE_FSCSKEY_SEQ,EXACT_OUTLET;NOT_USPS_VALIDITY;NO_INVENTORY
04469,ZCTA_NEAREST_ACTIVE_OUTLET,ME0160,002,2.323,ZCTA_NN;R6371;TIE_FIRST_LEX,ZCTA_NN_HAVERSINE;NOT_ELIGIBILITY;NOT_USPS_VALIDITY;NO_INVENTORY
04471,ZCTA_NEAREST_ACTIVE_OUTLET,ME0104,002,23.305,ZCTA_NN;R6371;TIE_FIRST_LEX,ZCTA_NN_HAVERSINE;NOT_ELIGIBILITY;NOT_USPS_VALIDITY;NO_INVENTORY
04472,ZCTA_NEAREST_ACTIVE_OUTLET,ME0035,002,9.690,ZCTA_NN;R6371;TIE_FIRST_LEX,ZCTA_NN_HAVERSINE;NOT_ELIGIBILITY;NOT_USPS_VALIDITY;NO_INVENTORY
04473,EXACT_IMLS_OUTLET_ZIP,ME0160,002,,EXACT_OUTLET;TIE_FSCSKEY_SEQ,EXACT_OUTLET;NOT_USPS_VALIDITY;NO_INVENTORY
04474,EXACT_IMLS_OUTLET_ZIP,ME0161,002,,EXACT_OUTLET;TIE_FSCSKEY_SEQ,EXACT_OUTLET;NOT_USPS_VALIDITY;NO_INVENTORY
04475,ZCTA_NEAREST_ACTIVE_OUTLET,ME0072,002,6.601,ZCTA_NN;R6371;TIE_FIRST_LEX,ZCTA_NN_HAVERSINE;NOT_ELIGIBILITY;NOT_USPS_VALIDITY;NO_INVENTORY
04476,ZCTA_NEAREST_ACTIVE_OUTLET,ME0311,001,11.861,ZCTA_NN;R6371;TIE_FIRST_LEX,ZCTA_NN_HAVERSINE;NOT_ELIGIBILITY;NOT_USPS_VALIDITY;NO_INVENTORY
04478,ZCTA_NEAREST_ACTIVE_OUTLET,ME0092,002,32.873,ZCTA_NN;R6371;TIE_FIRST_LEX,ZCTA_NN_HAVERSINE;NOT_ELIGIBILITY;NOT_USPS_VALIDITY;NO_INVENTORY
04479,ZCTA_NEAREST_ACTIVE_OUTLET,ME0066,001,8.333,ZCTA_NN;R6371;TIE_FIRST_LEX,ZCTA_NN_HAVERSINE;NOT_ELIGIBILITY;NOT_USPS_VALIDITY;NO_INVENTORY
04481,ZCTA_NEAREST_ACTIVE_OUTLET,ME0032,002,9.052,ZCTA_NN;R6371;TIE_FIRST_LEX,ZCTA_NN_HAVERSINE;NOT_ELIGIBILITY;NOT_USPS_VALIDITY;NO_INVENTORY
04485,ZCTA_NEAREST_ACTIVE_OUTLET,ME0142,002,10.273,ZCTA_NN;R6371;TIE_FIRST_LEX,ZCTA_NN_HAVERSINE;NOT_ELIGIBILITY;NOT_USPS_VALIDITY;NO_INVENTORY
04487,ZCTA_NEAREST_ACTIVE_OUTLET,ME0122,002,30.072,ZCTA_NN;R6371;TIE_FIRST_LEX,ZCTA_NN_HAVERSINE;NOT_ELIGIBILITY;NOT_USPS_VALIDITY;NO_INVENTORY
04488,EXACT_IMLS_OUTLET_ZIP,ME0204,002,,EXACT_OUTLET;TIE_FSCSKEY_SEQ,EXACT_OUTLET;NOT_USPS_VALIDITY;NO_INVENTORY
04489,ZCTA_NEAREST_ACTIVE_OUTLET,ME0160,002,3.624,ZCTA_NN;R6371;TIE_FIRST_LEX,ZCTA_NN_HAVERSINE;NOT_ELIGIBILITY;NOT_USPS_VALIDITY;NO_INVENTORY
04490,ZCTA_NEAREST_ACTIVE_OUTLET,ME0176,002,27.473,ZCTA_NN;R6371;TIE_FIRST_LEX,ZCTA_NN_HAVERSINE;NOT_ELIGIBILITY;NOT_USPS_VALIDITY;NO_INVENTORY
04491,ZCTA_NEAREST_ACTIVE_OUTLET,ME0061,002,28.926,ZCTA_NN;R6371;TIE_FIRST_LEX,ZCTA_NN_HAVERSINE;NOT_ELIGIBILITY;NOT_USPS_VALIDITY;NO_INVENTORY
04492,ZCTA_NEAREST_ACTIVE_OUTLET,ME0176,002,14.593,ZCTA_NN;R6371;TIE_FIRST_LEX,ZCTA_NN_HAVERSINE;NOT_ELIGIBILITY;NOT_USPS_VALIDITY;NO_INVENTORY
04493,EXACT_IMLS_OUTLET_ZIP,ME0072,002,,EXACT_OUTLET;TIE_FSCSKEY_SEQ,EXACT_OUTLET;NOT_USPS_VALIDITY;NO_INVENTORY
04495,ZCTA_NEAREST_ACTIVE_OUTLET,ME0122,002,18.265,ZCTA_NN;R6371;TIE_FIRST_LEX,ZCTA_NN_HAVERSINE;NOT_ELIGIBILITY;NOT_USPS_VALIDITY;NO_INVENTORY
04496,EXACT_IMLS_OUTLET_ZIP,ME0233,002,,EXACT_OUTLET;TIE_FSCSKEY_SEQ,EXACT_OUTLET;NOT_USPS_VALIDITY;NO_INVENTORY
04497,ZCTA_NEAREST_ACTIVE_OUTLET,ME0061,002,16.755,ZCTA_NN;R6371;TIE_FIRST_LEX,ZCTA_NN_HAVERSINE;NOT_ELIGIBILITY;NOT_USPS_VALIDITY;NO_INVENTORY
04530,EXACT_IMLS_OUTLET_ZIP,ME0015,002,,EXACT_OUTLET;TIE_FSCSKEY_SEQ,EXACT_OUTLET;NOT_USPS_VALIDITY;NO_INVENTORY
04535,ZCTA_NEAREST_ACTIVE_OUTLET,ME0288,002,7.801,ZCTA_NN;R6371;TIE_FIRST_LEX,ZCTA_NN_HAVERSINE;NOT_ELIGIBILITY;NOT_USPS_VALIDITY;NO_INVENTORY
04537,ZCTA_NEAREST_ACTIVE_OUTLET,ME0022,002,5.602,ZCTA_NN;R6371;TIE_FIRST_LEX,ZCTA_NN_HAVERSINE;NOT_ELIGIBILITY;NOT_USPS_VALIDITY;NO_INVENTORY
04538,EXACT_IMLS_OUTLET_ZIP,ME0022,002,,EXACT_OUTLET;TIE_FSCSKEY_SEQ,EXACT_OUTLET;NOT_USPS_VALIDITY;NO_INVENTORY
04539,ZCTA_NEAREST_ACTIVE_OUTLET,ME0060,002,6.935,ZCTA_NN;R6371;TIE_FIRST_LEX,ZCTA_NN_HAVERSINE;NOT_ELIGIBILITY;NOT_USPS_VALIDITY;NO_INVENTORY
04541,ZCTA_NEAREST_ACTIVE_OUTLET,ME0256,002,2.588,ZCTA_NN;R6371;TIE_FIRST_LEX,ZCTA_NN_HAVERSINE;NOT_ELIGIBILITY;NOT_USPS_VALIDITY;NO_INVENTORY
04543,EXACT_IMLS_OUTLET_ZIP,ME0060,002,,EXACT_OUTLET;TIE_FSCSKEY_SEQ,EXACT_OUTLET;NOT_USPS_VALIDITY;NO_INVENTORY
04544,ZCTA_NEAREST_ACTIVE_OUTLET,ME0022,002,4.591,ZCTA_NN;R6371;TIE_FIRST_LEX,ZCTA_NN_HAVERSINE;NOT_ELIGIBILITY;NOT_USPS_VALIDITY;NO_INVENTORY
04547,EXACT_IMLS_OUTLET_ZIP,ME0082,002,,EXACT_OUTLET;TIE_FSCSKEY_SEQ,EXACT_OUTLET;NOT_USPS_VALIDITY;NO_INVENTORY
04548,EXACT_IMLS_OUTLET_ZIP,ME0086,002,,EXACT_OUTLET;TIE_FSCSKEY_SEQ,EXACT_OUTLET;NOT_USPS_VALIDITY;NO_INVENTORY
04551,EXACT_IMLS_OUTLET_ZIP,ME0265,002,,EXACT_OUTLET;TIE_FSCSKEY_SEQ,EXACT_OUTLET;NOT_USPS_VALIDITY;NO_INVENTORY
04553,ZCTA_NEAREST_ACTIVE_OUTLET,ME0060,002,3.684,ZCTA_NN;R6371;TIE_FIRST_LEX,ZCTA_NN_HAVERSINE;NOT_ELIGIBILITY;NOT_USPS_VALIDITY;NO_INVENTORY
04554,ZCTA_NEAREST_ACTIVE_OUTLET,ME0198,002,4.002,ZCTA_NN;R6371;TIE_FIRST_LEX,ZCTA_NN_HAVERSINE;NOT_ELIGIBILITY;NOT_USPS_VALIDITY;NO_INVENTORY
04555,ZCTA_NEAREST_ACTIVE_OUTLET,ME0060,002,8.562,ZCTA_NN;R6371;TIE_FIRST_LEX,ZCTA_NN_HAVERSINE;NOT_ELIGIBILITY;NOT_USPS_VALIDITY;NO_INVENTORY
04556,ZCTA_NEAREST_ACTIVE_OUTLET,ME0235,002,6.403,ZCTA_NN;R6371;TIE_FIRST_LEX,ZCTA_NN_HAVERSINE;NOT_ELIGIBILITY;NOT_USPS_VALIDITY;NO_INVENTORY
04558,EXACT_IMLS_OUTLET_ZIP,ME0256,002,,EXACT_OUTLET;TIE_FSCSKEY_SEQ,EXACT_OUTLET;NOT_USPS_VALIDITY;NO_INVENTORY
04562,EXACT_IMLS_OUTLET_ZIP,ME0171,002,,EXACT_OUTLET;TIE_FSCSKEY_SEQ,EXACT_OUTLET;NOT_USPS_VALIDITY;NO_INVENTORY
04563,EXACT_IMLS_OUTLET_ZIP,ME0245,002,,EXACT_OUTLET;TIE_FSCSKEY_SEQ,EXACT_OUTLET;NOT_USPS_VALIDITY;NO_INVENTORY
04564,ZCTA_NEAREST_ACTIVE_OUTLET,ME0256,002,3.907,ZCTA_NN;R6371;TIE_FIRST_LEX,ZCTA_NN_HAVERSINE;NOT_ELIGIBILITY;NOT_USPS_VALIDITY;NO_INVENTORY
04568,EXACT_IMLS_OUTLET_ZIP,ME0198,002,,EXACT_OUTLET;TIE_FSCSKEY_SEQ,EXACT_OUTLET;NOT_USPS_VALIDITY;NO_INVENTORY
04570,ZCTA_NEAREST_ACTIVE_OUTLET,ME0279,002,2.972,ZCTA_NN;R6371;TIE_FIRST_LEX,ZCTA_NN_HAVERSINE;NOT_ELIGIBILITY;NOT_USPS_VALIDITY;NO_INVENTORY
04571,ZCTA_NEAREST_ACTIVE_OUTLET,ME0022,002,6.195,ZCTA_NN;R6371;TIE_FIRST_LEX,ZCTA_NN_HAVERSINE;NOT_ELIGIBILITY;NOT_USPS_VALIDITY;NO_INVENTORY
04572,EXACT_IMLS_OUTLET_ZIP,ME0218,002,,EXACT_OUTLET;TIE_FSCSKEY_SEQ,EXACT_OUTLET;NOT_USPS_VALIDITY;NO_INVENTORY
04573,ZCTA_NEAREST_ACTIVE_OUTLET,ME0256,002,6.450,ZCTA_NN;R6371;TIE_FIRST_LEX,ZCTA_NN_HAVERSINE;NOT_ELIGIBILITY;NOT_USPS_VALIDITY;NO_INVENTORY
04574,EXACT_IMLS_OUTLET_ZIP,ME0248,002,,EXACT_OUTLET;TIE_FSCSKEY_SEQ,EXACT_OUTLET;NOT_USPS_VALIDITY;NO_INVENTORY
04575,ZCTA_NEAREST_ACTIVE_OUTLET,ME0022,002,2.728,ZCTA_NN;R6371;TIE_FIRST_LEX,ZCTA_NN_HAVERSINE;NOT_ELIGIBILITY;NOT_USPS_VALIDITY;NO_INVENTORY
04576,EXACT_IMLS_OUTLET_ZIP,ME0279,002,,EXACT_OUTLET;TIE_FSCSKEY_SEQ,EXACT_OUTLET;NOT_USPS_VALIDITY;NO_INVENTORY
04578,EXACT_IMLS_OUTLET_ZIP,ME0235,002,,EXACT_OUTLET;TIE_FSCSKEY_SEQ,EXACT_OUTLET;NOT_USPS_VALIDITY;NO_INVENTORY
04579,ZCTA_NEAREST_ACTIVE_OUTLET,ME0015,002,6.134,ZCTA_NN;R6371;TIE_FIRST_LEX,ZCTA_NN_HAVERSINE;NOT_ELIGIBILITY;NOT_USPS_VALIDITY;NO_INVENTORY
04605,EXACT_IMLS_OUTLET_ZIP,ME0071,002,,EXACT_OUTLET;TIE_FSCSKEY_SEQ,EXACT_OUTLET;NOT_USPS_VALIDITY;NO_INVENTORY
04606,EXACT_IMLS_OUTLET_ZIP,ME0002,002,,EXACT_OUTLET;TIE_FSCSKEY_SEQ,EXACT_OUTLET;NOT_USPS_VALIDITY;NO_INVENTORY
04607,ZCTA_NEAREST_ACTIVE_OUTLET,ME0089,002,8.086,ZCTA_NN;R6371;TIE_FIRST_LEX,ZCTA_NN_HAVERSINE;NOT_ELIGIBILITY;NOT_USPS_VALIDITY;NO_INVENTORY
04609,EXACT_IMLS_OUTLET_ZIP,ME0014,002,,EXACT_OUTLET;TIE_FSCSKEY_SEQ,EXACT_OUTLET;NOT_USPS_VALIDITY;NO_INVENTORY
04611,ZCTA_NEAREST_ACTIVE_OUTLET,ME0112,002,7.644,ZCTA_NN;R6371;TIE_FIRST_LEX,ZCTA_NN_HAVERSINE;NOT_ELIGIBILITY;NOT_USPS_VALIDITY;NO_INVENTORY
04612,EXACT_IMLS_OUTLET_ZIP,ME0211,002,,EXACT_OUTLET;TIE_FSCSKEY_SEQ,EXACT_OUTLET;NOT_USPS_VALIDITY;NO_INVENTORY
04613,ZCTA_NEAREST_ACTIVE_OUTLET,ME0089,002,4.426,ZCTA_NN;R6371;TIE_FIRST_LEX,ZCTA_NN_HAVERSINE;NOT_ELIGIBILITY;NOT_USPS_VALIDITY;NO_INVENTORY
04614,EXACT_IMLS_OUTLET_ZIP,ME0020,002,,EXACT_OUTLET;TIE_FSCSKEY_SEQ,EXACT_OUTLET;NOT_USPS_VALIDITY;NO_INVENTORY
04616,EXACT_IMLS_OUTLET_ZIP,ME0029,002,,EXACT_OUTLET;TIE_FSCSKEY_SEQ,EXACT_OUTLET;NOT_USPS_VALIDITY;NO_INVENTORY
04617,EXACT_IMLS_OUTLET_ZIP,ME0030,002,,EXACT_OUTLET;TIE_FSCSKEY_SEQ,EXACT_OUTLET;NOT_USPS_VALIDITY;NO_INVENTORY
04619,EXACT_IMLS_OUTLET_ZIP,ME0038,002,,EXACT_OUTLET;TIE_FSCSKEY_SEQ,EXACT_OUTLET;NOT_USPS_VALIDITY;NO_INVENTORY
04622,EXACT_IMLS_OUTLET_ZIP,ME0049,001,,EXACT_OUTLET;TIE_FSCSKEY_SEQ,EXACT_OUTLET;NOT_USPS_VALIDITY;NO_INVENTORY
04623,ZCTA_NEAREST_ACTIVE_OUTLET,ME0002,002,9.241,ZCTA_NN;R6371;TIE_FIRST_LEX,ZCTA_NN_HAVERSINE;NOT_ELIGIBILITY;NOT_USPS_VALIDITY;NO_INVENTORY
04624,ZCTA_NEAREST_ACTIVE_OUTLET,ME0089,002,3.629,ZCTA_NN;R6371;TIE_FIRST_LEX,ZCTA_NN_HAVERSINE;NOT_ELIGIBILITY;NOT_USPS_VALIDITY;NO_INVENTORY
04625,EXACT_IMLS_OUTLET_ZIP,ME0294,002,,EXACT_OUTLET;TIE_FSCSKEY_SEQ,EXACT_OUTLET;NOT_USPS_VALIDITY;NO_INVENTORY
04626,EXACT_IMLS_OUTLET_ZIP,ME0312,001,,EXACT_OUTLET;TIE_FSCSKEY_SEQ,EXACT_OUTLET;NOT_USPS_VALIDITY;NO_INVENTORY
04627,EXACT_IMLS_OUTLET_ZIP,ME0062,002,,EXACT_OUTLET;TIE_FSCSKEY_SEQ,EXACT_OUTLET;NOT_USPS_VALIDITY;NO_INVENTORY
04628,EXACT_IMLS_OUTLET_ZIP,ME0267,002,,EXACT_OUTLET;TIE_FSCSKEY_SEQ,EXACT_OUTLET;NOT_USPS_VALIDITY;NO_INVENTORY
04629,EXACT_IMLS_OUTLET_ZIP,ME0021,002,,EXACT_OUTLET;TIE_FSCSKEY_SEQ,EXACT_OUTLET;NOT_USPS_VALIDITY;NO_INVENTORY
04630,EXACT_IMLS_OUTLET_ZIP,ME0067,002,,EXACT_OUTLET;TIE_FSCSKEY_SEQ,EXACT_OUTLET;NOT_USPS_VALIDITY;NO_INVENTORY
04631,EXACT_IMLS_OUTLET_ZIP,ME0250,002,,EXACT_OUTLET;TIE_FSCSKEY_SEQ,EXACT_OUTLET;NOT_USPS_VALIDITY;NO_INVENTORY
04634,EXACT_IMLS_OUTLET_ZIP,ME0319,001,,EXACT_OUTLET;TIE_FSCSKEY_SEQ,EXACT_OUTLET;NOT_USPS_VALIDITY;NO_INVENTORY
04635,EXACT_IMLS_OUTLET_ZIP,ME0295,002,,EXACT_OUTLET;TIE_FSCSKEY_SEQ,EXACT_OUTLET;NOT_USPS_VALIDITY;NO_INVENTORY
04640,ZCTA_NEAREST_ACTIVE_OUTLET,ME0208,002,5.091,ZCTA_NN;R6371;TIE_FIRST_LEX,ZCTA_NN_HAVERSINE;NOT_ELIGIBILITY;NOT_USPS_VALIDITY;NO_INVENTORY
04642,ZCTA_NEAREST_ACTIVE_OUTLET,ME0030,002,6.040,ZCTA_NN;R6371;TIE_FIRST_LEX,ZCTA_NN_HAVERSINE;NOT_ELIGIBILITY;NOT_USPS_VALIDITY;NO_INVENTORY
04643,EXACT_IMLS_OUTLET_ZIP,ME0097,002,,EXACT_OUTLET;TIE_FSCSKEY_SEQ,EXACT_OUTLET;NOT_USPS_VALIDITY;NO_INVENTORY
04644,OBSERVED_REFERENCE_INDIRECT_ONLY,,,,INDIRECT_IMLS_SC;NO_FABRICATED_NEAREST,INDIRECT_IMLS_SC;NO_FABRICATED_NEAREST;NOT_REJECTED;NOT_USPS_VALIDITY;NO_INVENTORY
04645,EXACT_IMLS_OUTLET_ZIP,ME0107,002,,EXACT_OUTLET;TIE_FSCSKEY_SEQ,EXACT_OUTLET;NOT_USPS_VALIDITY;NO_INVENTORY
04646,EXACT_IMLS_OUTLET_ZIP,ME0057,002,,EXACT_OUTLET;TIE_FSCSKEY_SEQ,EXACT_OUTLET;NOT_USPS_VALIDITY;NO_INVENTORY
04648,ZCTA_NEAREST_ACTIVE_OUTLET,ME0002,002,9.766,ZCTA_NN;R6371;TIE_FIRST_LEX,ZCTA_NN_HAVERSINE;NOT_ELIGIBILITY;NOT_USPS_VALIDITY;NO_INVENTORY
04649,EXACT_IMLS_OUTLET_ZIP,ME0112,002,,EXACT_OUTLET;TIE_FSCSKEY_SEQ,EXACT_OUTLET;NOT_USPS_VALIDITY;NO_INVENTORY
04650,ZCTA_NEAREST_ACTIVE_OUTLET,ME0030,002,8.078,ZCTA_NN;R6371;TIE_FIRST_LEX,ZCTA_NN_HAVERSINE;NOT_ELIGIBILITY;NOT_USPS_VALIDITY;NO_INVENTORY
04652,EXACT_IMLS_OUTLET_ZIP,ME0129,002,,EXACT_OUTLET;TIE_FSCSKEY_SEQ,EXACT_OUTLET;NOT_USPS_VALIDITY;NO_INVENTORY
04653,ZCTA_NEAREST_ACTIVE_OUTLET,ME0211,002,5.053,ZCTA_NN;R6371;TIE_FIRST_LEX,ZCTA_NN_HAVERSINE;NOT_ELIGIBILITY;NOT_USPS_VALIDITY;NO_INVENTORY
04654,EXACT_IMLS_OUTLET_ZIP,ME0130,002,,EXACT_OUTLET;TIE_FSCSKEY_SEQ,EXACT_OUTLET;NOT_USPS_VALIDITY;NO_INVENTORY
04655,ZCTA_NEAREST_ACTIVE_OUTLET,ME0067,002,9.247,ZCTA_NN;R6371;TIE_FIRST_LEX,ZCTA_NN_HAVERSINE;NOT_ELIGIBILITY;NOT_USPS_VALIDITY;NO_INVENTORY
04657,ZCTA_NEAREST_ACTIVE_OUTLET,ME0267,002,19.009,ZCTA_NN;R6371;TIE_FIRST_LEX,ZCTA_NN_HAVERSINE;NOT_ELIGIBILITY;NOT_USPS_VALIDITY;NO_INVENTORY
04658,EXACT_IMLS_OUTLET_ZIP,ME0239,002,,EXACT_OUTLET;TIE_FSCSKEY_SEQ,EXACT_OUTLET;NOT_USPS_VALIDITY;NO_INVENTORY
04660,EXACT_IMLS_OUTLET_ZIP,ME0145,002,,EXACT_OUTLET;TIE_FSCSKEY_SEQ,EXACT_OUTLET;NOT_USPS_VALIDITY;NO_INVENTORY
04662,EXACT_IMLS_OUTLET_ZIP,ME0143,002,,EXACT_OUTLET;TIE_FSCSKEY_SEQ,EXACT_OUTLET;NOT_USPS_VALIDITY;NO_INVENTORY
04664,EXACT_IMLS_OUTLET_ZIP,ME0208,002,,EXACT_OUTLET;TIE_FSCSKEY_SEQ,EXACT_OUTLET;NOT_USPS_VALIDITY;NO_INVENTORY
04666,EXACT_IMLS_OUTLET_ZIP,ME0314,001,,EXACT_OUTLET;TIE_FSCSKEY_SEQ,EXACT_OUTLET;NOT_USPS_VALIDITY;NO_INVENTORY
04667,ZCTA_NEAREST_ACTIVE_OUTLET,ME0314,001,6.290,ZCTA_NN;R6371;TIE_FIRST_LEX,ZCTA_NN_HAVERSINE;NOT_ELIGIBILITY;NOT_USPS_VALIDITY;NO_INVENTORY
04668,EXACT_IMLS_OUTLET_ZIP,ME0176,002,,EXACT_OUTLET;TIE_FSCSKEY_SEQ,EXACT_OUTLET;NOT_USPS_VALIDITY;NO_INVENTORY
04669,EXACT_IMLS_OUTLET_ZIP,ME0089,002,,EXACT_OUTLET;TIE_FSCSKEY_SEQ,EXACT_OUTLET;NOT_USPS_VALIDITY;NO_INVENTORY
04671,ZCTA_NEAREST_ACTIVE_OUTLET,ME0314,001,12.964,ZCTA_NN;R6371;TIE_FIRST_LEX,ZCTA_NN_HAVERSINE;NOT_ELIGIBILITY;NOT_USPS_VALIDITY;NO_INVENTORY
04673,ZCTA_NEAREST_ACTIVE_OUTLET,ME0029,002,7.635,ZCTA_NN;R6371;TIE_FIRST_LEX,ZCTA_NN_HAVERSINE;NOT_ELIGIBILITY;NOT_USPS_VALIDITY;NO_INVENTORY
04674,ZCTA_NEAREST_ACTIVE_OUTLET,ME0211,002,8.305,ZCTA_NN;R6371;TIE_FIRST_LEX,ZCTA_NN_HAVERSINE;NOT_ELIGIBILITY;NOT_USPS_VALIDITY;NO_INVENTORY
04675,ZCTA_NEAREST_ACTIVE_OUTLET,ME0143,002,3.692,ZCTA_NN;R6371;TIE_FIRST_LEX,ZCTA_NN_HAVERSINE;NOT_ELIGIBILITY;NOT_USPS_VALIDITY;NO_INVENTORY
04676,ZCTA_NEAREST_ACTIVE_OUTLET,ME0020,002,8.067,ZCTA_NN;R6371;TIE_FIRST_LEX,ZCTA_NN_HAVERSINE;NOT_ELIGIBILITY;NOT_USPS_VALIDITY;NO_INVENTORY
04677,ZCTA_NEAREST_ACTIVE_OUTLET,ME0208,002,7.296,ZCTA_NN;R6371;TIE_FIRST_LEX,ZCTA_NN_HAVERSINE;NOT_ELIGIBILITY;NOT_USPS_VALIDITY;NO_INVENTORY
04679,EXACT_IMLS_OUTLET_ZIP,ME0201,002,,EXACT_OUTLET;TIE_FSCSKEY_SEQ,EXACT_OUTLET;NOT_USPS_VALIDITY;NO_INVENTORY
04680,EXACT_IMLS_OUTLET_ZIP,ME0205,002,,EXACT_OUTLET;TIE_FSCSKEY_SEQ,EXACT_OUTLET;NOT_USPS_VALIDITY;NO_INVENTORY
04681,EXACT_IMLS_OUTLET_ZIP,ME0206,002,,EXACT_OUTLET;TIE_FSCSKEY_SEQ,EXACT_OUTLET;NOT_USPS_VALIDITY;NO_INVENTORY
04683,ZCTA_NEAREST_ACTIVE_OUTLET,ME0108,002,9.699,ZCTA_NN;R6371;TIE_FIRST_LEX,ZCTA_NN_HAVERSINE;NOT_ELIGIBILITY;NOT_USPS_VALIDITY;NO_INVENTORY
04684,ZCTA_NEAREST_ACTIVE_OUTLET,ME0021,002,5.686,ZCTA_NN;R6371;TIE_FIRST_LEX,ZCTA_NN_HAVERSINE;NOT_ELIGIBILITY;NOT_USPS_VALIDITY;NO_INVENTORY
04685,EXACT_IMLS_OUTLET_ZIP,ME0296,002,,EXACT_OUTLET;TIE_FSCSKEY_SEQ,EXACT_OUTLET;NOT_USPS_VALIDITY;NO_INVENTORY
04686,ZCTA_NEAREST_ACTIVE_OUTLET,ME0176,002,26.973,ZCTA_NN;R6371;TIE_FIRST_LEX,ZCTA_NN_HAVERSINE;NOT_ELIGIBILITY;NOT_USPS_VALIDITY;NO_INVENTORY
04691,ZCTA_NEAREST_ACTIVE_OUTLET,ME0067,002,10.943,ZCTA_NN;R6371;TIE_FIRST_LEX,ZCTA_NN_HAVERSINE;NOT_ELIGIBILITY;NOT_USPS_VALIDITY;NO_INVENTORY
04693,EXACT_IMLS_OUTLET_ZIP,ME0232,002,,EXACT_OUTLET;TIE_FSCSKEY_SEQ,EXACT_OUTLET;NOT_USPS_VALIDITY;NO_INVENTORY
04694,EXACT_IMLS_OUTLET_ZIP,ME0011,002,,EXACT_OUTLET;TIE_FSCSKEY_SEQ,EXACT_OUTLET;NOT_USPS_VALIDITY;NO_INVENTORY
04730,EXACT_IMLS_OUTLET_ZIP,ME0104,002,,EXACT_OUTLET;TIE_FSCSKEY_SEQ,EXACT_OUTLET;NOT_USPS_VALIDITY;NO_INVENTORY
04732,EXACT_IMLS_OUTLET_ZIP,ME0008,002,,EXACT_OUTLET;TIE_FSCSKEY_SEQ,EXACT_OUTLET;NOT_USPS_VALIDITY;NO_INVENTORY
04733,ZCTA_NEAREST_ACTIVE_OUTLET,ME0194,002,14.933,ZCTA_NN;R6371;TIE_FIRST_LEX,ZCTA_NN_HAVERSINE;NOT_ELIGIBILITY;NOT_USPS_VALIDITY;NO_INVENTORY
04734,ZCTA_NEAREST_ACTIVE_OUTLET,ME0133,002,5.203,ZCTA_NN;R6371;TIE_FIRST_LEX,ZCTA_NN_HAVERSINE;NOT_ELIGIBILITY;NOT_USPS_VALIDITY;NO_INVENTORY
04735,ZCTA_NEAREST_ACTIVE_OUTLET,ME0133,002,19.277,ZCTA_NN;R6371;TIE_FIRST_LEX,ZCTA_NN_HAVERSINE;NOT_ELIGIBILITY;NOT_USPS_VALIDITY;NO_INVENTORY
04736,EXACT_IMLS_OUTLET_ZIP,ME0042,002,,EXACT_OUTLET;TIE_FSCSKEY_SEQ,EXACT_OUTLET;NOT_USPS_VALIDITY;NO_INVENTORY
04737,ZCTA_NEAREST_ACTIVE_OUTLET,ME0309,001,63.386,ZCTA_NN;R6371;TIE_FIRST_LEX,ZCTA_NN_HAVERSINE;NOT_ELIGIBILITY;NOT_USPS_VALIDITY;NO_INVENTORY
04739,ZCTA_NEAREST_ACTIVE_OUTLET,ME0079,002,30.401,ZCTA_NN;R6371;TIE_FIRST_LEX,ZCTA_NN_HAVERSINE;NOT_ELIGIBILITY;NOT_USPS_VALIDITY;NO_INVENTORY
04740,ZCTA_NEAREST_ACTIVE_OUTLET,ME0133,002,13.408,ZCTA_NN;R6371;TIE_FIRST_LEX,ZCTA_NN_HAVERSINE;NOT_ELIGIBILITY;NOT_USPS_VALIDITY;NO_INVENTORY
04742,EXACT_IMLS_OUTLET_ZIP,ME0078,002,,EXACT_OUTLET;TIE_FSCSKEY_SEQ,EXACT_OUTLET;NOT_USPS_VALIDITY;NO_INVENTORY
04743,EXACT_IMLS_OUTLET_ZIP,ME0079,002,,EXACT_OUTLET;TIE_FSCSKEY_SEQ,EXACT_OUTLET;NOT_USPS_VALIDITY;NO_INVENTORY
04744,OBSERVED_REFERENCE_INDIRECT_ONLY,,,,INDIRECT_IMLS_SC;NO_FABRICATED_NEAREST,INDIRECT_IMLS_SC;NO_FABRICATED_NEAREST;NOT_REJECTED;NOT_USPS_VALIDITY;NO_INVENTORY
04745,ZCTA_NEAREST_ACTIVE_OUTLET,ME0315,001,7.319,ZCTA_NN;R6371;TIE_FIRST_LEX,ZCTA_NN_HAVERSINE;NOT_ELIGIBILITY;NOT_USPS_VALIDITY;NO_INVENTORY
04746,ZCTA_NEAREST_ACTIVE_OUTLET,ME0315,001,12.869,ZCTA_NN;R6371;TIE_FIRST_LEX,ZCTA_NN_HAVERSINE;NOT_ELIGIBILITY;NOT_USPS_VALIDITY;NO_INVENTORY
04747,EXACT_IMLS_OUTLET_ZIP,ME0106,002,,EXACT_OUTLET;TIE_FSCSKEY_SEQ,EXACT_OUTLET;NOT_USPS_VALIDITY;NO_INVENTORY
04750,EXACT_IMLS_OUTLET_ZIP,ME0120,002,,EXACT_OUTLET;TIE_FSCSKEY_SEQ,EXACT_OUTLET;NOT_USPS_VALIDITY;NO_INVENTORY
04756,EXACT_IMLS_OUTLET_ZIP,ME0131,002,,EXACT_OUTLET;TIE_FSCSKEY_SEQ,EXACT_OUTLET;NOT_USPS_VALIDITY;NO_INVENTORY
04757,ZCTA_NEAREST_ACTIVE_OUTLET,ME0008,002,16.737,ZCTA_NN;R6371;TIE_FIRST_LEX,ZCTA_NN_HAVERSINE;NOT_ELIGIBILITY;NOT_USPS_VALIDITY;NO_INVENTORY
04758,EXACT_IMLS_OUTLET_ZIP,ME0133,002,,EXACT_OUTLET;TIE_FSCSKEY_SEQ,EXACT_OUTLET;NOT_USPS_VALIDITY;NO_INVENTORY
04760,ZCTA_NEAREST_ACTIVE_OUTLET,ME0133,002,20.367,ZCTA_NN;R6371;TIE_FIRST_LEX,ZCTA_NN_HAVERSINE;NOT_ELIGIBILITY;NOT_USPS_VALIDITY;NO_INVENTORY
04761,ZCTA_NEAREST_ACTIVE_OUTLET,ME0104,002,10.709,ZCTA_NN;R6371;TIE_FIRST_LEX,ZCTA_NN_HAVERSINE;NOT_ELIGIBILITY;NOT_USPS_VALIDITY;NO_INVENTORY
04762,ZCTA_NEAREST_ACTIVE_OUTLET,ME0042,002,15.097,ZCTA_NN;R6371;TIE_FIRST_LEX,ZCTA_NN_HAVERSINE;NOT_ELIGIBILITY;NOT_USPS_VALIDITY;NO_INVENTORY
04763,ZCTA_NEAREST_ACTIVE_OUTLET,ME0106,002,14.019,ZCTA_NN;R6371;TIE_FIRST_LEX,ZCTA_NN_HAVERSINE;NOT_ELIGIBILITY;NOT_USPS_VALIDITY;NO_INVENTORY
04764,ZCTA_NEAREST_ACTIVE_OUTLET,ME0008,002,29.710,ZCTA_NN;R6371;TIE_FIRST_LEX,ZCTA_NN_HAVERSINE;NOT_ELIGIBILITY;NOT_USPS_VALIDITY;NO_INVENTORY
04765,EXACT_IMLS_OUTLET_ZIP,ME0169,002,,EXACT_OUTLET;TIE_FSCSKEY_SEQ,EXACT_OUTLET;NOT_USPS_VALIDITY;NO_INVENTORY
04766,ZCTA_NEAREST_ACTIVE_OUTLET,ME0219,002,12.224,ZCTA_NN;R6371;TIE_FIRST_LEX,ZCTA_NN_HAVERSINE;NOT_ELIGIBILITY;NOT_USPS_VALIDITY;NO_INVENTORY
04768,ZCTA_NEAREST_ACTIVE_OUTLET,ME0309,001,31.829,ZCTA_NN;R6371;TIE_FIRST_LEX,ZCTA_NN_HAVERSINE;NOT_ELIGIBILITY;NOT_USPS_VALIDITY;NO_INVENTORY
04769,EXACT_IMLS_OUTLET_ZIP,ME0175,002,,EXACT_OUTLET;TIE_FSCSKEY_SEQ,EXACT_OUTLET;NOT_USPS_VALIDITY;NO_INVENTORY
04772,EXACT_IMLS_OUTLET_ZIP,ME0315,001,,EXACT_OUTLET;TIE_FSCSKEY_SEQ,EXACT_OUTLET;NOT_USPS_VALIDITY;NO_INVENTORY
04773,ZCTA_NEAREST_ACTIVE_OUTLET,ME0315,001,7.286,ZCTA_NN;R6371;TIE_FIRST_LEX,ZCTA_NN_HAVERSINE;NOT_ELIGIBILITY;NOT_USPS_VALIDITY;NO_INVENTORY
04774,EXACT_IMLS_OUTLET_ZIP,ME0309,001,,EXACT_OUTLET;TIE_FSCSKEY_SEQ,EXACT_OUTLET;NOT_USPS_VALIDITY;NO_INVENTORY
04776,EXACT_IMLS_OUTLET_ZIP,ME0194,002,,EXACT_OUTLET;TIE_FSCSKEY_SEQ,EXACT_OUTLET;NOT_USPS_VALIDITY;NO_INVENTORY
04777,ZCTA_NEAREST_ACTIVE_OUTLET,ME0194,002,7.475,ZCTA_NN;R6371;TIE_FIRST_LEX,ZCTA_NN_HAVERSINE;NOT_ELIGIBILITY;NOT_USPS_VALIDITY;NO_INVENTORY
04779,ZCTA_NEAREST_ACTIVE_OUTLET,ME0315,001,14.120,ZCTA_NN;R6371;TIE_FIRST_LEX,ZCTA_NN_HAVERSINE;NOT_ELIGIBILITY;NOT_USPS_VALIDITY;NO_INVENTORY
04780,ZCTA_NEAREST_ACTIVE_OUTLET,ME0106,002,17.948,ZCTA_NN;R6371;TIE_FIRST_LEX,ZCTA_NN_HAVERSINE;NOT_ELIGIBILITY;NOT_USPS_VALIDITY;NO_INVENTORY
04781,ZCTA_NEAREST_ACTIVE_OUTLET,ME0079,002,11.262,ZCTA_NN;R6371;TIE_FIRST_LEX,ZCTA_NN_HAVERSINE;NOT_ELIGIBILITY;NOT_USPS_VALIDITY;NO_INVENTORY
04783,ZCTA_NEAREST_ACTIVE_OUTLET,ME0215,002,23.279,ZCTA_NN;R6371;TIE_FIRST_LEX,ZCTA_NN_HAVERSINE;NOT_ELIGIBILITY;NOT_USPS_VALIDITY;NO_INVENTORY
04785,EXACT_IMLS_OUTLET_ZIP,ME0215,002,,EXACT_OUTLET;TIE_FSCSKEY_SEQ,EXACT_OUTLET;NOT_USPS_VALIDITY;NO_INVENTORY
04786,EXACT_IMLS_OUTLET_ZIP,ME0219,002,,EXACT_OUTLET;TIE_FSCSKEY_SEQ,EXACT_OUTLET;NOT_USPS_VALIDITY;NO_INVENTORY
04787,ZCTA_NEAREST_ACTIVE_OUTLET,ME0133,002,7.842,ZCTA_NN;R6371;TIE_FIRST_LEX,ZCTA_NN_HAVERSINE;NOT_ELIGIBILITY;NOT_USPS_VALIDITY;NO_INVENTORY
04841,EXACT_IMLS_OUTLET_ZIP,ME0181,002,,EXACT_OUTLET;TIE_FSCSKEY_SEQ,EXACT_OUTLET;NOT_USPS_VALIDITY;NO_INVENTORY
04843,EXACT_IMLS_OUTLET_ZIP,ME0039,002,,EXACT_OUTLET;TIE_FSCSKEY_SEQ,EXACT_OUTLET;NOT_USPS_VALIDITY;NO_INVENTORY
04847,EXACT_IMLS_OUTLET_ZIP,ME0286,002,,EXACT_OUTLET;TIE_FSCSKEY_SEQ,EXACT_OUTLET;NOT_USPS_VALIDITY;NO_INVENTORY
04848,EXACT_IMLS_OUTLET_ZIP,ME0108,002,,EXACT_OUTLET;TIE_FSCSKEY_SEQ,EXACT_OUTLET;NOT_USPS_VALIDITY;NO_INVENTORY
04849,EXACT_IMLS_OUTLET_ZIP,ME0318,001,,EXACT_OUTLET;TIE_FSCSKEY_SEQ,EXACT_OUTLET;NOT_USPS_VALIDITY;NO_INVENTORY
04850,OBSERVED_REFERENCE_INDIRECT_ONLY,,,,INDIRECT_IMLS_SC;NO_FABRICATED_NEAREST,INDIRECT_IMLS_SC;NO_FABRICATED_NEAREST;NOT_REJECTED;NOT_USPS_VALIDITY;NO_INVENTORY
04851,ZCTA_NEAREST_ACTIVE_OUTLET,ME0217,002,21.399,ZCTA_NN;R6371;TIE_FIRST_LEX,ZCTA_NN_HAVERSINE;NOT_ELIGIBILITY;NOT_USPS_VALIDITY;NO_INVENTORY
04852,EXACT_IMLS_OUTLET_ZIP,ME0289,002,,EXACT_OUTLET;TIE_FSCSKEY_SEQ,EXACT_OUTLET;NOT_USPS_VALIDITY;NO_INVENTORY
04853,EXACT_IMLS_OUTLET_ZIP,ME0260,002,,EXACT_OUTLET;TIE_FSCSKEY_SEQ,EXACT_OUTLET;NOT_USPS_VALIDITY;NO_INVENTORY
04854,ZCTA_NEAREST_ACTIVE_OUTLET,ME0308,001,3.019,ZCTA_NN;R6371;TIE_FIRST_LEX,ZCTA_NN_HAVERSINE;NOT_ELIGIBILITY;NOT_USPS_VALIDITY;NO_INVENTORY
04855,ZCTA_NEAREST_ACTIVE_OUTLET,ME0082,002,6.872,ZCTA_NN;R6371;TIE_FIRST_LEX,ZCTA_NN_HAVERSINE;NOT_ELIGIBILITY;NOT_USPS_VALIDITY;NO_INVENTORY
04856,EXACT_IMLS_OUTLET_ZIP,ME0182,002,,EXACT_OUTLET;TIE_FSCSKEY_SEQ,EXACT_OUTLET;NOT_USPS_VALIDITY;NO_INVENTORY
04858,EXACT_IMLS_OUTLET_ZIP,ME0308,001,,EXACT_OUTLET;TIE_FSCSKEY_SEQ,EXACT_OUTLET;NOT_USPS_VALIDITY;NO_INVENTORY
04859,ZCTA_NEAREST_ACTIVE_OUTLET,ME0185,002,5.535,ZCTA_NN;R6371;TIE_FIRST_LEX,ZCTA_NN_HAVERSINE;NOT_ELIGIBILITY;NOT_USPS_VALIDITY;NO_INVENTORY
04860,EXACT_IMLS_OUTLET_ZIP,ME0185,002,,EXACT_OUTLET;TIE_FSCSKEY_SEQ,EXACT_OUTLET;NOT_USPS_VALIDITY;NO_INVENTORY
04861,EXACT_IMLS_OUTLET_ZIP,ME0209,002,,EXACT_OUTLET;TIE_FSCSKEY_SEQ,EXACT_OUTLET;NOT_USPS_VALIDITY;NO_INVENTORY
04862,EXACT_IMLS_OUTLET_ZIP,ME0213,002,,EXACT_OUTLET;TIE_FSCSKEY_SEQ,EXACT_OUTLET;NOT_USPS_VALIDITY;NO_INVENTORY
04863,EXACT_IMLS_OUTLET_ZIP,ME0217,002,,EXACT_OUTLET;TIE_FSCSKEY_SEQ,EXACT_OUTLET;NOT_USPS_VALIDITY;NO_INVENTORY
04864,EXACT_IMLS_OUTLET_ZIP,ME0281,002,,EXACT_OUTLET;TIE_FSCSKEY_SEQ,EXACT_OUTLET;NOT_USPS_VALIDITY;NO_INVENTORY
04865,OBSERVED_REFERENCE_INDIRECT_ONLY,,,,INDIRECT_IMLS_SC;NO_FABRICATED_NEAREST,INDIRECT_IMLS_SC;NO_FABRICATED_NEAREST;NOT_REJECTED;NOT_USPS_VALIDITY;NO_INVENTORY
04901,EXACT_IMLS_OUTLET_ZIP,ME0221,002,,EXACT_OUTLET;TIE_FSCSKEY_SEQ,EXACT_OUTLET;NOT_USPS_VALIDITY;NO_INVENTORY
04903,OBSERVED_REFERENCE_INDIRECT_ONLY,,,,INDIRECT_IMLS_SC;NO_FABRICATED_NEAREST,INDIRECT_IMLS_SC;NO_FABRICATED_NEAREST;NOT_REJECTED;NOT_USPS_VALIDITY;NO_INVENTORY
04910,EXACT_IMLS_OUTLET_ZIP,ME0003,002,,EXACT_OUTLET;TIE_FSCSKEY_SEQ,EXACT_OUTLET;NOT_USPS_VALIDITY;NO_INVENTORY
04911,ZCTA_NEAREST_ACTIVE_OUTLET,ME0132,002,7.389,ZCTA_NN;R6371;TIE_FIRST_LEX,ZCTA_NN_HAVERSINE;NOT_ELIGIBILITY;NOT_USPS_VALIDITY;NO_INVENTORY
04912,ZCTA_NEAREST_ACTIVE_OUTLET,ME0196,002,15.199,ZCTA_NN;R6371;TIE_FIRST_LEX,ZCTA_NN_HAVERSINE;NOT_ELIGIBILITY;NOT_USPS_VALIDITY;NO_INVENTORY
04915,EXACT_IMLS_OUTLET_ZIP,ME0016,002,,EXACT_OUTLET;TIE_FSCSKEY_SEQ,EXACT_OUTLET;NOT_USPS_VALIDITY;NO_INVENTORY
04917,EXACT_IMLS_OUTLET_ZIP,ME0306,001,,EXACT_OUTLET;TIE_FSCSKEY_SEQ,EXACT_OUTLET;NOT_USPS_VALIDITY;NO_INVENTORY
04918,ZCTA_NEAREST_ACTIVE_OUTLET,ME0306,001,10.792,ZCTA_NN;R6371;TIE_FIRST_LEX,ZCTA_NN_HAVERSINE;NOT_ELIGIBILITY;NOT_USPS_VALIDITY;NO_INVENTORY
04920,EXACT_IMLS_OUTLET_ZIP,ME0019,002,,EXACT_OUTLET;TIE_FSCSKEY_SEQ,EXACT_OUTLET;NOT_USPS_VALIDITY;NO_INVENTORY
04921,ZCTA_NEAREST_ACTIVE_OUTLET,ME0292,002,10.609,ZCTA_NN;R6371;TIE_FIRST_LEX,ZCTA_NN_HAVERSINE;NOT_ELIGIBILITY;NOT_USPS_VALIDITY;NO_INVENTORY
04922,ZCTA_NEAREST_ACTIVE_OUTLET,ME0320,001,8.021,ZCTA_NN;R6371;TIE_FIRST_LEX,ZCTA_NN_HAVERSINE;NOT_ELIGIBILITY;NOT_USPS_VALIDITY;NO_INVENTORY
04923,ZCTA_NEAREST_ACTIVE_OUTLET,ME0166,002,9.313,ZCTA_NN;R6371;TIE_FIRST_LEX,ZCTA_NN_HAVERSINE;NOT_ELIGIBILITY;NOT_USPS_VALIDITY;NO_INVENTORY
04924,EXACT_IMLS_OUTLET_ZIP,ME0040,002,,EXACT_OUTLET;TIE_FSCSKEY_SEQ,EXACT_OUTLET;NOT_USPS_VALIDITY;NO_INVENTORY
04925,ZCTA_NEAREST_ACTIVE_OUTLET,ME0019,002,17.372,ZCTA_NN;R6371;TIE_FIRST_LEX,ZCTA_NN_HAVERSINE;NOT_ELIGIBILITY;NOT_USPS_VALIDITY;NO_INVENTORY
04926,ZCTA_NEAREST_ACTIVE_OUTLET,ME0257,002,0.147,ZCTA_NN;R6371;TIE_FIRST_LEX,ZCTA_NN_HAVERSINE;NOT_ELIGIBILITY;NOT_USPS_VALIDITY;NO_INVENTORY
04927,EXACT_IMLS_OUTLET_ZIP,ME0266,002,,EXACT_OUTLET;TIE_FSCSKEY_SEQ,EXACT_OUTLET;NOT_USPS_VALIDITY;NO_INVENTORY
04928,EXACT_IMLS_OUTLET_ZIP,ME0053,002,,EXACT_OUTLET;TIE_FSCSKEY_SEQ,EXACT_OUTLET;NOT_USPS_VALIDITY;NO_INVENTORY
04929,ZCTA_NEAREST_ACTIVE_OUTLET,ME0172,002,6.535,ZCTA_NN;R6371;TIE_FIRST_LEX,ZCTA_NN_HAVERSINE;NOT_ELIGIBILITY;NOT_USPS_VALIDITY;NO_INVENTORY
04930,EXACT_IMLS_OUTLET_ZIP,ME0064,002,,EXACT_OUTLET;TIE_FSCSKEY_SEQ,EXACT_OUTLET;NOT_USPS_VALIDITY;NO_INVENTORY
04932,ZCTA_NEAREST_ACTIVE_OUTLET,ME0043,002,13.216,ZCTA_NN;R6371;TIE_FIRST_LEX,ZCTA_NN_HAVERSINE;NOT_ELIGIBILITY;NOT_USPS_VALIDITY;NO_INVENTORY
04935,EXACT_IMLS_OUTLET_ZIP,ME0216,002,,EXACT_OUTLET;TIE_FSCSKEY_SEQ,EXACT_OUTLET;NOT_USPS_VALIDITY;NO_INVENTORY
04936,ZCTA_NEAREST_ACTIVE_OUTLET,ME0073,002,29.463,ZCTA_NN;R6371;TIE_FIRST_LEX,ZCTA_NN_HAVERSINE;NOT_ELIGIBILITY;NOT_USPS_VALIDITY;NO_INVENTORY
04937,EXACT_IMLS_OUTLET_ZIP,ME0074,002,,EXACT_OUTLET;TIE_FSCSKEY_SEQ,EXACT_OUTLET;NOT_USPS_VALIDITY;NO_INVENTORY
04938,EXACT_IMLS_OUTLET_ZIP,ME0076,002,,EXACT_OUTLET;TIE_FSCSKEY_SEQ,EXACT_OUTLET;NOT_USPS_VALIDITY;NO_INVENTORY
04939,ZCTA_NEAREST_ACTIVE_OUTLET,ME0064,002,11.843,ZCTA_NN;R6371;TIE_FIRST_LEX,ZCTA_NN_HAVERSINE;NOT_ELIGIBILITY;NOT_USPS_VALIDITY;NO_INVENTORY
04940,ZCTA_NEAREST_ACTIVE_OUTLET,ME0149,002,5.051,ZCTA_NN;R6371;TIE_FIRST_LEX,ZCTA_NN_HAVERSINE;NOT_ELIGIBILITY;NOT_USPS_VALIDITY;NO_INVENTORY
04941,ZCTA_NEAREST_ACTIVE_OUTLET,ME0287,002,8.814,ZCTA_NN;R6371;TIE_FIRST_LEX,ZCTA_NN_HAVERSINE;NOT_ELIGIBILITY;NOT_USPS_VALIDITY;NO_INVENTORY
04942,ZCTA_NEAREST_ACTIVE_OUTLET,ME0166,002,15.441,ZCTA_NN;R6371;TIE_FIRST_LEX,ZCTA_NN_HAVERSINE;NOT_ELIGIBILITY;NOT_USPS_VALIDITY;NO_INVENTORY
04943,EXACT_IMLS_OUTLET_ZIP,ME0100,002,,EXACT_OUTLET;TIE_FSCSKEY_SEQ,EXACT_OUTLET;NOT_USPS_VALIDITY;NO_INVENTORY
04944,ZCTA_NEAREST_ACTIVE_OUTLET,ME0040,002,10.345,ZCTA_NN;R6371;TIE_FIRST_LEX,ZCTA_NN_HAVERSINE;NOT_ELIGIBILITY;NOT_USPS_VALIDITY;NO_INVENTORY
04945,EXACT_IMLS_OUTLET_ZIP,ME0109,002,,EXACT_OUTLET;TIE_FSCSKEY_SEQ,EXACT_OUTLET;NOT_USPS_VALIDITY;NO_INVENTORY
04947,EXACT_IMLS_OUTLET_ZIP,ME0044,002,,EXACT_OUTLET;TIE_FSCSKEY_SEQ,EXACT_OUTLET;NOT_USPS_VALIDITY;NO_INVENTORY
04949,EXACT_IMLS_OUTLET_ZIP,ME0287,002,,EXACT_OUTLET;TIE_FSCSKEY_SEQ,EXACT_OUTLET;NOT_USPS_VALIDITY;NO_INVENTORY
04950,EXACT_IMLS_OUTLET_ZIP,ME0132,002,,EXACT_OUTLET;TIE_FSCSKEY_SEQ,EXACT_OUTLET;NOT_USPS_VALIDITY;NO_INVENTORY
04951,EXACT_IMLS_OUTLET_ZIP,ME0292,002,,EXACT_OUTLET;TIE_FSCSKEY_SEQ,EXACT_OUTLET;NOT_USPS_VALIDITY;NO_INVENTORY
04952,ZCTA_NEAREST_ACTIVE_OUTLET,ME0244,002,6.899,ZCTA_NN;R6371;TIE_FIRST_LEX,ZCTA_NN_HAVERSINE;NOT_ELIGIBILITY;NOT_USPS_VALIDITY;NO_INVENTORY
04953,EXACT_IMLS_OUTLET_ZIP,ME0152,002,,EXACT_OUTLET;TIE_FSCSKEY_SEQ,EXACT_OUTLET;NOT_USPS_VALIDITY;NO_INVENTORY
04955,EXACT_IMLS_OUTLET_ZIP,ME0149,002,,EXACT_OUTLET;TIE_FSCSKEY_SEQ,EXACT_OUTLET;NOT_USPS_VALIDITY;NO_INVENTORY
04956,EXACT_IMLS_OUTLET_ZIP,ME0150,002,,EXACT_OUTLET;TIE_FSCSKEY_SEQ,EXACT_OUTLET;NOT_USPS_VALIDITY;NO_INVENTORY
04957,EXACT_IMLS_OUTLET_ZIP,ME0136,002,,EXACT_OUTLET;TIE_FSCSKEY_SEQ,EXACT_OUTLET;NOT_USPS_VALIDITY;NO_INVENTORY
04958,EXACT_IMLS_OUTLET_ZIP,ME0006,002,,EXACT_OUTLET;TIE_FSCSKEY_SEQ,EXACT_OUTLET;NOT_USPS_VALIDITY;NO_INVENTORY
04961,EXACT_IMLS_OUTLET_ZIP,ME0242,002,,EXACT_OUTLET;TIE_FSCSKEY_SEQ,EXACT_OUTLET;NOT_USPS_VALIDITY;NO_INVENTORY
04962,OBSERVED_REFERENCE_INDIRECT_ONLY,,,,INDIRECT_IMLS_SC;NO_FABRICATED_NEAREST,INDIRECT_IMLS_SC;NO_FABRICATED_NEAREST;NOT_REJECTED;NOT_USPS_VALIDITY;NO_INVENTORY
04963,EXACT_IMLS_OUTLET_ZIP,ME0157,002,,EXACT_OUTLET;TIE_FSCSKEY_SEQ,EXACT_OUTLET;NOT_USPS_VALIDITY;NO_INVENTORY
04964,ZCTA_NEAREST_ACTIVE_OUTLET,ME0177,002,14.624,ZCTA_NN;R6371;TIE_FIRST_LEX,ZCTA_NN_HAVERSINE;NOT_ELIGIBILITY;NOT_USPS_VALIDITY;NO_INVENTORY
04965,ZCTA_NEAREST_ACTIVE_OUTLET,ME0172,002,6.879,ZCTA_NN;R6371;TIE_FIRST_LEX,ZCTA_NN_HAVERSINE;NOT_ELIGIBILITY;NOT_USPS_VALIDITY;NO_INVENTORY
04966,EXACT_IMLS_OUTLET_ZIP,ME0170,002,,EXACT_OUTLET;TIE_FSCSKEY_SEQ,EXACT_OUTLET;NOT_USPS_VALIDITY;NO_INVENTORY
04967,EXACT_IMLS_OUTLET_ZIP,ME0172,002,,EXACT_OUTLET;TIE_FSCSKEY_SEQ,EXACT_OUTLET;NOT_USPS_VALIDITY;NO_INVENTORY
04969,ZCTA_NEAREST_ACTIVE_OUTLET,ME0152,002,6.312,ZCTA_NN;R6371;TIE_FIRST_LEX,ZCTA_NN_HAVERSINE;NOT_ELIGIBILITY;NOT_USPS_VALIDITY;NO_INVENTORY
04970,EXACT_IMLS_OUTLET_ZIP,ME0177,002,,EXACT_OUTLET;TIE_FSCSKEY_SEQ,EXACT_OUTLET;NOT_USPS_VALIDITY;NO_INVENTORY
04971,ZCTA_NEAREST_ACTIVE_OUTLET,ME0100,002,7.437,ZCTA_NN;R6371;TIE_FIRST_LEX,ZCTA_NN_HAVERSINE;NOT_ELIGIBILITY;NOT_USPS_VALIDITY;NO_INVENTORY
04973,EXACT_IMLS_OUTLET_ZIP,ME0244,002,,EXACT_OUTLET;TIE_FSCSKEY_SEQ,EXACT_OUTLET;NOT_USPS_VALIDITY;NO_INVENTORY
04974,EXACT_IMLS_OUTLET_ZIP,ME0190,002,,EXACT_OUTLET;TIE_FSCSKEY_SEQ,EXACT_OUTLET;NOT_USPS_VALIDITY;NO_INVENTORY
04975,ZCTA_NEAREST_ACTIVE_OUTLET,ME0074,002,4.232,ZCTA_NN;R6371;TIE_FIRST_LEX,ZCTA_NN_HAVERSINE;NOT_ELIGIBILITY;NOT_USPS_VALIDITY;NO_INVENTORY
04976,EXACT_IMLS_OUTLET_ZIP,ME0195,002,,EXACT_OUTLET;TIE_FSCSKEY_SEQ,EXACT_OUTLET;NOT_USPS_VALIDITY;NO_INVENTORY
04978,ZCTA_NEAREST_ACTIVE_OUTLET,ME0153,002,7.819,ZCTA_NN;R6371;TIE_FIRST_LEX,ZCTA_NN_HAVERSINE;NOT_ELIGIBILITY;NOT_USPS_VALIDITY;NO_INVENTORY
04979,EXACT_IMLS_OUTLET_ZIP,ME0196,002,,EXACT_OUTLET;TIE_FSCSKEY_SEQ,EXACT_OUTLET;NOT_USPS_VALIDITY;NO_INVENTORY
04981,EXACT_IMLS_OUTLET_ZIP,ME0311,001,,EXACT_OUTLET;TIE_FSCSKEY_SEQ,EXACT_OUTLET;NOT_USPS_VALIDITY;NO_INVENTORY
04982,EXACT_IMLS_OUTLET_ZIP,ME0073,002,,EXACT_OUTLET;TIE_FSCSKEY_SEQ,EXACT_OUTLET;NOT_USPS_VALIDITY;NO_INVENTORY
04983,EXACT_IMLS_OUTLET_ZIP,ME0254,002,,EXACT_OUTLET;TIE_FSCSKEY_SEQ,EXACT_OUTLET;NOT_USPS_VALIDITY;NO_INVENTORY
04984,ZCTA_NEAREST_ACTIVE_OUTLET,ME0076,002,9.868,ZCTA_NN;R6371;TIE_FIRST_LEX,ZCTA_NN_HAVERSINE;NOT_ELIGIBILITY;NOT_USPS_VALIDITY;NO_INVENTORY
04985,ZCTA_NEAREST_ACTIVE_OUTLET,ME0092,002,25.718,ZCTA_NN;R6371;TIE_FIRST_LEX,ZCTA_NN_HAVERSINE;NOT_ELIGIBILITY;NOT_USPS_VALIDITY;NO_INVENTORY
04986,ZCTA_NEAREST_ACTIVE_OUTLET,ME0320,001,12.048,ZCTA_NN;R6371;TIE_FIRST_LEX,ZCTA_NN_HAVERSINE;NOT_ELIGIBILITY;NOT_USPS_VALIDITY;NO_INVENTORY
04987,ZCTA_NEAREST_ACTIVE_OUTLET,ME0320,001,9.652,ZCTA_NN;R6371;TIE_FIRST_LEX,ZCTA_NN_HAVERSINE;NOT_ELIGIBILITY;NOT_USPS_VALIDITY;NO_INVENTORY
04988,EXACT_IMLS_OUTLET_ZIP,ME0320,001,,EXACT_OUTLET;TIE_FSCSKEY_SEQ,EXACT_OUTLET;NOT_USPS_VALIDITY;NO_INVENTORY
04989,ZCTA_NEAREST_ACTIVE_OUTLET,ME0216,002,3.797,ZCTA_NN;R6371;TIE_FIRST_LEX,ZCTA_NN_HAVERSINE;NOT_ELIGIBILITY;NOT_USPS_VALIDITY;NO_INVENTORY
04992,ZCTA_NEAREST_ACTIVE_OUTLET,ME0076,002,1.254,ZCTA_NN;R6371;TIE_FIRST_LEX,ZCTA_NN_HAVERSINE;NOT_ELIGIBILITY;NOT_USPS_VALIDITY;NO_INVENTORY
05001,ZCTA_NEAREST_ACTIVE_OUTLET,VT0197,002,3.654,ZCTA_NN;R6371;TIE_FIRST_LEX,ZCTA_NN_HAVERSINE;NOT_ELIGIBILITY;NOT_USPS_VALIDITY;NO_INVENTORY
05009,ZCTA_NEAREST_ACTIVE_OUTLET,VT0197,002,1.530,ZCTA_NN;R6371;TIE_FIRST_LEX,ZCTA_NN_HAVERSINE;NOT_ELIGIBILITY;NOT_USPS_VALIDITY;NO_INVENTORY
05030,EXACT_IMLS_OUTLET_ZIP,VT0175,002,,EXACT_OUTLET;TIE_FSCSKEY_SEQ,EXACT_OUTLET;NOT_USPS_VALIDITY;NO_INVENTORY
05031,EXACT_IMLS_OUTLET_ZIP,VT0008,002,,EXACT_OUTLET;TIE_FSCSKEY_SEQ,EXACT_OUTLET;NOT_USPS_VALIDITY;NO_INVENTORY
05032,EXACT_IMLS_OUTLET_ZIP,VT0017,002,,EXACT_OUTLET;TIE_FSCSKEY_SEQ,EXACT_OUTLET;NOT_USPS_VALIDITY;NO_INVENTORY
05033,EXACT_IMLS_OUTLET_ZIP,VT0018,002,,EXACT_OUTLET;TIE_FSCSKEY_SEQ,EXACT_OUTLET;NOT_USPS_VALIDITY;NO_INVENTORY
05034,ZCTA_NEAREST_ACTIVE_OUTLET,VT0196,002,8.906,ZCTA_NN;R6371;TIE_FIRST_LEX,ZCTA_NN_HAVERSINE;NOT_ELIGIBILITY;NOT_USPS_VALIDITY;NO_INVENTORY
05035,ZCTA_NEAREST_ACTIVE_OUTLET,VT0142,002,9.959,ZCTA_NN;R6371;TIE_FIRST_LEX,ZCTA_NN_HAVERSINE;NOT_ELIGIBILITY;NOT_USPS_VALIDITY;NO_INVENTORY
05036,EXACT_IMLS_OUTLET_ZIP,VT0025,002,,EXACT_OUTLET;TIE_FSCSKEY_SEQ,EXACT_OUTLET;NOT_USPS_VALIDITY;NO_INVENTORY
05037,EXACT_IMLS_OUTLET_ZIP,VT0184,002,,EXACT_OUTLET;TIE_FSCSKEY_SEQ,EXACT_OUTLET;NOT_USPS_VALIDITY;NO_INVENTORY
05038,EXACT_IMLS_OUTLET_ZIP,VT0036,002,,EXACT_OUTLET;TIE_FSCSKEY_SEQ,EXACT_OUTLET;NOT_USPS_VALIDITY;NO_INVENTORY
05039,ZCTA_NEAREST_ACTIVE_OUTLET,VT0213,002,7.266,ZCTA_NN;R6371;TIE_FIRST_LEX,ZCTA_NN_HAVERSINE;NOT_ELIGIBILITY;NOT_USPS_VALIDITY;NO_INVENTORY
05040,EXACT_IMLS_OUTLET_ZIP,VT0213,002,,EXACT_OUTLET;TIE_FSCSKEY_SEQ,EXACT_OUTLET;NOT_USPS_VALIDITY;NO_INVENTORY
05041,ZCTA_NEAREST_ACTIVE_OUTLET,VT0036,002,8.138,ZCTA_NN;R6371;TIE_FIRST_LEX,ZCTA_NN_HAVERSINE;NOT_ELIGIBILITY;NOT_USPS_VALIDITY;NO_INVENTORY
05042,ZCTA_NEAREST_ACTIVE_OUTLET,NH0046,002,4.956,ZCTA_NN;R6371;TIE_FIRST_LEX,ZCTA_NN_HAVERSINE;NOT_ELIGIBILITY;NOT_USPS_VALIDITY;NO_INVENTORY
05043,ZCTA_NEAREST_ACTIVE_OUTLET,VT0155,002,2.013,ZCTA_NN;R6371;TIE_FIRST_LEX,ZCTA_NN_HAVERSINE;NOT_ELIGIBILITY;NOT_USPS_VALIDITY;NO_INVENTORY
05045,EXACT_IMLS_OUTLET_ZIP,VT0058,002,,EXACT_OUTLET;TIE_FSCSKEY_SEQ,EXACT_OUTLET;NOT_USPS_VALIDITY;NO_INVENTORY
05046,EXACT_IMLS_OUTLET_ZIP,VT0066,002,,EXACT_OUTLET;TIE_FSCSKEY_SEQ,EXACT_OUTLET;NOT_USPS_VALIDITY;NO_INVENTORY
05047,EXACT_IMLS_OUTLET_ZIP,VT0197,002,,EXACT_OUTLET;TIE_FSCSKEY_SEQ,EXACT_OUTLET;NOT_USPS_VALIDITY;NO_INVENTORY
05048,EXACT_IMLS_OUTLET_ZIP,VT0072,002,,EXACT_OUTLET;TIE_FSCSKEY_SEQ,EXACT_OUTLET;NOT_USPS_VALIDITY;NO_INVENTORY
05049,OBSERVED_REFERENCE_INDIRECT_ONLY,,,,INDIRECT_IMLS_SC;NO_FABRICATED_NEAREST,INDIRECT_IMLS_SC;NO_FABRICATED_NEAREST;NOT_REJECTED;NOT_USPS_VALIDITY;NO_INVENTORY
05050,ZCTA_NEAREST_ACTIVE_OUTLET,NH0046,002,0.982,ZCTA_NN;R6371;TIE_FIRST_LEX,ZCTA_NN_HAVERSINE;NOT_ELIGIBILITY;NOT_USPS_VALIDITY;NO_INVENTORY
05051,EXACT_IMLS_OUTLET_ZIP,VT0103,002,,EXACT_OUTLET;TIE_FSCSKEY_SEQ,EXACT_OUTLET;NOT_USPS_VALIDITY;NO_INVENTORY
05052,ZCTA_NEAREST_ACTIVE_OUTLET,NH0080,002,6.868,ZCTA_NN;R6371;TIE_FIRST_LEX,ZCTA_NN_HAVERSINE;NOT_ELIGIBILITY;NOT_USPS_VALIDITY;NO_INVENTORY
05053,ZCTA_NEAREST_ACTIVE_OUTLET,VT0222,001,5.427,ZCTA_NN;R6371;TIE_FIRST_LEX,ZCTA_NN_HAVERSINE;NOT_ELIGIBILITY;NOT_USPS_VALIDITY;NO_INVENTORY
05054,OBSERVED_REFERENCE_INDIRECT_ONLY,,,,INDIRECT_IMLS_SC;NO_FABRICATED_NEAREST,INDIRECT_IMLS_SC;NO_FABRICATED_NEAREST;NOT_REJECTED;NOT_USPS_VALIDITY;NO_INVENTORY
05055,EXACT_IMLS_OUTLET_ZIP,VT0110,002,,EXACT_OUTLET;TIE_FSCSKEY_SEQ,EXACT_OUTLET;NOT_USPS_VALIDITY;NO_INVENTORY
05056,ZCTA_NEAREST_ACTIVE_OUTLET,VT0117,002,4.751,ZCTA_NN;R6371;TIE_FIRST_LEX,ZCTA_NN_HAVERSINE;NOT_ELIGIBILITY;NOT_USPS_VALIDITY;NO_INVENTORY
05058,EXACT_IMLS_OUTLET_ZIP,VT0157,002,,EXACT_OUTLET;TIE_FSCSKEY_SEQ,EXACT_OUTLET;NOT_USPS_VALIDITY;NO_INVENTORY
05059,EXACT_IMLS_OUTLET_ZIP,VT0198,001,,EXACT_OUTLET;TIE_FSCSKEY_SEQ,EXACT_OUTLET;NOT_USPS_VALIDITY;NO_INVENTORY
05060,EXACT_IMLS_OUTLET_ZIP,VT0123,002,,EXACT_OUTLET;TIE_FSCSKEY_SEQ,EXACT_OUTLET;NOT_USPS_VALIDITY;NO_INVENTORY
05061,ZCTA_NEAREST_ACTIVE_OUTLET,VT0123,002,7.419,ZCTA_NN;R6371;TIE_FIRST_LEX,ZCTA_NN_HAVERSINE;NOT_ELIGIBILITY;NOT_USPS_VALIDITY;NO_INVENTORY
05062,EXACT_IMLS_OUTLET_ZIP,VT0124,002,,EXACT_OUTLET;TIE_FSCSKEY_SEQ,EXACT_OUTLET;NOT_USPS_VALIDITY;NO_INVENTORY
05065,EXACT_IMLS_OUTLET_ZIP,VT0139,002,,EXACT_OUTLET;TIE_FSCSKEY_SEQ,EXACT_OUTLET;NOT_USPS_VALIDITY;NO_INVENTORY
05067,EXACT_IMLS_OUTLET_ZIP,VT0118,002,,EXACT_OUTLET;TIE_FSCSKEY_SEQ,EXACT_OUTLET;NOT_USPS_VALIDITY;NO_INVENTORY
05068,EXACT_IMLS_OUTLET_ZIP,VT0131,002,,EXACT_OUTLET;TIE_FSCSKEY_SEQ,EXACT_OUTLET;NOT_USPS_VALIDITY;NO_INVENTORY
05069,EXACT_IMLS_OUTLET_ZIP,VT0136,002,,EXACT_OUTLET;TIE_FSCSKEY_SEQ,EXACT_OUTLET;NOT_USPS_VALIDITY;NO_INVENTORY
05070,ZCTA_NEAREST_ACTIVE_OUTLET,VT0152,002,2.977,ZCTA_NN;R6371;TIE_FIRST_LEX,ZCTA_NN_HAVERSINE;NOT_ELIGIBILITY;NOT_USPS_VALIDITY;NO_INVENTORY
05071,ZCTA_NEAREST_ACTIVE_OUTLET,VT0196,002,7.712,ZCTA_NN;R6371;TIE_FIRST_LEX,ZCTA_NN_HAVERSINE;NOT_ELIGIBILITY;NOT_USPS_VALIDITY;NO_INVENTORY
05072,EXACT_IMLS_OUTLET_ZIP,VT0152,002,,EXACT_OUTLET;TIE_FSCSKEY_SEQ,EXACT_OUTLET;NOT_USPS_VALIDITY;NO_INVENTORY
05073,ZCTA_NEAREST_ACTIVE_OUTLET,VT0198,001,3.906,ZCTA_NN;R6371;TIE_FIRST_LEX,ZCTA_NN_HAVERSINE;NOT_ELIGIBILITY;NOT_USPS_VALIDITY;NO_INVENTORY
05074,EXACT_IMLS_OUTLET_ZIP,VT0155,002,,EXACT_OUTLET;TIE_FSCSKEY_SEQ,EXACT_OUTLET;NOT_USPS_VALIDITY;NO_INVENTORY
05075,ZCTA_NEAREST_ACTIVE_OUTLET,VT0157,002,4.895,ZCTA_NN;R6371;TIE_FIRST_LEX,ZCTA_NN_HAVERSINE;NOT_ELIGIBILITY;NOT_USPS_VALIDITY;NO_INVENTORY
05076,ZCTA_NEAREST_ACTIVE_OUTLET,VT0066,002,7.636,ZCTA_NN;R6371;TIE_FIRST_LEX,ZCTA_NN_HAVERSINE;NOT_ELIGIBILITY;NOT_USPS_VALIDITY;NO_INVENTORY
05077,EXACT_IMLS_OUTLET_ZIP,VT0161,002,,EXACT_OUTLET;TIE_FSCSKEY_SEQ,EXACT_OUTLET;NOT_USPS_VALIDITY;NO_INVENTORY
05079,EXACT_IMLS_OUTLET_ZIP,VT0217,001,,EXACT_OUTLET;TIE_FSCSKEY_SEQ,EXACT_OUTLET;NOT_USPS_VALIDITY;NO_INVENTORY
05081,EXACT_IMLS_OUTLET_ZIP,VT0104,002,,EXACT_OUTLET;TIE_FSCSKEY_SEQ,EXACT_OUTLET;NOT_USPS_VALIDITY;NO_INVENTORY
05083,EXACT_IMLS_OUTLET_ZIP,VT0218,001,,EXACT_OUTLET;TIE_FSCSKEY_SEQ,EXACT_OUTLET;NOT_USPS_VALIDITY;NO_INVENTORY
05084,EXACT_IMLS_OUTLET_ZIP,VT0222,001,,EXACT_OUTLET;TIE_FSCSKEY_SEQ,EXACT_OUTLET;NOT_USPS_VALIDITY;NO_INVENTORY
05086,ZCTA_NEAREST_ACTIVE_OUTLET,VT0213,002,8.037,ZCTA_NN;R6371;TIE_FIRST_LEX,ZCTA_NN_HAVERSINE;NOT_ELIGIBILITY;NOT_USPS_VALIDITY;NO_INVENTORY
05088,EXACT_IMLS_OUTLET_ZIP,VT0198,003,,EXACT_OUTLET;TIE_FSCSKEY_SEQ,EXACT_OUTLET;NOT_USPS_VALIDITY;NO_INVENTORY
05089,EXACT_IMLS_OUTLET_ZIP,VT0191,002,,EXACT_OUTLET;TIE_FSCSKEY_SEQ,EXACT_OUTLET;NOT_USPS_VALIDITY;NO_INVENTORY
05091,EXACT_IMLS_OUTLET_ZIP,VT0196,002,,EXACT_OUTLET;TIE_FSCSKEY_SEQ,EXACT_OUTLET;NOT_USPS_VALIDITY;NO_INVENTORY
05101,EXACT_IMLS_OUTLET_ZIP,VT0129,002,,EXACT_OUTLET;TIE_FSCSKEY_SEQ,EXACT_OUTLET;NOT_USPS_VALIDITY;NO_INVENTORY
05141,ZCTA_NEAREST_ACTIVE_OUTLET,VT0062,002,4.072,ZCTA_NN;R6371;TIE_FIRST_LEX,ZCTA_NN_HAVERSINE;NOT_ELIGIBILITY;NOT_USPS_VALIDITY;NO_INVENTORY
05142,ZCTA_NEAREST_ACTIVE_OUTLET,VT0034,002,4.833,ZCTA_NN;R6371;TIE_FIRST_LEX,ZCTA_NN_HAVERSINE;NOT_ELIGIBILITY;NOT_USPS_VALIDITY;NO_INVENTORY
05143,EXACT_IMLS_OUTLET_ZIP,VT0037,002,,EXACT_OUTLET;TIE_FSCSKEY_SEQ,EXACT_OUTLET;NOT_USPS_VALIDITY;NO_INVENTORY
05146,EXACT_IMLS_OUTLET_ZIP,VT0062,002,,EXACT_OUTLET;TIE_FSCSKEY_SEQ,EXACT_OUTLET;NOT_USPS_VALIDITY;NO_INVENTORY
05148,ZCTA_NEAREST_ACTIVE_OUTLET,VT0182,002,5.345,ZCTA_NN;R6371;TIE_FIRST_LEX,ZCTA_NN_HAVERSINE;NOT_ELIGIBILITY;NOT_USPS_VALIDITY;NO_INVENTORY
05149,EXACT_IMLS_OUTLET_ZIP,VT0086,002,,EXACT_OUTLET;TIE_FSCSKEY_SEQ,EXACT_OUTLET;NOT_USPS_VALIDITY;NO_INVENTORY
05150,ZCTA_NEAREST_ACTIVE_OUTLET,VT0147,002,5.763,ZCTA_NN;R6371;TIE_FIRST_LEX,ZCTA_NN_HAVERSINE;NOT_ELIGIBILITY;NOT_USPS_VALIDITY;NO_INVENTORY
05151,ZCTA_NEAREST_ACTIVE_OUTLET,VT0124,002,7.333,ZCTA_NN;R6371;TIE_FIRST_LEX,ZCTA_NN_HAVERSINE;NOT_ELIGIBILITY;NOT_USPS_VALIDITY;NO_INVENTORY
05152,ZCTA_NEAREST_ACTIVE_OUTLET,VT0192,002,10.290,ZCTA_NN;R6371;TIE_FIRST_LEX,ZCTA_NN_HAVERSINE;NOT_ELIGIBILITY;NOT_USPS_VALIDITY;NO_INVENTORY
05153,EXACT_IMLS_OUTLET_ZIP,VT0034,002,,EXACT_OUTLET;TIE_FSCSKEY_SEQ,EXACT_OUTLET;NOT_USPS_VALIDITY;NO_INVENTORY
05154,ZCTA_NEAREST_ACTIVE_OUTLET,NH0132,004,6.454,ZCTA_NN;R6371;TIE_FIRST_LEX,ZCTA_NN_HAVERSINE;NOT_ELIGIBILITY;NOT_USPS_VALIDITY;NO_INVENTORY
05155,EXACT_IMLS_OUTLET_ZIP,VT0084,002,,EXACT_OUTLET;TIE_FSCSKEY_SEQ,EXACT_OUTLET;NOT_USPS_VALIDITY;NO_INVENTORY
05156,EXACT_IMLS_OUTLET_ZIP,VT0147,002,,EXACT_OUTLET;TIE_FSCSKEY_SEQ,EXACT_OUTLET;NOT_USPS_VALIDITY;NO_INVENTORY
05158,EXACT_IMLS_OUTLET_ZIP,VT0180,002,,EXACT_OUTLET;TIE_FSCSKEY_SEQ,EXACT_OUTLET;NOT_USPS_VALIDITY;NO_INVENTORY
05159,OBSERVED_REFERENCE_INDIRECT_ONLY,,,,INDIRECT_IMLS_SC;NO_FABRICATED_NEAREST,INDIRECT_IMLS_SC;NO_FABRICATED_NEAREST;NOT_REJECTED;NOT_USPS_VALIDITY;NO_INVENTORY
05161,EXACT_IMLS_OUTLET_ZIP,VT0182,002,,EXACT_OUTLET;TIE_FSCSKEY_SEQ,EXACT_OUTLET;NOT_USPS_VALIDITY;NO_INVENTORY
05201,EXACT_IMLS_OUTLET_ZIP,VT0014,002,,EXACT_OUTLET;TIE_FSCSKEY_SEQ,EXACT_OUTLET;NOT_USPS_VALIDITY;NO_INVENTORY
05250,EXACT_IMLS_OUTLET_ZIP,VT0004,002,,EXACT_OUTLET;TIE_FSCSKEY_SEQ,EXACT_OUTLET;NOT_USPS_VALIDITY;NO_INVENTORY
05251,EXACT_IMLS_OUTLET_ZIP,VT0050,002,,EXACT_OUTLET;TIE_FSCSKEY_SEQ,EXACT_OUTLET;NOT_USPS_VALIDITY;NO_INVENTORY
05252,ZCTA_NEAREST_ACTIVE_OUTLET,VT0004,002,7.190,ZCTA_NN;R6371;TIE_FIRST_LEX,ZCTA_NN_HAVERSINE;NOT_ELIGIBILITY;NOT_USPS_VALIDITY;NO_INVENTORY
05253,ZCTA_NEAREST_ACTIVE_OUTLET,VT0050,002,8.203,ZCTA_NN;R6371;TIE_FIRST_LEX,ZCTA_NN_HAVERSINE;NOT_ELIGIBILITY;NOT_USPS_VALIDITY;NO_INVENTORY
05254,ZCTA_NEAREST_ACTIVE_OUTLET,VT0090,002,2.814,ZCTA_NN;R6371;TIE_FIRST_LEX,ZCTA_NN_HAVERSINE;NOT_ELIGIBILITY;NOT_USPS_VALIDITY;NO_INVENTORY
05255,EXACT_IMLS_OUTLET_ZIP,VT0090,002,,EXACT_OUTLET;TIE_FSCSKEY_SEQ,EXACT_OUTLET;NOT_USPS_VALIDITY;NO_INVENTORY
05257,EXACT_IMLS_OUTLET_ZIP,VT0015,002,,EXACT_OUTLET;TIE_FSCSKEY_SEQ,EXACT_OUTLET;NOT_USPS_VALIDITY;NO_INVENTORY
05260,ZCTA_NEAREST_ACTIVE_OUTLET,VT0120,002,5.211,ZCTA_NN;R6371;TIE_FIRST_LEX,ZCTA_NN_HAVERSINE;NOT_ELIGIBILITY;NOT_USPS_VALIDITY;NO_INVENTORY
05261,EXACT_IMLS_OUTLET_ZIP,VT0120,002,,EXACT_OUTLET;TIE_FSCSKEY_SEQ,EXACT_OUTLET;NOT_USPS_VALIDITY;NO_INVENTORY
05262,ZCTA_NEAREST_ACTIVE_OUTLET,VT0004,002,11.944,ZCTA_NN;R6371;TIE_FIRST_LEX,ZCTA_NN_HAVERSINE;NOT_ELIGIBILITY;NOT_USPS_VALIDITY;NO_INVENTORY
05301,EXACT_IMLS_OUTLET_ZIP,VT0020,005,,EXACT_OUTLET;TIE_FSCSKEY_SEQ,EXACT_OUTLET;NOT_USPS_VALIDITY;NO_INVENTORY
05302,OBSERVED_REFERENCE_INDIRECT_ONLY,,,,INDIRECT_IMLS_SC;NO_FABRICATED_NEAREST,INDIRECT_IMLS_SC;NO_FABRICATED_NEAREST;NOT_REJECTED;NOT_USPS_VALIDITY;NO_INVENTORY
05303,OBSERVED_REFERENCE_INDIRECT_ONLY,,,,INDIRECT_IMLS_SC;NO_FABRICATED_NEAREST,INDIRECT_IMLS_SC;NO_FABRICATED_NEAREST;NOT_REJECTED;NOT_USPS_VALIDITY;NO_INVENTORY
05304,OBSERVED_REFERENCE_INDIRECT_ONLY,,,,INDIRECT_IMLS_SC;NO_FABRICATED_NEAREST,INDIRECT_IMLS_SC;NO_FABRICATED_NEAREST;NOT_REJECTED;NOT_USPS_VALIDITY;NO_INVENTORY
05340,EXACT_IMLS_OUTLET_ZIP,VT0192,002,,EXACT_OUTLET;TIE_FSCSKEY_SEQ,EXACT_OUTLET;NOT_USPS_VALIDITY;NO_INVENTORY
05341,EXACT_IMLS_OUTLET_ZIP,VT0051,002,,EXACT_OUTLET;TIE_FSCSKEY_SEQ,EXACT_OUTLET;NOT_USPS_VALIDITY;NO_INVENTORY
05342,EXACT_IMLS_OUTLET_ZIP,VT0186,002,,EXACT_OUTLET;TIE_FSCSKEY_SEQ,EXACT_OUTLET;NOT_USPS_VALIDITY;NO_INVENTORY
05343,EXACT_IMLS_OUTLET_ZIP,VT0079,002,,EXACT_OUTLET;TIE_FSCSKEY_SEQ,EXACT_OUTLET;NOT_USPS_VALIDITY;NO_INVENTORY
05344,ZCTA_NEAREST_ACTIVE_OUTLET,VT0186,002,8.605,ZCTA_NN;R6371;TIE_FIRST_LEX,ZCTA_NN_HAVERSINE;NOT_ELIGIBILITY;NOT_USPS_VALIDITY;NO_INVENTORY
05345,EXACT_IMLS_OUTLET_ZIP,VT0105,002,,EXACT_OUTLET;TIE_FSCSKEY_SEQ,EXACT_OUTLET;NOT_USPS_VALIDITY;NO_INVENTORY
05346,EXACT_IMLS_OUTLET_ZIP,VT0122,002,,EXACT_OUTLET;TIE_FSCSKEY_SEQ,EXACT_OUTLET;NOT_USPS_VALIDITY;NO_INVENTORY
05350,EXACT_IMLS_OUTLET_ZIP,VT0125,002,,EXACT_OUTLET;TIE_FSCSKEY_SEQ,EXACT_OUTLET;NOT_USPS_VALIDITY;NO_INVENTORY
05351,ZCTA_NEAREST_ACTIVE_OUTLET,VT0051,002,6.400,ZCTA_NN;R6371;TIE_FIRST_LEX,ZCTA_NN_HAVERSINE;NOT_ELIGIBILITY;NOT_USPS_VALIDITY;NO_INVENTORY
05352,EXACT_IMLS_OUTLET_ZIP,VT0148,002,,EXACT_OUTLET;TIE_FSCSKEY_SEQ,EXACT_OUTLET;NOT_USPS_VALIDITY;NO_INVENTORY
05353,EXACT_IMLS_OUTLET_ZIP,VT0159,002,,EXACT_OUTLET;TIE_FSCSKEY_SEQ,EXACT_OUTLET;NOT_USPS_VALIDITY;NO_INVENTORY
05354,EXACT_IMLS_OUTLET_ZIP,VT0165,002,,EXACT_OUTLET;TIE_FSCSKEY_SEQ,EXACT_OUTLET;NOT_USPS_VALIDITY;NO_INVENTORY
05355,EXACT_IMLS_OUTLET_ZIP,VT0169,002,,EXACT_OUTLET;TIE_FSCSKEY_SEQ,EXACT_OUTLET;NOT_USPS_VALIDITY;NO_INVENTORY
05356,ZCTA_NEAREST_ACTIVE_OUTLET,VT0051,002,6.100,ZCTA_NN;R6371;TIE_FIRST_LEX,ZCTA_NN_HAVERSINE;NOT_ELIGIBILITY;NOT_USPS_VALIDITY;NO_INVENTORY
05357,EXACT_IMLS_OUTLET_ZIP,VT0208,002,,EXACT_OUTLET;TIE_FSCSKEY_SEQ,EXACT_OUTLET;NOT_USPS_VALIDITY;NO_INVENTORY
05358,ZCTA_NEAREST_ACTIVE_OUTLET,VT0186,002,7.999,ZCTA_NN;R6371;TIE_FIRST_LEX,ZCTA_NN_HAVERSINE;NOT_ELIGIBILITY;NOT_USPS_VALIDITY;NO_INVENTORY
05359,EXACT_IMLS_OUTLET_ZIP,VT0190,002,,EXACT_OUTLET;TIE_FSCSKEY_SEQ,EXACT_OUTLET;NOT_USPS_VALIDITY;NO_INVENTORY
05360,ZCTA_NEAREST_ACTIVE_OUTLET,VT0192,002,12.379,ZCTA_NN;R6371;TIE_FIRST_LEX,ZCTA_NN_HAVERSINE;NOT_ELIGIBILITY;NOT_USPS_VALIDITY;NO_INVENTORY
05361,ZCTA_NEAREST_ACTIVE_OUTLET,VT0186,002,4.667,ZCTA_NN;R6371;TIE_FIRST_LEX,ZCTA_NN_HAVERSINE;NOT_ELIGIBILITY;NOT_USPS_VALIDITY;NO_INVENTORY
05362,ZCTA_NEAREST_ACTIVE_OUTLET,VT0208,002,3.923,ZCTA_NN;R6371;TIE_FIRST_LEX,ZCTA_NN_HAVERSINE;NOT_ELIGIBILITY;NOT_USPS_VALIDITY;NO_INVENTORY
05363,EXACT_IMLS_OUTLET_ZIP,VT0189,002,,EXACT_OUTLET;TIE_FSCSKEY_SEQ,EXACT_OUTLET;NOT_USPS_VALIDITY;NO_INVENTORY
05401,EXACT_IMLS_OUTLET_ZIP,VT0029,002,,EXACT_OUTLET;TIE_FSCSKEY_SEQ,EXACT_OUTLET;NOT_USPS_VALIDITY;NO_INVENTORY
05402,OBSERVED_REFERENCE_INDIRECT_ONLY,,,,INDIRECT_IMLS_SC;NO_FABRICATED_NEAREST,INDIRECT_IMLS_SC;NO_FABRICATED_NEAREST;NOT_REJECTED;NOT_USPS_VALIDITY;NO_INVENTORY
05403,EXACT_IMLS_OUTLET_ZIP,VT0145,002,,EXACT_OUTLET;TIE_FSCSKEY_SEQ,EXACT_OUTLET;NOT_USPS_VALIDITY;NO_INVENTORY
05404,EXACT_IMLS_OUTLET_ZIP,VT0193,002,,EXACT_OUTLET;TIE_FSCSKEY_SEQ,EXACT_OUTLET;NOT_USPS_VALIDITY;NO_INVENTORY
05405,ZCTA_NEAREST_ACTIVE_OUTLET,VT0029,002,1.171,ZCTA_NN;R6371;TIE_FIRST_LEX,ZCTA_NN_HAVERSINE;NOT_ELIGIBILITY;NOT_USPS_VALIDITY;NO_INVENTORY
05406,OBSERVED_REFERENCE_INDIRECT_ONLY,,,,INDIRECT_IMLS_SC;NO_FABRICATED_NEAREST,INDIRECT_IMLS_SC;NO_FABRICATED_NEAREST;NOT_REJECTED;NOT_USPS_VALIDITY;NO_INVENTORY
05407,OBSERVED_REFERENCE_INDIRECT_ONLY,,,,INDIRECT_IMLS_SC;NO_FABRICATED_NEAREST,INDIRECT_IMLS_SC;NO_FABRICATED_NEAREST;NOT_REJECTED;NOT_USPS_VALIDITY;NO_INVENTORY
05408,EXACT_IMLS_OUTLET_ZIP,VT0029,007,,EXACT_OUTLET;TIE_FSCSKEY_SEQ,EXACT_OUTLET;NOT_USPS_VALIDITY;NO_INVENTORY
05439,ZCTA_NEAREST_ACTIVE_OUTLET,VT0193,002,2.030,ZCTA_NN;R6371;TIE_FIRST_LEX,ZCTA_NN_HAVERSINE;NOT_ELIGIBILITY;NOT_USPS_VALIDITY;NO_INVENTORY
05440,EXACT_IMLS_OUTLET_ZIP,VT0002,002,,EXACT_OUTLET;TIE_FSCSKEY_SEQ,EXACT_OUTLET;NOT_USPS_VALIDITY;NO_INVENTORY
05441,EXACT_IMLS_OUTLET_ZIP,VT0007,002,,EXACT_OUTLET;TIE_FSCSKEY_SEQ,EXACT_OUTLET;NOT_USPS_VALIDITY;NO_INVENTORY
05442,ZCTA_NEAREST_ACTIVE_OUTLET,VT0007,002,8.808,ZCTA_NN;R6371;TIE_FIRST_LEX,ZCTA_NN_HAVERSINE;NOT_ELIGIBILITY;NOT_USPS_VALIDITY;NO_INVENTORY
05443,EXACT_IMLS_OUTLET_ZIP,VT0024,002,,EXACT_OUTLET;TIE_FSCSKEY_SEQ,EXACT_OUTLET;NOT_USPS_VALIDITY;NO_INVENTORY
05444,ZCTA_NEAREST_ACTIVE_OUTLET,VT0031,002,5.494,ZCTA_NN;R6371;TIE_FIRST_LEX,ZCTA_NN_HAVERSINE;NOT_ELIGIBILITY;NOT_USPS_VALIDITY;NO_INVENTORY
05445,EXACT_IMLS_OUTLET_ZIP,VT0035,002,,EXACT_OUTLET;TIE_FSCSKEY_SEQ,EXACT_OUTLET;NOT_USPS_VALIDITY;NO_INVENTORY
05446,EXACT_IMLS_OUTLET_ZIP,VT0039,002,,EXACT_OUTLET;TIE_FSCSKEY_SEQ,EXACT_OUTLET;NOT_USPS_VALIDITY;NO_INVENTORY
05447,ZCTA_NEAREST_ACTIVE_OUTLET,VT0126,002,6.363,ZCTA_NN;R6371;TIE_FIRST_LEX,ZCTA_NN_HAVERSINE;NOT_ELIGIBILITY;NOT_USPS_VALIDITY;NO_INVENTORY
05448,ZCTA_NEAREST_ACTIVE_OUTLET,VT0007,002,6.764,ZCTA_NN;R6371;TIE_FIRST_LEX,ZCTA_NN_HAVERSINE;NOT_ELIGIBILITY;NOT_USPS_VALIDITY;NO_INVENTORY
05450,EXACT_IMLS_OUTLET_ZIP,VT0052,002,,EXACT_OUTLET;TIE_FSCSKEY_SEQ,EXACT_OUTLET;NOT_USPS_VALIDITY;NO_INVENTORY
05451,EXACT_IMLS_OUTLET_ZIP,VT0053,002,,EXACT_OUTLET;TIE_FSCSKEY_SEQ,EXACT_OUTLET;NOT_USPS_VALIDITY;NO_INVENTORY
05452,EXACT_IMLS_OUTLET_ZIP,VT0054,002,,EXACT_OUTLET;TIE_FSCSKEY_SEQ,EXACT_OUTLET;NOT_USPS_VALIDITY;NO_INVENTORY
05453,OBSERVED_REFERENCE_INDIRECT_ONLY,,,,INDIRECT_IMLS_SC;NO_FABRICATED_NEAREST,INDIRECT_IMLS_SC;NO_FABRICATED_NEAREST;NOT_REJECTED;NOT_USPS_VALIDITY;NO_INVENTORY
05454,EXACT_IMLS_OUTLET_ZIP,VT0055,002,,EXACT_OUTLET;TIE_FSCSKEY_SEQ,EXACT_OUTLET;NOT_USPS_VALIDITY;NO_INVENTORY
05455,EXACT_IMLS_OUTLET_ZIP,VT0056,002,,EXACT_OUTLET;TIE_FSCSKEY_SEQ,EXACT_OUTLET;NOT_USPS_VALIDITY;NO_INVENTORY
05456,ZCTA_NEAREST_ACTIVE_OUTLET,VT0164,002,5.236,ZCTA_NN;R6371;TIE_FIRST_LEX,ZCTA_NN_HAVERSINE;NOT_ELIGIBILITY;NOT_USPS_VALIDITY;NO_INVENTORY
05457,EXACT_IMLS_OUTLET_ZIP,VT0059,002,,EXACT_OUTLET;TIE_FSCSKEY_SEQ,EXACT_OUTLET;NOT_USPS_VALIDITY;NO_INVENTORY
05458,EXACT_IMLS_OUTLET_ZIP,VT0063,002,,EXACT_OUTLET;TIE_FSCSKEY_SEQ,EXACT_OUTLET;NOT_USPS_VALIDITY;NO_INVENTORY
05459,EXACT_IMLS_OUTLET_ZIP,VT0073,002,,EXACT_OUTLET;TIE_FSCSKEY_SEQ,EXACT_OUTLET;NOT_USPS_VALIDITY;NO_INVENTORY
05460,OBSERVED_REFERENCE_INDIRECT_ONLY,,,,INDIRECT_IMLS_SC;NO_FABRICATED_NEAREST,INDIRECT_IMLS_SC;NO_FABRICATED_NEAREST;NOT_REJECTED;NOT_USPS_VALIDITY;NO_INVENTORY
05461,EXACT_IMLS_OUTLET_ZIP,VT0074,002,,EXACT_OUTLET;TIE_FSCSKEY_SEQ,EXACT_OUTLET;NOT_USPS_VALIDITY;NO_INVENTORY
05462,EXACT_IMLS_OUTLET_ZIP,VT0075,002,,EXACT_OUTLET;TIE_FSCSKEY_SEQ,EXACT_OUTLET;NOT_USPS_VALIDITY;NO_INVENTORY
05463,EXACT_IMLS_OUTLET_ZIP,VT0078,002,,EXACT_OUTLET;TIE_FSCSKEY_SEQ,EXACT_OUTLET;NOT_USPS_VALIDITY;NO_INVENTORY
05464,EXACT_IMLS_OUTLET_ZIP,VT0031,002,,EXACT_OUTLET;TIE_FSCSKEY_SEQ,EXACT_OUTLET;NOT_USPS_VALIDITY;NO_INVENTORY
05465,EXACT_IMLS_OUTLET_ZIP,VT0080,002,,EXACT_OUTLET;TIE_FSCSKEY_SEQ,EXACT_OUTLET;NOT_USPS_VALIDITY;NO_INVENTORY
05466,OBSERVED_REFERENCE_INDIRECT_ONLY,,,,INDIRECT_IMLS_SC;NO_FABRICATED_NEAREST,INDIRECT_IMLS_SC;NO_FABRICATED_NEAREST;NOT_REJECTED;NOT_USPS_VALIDITY;NO_INVENTORY
05468,EXACT_IMLS_OUTLET_ZIP,VT0095,002,,EXACT_OUTLET;TIE_FSCSKEY_SEQ,EXACT_OUTLET;NOT_USPS_VALIDITY;NO_INVENTORY
05469,OBSERVED_REFERENCE_INDIRECT_ONLY,,,,INDIRECT_IMLS_SC;NO_FABRICATED_NEAREST,INDIRECT_IMLS_SC;NO_FABRICATED_NEAREST;NOT_REJECTED;NOT_USPS_VALIDITY;NO_INVENTORY
05470,OBSERVED_REFERENCE_INDIRECT_ONLY,,,,INDIRECT_IMLS_SC;NO_FABRICATED_NEAREST,INDIRECT_IMLS_SC;NO_FABRICATED_NEAREST;NOT_REJECTED;NOT_USPS_VALIDITY;NO_INVENTORY
05471,EXACT_IMLS_OUTLET_ZIP,VT0097,002,,EXACT_OUTLET;TIE_FSCSKEY_SEQ,EXACT_OUTLET;NOT_USPS_VALIDITY;NO_INVENTORY
05472,EXACT_IMLS_OUTLET_ZIP,VT0106,002,,EXACT_OUTLET;TIE_FSCSKEY_SEQ,EXACT_OUTLET;NOT_USPS_VALIDITY;NO_INVENTORY
05473,EXACT_IMLS_OUTLET_ZIP,VT0096,002,,EXACT_OUTLET;TIE_FSCSKEY_SEQ,EXACT_OUTLET;NOT_USPS_VALIDITY;NO_INVENTORY
05474,EXACT_IMLS_OUTLET_ZIP,VT0109,002,,EXACT_OUTLET;TIE_FSCSKEY_SEQ,EXACT_OUTLET;NOT_USPS_VALIDITY;NO_INVENTORY
05476,EXACT_IMLS_OUTLET_ZIP,VT0126,002,,EXACT_OUTLET;TIE_FSCSKEY_SEQ,EXACT_OUTLET;NOT_USPS_VALIDITY;NO_INVENTORY
05477,EXACT_IMLS_OUTLET_ZIP,VT0127,002,,EXACT_OUTLET;TIE_FSCSKEY_SEQ,EXACT_OUTLET;NOT_USPS_VALIDITY;NO_INVENTORY
05478,EXACT_IMLS_OUTLET_ZIP,VT0137,002,,EXACT_OUTLET;TIE_FSCSKEY_SEQ,EXACT_OUTLET;NOT_USPS_VALIDITY;NO_INVENTORY
05481,ZCTA_NEAREST_ACTIVE_OUTLET,VT0137,002,4.581,ZCTA_NN;R6371;TIE_FIRST_LEX,ZCTA_NN_HAVERSINE;NOT_ELIGIBILITY;NOT_USPS_VALIDITY;NO_INVENTORY
05482,EXACT_IMLS_OUTLET_ZIP,VT0140,002,,EXACT_OUTLET;TIE_FSCSKEY_SEQ,EXACT_OUTLET;NOT_USPS_VALIDITY;NO_INVENTORY
05483,EXACT_IMLS_OUTLET_ZIP,VT0141,002,,EXACT_OUTLET;TIE_FSCSKEY_SEQ,EXACT_OUTLET;NOT_USPS_VALIDITY;NO_INVENTORY
05485,ZCTA_NEAREST_ACTIVE_OUTLET,VT0141,002,3.473,ZCTA_NN;R6371;TIE_FIRST_LEX,ZCTA_NN_HAVERSINE;NOT_ELIGIBILITY;NOT_USPS_VALIDITY;NO_INVENTORY
05486,EXACT_IMLS_OUTLET_ZIP,VT0146,002,,EXACT_OUTLET;TIE_FSCSKEY_SEQ,EXACT_OUTLET;NOT_USPS_VALIDITY;NO_INVENTORY
05487,EXACT_IMLS_OUTLET_ZIP,VT0149,002,,EXACT_OUTLET;TIE_FSCSKEY_SEQ,EXACT_OUTLET;NOT_USPS_VALIDITY;NO_INVENTORY
05488,EXACT_IMLS_OUTLET_ZIP,VT0154,002,,EXACT_OUTLET;TIE_FSCSKEY_SEQ,EXACT_OUTLET;NOT_USPS_VALIDITY;NO_INVENTORY
05489,ZCTA_NEAREST_ACTIVE_OUTLET,VT0214,002,6.127,ZCTA_NN;R6371;TIE_FIRST_LEX,ZCTA_NN_HAVERSINE;NOT_ELIGIBILITY;NOT_USPS_VALIDITY;NO_INVENTORY
05490,OBSERVED_REFERENCE_INDIRECT_ONLY,,,,INDIRECT_IMLS_SC;NO_FABRICATED_NEAREST,INDIRECT_IMLS_SC;NO_FABRICATED_NEAREST;NOT_REJECTED;NOT_USPS_VALIDITY;NO_INVENTORY
05491,EXACT_IMLS_OUTLET_ZIP,VT0164,002,,EXACT_OUTLET;TIE_FSCSKEY_SEQ,EXACT_OUTLET;NOT_USPS_VALIDITY;NO_INVENTORY
05492,EXACT_IMLS_OUTLET_ZIP,VT0177,002,,EXACT_OUTLET;TIE_FSCSKEY_SEQ,EXACT_OUTLET;NOT_USPS_VALIDITY;NO_INVENTORY
05494,EXACT_IMLS_OUTLET_ZIP,VT0179,002,,EXACT_OUTLET;TIE_FSCSKEY_SEQ,EXACT_OUTLET;NOT_USPS_VALIDITY;NO_INVENTORY
05495,EXACT_IMLS_OUTLET_ZIP,VT0188,002,,EXACT_OUTLET;TIE_FSCSKEY_SEQ,EXACT_OUTLET;NOT_USPS_VALIDITY;NO_INVENTORY
05601,OBSERVED_REFERENCE_INDIRECT_ONLY,,,,INDIRECT_IMLS_SC;NO_FABRICATED_NEAREST,INDIRECT_IMLS_SC;NO_FABRICATED_NEAREST;NOT_REJECTED;NOT_USPS_VALIDITY;NO_INVENTORY
05602,EXACT_IMLS_OUTLET_ZIP,VT0098,002,,EXACT_OUTLET;TIE_FSCSKEY_SEQ,EXACT_OUTLET;NOT_USPS_VALIDITY;NO_INVENTORY
05604,OBSERVED_REFERENCE_INDIRECT_ONLY,,,,INDIRECT_IMLS_SC;NO_FABRICATED_NEAREST,INDIRECT_IMLS_SC;NO_FABRICATED_NEAREST;NOT_REJECTED;NOT_USPS_VALIDITY;NO_INVENTORY
05633,OBSERVED_REFERENCE_INDIRECT_ONLY,,,,INDIRECT_IMLS_SC;NO_FABRICATED_NEAREST,INDIRECT_IMLS_SC;NO_FABRICATED_NEAREST;NOT_REJECTED;NOT_USPS_VALIDITY;NO_INVENTORY
05640,ZCTA_NEAREST_ACTIVE_OUTLET,VT0116,002,8.845,ZCTA_NN;R6371;TIE_FIRST_LEX,ZCTA_NN_HAVERSINE;NOT_ELIGIBILITY;NOT_USPS_VALIDITY;NO_INVENTORY
05641,EXACT_IMLS_OUTLET_ZIP,VT0011,002,,EXACT_OUTLET;TIE_FSCSKEY_SEQ,EXACT_OUTLET;NOT_USPS_VALIDITY;NO_INVENTORY
05647,EXACT_IMLS_OUTLET_ZIP,VT0030,002,,EXACT_OUTLET;TIE_FSCSKEY_SEQ,EXACT_OUTLET;NOT_USPS_VALIDITY;NO_INVENTORY
05648,ZCTA_NEAREST_ACTIVE_OUTLET,VT0195,002,8.760,ZCTA_NN;R6371;TIE_FIRST_LEX,ZCTA_NN_HAVERSINE;NOT_ELIGIBILITY;NOT_USPS_VALIDITY;NO_INVENTORY
05649,EXACT_IMLS_OUTLET_ZIP,VT0011,004,,EXACT_OUTLET;TIE_FSCSKEY_SEQ,EXACT_OUTLET;NOT_USPS_VALIDITY;NO_INVENTORY
05650,ZCTA_NEAREST_ACTIVE_OUTLET,VT0195,002,4.770,ZCTA_NN;R6371;TIE_FIRST_LEX,ZCTA_NN_HAVERSINE;NOT_ELIGIBILITY;NOT_USPS_VALIDITY;NO_INVENTORY
05651,ZCTA_NEAREST_ACTIVE_OUTLET,VT0116,002,4.848,ZCTA_NN;R6371;TIE_FIRST_LEX,ZCTA_NN_HAVERSINE;NOT_ELIGIBILITY;NOT_USPS_VALIDITY;NO_INVENTORY
05652,ZCTA_NEAREST_ACTIVE_OUTLET,VT0081,002,11.416,ZCTA_NN;R6371;TIE_FIRST_LEX,ZCTA_NN_HAVERSINE;NOT_ELIGIBILITY;NOT_USPS_VALIDITY;NO_INVENTORY
05653,ZCTA_NEAREST_ACTIVE_OUTLET,VT0202,002,7.769,ZCTA_NN;R6371;TIE_FIRST_LEX,ZCTA_NN_HAVERSINE;NOT_ELIGIBILITY;NOT_USPS_VALIDITY;NO_INVENTORY
05654,ZCTA_NEAREST_ACTIVE_OUTLET,VT0011,004,3.606,ZCTA_NN;R6371;TIE_FIRST_LEX,ZCTA_NN_HAVERSINE;NOT_ELIGIBILITY;NOT_USPS_VALIDITY;NO_INVENTORY
05655,EXACT_IMLS_OUTLET_ZIP,VT0076,002,,EXACT_OUTLET;TIE_FSCSKEY_SEQ,EXACT_OUTLET;NOT_USPS_VALIDITY;NO_INVENTORY
05656,EXACT_IMLS_OUTLET_ZIP,VT0081,002,,EXACT_OUTLET;TIE_FSCSKEY_SEQ,EXACT_OUTLET;NOT_USPS_VALIDITY;NO_INVENTORY
05657,OBSERVED_REFERENCE_INDIRECT_ONLY,,,,INDIRECT_IMLS_SC;NO_FABRICATED_NEAREST,INDIRECT_IMLS_SC;NO_FABRICATED_NEAREST;NOT_REJECTED;NOT_USPS_VALIDITY;NO_INVENTORY
05658,EXACT_IMLS_OUTLET_ZIP,VT0091,002,,EXACT_OUTLET;TIE_FSCSKEY_SEQ,EXACT_OUTLET;NOT_USPS_VALIDITY;NO_INVENTORY
05660,EXACT_IMLS_OUTLET_ZIP,VT0099,003,,EXACT_OUTLET;TIE_FSCSKEY_SEQ,EXACT_OUTLET;NOT_USPS_VALIDITY;NO_INVENTORY
05661,EXACT_IMLS_OUTLET_ZIP,VT0100,002,,EXACT_OUTLET;TIE_FSCSKEY_SEQ,EXACT_OUTLET;NOT_USPS_VALIDITY;NO_INVENTORY
05663,EXACT_IMLS_OUTLET_ZIP,VT0108,002,,EXACT_OUTLET;TIE_FSCSKEY_SEQ,EXACT_OUTLET;NOT_USPS_VALIDITY;NO_INVENTORY
05664,ZCTA_NEAREST_ACTIVE_OUTLET,VT0108,002,2.195,ZCTA_NN;R6371;TIE_FIRST_LEX,ZCTA_NN_HAVERSINE;NOT_ELIGIBILITY;NOT_USPS_VALIDITY;NO_INVENTORY
05666,ZCTA_NEAREST_ACTIVE_OUTLET,VT0116,002,6.759,ZCTA_NN;R6371;TIE_FIRST_LEX,ZCTA_NN_HAVERSINE;NOT_ELIGIBILITY;NOT_USPS_VALIDITY;NO_INVENTORY
05667,EXACT_IMLS_OUTLET_ZIP,VT0116,002,,EXACT_OUTLET;TIE_FSCSKEY_SEQ,EXACT_OUTLET;NOT_USPS_VALIDITY;NO_INVENTORY
05669,EXACT_IMLS_OUTLET_ZIP,VT0130,002,,EXACT_OUTLET;TIE_FSCSKEY_SEQ,EXACT_OUTLET;NOT_USPS_VALIDITY;NO_INVENTORY
05670,ZCTA_NEAREST_ACTIVE_OUTLET,VT0011,002,2.262,ZCTA_NN;R6371;TIE_FIRST_LEX,ZCTA_NN_HAVERSINE;NOT_ELIGIBILITY;NOT_USPS_VALIDITY;NO_INVENTORY
05672,EXACT_IMLS_OUTLET_ZIP,VT0151,002,,EXACT_OUTLET;TIE_FSCSKEY_SEQ,EXACT_OUTLET;NOT_USPS_VALIDITY;NO_INVENTORY
05673,EXACT_IMLS_OUTLET_ZIP,VT0166,002,,EXACT_OUTLET;TIE_FSCSKEY_SEQ,EXACT_OUTLET;NOT_USPS_VALIDITY;NO_INVENTORY
05674,EXACT_IMLS_OUTLET_ZIP,VT0170,002,,EXACT_OUTLET;TIE_FSCSKEY_SEQ,EXACT_OUTLET;NOT_USPS_VALIDITY;NO_INVENTORY
05675,EXACT_IMLS_OUTLET_ZIP,VT0171,002,,EXACT_OUTLET;TIE_FSCSKEY_SEQ,EXACT_OUTLET;NOT_USPS_VALIDITY;NO_INVENTORY
05676,EXACT_IMLS_OUTLET_ZIP,VT0172,002,,EXACT_OUTLET;TIE_FSCSKEY_SEQ,EXACT_OUTLET;NOT_USPS_VALIDITY;NO_INVENTORY
05677,ZCTA_NEAREST_ACTIVE_OUTLET,VT0151,002,7.019,ZCTA_NN;R6371;TIE_FIRST_LEX,ZCTA_NN_HAVERSINE;NOT_ELIGIBILITY;NOT_USPS_VALIDITY;NO_INVENTORY
05678,ZCTA_NEAREST_ACTIVE_OUTLET,VT0011,004,2.074,ZCTA_NN;R6371;TIE_FIRST_LEX,ZCTA_NN_HAVERSINE;NOT_ELIGIBILITY;NOT_USPS_VALIDITY;NO_INVENTORY
05679,EXACT_IMLS_OUTLET_ZIP,VT0187,002,,EXACT_OUTLET;TIE_FSCSKEY_SEQ,EXACT_OUTLET;NOT_USPS_VALIDITY;NO_INVENTORY
05680,EXACT_IMLS_OUTLET_ZIP,VT0194,002,,EXACT_OUTLET;TIE_FSCSKEY_SEQ,EXACT_OUTLET;NOT_USPS_VALIDITY;NO_INVENTORY
05681,EXACT_IMLS_OUTLET_ZIP,VT0195,002,,EXACT_OUTLET;TIE_FSCSKEY_SEQ,EXACT_OUTLET;NOT_USPS_VALIDITY;NO_INVENTORY
05682,ZCTA_NEAREST_ACTIVE_OUTLET,VT0151,002,12.449,ZCTA_NN;R6371;TIE_FIRST_LEX,ZCTA_NN_HAVERSINE;NOT_ELIGIBILITY;NOT_USPS_VALIDITY;NO_INVENTORY
05701,EXACT_IMLS_OUTLET_ZIP,VT0133,002,,EXACT_OUTLET;TIE_FSCSKEY_SEQ,EXACT_OUTLET;NOT_USPS_VALIDITY;NO_INVENTORY
05702,OBSERVED_REFERENCE_INDIRECT_ONLY,,,,INDIRECT_IMLS_SC;NO_FABRICATED_NEAREST,INDIRECT_IMLS_SC;NO_FABRICATED_NEAREST;NOT_REJECTED;NOT_USPS_VALIDITY;NO_INVENTORY
05730,EXACT_IMLS_OUTLET_ZIP,VT0101,002,,EXACT_OUTLET;TIE_FSCSKEY_SEQ,EXACT_OUTLET;NOT_USPS_VALIDITY;NO_INVENTORY
05731,EXACT_IMLS_OUTLET_ZIP,VT0016,002,,EXACT_OUTLET;TIE_FSCSKEY_SEQ,EXACT_OUTLET;NOT_USPS_VALIDITY;NO_INVENTORY
05732,ZCTA_NEAREST_ACTIVE_OUTLET,VT0033,002,4.713,ZCTA_NN;R6371;TIE_FIRST_LEX,ZCTA_NN_HAVERSINE;NOT_ELIGIBILITY;NOT_USPS_VALIDITY;NO_INVENTORY
05733,EXACT_IMLS_OUTLET_ZIP,VT0019,002,,EXACT_OUTLET;TIE_FSCSKEY_SEQ,EXACT_OUTLET;NOT_USPS_VALIDITY;NO_INVENTORY
05734,ZCTA_NEAREST_ACTIVE_OUTLET,NY0113,002,8.330,ZCTA_NN;R6371;TIE_FIRST_LEX,ZCTA_NN_HAVERSINE;NOT_ELIGIBILITY;NOT_USPS_VALIDITY;NO_INVENTORY
05735,EXACT_IMLS_OUTLET_ZIP,VT0033,002,,EXACT_OUTLET;TIE_FSCSKEY_SEQ,EXACT_OUTLET;NOT_USPS_VALIDITY;NO_INVENTORY
05736,ZCTA_NEAREST_ACTIVE_OUTLET,VT0133,002,3.122,ZCTA_NN;R6371;TIE_FIRST_LEX,ZCTA_NN_HAVERSINE;NOT_ELIGIBILITY;NOT_USPS_VALIDITY;NO_INVENTORY
05737,EXACT_IMLS_OUTLET_ZIP,VT0038,002,,EXACT_OUTLET;TIE_FSCSKEY_SEQ,EXACT_OUTLET;NOT_USPS_VALIDITY;NO_INVENTORY
05738,EXACT_IMLS_OUTLET_ZIP,VT0144,002,,EXACT_OUTLET;TIE_FSCSKEY_SEQ,EXACT_OUTLET;NOT_USPS_VALIDITY;NO_INVENTORY
05739,EXACT_IMLS_OUTLET_ZIP,VT0045,002,,EXACT_OUTLET;TIE_FSCSKEY_SEQ,EXACT_OUTLET;NOT_USPS_VALIDITY;NO_INVENTORY
05740,EXACT_IMLS_OUTLET_ZIP,VT0092,003,,EXACT_OUTLET;TIE_FSCSKEY_SEQ,EXACT_OUTLET;NOT_USPS_VALIDITY;NO_INVENTORY
05742,ZCTA_NEAREST_ACTIVE_OUTLET,VT0101,002,7.263,ZCTA_NN;R6371;TIE_FIRST_LEX,ZCTA_NN_HAVERSINE;NOT_ELIGIBILITY;NOT_USPS_VALIDITY;NO_INVENTORY
05743,EXACT_IMLS_OUTLET_ZIP,VT0057,002,,EXACT_OUTLET;TIE_FSCSKEY_SEQ,EXACT_OUTLET;NOT_USPS_VALIDITY;NO_INVENTORY
05744,ZCTA_NEAREST_ACTIVE_OUTLET,VT0115,002,4.507,ZCTA_NN;R6371;TIE_FIRST_LEX,ZCTA_NN_HAVERSINE;NOT_ELIGIBILITY;NOT_USPS_VALIDITY;NO_INVENTORY
05746,EXACT_IMLS_OUTLET_ZIP,VT0209,002,,EXACT_OUTLET;TIE_FSCSKEY_SEQ,EXACT_OUTLET;NOT_USPS_VALIDITY;NO_INVENTORY
05747,ZCTA_NEAREST_ACTIVE_OUTLET,VT0069,002,9.007,ZCTA_NN;R6371;TIE_FIRST_LEX,ZCTA_NN_HAVERSINE;NOT_ELIGIBILITY;NOT_USPS_VALIDITY;NO_INVENTORY
05748,EXACT_IMLS_OUTLET_ZIP,VT0069,002,,EXACT_OUTLET;TIE_FSCSKEY_SEQ,EXACT_OUTLET;NOT_USPS_VALIDITY;NO_INVENTORY
05750,OBSERVED_REFERENCE_INDIRECT_ONLY,,,,INDIRECT_IMLS_SC;NO_FABRICATED_NEAREST,INDIRECT_IMLS_SC;NO_FABRICATED_NEAREST;NOT_REJECTED;NOT_USPS_VALIDITY;NO_INVENTORY
05751,EXACT_IMLS_OUTLET_ZIP,VT0142,002,,EXACT_OUTLET;TIE_FSCSKEY_SEQ,EXACT_OUTLET;NOT_USPS_VALIDITY;NO_INVENTORY
05753,EXACT_IMLS_OUTLET_ZIP,VT0042,002,,EXACT_OUTLET;TIE_FSCSKEY_SEQ,EXACT_OUTLET;NOT_USPS_VALIDITY;NO_INVENTORY
05757,EXACT_IMLS_OUTLET_ZIP,VT0094,002,,EXACT_OUTLET;TIE_FSCSKEY_SEQ,EXACT_OUTLET;NOT_USPS_VALIDITY;NO_INVENTORY
05758,ZCTA_NEAREST_ACTIVE_OUTLET,VT0101,002,4.685,ZCTA_NN;R6371;TIE_FIRST_LEX,ZCTA_NN_HAVERSINE;NOT_ELIGIBILITY;NOT_USPS_VALIDITY;NO_INVENTORY
05759,EXACT_IMLS_OUTLET_ZIP,VT0206,002,,EXACT_OUTLET;TIE_FSCSKEY_SEQ,EXACT_OUTLET;NOT_USPS_VALIDITY;NO_INVENTORY
05760,EXACT_IMLS_OUTLET_ZIP,VT0111,002,,EXACT_OUTLET;TIE_FSCSKEY_SEQ,EXACT_OUTLET;NOT_USPS_VALIDITY;NO_INVENTORY
05761,EXACT_IMLS_OUTLET_ZIP,VT0112,002,,EXACT_OUTLET;TIE_FSCSKEY_SEQ,EXACT_OUTLET;NOT_USPS_VALIDITY;NO_INVENTORY
05762,EXACT_IMLS_OUTLET_ZIP,VT0114,002,,EXACT_OUTLET;TIE_FSCSKEY_SEQ,EXACT_OUTLET;NOT_USPS_VALIDITY;NO_INVENTORY
05763,EXACT_IMLS_OUTLET_ZIP,VT0115,002,,EXACT_OUTLET;TIE_FSCSKEY_SEQ,EXACT_OUTLET;NOT_USPS_VALIDITY;NO_INVENTORY
05764,EXACT_IMLS_OUTLET_ZIP,VT0119,002,,EXACT_OUTLET;TIE_FSCSKEY_SEQ,EXACT_OUTLET;NOT_USPS_VALIDITY;NO_INVENTORY
05765,EXACT_IMLS_OUTLET_ZIP,VT0121,002,,EXACT_OUTLET;TIE_FSCSKEY_SEQ,EXACT_OUTLET;NOT_USPS_VALIDITY;NO_INVENTORY
05766,ZCTA_NEAREST_ACTIVE_OUTLET,VT0092,003,8.011,ZCTA_NN;R6371;TIE_FIRST_LEX,ZCTA_NN_HAVERSINE;NOT_ELIGIBILITY;NOT_USPS_VALIDITY;NO_INVENTORY
05767,EXACT_IMLS_OUTLET_ZIP,VT0128,002,,EXACT_OUTLET;TIE_FSCSKEY_SEQ,EXACT_OUTLET;NOT_USPS_VALIDITY;NO_INVENTORY
05768,ZCTA_NEAREST_ACTIVE_OUTLET,VT0132,002,4.397,ZCTA_NN;R6371;TIE_FIRST_LEX,ZCTA_NN_HAVERSINE;NOT_ELIGIBILITY;NOT_USPS_VALIDITY;NO_INVENTORY
05769,EXACT_IMLS_OUTLET_ZIP,VT0212,002,,EXACT_OUTLET;TIE_FSCSKEY_SEQ,EXACT_OUTLET;NOT_USPS_VALIDITY;NO_INVENTORY
05770,EXACT_IMLS_OUTLET_ZIP,VT0143,002,,EXACT_OUTLET;TIE_FSCSKEY_SEQ,EXACT_OUTLET;NOT_USPS_VALIDITY;NO_INVENTORY
05772,ZCTA_NEAREST_ACTIVE_OUTLET,VT0209,002,3.663,ZCTA_NN;R6371;TIE_FIRST_LEX,ZCTA_NN_HAVERSINE;NOT_ELIGIBILITY;NOT_USPS_VALIDITY;NO_INVENTORY
05773,EXACT_IMLS_OUTLET_ZIP,VT0158,002,,EXACT_OUTLET;TIE_FSCSKEY_SEQ,EXACT_OUTLET;NOT_USPS_VALIDITY;NO_INVENTORY
05774,EXACT_IMLS_OUTLET_ZIP,VT0176,002,,EXACT_OUTLET;TIE_FSCSKEY_SEQ,EXACT_OUTLET;NOT_USPS_VALIDITY;NO_INVENTORY
05775,ZCTA_NEAREST_ACTIVE_OUTLET,VT0112,002,2.979,ZCTA_NN;R6371;TIE_FIRST_LEX,ZCTA_NN_HAVERSINE;NOT_ELIGIBILITY;NOT_USPS_VALIDITY;NO_INVENTORY
05776,EXACT_IMLS_OUTLET_ZIP,VT0132,002,,EXACT_OUTLET;TIE_FSCSKEY_SEQ,EXACT_OUTLET;NOT_USPS_VALIDITY;NO_INVENTORY
05777,EXACT_IMLS_OUTLET_ZIP,VT0183,002,,EXACT_OUTLET;TIE_FSCSKEY_SEQ,EXACT_OUTLET;NOT_USPS_VALIDITY;NO_INVENTORY
05778,ZCTA_NEAREST_ACTIVE_OUTLET,VT0143,002,8.401,ZCTA_NN;R6371;TIE_FIRST_LEX,ZCTA_NN_HAVERSINE;NOT_ELIGIBILITY;NOT_USPS_VALIDITY;NO_INVENTORY
05819,EXACT_IMLS_OUTLET_ZIP,VT0138,002,,EXACT_OUTLET;TIE_FSCSKEY_SEQ,EXACT_OUTLET;NOT_USPS_VALIDITY;NO_INVENTORY
05820,EXACT_IMLS_OUTLET_ZIP,VT0202,002,,EXACT_OUTLET;TIE_FSCSKEY_SEQ,EXACT_OUTLET;NOT_USPS_VALIDITY;NO_INVENTORY
05821,EXACT_IMLS_OUTLET_ZIP,VT0009,002,,EXACT_OUTLET;TIE_FSCSKEY_SEQ,EXACT_OUTLET;NOT_USPS_VALIDITY;NO_INVENTORY
05822,EXACT_IMLS_OUTLET_ZIP,VT0012,002,,EXACT_OUTLET;TIE_FSCSKEY_SEQ,EXACT_OUTLET;NOT_USPS_VALIDITY;NO_INVENTORY
05824,ZCTA_NEAREST_ACTIVE_OUTLET,NH0171,002,10.868,ZCTA_NN;R6371;TIE_FIRST_LEX,ZCTA_NN_HAVERSINE;NOT_ELIGIBILITY;NOT_USPS_VALIDITY;NO_INVENTORY
05825,ZCTA_NEAREST_ACTIVE_OUTLET,VT0077,002,6.490,ZCTA_NN;R6371;TIE_FIRST_LEX,ZCTA_NN_HAVERSINE;NOT_ELIGIBILITY;NOT_USPS_VALIDITY;NO_INVENTORY
05826,EXACT_IMLS_SYSTEM_ZIP,VT0210,,,EXACT_SYSTEM;TIE_FSCSKEY,EXACT_SYSTEM_ADMIN;NOT_NEARBY_OUTLET;NOT_USPS_VALIDITY;NO_INVENTORY
05827,EXACT_IMLS_OUTLET_ZIP,VT0043,002,,EXACT_OUTLET;TIE_FSCSKEY_SEQ,EXACT_OUTLET;NOT_USPS_VALIDITY;NO_INVENTORY
05828,EXACT_IMLS_OUTLET_ZIP,VT0046,001,,EXACT_OUTLET;TIE_FSCSKEY_SEQ,EXACT_OUTLET;NOT_USPS_VALIDITY;NO_INVENTORY
05829,EXACT_IMLS_OUTLET_ZIP,VT0048,002,,EXACT_OUTLET;TIE_FSCSKEY_SEQ,EXACT_OUTLET;NOT_USPS_VALIDITY;NO_INVENTORY
05830,EXACT_IMLS_OUTLET_ZIP,VT0049,002,,EXACT_OUTLET;TIE_FSCSKEY_SEQ,EXACT_OUTLET;NOT_USPS_VALIDITY;NO_INVENTORY
05832,ZCTA_NEAREST_ACTIVE_OUTLET,VT0028,002,8.461,ZCTA_NN;R6371;TIE_FIRST_LEX,ZCTA_NN_HAVERSINE;NOT_ELIGIBILITY;NOT_USPS_VALIDITY;NO_INVENTORY
05833,ZCTA_NEAREST_ACTIVE_OUTLET,VT0023,002,8.377,ZCTA_NN;R6371;TIE_FIRST_LEX,ZCTA_NN_HAVERSINE;NOT_ELIGIBILITY;NOT_USPS_VALIDITY;NO_INVENTORY
05836,ZCTA_NEAREST_ACTIVE_OUTLET,VT0167,002,7.389,ZCTA_NN;R6371;TIE_FIRST_LEX,ZCTA_NN_HAVERSINE;NOT_ELIGIBILITY;NOT_USPS_VALIDITY;NO_INVENTORY
05837,ZCTA_NEAREST_ACTIVE_OUTLET,VT0028,002,14.033,ZCTA_NN;R6371;TIE_FIRST_LEX,ZCTA_NN_HAVERSINE;NOT_ELIGIBILITY;NOT_USPS_VALIDITY;NO_INVENTORY
05839,EXACT_IMLS_OUTLET_ZIP,VT0061,002,,EXACT_OUTLET;TIE_FSCSKEY_SEQ,EXACT_OUTLET;NOT_USPS_VALIDITY;NO_INVENTORY
05840,ZCTA_NEAREST_ACTIVE_OUTLET,VT0087,002,15.938,ZCTA_NN;R6371;TIE_FIRST_LEX,ZCTA_NN_HAVERSINE;NOT_ELIGIBILITY;NOT_USPS_VALIDITY;NO_INVENTORY
05841,EXACT_IMLS_OUTLET_ZIP,VT0065,002,,EXACT_OUTLET;TIE_FSCSKEY_SEQ,EXACT_OUTLET;NOT_USPS_VALIDITY;NO_INVENTORY
05842,ZCTA_NEAREST_ACTIVE_OUTLET,VT0065,002,4.300,ZCTA_NN;R6371;TIE_FIRST_LEX,ZCTA_NN_HAVERSINE;NOT_ELIGIBILITY;NOT_USPS_VALIDITY;NO_INVENTORY
05843,EXACT_IMLS_OUTLET_ZIP,VT0070,002,,EXACT_OUTLET;TIE_FSCSKEY_SEQ,EXACT_OUTLET;NOT_USPS_VALIDITY;NO_INVENTORY
05845,ZCTA_NEAREST_ACTIVE_OUTLET,VT0077,002,4.239,ZCTA_NN;R6371;TIE_FIRST_LEX,ZCTA_NN_HAVERSINE;NOT_ELIGIBILITY;NOT_USPS_VALIDITY;NO_INVENTORY
05846,EXACT_IMLS_OUTLET_ZIP,VT0023,002,,EXACT_OUTLET;TIE_FSCSKEY_SEQ,EXACT_OUTLET;NOT_USPS_VALIDITY;NO_INVENTORY
05847,EXACT_IMLS_OUTLET_ZIP,VT0085,002,,EXACT_OUTLET;TIE_FSCSKEY_SEQ,EXACT_OUTLET;NOT_USPS_VALIDITY;NO_INVENTORY
05848,EXACT_IMLS_OUTLET_ZIP,VT0173,002,,EXACT_OUTLET;TIE_FSCSKEY_SEQ,EXACT_OUTLET;NOT_USPS_VALIDITY;NO_INVENTORY
05849,EXACT_IMLS_OUTLET_ZIP,VT0077,002,,EXACT_OUTLET;TIE_FSCSKEY_SEQ,EXACT_OUTLET;NOT_USPS_VALIDITY;NO_INVENTORY
05850,ZCTA_NEAREST_ACTIVE_OUTLET,VT0089,002,4.014,ZCTA_NN;R6371;TIE_FIRST_LEX,ZCTA_NN_HAVERSINE;NOT_ELIGIBILITY;NOT_USPS_VALIDITY;NO_INVENTORY
05851,EXACT_IMLS_OUTLET_ZIP,VT0089,002,,EXACT_OUTLET;TIE_FSCSKEY_SEQ,EXACT_OUTLET;NOT_USPS_VALIDITY;NO_INVENTORY
05853,ZCTA_NEAREST_ACTIVE_OUTLET,VT0023,002,10.246,ZCTA_NN;R6371;TIE_FIRST_LEX,ZCTA_NN_HAVERSINE;NOT_ELIGIBILITY;NOT_USPS_VALIDITY;NO_INVENTORY
05855,EXACT_IMLS_OUTLET_ZIP,VT0107,002,,EXACT_OUTLET;TIE_FSCSKEY_SEQ,EXACT_OUTLET;NOT_USPS_VALIDITY;NO_INVENTORY
05857,ZCTA_NEAREST_ACTIVE_OUTLET,VT0107,002,8.110,ZCTA_NN;R6371;TIE_FIRST_LEX,ZCTA_NN_HAVERSINE;NOT_ELIGIBILITY;NOT_USPS_VALIDITY;NO_INVENTORY
05858,ZCTA_NEAREST_ACTIVE_OUTLET,VT0087,002,12.603,ZCTA_NN;R6371;TIE_FIRST_LEX,ZCTA_NN_HAVERSINE;NOT_ELIGIBILITY;NOT_USPS_VALIDITY;NO_INVENTORY
05859,EXACT_IMLS_OUTLET_ZIP,VT0160,002,,EXACT_OUTLET;TIE_FSCSKEY_SEQ,EXACT_OUTLET;NOT_USPS_VALIDITY;NO_INVENTORY
05860,EXACT_IMLS_OUTLET_ZIP,VT0013,002,,EXACT_OUTLET;TIE_FSCSKEY_SEQ,EXACT_OUTLET;NOT_USPS_VALIDITY;NO_INVENTORY
05861,OBSERVED_REFERENCE_INDIRECT_ONLY,,,,INDIRECT_IMLS_SC;NO_FABRICATED_NEAREST,INDIRECT_IMLS_SC;NO_FABRICATED_NEAREST;NOT_REJECTED;NOT_USPS_VALIDITY;NO_INVENTORY
05862,EXACT_IMLS_OUTLET_ZIP,VT0113,002,,EXACT_OUTLET;TIE_FSCSKEY_SEQ,EXACT_OUTLET;NOT_USPS_VALIDITY;NO_INVENTORY
05866,ZCTA_NEAREST_ACTIVE_OUTLET,VT0061,002,9.588,ZCTA_NN;R6371;TIE_FIRST_LEX,ZCTA_NN_HAVERSINE;NOT_ELIGIBILITY;NOT_USPS_VALIDITY;NO_INVENTORY
05867,ZCTA_NEAREST_ACTIVE_OUTLET,VT0028,002,5.019,ZCTA_NN;R6371;TIE_FIRST_LEX,ZCTA_NN_HAVERSINE;NOT_ELIGIBILITY;NOT_USPS_VALIDITY;NO_INVENTORY
05868,ZCTA_NEAREST_ACTIVE_OUTLET,VT0160,002,7.332,ZCTA_NN;R6371;TIE_FIRST_LEX,ZCTA_NN_HAVERSINE;NOT_ELIGIBILITY;NOT_USPS_VALIDITY;NO_INVENTORY
05871,EXACT_IMLS_OUTLET_ZIP,VT0028,002,,EXACT_OUTLET;TIE_FSCSKEY_SEQ,EXACT_OUTLET;NOT_USPS_VALIDITY;NO_INVENTORY
05872,ZCTA_NEAREST_ACTIVE_OUTLET,VT0048,002,12.132,ZCTA_NN;R6371;TIE_FIRST_LEX,ZCTA_NN_HAVERSINE;NOT_ELIGIBILITY;NOT_USPS_VALIDITY;NO_INVENTORY
05873,EXACT_IMLS_OUTLET_ZIP,VT0167,002,,EXACT_OUTLET;TIE_FSCSKEY_SEQ,EXACT_OUTLET;NOT_USPS_VALIDITY;NO_INVENTORY
05874,EXACT_IMLS_OUTLET_ZIP,VT0178,002,,EXACT_OUTLET;TIE_FSCSKEY_SEQ,EXACT_OUTLET;NOT_USPS_VALIDITY;NO_INVENTORY
05875,ZCTA_NEAREST_ACTIVE_OUTLET,VT0061,002,6.544,ZCTA_NN;R6371;TIE_FIRST_LEX,ZCTA_NN_HAVERSINE;NOT_ELIGIBILITY;NOT_USPS_VALIDITY;NO_INVENTORY
05901,ZCTA_NEAREST_ACTIVE_OUTLET,VT0032,002,10.949,ZCTA_NN;R6371;TIE_FIRST_LEX,ZCTA_NN_HAVERSINE;NOT_ELIGIBILITY;NOT_USPS_VALIDITY;NO_INVENTORY
05902,ZCTA_NEAREST_ACTIVE_OUTLET,VT0032,002,4.314,ZCTA_NN;R6371;TIE_FIRST_LEX,ZCTA_NN_HAVERSINE;NOT_ELIGIBILITY;NOT_USPS_VALIDITY;NO_INVENTORY
05903,EXACT_IMLS_OUTLET_ZIP,VT0032,002,,EXACT_OUTLET;TIE_FSCSKEY_SEQ,EXACT_OUTLET;NOT_USPS_VALIDITY;NO_INVENTORY
05904,ZCTA_NEAREST_ACTIVE_OUTLET,NH0171,002,1.095,ZCTA_NN;R6371;TIE_FIRST_LEX,ZCTA_NN_HAVERSINE;NOT_ELIGIBILITY;NOT_USPS_VALIDITY;NO_INVENTORY
05905,EXACT_IMLS_OUTLET_ZIP,VT0067,002,,EXACT_OUTLET;TIE_FSCSKEY_SEQ,EXACT_OUTLET;NOT_USPS_VALIDITY;NO_INVENTORY
05906,EXACT_IMLS_OUTLET_ZIP,VT0087,002,,EXACT_OUTLET;TIE_FSCSKEY_SEQ,EXACT_OUTLET;NOT_USPS_VALIDITY;NO_INVENTORY
05907,ZCTA_NEAREST_ACTIVE_OUTLET,VT0023,002,16.115,ZCTA_NN;R6371;TIE_FIRST_LEX,ZCTA_NN_HAVERSINE;NOT_ELIGIBILITY;NOT_USPS_VALIDITY;NO_INVENTORY
06001,EXACT_IMLS_OUTLET_ZIP,CT0004,002,,EXACT_OUTLET;TIE_FSCSKEY_SEQ,EXACT_OUTLET;NOT_USPS_VALIDITY;NO_INVENTORY
06002,EXACT_IMLS_OUTLET_ZIP,CT0012,004,,EXACT_OUTLET;TIE_FSCSKEY_SEQ,EXACT_OUTLET;NOT_USPS_VALIDITY;NO_INVENTORY
06010,EXACT_IMLS_OUTLET_ZIP,CT0018,005,,EXACT_OUTLET;TIE_FSCSKEY_SEQ,EXACT_OUTLET;NOT_USPS_VALIDITY;NO_INVENTORY
06011,OBSERVED_REFERENCE_INDIRECT_ONLY,,,,INDIRECT_IMLS_SC;NO_FABRICATED_NEAREST,INDIRECT_IMLS_SC;NO_FABRICATED_NEAREST;NOT_REJECTED;NOT_USPS_VALIDITY;NO_INVENTORY
06013,EXACT_IMLS_OUTLET_ZIP,CT0021,002,,EXACT_OUTLET;TIE_FSCSKEY_SEQ,EXACT_OUTLET;NOT_USPS_VALIDITY;NO_INVENTORY
06016,EXACT_IMLS_OUTLET_ZIP,CT0049,002,,EXACT_OUTLET;TIE_FSCSKEY_SEQ,EXACT_OUTLET;NOT_USPS_VALIDITY;NO_INVENTORY
06018,EXACT_IMLS_OUTLET_ZIP,CT0110,002,,EXACT_OUTLET;TIE_FSCSKEY_SEQ,EXACT_OUTLET;NOT_USPS_VALIDITY;NO_INVENTORY
06019,EXACT_IMLS_OUTLET_ZIP,CT0024,002,,EXACT_OUTLET;TIE_FSCSKEY_SEQ,EXACT_OUTLET;NOT_USPS_VALIDITY;NO_INVENTORY
06020,ZCTA_NEAREST_ACTIVE_OUTLET,CT0024,002,4.568,ZCTA_NN;R6371;TIE_FIRST_LEX,ZCTA_NN_HAVERSINE;NOT_ELIGIBILITY;NOT_USPS_VALIDITY;NO_INVENTORY
06021,ZCTA_NEAREST_ACTIVE_OUTLET,CT0195,002,7.062,ZCTA_NN;R6371;TIE_FIRST_LEX,ZCTA_NN_HAVERSINE;NOT_ELIGIBILITY;NOT_USPS_VALIDITY;NO_INVENTORY
06022,ZCTA_NEAREST_ACTIVE_OUTLET,CT0102,002,4.585,ZCTA_NN;R6371;TIE_FIRST_LEX,ZCTA_NN_HAVERSINE;NOT_ELIGIBILITY;NOT_USPS_VALIDITY;NO_INVENTORY
06023,EXACT_IMLS_OUTLET_ZIP,CT0006,002,,EXACT_OUTLET;TIE_FSCSKEY_SEQ,EXACT_OUTLET;NOT_USPS_VALIDITY;NO_INVENTORY
06024,ZCTA_NEAREST_ACTIVE_OUTLET,CT0110,002,2.592,ZCTA_NN;R6371;TIE_FIRST_LEX,ZCTA_NN_HAVERSINE;NOT_ELIGIBILITY;NOT_USPS_VALIDITY;NO_INVENTORY
06025,OBSERVED_REFERENCE_INDIRECT_ONLY,,,,INDIRECT_IMLS_SC;NO_FABRICATED_NEAREST,INDIRECT_IMLS_SC;NO_FABRICATED_NEAREST;NOT_REJECTED;NOT_USPS_VALIDITY;NO_INVENTORY
06026,EXACT_IMLS_OUTLET_ZIP,CT0040,002,,EXACT_OUTLET;TIE_FSCSKEY_SEQ,EXACT_OUTLET;NOT_USPS_VALIDITY;NO_INVENTORY
06027,ZCTA_NEAREST_ACTIVE_OUTLET,CT0195,002,5.258,ZCTA_NN;R6371;TIE_FIRST_LEX,ZCTA_NN_HAVERSINE;NOT_ELIGIBILITY;NOT_USPS_VALIDITY;NO_INVENTORY
06028,OBSERVED_REFERENCE_INDIRECT_ONLY,,,,INDIRECT_IMLS_SC;NO_FABRICATED_NEAREST,INDIRECT_IMLS_SC;NO_FABRICATED_NEAREST;NOT_REJECTED;NOT_USPS_VALIDITY;NO_INVENTORY
06029,EXACT_IMLS_OUTLET_ZIP,CT0051,002,,EXACT_OUTLET;TIE_FSCSKEY_SEQ,EXACT_OUTLET;NOT_USPS_VALIDITY;NO_INVENTORY
06030,OBSERVED_REFERENCE_INDIRECT_ONLY,,,,INDIRECT_IMLS_SC;NO_FABRICATED_NEAREST,INDIRECT_IMLS_SC;NO_FABRICATED_NEAREST;NOT_REJECTED;NOT_USPS_VALIDITY;NO_INVENTORY
06031,EXACT_IMLS_OUTLET_ZIP,CT0022,002,,EXACT_OUTLET;TIE_FSCSKEY_SEQ,EXACT_OUTLET;NOT_USPS_VALIDITY;NO_INVENTORY
06032,EXACT_IMLS_OUTLET_ZIP,CT0057,002,,EXACT_OUTLET;TIE_FSCSKEY_SEQ,EXACT_OUTLET;NOT_USPS_VALIDITY;NO_INVENTORY
06033,EXACT_IMLS_OUTLET_ZIP,CT0058,002,,EXACT_OUTLET;TIE_FSCSKEY_SEQ,EXACT_OUTLET;NOT_USPS_VALIDITY;NO_INVENTORY
06034,EXACT_IMLS_OUTLET_ZIP,CT0057,003,,EXACT_OUTLET;TIE_FSCSKEY_SEQ,EXACT_OUTLET;NOT_USPS_VALIDITY;NO_INVENTORY
06035,EXACT_IMLS_OUTLET_ZIP,CT0062,002,,EXACT_OUTLET;TIE_FSCSKEY_SEQ,EXACT_OUTLET;NOT_USPS_VALIDITY;NO_INVENTORY
06037,EXACT_IMLS_OUTLET_ZIP,CT0007,002,,EXACT_OUTLET;TIE_FSCSKEY_SEQ,EXACT_OUTLET;NOT_USPS_VALIDITY;NO_INVENTORY
06039,ZCTA_NEAREST_ACTIVE_OUTLET,CT0138,002,2.769,ZCTA_NN;R6371;TIE_FIRST_LEX,ZCTA_NN_HAVERSINE;NOT_ELIGIBILITY;NOT_USPS_VALIDITY;NO_INVENTORY
06040,EXACT_IMLS_OUTLET_ZIP,CT0086,002,,EXACT_OUTLET;TIE_FSCSKEY_SEQ,EXACT_OUTLET;NOT_USPS_VALIDITY;NO_INVENTORY
06041,OBSERVED_REFERENCE_INDIRECT_ONLY,,,,INDIRECT_IMLS_SC;NO_FABRICATED_NEAREST,INDIRECT_IMLS_SC;NO_FABRICATED_NEAREST;NOT_REJECTED;NOT_USPS_VALIDITY;NO_INVENTORY
06042,ZCTA_NEAREST_ACTIVE_OUTLET,CT0086,003,0.866,ZCTA_NN;R6371;TIE_FIRST_LEX,ZCTA_NN_HAVERSINE;NOT_ELIGIBILITY;NOT_USPS_VALIDITY;NO_INVENTORY
06043,EXACT_IMLS_OUTLET_ZIP,CT0013,002,,EXACT_OUTLET;TIE_FSCSKEY_SEQ,EXACT_OUTLET;NOT_USPS_VALIDITY;NO_INVENTORY
06045,OBSERVED_REFERENCE_INDIRECT_ONLY,,,,INDIRECT_IMLS_SC;NO_FABRICATED_NEAREST,INDIRECT_IMLS_SC;NO_FABRICATED_NEAREST;NOT_REJECTED;NOT_USPS_VALIDITY;NO_INVENTORY
06050,OBSERVED_REFERENCE_INDIRECT_ONLY,,,,INDIRECT_IMLS_SC;NO_FABRICATED_NEAREST,INDIRECT_IMLS_SC;NO_FABRICATED_NEAREST;NOT_REJECTED;NOT_USPS_VALIDITY;NO_INVENTORY
06051,EXACT_IMLS_OUTLET_ZIP,CT0098,002,,EXACT_OUTLET;TIE_FSCSKEY_SEQ,EXACT_OUTLET;NOT_USPS_VALIDITY;NO_INVENTORY
06052,ZCTA_NEAREST_ACTIVE_OUTLET,CT0098,002,1.997,ZCTA_NN;R6371;TIE_FIRST_LEX,ZCTA_NN_HAVERSINE;NOT_ELIGIBILITY;NOT_USPS_VALIDITY;NO_INVENTORY
06053,EXACT_IMLS_OUTLET_ZIP,CT0098,004,,EXACT_OUTLET;TIE_FSCSKEY_SEQ,EXACT_OUTLET;NOT_USPS_VALIDITY;NO_INVENTORY
06057,EXACT_IMLS_OUTLET_ZIP,CT0101,002,,EXACT_OUTLET;TIE_FSCSKEY_SEQ,EXACT_OUTLET;NOT_USPS_VALIDITY;NO_INVENTORY
06058,EXACT_IMLS_OUTLET_ZIP,CT0108,002,,EXACT_OUTLET;TIE_FSCSKEY_SEQ,EXACT_OUTLET;NOT_USPS_VALIDITY;NO_INVENTORY
06059,ZCTA_NEAREST_ACTIVE_OUTLET,CT0144,002,7.367,ZCTA_NN;R6371;TIE_FIRST_LEX,ZCTA_NN_HAVERSINE;NOT_ELIGIBILITY;NOT_USPS_VALIDITY;NO_INVENTORY
06060,EXACT_IMLS_OUTLET_ZIP,CT0062,003,,EXACT_OUTLET;TIE_FSCSKEY_SEQ,EXACT_OUTLET;NOT_USPS_VALIDITY;NO_INVENTORY
06061,ZCTA_NEAREST_ACTIVE_OUTLET,CT0102,002,1.149,ZCTA_NN;R6371;TIE_FIRST_LEX,ZCTA_NN_HAVERSINE;NOT_ELIGIBILITY;NOT_USPS_VALIDITY;NO_INVENTORY
06062,EXACT_IMLS_OUTLET_ZIP,CT0124,002,,EXACT_OUTLET;TIE_FSCSKEY_SEQ,EXACT_OUTLET;NOT_USPS_VALIDITY;NO_INVENTORY
06063,ZCTA_NEAREST_ACTIVE_OUTLET,CT0102,002,6.430,ZCTA_NN;R6371;TIE_FIRST_LEX,ZCTA_NN_HAVERSINE;NOT_ELIGIBILITY;NOT_USPS_VALIDITY;NO_INVENTORY
06064,OBSERVED_REFERENCE_INDIRECT_ONLY,,,,INDIRECT_IMLS_SC;NO_FABRICATED_NEAREST,INDIRECT_IMLS_SC;NO_FABRICATED_NEAREST;NOT_REJECTED;NOT_USPS_VALIDITY;NO_INVENTORY
06065,ZCTA_NEAREST_ACTIVE_OUTLET,CT0195,002,3.710,ZCTA_NN;R6371;TIE_FIRST_LEX,ZCTA_NN_HAVERSINE;NOT_ELIGIBILITY;NOT_USPS_VALIDITY;NO_INVENTORY
06066,EXACT_IMLS_OUTLET_ZIP,CT0162,002,,EXACT_OUTLET;TIE_FSCSKEY_SEQ,EXACT_OUTLET;NOT_USPS_VALIDITY;NO_INVENTORY
06067,EXACT_IMLS_OUTLET_ZIP,CT0135,002,,EXACT_OUTLET;TIE_FSCSKEY_SEQ,EXACT_OUTLET;NOT_USPS_VALIDITY;NO_INVENTORY
06068,EXACT_IMLS_OUTLET_ZIP,CT0138,002,,EXACT_OUTLET;TIE_FSCSKEY_SEQ,EXACT_OUTLET;NOT_USPS_VALIDITY;NO_INVENTORY
06069,EXACT_IMLS_OUTLET_ZIP,CT0141,002,,EXACT_OUTLET;TIE_FSCSKEY_SEQ,EXACT_OUTLET;NOT_USPS_VALIDITY;NO_INVENTORY
06070,EXACT_IMLS_OUTLET_ZIP,CT0144,002,,EXACT_OUTLET;TIE_FSCSKEY_SEQ,EXACT_OUTLET;NOT_USPS_VALIDITY;NO_INVENTORY
06071,EXACT_IMLS_OUTLET_ZIP,CT0145,002,,EXACT_OUTLET;TIE_FSCSKEY_SEQ,EXACT_OUTLET;NOT_USPS_VALIDITY;NO_INVENTORY
06072,ZCTA_NEAREST_ACTIVE_OUTLET,CT0145,002,2.226,ZCTA_NN;R6371;TIE_FIRST_LEX,ZCTA_NN_HAVERSINE;NOT_ELIGIBILITY;NOT_USPS_VALIDITY;NO_INVENTORY
06073,EXACT_IMLS_OUTLET_ZIP,CT0060,002,,EXACT_OUTLET;TIE_FSCSKEY_SEQ,EXACT_OUTLET;NOT_USPS_VALIDITY;NO_INVENTORY
06074,EXACT_IMLS_OUTLET_ZIP,CT0148,002,,EXACT_OUTLET;TIE_FSCSKEY_SEQ,EXACT_OUTLET;NOT_USPS_VALIDITY;NO_INVENTORY
06075,OBSERVED_REFERENCE_INDIRECT_ONLY,,,,INDIRECT_IMLS_SC;NO_FABRICATED_NEAREST,INDIRECT_IMLS_SC;NO_FABRICATED_NEAREST;NOT_REJECTED;NOT_USPS_VALIDITY;NO_INVENTORY
06076,EXACT_IMLS_OUTLET_ZIP,CT0150,002,,EXACT_OUTLET;TIE_FSCSKEY_SEQ,EXACT_OUTLET;NOT_USPS_VALIDITY;NO_INVENTORY
06078,EXACT_IMLS_OUTLET_ZIP,CT0155,002,,EXACT_OUTLET;TIE_FSCSKEY_SEQ,EXACT_OUTLET;NOT_USPS_VALIDITY;NO_INVENTORY
06079,ZCTA_NEAREST_ACTIVE_OUTLET,CT0138,002,7.059,ZCTA_NN;R6371;TIE_FIRST_LEX,ZCTA_NN_HAVERSINE;NOT_ELIGIBILITY;NOT_USPS_VALIDITY;NO_INVENTORY
06080,ZCTA_NEAREST_ACTIVE_OUTLET,CT0183,002,2.545,ZCTA_NN;R6371;TIE_FIRST_LEX,ZCTA_NN_HAVERSINE;NOT_ELIGIBILITY;NOT_USPS_VALIDITY;NO_INVENTORY
06081,ZCTA_NEAREST_ACTIVE_OUTLET,CT0144,002,4.850,ZCTA_NN;R6371;TIE_FIRST_LEX,ZCTA_NN_HAVERSINE;NOT_ELIGIBILITY;NOT_USPS_VALIDITY;NO_INVENTORY
06082,EXACT_IMLS_OUTLET_ZIP,CT0052,002,,EXACT_OUTLET;TIE_FSCSKEY_SEQ,EXACT_OUTLET;NOT_USPS_VALIDITY;NO_INVENTORY
06083,OBSERVED_REFERENCE_INDIRECT_ONLY,,,,INDIRECT_IMLS_SC;NO_FABRICATED_NEAREST,INDIRECT_IMLS_SC;NO_FABRICATED_NEAREST;NOT_REJECTED;NOT_USPS_VALIDITY;NO_INVENTORY
06084,EXACT_IMLS_OUTLET_ZIP,CT0158,002,,EXACT_OUTLET;TIE_FSCSKEY_SEQ,EXACT_OUTLET;NOT_USPS_VALIDITY;NO_INVENTORY
06085,ZCTA_NEAREST_ACTIVE_OUTLET,CT0057,002,1.798,ZCTA_NN;R6371;TIE_FIRST_LEX,ZCTA_NN_HAVERSINE;NOT_ELIGIBILITY;NOT_USPS_VALIDITY;NO_INVENTORY
06088,EXACT_IMLS_OUTLET_ZIP,CT0050,002,,EXACT_OUTLET;TIE_FSCSKEY_SEQ,EXACT_OUTLET;NOT_USPS_VALIDITY;NO_INVENTORY
06089,ZCTA_NEAREST_ACTIVE_OUTLET,CT0144,002,4.483,ZCTA_NN;R6371;TIE_FIRST_LEX,ZCTA_NN_HAVERSINE;NOT_ELIGIBILITY;NOT_USPS_VALIDITY;NO_INVENTORY
06090,ZCTA_NEAREST_ACTIVE_OUTLET,CT0062,002,6.048,ZCTA_NN;R6371;TIE_FIRST_LEX,ZCTA_NN_HAVERSINE;NOT_ELIGIBILITY;NOT_USPS_VALIDITY;NO_INVENTORY
06091,EXACT_IMLS_OUTLET_ZIP,CT0195,002,,EXACT_OUTLET;TIE_FSCSKEY_SEQ,EXACT_OUTLET;NOT_USPS_VALIDITY;NO_INVENTORY
06092,ZCTA_NEAREST_ACTIVE_OUTLET,CT0144,002,4.787,ZCTA_NN;R6371;TIE_FIRST_LEX,ZCTA_NN_HAVERSINE;NOT_ELIGIBILITY;NOT_USPS_VALIDITY;NO_INVENTORY
06093,ZCTA_NEAREST_ACTIVE_OUTLET,MA0276,002,6.224,ZCTA_NN;R6371;TIE_FIRST_LEX,ZCTA_NN_HAVERSINE;NOT_ELIGIBILITY;NOT_USPS_VALIDITY;NO_INVENTORY
06095,EXACT_IMLS_OUTLET_ZIP,CT0182,002,,EXACT_OUTLET;TIE_FSCSKEY_SEQ,EXACT_OUTLET;NOT_USPS_VALIDITY;NO_INVENTORY
06096,EXACT_IMLS_OUTLET_ZIP,CT0183,002,,EXACT_OUTLET;TIE_FSCSKEY_SEQ,EXACT_OUTLET;NOT_USPS_VALIDITY;NO_INVENTORY
06098,EXACT_IMLS_OUTLET_ZIP,CT0178,002,,EXACT_OUTLET;TIE_FSCSKEY_SEQ,EXACT_OUTLET;NOT_USPS_VALIDITY;NO_INVENTORY
06101,OBSERVED_REFERENCE_INDIRECT_ONLY,,,,INDIRECT_IMLS_SC;NO_FABRICATED_NEAREST,INDIRECT_IMLS_SC;NO_FABRICATED_NEAREST;NOT_REJECTED;NOT_USPS_VALIDITY;NO_INVENTORY
06102,OBSERVED_REFERENCE_INDIRECT_ONLY,,,,INDIRECT_IMLS_SC;NO_FABRICATED_NEAREST,INDIRECT_IMLS_SC;NO_FABRICATED_NEAREST;NOT_REJECTED;NOT_USPS_VALIDITY;NO_INVENTORY
06103,EXACT_IMLS_OUTLET_ZIP,CT0073,012,,EXACT_OUTLET;TIE_FSCSKEY_SEQ,EXACT_OUTLET;NOT_USPS_VALIDITY;NO_INVENTORY
06105,ZCTA_NEAREST_ACTIVE_OUTLET,CT0073,003,1.195,ZCTA_NN;R6371;TIE_FIRST_LEX,ZCTA_NN_HAVERSINE;NOT_ELIGIBILITY;NOT_USPS_VALIDITY;NO_INVENTORY
06106,EXACT_IMLS_OUTLET_ZIP,CT0073,007,,EXACT_OUTLET;TIE_FSCSKEY_SEQ,EXACT_OUTLET;NOT_USPS_VALIDITY;NO_INVENTORY
06107,EXACT_IMLS_OUTLET_ZIP,CT0171,002,,EXACT_OUTLET;TIE_FSCSKEY_SEQ,EXACT_OUTLET;NOT_USPS_VALIDITY;NO_INVENTORY
06108,EXACT_IMLS_OUTLET_ZIP,CT0045,002,,EXACT_OUTLET;TIE_FSCSKEY_SEQ,EXACT_OUTLET;NOT_USPS_VALIDITY;NO_INVENTORY
06109,EXACT_IMLS_OUTLET_ZIP,CT0175,002,,EXACT_OUTLET;TIE_FSCSKEY_SEQ,EXACT_OUTLET;NOT_USPS_VALIDITY;NO_INVENTORY
06110,EXACT_IMLS_OUTLET_ZIP,CT0171,004,,EXACT_OUTLET;TIE_FSCSKEY_SEQ,EXACT_OUTLET;NOT_USPS_VALIDITY;NO_INVENTORY
06111,EXACT_IMLS_OUTLET_ZIP,CT0104,002,,EXACT_OUTLET;TIE_FSCSKEY_SEQ,EXACT_OUTLET;NOT_USPS_VALIDITY;NO_INVENTORY
06112,EXACT_IMLS_OUTLET_ZIP,CT0073,003,,EXACT_OUTLET;TIE_FSCSKEY_SEQ,EXACT_OUTLET;NOT_USPS_VALIDITY;NO_INVENTORY
06114,EXACT_IMLS_OUTLET_ZIP,CT0073,006,,EXACT_OUTLET;TIE_FSCSKEY_SEQ,EXACT_OUTLET;NOT_USPS_VALIDITY;NO_INVENTORY
06115,OBSERVED_REFERENCE_INDIRECT_ONLY,,,,INDIRECT_IMLS_SC;NO_FABRICATED_NEAREST,INDIRECT_IMLS_SC;NO_FABRICATED_NEAREST;NOT_REJECTED;NOT_USPS_VALIDITY;NO_INVENTORY
06117,EXACT_IMLS_OUTLET_ZIP,CT0171,003,,EXACT_OUTLET;TIE_FSCSKEY_SEQ,EXACT_OUTLET;NOT_USPS_VALIDITY;NO_INVENTORY
06118,ZCTA_NEAREST_ACTIVE_OUTLET,CT0045,004,3.389,ZCTA_NN;R6371;TIE_FIRST_LEX,ZCTA_NN_HAVERSINE;NOT_ELIGIBILITY;NOT_USPS_VALIDITY;NO_INVENTORY
06119,ZCTA_NEAREST_ACTIVE_OUTLET,CT0171,002,1.273,ZCTA_NN;R6371;TIE_FIRST_LEX,ZCTA_NN_HAVERSINE;NOT_ELIGIBILITY;NOT_USPS_VALIDITY;NO_INVENTORY
06120,EXACT_IMLS_OUTLET_ZIP,CT0073,004,,EXACT_OUTLET;TIE_FSCSKEY_SEQ,EXACT_OUTLET;NOT_USPS_VALIDITY;NO_INVENTORY
06127,OBSERVED_REFERENCE_INDIRECT_ONLY,,,,INDIRECT_IMLS_SC;NO_FABRICATED_NEAREST,INDIRECT_IMLS_SC;NO_FABRICATED_NEAREST;NOT_REJECTED;NOT_USPS_VALIDITY;NO_INVENTORY
06128,OBSERVED_REFERENCE_INDIRECT_ONLY,,,,INDIRECT_IMLS_SC;NO_FABRICATED_NEAREST,INDIRECT_IMLS_SC;NO_FABRICATED_NEAREST;NOT_REJECTED;NOT_USPS_VALIDITY;NO_INVENTORY
06129,OBSERVED_REFERENCE_INDIRECT_ONLY,,,,INDIRECT_IMLS_SC;NO_FABRICATED_NEAREST,INDIRECT_IMLS_SC;NO_FABRICATED_NEAREST;NOT_REJECTED;NOT_USPS_VALIDITY;NO_INVENTORY
06131,OBSERVED_REFERENCE_INDIRECT_ONLY,,,,INDIRECT_IMLS_SC;NO_FABRICATED_NEAREST,INDIRECT_IMLS_SC;NO_FABRICATED_NEAREST;NOT_REJECTED;NOT_USPS_VALIDITY;NO_INVENTORY
06133,OBSERVED_REFERENCE_INDIRECT_ONLY,,,,INDIRECT_IMLS_SC;NO_FABRICATED_NEAREST,INDIRECT_IMLS_SC;NO_FABRICATED_NEAREST;NOT_REJECTED;NOT_USPS_VALIDITY;NO_INVENTORY
06137,OBSERVED_REFERENCE_INDIRECT_ONLY,,,,INDIRECT_IMLS_SC;NO_FABRICATED_NEAREST,INDIRECT_IMLS_SC;NO_FABRICATED_NEAREST;NOT_REJECTED;NOT_USPS_VALIDITY;NO_INVENTORY
06141,OBSERVED_REFERENCE_INDIRECT_ONLY,,,,INDIRECT_IMLS_SC;NO_FABRICATED_NEAREST,INDIRECT_IMLS_SC;NO_FABRICATED_NEAREST;NOT_REJECTED;NOT_USPS_VALIDITY;NO_INVENTORY
06143,OBSERVED_REFERENCE_INDIRECT_ONLY,,,,INDIRECT_IMLS_SC;NO_FABRICATED_NEAREST,INDIRECT_IMLS_SC;NO_FABRICATED_NEAREST;NOT_REJECTED;NOT_USPS_VALIDITY;NO_INVENTORY
06144,OBSERVED_REFERENCE_INDIRECT_ONLY,,,,INDIRECT_IMLS_SC;NO_FABRICATED_NEAREST,INDIRECT_IMLS_SC;NO_FABRICATED_NEAREST;NOT_REJECTED;NOT_USPS_VALIDITY;NO_INVENTORY
06152,OBSERVED_REFERENCE_INDIRECT_ONLY,,,,INDIRECT_IMLS_SC;NO_FABRICATED_NEAREST,INDIRECT_IMLS_SC;NO_FABRICATED_NEAREST;NOT_REJECTED;NOT_USPS_VALIDITY;NO_INVENTORY
06156,OBSERVED_REFERENCE_INDIRECT_ONLY,,,,INDIRECT_IMLS_SC;NO_FABRICATED_NEAREST,INDIRECT_IMLS_SC;NO_FABRICATED_NEAREST;NOT_REJECTED;NOT_USPS_VALIDITY;NO_INVENTORY
06183,OBSERVED_REFERENCE_INDIRECT_ONLY,,,,INDIRECT_IMLS_SC;NO_FABRICATED_NEAREST,INDIRECT_IMLS_SC;NO_FABRICATED_NEAREST;NOT_REJECTED;NOT_USPS_VALIDITY;NO_INVENTORY
06226,EXACT_IMLS_OUTLET_ZIP,CT0180,002,,EXACT_OUTLET;TIE_FSCSKEY_SEQ,EXACT_OUTLET;NOT_USPS_VALIDITY;NO_INVENTORY
06230,EXACT_IMLS_OUTLET_ZIP,CT0128,002,,EXACT_OUTLET;TIE_FSCSKEY_SEQ,EXACT_OUTLET;NOT_USPS_VALIDITY;NO_INVENTORY
06231,ZCTA_NEAREST_ACTIVE_OUTLET,CT0076,002,2.861,ZCTA_NN;R6371;TIE_FIRST_LEX,ZCTA_NN_HAVERSINE;NOT_ELIGIBILITY;NOT_USPS_VALIDITY;NO_INVENTORY
06232,EXACT_IMLS_OUTLET_ZIP,CT0001,002,,EXACT_OUTLET;TIE_FSCSKEY_SEQ,EXACT_OUTLET;NOT_USPS_VALIDITY;NO_INVENTORY
06234,EXACT_IMLS_OUTLET_ZIP,CT0020,002,,EXACT_OUTLET;TIE_FSCSKEY_SEQ,EXACT_OUTLET;NOT_USPS_VALIDITY;NO_INVENTORY
06235,EXACT_IMLS_OUTLET_ZIP,CT0025,002,,EXACT_OUTLET;TIE_FSCSKEY_SEQ,EXACT_OUTLET;NOT_USPS_VALIDITY;NO_INVENTORY
06237,EXACT_IMLS_OUTLET_ZIP,CT0029,002,,EXACT_OUTLET;TIE_FSCSKEY_SEQ,EXACT_OUTLET;NOT_USPS_VALIDITY;NO_INVENTORY
06238,EXACT_IMLS_OUTLET_ZIP,CT0192,002,,EXACT_OUTLET;TIE_FSCSKEY_SEQ,EXACT_OUTLET;NOT_USPS_VALIDITY;NO_INVENTORY
06239,EXACT_IMLS_OUTLET_ZIP,CT0078,002,,EXACT_OUTLET;TIE_FSCSKEY_SEQ,EXACT_OUTLET;NOT_USPS_VALIDITY;NO_INVENTORY
06241,ZCTA_NEAREST_ACTIVE_OUTLET,CT0078,002,5.565,ZCTA_NN;R6371;TIE_FIRST_LEX,ZCTA_NN_HAVERSINE;NOT_ELIGIBILITY;NOT_USPS_VALIDITY;NO_INVENTORY
06242,EXACT_IMLS_OUTLET_ZIP,CT0193,002,,EXACT_OUTLET;TIE_FSCSKEY_SEQ,EXACT_OUTLET;NOT_USPS_VALIDITY;NO_INVENTORY
06243,ZCTA_NEAREST_ACTIVE_OUTLET,CT0078,002,7.079,ZCTA_NN;R6371;TIE_FIRST_LEX,ZCTA_NN_HAVERSINE;NOT_ELIGIBILITY;NOT_USPS_VALIDITY;NO_INVENTORY
06244,EXACT_IMLS_OUTLET_ZIP,CT0189,002,,EXACT_OUTLET;TIE_FSCSKEY_SEQ,EXACT_OUTLET;NOT_USPS_VALIDITY;NO_INVENTORY
06247,EXACT_IMLS_OUTLET_ZIP,CT0194,002,,EXACT_OUTLET;TIE_FSCSKEY_SEQ,EXACT_OUTLET;NOT_USPS_VALIDITY;NO_INVENTORY
06248,EXACT_IMLS_OUTLET_ZIP,CT0076,002,,EXACT_OUTLET;TIE_FSCSKEY_SEQ,EXACT_OUTLET;NOT_USPS_VALIDITY;NO_INVENTORY
06249,EXACT_IMLS_OUTLET_ZIP,CT0080,002,,EXACT_OUTLET;TIE_FSCSKEY_SEQ,EXACT_OUTLET;NOT_USPS_VALIDITY;NO_INVENTORY
06250,EXACT_IMLS_OUTLET_ZIP,CT0087,002,,EXACT_OUTLET;TIE_FSCSKEY_SEQ,EXACT_OUTLET;NOT_USPS_VALIDITY;NO_INVENTORY
06254,EXACT_IMLS_OUTLET_ZIP,CT0200,001,,EXACT_OUTLET;TIE_FSCSKEY_SEQ,EXACT_OUTLET;NOT_USPS_VALIDITY;NO_INVENTORY
06255,EXACT_IMLS_OUTLET_ZIP,CT0157,002,,EXACT_OUTLET;TIE_FSCSKEY_SEQ,EXACT_OUTLET;NOT_USPS_VALIDITY;NO_INVENTORY
06256,ZCTA_NEAREST_ACTIVE_OUTLET,CT0180,003,3.383,ZCTA_NN;R6371;TIE_FIRST_LEX,ZCTA_NN_HAVERSINE;NOT_ELIGIBILITY;NOT_USPS_VALIDITY;NO_INVENTORY
06258,EXACT_IMLS_OUTLET_ZIP,CT0127,002,,EXACT_OUTLET;TIE_FSCSKEY_SEQ,EXACT_OUTLET;NOT_USPS_VALIDITY;NO_INVENTORY
06259,ZCTA_NEAREST_ACTIVE_OUTLET,CT0128,002,2.198,ZCTA_NN;R6371;TIE_FIRST_LEX,ZCTA_NN_HAVERSINE;NOT_ELIGIBILITY;NOT_USPS_VALIDITY;NO_INVENTORY
06260,EXACT_IMLS_OUTLET_ZIP,CT0132,002,,EXACT_OUTLET;TIE_FSCSKEY_SEQ,EXACT_OUTLET;NOT_USPS_VALIDITY;NO_INVENTORY
06262,ZCTA_NEAREST_ACTIVE_OUTLET,CT0189,002,4.537,ZCTA_NN;R6371;TIE_FIRST_LEX,ZCTA_NN_HAVERSINE;NOT_ELIGIBILITY;NOT_USPS_VALIDITY;NO_INVENTORY
06263,ZCTA_NEAREST_ACTIVE_OUTLET,CT0078,002,3.804,ZCTA_NN;R6371;TIE_FIRST_LEX,ZCTA_NN_HAVERSINE;NOT_ELIGIBILITY;NOT_USPS_VALIDITY;NO_INVENTORY
06264,EXACT_IMLS_OUTLET_ZIP,CT0139,002,,EXACT_OUTLET;TIE_FSCSKEY_SEQ,EXACT_OUTLET;NOT_USPS_VALIDITY;NO_INVENTORY
06266,EXACT_IMLS_OUTLET_ZIP,CT0179,002,,EXACT_OUTLET;TIE_FSCSKEY_SEQ,EXACT_OUTLET;NOT_USPS_VALIDITY;NO_INVENTORY
06267,OBSERVED_REFERENCE_INDIRECT_ONLY,,,,INDIRECT_IMLS_SC;NO_FABRICATED_NEAREST,INDIRECT_IMLS_SC;NO_FABRICATED_NEAREST;NOT_REJECTED;NOT_USPS_VALIDITY;NO_INVENTORY
06268,EXACT_IMLS_OUTLET_ZIP,CT0087,003,,EXACT_OUTLET;TIE_FSCSKEY_SEQ,EXACT_OUTLET;NOT_USPS_VALIDITY;NO_INVENTORY
06269,ZCTA_NEAREST_ACTIVE_OUTLET,CT0087,003,0.854,ZCTA_NN;R6371;TIE_FIRST_LEX,ZCTA_NN_HAVERSINE;NOT_ELIGIBILITY;NOT_USPS_VALIDITY;NO_INVENTORY
06277,ZCTA_NEAREST_ACTIVE_OUTLET,CT0157,002,5.469,ZCTA_NN;R6371;TIE_FIRST_LEX,ZCTA_NN_HAVERSINE;NOT_ELIGIBILITY;NOT_USPS_VALIDITY;NO_INVENTORY
06278,EXACT_IMLS_OUTLET_ZIP,CT0003,002,,EXACT_OUTLET;TIE_FSCSKEY_SEQ,EXACT_OUTLET;NOT_USPS_VALIDITY;NO_INVENTORY
06279,EXACT_IMLS_OUTLET_ZIP,CT0176,002,,EXACT_OUTLET;TIE_FSCSKEY_SEQ,EXACT_OUTLET;NOT_USPS_VALIDITY;NO_INVENTORY
06280,EXACT_IMLS_OUTLET_ZIP,CT0181,002,,EXACT_OUTLET;TIE_FSCSKEY_SEQ,EXACT_OUTLET;NOT_USPS_VALIDITY;NO_INVENTORY
06281,EXACT_IMLS_OUTLET_ZIP,CT0187,002,,EXACT_OUTLET;TIE_FSCSKEY_SEQ,EXACT_OUTLET;NOT_USPS_VALIDITY;NO_INVENTORY
06282,ZCTA_NEAREST_ACTIVE_OUTLET,CT0190,002,3.216,ZCTA_NN;R6371;TIE_FIRST_LEX,ZCTA_NN_HAVERSINE;NOT_ELIGIBILITY;NOT_USPS_VALIDITY;NO_INVENTORY
06320,EXACT_IMLS_OUTLET_ZIP,CT0105,002,,EXACT_OUTLET;TIE_FSCSKEY_SEQ,EXACT_OUTLET;NOT_USPS_VALIDITY;NO_INVENTORY
06330,EXACT_IMLS_OUTLET_ZIP,CT0149,002,,EXACT_OUTLET;TIE_FSCSKEY_SEQ,EXACT_OUTLET;NOT_USPS_VALIDITY;NO_INVENTORY
06331,EXACT_IMLS_OUTLET_ZIP,CT0023,002,,EXACT_OUTLET;TIE_FSCSKEY_SEQ,EXACT_OUTLET;NOT_USPS_VALIDITY;NO_INVENTORY
06332,ZCTA_NEAREST_ACTIVE_OUTLET,CT0121,002,2.327,ZCTA_NN;R6371;TIE_FIRST_LEX,ZCTA_NN_HAVERSINE;NOT_ELIGIBILITY;NOT_USPS_VALIDITY;NO_INVENTORY
06333,ZCTA_NEAREST_ACTIVE_OUTLET,CT0047,002,4.468,ZCTA_NN;R6371;TIE_FIRST_LEX,ZCTA_NN_HAVERSINE;NOT_ELIGIBILITY;NOT_USPS_VALIDITY;NO_INVENTORY
06334,ZCTA_NEAREST_ACTIVE_OUTLET,CT0095,002,7.488,ZCTA_NN;R6371;TIE_FIRST_LEX,ZCTA_NN_HAVERSINE;NOT_ELIGIBILITY;NOT_USPS_VALIDITY;NO_INVENTORY
06335,ZCTA_NEAREST_ACTIVE_OUTLET,CT0081,003,2.390,ZCTA_NN;R6371;TIE_FIRST_LEX,ZCTA_NN_HAVERSINE;NOT_ELIGIBILITY;NOT_USPS_VALIDITY;NO_INVENTORY
06336,ZCTA_NEAREST_ACTIVE_OUTLET,CT0200,001,5.997,ZCTA_NN;R6371;TIE_FIRST_LEX,ZCTA_NN_HAVERSINE;NOT_ELIGIBILITY;NOT_USPS_VALIDITY;NO_INVENTORY
06338,ZCTA_NEAREST_ACTIVE_OUTLET,CT0130,002,3.177,ZCTA_NN;R6371;TIE_FIRST_LEX,ZCTA_NN_HAVERSINE;NOT_ELIGIBILITY;NOT_USPS_VALIDITY;NO_INVENTORY
06339,EXACT_IMLS_OUTLET_ZIP,CT0081,002,,EXACT_OUTLET;TIE_FSCSKEY_SEQ,EXACT_OUTLET;NOT_USPS_VALIDITY;NO_INVENTORY
06340,EXACT_IMLS_OUTLET_ZIP,CT0067,002,,EXACT_OUTLET;TIE_FSCSKEY_SEQ,EXACT_OUTLET;NOT_USPS_VALIDITY;NO_INVENTORY
06349,OBSERVED_REFERENCE_INDIRECT_ONLY,,,,INDIRECT_IMLS_SC;NO_FABRICATED_NEAREST,INDIRECT_IMLS_SC;NO_FABRICATED_NEAREST;NOT_REJECTED;NOT_USPS_VALIDITY;NO_INVENTORY
06350,ZCTA_NEAREST_ACTIVE_OUTLET,CT0149,002,3.747,ZCTA_NN;R6371;TIE_FIRST_LEX,ZCTA_NN_HAVERSINE;NOT_ELIGIBILITY;NOT_USPS_VALIDITY;NO_INVENTORY
06351,EXACT_IMLS_OUTLET_ZIP,CT0066,002,,EXACT_OUTLET;TIE_FSCSKEY_SEQ,EXACT_OUTLET;NOT_USPS_VALIDITY;NO_INVENTORY
06353,ZCTA_NEAREST_ACTIVE_OUTLET,CT0095,002,2.847,ZCTA_NN;R6371;TIE_FIRST_LEX,ZCTA_NN_HAVERSINE;NOT_ELIGIBILITY;NOT_USPS_VALIDITY;NO_INVENTORY
06354,EXACT_IMLS_OUTLET_ZIP,CT0121,002,,EXACT_OUTLET;TIE_FSCSKEY_SEQ,EXACT_OUTLET;NOT_USPS_VALIDITY;NO_INVENTORY
06355,EXACT_IMLS_OUTLET_ZIP,CT0069,002,,EXACT_OUTLET;TIE_FSCSKEY_SEQ,EXACT_OUTLET;NOT_USPS_VALIDITY;NO_INVENTORY
06357,EXACT_IMLS_OUTLET_ZIP,CT0047,002,,EXACT_OUTLET;TIE_FSCSKEY_SEQ,EXACT_OUTLET;NOT_USPS_VALIDITY;NO_INVENTORY
06359,EXACT_IMLS_OUTLET_ZIP,CT0112,002,,EXACT_OUTLET;TIE_FSCSKEY_SEQ,EXACT_OUTLET;NOT_USPS_VALIDITY;NO_INVENTORY
06360,EXACT_IMLS_OUTLET_ZIP,CT0116,002,,EXACT_OUTLET;TIE_FSCSKEY_SEQ,EXACT_OUTLET;NOT_USPS_VALIDITY;NO_INVENTORY
06365,EXACT_IMLS_OUTLET_ZIP,CT0130,002,,EXACT_OUTLET;TIE_FSCSKEY_SEQ,EXACT_OUTLET;NOT_USPS_VALIDITY;NO_INVENTORY
06370,EXACT_IMLS_OUTLET_ZIP,CT0095,002,,EXACT_OUTLET;TIE_FSCSKEY_SEQ,EXACT_OUTLET;NOT_USPS_VALIDITY;NO_INVENTORY
06371,EXACT_IMLS_OUTLET_ZIP,CT0084,002,,EXACT_OUTLET;TIE_FSCSKEY_SEQ,EXACT_OUTLET;NOT_USPS_VALIDITY;NO_INVENTORY
06372,OBSERVED_REFERENCE_INDIRECT_ONLY,,,,INDIRECT_IMLS_SC;NO_FABRICATED_NEAREST,INDIRECT_IMLS_SC;NO_FABRICATED_NEAREST;NOT_REJECTED;NOT_USPS_VALIDITY;NO_INVENTORY
06373,EXACT_IMLS_OUTLET_ZIP,CT0152,002,,EXACT_OUTLET;TIE_FSCSKEY_SEQ,EXACT_OUTLET;NOT_USPS_VALIDITY;NO_INVENTORY
06374,ZCTA_NEAREST_ACTIVE_OUTLET,CT0121,002,5.151,ZCTA_NN;R6371;TIE_FIRST_LEX,ZCTA_NN_HAVERSINE;NOT_ELIGIBILITY;NOT_USPS_VALIDITY;NO_INVENTORY
06375,ZCTA_NEAREST_ACTIVE_OUTLET,CT0081,003,3.969,ZCTA_NN;R6371;TIE_FIRST_LEX,ZCTA_NN_HAVERSINE;NOT_ELIGIBILITY;NOT_USPS_VALIDITY;NO_INVENTORY
06376,ZCTA_NEAREST_ACTIVE_OUTLET,CT0047,002,6.595,ZCTA_NN;R6371;TIE_FIRST_LEX,ZCTA_NN_HAVERSINE;NOT_ELIGIBILITY;NOT_USPS_VALIDITY;NO_INVENTORY
06377,ZCTA_NEAREST_ACTIVE_OUTLET,CT0152,002,4.236,ZCTA_NN;R6371;TIE_FIRST_LEX,ZCTA_NN_HAVERSINE;NOT_ELIGIBILITY;NOT_USPS_VALIDITY;NO_INVENTORY
06378,EXACT_IMLS_OUTLET_ZIP,CT0153,002,,EXACT_OUTLET;TIE_FSCSKEY_SEQ,EXACT_OUTLET;NOT_USPS_VALIDITY;NO_INVENTORY
06379,ZCTA_NEAREST_ACTIVE_OUTLET,RI0050,002,2.070,ZCTA_NN;R6371;TIE_FIRST_LEX,ZCTA_NN_HAVERSINE;NOT_ELIGIBILITY;NOT_USPS_VALIDITY;NO_INVENTORY
06380,ZCTA_NEAREST_ACTIVE_OUTLET,CT0116,002,4.696,ZCTA_NN;R6371;TIE_FIRST_LEX,ZCTA_NN_HAVERSINE;NOT_ELIGIBILITY;NOT_USPS_VALIDITY;NO_INVENTORY
06382,ZCTA_NEAREST_ACTIVE_OUTLET,CT0095,002,2.973,ZCTA_NN;R6371;TIE_FIRST_LEX,ZCTA_NN_HAVERSINE;NOT_ELIGIBILITY;NOT_USPS_VALIDITY;NO_INVENTORY
06384,EXACT_IMLS_OUTLET_ZIP,CT0163,002,,EXACT_OUTLET;TIE_FSCSKEY_SEQ,EXACT_OUTLET;NOT_USPS_VALIDITY;NO_INVENTORY
06385,EXACT_IMLS_OUTLET_ZIP,CT0168,002,,EXACT_OUTLET;TIE_FSCSKEY_SEQ,EXACT_OUTLET;NOT_USPS_VALIDITY;NO_INVENTORY
06387,ZCTA_NEAREST_ACTIVE_OUTLET,CT0121,002,4.041,ZCTA_NN;R6371;TIE_FIRST_LEX,ZCTA_NN_HAVERSINE;NOT_ELIGIBILITY;NOT_USPS_VALIDITY;NO_INVENTORY
06389,ZCTA_NEAREST_ACTIVE_OUTLET,CT0116,002,5.764,ZCTA_NN;R6371;TIE_FIRST_LEX,ZCTA_NN_HAVERSINE;NOT_ELIGIBILITY;NOT_USPS_VALIDITY;NO_INVENTORY
06390,EXACT_IMLS_OUTLET_ZIP,NY0664,002,,EXACT_OUTLET;TIE_FSCSKEY_SEQ,EXACT_OUTLET;NOT_USPS_VALIDITY;NO_INVENTORY
06401,EXACT_IMLS_OUTLET_ZIP,CT0002,002,,EXACT_OUTLET;TIE_FSCSKEY_SEQ,EXACT_OUTLET;NOT_USPS_VALIDITY;NO_INVENTORY
06403,EXACT_IMLS_OUTLET_ZIP,CT0005,002,,EXACT_OUTLET;TIE_FSCSKEY_SEQ,EXACT_OUTLET;NOT_USPS_VALIDITY;NO_INVENTORY
06405,EXACT_IMLS_OUTLET_ZIP,CT0014,002,,EXACT_OUTLET;TIE_FSCSKEY_SEQ,EXACT_OUTLET;NOT_USPS_VALIDITY;NO_INVENTORY
06409,ZCTA_NEAREST_ACTIVE_OUTLET,CT0054,002,0.960,ZCTA_NN;R6371;TIE_FIRST_LEX,ZCTA_NN_HAVERSINE;NOT_ELIGIBILITY;NOT_USPS_VALIDITY;NO_INVENTORY
06410,EXACT_IMLS_OUTLET_ZIP,CT0191,002,,EXACT_OUTLET;TIE_FSCSKEY_SEQ,EXACT_OUTLET;NOT_USPS_VALIDITY;NO_INVENTORY
06412,EXACT_IMLS_OUTLET_ZIP,CT0026,002,,EXACT_OUTLET;TIE_FSCSKEY_SEQ,EXACT_OUTLET;NOT_USPS_VALIDITY;NO_INVENTORY
06413,EXACT_IMLS_OUTLET_ZIP,CT0027,002,,EXACT_OUTLET;TIE_FSCSKEY_SEQ,EXACT_OUTLET;NOT_USPS_VALIDITY;NO_INVENTORY
06414,ZCTA_NEAREST_ACTIVE_OUTLET,CT0044,002,2.754,ZCTA_NN;R6371;TIE_FIRST_LEX,ZCTA_NN_HAVERSINE;NOT_ELIGIBILITY;NOT_USPS_VALIDITY;NO_INVENTORY
06415,EXACT_IMLS_OUTLET_ZIP,CT0028,002,,EXACT_OUTLET;TIE_FSCSKEY_SEQ,EXACT_OUTLET;NOT_USPS_VALIDITY;NO_INVENTORY
06416,EXACT_IMLS_OUTLET_ZIP,CT0032,002,,EXACT_OUTLET;TIE_FSCSKEY_SEQ,EXACT_OUTLET;NOT_USPS_VALIDITY;NO_INVENTORY
06417,EXACT_IMLS_OUTLET_ZIP,CT0036,002,,EXACT_OUTLET;TIE_FSCSKEY_SEQ,EXACT_OUTLET;NOT_USPS_VALIDITY;NO_INVENTORY
06418,EXACT_IMLS_OUTLET_ZIP,CT0037,002,,EXACT_OUTLET;TIE_FSCSKEY_SEQ,EXACT_OUTLET;NOT_USPS_VALIDITY;NO_INVENTORY
06419,EXACT_IMLS_OUTLET_ZIP,CT0079,002,,EXACT_OUTLET;TIE_FSCSKEY_SEQ,EXACT_OUTLET;NOT_USPS_VALIDITY;NO_INVENTORY
06420,EXACT_IMLS_OUTLET_ZIP,CT0137,002,,EXACT_OUTLET;TIE_FSCSKEY_SEQ,EXACT_OUTLET;NOT_USPS_VALIDITY;NO_INVENTORY
06422,EXACT_IMLS_OUTLET_ZIP,CT0039,002,,EXACT_OUTLET;TIE_FSCSKEY_SEQ,EXACT_OUTLET;NOT_USPS_VALIDITY;NO_INVENTORY
06423,EXACT_IMLS_OUTLET_ZIP,CT0042,003,,EXACT_OUTLET;TIE_FSCSKEY_SEQ,EXACT_OUTLET;NOT_USPS_VALIDITY;NO_INVENTORY
06424,EXACT_IMLS_OUTLET_ZIP,CT0043,002,,EXACT_OUTLET;TIE_FSCSKEY_SEQ,EXACT_OUTLET;NOT_USPS_VALIDITY;NO_INVENTORY
06426,EXACT_IMLS_OUTLET_ZIP,CT0053,002,,EXACT_OUTLET;TIE_FSCSKEY_SEQ,EXACT_OUTLET;NOT_USPS_VALIDITY;NO_INVENTORY
06430,EXACT_IMLS_OUTLET_ZIP,CT0055,003,,EXACT_OUTLET;TIE_FSCSKEY_SEQ,EXACT_OUTLET;NOT_USPS_VALIDITY;NO_INVENTORY
06437,EXACT_IMLS_OUTLET_ZIP,CT0070,002,,EXACT_OUTLET;TIE_FSCSKEY_SEQ,EXACT_OUTLET;NOT_USPS_VALIDITY;NO_INVENTORY
06438,EXACT_IMLS_OUTLET_ZIP,CT0071,002,,EXACT_OUTLET;TIE_FSCSKEY_SEQ,EXACT_OUTLET;NOT_USPS_VALIDITY;NO_INVENTORY
06439,ZCTA_NEAREST_ACTIVE_OUTLET,CT0036,002,4.414,ZCTA_NN;R6371;TIE_FIRST_LEX,ZCTA_NN_HAVERSINE;NOT_ELIGIBILITY;NOT_USPS_VALIDITY;NO_INVENTORY
06440,OBSERVED_REFERENCE_INDIRECT_ONLY,,,,INDIRECT_IMLS_SC;NO_FABRICATED_NEAREST,INDIRECT_IMLS_SC;NO_FABRICATED_NEAREST;NOT_REJECTED;NOT_USPS_VALIDITY;NO_INVENTORY
06441,ZCTA_NEAREST_ACTIVE_OUTLET,CT0071,002,5.902,ZCTA_NN;R6371;TIE_FIRST_LEX,ZCTA_NN_HAVERSINE;NOT_ELIGIBILITY;NOT_USPS_VALIDITY;NO_INVENTORY
06442,EXACT_IMLS_OUTLET_ZIP,CT0054,002,,EXACT_OUTLET;TIE_FSCSKEY_SEQ,EXACT_OUTLET;NOT_USPS_VALIDITY;NO_INVENTORY
06443,EXACT_IMLS_OUTLET_ZIP,CT0085,002,,EXACT_OUTLET;TIE_FSCSKEY_SEQ,EXACT_OUTLET;NOT_USPS_VALIDITY;NO_INVENTORY
06444,ZCTA_NEAREST_ACTIVE_OUTLET,CT0147,002,5.708,ZCTA_NN;R6371;TIE_FIRST_LEX,ZCTA_NN_HAVERSINE;NOT_ELIGIBILITY;NOT_USPS_VALIDITY;NO_INVENTORY
06447,EXACT_IMLS_OUTLET_ZIP,CT0088,002,,EXACT_OUTLET;TIE_FSCSKEY_SEQ,EXACT_OUTLET;NOT_USPS_VALIDITY;NO_INVENTORY
06450,EXACT_IMLS_OUTLET_ZIP,CT0089,003,,EXACT_OUTLET;TIE_FSCSKEY_SEQ,EXACT_OUTLET;NOT_USPS_VALIDITY;NO_INVENTORY
06451,EXACT_IMLS_OUTLET_ZIP,CT0089,002,,EXACT_OUTLET;TIE_FSCSKEY_SEQ,EXACT_OUTLET;NOT_USPS_VALIDITY;NO_INVENTORY
06455,EXACT_IMLS_OUTLET_ZIP,CT0091,002,,EXACT_OUTLET;TIE_FSCSKEY_SEQ,EXACT_OUTLET;NOT_USPS_VALIDITY;NO_INVENTORY
06456,EXACT_IMLS_OUTLET_ZIP,CT0044,002,,EXACT_OUTLET;TIE_FSCSKEY_SEQ,EXACT_OUTLET;NOT_USPS_VALIDITY;NO_INVENTORY
06457,EXACT_IMLS_OUTLET_ZIP,CT0092,002,,EXACT_OUTLET;TIE_FSCSKEY_SEQ,EXACT_OUTLET;NOT_USPS_VALIDITY;NO_INVENTORY
06459,ZCTA_NEAREST_ACTIVE_OUTLET,CT0092,002,1.412,ZCTA_NN;R6371;TIE_FIRST_LEX,ZCTA_NN_HAVERSINE;NOT_ELIGIBILITY;NOT_USPS_VALIDITY;NO_INVENTORY
06460,EXACT_IMLS_OUTLET_ZIP,CT0093,002,,EXACT_OUTLET;TIE_FSCSKEY_SEQ,EXACT_OUTLET;NOT_USPS_VALIDITY;NO_INVENTORY
06461,ZCTA_NEAREST_ACTIVE_OUTLET,CT0093,002,2.580,ZCTA_NN;R6371;TIE_FIRST_LEX,ZCTA_NN_HAVERSINE;NOT_ELIGIBILITY;NOT_USPS_VALIDITY;NO_INVENTORY
06467,ZCTA_NEAREST_ACTIVE_OUTLET,CT0147,002,3.911,ZCTA_NN;R6371;TIE_FIRST_LEX,ZCTA_NN_HAVERSINE;NOT_ELIGIBILITY;NOT_USPS_VALIDITY;NO_INVENTORY
06468,EXACT_IMLS_OUTLET_ZIP,CT0094,002,,EXACT_OUTLET;TIE_FSCSKEY_SEQ,EXACT_OUTLET;NOT_USPS_VALIDITY;NO_INVENTORY
06469,EXACT_IMLS_OUTLET_ZIP,CT0042,002,,EXACT_OUTLET;TIE_FSCSKEY_SEQ,EXACT_OUTLET;NOT_USPS_VALIDITY;NO_INVENTORY
06470,EXACT_IMLS_OUTLET_ZIP,CT0107,002,,EXACT_OUTLET;TIE_FSCSKEY_SEQ,EXACT_OUTLET;NOT_USPS_VALIDITY;NO_INVENTORY
06471,EXACT_IMLS_OUTLET_ZIP,CT0109,002,,EXACT_OUTLET;TIE_FSCSKEY_SEQ,EXACT_OUTLET;NOT_USPS_VALIDITY;NO_INVENTORY
06472,EXACT_IMLS_OUTLET_ZIP,CT0109,003,,EXACT_OUTLET;TIE_FSCSKEY_SEQ,EXACT_OUTLET;NOT_USPS_VALIDITY;NO_INVENTORY
06473,EXACT_IMLS_OUTLET_ZIP,CT0111,002,,EXACT_OUTLET;TIE_FSCSKEY_SEQ,EXACT_OUTLET;NOT_USPS_VALIDITY;NO_INVENTORY
06475,EXACT_IMLS_OUTLET_ZIP,CT0118,002,,EXACT_OUTLET;TIE_FSCSKEY_SEQ,EXACT_OUTLET;NOT_USPS_VALIDITY;NO_INVENTORY
06477,EXACT_IMLS_OUTLET_ZIP,CT0119,002,,EXACT_OUTLET;TIE_FSCSKEY_SEQ,EXACT_OUTLET;NOT_USPS_VALIDITY;NO_INVENTORY
06478,EXACT_IMLS_OUTLET_ZIP,CT0120,002,,EXACT_OUTLET;TIE_FSCSKEY_SEQ,EXACT_OUTLET;NOT_USPS_VALIDITY;NO_INVENTORY
06479,ZCTA_NEAREST_ACTIVE_OUTLET,CT0147,002,3.644,ZCTA_NN;R6371;TIE_FIRST_LEX,ZCTA_NN_HAVERSINE;NOT_ELIGIBILITY;NOT_USPS_VALIDITY;NO_INVENTORY
06480,EXACT_IMLS_OUTLET_ZIP,CT0129,002,,EXACT_OUTLET;TIE_FSCSKEY_SEQ,EXACT_OUTLET;NOT_USPS_VALIDITY;NO_INVENTORY
06481,ZCTA_NEAREST_ACTIVE_OUTLET,CT0091,002,2.476,ZCTA_NN;R6371;TIE_FIRST_LEX,ZCTA_NN_HAVERSINE;NOT_ELIGIBILITY;NOT_USPS_VALIDITY;NO_INVENTORY
06482,ZCTA_NEAREST_ACTIVE_OUTLET,CT0107,002,5.476,ZCTA_NN;R6371;TIE_FIRST_LEX,ZCTA_NN_HAVERSINE;NOT_ELIGIBILITY;NOT_USPS_VALIDITY;NO_INVENTORY
06483,EXACT_IMLS_OUTLET_ZIP,CT0140,002,,EXACT_OUTLET;TIE_FSCSKEY_SEQ,EXACT_OUTLET;NOT_USPS_VALIDITY;NO_INVENTORY
06484,EXACT_IMLS_OUTLET_ZIP,CT0142,002,,EXACT_OUTLET;TIE_FSCSKEY_SEQ,EXACT_OUTLET;NOT_USPS_VALIDITY;NO_INVENTORY
06488,EXACT_IMLS_OUTLET_ZIP,CT0146,002,,EXACT_OUTLET;TIE_FSCSKEY_SEQ,EXACT_OUTLET;NOT_USPS_VALIDITY;NO_INVENTORY
06489,EXACT_IMLS_OUTLET_ZIP,CT0147,002,,EXACT_OUTLET;TIE_FSCSKEY_SEQ,EXACT_OUTLET;NOT_USPS_VALIDITY;NO_INVENTORY
06491,OBSERVED_REFERENCE_INDIRECT_ONLY,,,,INDIRECT_IMLS_SC;NO_FABRICATED_NEAREST,INDIRECT_IMLS_SC;NO_FABRICATED_NEAREST;NOT_REJECTED;NOT_USPS_VALIDITY;NO_INVENTORY
06492,EXACT_IMLS_OUTLET_ZIP,CT0164,002,,EXACT_OUTLET;TIE_FSCSKEY_SEQ,EXACT_OUTLET;NOT_USPS_VALIDITY;NO_INVENTORY
06498,EXACT_IMLS_OUTLET_ZIP,CT0170,002,,EXACT_OUTLET;TIE_FSCSKEY_SEQ,EXACT_OUTLET;NOT_USPS_VALIDITY;NO_INVENTORY
06501,OBSERVED_REFERENCE_INDIRECT_ONLY,,,,INDIRECT_IMLS_SC;NO_FABRICATED_NEAREST,INDIRECT_IMLS_SC;NO_FABRICATED_NEAREST;NOT_REJECTED;NOT_USPS_VALIDITY;NO_INVENTORY
06510,EXACT_IMLS_OUTLET_ZIP,CT0103,002,,EXACT_OUTLET;TIE_FSCSKEY_SEQ,EXACT_OUTLET;NOT_USPS_VALIDITY;NO_INVENTORY
06511,EXACT_IMLS_OUTLET_ZIP,CT0103,007,,EXACT_OUTLET;TIE_FSCSKEY_SEQ,EXACT_OUTLET;NOT_USPS_VALIDITY;NO_INVENTORY
06512,EXACT_IMLS_OUTLET_ZIP,CT0046,002,,EXACT_OUTLET;TIE_FSCSKEY_SEQ,EXACT_OUTLET;NOT_USPS_VALIDITY;NO_INVENTORY
06513,EXACT_IMLS_OUTLET_ZIP,CT0103,004,,EXACT_OUTLET;TIE_FSCSKEY_SEQ,EXACT_OUTLET;NOT_USPS_VALIDITY;NO_INVENTORY
06514,EXACT_IMLS_OUTLET_ZIP,CT0072,003,,EXACT_OUTLET;TIE_FSCSKEY_SEQ,EXACT_OUTLET;NOT_USPS_VALIDITY;NO_INVENTORY
06515,EXACT_IMLS_OUTLET_ZIP,CT0103,005,,EXACT_OUTLET;TIE_FSCSKEY_SEQ,EXACT_OUTLET;NOT_USPS_VALIDITY;NO_INVENTORY
06516,EXACT_IMLS_OUTLET_ZIP,CT0172,002,,EXACT_OUTLET;TIE_FSCSKEY_SEQ,EXACT_OUTLET;NOT_USPS_VALIDITY;NO_INVENTORY
06517,EXACT_IMLS_OUTLET_ZIP,CT0072,004,,EXACT_OUTLET;TIE_FSCSKEY_SEQ,EXACT_OUTLET;NOT_USPS_VALIDITY;NO_INVENTORY
06518,EXACT_IMLS_OUTLET_ZIP,CT0072,002,,EXACT_OUTLET;TIE_FSCSKEY_SEQ,EXACT_OUTLET;NOT_USPS_VALIDITY;NO_INVENTORY
06519,EXACT_IMLS_OUTLET_ZIP,CT0103,010,,EXACT_OUTLET;TIE_FSCSKEY_SEQ,EXACT_OUTLET;NOT_USPS_VALIDITY;NO_INVENTORY
06520,OBSERVED_REFERENCE_INDIRECT_ONLY,,,,INDIRECT_IMLS_SC;NO_FABRICATED_NEAREST,INDIRECT_IMLS_SC;NO_FABRICATED_NEAREST;NOT_REJECTED;NOT_USPS_VALIDITY;NO_INVENTORY
06524,EXACT_IMLS_OUTLET_ZIP,CT0009,002,,EXACT_OUTLET;TIE_FSCSKEY_SEQ,EXACT_OUTLET;NOT_USPS_VALIDITY;NO_INVENTORY
06525,EXACT_IMLS_OUTLET_ZIP,CT0185,002,,EXACT_OUTLET;TIE_FSCSKEY_SEQ,EXACT_OUTLET;NOT_USPS_VALIDITY;NO_INVENTORY
06534,OBSERVED_REFERENCE_INDIRECT_ONLY,,,,INDIRECT_IMLS_SC;NO_FABRICATED_NEAREST,INDIRECT_IMLS_SC;NO_FABRICATED_NEAREST;NOT_REJECTED;NOT_USPS_VALIDITY;NO_INVENTORY
06601,OBSERVED_REFERENCE_INDIRECT_ONLY,,,,INDIRECT_IMLS_SC;NO_FABRICATED_NEAREST,INDIRECT_IMLS_SC;NO_FABRICATED_NEAREST;NOT_REJECTED;NOT_USPS_VALIDITY;NO_INVENTORY
06602,OBSERVED_REFERENCE_INDIRECT_ONLY,,,,INDIRECT_IMLS_SC;NO_FABRICATED_NEAREST,INDIRECT_IMLS_SC;NO_FABRICATED_NEAREST;NOT_REJECTED;NOT_USPS_VALIDITY;NO_INVENTORY
06604,EXACT_IMLS_OUTLET_ZIP,CT0016,009,,EXACT_OUTLET;TIE_FSCSKEY_SEQ,EXACT_OUTLET;NOT_USPS_VALIDITY;NO_INVENTORY
06605,EXACT_IMLS_OUTLET_ZIP,CT0016,002,,EXACT_OUTLET;TIE_FSCSKEY_SEQ,EXACT_OUTLET;NOT_USPS_VALIDITY;NO_INVENTORY
06606,EXACT_IMLS_OUTLET_ZIP,CT0016,011,,EXACT_OUTLET;TIE_FSCSKEY_SEQ,EXACT_OUTLET;NOT_USPS_VALIDITY;NO_INVENTORY
06607,EXACT_IMLS_OUTLET_ZIP,CT0016,010,,EXACT_OUTLET;TIE_FSCSKEY_SEQ,EXACT_OUTLET;NOT_USPS_VALIDITY;NO_INVENTORY
06608,EXACT_IMLS_OUTLET_ZIP,CT0016,013,,EXACT_OUTLET;TIE_FSCSKEY_SEQ,EXACT_OUTLET;NOT_USPS_VALIDITY;NO_INVENTORY
06610,ZCTA_NEAREST_ACTIVE_OUTLET,CT0016,013,2.361,ZCTA_NN;R6371;TIE_FIRST_LEX,ZCTA_NN_HAVERSINE;NOT_ELIGIBILITY;NOT_USPS_VALIDITY;NO_INVENTORY
06611,EXACT_IMLS_OUTLET_ZIP,CT0160,002,,EXACT_OUTLET;TIE_FSCSKEY_SEQ,EXACT_OUTLET;NOT_USPS_VALIDITY;NO_INVENTORY
06612,EXACT_IMLS_OUTLET_ZIP,CT0048,002,,EXACT_OUTLET;TIE_FSCSKEY_SEQ,EXACT_OUTLET;NOT_USPS_VALIDITY;NO_INVENTORY
06614,ZCTA_NEAREST_ACTIVE_OUTLET,CT0160,002,3.029,ZCTA_NN;R6371;TIE_FIRST_LEX,ZCTA_NN_HAVERSINE;NOT_ELIGIBILITY;NOT_USPS_VALIDITY;NO_INVENTORY
06615,EXACT_IMLS_OUTLET_ZIP,CT0154,002,,EXACT_OUTLET;TIE_FSCSKEY_SEQ,EXACT_OUTLET;NOT_USPS_VALIDITY;NO_INVENTORY
06701,OBSERVED_REFERENCE_INDIRECT_ONLY,,,,INDIRECT_IMLS_SC;NO_FABRICATED_NEAREST,INDIRECT_IMLS_SC;NO_FABRICATED_NEAREST;NOT_REJECTED;NOT_USPS_VALIDITY;NO_INVENTORY
06702,EXACT_IMLS_OUTLET_ZIP,CT0167,002,,EXACT_OUTLET;TIE_FSCSKEY_SEQ,EXACT_OUTLET;NOT_USPS_VALIDITY;NO_INVENTORY
06704,ZCTA_NEAREST_ACTIVE_OUTLET,CT0167,003,3.273,ZCTA_NN;R6371;TIE_FIRST_LEX,ZCTA_NN_HAVERSINE;NOT_ELIGIBILITY;NOT_USPS_VALIDITY;NO_INVENTORY
06705,ZCTA_NEAREST_ACTIVE_OUTLET,CT0167,002,4.331,ZCTA_NN;R6371;TIE_FIRST_LEX,ZCTA_NN_HAVERSINE;NOT_ELIGIBILITY;NOT_USPS_VALIDITY;NO_INVENTORY
06706,ZCTA_NEAREST_ACTIVE_OUTLET,CT0167,002,3.005,ZCTA_NN;R6371;TIE_FIRST_LEX,ZCTA_NN_HAVERSINE;NOT_ELIGIBILITY;NOT_USPS_VALIDITY;NO_INVENTORY
06708,EXACT_IMLS_OUTLET_ZIP,CT0167,003,,EXACT_OUTLET;TIE_FSCSKEY_SEQ,EXACT_OUTLET;NOT_USPS_VALIDITY;NO_INVENTORY
06710,ZCTA_NEAREST_ACTIVE_OUTLET,CT0167,003,1.446,ZCTA_NN;R6371;TIE_FIRST_LEX,ZCTA_NN_HAVERSINE;NOT_ELIGIBILITY;NOT_USPS_VALIDITY;NO_INVENTORY
06712,EXACT_IMLS_OUTLET_ZIP,CT0131,002,,EXACT_OUTLET;TIE_FSCSKEY_SEQ,EXACT_OUTLET;NOT_USPS_VALIDITY;NO_INVENTORY
06716,EXACT_IMLS_OUTLET_ZIP,CT0184,002,,EXACT_OUTLET;TIE_FSCSKEY_SEQ,EXACT_OUTLET;NOT_USPS_VALIDITY;NO_INVENTORY
06720,OBSERVED_REFERENCE_INDIRECT_ONLY,,,,INDIRECT_IMLS_SC;NO_FABRICATED_NEAREST,INDIRECT_IMLS_SC;NO_FABRICATED_NEAREST;NOT_REJECTED;NOT_USPS_VALIDITY;NO_INVENTORY
06721,OBSERVED_REFERENCE_INDIRECT_ONLY,,,,INDIRECT_IMLS_SC;NO_FABRICATED_NEAREST,INDIRECT_IMLS_SC;NO_FABRICATED_NEAREST;NOT_REJECTED;NOT_USPS_VALIDITY;NO_INVENTORY
06722,OBSERVED_REFERENCE_INDIRECT_ONLY,,,,INDIRECT_IMLS_SC;NO_FABRICATED_NEAREST,INDIRECT_IMLS_SC;NO_FABRICATED_NEAREST;NOT_REJECTED;NOT_USPS_VALIDITY;NO_INVENTORY
06750,ZCTA_NEAREST_ACTIVE_OUTLET,CT0083,002,6.561,ZCTA_NN;R6371;TIE_FIRST_LEX,ZCTA_NN_HAVERSINE;NOT_ELIGIBILITY;NOT_USPS_VALIDITY;NO_INVENTORY
06751,EXACT_IMLS_OUTLET_ZIP,CT0011,002,,EXACT_OUTLET;TIE_FSCSKEY_SEQ,EXACT_OUTLET;NOT_USPS_VALIDITY;NO_INVENTORY
06752,EXACT_IMLS_OUTLET_ZIP,CT0017,002,,EXACT_OUTLET;TIE_FSCSKEY_SEQ,EXACT_OUTLET;NOT_USPS_VALIDITY;NO_INVENTORY
06753,EXACT_IMLS_OUTLET_ZIP,CT0030,002,,EXACT_OUTLET;TIE_FSCSKEY_SEQ,EXACT_OUTLET;NOT_USPS_VALIDITY;NO_INVENTORY
06754,EXACT_IMLS_OUTLET_ZIP,CT0165,002,,EXACT_OUTLET;TIE_FSCSKEY_SEQ,EXACT_OUTLET;NOT_USPS_VALIDITY;NO_INVENTORY
06755,ZCTA_NEAREST_ACTIVE_OUTLET,NY0221,002,6.890,ZCTA_NN;R6371;TIE_FIRST_LEX,ZCTA_NN_HAVERSINE;NOT_ELIGIBILITY;NOT_USPS_VALIDITY;NO_INVENTORY
06756,EXACT_IMLS_OUTLET_ZIP,CT0061,002,,EXACT_OUTLET;TIE_FSCSKEY_SEQ,EXACT_OUTLET;NOT_USPS_VALIDITY;NO_INVENTORY
06757,EXACT_IMLS_OUTLET_ZIP,CT0077,002,,EXACT_OUTLET;TIE_FSCSKEY_SEQ,EXACT_OUTLET;NOT_USPS_VALIDITY;NO_INVENTORY
06758,ZCTA_NEAREST_ACTIVE_OUTLET,CT0096,002,2.474,ZCTA_NN;R6371;TIE_FIRST_LEX,ZCTA_NN_HAVERSINE;NOT_ELIGIBILITY;NOT_USPS_VALIDITY;NO_INVENTORY
06759,EXACT_IMLS_OUTLET_ZIP,CT0083,002,,EXACT_OUTLET;TIE_FSCSKEY_SEQ,EXACT_OUTLET;NOT_USPS_VALIDITY;NO_INVENTORY
06762,EXACT_IMLS_OUTLET_ZIP,CT0090,002,,EXACT_OUTLET;TIE_FSCSKEY_SEQ,EXACT_OUTLET;NOT_USPS_VALIDITY;NO_INVENTORY
06763,EXACT_IMLS_OUTLET_ZIP,CT0096,002,,EXACT_OUTLET;TIE_FSCSKEY_SEQ,EXACT_OUTLET;NOT_USPS_VALIDITY;NO_INVENTORY
06770,EXACT_IMLS_OUTLET_ZIP,CT0097,002,,EXACT_OUTLET;TIE_FSCSKEY_SEQ,EXACT_OUTLET;NOT_USPS_VALIDITY;NO_INVENTORY
06776,EXACT_IMLS_OUTLET_ZIP,CT0106,002,,EXACT_OUTLET;TIE_FSCSKEY_SEQ,EXACT_OUTLET;NOT_USPS_VALIDITY;NO_INVENTORY
06777,ZCTA_NEAREST_ACTIVE_OUTLET,CT0165,002,5.750,ZCTA_NN;R6371;TIE_FIRST_LEX,ZCTA_NN_HAVERSINE;NOT_ELIGIBILITY;NOT_USPS_VALIDITY;NO_INVENTORY
06778,EXACT_IMLS_OUTLET_ZIP,CT0082,002,,EXACT_OUTLET;TIE_FSCSKEY_SEQ,EXACT_OUTLET;NOT_USPS_VALIDITY;NO_INVENTORY
06779,EXACT_IMLS_OUTLET_ZIP,CT0169,003,,EXACT_OUTLET;TIE_FSCSKEY_SEQ,EXACT_OUTLET;NOT_USPS_VALIDITY;NO_INVENTORY
06781,OBSERVED_REFERENCE_INDIRECT_ONLY,,,,INDIRECT_IMLS_SC;NO_FABRICATED_NEAREST,INDIRECT_IMLS_SC;NO_FABRICATED_NEAREST;NOT_REJECTED;NOT_USPS_VALIDITY;NO_INVENTORY
06782,ZCTA_NEAREST_ACTIVE_OUTLET,CT0156,002,4.325,ZCTA_NN;R6371;TIE_FIRST_LEX,ZCTA_NN_HAVERSINE;NOT_ELIGIBILITY;NOT_USPS_VALIDITY;NO_INVENTORY
06783,EXACT_IMLS_OUTLET_ZIP,CT0136,002,,EXACT_OUTLET;TIE_FSCSKEY_SEQ,EXACT_OUTLET;NOT_USPS_VALIDITY;NO_INVENTORY
06784,EXACT_IMLS_OUTLET_ZIP,CT0143,002,,EXACT_OUTLET;TIE_FSCSKEY_SEQ,EXACT_OUTLET;NOT_USPS_VALIDITY;NO_INVENTORY
06785,ZCTA_NEAREST_ACTIVE_OUTLET,CT0077,002,3.422,ZCTA_NN;R6371;TIE_FIRST_LEX,ZCTA_NN_HAVERSINE;NOT_ELIGIBILITY;NOT_USPS_VALIDITY;NO_INVENTORY
06786,EXACT_IMLS_OUTLET_ZIP,CT0126,002,,EXACT_OUTLET;TIE_FSCSKEY_SEQ,EXACT_OUTLET;NOT_USPS_VALIDITY;NO_INVENTORY
06787,EXACT_IMLS_OUTLET_ZIP,CT0156,002,,EXACT_OUTLET;TIE_FSCSKEY_SEQ,EXACT_OUTLET;NOT_USPS_VALIDITY;NO_INVENTORY
06790,EXACT_IMLS_OUTLET_ZIP,CT0159,002,,EXACT_OUTLET;TIE_FSCSKEY_SEQ,EXACT_OUTLET;NOT_USPS_VALIDITY;NO_INVENTORY
06791,EXACT_IMLS_OUTLET_ZIP,CT0075,002,,EXACT_OUTLET;TIE_FSCSKEY_SEQ,EXACT_OUTLET;NOT_USPS_VALIDITY;NO_INVENTORY
06793,EXACT_IMLS_OUTLET_ZIP,CT0166,002,,EXACT_OUTLET;TIE_FSCSKEY_SEQ,EXACT_OUTLET;NOT_USPS_VALIDITY;NO_INVENTORY
06794,ZCTA_NEAREST_ACTIVE_OUTLET,CT0166,002,2.365,ZCTA_NN;R6371;TIE_FIRST_LEX,ZCTA_NN_HAVERSINE;NOT_ELIGIBILITY;NOT_USPS_VALIDITY;NO_INVENTORY
06795,EXACT_IMLS_OUTLET_ZIP,CT0169,002,,EXACT_OUTLET;TIE_FSCSKEY_SEQ,EXACT_OUTLET;NOT_USPS_VALIDITY;NO_INVENTORY
06796,ZCTA_NEAREST_ACTIVE_OUTLET,CT0030,002,3.465,ZCTA_NN;R6371;TIE_FIRST_LEX,ZCTA_NN_HAVERSINE;NOT_ELIGIBILITY;NOT_USPS_VALIDITY;NO_INVENTORY
06798,EXACT_IMLS_OUTLET_ZIP,CT0186,002,,EXACT_OUTLET;TIE_FSCSKEY_SEQ,EXACT_OUTLET;NOT_USPS_VALIDITY;NO_INVENTORY
06801,EXACT_IMLS_OUTLET_ZIP,CT0010,002,,EXACT_OUTLET;TIE_FSCSKEY_SEQ,EXACT_OUTLET;NOT_USPS_VALIDITY;NO_INVENTORY
06804,EXACT_IMLS_OUTLET_ZIP,CT0019,002,,EXACT_OUTLET;TIE_FSCSKEY_SEQ,EXACT_OUTLET;NOT_USPS_VALIDITY;NO_INVENTORY
06807,EXACT_IMLS_OUTLET_ZIP,CT0063,005,,EXACT_OUTLET;TIE_FSCSKEY_SEQ,EXACT_OUTLET;NOT_USPS_VALIDITY;NO_INVENTORY
06810,EXACT_IMLS_OUTLET_ZIP,CT0033,002,,EXACT_OUTLET;TIE_FSCSKEY_SEQ,EXACT_OUTLET;NOT_USPS_VALIDITY;NO_INVENTORY
06811,ZCTA_NEAREST_ACTIVE_OUTLET,CT0033,002,3.989,ZCTA_NN;R6371;TIE_FIRST_LEX,ZCTA_NN_HAVERSINE;NOT_ELIGIBILITY;NOT_USPS_VALIDITY;NO_INVENTORY
06812,EXACT_IMLS_OUTLET_ZIP,CT0100,002,,EXACT_OUTLET;TIE_FSCSKEY_SEQ,EXACT_OUTLET;NOT_USPS_VALIDITY;NO_INVENTORY
06813,OBSERVED_REFERENCE_INDIRECT_ONLY,,,,INDIRECT_IMLS_SC;NO_FABRICATED_NEAREST,INDIRECT_IMLS_SC;NO_FABRICATED_NEAREST;NOT_REJECTED;NOT_USPS_VALIDITY;NO_INVENTORY
06820,EXACT_IMLS_OUTLET_ZIP,CT0035,002,,EXACT_OUTLET;TIE_FSCSKEY_SEQ,EXACT_OUTLET;NOT_USPS_VALIDITY;NO_INVENTORY
06824,EXACT_IMLS_OUTLET_ZIP,CT0055,002,,EXACT_OUTLET;TIE_FSCSKEY_SEQ,EXACT_OUTLET;NOT_USPS_VALIDITY;NO_INVENTORY
06825,ZCTA_NEAREST_ACTIVE_OUTLET,CT0055,003,1.135,ZCTA_NN;R6371;TIE_FIRST_LEX,ZCTA_NN_HAVERSINE;NOT_ELIGIBILITY;NOT_USPS_VALIDITY;NO_INVENTORY
06828,OBSERVED_REFERENCE_INDIRECT_ONLY,,,,INDIRECT_IMLS_SC;NO_FABRICATED_NEAREST,INDIRECT_IMLS_SC;NO_FABRICATED_NEAREST;NOT_REJECTED;NOT_USPS_VALIDITY;NO_INVENTORY
06829,OBSERVED_REFERENCE_INDIRECT_ONLY,,,,INDIRECT_IMLS_SC;NO_FABRICATED_NEAREST,INDIRECT_IMLS_SC;NO_FABRICATED_NEAREST;NOT_REJECTED;NOT_USPS_VALIDITY;NO_INVENTORY
06830,EXACT_IMLS_OUTLET_ZIP,CT0063,002,,EXACT_OUTLET;TIE_FSCSKEY_SEQ,EXACT_OUTLET;NOT_USPS_VALIDITY;NO_INVENTORY
06831,ZCTA_NEAREST_ACTIVE_OUTLET,NY0726,002,6.324,ZCTA_NN;R6371;TIE_FIRST_LEX,ZCTA_NN_HAVERSINE;NOT_ELIGIBILITY;NOT_USPS_VALIDITY;NO_INVENTORY
06836,OBSERVED_REFERENCE_INDIRECT_ONLY,,,,INDIRECT_IMLS_SC;NO_FABRICATED_NEAREST,INDIRECT_IMLS_SC;NO_FABRICATED_NEAREST;NOT_REJECTED;NOT_USPS_VALIDITY;NO_INVENTORY
06840,EXACT_IMLS_OUTLET_ZIP,CT0099,002,,EXACT_OUTLET;TIE_FSCSKEY_SEQ,EXACT_OUTLET;NOT_USPS_VALIDITY;NO_INVENTORY
06850,EXACT_IMLS_OUTLET_ZIP,CT0114,002,,EXACT_OUTLET;TIE_FSCSKEY_SEQ,EXACT_OUTLET;NOT_USPS_VALIDITY;NO_INVENTORY
06851,ZCTA_NEAREST_ACTIVE_OUTLET,CT0114,002,2.616,ZCTA_NN;R6371;TIE_FIRST_LEX,ZCTA_NN_HAVERSINE;NOT_ELIGIBILITY;NOT_USPS_VALIDITY;NO_INVENTORY
06852,OBSERVED_REFERENCE_INDIRECT_ONLY,,,,INDIRECT_IMLS_SC;NO_FABRICATED_NEAREST,INDIRECT_IMLS_SC;NO_FABRICATED_NEAREST;NOT_REJECTED;NOT_USPS_VALIDITY;NO_INVENTORY
06853,EXACT_IMLS_OUTLET_ZIP,CT0115,002,,EXACT_OUTLET;TIE_FSCSKEY_SEQ,EXACT_OUTLET;NOT_USPS_VALIDITY;NO_INVENTORY
06854,EXACT_IMLS_OUTLET_ZIP,CT0114,003,,EXACT_OUTLET;TIE_FSCSKEY_SEQ,EXACT_OUTLET;NOT_USPS_VALIDITY;NO_INVENTORY
06855,EXACT_IMLS_OUTLET_ZIP,CT0113,002,,EXACT_OUTLET;TIE_FSCSKEY_SEQ,EXACT_OUTLET;NOT_USPS_VALIDITY;NO_INVENTORY
06856,OBSERVED_REFERENCE_INDIRECT_ONLY,,,,INDIRECT_IMLS_SC;NO_FABRICATED_NEAREST,INDIRECT_IMLS_SC;NO_FABRICATED_NEAREST;NOT_REJECTED;NOT_USPS_VALIDITY;NO_INVENTORY
06870,EXACT_IMLS_OUTLET_ZIP,CT0064,002,,EXACT_OUTLET;TIE_FSCSKEY_SEQ,EXACT_OUTLET;NOT_USPS_VALIDITY;NO_INVENTORY
06875,EXACT_IMLS_OUTLET_ZIP,CT0133,002,,EXACT_OUTLET;TIE_FSCSKEY_SEQ,EXACT_OUTLET;NOT_USPS_VALIDITY;NO_INVENTORY
06876,OBSERVED_REFERENCE_INDIRECT_ONLY,,,,INDIRECT_IMLS_SC;NO_FABRICATED_NEAREST,INDIRECT_IMLS_SC;NO_FABRICATED_NEAREST;NOT_REJECTED;NOT_USPS_VALIDITY;NO_INVENTORY
06877,EXACT_IMLS_OUTLET_ZIP,CT0134,002,,EXACT_OUTLET;TIE_FSCSKEY_SEQ,EXACT_OUTLET;NOT_USPS_VALIDITY;NO_INVENTORY
06878,ZCTA_NEAREST_ACTIVE_OUTLET,CT0064,002,1.461,ZCTA_NN;R6371;TIE_FIRST_LEX,ZCTA_NN_HAVERSINE;NOT_ELIGIBILITY;NOT_USPS_VALIDITY;NO_INVENTORY
06880,EXACT_IMLS_OUTLET_ZIP,CT0174,002,,EXACT_OUTLET;TIE_FSCSKEY_SEQ,EXACT_OUTLET;NOT_USPS_VALIDITY;NO_INVENTORY
06881,OBSERVED_REFERENCE_INDIRECT_ONLY,,,,INDIRECT_IMLS_SC;NO_FABRICATED_NEAREST,INDIRECT_IMLS_SC;NO_FABRICATED_NEAREST;NOT_REJECTED;NOT_USPS_VALIDITY;NO_INVENTORY
06883,EXACT_IMLS_OUTLET_ZIP,CT0173,002,,EXACT_OUTLET;TIE_FSCSKEY_SEQ,EXACT_OUTLET;NOT_USPS_VALIDITY;NO_INVENTORY
06890,EXACT_IMLS_OUTLET_ZIP,CT0056,002,,EXACT_OUTLET;TIE_FSCSKEY_SEQ,EXACT_OUTLET;NOT_USPS_VALIDITY;NO_INVENTORY
06896,EXACT_IMLS_SYSTEM_ZIP,CT0133,,,EXACT_SYSTEM;TIE_FSCSKEY,EXACT_SYSTEM_ADMIN;NOT_NEARBY_OUTLET;NOT_USPS_VALIDITY;NO_INVENTORY
06897,EXACT_IMLS_OUTLET_ZIP,CT0177,002,,EXACT_OUTLET;TIE_FSCSKEY_SEQ,EXACT_OUTLET;NOT_USPS_VALIDITY;NO_INVENTORY
06901,ZCTA_NEAREST_ACTIVE_OUTLET,CT0151,002,0.237,ZCTA_NN;R6371;TIE_FIRST_LEX,ZCTA_NN_HAVERSINE;NOT_ELIGIBILITY;NOT_USPS_VALIDITY;NO_INVENTORY
06902,EXACT_IMLS_OUTLET_ZIP,CT0151,003,,EXACT_OUTLET;TIE_FSCSKEY_SEQ,EXACT_OUTLET;NOT_USPS_VALIDITY;NO_INVENTORY
06903,ZCTA_NEAREST_ACTIVE_OUTLET,CT0151,005,6.065,ZCTA_NN;R6371;TIE_FIRST_LEX,ZCTA_NN_HAVERSINE;NOT_ELIGIBILITY;NOT_USPS_VALIDITY;NO_INVENTORY
06904,EXACT_IMLS_OUTLET_ZIP,CT0151,002,,EXACT_OUTLET;TIE_FSCSKEY_SEQ,EXACT_OUTLET;NOT_USPS_VALIDITY;NO_INVENTORY
06905,EXACT_IMLS_OUTLET_ZIP,CT0151,008,,EXACT_OUTLET;TIE_FSCSKEY_SEQ,EXACT_OUTLET;NOT_USPS_VALIDITY;NO_INVENTORY
06906,ZCTA_NEAREST_ACTIVE_OUTLET,CT0151,008,1.918,ZCTA_NN;R6371;TIE_FIRST_LEX,ZCTA_NN_HAVERSINE;NOT_ELIGIBILITY;NOT_USPS_VALIDITY;NO_INVENTORY
06907,EXACT_IMLS_OUTLET_ZIP,CT0151,005,,EXACT_OUTLET;TIE_FSCSKEY_SEQ,EXACT_OUTLET;NOT_USPS_VALIDITY;NO_INVENTORY
06911,OBSERVED_REFERENCE_INDIRECT_ONLY,,,,INDIRECT_IMLS_SC;NO_FABRICATED_NEAREST,INDIRECT_IMLS_SC;NO_FABRICATED_NEAREST;NOT_REJECTED;NOT_USPS_VALIDITY;NO_INVENTORY
06912,OBSERVED_REFERENCE_INDIRECT_ONLY,,,,INDIRECT_IMLS_SC;NO_FABRICATED_NEAREST,INDIRECT_IMLS_SC;NO_FABRICATED_NEAREST;NOT_REJECTED;NOT_USPS_VALIDITY;NO_INVENTORY
06926,OBSERVED_REFERENCE_INDIRECT_ONLY,,,,INDIRECT_IMLS_SC;NO_FABRICATED_NEAREST,INDIRECT_IMLS_SC;NO_FABRICATED_NEAREST;NOT_REJECTED;NOT_USPS_VALIDITY;NO_INVENTORY
06927,OBSERVED_REFERENCE_INDIRECT_ONLY,,,,INDIRECT_IMLS_SC;NO_FABRICATED_NEAREST,INDIRECT_IMLS_SC;NO_FABRICATED_NEAREST;NOT_REJECTED;NOT_USPS_VALIDITY;NO_INVENTORY
07001,ZCTA_NEAREST_ACTIVE_OUTLET,NJ0298,002,2.261,ZCTA_NN;R6371;TIE_FIRST_LEX,ZCTA_NN_HAVERSINE;NOT_ELIGIBILITY;NOT_USPS_VALIDITY;NO_INVENTORY
07002,EXACT_IMLS_OUTLET_ZIP,NJ0146,002,,EXACT_OUTLET;TIE_FSCSKEY_SEQ,EXACT_OUTLET;NOT_USPS_VALIDITY;NO_INVENTORY
07003,EXACT_IMLS_OUTLET_ZIP,NJ0111,002,,EXACT_OUTLET;TIE_FSCSKEY_SEQ,EXACT_OUTLET;NOT_USPS_VALIDITY;NO_INVENTORY
07004,EXACT_IMLS_SYSTEM_ZIP,NJ0115,,,EXACT_SYSTEM;TIE_FSCSKEY,EXACT_SYSTEM_ADMIN;NOT_NEARBY_OUTLET;NOT_USPS_VALIDITY;NO_INVENTORY
07005,EXACT_IMLS_OUTLET_ZIP,NJ0222,002,,EXACT_OUTLET;TIE_FSCSKEY_SEQ,EXACT_OUTLET;NOT_USPS_VALIDITY;NO_INVENTORY
07006,EXACT_IMLS_OUTLET_ZIP,NJ0112,002,,EXACT_OUTLET;TIE_FSCSKEY_SEQ,EXACT_OUTLET;NOT_USPS_VALIDITY;NO_INVENTORY
07008,EXACT_IMLS_OUTLET_ZIP,NJ0171,002,,EXACT_OUTLET;TIE_FSCSKEY_SEQ,EXACT_OUTLET;NOT_USPS_VALIDITY;NO_INVENTORY
07009,EXACT_IMLS_OUTLET_ZIP,NJ0113,002,,EXACT_OUTLET;TIE_FSCSKEY_SEQ,EXACT_OUTLET;NOT_USPS_VALIDITY;NO_INVENTORY
07010,EXACT_IMLS_OUTLET_ZIP,NJ0012,002,,EXACT_OUTLET;TIE_FSCSKEY_SEQ,EXACT_OUTLET;NOT_USPS_VALIDITY;NO_INVENTORY
07011,EXACT_IMLS_OUTLET_ZIP,NJ0256,002,,EXACT_OUTLET;TIE_FSCSKEY_SEQ,EXACT_OUTLET;NOT_USPS_VALIDITY;NO_INVENTORY
07012,ZCTA_NEAREST_ACTIVE_OUTLET,NJ0256,003,0.119,ZCTA_NN;R6371;TIE_FIRST_LEX,ZCTA_NN_HAVERSINE;NOT_ELIGIBILITY;NOT_USPS_VALIDITY;NO_INVENTORY
07013,ZCTA_NEAREST_ACTIVE_OUTLET,NJ0256,002,2.519,ZCTA_NN;R6371;TIE_FIRST_LEX,ZCTA_NN_HAVERSINE;NOT_ELIGIBILITY;NOT_USPS_VALIDITY;NO_INVENTORY
07014,ZCTA_NEAREST_ACTIVE_OUTLET,NJ0037,002,2.285,ZCTA_NN;R6371;TIE_FIRST_LEX,ZCTA_NN_HAVERSINE;NOT_ELIGIBILITY;NOT_USPS_VALIDITY;NO_INVENTORY
07015,OBSERVED_REFERENCE_INDIRECT_ONLY,,,,INDIRECT_IMLS_SC;NO_FABRICATED_NEAREST,INDIRECT_IMLS_SC;NO_FABRICATED_NEAREST;NOT_REJECTED;NOT_USPS_VALIDITY;NO_INVENTORY
07016,EXACT_IMLS_OUTLET_ZIP,NJ0288,002,,EXACT_OUTLET;TIE_FSCSKEY_SEQ,EXACT_OUTLET;NOT_USPS_VALIDITY;NO_INVENTORY
07017,EXACT_IMLS_OUTLET_ZIP,NJ0114,003,,EXACT_OUTLET;TIE_FSCSKEY_SEQ,EXACT_OUTLET;NOT_USPS_VALIDITY;NO_INVENTORY
07018,EXACT_IMLS_OUTLET_ZIP,NJ0114,002,,EXACT_OUTLET;TIE_FSCSKEY_SEQ,EXACT_OUTLET;NOT_USPS_VALIDITY;NO_INVENTORY
07019,OBSERVED_REFERENCE_INDIRECT_ONLY,,,,INDIRECT_IMLS_SC;NO_FABRICATED_NEAREST,INDIRECT_IMLS_SC;NO_FABRICATED_NEAREST;NOT_REJECTED;NOT_USPS_VALIDITY;NO_INVENTORY
07020,EXACT_IMLS_OUTLET_ZIP,NJ0018,002,,EXACT_OUTLET;TIE_FSCSKEY_SEQ,EXACT_OUTLET;NOT_USPS_VALIDITY;NO_INVENTORY
07021,ZCTA_NEAREST_ACTIVE_OUTLET,NJ0125,002,1.409,ZCTA_NN;R6371;TIE_FIRST_LEX,ZCTA_NN_HAVERSINE;NOT_ELIGIBILITY;NOT_USPS_VALIDITY;NO_INVENTORY
07022,EXACT_IMLS_OUTLET_ZIP,NJ0023,002,,EXACT_OUTLET;TIE_FSCSKEY_SEQ,EXACT_OUTLET;NOT_USPS_VALIDITY;NO_INVENTORY
07023,EXACT_IMLS_OUTLET_ZIP,NJ0290,002,,EXACT_OUTLET;TIE_FSCSKEY_SEQ,EXACT_OUTLET;NOT_USPS_VALIDITY;NO_INVENTORY
07024,EXACT_IMLS_OUTLET_ZIP,NJ0024,002,,EXACT_OUTLET;TIE_FSCSKEY_SEQ,EXACT_OUTLET;NOT_USPS_VALIDITY;NO_INVENTORY
07026,EXACT_IMLS_OUTLET_ZIP,NJ0026,002,,EXACT_OUTLET;TIE_FSCSKEY_SEQ,EXACT_OUTLET;NOT_USPS_VALIDITY;NO_INVENTORY
07027,EXACT_IMLS_OUTLET_ZIP,NJ0291,002,,EXACT_OUTLET;TIE_FSCSKEY_SEQ,EXACT_OUTLET;NOT_USPS_VALIDITY;NO_INVENTORY
07028,EXACT_IMLS_OUTLET_ZIP,NJ0116,002,,EXACT_OUTLET;TIE_FSCSKEY_SEQ,EXACT_OUTLET;NOT_USPS_VALIDITY;NO_INVENTORY
07029,EXACT_IMLS_OUTLET_ZIP,NJ0147,002,,EXACT_OUTLET;TIE_FSCSKEY_SEQ,EXACT_OUTLET;NOT_USPS_VALIDITY;NO_INVENTORY
07030,EXACT_IMLS_OUTLET_ZIP,NJ0148,002,,EXACT_OUTLET;TIE_FSCSKEY_SEQ,EXACT_OUTLET;NOT_USPS_VALIDITY;NO_INVENTORY
07031,EXACT_IMLS_SYSTEM_ZIP,NJ0043,,,EXACT_SYSTEM;TIE_FSCSKEY,EXACT_SYSTEM_ADMIN;NOT_NEARBY_OUTLET;NOT_USPS_VALIDITY;NO_INVENTORY
07032,EXACT_IMLS_OUTLET_ZIP,NJ0043,002,,EXACT_OUTLET;TIE_FSCSKEY_SEQ,EXACT_OUTLET;NOT_USPS_VALIDITY;NO_INVENTORY
07033,EXACT_IMLS_OUTLET_ZIP,NJ0293,002,,EXACT_OUTLET;TIE_FSCSKEY_SEQ,EXACT_OUTLET;NOT_USPS_VALIDITY;NO_INVENTORY
07034,EXACT_IMLS_OUTLET_ZIP,NJ0243,004,,EXACT_OUTLET;TIE_FSCSKEY_SEQ,EXACT_OUTLET;NOT_USPS_VALIDITY;NO_INVENTORY
07035,EXACT_IMLS_OUTLET_ZIP,NJ0233,002,,EXACT_OUTLET;TIE_FSCSKEY_SEQ,EXACT_OUTLET;NOT_USPS_VALIDITY;NO_INVENTORY
07036,EXACT_IMLS_OUTLET_ZIP,NJ0294,002,,EXACT_OUTLET;TIE_FSCSKEY_SEQ,EXACT_OUTLET;NOT_USPS_VALIDITY;NO_INVENTORY
07039,EXACT_IMLS_OUTLET_ZIP,NJ0118,002,,EXACT_OUTLET;TIE_FSCSKEY_SEQ,EXACT_OUTLET;NOT_USPS_VALIDITY;NO_INVENTORY
07040,EXACT_IMLS_OUTLET_ZIP,NJ0119,002,,EXACT_OUTLET;TIE_FSCSKEY_SEQ,EXACT_OUTLET;NOT_USPS_VALIDITY;NO_INVENTORY
07041,EXACT_IMLS_OUTLET_ZIP,NJ0120,002,,EXACT_OUTLET;TIE_FSCSKEY_SEQ,EXACT_OUTLET;NOT_USPS_VALIDITY;NO_INVENTORY
07042,EXACT_IMLS_OUTLET_ZIP,NJ0121,002,,EXACT_OUTLET;TIE_FSCSKEY_SEQ,EXACT_OUTLET;NOT_USPS_VALIDITY;NO_INVENTORY
07043,EXACT_IMLS_OUTLET_ZIP,NJ0121,003,,EXACT_OUTLET;TIE_FSCSKEY_SEQ,EXACT_OUTLET;NOT_USPS_VALIDITY;NO_INVENTORY
07044,EXACT_IMLS_OUTLET_ZIP,NJ0127,002,,EXACT_OUTLET;TIE_FSCSKEY_SEQ,EXACT_OUTLET;NOT_USPS_VALIDITY;NO_INVENTORY
07045,EXACT_IMLS_OUTLET_ZIP,NJ0223,002,,EXACT_OUTLET;TIE_FSCSKEY_SEQ,EXACT_OUTLET;NOT_USPS_VALIDITY;NO_INVENTORY
07046,EXACT_IMLS_OUTLET_ZIP,NJ0240,002,,EXACT_OUTLET;TIE_FSCSKEY_SEQ,EXACT_OUTLET;NOT_USPS_VALIDITY;NO_INVENTORY
07047,EXACT_IMLS_OUTLET_ZIP,NJ0151,005,,EXACT_OUTLET;TIE_FSCSKEY_SEQ,EXACT_OUTLET;NOT_USPS_VALIDITY;NO_INVENTORY
07050,EXACT_IMLS_OUTLET_ZIP,NJ0124,002,,EXACT_OUTLET;TIE_FSCSKEY_SEQ,EXACT_OUTLET;NOT_USPS_VALIDITY;NO_INVENTORY
07051,OBSERVED_REFERENCE_INDIRECT_ONLY,,,,INDIRECT_IMLS_SC;NO_FABRICATED_NEAREST,INDIRECT_IMLS_SC;NO_FABRICATED_NEAREST;NOT_REJECTED;NOT_USPS_VALIDITY;NO_INVENTORY
07052,EXACT_IMLS_OUTLET_ZIP,NJ0129,002,,EXACT_OUTLET;TIE_FSCSKEY_SEQ,EXACT_OUTLET;NOT_USPS_VALIDITY;NO_INVENTORY
07054,EXACT_IMLS_OUTLET_ZIP,NJ0243,002,,EXACT_OUTLET;TIE_FSCSKEY_SEQ,EXACT_OUTLET;NOT_USPS_VALIDITY;NO_INVENTORY
07055,EXACT_IMLS_OUTLET_ZIP,NJ0261,002,,EXACT_OUTLET;TIE_FSCSKEY_SEQ,EXACT_OUTLET;NOT_USPS_VALIDITY;NO_INVENTORY
07057,EXACT_IMLS_OUTLET_ZIP,NJ0065,002,,EXACT_OUTLET;TIE_FSCSKEY_SEQ,EXACT_OUTLET;NOT_USPS_VALIDITY;NO_INVENTORY
07058,ZCTA_NEAREST_ACTIVE_OUTLET,NJ0237,002,3.106,ZCTA_NN;R6371;TIE_FIRST_LEX,ZCTA_NN_HAVERSINE;NOT_ELIGIBILITY;NOT_USPS_VALIDITY;NO_INVENTORY
07059,ZCTA_NEAREST_ACTIVE_OUTLET,NJ0275,007,2.937,ZCTA_NN;R6371;TIE_FIRST_LEX,ZCTA_NN_HAVERSINE;NOT_ELIGIBILITY;NOT_USPS_VALIDITY;NO_INVENTORY
07060,EXACT_IMLS_OUTLET_ZIP,NJ0275,005,,EXACT_OUTLET;TIE_FSCSKEY_SEQ,EXACT_OUTLET;NOT_USPS_VALIDITY;NO_INVENTORY
07061,OBSERVED_REFERENCE_INDIRECT_ONLY,,,,INDIRECT_IMLS_SC;NO_FABRICATED_NEAREST,INDIRECT_IMLS_SC;NO_FABRICATED_NEAREST;NOT_REJECTED;NOT_USPS_VALIDITY;NO_INVENTORY
07062,ZCTA_NEAREST_ACTIVE_OUTLET,NJ0290,002,2.067,ZCTA_NN;R6371;TIE_FIRST_LEX,ZCTA_NN_HAVERSINE;NOT_ELIGIBILITY;NOT_USPS_VALIDITY;NO_INVENTORY
07063,ZCTA_NEAREST_ACTIVE_OUTLET,NJ0275,005,1.966,ZCTA_NN;R6371;TIE_FIRST_LEX,ZCTA_NN_HAVERSINE;NOT_ELIGIBILITY;NOT_USPS_VALIDITY;NO_INVENTORY
07064,ZCTA_NEAREST_ACTIVE_OUTLET,NJ0171,002,2.484,ZCTA_NN;R6371;TIE_FIRST_LEX,ZCTA_NN_HAVERSINE;NOT_ELIGIBILITY;NOT_USPS_VALIDITY;NO_INVENTORY
07065,EXACT_IMLS_OUTLET_ZIP,NJ0298,002,,EXACT_OUTLET;TIE_FSCSKEY_SEQ,EXACT_OUTLET;NOT_USPS_VALIDITY;NO_INVENTORY
07066,EXACT_IMLS_OUTLET_ZIP,NJ0287,002,,EXACT_OUTLET;TIE_FSCSKEY_SEQ,EXACT_OUTLET;NOT_USPS_VALIDITY;NO_INVENTORY
07067,ZCTA_NEAREST_ACTIVE_OUTLET,NJ0194,008,2.005,ZCTA_NN;R6371;TIE_FIRST_LEX,ZCTA_NN_HAVERSINE;NOT_ELIGIBILITY;NOT_USPS_VALIDITY;NO_INVENTORY
07068,EXACT_IMLS_OUTLET_ZIP,NJ0125,002,,EXACT_OUTLET;TIE_FSCSKEY_SEQ,EXACT_OUTLET;NOT_USPS_VALIDITY;NO_INVENTORY
07069,ZCTA_NEAREST_ACTIVE_OUTLET,NJ0275,008,1.398,ZCTA_NN;R6371;TIE_FIRST_LEX,ZCTA_NN_HAVERSINE;NOT_ELIGIBILITY;NOT_USPS_VALIDITY;NO_INVENTORY
07070,EXACT_IMLS_OUTLET_ZIP,NJ0059,002,,EXACT_OUTLET;TIE_FSCSKEY_SEQ,EXACT_OUTLET;NOT_USPS_VALIDITY;NO_INVENTORY
07071,EXACT_IMLS_OUTLET_ZIP,NJ0037,002,,EXACT_OUTLET;TIE_FSCSKEY_SEQ,EXACT_OUTLET;NOT_USPS_VALIDITY;NO_INVENTORY
07072,EXACT_IMLS_OUTLET_ZIP,NJ0011,002,,EXACT_OUTLET;TIE_FSCSKEY_SEQ,EXACT_OUTLET;NOT_USPS_VALIDITY;NO_INVENTORY
07073,EXACT_IMLS_OUTLET_ZIP,NJ0017,002,,EXACT_OUTLET;TIE_FSCSKEY_SEQ,EXACT_OUTLET;NOT_USPS_VALIDITY;NO_INVENTORY
07074,ZCTA_NEAREST_ACTIVE_OUTLET,NJ0035,002,1.746,ZCTA_NN;R6371;TIE_FIRST_LEX,ZCTA_NN_HAVERSINE;NOT_ELIGIBILITY;NOT_USPS_VALIDITY;NO_INVENTORY
07075,EXACT_IMLS_OUTLET_ZIP,NJ0068,002,,EXACT_OUTLET;TIE_FSCSKEY_SEQ,EXACT_OUTLET;NOT_USPS_VALIDITY;NO_INVENTORY
07076,EXACT_IMLS_OUTLET_ZIP,NJ0301,002,,EXACT_OUTLET;TIE_FSCSKEY_SEQ,EXACT_OUTLET;NOT_USPS_VALIDITY;NO_INVENTORY
07077,ZCTA_NEAREST_ACTIVE_OUTLET,NY0778,104,3.262,ZCTA_NN;R6371;TIE_FIRST_LEX,ZCTA_NN_HAVERSINE;NOT_ELIGIBILITY;NOT_USPS_VALIDITY;NO_INVENTORY
07078,ZCTA_NEAREST_ACTIVE_OUTLET,NJ0120,002,2.481,ZCTA_NN;R6371;TIE_FIRST_LEX,ZCTA_NN_HAVERSINE;NOT_ELIGIBILITY;NOT_USPS_VALIDITY;NO_INVENTORY
07079,EXACT_IMLS_OUTLET_ZIP,NJ0126,002,,EXACT_OUTLET;TIE_FSCSKEY_SEQ,EXACT_OUTLET;NOT_USPS_VALIDITY;NO_INVENTORY
07080,EXACT_IMLS_OUTLET_ZIP,NJ0191,002,,EXACT_OUTLET;TIE_FSCSKEY_SEQ,EXACT_OUTLET;NOT_USPS_VALIDITY;NO_INVENTORY
07081,EXACT_IMLS_OUTLET_ZIP,NJ0302,002,,EXACT_OUTLET;TIE_FSCSKEY_SEQ,EXACT_OUTLET;NOT_USPS_VALIDITY;NO_INVENTORY
07082,ZCTA_NEAREST_ACTIVE_OUTLET,NJ0233,002,3.415,ZCTA_NN;R6371;TIE_FIRST_LEX,ZCTA_NN_HAVERSINE;NOT_ELIGIBILITY;NOT_USPS_VALIDITY;NO_INVENTORY
07083,EXACT_IMLS_OUTLET_ZIP,NJ0304,002,,EXACT_OUTLET;TIE_FSCSKEY_SEQ,EXACT_OUTLET;NOT_USPS_VALIDITY;NO_INVENTORY
07086,EXACT_IMLS_SYSTEM_ZIP,NJ0154,,,EXACT_SYSTEM;TIE_FSCSKEY,EXACT_SYSTEM_ADMIN;NOT_NEARBY_OUTLET;NOT_USPS_VALIDITY;NO_INVENTORY
07087,EXACT_IMLS_OUTLET_ZIP,NJ0153,002,,EXACT_OUTLET;TIE_FSCSKEY_SEQ,EXACT_OUTLET;NOT_USPS_VALIDITY;NO_INVENTORY
07088,EXACT_IMLS_OUTLET_ZIP,NJ0304,003,,EXACT_OUTLET;TIE_FSCSKEY_SEQ,EXACT_OUTLET;NOT_USPS_VALIDITY;NO_INVENTORY
07090,EXACT_IMLS_OUTLET_ZIP,NJ0305,002,,EXACT_OUTLET;TIE_FSCSKEY_SEQ,EXACT_OUTLET;NOT_USPS_VALIDITY;NO_INVENTORY
07091,OBSERVED_REFERENCE_INDIRECT_ONLY,,,,INDIRECT_IMLS_SC;NO_FABRICATED_NEAREST,INDIRECT_IMLS_SC;NO_FABRICATED_NEAREST;NOT_REJECTED;NOT_USPS_VALIDITY;NO_INVENTORY
07092,EXACT_IMLS_OUTLET_ZIP,NJ0295,002,,EXACT_OUTLET;TIE_FSCSKEY_SEQ,EXACT_OUTLET;NOT_USPS_VALIDITY;NO_INVENTORY
07093,EXACT_IMLS_OUTLET_ZIP,NJ0151,007,,EXACT_OUTLET;TIE_FSCSKEY_SEQ,EXACT_OUTLET;NOT_USPS_VALIDITY;NO_INVENTORY
07094,EXACT_IMLS_OUTLET_ZIP,NJ0152,002,,EXACT_OUTLET;TIE_FSCSKEY_SEQ,EXACT_OUTLET;NOT_USPS_VALIDITY;NO_INVENTORY
07095,EXACT_IMLS_OUTLET_ZIP,NJ0194,002,,EXACT_OUTLET;TIE_FSCSKEY_SEQ,EXACT_OUTLET;NOT_USPS_VALIDITY;NO_INVENTORY
07096,OBSERVED_REFERENCE_INDIRECT_ONLY,,,,INDIRECT_IMLS_SC;NO_FABRICATED_NEAREST,INDIRECT_IMLS_SC;NO_FABRICATED_NEAREST;NOT_REJECTED;NOT_USPS_VALIDITY;NO_INVENTORY
07097,OBSERVED_REFERENCE_INDIRECT_ONLY,,,,INDIRECT_IMLS_SC;NO_FABRICATED_NEAREST,INDIRECT_IMLS_SC;NO_FABRICATED_NEAREST;NOT_REJECTED;NOT_USPS_VALIDITY;NO_INVENTORY
07101,EXACT_IMLS_OUTLET_ZIP,NJ0122,002,,EXACT_OUTLET;TIE_FSCSKEY_SEQ,EXACT_OUTLET;NOT_USPS_VALIDITY;NO_INVENTORY
07102,EXACT_IMLS_SYSTEM_ZIP,NJ0122,,,EXACT_SYSTEM;TIE_FSCSKEY,EXACT_SYSTEM_ADMIN;NOT_NEARBY_OUTLET;NOT_USPS_VALIDITY;NO_INVENTORY
07103,EXACT_IMLS_OUTLET_ZIP,NJ0122,011,,EXACT_OUTLET;TIE_FSCSKEY_SEQ,EXACT_OUTLET;NOT_USPS_VALIDITY;NO_INVENTORY
07104,EXACT_IMLS_OUTLET_ZIP,NJ0122,003,,EXACT_OUTLET;TIE_FSCSKEY_SEQ,EXACT_OUTLET;NOT_USPS_VALIDITY;NO_INVENTORY
07105,EXACT_IMLS_OUTLET_ZIP,NJ0122,013,,EXACT_OUTLET;TIE_FSCSKEY_SEQ,EXACT_OUTLET;NOT_USPS_VALIDITY;NO_INVENTORY
07106,EXACT_IMLS_OUTLET_ZIP,NJ0122,012,,EXACT_OUTLET;TIE_FSCSKEY_SEQ,EXACT_OUTLET;NOT_USPS_VALIDITY;NO_INVENTORY
07107,ZCTA_NEAREST_ACTIVE_OUTLET,NJ0114,003,0.757,ZCTA_NN;R6371;TIE_FIRST_LEX,ZCTA_NN_HAVERSINE;NOT_ELIGIBILITY;NOT_USPS_VALIDITY;NO_INVENTORY
07108,ZCTA_NEAREST_ACTIVE_OUTLET,NJ0122,014,1.636,ZCTA_NN;R6371;TIE_FIRST_LEX,ZCTA_NN_HAVERSINE;NOT_ELIGIBILITY;NOT_USPS_VALIDITY;NO_INVENTORY
07109,EXACT_IMLS_OUTLET_ZIP,NJ0110,002,,EXACT_OUTLET;TIE_FSCSKEY_SEQ,EXACT_OUTLET;NOT_USPS_VALIDITY;NO_INVENTORY
07110,EXACT_IMLS_OUTLET_ZIP,NJ0123,002,,EXACT_OUTLET;TIE_FSCSKEY_SEQ,EXACT_OUTLET;NOT_USPS_VALIDITY;NO_INVENTORY
07111,EXACT_IMLS_OUTLET_ZIP,NJ0117,002,,EXACT_OUTLET;TIE_FSCSKEY_SEQ,EXACT_OUTLET;NOT_USPS_VALIDITY;NO_INVENTORY
07112,EXACT_IMLS_OUTLET_ZIP,NJ0122,014,,EXACT_OUTLET;TIE_FSCSKEY_SEQ,EXACT_OUTLET;NOT_USPS_VALIDITY;NO_INVENTORY
07114,ZCTA_NEAREST_ACTIVE_OUTLET,NJ0122,013,3.536,ZCTA_NN;R6371;TIE_FIRST_LEX,ZCTA_NN_HAVERSINE;NOT_ELIGIBILITY;NOT_USPS_VALIDITY;NO_INVENTORY
07119,EXACT_IMLS_OUTLET_ZIP,NJ0200,002,,EXACT_OUTLET;TIE_FSCSKEY_SEQ,EXACT_OUTLET;NOT_USPS_VALIDITY;NO_INVENTORY
07201,ZCTA_NEAREST_ACTIVE_OUTLET,NJ0289,006,2.431,ZCTA_NN;R6371;TIE_FIRST_LEX,ZCTA_NN_HAVERSINE;NOT_ELIGIBILITY;NOT_USPS_VALIDITY;NO_INVENTORY
07202,EXACT_IMLS_OUTLET_ZIP,NJ0289,002,,EXACT_OUTLET;TIE_FSCSKEY_SEQ,EXACT_OUTLET;NOT_USPS_VALIDITY;NO_INVENTORY
07203,EXACT_IMLS_OUTLET_ZIP,NJ0299,002,,EXACT_OUTLET;TIE_FSCSKEY_SEQ,EXACT_OUTLET;NOT_USPS_VALIDITY;NO_INVENTORY
07204,EXACT_IMLS_OUTLET_ZIP,NJ0300,002,,EXACT_OUTLET;TIE_FSCSKEY_SEQ,EXACT_OUTLET;NOT_USPS_VALIDITY;NO_INVENTORY
07205,EXACT_IMLS_OUTLET_ZIP,NJ0292,002,,EXACT_OUTLET;TIE_FSCSKEY_SEQ,EXACT_OUTLET;NOT_USPS_VALIDITY;NO_INVENTORY
07206,EXACT_IMLS_OUTLET_ZIP,NJ0289,006,,EXACT_OUTLET;TIE_FSCSKEY_SEQ,EXACT_OUTLET;NOT_USPS_VALIDITY;NO_INVENTORY
07207,OBSERVED_REFERENCE_INDIRECT_ONLY,,,,INDIRECT_IMLS_SC;NO_FABRICATED_NEAREST,INDIRECT_IMLS_SC;NO_FABRICATED_NEAREST;NOT_REJECTED;NOT_USPS_VALIDITY;NO_INVENTORY
07208,ZCTA_NEAREST_ACTIVE_OUTLET,NJ0289,003,1.433,ZCTA_NN;R6371;TIE_FIRST_LEX,ZCTA_NN_HAVERSINE;NOT_ELIGIBILITY;NOT_USPS_VALIDITY;NO_INVENTORY
07302,EXACT_IMLS_OUTLET_ZIP,NJ0149,002,,EXACT_OUTLET;TIE_FSCSKEY_SEQ,EXACT_OUTLET;NOT_USPS_VALIDITY;NO_INVENTORY
07303,OBSERVED_REFERENCE_INDIRECT_ONLY,,,,INDIRECT_IMLS_SC;NO_FABRICATED_NEAREST,INDIRECT_IMLS_SC;NO_FABRICATED_NEAREST;NOT_REJECTED;NOT_USPS_VALIDITY;NO_INVENTORY
07304,EXACT_IMLS_OUTLET_ZIP,NJ0149,011,,EXACT_OUTLET;TIE_FSCSKEY_SEQ,EXACT_OUTLET;NOT_USPS_VALIDITY;NO_INVENTORY
07305,EXACT_IMLS_OUTLET_ZIP,NJ0149,005,,EXACT_OUTLET;TIE_FSCSKEY_SEQ,EXACT_OUTLET;NOT_USPS_VALIDITY;NO_INVENTORY
07306,EXACT_IMLS_OUTLET_ZIP,NJ0149,006,,EXACT_OUTLET;TIE_FSCSKEY_SEQ,EXACT_OUTLET;NOT_USPS_VALIDITY;NO_INVENTORY
07307,EXACT_IMLS_OUTLET_ZIP,NJ0149,008,,EXACT_OUTLET;TIE_FSCSKEY_SEQ,EXACT_OUTLET;NOT_USPS_VALIDITY;NO_INVENTORY
07310,ZCTA_NEAREST_ACTIVE_OUTLET,NJ0149,012,1.212,ZCTA_NN;R6371;TIE_FIRST_LEX,ZCTA_NN_HAVERSINE;NOT_ELIGIBILITY;NOT_USPS_VALIDITY;NO_INVENTORY
07311,ZCTA_NEAREST_ACTIVE_OUTLET,NJ0149,002,1.257,ZCTA_NN;R6371;TIE_FIRST_LEX,ZCTA_NN_HAVERSINE;NOT_ELIGIBILITY;NOT_USPS_VALIDITY;NO_INVENTORY
07399,OBSERVED_REFERENCE_INDIRECT_ONLY,,,,INDIRECT_IMLS_SC;NO_FABRICATED_NEAREST,INDIRECT_IMLS_SC;NO_FABRICATED_NEAREST;NOT_REJECTED;NOT_USPS_VALIDITY;NO_INVENTORY
07401,EXACT_IMLS_OUTLET_ZIP,NJ0008,002,,EXACT_OUTLET;TIE_FSCSKEY_SEQ,EXACT_OUTLET;NOT_USPS_VALIDITY;NO_INVENTORY
07403,EXACT_IMLS_OUTLET_ZIP,NJ0255,002,,EXACT_OUTLET;TIE_FSCSKEY_SEQ,EXACT_OUTLET;NOT_USPS_VALIDITY;NO_INVENTORY
07405,EXACT_IMLS_OUTLET_ZIP,NJ0232,002,,EXACT_OUTLET;TIE_FSCSKEY_SEQ,EXACT_OUTLET;NOT_USPS_VALIDITY;NO_INVENTORY
07407,EXACT_IMLS_OUTLET_ZIP,NJ0019,002,,EXACT_OUTLET;TIE_FSCSKEY_SEQ,EXACT_OUTLET;NOT_USPS_VALIDITY;NO_INVENTORY
07410,EXACT_IMLS_OUTLET_ZIP,NJ0022,002,,EXACT_OUTLET;TIE_FSCSKEY_SEQ,EXACT_OUTLET;NOT_USPS_VALIDITY;NO_INVENTORY
07416,EXACT_IMLS_OUTLET_ZIP,NJ0284,005,,EXACT_OUTLET;TIE_FSCSKEY_SEQ,EXACT_OUTLET;NOT_USPS_VALIDITY;NO_INVENTORY
07417,EXACT_IMLS_OUTLET_ZIP,NJ0025,002,,EXACT_OUTLET;TIE_FSCSKEY_SEQ,EXACT_OUTLET;NOT_USPS_VALIDITY;NO_INVENTORY
07418,ZCTA_NEAREST_ACTIVE_OUTLET,NJ0284,007,8.700,ZCTA_NN;R6371;TIE_FIRST_LEX,ZCTA_NN_HAVERSINE;NOT_ELIGIBILITY;NOT_USPS_VALIDITY;NO_INVENTORY
07419,ZCTA_NEAREST_ACTIVE_OUTLET,NJ0284,007,3.362,ZCTA_NN;R6371;TIE_FIRST_LEX,ZCTA_NN_HAVERSINE;NOT_ELIGIBILITY;NOT_USPS_VALIDITY;NO_INVENTORY
07420,ZCTA_NEAREST_ACTIVE_OUTLET,NJ0266,002,2.584,ZCTA_NN;R6371;TIE_FIRST_LEX,ZCTA_NN_HAVERSINE;NOT_ELIGIBILITY;NOT_USPS_VALIDITY;NO_INVENTORY
07421,ZCTA_NEAREST_ACTIVE_OUTLET,NJ0268,002,5.146,ZCTA_NN;R6371;TIE_FIRST_LEX,ZCTA_NN_HAVERSINE;NOT_ELIGIBILITY;NOT_USPS_VALIDITY;NO_INVENTORY
07422,ZCTA_NEAREST_ACTIVE_OUTLET,NJ0284,007,8.047,ZCTA_NN;R6371;TIE_FIRST_LEX,ZCTA_NN_HAVERSINE;NOT_ELIGIBILITY;NOT_USPS_VALIDITY;NO_INVENTORY
07423,EXACT_IMLS_OUTLET_ZIP,NJ0033,002,,EXACT_OUTLET;TIE_FSCSKEY_SEQ,EXACT_OUTLET;NOT_USPS_VALIDITY;NO_INVENTORY
07424,EXACT_IMLS_OUTLET_ZIP,NJ0259,002,,EXACT_OUTLET;TIE_FSCSKEY_SEQ,EXACT_OUTLET;NOT_USPS_VALIDITY;NO_INVENTORY
07428,OBSERVED_REFERENCE_INDIRECT_ONLY,,,,INDIRECT_IMLS_SC;NO_FABRICATED_NEAREST,INDIRECT_IMLS_SC;NO_FABRICATED_NEAREST;NOT_REJECTED;NOT_USPS_VALIDITY;NO_INVENTORY
07430,EXACT_IMLS_OUTLET_ZIP,NJ0038,002,,EXACT_OUTLET;TIE_FSCSKEY_SEQ,EXACT_OUTLET;NOT_USPS_VALIDITY;NO_INVENTORY
07432,EXACT_IMLS_OUTLET_ZIP,NJ0040,002,,EXACT_OUTLET;TIE_FSCSKEY_SEQ,EXACT_OUTLET;NOT_USPS_VALIDITY;NO_INVENTORY
07435,ZCTA_NEAREST_ACTIVE_OUTLET,NJ0232,002,7.303,ZCTA_NN;R6371;TIE_FIRST_LEX,ZCTA_NN_HAVERSINE;NOT_ELIGIBILITY;NOT_USPS_VALIDITY;NO_INVENTORY
07436,EXACT_IMLS_OUTLET_ZIP,NJ0046,002,,EXACT_OUTLET;TIE_FSCSKEY_SEQ,EXACT_OUTLET;NOT_USPS_VALIDITY;NO_INVENTORY
07438,EXACT_IMLS_OUTLET_ZIP,NJ0231,002,,EXACT_OUTLET;TIE_FSCSKEY_SEQ,EXACT_OUTLET;NOT_USPS_VALIDITY;NO_INVENTORY
07439,ZCTA_NEAREST_ACTIVE_OUTLET,NJ0284,005,4.786,ZCTA_NN;R6371;TIE_FIRST_LEX,ZCTA_NN_HAVERSINE;NOT_ELIGIBILITY;NOT_USPS_VALIDITY;NO_INVENTORY
07440,ZCTA_NEAREST_ACTIVE_OUTLET,NJ0245,002,1.442,ZCTA_NN;R6371;TIE_FIRST_LEX,ZCTA_NN_HAVERSINE;NOT_ELIGIBILITY;NOT_USPS_VALIDITY;NO_INVENTORY
07442,EXACT_IMLS_OUTLET_ZIP,NJ0263,002,,EXACT_OUTLET;TIE_FSCSKEY_SEQ,EXACT_OUTLET;NOT_USPS_VALIDITY;NO_INVENTORY
07444,EXACT_IMLS_OUTLET_ZIP,NJ0245,002,,EXACT_OUTLET;TIE_FSCSKEY_SEQ,EXACT_OUTLET;NOT_USPS_VALIDITY;NO_INVENTORY
07446,EXACT_IMLS_OUTLET_ZIP,NJ0052,002,,EXACT_OUTLET;TIE_FSCSKEY_SEQ,EXACT_OUTLET;NOT_USPS_VALIDITY;NO_INVENTORY
07450,EXACT_IMLS_OUTLET_ZIP,NJ0055,002,,EXACT_OUTLET;TIE_FSCSKEY_SEQ,EXACT_OUTLET;NOT_USPS_VALIDITY;NO_INVENTORY
07451,OBSERVED_REFERENCE_INDIRECT_ONLY,,,,INDIRECT_IMLS_SC;NO_FABRICATED_NEAREST,INDIRECT_IMLS_SC;NO_FABRICATED_NEAREST;NOT_REJECTED;NOT_USPS_VALIDITY;NO_INVENTORY
07452,EXACT_IMLS_SYSTEM_ZIP,NJ0027,,,EXACT_SYSTEM;TIE_FSCSKEY,EXACT_SYSTEM_ADMIN;NOT_NEARBY_OUTLET;NOT_USPS_VALIDITY;NO_INVENTORY
07456,EXACT_IMLS_OUTLET_ZIP,NJ0264,002,,EXACT_OUTLET;TIE_FSCSKEY_SEQ,EXACT_OUTLET;NOT_USPS_VALIDITY;NO_INVENTORY
07457,EXACT_IMLS_OUTLET_ZIP,NJ9006,001,,EXACT_OUTLET;TIE_FSCSKEY_SEQ,EXACT_OUTLET;NOT_USPS_VALIDITY;NO_INVENTORY
07458,EXACT_IMLS_OUTLET_ZIP,NJ0063,002,,EXACT_OUTLET;TIE_FSCSKEY_SEQ,EXACT_OUTLET;NOT_USPS_VALIDITY;NO_INVENTORY
07460,ZCTA_NEAREST_ACTIVE_OUTLET,NJ0284,005,7.729,ZCTA_NN;R6371;TIE_FIRST_LEX,ZCTA_NN_HAVERSINE;NOT_ELIGIBILITY;NOT_USPS_VALIDITY;NO_INVENTORY
07461,EXACT_IMLS_OUTLET_ZIP,NJ0284,006,,EXACT_OUTLET;TIE_FSCSKEY_SEQ,EXACT_OUTLET;NOT_USPS_VALIDITY;NO_INVENTORY
07462,EXACT_IMLS_OUTLET_ZIP,NJ0284,007,,EXACT_OUTLET;TIE_FSCSKEY_SEQ,EXACT_OUTLET;NOT_USPS_VALIDITY;NO_INVENTORY
07463,EXACT_IMLS_OUTLET_ZIP,NJ0064,002,,EXACT_OUTLET;TIE_FSCSKEY_SEQ,EXACT_OUTLET;NOT_USPS_VALIDITY;NO_INVENTORY
07465,EXACT_IMLS_OUTLET_ZIP,NJ0266,002,,EXACT_OUTLET;TIE_FSCSKEY_SEQ,EXACT_OUTLET;NOT_USPS_VALIDITY;NO_INVENTORY
07470,EXACT_IMLS_OUTLET_ZIP,NJ0267,002,,EXACT_OUTLET;TIE_FSCSKEY_SEQ,EXACT_OUTLET;NOT_USPS_VALIDITY;NO_INVENTORY
07474,OBSERVED_REFERENCE_INDIRECT_ONLY,,,,INDIRECT_IMLS_SC;NO_FABRICATED_NEAREST,INDIRECT_IMLS_SC;NO_FABRICATED_NEAREST;NOT_REJECTED;NOT_USPS_VALIDITY;NO_INVENTORY
07480,EXACT_IMLS_OUTLET_ZIP,NJ0268,002,,EXACT_OUTLET;TIE_FSCSKEY_SEQ,EXACT_OUTLET;NOT_USPS_VALIDITY;NO_INVENTORY
07481,EXACT_IMLS_OUTLET_ZIP,NJ0069,002,,EXACT_OUTLET;TIE_FSCSKEY_SEQ,EXACT_OUTLET;NOT_USPS_VALIDITY;NO_INVENTORY
07495,OBSERVED_REFERENCE_INDIRECT_ONLY,,,,INDIRECT_IMLS_SC;NO_FABRICATED_NEAREST,INDIRECT_IMLS_SC;NO_FABRICATED_NEAREST;NOT_REJECTED;NOT_USPS_VALIDITY;NO_INVENTORY
07501,EXACT_IMLS_OUTLET_ZIP,NJ0262,002,,EXACT_OUTLET;TIE_FSCSKEY_SEQ,EXACT_OUTLET;NOT_USPS_VALIDITY;NO_INVENTORY
07502,ZCTA_NEAREST_ACTIVE_OUTLET,NJ0262,011,1.784,ZCTA_NN;R6371;TIE_FIRST_LEX,ZCTA_NN_HAVERSINE;NOT_ELIGIBILITY;NOT_USPS_VALIDITY;NO_INVENTORY
07503,EXACT_IMLS_OUTLET_ZIP,NJ0262,008,,EXACT_OUTLET;TIE_FSCSKEY_SEQ,EXACT_OUTLET;NOT_USPS_VALIDITY;NO_INVENTORY
07504,ZCTA_NEAREST_ACTIVE_OUTLET,NJ0019,002,1.921,ZCTA_NN;R6371;TIE_FIRST_LEX,ZCTA_NN_HAVERSINE;NOT_ELIGIBILITY;NOT_USPS_VALIDITY;NO_INVENTORY
07505,ZCTA_NEAREST_ACTIVE_OUTLET,NJ0262,002,0.677,ZCTA_NN;R6371;TIE_FIRST_LEX,ZCTA_NN_HAVERSINE;NOT_ELIGIBILITY;NOT_USPS_VALIDITY;NO_INVENTORY
07506,EXACT_IMLS_OUTLET_ZIP,NJ0258,002,,EXACT_OUTLET;TIE_FSCSKEY_SEQ,EXACT_OUTLET;NOT_USPS_VALIDITY;NO_INVENTORY
07507,OBSERVED_REFERENCE_INDIRECT_ONLY,,,,INDIRECT_IMLS_SC;NO_FABRICATED_NEAREST,INDIRECT_IMLS_SC;NO_FABRICATED_NEAREST;NOT_REJECTED;NOT_USPS_VALIDITY;NO_INVENTORY
07508,EXACT_IMLS_OUTLET_ZIP,NJ0257,002,,EXACT_OUTLET;TIE_FSCSKEY_SEQ,EXACT_OUTLET;NOT_USPS_VALIDITY;NO_INVENTORY
07509,OBSERVED_REFERENCE_INDIRECT_ONLY,,,,INDIRECT_IMLS_SC;NO_FABRICATED_NEAREST,INDIRECT_IMLS_SC;NO_FABRICATED_NEAREST;NOT_REJECTED;NOT_USPS_VALIDITY;NO_INVENTORY
07510,OBSERVED_REFERENCE_INDIRECT_ONLY,,,,INDIRECT_IMLS_SC;NO_FABRICATED_NEAREST,INDIRECT_IMLS_SC;NO_FABRICATED_NEAREST;NOT_REJECTED;NOT_USPS_VALIDITY;NO_INVENTORY
07511,OBSERVED_REFERENCE_INDIRECT_ONLY,,,,INDIRECT_IMLS_SC;NO_FABRICATED_NEAREST,INDIRECT_IMLS_SC;NO_FABRICATED_NEAREST;NOT_REJECTED;NOT_USPS_VALIDITY;NO_INVENTORY
07512,EXACT_IMLS_OUTLET_ZIP,NJ0265,002,,EXACT_OUTLET;TIE_FSCSKEY_SEQ,EXACT_OUTLET;NOT_USPS_VALIDITY;NO_INVENTORY
07513,ZCTA_NEAREST_ACTIVE_OUTLET,NJ0262,008,1.384,ZCTA_NN;R6371;TIE_FIRST_LEX,ZCTA_NN_HAVERSINE;NOT_ELIGIBILITY;NOT_USPS_VALIDITY;NO_INVENTORY
07514,ZCTA_NEAREST_ACTIVE_OUTLET,NJ0022,002,1.685,ZCTA_NN;R6371;TIE_FIRST_LEX,ZCTA_NN_HAVERSINE;NOT_ELIGIBILITY;NOT_USPS_VALIDITY;NO_INVENTORY
07522,EXACT_IMLS_OUTLET_ZIP,NJ0262,011,,EXACT_OUTLET;TIE_FSCSKEY_SEQ,EXACT_OUTLET;NOT_USPS_VALIDITY;NO_INVENTORY
07524,ZCTA_NEAREST_ACTIVE_OUTLET,NJ0262,002,1.576,ZCTA_NN;R6371;TIE_FIRST_LEX,ZCTA_NN_HAVERSINE;NOT_ELIGIBILITY;NOT_USPS_VALIDITY;NO_INVENTORY
07538,OBSERVED_REFERENCE_INDIRECT_ONLY,,,,INDIRECT_IMLS_SC;NO_FABRICATED_NEAREST,INDIRECT_IMLS_SC;NO_FABRICATED_NEAREST;NOT_REJECTED;NOT_USPS_VALIDITY;NO_INVENTORY
07542,EXACT_IMLS_OUTLET_ZIP,NJ0027,002,,EXACT_OUTLET;TIE_FSCSKEY_SEQ,EXACT_OUTLET;NOT_USPS_VALIDITY;NO_INVENTORY
07544,OBSERVED_REFERENCE_INDIRECT_ONLY,,,,INDIRECT_IMLS_SC;NO_FABRICATED_NEAREST,INDIRECT_IMLS_SC;NO_FABRICATED_NEAREST;NOT_REJECTED;NOT_USPS_VALIDITY;NO_INVENTORY
07601,EXACT_IMLS_OUTLET_ZIP,NJ0028,002,,EXACT_OUTLET;TIE_FSCSKEY_SEQ,EXACT_OUTLET;NOT_USPS_VALIDITY;NO_INVENTORY
07602,OBSERVED_REFERENCE_INDIRECT_ONLY,,,,INDIRECT_IMLS_SC;NO_FABRICATED_NEAREST,INDIRECT_IMLS_SC;NO_FABRICATED_NEAREST;NOT_REJECTED;NOT_USPS_VALIDITY;NO_INVENTORY
07603,EXACT_IMLS_OUTLET_ZIP,NJ0010,002,,EXACT_OUTLET;TIE_FSCSKEY_SEQ,EXACT_OUTLET;NOT_USPS_VALIDITY;NO_INVENTORY
07604,EXACT_IMLS_OUTLET_ZIP,NJ0030,002,,EXACT_OUTLET;TIE_FSCSKEY_SEQ,EXACT_OUTLET;NOT_USPS_VALIDITY;NO_INVENTORY
07605,EXACT_IMLS_OUTLET_ZIP,NJ0034,002,,EXACT_OUTLET;TIE_FSCSKEY_SEQ,EXACT_OUTLET;NOT_USPS_VALIDITY;NO_INVENTORY
07606,ZCTA_NEAREST_ACTIVE_OUTLET,NJ0035,002,1.386,ZCTA_NN;R6371;TIE_FIRST_LEX,ZCTA_NN_HAVERSINE;NOT_ELIGIBILITY;NOT_USPS_VALIDITY;NO_INVENTORY
07607,EXACT_IMLS_OUTLET_ZIP,NJ0039,002,,EXACT_OUTLET;TIE_FSCSKEY_SEQ,EXACT_OUTLET;NOT_USPS_VALIDITY;NO_INVENTORY
07608,ZCTA_NEAREST_ACTIVE_OUTLET,NJ0035,002,1.537,ZCTA_NN;R6371;TIE_FIRST_LEX,ZCTA_NN_HAVERSINE;NOT_ELIGIBILITY;NOT_USPS_VALIDITY;NO_INVENTORY
07620,ZCTA_NEAREST_ACTIVE_OUTLET,NY0761,007,3.823,ZCTA_NN;R6371;TIE_FIRST_LEX,ZCTA_NN_HAVERSINE;NOT_ELIGIBILITY;NOT_USPS_VALIDITY;NO_INVENTORY
07621,EXACT_IMLS_OUTLET_ZIP,NJ0009,002,,EXACT_OUTLET;TIE_FSCSKEY_SEQ,EXACT_OUTLET;NOT_USPS_VALIDITY;NO_INVENTORY
07624,EXACT_IMLS_OUTLET_ZIP,NJ0013,002,,EXACT_OUTLET;TIE_FSCSKEY_SEQ,EXACT_OUTLET;NOT_USPS_VALIDITY;NO_INVENTORY
07626,EXACT_IMLS_OUTLET_ZIP,NJ0014,002,,EXACT_OUTLET;TIE_FSCSKEY_SEQ,EXACT_OUTLET;NOT_USPS_VALIDITY;NO_INVENTORY
07627,EXACT_IMLS_OUTLET_ZIP,NJ0015,002,,EXACT_OUTLET;TIE_FSCSKEY_SEQ,EXACT_OUTLET;NOT_USPS_VALIDITY;NO_INVENTORY
07628,EXACT_IMLS_OUTLET_ZIP,NJ0016,002,,EXACT_OUTLET;TIE_FSCSKEY_SEQ,EXACT_OUTLET;NOT_USPS_VALIDITY;NO_INVENTORY
07630,EXACT_IMLS_OUTLET_ZIP,NJ0020,002,,EXACT_OUTLET;TIE_FSCSKEY_SEQ,EXACT_OUTLET;NOT_USPS_VALIDITY;NO_INVENTORY
07631,EXACT_IMLS_OUTLET_ZIP,NJ0021,002,,EXACT_OUTLET;TIE_FSCSKEY_SEQ,EXACT_OUTLET;NOT_USPS_VALIDITY;NO_INVENTORY
07632,ZCTA_NEAREST_ACTIVE_OUTLET,NJ0021,002,2.484,ZCTA_NN;R6371;TIE_FIRST_LEX,ZCTA_NN_HAVERSINE;NOT_ELIGIBILITY;NOT_USPS_VALIDITY;NO_INVENTORY
07640,EXACT_IMLS_OUTLET_ZIP,NJ0029,002,,EXACT_OUTLET;TIE_FSCSKEY_SEQ,EXACT_OUTLET;NOT_USPS_VALIDITY;NO_INVENTORY
07641,EXACT_IMLS_OUTLET_ZIP,NJ0031,002,,EXACT_OUTLET;TIE_FSCSKEY_SEQ,EXACT_OUTLET;NOT_USPS_VALIDITY;NO_INVENTORY
07642,EXACT_IMLS_OUTLET_ZIP,NJ0032,002,,EXACT_OUTLET;TIE_FSCSKEY_SEQ,EXACT_OUTLET;NOT_USPS_VALIDITY;NO_INVENTORY
07643,EXACT_IMLS_OUTLET_ZIP,NJ0035,002,,EXACT_OUTLET;TIE_FSCSKEY_SEQ,EXACT_OUTLET;NOT_USPS_VALIDITY;NO_INVENTORY
07644,EXACT_IMLS_OUTLET_ZIP,NJ0036,002,,EXACT_OUTLET;TIE_FSCSKEY_SEQ,EXACT_OUTLET;NOT_USPS_VALIDITY;NO_INVENTORY
07645,EXACT_IMLS_OUTLET_ZIP,NJ0041,002,,EXACT_OUTLET;TIE_FSCSKEY_SEQ,EXACT_OUTLET;NOT_USPS_VALIDITY;NO_INVENTORY
07646,EXACT_IMLS_OUTLET_ZIP,NJ0042,002,,EXACT_OUTLET;TIE_FSCSKEY_SEQ,EXACT_OUTLET;NOT_USPS_VALIDITY;NO_INVENTORY
07647,EXACT_IMLS_OUTLET_ZIP,NJ0044,003,,EXACT_OUTLET;TIE_FSCSKEY_SEQ,EXACT_OUTLET;NOT_USPS_VALIDITY;NO_INVENTORY
07648,EXACT_IMLS_OUTLET_ZIP,NJ0045,002,,EXACT_OUTLET;TIE_FSCSKEY_SEQ,EXACT_OUTLET;NOT_USPS_VALIDITY;NO_INVENTORY
07649,EXACT_IMLS_OUTLET_ZIP,NJ0048,002,,EXACT_OUTLET;TIE_FSCSKEY_SEQ,EXACT_OUTLET;NOT_USPS_VALIDITY;NO_INVENTORY
07650,EXACT_IMLS_OUTLET_ZIP,NJ0049,002,,EXACT_OUTLET;TIE_FSCSKEY_SEQ,EXACT_OUTLET;NOT_USPS_VALIDITY;NO_INVENTORY
07652,EXACT_IMLS_OUTLET_ZIP,NJ0050,002,,EXACT_OUTLET;TIE_FSCSKEY_SEQ,EXACT_OUTLET;NOT_USPS_VALIDITY;NO_INVENTORY
07653,OBSERVED_REFERENCE_INDIRECT_ONLY,,,,INDIRECT_IMLS_SC;NO_FABRICATED_NEAREST,INDIRECT_IMLS_SC;NO_FABRICATED_NEAREST;NOT_REJECTED;NOT_USPS_VALIDITY;NO_INVENTORY
07656,EXACT_IMLS_OUTLET_ZIP,NJ0051,002,,EXACT_OUTLET;TIE_FSCSKEY_SEQ,EXACT_OUTLET;NOT_USPS_VALIDITY;NO_INVENTORY
07657,EXACT_IMLS_OUTLET_ZIP,NJ0053,002,,EXACT_OUTLET;TIE_FSCSKEY_SEQ,EXACT_OUTLET;NOT_USPS_VALIDITY;NO_INVENTORY
07660,EXACT_IMLS_OUTLET_ZIP,NJ0054,002,,EXACT_OUTLET;TIE_FSCSKEY_SEQ,EXACT_OUTLET;NOT_USPS_VALIDITY;NO_INVENTORY
07661,EXACT_IMLS_OUTLET_ZIP,NJ0056,002,,EXACT_OUTLET;TIE_FSCSKEY_SEQ,EXACT_OUTLET;NOT_USPS_VALIDITY;NO_INVENTORY
07662,EXACT_IMLS_OUTLET_ZIP,NJ0058,002,,EXACT_OUTLET;TIE_FSCSKEY_SEQ,EXACT_OUTLET;NOT_USPS_VALIDITY;NO_INVENTORY
07663,EXACT_IMLS_SYSTEM_ZIP,NJ0060,,,EXACT_SYSTEM;TIE_FSCSKEY,EXACT_SYSTEM_ADMIN;NOT_NEARBY_OUTLET;NOT_USPS_VALIDITY;NO_INVENTORY
07666,EXACT_IMLS_OUTLET_ZIP,NJ0061,002,,EXACT_OUTLET;TIE_FSCSKEY_SEQ,EXACT_OUTLET;NOT_USPS_VALIDITY;NO_INVENTORY
07670,EXACT_IMLS_OUTLET_ZIP,NJ0062,002,,EXACT_OUTLET;TIE_FSCSKEY_SEQ,EXACT_OUTLET;NOT_USPS_VALIDITY;NO_INVENTORY
07675,EXACT_IMLS_OUTLET_ZIP,NJ0047,002,,EXACT_OUTLET;TIE_FSCSKEY_SEQ,EXACT_OUTLET;NOT_USPS_VALIDITY;NO_INVENTORY
07676,EXACT_IMLS_SYSTEM_ZIP,NJ0066,,,EXACT_SYSTEM;TIE_FSCSKEY,EXACT_SYSTEM_ADMIN;NOT_NEARBY_OUTLET;NOT_USPS_VALIDITY;NO_INVENTORY
07677,ZCTA_NEAREST_ACTIVE_OUTLET,NJ0051,002,2.087,ZCTA_NN;R6371;TIE_FIRST_LEX,ZCTA_NN_HAVERSINE;NOT_ELIGIBILITY;NOT_USPS_VALIDITY;NO_INVENTORY
07701,EXACT_IMLS_OUTLET_ZIP,NJ0195,005,,EXACT_OUTLET;TIE_FSCSKEY_SEQ,EXACT_OUTLET;NOT_USPS_VALIDITY;NO_INVENTORY
07702,ZCTA_NEAREST_ACTIVE_OUTLET,NJ0195,005,0.964,ZCTA_NN;R6371;TIE_FIRST_LEX,ZCTA_NN_HAVERSINE;NOT_ELIGIBILITY;NOT_USPS_VALIDITY;NO_INVENTORY
07703,ZCTA_NEAREST_ACTIVE_OUTLET,NJ0195,005,1.387,ZCTA_NN;R6371;TIE_FIRST_LEX,ZCTA_NN_HAVERSINE;NOT_ELIGIBILITY;NOT_USPS_VALIDITY;NO_INVENTORY
07704,EXACT_IMLS_OUTLET_ZIP,NJ0204,002,,EXACT_OUTLET;TIE_FSCSKEY_SEQ,EXACT_OUTLET;NOT_USPS_VALIDITY;NO_INVENTORY
07710,OBSERVED_REFERENCE_INDIRECT_ONLY,,,,INDIRECT_IMLS_SC;NO_FABRICATED_NEAREST,INDIRECT_IMLS_SC;NO_FABRICATED_NEAREST;NOT_REJECTED;NOT_USPS_VALIDITY;NO_INVENTORY
07711,ZCTA_NEAREST_ACTIVE_OUTLET,NJ0197,002,1.897,ZCTA_NN;R6371;TIE_FIRST_LEX,ZCTA_NN_HAVERSINE;NOT_ELIGIBILITY;NOT_USPS_VALIDITY;NO_INVENTORY
07712,EXACT_IMLS_OUTLET_ZIP,NJ0197,002,,EXACT_OUTLET;TIE_FSCSKEY_SEQ,EXACT_OUTLET;NOT_USPS_VALIDITY;NO_INVENTORY
07716,EXACT_IMLS_OUTLET_ZIP,NJ0195,014,,EXACT_OUTLET;TIE_FSCSKEY_SEQ,EXACT_OUTLET;NOT_USPS_VALIDITY;NO_INVENTORY
07717,EXACT_IMLS_OUTLET_ZIP,NJ0199,002,,EXACT_OUTLET;TIE_FSCSKEY_SEQ,EXACT_OUTLET;NOT_USPS_VALIDITY;NO_INVENTORY
07718,ZCTA_NEAREST_ACTIVE_OUTLET,NJ0211,002,2.713,ZCTA_NN;R6371;TIE_FIRST_LEX,ZCTA_NN_HAVERSINE;NOT_ELIGIBILITY;NOT_USPS_VALIDITY;NO_INVENTORY
07719,EXACT_IMLS_SYSTEM_ZIP,NJ0200,,,EXACT_SYSTEM;TIE_FSCSKEY,EXACT_SYSTEM_ADMIN;NOT_NEARBY_OUTLET;NOT_USPS_VALIDITY;NO_INVENTORY
07720,EXACT_IMLS_OUTLET_ZIP,NJ0201,002,,EXACT_OUTLET;TIE_FSCSKEY_SEQ,EXACT_OUTLET;NOT_USPS_VALIDITY;NO_INVENTORY
07721,ZCTA_NEAREST_ACTIVE_OUTLET,NJ0196,002,2.452,ZCTA_NN;R6371;TIE_FIRST_LEX,ZCTA_NN_HAVERSINE;NOT_ELIGIBILITY;NOT_USPS_VALIDITY;NO_INVENTORY
07722,EXACT_IMLS_OUTLET_ZIP,NJ0195,004,,EXACT_OUTLET;TIE_FSCSKEY_SEQ,EXACT_OUTLET;NOT_USPS_VALIDITY;NO_INVENTORY
07723,ZCTA_NEAREST_ACTIVE_OUTLET,NJ0209,003,1.716,ZCTA_NN;R6371;TIE_FIRST_LEX,ZCTA_NN_HAVERSINE;NOT_ELIGIBILITY;NOT_USPS_VALIDITY;NO_INVENTORY
07724,EXACT_IMLS_OUTLET_ZIP,NJ0203,002,,EXACT_OUTLET;TIE_FSCSKEY_SEQ,EXACT_OUTLET;NOT_USPS_VALIDITY;NO_INVENTORY
07726,EXACT_IMLS_OUTLET_ZIP,NJ0195,002,,EXACT_OUTLET;TIE_FSCSKEY_SEQ,EXACT_OUTLET;NOT_USPS_VALIDITY;NO_INVENTORY
07727,ZCTA_NEAREST_ACTIVE_OUTLET,NJ0195,008,4.146,ZCTA_NN;R6371;TIE_FIRST_LEX,ZCTA_NN_HAVERSINE;NOT_ELIGIBILITY;NOT_USPS_VALIDITY;NO_INVENTORY
07728,EXACT_IMLS_OUTLET_ZIP,NJ0205,002,,EXACT_OUTLET;TIE_FSCSKEY_SEQ,EXACT_OUTLET;NOT_USPS_VALIDITY;NO_INVENTORY
07730,EXACT_IMLS_OUTLET_ZIP,NJ0195,006,,EXACT_OUTLET;TIE_FSCSKEY_SEQ,EXACT_OUTLET;NOT_USPS_VALIDITY;NO_INVENTORY
07731,EXACT_IMLS_OUTLET_ZIP,NJ0195,008,,EXACT_OUTLET;TIE_FSCSKEY_SEQ,EXACT_OUTLET;NOT_USPS_VALIDITY;NO_INVENTORY
07732,ZCTA_NEAREST_ACTIVE_OUTLET,NJ0195,014,4.512,ZCTA_NN;R6371;TIE_FIRST_LEX,ZCTA_NN_HAVERSINE;NOT_ELIGIBILITY;NOT_USPS_VALIDITY;NO_INVENTORY
07733,EXACT_IMLS_OUTLET_ZIP,NJ0195,007,,EXACT_OUTLET;TIE_FSCSKEY_SEQ,EXACT_OUTLET;NOT_USPS_VALIDITY;NO_INVENTORY
07734,ZCTA_NEAREST_ACTIVE_OUTLET,NJ0219,002,2.442,ZCTA_NN;R6371;TIE_FIRST_LEX,ZCTA_NN_HAVERSINE;NOT_ELIGIBILITY;NOT_USPS_VALIDITY;NO_INVENTORY
07735,EXACT_IMLS_OUTLET_ZIP,NJ0207,002,,EXACT_OUTLET;TIE_FSCSKEY_SEQ,EXACT_OUTLET;NOT_USPS_VALIDITY;NO_INVENTORY
07737,ZCTA_NEAREST_ACTIVE_OUTLET,NJ0195,014,2.915,ZCTA_NN;R6371;TIE_FIRST_LEX,ZCTA_NN_HAVERSINE;NOT_ELIGIBILITY;NOT_USPS_VALIDITY;NO_INVENTORY
07738,ZCTA_NEAREST_ACTIVE_OUTLET,NJ0195,007,4.426,ZCTA_NN;R6371;TIE_FIRST_LEX,ZCTA_NN_HAVERSINE;NOT_ELIGIBILITY;NOT_USPS_VALIDITY;NO_INVENTORY
07739,EXACT_IMLS_OUTLET_ZIP,NJ0208,002,,EXACT_OUTLET;TIE_FSCSKEY_SEQ,EXACT_OUTLET;NOT_USPS_VALIDITY;NO_INVENTORY
07740,EXACT_IMLS_OUTLET_ZIP,NJ0209,002,,EXACT_OUTLET;TIE_FSCSKEY_SEQ,EXACT_OUTLET;NOT_USPS_VALIDITY;NO_INVENTORY
07746,EXACT_IMLS_OUTLET_ZIP,NJ0195,009,,EXACT_OUTLET;TIE_FSCSKEY_SEQ,EXACT_OUTLET;NOT_USPS_VALIDITY;NO_INVENTORY
07747,EXACT_IMLS_OUTLET_ZIP,NJ0196,002,,EXACT_OUTLET;TIE_FSCSKEY_SEQ,EXACT_OUTLET;NOT_USPS_VALIDITY;NO_INVENTORY
07748,EXACT_IMLS_OUTLET_ZIP,NJ0211,002,,EXACT_OUTLET;TIE_FSCSKEY_SEQ,EXACT_OUTLET;NOT_USPS_VALIDITY;NO_INVENTORY
07750,EXACT_IMLS_OUTLET_ZIP,NJ0212,002,,EXACT_OUTLET;TIE_FSCSKEY_SEQ,EXACT_OUTLET;NOT_USPS_VALIDITY;NO_INVENTORY
07751,ZCTA_NEAREST_ACTIVE_OUTLET,NJ0195,009,3.211,ZCTA_NN;R6371;TIE_FIRST_LEX,ZCTA_NN_HAVERSINE;NOT_ELIGIBILITY;NOT_USPS_VALIDITY;NO_INVENTORY
07752,OBSERVED_REFERENCE_INDIRECT_ONLY,,,,INDIRECT_IMLS_SC;NO_FABRICATED_NEAREST,INDIRECT_IMLS_SC;NO_FABRICATED_NEAREST;NOT_REJECTED;NOT_USPS_VALIDITY;NO_INVENTORY
07753,EXACT_IMLS_OUTLET_ZIP,NJ0213,002,,EXACT_OUTLET;TIE_FSCSKEY_SEQ,EXACT_OUTLET;NOT_USPS_VALIDITY;NO_INVENTORY
07754,OBSERVED_REFERENCE_INDIRECT_ONLY,,,,INDIRECT_IMLS_SC;NO_FABRICATED_NEAREST,INDIRECT_IMLS_SC;NO_FABRICATED_NEAREST;NOT_REJECTED;NOT_USPS_VALIDITY;NO_INVENTORY
07755,EXACT_IMLS_OUTLET_ZIP,NJ0195,011,,EXACT_OUTLET;TIE_FSCSKEY_SEQ,EXACT_OUTLET;NOT_USPS_VALIDITY;NO_INVENTORY
07756,ZCTA_NEAREST_ACTIVE_OUTLET,NJ0197,002,0.972,ZCTA_NN;R6371;TIE_FIRST_LEX,ZCTA_NN_HAVERSINE;NOT_ELIGIBILITY;NOT_USPS_VALIDITY;NO_INVENTORY
07757,EXACT_IMLS_OUTLET_ZIP,NJ0195,010,,EXACT_OUTLET;TIE_FSCSKEY_SEQ,EXACT_OUTLET;NOT_USPS_VALIDITY;NO_INVENTORY
07758,ZCTA_NEAREST_ACTIVE_OUTLET,NJ0211,002,3.408,ZCTA_NN;R6371;TIE_FIRST_LEX,ZCTA_NN_HAVERSINE;NOT_ELIGIBILITY;NOT_USPS_VALIDITY;NO_INVENTORY
07760,EXACT_IMLS_OUTLET_ZIP,NJ0216,002,,EXACT_OUTLET;TIE_FSCSKEY_SEQ,EXACT_OUTLET;NOT_USPS_VALIDITY;NO_INVENTORY
07762,EXACT_IMLS_OUTLET_ZIP,NJ0217,002,,EXACT_OUTLET;TIE_FSCSKEY_SEQ,EXACT_OUTLET;NOT_USPS_VALIDITY;NO_INVENTORY
07763,OBSERVED_REFERENCE_INDIRECT_ONLY,,,,INDIRECT_IMLS_SC;NO_FABRICATED_NEAREST,INDIRECT_IMLS_SC;NO_FABRICATED_NEAREST;NOT_REJECTED;NOT_USPS_VALIDITY;NO_INVENTORY
07764,EXACT_IMLS_OUTLET_ZIP,NJ0195,013,,EXACT_OUTLET;TIE_FSCSKEY_SEQ,EXACT_OUTLET;NOT_USPS_VALIDITY;NO_INVENTORY
07765,OBSERVED_REFERENCE_INDIRECT_ONLY,,,,INDIRECT_IMLS_SC;NO_FABRICATED_NEAREST,INDIRECT_IMLS_SC;NO_FABRICATED_NEAREST;NOT_REJECTED;NOT_USPS_VALIDITY;NO_INVENTORY
07801,EXACT_IMLS_OUTLET_ZIP,NJ0227,002,,EXACT_OUTLET;TIE_FSCSKEY_SEQ,EXACT_OUTLET;NOT_USPS_VALIDITY;NO_INVENTORY
07802,OBSERVED_REFERENCE_INDIRECT_ONLY,,,,INDIRECT_IMLS_SC;NO_FABRICATED_NEAREST,INDIRECT_IMLS_SC;NO_FABRICATED_NEAREST;NOT_REJECTED;NOT_USPS_VALIDITY;NO_INVENTORY
07803,ZCTA_NEAREST_ACTIVE_OUTLET,NJ0251,002,2.691,ZCTA_NN;R6371;TIE_FIRST_LEX,ZCTA_NN_HAVERSINE;NOT_ELIGIBILITY;NOT_USPS_VALIDITY;NO_INVENTORY
07806,OBSERVED_REFERENCE_INDIRECT_ONLY,,,,INDIRECT_IMLS_SC;NO_FABRICATED_NEAREST,INDIRECT_IMLS_SC;NO_FABRICATED_NEAREST;NOT_REJECTED;NOT_USPS_VALIDITY;NO_INVENTORY
07820,ZCTA_NEAREST_ACTIVE_OUTLET,NJ0284,004,8.655,ZCTA_NN;R6371;TIE_FIRST_LEX,ZCTA_NN_HAVERSINE;NOT_ELIGIBILITY;NOT_USPS_VALIDITY;NO_INVENTORY
07821,ZCTA_NEAREST_ACTIVE_OUTLET,NJ0284,004,7.168,ZCTA_NN;R6371;TIE_FIRST_LEX,ZCTA_NN_HAVERSINE;NOT_ELIGIBILITY;NOT_USPS_VALIDITY;NO_INVENTORY
07822,ZCTA_NEAREST_ACTIVE_OUTLET,NJ0284,002,4.317,ZCTA_NN;R6371;TIE_FIRST_LEX,ZCTA_NN_HAVERSINE;NOT_ELIGIBILITY;NOT_USPS_VALIDITY;NO_INVENTORY
07823,EXACT_IMLS_OUTLET_ZIP,NJ0306,002,,EXACT_OUTLET;TIE_FSCSKEY_SEQ,EXACT_OUTLET;NOT_USPS_VALIDITY;NO_INVENTORY
07825,EXACT_IMLS_OUTLET_ZIP,NJ0306,005,,EXACT_OUTLET;TIE_FSCSKEY_SEQ,EXACT_OUTLET;NOT_USPS_VALIDITY;NO_INVENTORY
07826,ZCTA_NEAREST_ACTIVE_OUTLET,NJ0284,002,6.734,ZCTA_NN;R6371;TIE_FIRST_LEX,ZCTA_NN_HAVERSINE;NOT_ELIGIBILITY;NOT_USPS_VALIDITY;NO_INVENTORY
07827,ZCTA_NEAREST_ACTIVE_OUTLET,PA0297,002,7.620,ZCTA_NN;R6371;TIE_FIRST_LEX,ZCTA_NN_HAVERSINE;NOT_ELIGIBILITY;NOT_USPS_VALIDITY;NO_INVENTORY
07828,EXACT_IMLS_OUTLET_ZIP,NJ0242,002,,EXACT_OUTLET;TIE_FSCSKEY_SEQ,EXACT_OUTLET;NOT_USPS_VALIDITY;NO_INVENTORY
07829,OBSERVED_REFERENCE_INDIRECT_ONLY,,,,INDIRECT_IMLS_SC;NO_FABRICATED_NEAREST,INDIRECT_IMLS_SC;NO_FABRICATED_NEAREST;NOT_REJECTED;NOT_USPS_VALIDITY;NO_INVENTORY
07830,ZCTA_NEAREST_ACTIVE_OUTLET,NJ0164,002,6.591,ZCTA_NN;R6371;TIE_FIRST_LEX,ZCTA_NN_HAVERSINE;NOT_ELIGIBILITY;NOT_USPS_VALIDITY;NO_INVENTORY
07831,ZCTA_NEAREST_ACTIVE_OUTLET,NJ0313,002,4.162,ZCTA_NN;R6371;TIE_FIRST_LEX,ZCTA_NN_HAVERSINE;NOT_ELIGIBILITY;NOT_USPS_VALIDITY;NO_INVENTORY
07832,ZCTA_NEAREST_ACTIVE_OUTLET,NJ0306,005,7.467,ZCTA_NN;R6371;TIE_FIRST_LEX,ZCTA_NN_HAVERSINE;NOT_ELIGIBILITY;NOT_USPS_VALIDITY;NO_INVENTORY
07833,ZCTA_NEAREST_ACTIVE_OUTLET,NJ0306,002,9.834,ZCTA_NN;R6371;TIE_FIRST_LEX,ZCTA_NN_HAVERSINE;NOT_ELIGIBILITY;NOT_USPS_VALIDITY;NO_INVENTORY
07834,EXACT_IMLS_OUTLET_ZIP,NJ0226,002,,EXACT_OUTLET;TIE_FSCSKEY_SEQ,EXACT_OUTLET;NOT_USPS_VALIDITY;NO_INVENTORY
07836,EXACT_IMLS_SYSTEM_ZIP,NJ0242,,,EXACT_SYSTEM;TIE_FSCSKEY,EXACT_SYSTEM_ADMIN;NOT_NEARBY_OUTLET;NOT_USPS_VALIDITY;NO_INVENTORY
07838,ZCTA_NEAREST_ACTIVE_OUTLET,NJ0310,002,8.077,ZCTA_NN;R6371;TIE_FIRST_LEX,ZCTA_NN_HAVERSINE;NOT_ELIGIBILITY;NOT_USPS_VALIDITY;NO_INVENTORY
07839,OBSERVED_REFERENCE_INDIRECT_ONLY,,,,INDIRECT_IMLS_SC;NO_FABRICATED_NEAREST,INDIRECT_IMLS_SC;NO_FABRICATED_NEAREST;NOT_REJECTED;NOT_USPS_VALIDITY;NO_INVENTORY
07840,EXACT_IMLS_OUTLET_ZIP,NJ0306,006,,EXACT_OUTLET;TIE_FSCSKEY_SEQ,EXACT_OUTLET;NOT_USPS_VALIDITY;NO_INVENTORY
07842,EXACT_IMLS_OUTLET_ZIP,NJ0248,003,,EXACT_OUTLET;TIE_FSCSKEY_SEQ,EXACT_OUTLET;NOT_USPS_VALIDITY;NO_INVENTORY
07843,EXACT_IMLS_OUTLET_ZIP,NJ0284,004,,EXACT_OUTLET;TIE_FSCSKEY_SEQ,EXACT_OUTLET;NOT_USPS_VALIDITY;NO_INVENTORY
07844,ZCTA_NEAREST_ACTIVE_OUTLET,NJ0306,005,8.431,ZCTA_NN;R6371;TIE_FIRST_LEX,ZCTA_NN_HAVERSINE;NOT_ELIGIBILITY;NOT_USPS_VALIDITY;NO_INVENTORY
07845,OBSERVED_REFERENCE_INDIRECT_ONLY,,,,INDIRECT_IMLS_SC;NO_FABRICATED_NEAREST,INDIRECT_IMLS_SC;NO_FABRICATED_NEAREST;NOT_REJECTED;NOT_USPS_VALIDITY;NO_INVENTORY
07846,ZCTA_NEAREST_ACTIVE_OUTLET,NJ0306,005,9.959,ZCTA_NN;R6371;TIE_FIRST_LEX,ZCTA_NN_HAVERSINE;NOT_ELIGIBILITY;NOT_USPS_VALIDITY;NO_INVENTORY
07847,ZCTA_NEAREST_ACTIVE_OUTLET,NJ0249,002,2.633,ZCTA_NN;R6371;TIE_FIRST_LEX,ZCTA_NN_HAVERSINE;NOT_ELIGIBILITY;NOT_USPS_VALIDITY;NO_INVENTORY
07848,ZCTA_NEAREST_ACTIVE_OUTLET,NJ0284,002,6.903,ZCTA_NN;R6371;TIE_FIRST_LEX,ZCTA_NN_HAVERSINE;NOT_ELIGIBILITY;NOT_USPS_VALIDITY;NO_INVENTORY
07849,ZCTA_NEAREST_ACTIVE_OUTLET,NJ0241,002,4.772,ZCTA_NN;R6371;TIE_FIRST_LEX,ZCTA_NN_HAVERSINE;NOT_ELIGIBILITY;NOT_USPS_VALIDITY;NO_INVENTORY
07850,ZCTA_NEAREST_ACTIVE_OUTLET,NJ0241,002,2.913,ZCTA_NN;R6371;TIE_FIRST_LEX,ZCTA_NN_HAVERSINE;NOT_ELIGIBILITY;NOT_USPS_VALIDITY;NO_INVENTORY
07851,ZCTA_NEAREST_ACTIVE_OUTLET,NJ0284,002,12.053,ZCTA_NN;R6371;TIE_FIRST_LEX,ZCTA_NN_HAVERSINE;NOT_ELIGIBILITY;NOT_USPS_VALIDITY;NO_INVENTORY
07852,ZCTA_NEAREST_ACTIVE_OUTLET,NJ0249,002,2.950,ZCTA_NN;R6371;TIE_FIRST_LEX,ZCTA_NN_HAVERSINE;NOT_ELIGIBILITY;NOT_USPS_VALIDITY;NO_INVENTORY
07853,EXACT_IMLS_OUTLET_ZIP,NJ0250,002,,EXACT_OUTLET;TIE_FSCSKEY_SEQ,EXACT_OUTLET;NOT_USPS_VALIDITY;NO_INVENTORY
07855,OBSERVED_REFERENCE_INDIRECT_ONLY,,,,INDIRECT_IMLS_SC;NO_FABRICATED_NEAREST,INDIRECT_IMLS_SC;NO_FABRICATED_NEAREST;NOT_REJECTED;NOT_USPS_VALIDITY;NO_INVENTORY
07856,EXACT_IMLS_OUTLET_ZIP,NJ0241,002,,EXACT_OUTLET;TIE_FSCSKEY_SEQ,EXACT_OUTLET;NOT_USPS_VALIDITY;NO_INVENTORY
07857,ZCTA_NEAREST_ACTIVE_OUTLET,NJ0284,004,2.330,ZCTA_NN;R6371;TIE_FIRST_LEX,ZCTA_NN_HAVERSINE;NOT_ELIGIBILITY;NOT_USPS_VALIDITY;NO_INVENTORY
07860,EXACT_IMLS_OUTLET_ZIP,NJ0284,002,,EXACT_OUTLET;TIE_FSCSKEY_SEQ,EXACT_OUTLET;NOT_USPS_VALIDITY;NO_INVENTORY
07863,EXACT_IMLS_OUTLET_ZIP,NJ0311,002,,EXACT_OUTLET;TIE_FSCSKEY_SEQ,EXACT_OUTLET;NOT_USPS_VALIDITY;NO_INVENTORY
07865,ZCTA_NEAREST_ACTIVE_OUTLET,NJ0313,002,8.070,ZCTA_NN;R6371;TIE_FIRST_LEX,ZCTA_NN_HAVERSINE;NOT_ELIGIBILITY;NOT_USPS_VALIDITY;NO_INVENTORY
07866,EXACT_IMLS_OUTLET_ZIP,NJ0247,002,,EXACT_OUTLET;TIE_FSCSKEY_SEQ,EXACT_OUTLET;NOT_USPS_VALIDITY;NO_INVENTORY
07869,EXACT_IMLS_OUTLET_ZIP,NJ0246,002,,EXACT_OUTLET;TIE_FSCSKEY_SEQ,EXACT_OUTLET;NOT_USPS_VALIDITY;NO_INVENTORY
07870,ZCTA_NEAREST_ACTIVE_OUTLET,NJ0250,002,2.822,ZCTA_NN;R6371;TIE_FIRST_LEX,ZCTA_NN_HAVERSINE;NOT_ELIGIBILITY;NOT_USPS_VALIDITY;NO_INVENTORY
07871,EXACT_IMLS_OUTLET_ZIP,NJ0285,002,,EXACT_OUTLET;TIE_FSCSKEY_SEQ,EXACT_OUTLET;NOT_USPS_VALIDITY;NO_INVENTORY
07874,ZCTA_NEAREST_ACTIVE_OUTLET,NJ0284,004,1.558,ZCTA_NN;R6371;TIE_FIRST_LEX,ZCTA_NN_HAVERSINE;NOT_ELIGIBILITY;NOT_USPS_VALIDITY;NO_INVENTORY
07875,OBSERVED_REFERENCE_INDIRECT_ONLY,,,,INDIRECT_IMLS_SC;NO_FABRICATED_NEAREST,INDIRECT_IMLS_SC;NO_FABRICATED_NEAREST;NOT_REJECTED;NOT_USPS_VALIDITY;NO_INVENTORY
07876,EXACT_IMLS_OUTLET_ZIP,NJ0249,002,,EXACT_OUTLET;TIE_FSCSKEY_SEQ,EXACT_OUTLET;NOT_USPS_VALIDITY;NO_INVENTORY
07878,EXACT_IMLS_OUTLET_ZIP,NJ0243,003,,EXACT_OUTLET;TIE_FSCSKEY_SEQ,EXACT_OUTLET;NOT_USPS_VALIDITY;NO_INVENTORY
07879,OBSERVED_REFERENCE_INDIRECT_ONLY,,,,INDIRECT_IMLS_SC;NO_FABRICATED_NEAREST,INDIRECT_IMLS_SC;NO_FABRICATED_NEAREST;NOT_REJECTED;NOT_USPS_VALIDITY;NO_INVENTORY
07880,ZCTA_NEAREST_ACTIVE_OUTLET,NJ0310,002,5.187,ZCTA_NN;R6371;TIE_FIRST_LEX,ZCTA_NN_HAVERSINE;NOT_ELIGIBILITY;NOT_USPS_VALIDITY;NO_INVENTORY
07881,ZCTA_NEAREST_ACTIVE_OUTLET,PA0288,289,12.847,ZCTA_NN;R6371;TIE_FIRST_LEX,ZCTA_NN_HAVERSINE;NOT_ELIGIBILITY;NOT_USPS_VALIDITY;NO_INVENTORY
07882,EXACT_IMLS_OUTLET_ZIP,NJ0306,004,,EXACT_OUTLET;TIE_FSCSKEY_SEQ,EXACT_OUTLET;NOT_USPS_VALIDITY;NO_INVENTORY
07885,EXACT_IMLS_OUTLET_ZIP,NJ0251,002,,EXACT_OUTLET;TIE_FSCSKEY_SEQ,EXACT_OUTLET;NOT_USPS_VALIDITY;NO_INVENTORY
07890,OBSERVED_REFERENCE_INDIRECT_ONLY,,,,INDIRECT_IMLS_SC;NO_FABRICATED_NEAREST,INDIRECT_IMLS_SC;NO_FABRICATED_NEAREST;NOT_REJECTED;NOT_USPS_VALIDITY;NO_INVENTORY
07901,EXACT_IMLS_OUTLET_ZIP,NJ0303,002,,EXACT_OUTLET;TIE_FSCSKEY_SEQ,EXACT_OUTLET;NOT_USPS_VALIDITY;NO_INVENTORY
07902,OBSERVED_REFERENCE_INDIRECT_ONLY,,,,INDIRECT_IMLS_SC;NO_FABRICATED_NEAREST,INDIRECT_IMLS_SC;NO_FABRICATED_NEAREST;NOT_REJECTED;NOT_USPS_VALIDITY;NO_INVENTORY
07920,EXACT_IMLS_OUTLET_ZIP,NJ0277,002,,EXACT_OUTLET;TIE_FSCSKEY_SEQ,EXACT_OUTLET;NOT_USPS_VALIDITY;NO_INVENTORY
07921,EXACT_IMLS_SYSTEM_ZIP,NJ0276,,,EXACT_SYSTEM;TIE_FSCSKEY,EXACT_SYSTEM_ADMIN;NOT_NEARBY_OUTLET;NOT_USPS_VALIDITY;NO_INVENTORY
07922,EXACT_IMLS_OUTLET_ZIP,NJ0286,002,,EXACT_OUTLET;TIE_FSCSKEY_SEQ,EXACT_OUTLET;NOT_USPS_VALIDITY;NO_INVENTORY
07924,EXACT_IMLS_OUTLET_ZIP,NJ0278,002,,EXACT_OUTLET;TIE_FSCSKEY_SEQ,EXACT_OUTLET;NOT_USPS_VALIDITY;NO_INVENTORY
07926,EXACT_IMLS_OUTLET_ZIP,NJ0236,002,,EXACT_OUTLET;TIE_FSCSKEY_SEQ,EXACT_OUTLET;NOT_USPS_VALIDITY;NO_INVENTORY
07927,ZCTA_NEAREST_ACTIVE_OUTLET,NJ0221,002,2.043,ZCTA_NN;R6371;TIE_FIRST_LEX,ZCTA_NN_HAVERSINE;NOT_ELIGIBILITY;NOT_USPS_VALIDITY;NO_INVENTORY
07928,EXACT_IMLS_OUTLET_ZIP,NJ0224,002,,EXACT_OUTLET;TIE_FSCSKEY_SEQ,EXACT_OUTLET;NOT_USPS_VALIDITY;NO_INVENTORY
07930,EXACT_IMLS_OUTLET_ZIP,NJ0225,002,,EXACT_OUTLET;TIE_FSCSKEY_SEQ,EXACT_OUTLET;NOT_USPS_VALIDITY;NO_INVENTORY
07931,EXACT_IMLS_OUTLET_ZIP,NJ0276,002,,EXACT_OUTLET;TIE_FSCSKEY_SEQ,EXACT_OUTLET;NOT_USPS_VALIDITY;NO_INVENTORY
07932,EXACT_IMLS_OUTLET_ZIP,NJ0229,002,,EXACT_OUTLET;TIE_FSCSKEY_SEQ,EXACT_OUTLET;NOT_USPS_VALIDITY;NO_INVENTORY
07933,EXACT_IMLS_SYSTEM_ZIP,NJ0244,,,EXACT_SYSTEM;TIE_FSCSKEY,EXACT_SYSTEM_ADMIN;NOT_NEARBY_OUTLET;NOT_USPS_VALIDITY;NO_INVENTORY
07934,ZCTA_NEAREST_ACTIVE_OUTLET,NJ0275,006,1.568,ZCTA_NN;R6371;TIE_FIRST_LEX,ZCTA_NN_HAVERSINE;NOT_ELIGIBILITY;NOT_USPS_VALIDITY;NO_INVENTORY
07935,ZCTA_NEAREST_ACTIVE_OUTLET,NJ0234,002,3.811,ZCTA_NN;R6371;TIE_FIRST_LEX,ZCTA_NN_HAVERSINE;NOT_ELIGIBILITY;NOT_USPS_VALIDITY;NO_INVENTORY
07936,EXACT_IMLS_OUTLET_ZIP,NJ0228,002,,EXACT_OUTLET;TIE_FSCSKEY_SEQ,EXACT_OUTLET;NOT_USPS_VALIDITY;NO_INVENTORY
07938,OBSERVED_REFERENCE_INDIRECT_ONLY,,,,INDIRECT_IMLS_SC;NO_FABRICATED_NEAREST,INDIRECT_IMLS_SC;NO_FABRICATED_NEAREST;NOT_REJECTED;NOT_USPS_VALIDITY;NO_INVENTORY
07939,ZCTA_NEAREST_ACTIVE_OUTLET,NJ0277,002,4.293,ZCTA_NN;R6371;TIE_FIRST_LEX,ZCTA_NN_HAVERSINE;NOT_ELIGIBILITY;NOT_USPS_VALIDITY;NO_INVENTORY
07940,EXACT_IMLS_OUTLET_ZIP,NJ0234,002,,EXACT_OUTLET;TIE_FSCSKEY_SEQ,EXACT_OUTLET;NOT_USPS_VALIDITY;NO_INVENTORY
07945,EXACT_IMLS_OUTLET_ZIP,NJ0235,002,,EXACT_OUTLET;TIE_FSCSKEY_SEQ,EXACT_OUTLET;NOT_USPS_VALIDITY;NO_INVENTORY
07946,ZCTA_NEAREST_ACTIVE_OUTLET,NJ0244,002,2.764,ZCTA_NN;R6371;TIE_FIRST_LEX,ZCTA_NN_HAVERSINE;NOT_ELIGIBILITY;NOT_USPS_VALIDITY;NO_INVENTORY
07950,EXACT_IMLS_OUTLET_ZIP,NJ0239,002,,EXACT_OUTLET;TIE_FSCSKEY_SEQ,EXACT_OUTLET;NOT_USPS_VALIDITY;NO_INVENTORY
07960,EXACT_IMLS_OUTLET_ZIP,NJ0238,002,,EXACT_OUTLET;TIE_FSCSKEY_SEQ,EXACT_OUTLET;NOT_USPS_VALIDITY;NO_INVENTORY
07961,ZCTA_NEAREST_ACTIVE_OUTLET,NJ0229,002,3.071,ZCTA_NN;R6371;TIE_FIRST_LEX,ZCTA_NN_HAVERSINE;NOT_ELIGIBILITY;NOT_USPS_VALIDITY;NO_INVENTORY
07962,OBSERVED_REFERENCE_INDIRECT_ONLY,,,,INDIRECT_IMLS_SC;NO_FABRICATED_NEAREST,INDIRECT_IMLS_SC;NO_FABRICATED_NEAREST;NOT_REJECTED;NOT_USPS_VALIDITY;NO_INVENTORY
07963,OBSERVED_REFERENCE_INDIRECT_ONLY,,,,INDIRECT_IMLS_SC;NO_FABRICATED_NEAREST,INDIRECT_IMLS_SC;NO_FABRICATED_NEAREST;NOT_REJECTED;NOT_USPS_VALIDITY;NO_INVENTORY
07970,ZCTA_NEAREST_ACTIVE_OUTLET,NJ0236,002,1.866,ZCTA_NN;R6371;TIE_FIRST_LEX,ZCTA_NN_HAVERSINE;NOT_ELIGIBILITY;NOT_USPS_VALIDITY;NO_INVENTORY
07974,EXACT_IMLS_OUTLET_ZIP,NJ0296,002,,EXACT_OUTLET;TIE_FSCSKEY_SEQ,EXACT_OUTLET;NOT_USPS_VALIDITY;NO_INVENTORY
07976,EXACT_IMLS_OUTLET_ZIP,NJ9011,001,,EXACT_OUTLET;TIE_FSCSKEY_SEQ,EXACT_OUTLET;NOT_USPS_VALIDITY;NO_INVENTORY
07977,EXACT_IMLS_OUTLET_ZIP,NJ0275,006,,EXACT_OUTLET;TIE_FSCSKEY_SEQ,EXACT_OUTLET;NOT_USPS_VALIDITY;NO_INVENTORY
07978,OBSERVED_REFERENCE_INDIRECT_ONLY,,,,INDIRECT_IMLS_SC;NO_FABRICATED_NEAREST,INDIRECT_IMLS_SC;NO_FABRICATED_NEAREST;NOT_REJECTED;NOT_USPS_VALIDITY;NO_INVENTORY
07979,ZCTA_NEAREST_ACTIVE_OUTLET,NJ0164,002,4.864,ZCTA_NN;R6371;TIE_FIRST_LEX,ZCTA_NN_HAVERSINE;NOT_ELIGIBILITY;NOT_USPS_VALIDITY;NO_INVENTORY
07980,EXACT_IMLS_OUTLET_ZIP,NJ0244,002,,EXACT_OUTLET;TIE_FSCSKEY_SEQ,EXACT_OUTLET;NOT_USPS_VALIDITY;NO_INVENTORY
07981,EXACT_IMLS_OUTLET_ZIP,NJ0221,002,,EXACT_OUTLET;TIE_FSCSKEY_SEQ,EXACT_OUTLET;NOT_USPS_VALIDITY;NO_INVENTORY
08001,ZCTA_NEAREST_ACTIVE_OUTLET,NJ0273,002,10.946,ZCTA_NN;R6371;TIE_FIRST_LEX,ZCTA_NN_HAVERSINE;NOT_ELIGIBILITY;NOT_USPS_VALIDITY;NO_INVENTORY
08002,ZCTA_NEAREST_ACTIVE_OUTLET,NJ0087,002,2.459,ZCTA_NN;R6371;TIE_FIRST_LEX,ZCTA_NN_HAVERSINE;NOT_ELIGIBILITY;NOT_USPS_VALIDITY;NO_INVENTORY
08003,ZCTA_NEAREST_ACTIVE_OUTLET,NJ0087,002,4.702,ZCTA_NN;R6371;TIE_FIRST_LEX,ZCTA_NN_HAVERSINE;NOT_ELIGIBILITY;NOT_USPS_VALIDITY;NO_INVENTORY
08004,EXACT_IMLS_OUTLET_ZIP,NJ0099,002,,EXACT_OUTLET;TIE_FSCSKEY_SEQ,EXACT_OUTLET;NOT_USPS_VALIDITY;NO_INVENTORY
08005,EXACT_IMLS_OUTLET_ZIP,NJ0252,003,,EXACT_OUTLET;TIE_FSCSKEY_SEQ,EXACT_OUTLET;NOT_USPS_VALIDITY;NO_INVENTORY
08006,ZCTA_NEAREST_ACTIVE_OUTLET,NJ0252,015,8.735,ZCTA_NN;R6371;TIE_FIRST_LEX,ZCTA_NN_HAVERSINE;NOT_ELIGIBILITY;NOT_USPS_VALIDITY;NO_INVENTORY
08007,ZCTA_NEAREST_ACTIVE_OUTLET,NJ0093,002,1.937,ZCTA_NN;R6371;TIE_FIRST_LEX,ZCTA_NN_HAVERSINE;NOT_ELIGIBILITY;NOT_USPS_VALIDITY;NO_INVENTORY
08008,EXACT_IMLS_OUTLET_ZIP,NJ0252,010,,EXACT_OUTLET;TIE_FSCSKEY_SEQ,EXACT_OUTLET;NOT_USPS_VALIDITY;NO_INVENTORY
08009,EXACT_IMLS_OUTLET_ZIP,NJ0085,002,,EXACT_OUTLET;TIE_FSCSKEY_SEQ,EXACT_OUTLET;NOT_USPS_VALIDITY;NO_INVENTORY
08010,EXACT_IMLS_OUTLET_ZIP,NJ0074,002,,EXACT_OUTLET;TIE_FSCSKEY_SEQ,EXACT_OUTLET;NOT_USPS_VALIDITY;NO_INVENTORY
08011,ZCTA_NEAREST_ACTIVE_OUTLET,NJ0070,011,2.891,ZCTA_NN;R6371;TIE_FIRST_LEX,ZCTA_NN_HAVERSINE;NOT_ELIGIBILITY;NOT_USPS_VALIDITY;NO_INVENTORY
08012,EXACT_IMLS_OUTLET_ZIP,NJ0083,003,,EXACT_OUTLET;TIE_FSCSKEY_SEQ,EXACT_OUTLET;NOT_USPS_VALIDITY;NO_INVENTORY
08014,ZCTA_NEAREST_ACTIVE_OUTLET,PA0360,002,3.286,ZCTA_NN;R6371;TIE_FIRST_LEX,ZCTA_NN_HAVERSINE;NOT_ELIGIBILITY;NOT_USPS_VALIDITY;NO_INVENTORY
08015,ZCTA_NEAREST_ACTIVE_OUTLET,NJ0070,011,12.520,ZCTA_NN;R6371;TIE_FIRST_LEX,ZCTA_NN_HAVERSINE;NOT_ELIGIBILITY;NOT_USPS_VALIDITY;NO_INVENTORY
08016,EXACT_IMLS_OUTLET_ZIP,NJ0071,002,,EXACT_OUTLET;TIE_FSCSKEY_SEQ,EXACT_OUTLET;NOT_USPS_VALIDITY;NO_INVENTORY
08018,OBSERVED_REFERENCE_INDIRECT_ONLY,,,,INDIRECT_IMLS_SC;NO_FABRICATED_NEAREST,INDIRECT_IMLS_SC;NO_FABRICATED_NEAREST;NOT_REJECTED;NOT_USPS_VALIDITY;NO_INVENTORY
08019,ZCTA_NEAREST_ACTIVE_OUTLET,NJ9009,001,20.215,ZCTA_NN;R6371;TIE_FIRST_LEX,ZCTA_NN_HAVERSINE;NOT_ELIGIBILITY;NOT_USPS_VALIDITY;NO_INVENTORY
08020,ZCTA_NEAREST_ACTIVE_OUTLET,NJ0138,002,4.295,ZCTA_NN;R6371;TIE_FIRST_LEX,ZCTA_NN_HAVERSINE;NOT_ELIGIBILITY;NOT_USPS_VALIDITY;NO_INVENTORY
08021,EXACT_IMLS_OUTLET_ZIP,NJ0088,002,,EXACT_OUTLET;TIE_FSCSKEY_SEQ,EXACT_OUTLET;NOT_USPS_VALIDITY;NO_INVENTORY
08022,ZCTA_NEAREST_ACTIVE_OUTLET,NJ0075,002,8.169,ZCTA_NN;R6371;TIE_FIRST_LEX,ZCTA_NN_HAVERSINE;NOT_ELIGIBILITY;NOT_USPS_VALIDITY;NO_INVENTORY
08023,ZCTA_NEAREST_ACTIVE_OUTLET,DE0046,011,4.973,ZCTA_NN;R6371;TIE_FIRST_LEX,ZCTA_NN_HAVERSINE;NOT_ELIGIBILITY;NOT_USPS_VALIDITY;NO_INVENTORY
08026,EXACT_IMLS_OUTLET_ZIP,NJ0090,002,,EXACT_OUTLET;TIE_FSCSKEY_SEQ,EXACT_OUTLET;NOT_USPS_VALIDITY;NO_INVENTORY
08027,EXACT_IMLS_OUTLET_ZIP,NJ0130,007,,EXACT_OUTLET;TIE_FSCSKEY_SEQ,EXACT_OUTLET;NOT_USPS_VALIDITY;NO_INVENTORY
08028,EXACT_IMLS_OUTLET_ZIP,NJ0130,006,,EXACT_OUTLET;TIE_FSCSKEY_SEQ,EXACT_OUTLET;NOT_USPS_VALIDITY;NO_INVENTORY
08029,ZCTA_NEAREST_ACTIVE_OUTLET,NJ0096,002,2.028,ZCTA_NN;R6371;TIE_FIRST_LEX,ZCTA_NN_HAVERSINE;NOT_ELIGIBILITY;NOT_USPS_VALIDITY;NO_INVENTORY
08030,EXACT_IMLS_OUTLET_ZIP,NJ0091,002,,EXACT_OUTLET;TIE_FSCSKEY_SEQ,EXACT_OUTLET;NOT_USPS_VALIDITY;NO_INVENTORY
08031,EXACT_IMLS_OUTLET_ZIP,NJ0083,006,,EXACT_OUTLET;TIE_FSCSKEY_SEQ,EXACT_OUTLET;NOT_USPS_VALIDITY;NO_INVENTORY
08032,ZCTA_NEAREST_ACTIVE_OUTLET,NJ0083,003,2.530,ZCTA_NN;R6371;TIE_FIRST_LEX,ZCTA_NN_HAVERSINE;NOT_ELIGIBILITY;NOT_USPS_VALIDITY;NO_INVENTORY
08033,EXACT_IMLS_OUTLET_ZIP,NJ0092,002,,EXACT_OUTLET;TIE_FSCSKEY_SEQ,EXACT_OUTLET;NOT_USPS_VALIDITY;NO_INVENTORY
08034,EXACT_IMLS_OUTLET_ZIP,NJ0087,002,,EXACT_OUTLET;TIE_FSCSKEY_SEQ,EXACT_OUTLET;NOT_USPS_VALIDITY;NO_INVENTORY
08035,EXACT_IMLS_OUTLET_ZIP,NJ0093,002,,EXACT_OUTLET;TIE_FSCSKEY_SEQ,EXACT_OUTLET;NOT_USPS_VALIDITY;NO_INVENTORY
08036,ZCTA_NEAREST_ACTIVE_OUTLET,NJ0070,002,4.306,ZCTA_NN;R6371;TIE_FIRST_LEX,ZCTA_NN_HAVERSINE;NOT_ELIGIBILITY;NOT_USPS_VALIDITY;NO_INVENTORY
08037,EXACT_IMLS_OUTLET_ZIP,NJ0001,009,,EXACT_OUTLET;TIE_FSCSKEY_SEQ,EXACT_OUTLET;NOT_USPS_VALIDITY;NO_INVENTORY
08038,ZCTA_NEAREST_ACTIVE_OUTLET,NJ0273,002,11.554,ZCTA_NN;R6371;TIE_FIRST_LEX,ZCTA_NN_HAVERSINE;NOT_ELIGIBILITY;NOT_USPS_VALIDITY;NO_INVENTORY
08039,ZCTA_NEAREST_ACTIVE_OUTLET,NJ0274,002,5.318,ZCTA_NN;R6371;TIE_FIRST_LEX,ZCTA_NN_HAVERSINE;NOT_ELIGIBILITY;NOT_USPS_VALIDITY;NO_INVENTORY
08041,ZCTA_NEAREST_ACTIVE_OUTLET,NJ0070,011,7.221,ZCTA_NN;R6371;TIE_FIRST_LEX,ZCTA_NN_HAVERSINE;NOT_ELIGIBILITY;NOT_USPS_VALIDITY;NO_INVENTORY
08042,ZCTA_NEAREST_ACTIVE_OUTLET,NJ0070,011,4.702,ZCTA_NN;R6371;TIE_FIRST_LEX,ZCTA_NN_HAVERSINE;NOT_ELIGIBILITY;NOT_USPS_VALIDITY;NO_INVENTORY
08043,EXACT_IMLS_OUTLET_ZIP,NJ0083,002,,EXACT_OUTLET;TIE_FSCSKEY_SEQ,EXACT_OUTLET;NOT_USPS_VALIDITY;NO_INVENTORY
08045,ZCTA_NEAREST_ACTIVE_OUTLET,NJ0093,002,3.035,ZCTA_NN;R6371;TIE_FIRST_LEX,ZCTA_NN_HAVERSINE;NOT_ELIGIBILITY;NOT_USPS_VALIDITY;NO_INVENTORY
08046,EXACT_IMLS_OUTLET_ZIP,NJ0082,002,,EXACT_OUTLET;TIE_FSCSKEY_SEQ,EXACT_OUTLET;NOT_USPS_VALIDITY;NO_INVENTORY
08048,ZCTA_NEAREST_ACTIVE_OUTLET,NJ0081,002,4.959,ZCTA_NN;R6371;TIE_FIRST_LEX,ZCTA_NN_HAVERSINE;NOT_ELIGIBILITY;NOT_USPS_VALIDITY;NO_INVENTORY
08049,ZCTA_NEAREST_ACTIVE_OUTLET,NJ0083,002,3.206,ZCTA_NN;R6371;TIE_FIRST_LEX,ZCTA_NN_HAVERSINE;NOT_ELIGIBILITY;NOT_USPS_VALIDITY;NO_INVENTORY
08050,EXACT_IMLS_OUTLET_ZIP,NJ0252,013,,EXACT_OUTLET;TIE_FSCSKEY_SEQ,EXACT_OUTLET;NOT_USPS_VALIDITY;NO_INVENTORY
08051,ZCTA_NEAREST_ACTIVE_OUTLET,NJ0142,002,2.473,ZCTA_NN;R6371;TIE_FIRST_LEX,ZCTA_NN_HAVERSINE;NOT_ELIGIBILITY;NOT_USPS_VALIDITY;NO_INVENTORY
08052,EXACT_IMLS_OUTLET_ZIP,NJ0070,012,,EXACT_OUTLET;TIE_FSCSKEY_SEQ,EXACT_OUTLET;NOT_USPS_VALIDITY;NO_INVENTORY
08053,EXACT_IMLS_OUTLET_ZIP,NJ0070,005,,EXACT_OUTLET;TIE_FSCSKEY_SEQ,EXACT_OUTLET;NOT_USPS_VALIDITY;NO_INVENTORY
08054,EXACT_IMLS_OUTLET_ZIP,NJ0078,002,,EXACT_OUTLET;TIE_FSCSKEY_SEQ,EXACT_OUTLET;NOT_USPS_VALIDITY;NO_INVENTORY
08055,EXACT_IMLS_OUTLET_ZIP,NJ0070,006,,EXACT_OUTLET;TIE_FSCSKEY_SEQ,EXACT_OUTLET;NOT_USPS_VALIDITY;NO_INVENTORY
08056,ZCTA_NEAREST_ACTIVE_OUTLET,NJ0130,007,3.873,ZCTA_NN;R6371;TIE_FIRST_LEX,ZCTA_NN_HAVERSINE;NOT_ELIGIBILITY;NOT_USPS_VALIDITY;NO_INVENTORY
08057,EXACT_IMLS_OUTLET_ZIP,NJ0076,002,,EXACT_OUTLET;TIE_FSCSKEY_SEQ,EXACT_OUTLET;NOT_USPS_VALIDITY;NO_INVENTORY
08059,ZCTA_NEAREST_ACTIVE_OUTLET,NJ0084,002,2.082,ZCTA_NN;R6371;TIE_FIRST_LEX,ZCTA_NN_HAVERSINE;NOT_ELIGIBILITY;NOT_USPS_VALIDITY;NO_INVENTORY
08060,EXACT_IMLS_OUTLET_ZIP,NJ0070,002,,EXACT_OUTLET;TIE_FSCSKEY_SEQ,EXACT_OUTLET;NOT_USPS_VALIDITY;NO_INVENTORY
08061,ZCTA_NEAREST_ACTIVE_OUTLET,NJ0138,002,4.521,ZCTA_NN;R6371;TIE_FIRST_LEX,ZCTA_NN_HAVERSINE;NOT_ELIGIBILITY;NOT_USPS_VALIDITY;NO_INVENTORY
08062,EXACT_IMLS_OUTLET_ZIP,NJ0130,002,,EXACT_OUTLET;TIE_FSCSKEY_SEQ,EXACT_OUTLET;NOT_USPS_VALIDITY;NO_INVENTORY
08063,ZCTA_NEAREST_ACTIVE_OUTLET,NJ0143,002,2.560,ZCTA_NN;R6371;TIE_FIRST_LEX,ZCTA_NN_HAVERSINE;NOT_ELIGIBILITY;NOT_USPS_VALIDITY;NO_INVENTORY
08064,ZCTA_NEAREST_ACTIVE_OUTLET,NJ0070,011,6.764,ZCTA_NN;R6371;TIE_FIRST_LEX,ZCTA_NN_HAVERSINE;NOT_ELIGIBILITY;NOT_USPS_VALIDITY;NO_INVENTORY
08065,ZCTA_NEAREST_ACTIVE_OUTLET,NJ0070,010,1.971,ZCTA_NN;R6371;TIE_FIRST_LEX,ZCTA_NN_HAVERSINE;NOT_ELIGIBILITY;NOT_USPS_VALIDITY;NO_INVENTORY
08066,EXACT_IMLS_OUTLET_ZIP,NJ0138,002,,EXACT_OUTLET;TIE_FSCSKEY_SEQ,EXACT_OUTLET;NOT_USPS_VALIDITY;NO_INVENTORY
08067,ZCTA_NEAREST_ACTIVE_OUTLET,DE0046,006,8.521,ZCTA_NN;R6371;TIE_FIRST_LEX,ZCTA_NN_HAVERSINE;NOT_ELIGIBILITY;NOT_USPS_VALIDITY;NO_INVENTORY
08068,EXACT_IMLS_OUTLET_ZIP,NJ0070,011,,EXACT_OUTLET;TIE_FSCSKEY_SEQ,EXACT_OUTLET;NOT_USPS_VALIDITY;NO_INVENTORY
08069,ZCTA_NEAREST_ACTIVE_OUTLET,DE0046,011,8.630,ZCTA_NN;R6371;TIE_FIRST_LEX,ZCTA_NN_HAVERSINE;NOT_ELIGIBILITY;NOT_USPS_VALIDITY;NO_INVENTORY
08070,EXACT_IMLS_OUTLET_ZIP,NJ0272,002,,EXACT_OUTLET;TIE_FSCSKEY_SEQ,EXACT_OUTLET;NOT_USPS_VALIDITY;NO_INVENTORY
08071,EXACT_IMLS_OUTLET_ZIP,NJ0139,002,,EXACT_OUTLET;TIE_FSCSKEY_SEQ,EXACT_OUTLET;NOT_USPS_VALIDITY;NO_INVENTORY
08072,ZCTA_NEAREST_ACTIVE_OUTLET,NJ0273,002,5.823,ZCTA_NN;R6371;TIE_FIRST_LEX,ZCTA_NN_HAVERSINE;NOT_ELIGIBILITY;NOT_USPS_VALIDITY;NO_INVENTORY
08073,ZCTA_NEAREST_ACTIVE_OUTLET,NJ0070,009,2.344,ZCTA_NN;R6371;TIE_FIRST_LEX,ZCTA_NN_HAVERSINE;NOT_ELIGIBILITY;NOT_USPS_VALIDITY;NO_INVENTORY
08074,ZCTA_NEAREST_ACTIVE_OUTLET,NJ0139,002,3.618,ZCTA_NN;R6371;TIE_FIRST_LEX,ZCTA_NN_HAVERSINE;NOT_ELIGIBILITY;NOT_USPS_VALIDITY;NO_INVENTORY
08075,EXACT_IMLS_OUTLET_ZIP,NJ0073,002,,EXACT_OUTLET;TIE_FSCSKEY_SEQ,EXACT_OUTLET;NOT_USPS_VALIDITY;NO_INVENTORY
08077,EXACT_IMLS_OUTLET_ZIP,NJ0070,004,,EXACT_OUTLET;TIE_FSCSKEY_SEQ,EXACT_OUTLET;NOT_USPS_VALIDITY;NO_INVENTORY
08078,EXACT_IMLS_OUTLET_ZIP,NJ0096,002,,EXACT_OUTLET;TIE_FSCSKEY_SEQ,EXACT_OUTLET;NOT_USPS_VALIDITY;NO_INVENTORY
08079,EXACT_IMLS_OUTLET_ZIP,NJ0273,002,,EXACT_OUTLET;TIE_FSCSKEY_SEQ,EXACT_OUTLET;NOT_USPS_VALIDITY;NO_INVENTORY
08080,EXACT_IMLS_OUTLET_ZIP,NJ0130,004,,EXACT_OUTLET;TIE_FSCSKEY_SEQ,EXACT_OUTLET;NOT_USPS_VALIDITY;NO_INVENTORY
08081,ZCTA_NEAREST_ACTIVE_OUTLET,NJ0136,002,4.898,ZCTA_NN;R6371;TIE_FIRST_LEX,ZCTA_NN_HAVERSINE;NOT_ELIGIBILITY;NOT_USPS_VALIDITY;NO_INVENTORY
08083,ZCTA_NEAREST_ACTIVE_OUTLET,NJ0098,002,2.055,ZCTA_NN;R6371;TIE_FIRST_LEX,ZCTA_NN_HAVERSINE;NOT_ELIGIBILITY;NOT_USPS_VALIDITY;NO_INVENTORY
08084,EXACT_IMLS_OUTLET_ZIP,NJ0098,002,,EXACT_OUTLET;TIE_FSCSKEY_SEQ,EXACT_OUTLET;NOT_USPS_VALIDITY;NO_INVENTORY
08085,EXACT_IMLS_OUTLET_ZIP,NJ0130,008,,EXACT_OUTLET;TIE_FSCSKEY_SEQ,EXACT_OUTLET;NOT_USPS_VALIDITY;NO_INVENTORY
08086,EXACT_IMLS_OUTLET_ZIP,NJ0143,002,,EXACT_OUTLET;TIE_FSCSKEY_SEQ,EXACT_OUTLET;NOT_USPS_VALIDITY;NO_INVENTORY
08087,EXACT_IMLS_OUTLET_ZIP,NJ0252,014,,EXACT_OUTLET;TIE_FSCSKEY_SEQ,EXACT_OUTLET;NOT_USPS_VALIDITY;NO_INVENTORY
08088,EXACT_IMLS_OUTLET_ZIP,NJ0081,002,,EXACT_OUTLET;TIE_FSCSKEY_SEQ,EXACT_OUTLET;NOT_USPS_VALIDITY;NO_INVENTORY
08089,ZCTA_NEAREST_ACTIVE_OUTLET,NJ0001,009,5.688,ZCTA_NN;R6371;TIE_FIRST_LEX,ZCTA_NN_HAVERSINE;NOT_ELIGIBILITY;NOT_USPS_VALIDITY;NO_INVENTORY
08090,EXACT_IMLS_OUTLET_ZIP,NJ0142,002,,EXACT_OUTLET;TIE_FSCSKEY_SEQ,EXACT_OUTLET;NOT_USPS_VALIDITY;NO_INVENTORY
08091,ZCTA_NEAREST_ACTIVE_OUTLET,NJ0085,002,1.421,ZCTA_NN;R6371;TIE_FIRST_LEX,ZCTA_NN_HAVERSINE;NOT_ELIGIBILITY;NOT_USPS_VALIDITY;NO_INVENTORY
08092,ZCTA_NEAREST_ACTIVE_OUTLET,NJ0252,013,6.129,ZCTA_NN;R6371;TIE_FIRST_LEX,ZCTA_NN_HAVERSINE;NOT_ELIGIBILITY;NOT_USPS_VALIDITY;NO_INVENTORY
08093,EXACT_IMLS_OUTLET_ZIP,NJ0144,002,,EXACT_OUTLET;TIE_FSCSKEY_SEQ,EXACT_OUTLET;NOT_USPS_VALIDITY;NO_INVENTORY
08094,EXACT_IMLS_OUTLET_ZIP,NJ0136,002,,EXACT_OUTLET;TIE_FSCSKEY_SEQ,EXACT_OUTLET;NOT_USPS_VALIDITY;NO_INVENTORY
08095,ZCTA_NEAREST_ACTIVE_OUTLET,NJ0001,009,2.241,ZCTA_NN;R6371;TIE_FIRST_LEX,ZCTA_NN_HAVERSINE;NOT_ELIGIBILITY;NOT_USPS_VALIDITY;NO_INVENTORY
08096,EXACT_IMLS_OUTLET_ZIP,NJ0131,002,,EXACT_OUTLET;TIE_FSCSKEY_SEQ,EXACT_OUTLET;NOT_USPS_VALIDITY;NO_INVENTORY
08097,ZCTA_NEAREST_ACTIVE_OUTLET,NJ0131,002,1.617,ZCTA_NN;R6371;TIE_FIRST_LEX,ZCTA_NN_HAVERSINE;NOT_ELIGIBILITY;NOT_USPS_VALIDITY;NO_INVENTORY
08098,EXACT_IMLS_OUTLET_ZIP,NJ0274,002,,EXACT_OUTLET;TIE_FSCSKEY_SEQ,EXACT_OUTLET;NOT_USPS_VALIDITY;NO_INVENTORY
08099,OBSERVED_REFERENCE_INDIRECT_ONLY,,,,INDIRECT_IMLS_SC;NO_FABRICATED_NEAREST,INDIRECT_IMLS_SC;NO_FABRICATED_NEAREST;NOT_REJECTED;NOT_USPS_VALIDITY;NO_INVENTORY
08101,OBSERVED_REFERENCE_INDIRECT_ONLY,,,,INDIRECT_IMLS_SC;NO_FABRICATED_NEAREST,INDIRECT_IMLS_SC;NO_FABRICATED_NEAREST;NOT_REJECTED;NOT_USPS_VALIDITY;NO_INVENTORY
08102,EXACT_IMLS_OUTLET_ZIP,NJ0083,009,,EXACT_OUTLET;TIE_FSCSKEY_SEQ,EXACT_OUTLET;NOT_USPS_VALIDITY;NO_INVENTORY
08103,ZCTA_NEAREST_ACTIVE_OUTLET,NJ0083,009,1.585,ZCTA_NN;R6371;TIE_FIRST_LEX,ZCTA_NN_HAVERSINE;NOT_ELIGIBILITY;NOT_USPS_VALIDITY;NO_INVENTORY
08104,EXACT_IMLS_OUTLET_ZIP,NJ0083,008,,EXACT_OUTLET;TIE_FSCSKEY_SEQ,EXACT_OUTLET;NOT_USPS_VALIDITY;NO_INVENTORY
08105,ZCTA_NEAREST_ACTIVE_OUTLET,NJ0083,009,2.121,ZCTA_NN;R6371;TIE_FIRST_LEX,ZCTA_NN_HAVERSINE;NOT_ELIGIBILITY;NOT_USPS_VALIDITY;NO_INVENTORY
08106,EXACT_IMLS_OUTLET_ZIP,NJ0084,002,,EXACT_OUTLET;TIE_FSCSKEY_SEQ,EXACT_OUTLET;NOT_USPS_VALIDITY;NO_INVENTORY
08107,EXACT_IMLS_OUTLET_ZIP,NJ0094,002,,EXACT_OUTLET;TIE_FSCSKEY_SEQ,EXACT_OUTLET;NOT_USPS_VALIDITY;NO_INVENTORY
08108,EXACT_IMLS_OUTLET_ZIP,NJ0083,004,,EXACT_OUTLET;TIE_FSCSKEY_SEQ,EXACT_OUTLET;NOT_USPS_VALIDITY;NO_INVENTORY
08109,EXACT_IMLS_OUTLET_ZIP,NJ0083,007,,EXACT_OUTLET;TIE_FSCSKEY_SEQ,EXACT_OUTLET;NOT_USPS_VALIDITY;NO_INVENTORY
08110,EXACT_IMLS_OUTLET_ZIP,NJ0095,002,,EXACT_OUTLET;TIE_FSCSKEY_SEQ,EXACT_OUTLET;NOT_USPS_VALIDITY;NO_INVENTORY
08201,EXACT_IMLS_OUTLET_ZIP,NJ0001,005,,EXACT_OUTLET;TIE_FSCSKEY_SEQ,EXACT_OUTLET;NOT_USPS_VALIDITY;NO_INVENTORY
08202,EXACT_IMLS_OUTLET_ZIP,NJ0315,001,,EXACT_OUTLET;TIE_FSCSKEY_SEQ,EXACT_OUTLET;NOT_USPS_VALIDITY;NO_INVENTORY
08203,EXACT_IMLS_OUTLET_ZIP,NJ0001,003,,EXACT_OUTLET;TIE_FSCSKEY_SEQ,EXACT_OUTLET;NOT_USPS_VALIDITY;NO_INVENTORY
08204,EXACT_IMLS_OUTLET_ZIP,NJ0100,010,,EXACT_OUTLET;TIE_FSCSKEY_SEQ,EXACT_OUTLET;NOT_USPS_VALIDITY;NO_INVENTORY
08205,ZCTA_NEAREST_ACTIVE_OUTLET,NJ0001,005,4.497,ZCTA_NN;R6371;TIE_FIRST_LEX,ZCTA_NN_HAVERSINE;NOT_ELIGIBILITY;NOT_USPS_VALIDITY;NO_INVENTORY
08210,EXACT_IMLS_OUTLET_ZIP,NJ0100,002,,EXACT_OUTLET;TIE_FSCSKEY_SEQ,EXACT_OUTLET;NOT_USPS_VALIDITY;NO_INVENTORY
08212,ZCTA_NEAREST_ACTIVE_OUTLET,NJ0100,010,3.870,ZCTA_NN;R6371;TIE_FIRST_LEX,ZCTA_NN_HAVERSINE;NOT_ELIGIBILITY;NOT_USPS_VALIDITY;NO_INVENTORY
08213,OBSERVED_REFERENCE_INDIRECT_ONLY,,,,INDIRECT_IMLS_SC;NO_FABRICATED_NEAREST,INDIRECT_IMLS_SC;NO_FABRICATED_NEAREST;NOT_REJECTED;NOT_USPS_VALIDITY;NO_INVENTORY
08214,OBSERVED_REFERENCE_INDIRECT_ONLY,,,,INDIRECT_IMLS_SC;NO_FABRICATED_NEAREST,INDIRECT_IMLS_SC;NO_FABRICATED_NEAREST;NOT_REJECTED;NOT_USPS_VALIDITY;NO_INVENTORY
08215,EXACT_IMLS_OUTLET_ZIP,NJ0001,013,,EXACT_OUTLET;TIE_FSCSKEY_SEQ,EXACT_OUTLET;NOT_USPS_VALIDITY;NO_INVENTORY
08217,ZCTA_NEAREST_ACTIVE_OUTLET,NJ0001,013,8.133,ZCTA_NN;R6371;TIE_FIRST_LEX,ZCTA_NN_HAVERSINE;NOT_ELIGIBILITY;NOT_USPS_VALIDITY;NO_INVENTORY
08218,OBSERVED_REFERENCE_INDIRECT_ONLY,,,,INDIRECT_IMLS_SC;NO_FABRICATED_NEAREST,INDIRECT_IMLS_SC;NO_FABRICATED_NEAREST;NOT_REJECTED;NOT_USPS_VALIDITY;NO_INVENTORY
08219,OBSERVED_REFERENCE_INDIRECT_ONLY,,,,INDIRECT_IMLS_SC;NO_FABRICATED_NEAREST,INDIRECT_IMLS_SC;NO_FABRICATED_NEAREST;NOT_REJECTED;NOT_USPS_VALIDITY;NO_INVENTORY
08220,OBSERVED_REFERENCE_INDIRECT_ONLY,,,,INDIRECT_IMLS_SC;NO_FABRICATED_NEAREST,INDIRECT_IMLS_SC;NO_FABRICATED_NEAREST;NOT_REJECTED;NOT_USPS_VALIDITY;NO_INVENTORY
08221,EXACT_IMLS_OUTLET_ZIP,NJ0004,002,,EXACT_OUTLET;TIE_FSCSKEY_SEQ,EXACT_OUTLET;NOT_USPS_VALIDITY;NO_INVENTORY
08223,ZCTA_NEAREST_ACTIVE_OUTLET,NJ0102,002,5.735,ZCTA_NN;R6371;TIE_FIRST_LEX,ZCTA_NN_HAVERSINE;NOT_ELIGIBILITY;NOT_USPS_VALIDITY;NO_INVENTORY
08224,EXACT_IMLS_OUTLET_ZIP,NJ9009,001,,EXACT_OUTLET;TIE_FSCSKEY_SEQ,EXACT_OUTLET;NOT_USPS_VALIDITY;NO_INVENTORY
08225,EXACT_IMLS_OUTLET_ZIP,NJ0006,002,,EXACT_OUTLET;TIE_FSCSKEY_SEQ,EXACT_OUTLET;NOT_USPS_VALIDITY;NO_INVENTORY
08226,EXACT_IMLS_OUTLET_ZIP,NJ0102,002,,EXACT_OUTLET;TIE_FSCSKEY_SEQ,EXACT_OUTLET;NOT_USPS_VALIDITY;NO_INVENTORY
08230,ZCTA_NEAREST_ACTIVE_OUTLET,NJ0100,005,5.024,ZCTA_NN;R6371;TIE_FIRST_LEX,ZCTA_NN_HAVERSINE;NOT_ELIGIBILITY;NOT_USPS_VALIDITY;NO_INVENTORY
08232,EXACT_IMLS_OUTLET_ZIP,NJ0001,007,,EXACT_OUTLET;TIE_FSCSKEY_SEQ,EXACT_OUTLET;NOT_USPS_VALIDITY;NO_INVENTORY
08234,EXACT_IMLS_OUTLET_ZIP,NJ0001,004,,EXACT_OUTLET;TIE_FSCSKEY_SEQ,EXACT_OUTLET;NOT_USPS_VALIDITY;NO_INVENTORY
08240,ZCTA_NEAREST_ACTIVE_OUTLET,NJ0001,005,4.025,ZCTA_NN;R6371;TIE_FIRST_LEX,ZCTA_NN_HAVERSINE;NOT_ELIGIBILITY;NOT_USPS_VALIDITY;NO_INVENTORY
08241,ZCTA_NEAREST_ACTIVE_OUTLET,NJ9009,001,6.932,ZCTA_NN;R6371;TIE_FIRST_LEX,ZCTA_NN_HAVERSINE;NOT_ELIGIBILITY;NOT_USPS_VALIDITY;NO_INVENTORY
08242,ZCTA_NEAREST_ACTIVE_OUTLET,NJ0100,004,4.453,ZCTA_NN;R6371;TIE_FIRST_LEX,ZCTA_NN_HAVERSINE;NOT_ELIGIBILITY;NOT_USPS_VALIDITY;NO_INVENTORY
08243,EXACT_IMLS_OUTLET_ZIP,NJ0100,005,,EXACT_OUTLET;TIE_FSCSKEY_SEQ,EXACT_OUTLET;NOT_USPS_VALIDITY;NO_INVENTORY
08244,EXACT_IMLS_OUTLET_ZIP,NJ0001,011,,EXACT_OUTLET;TIE_FSCSKEY_SEQ,EXACT_OUTLET;NOT_USPS_VALIDITY;NO_INVENTORY
08245,ZCTA_NEAREST_ACTIVE_OUTLET,NJ0100,012,6.526,ZCTA_NN;R6371;TIE_FIRST_LEX,ZCTA_NN_HAVERSINE;NOT_ELIGIBILITY;NOT_USPS_VALIDITY;NO_INVENTORY
08246,ZCTA_NEAREST_ACTIVE_OUTLET,NJ0100,005,6.935,ZCTA_NN;R6371;TIE_FIRST_LEX,ZCTA_NN_HAVERSINE;NOT_ELIGIBILITY;NOT_USPS_VALIDITY;NO_INVENTORY
08247,EXACT_IMLS_OUTLET_ZIP,NJ0100,006,,EXACT_OUTLET;TIE_FSCSKEY_SEQ,EXACT_OUTLET;NOT_USPS_VALIDITY;NO_INVENTORY
08248,ZCTA_NEAREST_ACTIVE_OUTLET,NJ0100,005,5.330,ZCTA_NN;R6371;TIE_FIRST_LEX,ZCTA_NN_HAVERSINE;NOT_ELIGIBILITY;NOT_USPS_VALIDITY;NO_INVENTORY
08250,EXACT_IMLS_OUTLET_ZIP,NJ0100,007,,EXACT_OUTLET;TIE_FSCSKEY_SEQ,EXACT_OUTLET;NOT_USPS_VALIDITY;NO_INVENTORY
08251,EXACT_IMLS_OUTLET_ZIP,NJ0100,004,,EXACT_OUTLET;TIE_FSCSKEY_SEQ,EXACT_OUTLET;NOT_USPS_VALIDITY;NO_INVENTORY
08252,OBSERVED_REFERENCE_INDIRECT_ONLY,,,,INDIRECT_IMLS_SC;NO_FABRICATED_NEAREST,INDIRECT_IMLS_SC;NO_FABRICATED_NEAREST;NOT_REJECTED;NOT_USPS_VALIDITY;NO_INVENTORY
08260,EXACT_IMLS_OUTLET_ZIP,NJ0100,011,,EXACT_OUTLET;TIE_FSCSKEY_SEQ,EXACT_OUTLET;NOT_USPS_VALIDITY;NO_INVENTORY
08270,EXACT_IMLS_OUTLET_ZIP,NJ0100,012,,EXACT_OUTLET;TIE_FSCSKEY_SEQ,EXACT_OUTLET;NOT_USPS_VALIDITY;NO_INVENTORY
08302,EXACT_IMLS_OUTLET_ZIP,NJ0104,002,,EXACT_OUTLET;TIE_FSCSKEY_SEQ,EXACT_OUTLET;NOT_USPS_VALIDITY;NO_INVENTORY
08310,ZCTA_NEAREST_ACTIVE_OUTLET,NJ0137,002,10.715,ZCTA_NN;R6371;TIE_FIRST_LEX,ZCTA_NN_HAVERSINE;NOT_ELIGIBILITY;NOT_USPS_VALIDITY;NO_INVENTORY
08311,ZCTA_NEAREST_ACTIVE_OUTLET,NJ0104,002,10.607,ZCTA_NN;R6371;TIE_FIRST_LEX,ZCTA_NN_HAVERSINE;NOT_ELIGIBILITY;NOT_USPS_VALIDITY;NO_INVENTORY
08312,ZCTA_NEAREST_ACTIVE_OUTLET,NJ0133,002,4.939,ZCTA_NN;R6371;TIE_FIRST_LEX,ZCTA_NN_HAVERSINE;NOT_ELIGIBILITY;NOT_USPS_VALIDITY;NO_INVENTORY
08314,ZCTA_NEAREST_ACTIVE_OUTLET,NJ0100,012,10.632,ZCTA_NN;R6371;TIE_FIRST_LEX,ZCTA_NN_HAVERSINE;NOT_ELIGIBILITY;NOT_USPS_VALIDITY;NO_INVENTORY
08315,OBSERVED_REFERENCE_INDIRECT_ONLY,,,,INDIRECT_IMLS_SC;NO_FABRICATED_NEAREST,INDIRECT_IMLS_SC;NO_FABRICATED_NEAREST;NOT_REJECTED;NOT_USPS_VALIDITY;NO_INVENTORY
08316,ZCTA_NEAREST_ACTIVE_OUTLET,NJ0100,012,11.525,ZCTA_NN;R6371;TIE_FIRST_LEX,ZCTA_NN_HAVERSINE;NOT_ELIGIBILITY;NOT_USPS_VALIDITY;NO_INVENTORY
08317,ZCTA_NEAREST_ACTIVE_OUTLET,NJ0001,002,10.547,ZCTA_NN;R6371;TIE_FIRST_LEX,ZCTA_NN_HAVERSINE;NOT_ELIGIBILITY;NOT_USPS_VALIDITY;NO_INVENTORY
08318,EXACT_IMLS_OUTLET_ZIP,NJ0270,002,,EXACT_OUTLET;TIE_FSCSKEY_SEQ,EXACT_OUTLET;NOT_USPS_VALIDITY;NO_INVENTORY
08319,ZCTA_NEAREST_ACTIVE_OUTLET,NJ0100,007,10.109,ZCTA_NN;R6371;TIE_FIRST_LEX,ZCTA_NN_HAVERSINE;NOT_ELIGIBILITY;NOT_USPS_VALIDITY;NO_INVENTORY
08320,ZCTA_NEAREST_ACTIVE_OUTLET,NJ0104,002,5.804,ZCTA_NN;R6371;TIE_FIRST_LEX,ZCTA_NN_HAVERSINE;NOT_ELIGIBILITY;NOT_USPS_VALIDITY;NO_INVENTORY
08321,ZCTA_NEAREST_ACTIVE_OUTLET,NJ0108,002,21.427,ZCTA_NN;R6371;TIE_FIRST_LEX,ZCTA_NN_HAVERSINE;NOT_ELIGIBILITY;NOT_USPS_VALIDITY;NO_INVENTORY
08322,EXACT_IMLS_OUTLET_ZIP,NJ0133,002,,EXACT_OUTLET;TIE_FSCSKEY_SEQ,EXACT_OUTLET;NOT_USPS_VALIDITY;NO_INVENTORY
08323,ZCTA_NEAREST_ACTIVE_OUTLET,NJ0105,002,12.457,ZCTA_NN;R6371;TIE_FIRST_LEX,ZCTA_NN_HAVERSINE;NOT_ELIGIBILITY;NOT_USPS_VALIDITY;NO_INVENTORY
08324,ZCTA_NEAREST_ACTIVE_OUTLET,NJ0100,012,16.190,ZCTA_NN;R6371;TIE_FIRST_LEX,ZCTA_NN_HAVERSINE;NOT_ELIGIBILITY;NOT_USPS_VALIDITY;NO_INVENTORY
08326,ZCTA_NEAREST_ACTIVE_OUTLET,NJ0137,002,7.978,ZCTA_NN;R6371;TIE_FIRST_LEX,ZCTA_NN_HAVERSINE;NOT_ELIGIBILITY;NOT_USPS_VALIDITY;NO_INVENTORY
08327,ZCTA_NEAREST_ACTIVE_OUTLET,NJ0100,012,11.653,ZCTA_NN;R6371;TIE_FIRST_LEX,ZCTA_NN_HAVERSINE;NOT_ELIGIBILITY;NOT_USPS_VALIDITY;NO_INVENTORY
08328,ZCTA_NEAREST_ACTIVE_OUTLET,NJ0133,002,4.571,ZCTA_NN;R6371;TIE_FIRST_LEX,ZCTA_NN_HAVERSINE;NOT_ELIGIBILITY;NOT_USPS_VALIDITY;NO_INVENTORY
08329,ZCTA_NEAREST_ACTIVE_OUTLET,NJ0108,002,12.918,ZCTA_NN;R6371;TIE_FIRST_LEX,ZCTA_NN_HAVERSINE;NOT_ELIGIBILITY;NOT_USPS_VALIDITY;NO_INVENTORY
08330,EXACT_IMLS_OUTLET_ZIP,NJ0001,002,,EXACT_OUTLET;TIE_FSCSKEY_SEQ,EXACT_OUTLET;NOT_USPS_VALIDITY;NO_INVENTORY
08332,EXACT_IMLS_OUTLET_ZIP,NJ0108,002,,EXACT_OUTLET;TIE_FSCSKEY_SEQ,EXACT_OUTLET;NOT_USPS_VALIDITY;NO_INVENTORY
08340,ZCTA_NEAREST_ACTIVE_OUTLET,NJ0108,002,11.427,ZCTA_NN;R6371;TIE_FIRST_LEX,ZCTA_NN_HAVERSINE;NOT_ELIGIBILITY;NOT_USPS_VALIDITY;NO_INVENTORY
08341,ZCTA_NEAREST_ACTIVE_OUTLET,NJ0137,002,6.126,ZCTA_NN;R6371;TIE_FIRST_LEX,ZCTA_NN_HAVERSINE;NOT_ELIGIBILITY;NOT_USPS_VALIDITY;NO_INVENTORY
08342,OBSERVED_REFERENCE_INDIRECT_ONLY,,,,INDIRECT_IMLS_SC;NO_FABRICATED_NEAREST,INDIRECT_IMLS_SC;NO_FABRICATED_NEAREST;NOT_REJECTED;NOT_USPS_VALIDITY;NO_INVENTORY
08343,ZCTA_NEAREST_ACTIVE_OUTLET,NJ0270,002,4.768,ZCTA_NN;R6371;TIE_FIRST_LEX,ZCTA_NN_HAVERSINE;NOT_ELIGIBILITY;NOT_USPS_VALIDITY;NO_INVENTORY
08344,EXACT_IMLS_OUTLET_ZIP,NJ0137,002,,EXACT_OUTLET;TIE_FSCSKEY_SEQ,EXACT_OUTLET;NOT_USPS_VALIDITY;NO_INVENTORY
08345,ZCTA_NEAREST_ACTIVE_OUTLET,NJ0108,002,15.145,ZCTA_NN;R6371;TIE_FIRST_LEX,ZCTA_NN_HAVERSINE;NOT_ELIGIBILITY;NOT_USPS_VALIDITY;NO_INVENTORY
08346,ZCTA_NEAREST_ACTIVE_OUTLET,NJ0001,009,11.076,ZCTA_NN;R6371;TIE_FIRST_LEX,ZCTA_NN_HAVERSINE;NOT_ELIGIBILITY;NOT_USPS_VALIDITY;NO_INVENTORY
08347,OBSERVED_REFERENCE_INDIRECT_ONLY,,,,INDIRECT_IMLS_SC;NO_FABRICATED_NEAREST,INDIRECT_IMLS_SC;NO_FABRICATED_NEAREST;NOT_REJECTED;NOT_USPS_VALIDITY;NO_INVENTORY
08348,ZCTA_NEAREST_ACTIVE_OUTLET,NJ0108,002,11.530,ZCTA_NN;R6371;TIE_FIRST_LEX,ZCTA_NN_HAVERSINE;NOT_ELIGIBILITY;NOT_USPS_VALIDITY;NO_INVENTORY
08349,ZCTA_NEAREST_ACTIVE_OUTLET,NJ0108,002,15.441,ZCTA_NN;R6371;TIE_FIRST_LEX,ZCTA_NN_HAVERSINE;NOT_ELIGIBILITY;NOT_USPS_VALIDITY;NO_INVENTORY
08350,ZCTA_NEAREST_ACTIVE_OUTLET,NJ0109,002,11.653,ZCTA_NN;R6371;TIE_FIRST_LEX,ZCTA_NN_HAVERSINE;NOT_ELIGIBILITY;NOT_USPS_VALIDITY;NO_INVENTORY
08352,ZCTA_NEAREST_ACTIVE_OUTLET,NJ0104,002,8.958,ZCTA_NN;R6371;TIE_FIRST_LEX,ZCTA_NN_HAVERSINE;NOT_ELIGIBILITY;NOT_USPS_VALIDITY;NO_INVENTORY
08353,ZCTA_NEAREST_ACTIVE_OUTLET,NJ0105,002,6.412,ZCTA_NN;R6371;TIE_FIRST_LEX,ZCTA_NN_HAVERSINE;NOT_ELIGIBILITY;NOT_USPS_VALIDITY;NO_INVENTORY
08360,EXACT_IMLS_OUTLET_ZIP,NJ0109,002,,EXACT_OUTLET;TIE_FSCSKEY_SEQ,EXACT_OUTLET;NOT_USPS_VALIDITY;NO_INVENTORY
08361,ZCTA_NEAREST_ACTIVE_OUTLET,NJ0109,002,5.900,ZCTA_NN;R6371;TIE_FIRST_LEX,ZCTA_NN_HAVERSINE;NOT_ELIGIBILITY;NOT_USPS_VALIDITY;NO_INVENTORY
08362,OBSERVED_REFERENCE_INDIRECT_ONLY,,,,INDIRECT_IMLS_SC;NO_FABRICATED_NEAREST,INDIRECT_IMLS_SC;NO_FABRICATED_NEAREST;NOT_REJECTED;NOT_USPS_VALIDITY;NO_INVENTORY
08401,EXACT_IMLS_OUTLET_ZIP,NJ0003,002,,EXACT_OUTLET;TIE_FSCSKEY_SEQ,EXACT_OUTLET;NOT_USPS_VALIDITY;NO_INVENTORY
08402,EXACT_IMLS_OUTLET_ZIP,NJ0005,002,,EXACT_OUTLET;TIE_FSCSKEY_SEQ,EXACT_OUTLET;NOT_USPS_VALIDITY;NO_INVENTORY
08403,EXACT_IMLS_OUTLET_ZIP,NJ9015,001,,EXACT_OUTLET;TIE_FSCSKEY_SEQ,EXACT_OUTLET;NOT_USPS_VALIDITY;NO_INVENTORY
08405,OBSERVED_REFERENCE_INDIRECT_ONLY,,,,INDIRECT_IMLS_SC;NO_FABRICATED_NEAREST,INDIRECT_IMLS_SC;NO_FABRICATED_NEAREST;NOT_REJECTED;NOT_USPS_VALIDITY;NO_INVENTORY
08406,EXACT_IMLS_OUTLET_ZIP,NJ0001,008,,EXACT_OUTLET;TIE_FSCSKEY_SEQ,EXACT_OUTLET;NOT_USPS_VALIDITY;NO_INVENTORY
08501,EXACT_IMLS_OUTLET_ZIP,NJ0195,003,,EXACT_OUTLET;TIE_FSCSKEY_SEQ,EXACT_OUTLET;NOT_USPS_VALIDITY;NO_INVENTORY
08502,EXACT_IMLS_OUTLET_ZIP,NJ0275,003,,EXACT_OUTLET;TIE_FSCSKEY_SEQ,EXACT_OUTLET;NOT_USPS_VALIDITY;NO_INVENTORY
08504,OBSERVED_REFERENCE_INDIRECT_ONLY,,,,INDIRECT_IMLS_SC;NO_FABRICATED_NEAREST,INDIRECT_IMLS_SC;NO_FABRICATED_NEAREST;NOT_REJECTED;NOT_USPS_VALIDITY;NO_INVENTORY
08505,EXACT_IMLS_OUTLET_ZIP,NJ0070,003,,EXACT_OUTLET;TIE_FSCSKEY_SEQ,EXACT_OUTLET;NOT_USPS_VALIDITY;NO_INVENTORY
08510,ZCTA_NEAREST_ACTIVE_OUTLET,NJ0165,008,10.126,ZCTA_NN;R6371;TIE_FIRST_LEX,ZCTA_NN_HAVERSINE;NOT_ELIGIBILITY;NOT_USPS_VALIDITY;NO_INVENTORY
08511,ZCTA_NEAREST_ACTIVE_OUTLET,NJ0252,011,3.078,ZCTA_NN;R6371;TIE_FIRST_LEX,ZCTA_NN_HAVERSINE;NOT_ELIGIBILITY;NOT_USPS_VALIDITY;NO_INVENTORY
08512,EXACT_IMLS_OUTLET_ZIP,NJ0172,002,,EXACT_OUTLET;TIE_FSCSKEY_SEQ,EXACT_OUTLET;NOT_USPS_VALIDITY;NO_INVENTORY
08514,ZCTA_NEAREST_ACTIVE_OUTLET,NJ0252,011,8.072,ZCTA_NN;R6371;TIE_FIRST_LEX,ZCTA_NN_HAVERSINE;NOT_ELIGIBILITY;NOT_USPS_VALIDITY;NO_INVENTORY
08515,EXACT_IMLS_OUTLET_ZIP,NJ0072,002,,EXACT_OUTLET;TIE_FSCSKEY_SEQ,EXACT_OUTLET;NOT_USPS_VALIDITY;NO_INVENTORY
08518,ZCTA_NEAREST_ACTIVE_OUTLET,NJ0075,002,2.254,ZCTA_NN;R6371;TIE_FIRST_LEX,ZCTA_NN_HAVERSINE;NOT_ELIGIBILITY;NOT_USPS_VALIDITY;NO_INVENTORY
08520,EXACT_IMLS_OUTLET_ZIP,NJ0165,003,,EXACT_OUTLET;TIE_FSCSKEY_SEQ,EXACT_OUTLET;NOT_USPS_VALIDITY;NO_INVENTORY
08525,EXACT_IMLS_OUTLET_ZIP,NJ0167,002,,EXACT_OUTLET;TIE_FSCSKEY_SEQ,EXACT_OUTLET;NOT_USPS_VALIDITY;NO_INVENTORY
08527,EXACT_IMLS_OUTLET_ZIP,NJ0252,008,,EXACT_OUTLET;TIE_FSCSKEY_SEQ,EXACT_OUTLET;NOT_USPS_VALIDITY;NO_INVENTORY
08528,ZCTA_NEAREST_ACTIVE_OUTLET,NJ0275,004,2.312,ZCTA_NN;R6371;TIE_FIRST_LEX,ZCTA_NN_HAVERSINE;NOT_ELIGIBILITY;NOT_USPS_VALIDITY;NO_INVENTORY
08530,EXACT_IMLS_OUTLET_ZIP,NJ0162,002,,EXACT_OUTLET;TIE_FSCSKEY_SEQ,EXACT_OUTLET;NOT_USPS_VALIDITY;NO_INVENTORY
08533,EXACT_IMLS_OUTLET_ZIP,NJ0252,011,,EXACT_OUTLET;TIE_FSCSKEY_SEQ,EXACT_OUTLET;NOT_USPS_VALIDITY;NO_INVENTORY
08534,EXACT_IMLS_OUTLET_ZIP,NJ0165,007,,EXACT_OUTLET;TIE_FSCSKEY_SEQ,EXACT_OUTLET;NOT_USPS_VALIDITY;NO_INVENTORY
08535,ZCTA_NEAREST_ACTIVE_OUTLET,NJ0165,008,5.976,ZCTA_NN;R6371;TIE_FIRST_LEX,ZCTA_NN_HAVERSINE;NOT_ELIGIBILITY;NOT_USPS_VALIDITY;NO_INVENTORY
08536,EXACT_IMLS_OUTLET_ZIP,NJ0187,002,,EXACT_OUTLET;TIE_FSCSKEY_SEQ,EXACT_OUTLET;NOT_USPS_VALIDITY;NO_INVENTORY
08540,ZCTA_NEAREST_ACTIVE_OUTLET,NJ0169,002,1.503,ZCTA_NN;R6371;TIE_FIRST_LEX,ZCTA_NN_HAVERSINE;NOT_ELIGIBILITY;NOT_USPS_VALIDITY;NO_INVENTORY
08541,OBSERVED_REFERENCE_INDIRECT_ONLY,,,,INDIRECT_IMLS_SC;NO_FABRICATED_NEAREST,INDIRECT_IMLS_SC;NO_FABRICATED_NEAREST;NOT_REJECTED;NOT_USPS_VALIDITY;NO_INVENTORY
08542,EXACT_IMLS_OUTLET_ZIP,NJ0169,002,,EXACT_OUTLET;TIE_FSCSKEY_SEQ,EXACT_OUTLET;NOT_USPS_VALIDITY;NO_INVENTORY
08543,OBSERVED_REFERENCE_INDIRECT_ONLY,,,,INDIRECT_IMLS_SC;NO_FABRICATED_NEAREST,INDIRECT_IMLS_SC;NO_FABRICATED_NEAREST;NOT_REJECTED;NOT_USPS_VALIDITY;NO_INVENTORY
08544,ZCTA_NEAREST_ACTIVE_OUTLET,NJ0169,002,0.613,ZCTA_NN;R6371;TIE_FIRST_LEX,ZCTA_NN_HAVERSINE;NOT_ELIGIBILITY;NOT_USPS_VALIDITY;NO_INVENTORY
08550,EXACT_IMLS_OUTLET_ZIP,NJ0165,010,,EXACT_OUTLET;TIE_FSCSKEY_SEQ,EXACT_OUTLET;NOT_USPS_VALIDITY;NO_INVENTORY
08551,ZCTA_NEAREST_ACTIVE_OUTLET,NJ0158,002,7.129,ZCTA_NN;R6371;TIE_FIRST_LEX,ZCTA_NN_HAVERSINE;NOT_ELIGIBILITY;NOT_USPS_VALIDITY;NO_INVENTORY
08553,EXACT_IMLS_OUTLET_ZIP,NJ0275,004,,EXACT_OUTLET;TIE_FSCSKEY_SEQ,EXACT_OUTLET;NOT_USPS_VALIDITY;NO_INVENTORY
08554,EXACT_IMLS_OUTLET_ZIP,NJ0075,002,,EXACT_OUTLET;TIE_FSCSKEY_SEQ,EXACT_OUTLET;NOT_USPS_VALIDITY;NO_INVENTORY
08555,ZCTA_NEAREST_ACTIVE_OUTLET,NJ0165,008,5.095,ZCTA_NN;R6371;TIE_FIRST_LEX,ZCTA_NN_HAVERSINE;NOT_ELIGIBILITY;NOT_USPS_VALIDITY;NO_INVENTORY
08556,OBSERVED_REFERENCE_INDIRECT_ONLY,,,,INDIRECT_IMLS_SC;NO_FABRICATED_NEAREST,INDIRECT_IMLS_SC;NO_FABRICATED_NEAREST;NOT_REJECTED;NOT_USPS_VALIDITY;NO_INVENTORY
08557,OBSERVED_REFERENCE_INDIRECT_ONLY,,,,INDIRECT_IMLS_SC;NO_FABRICATED_NEAREST,INDIRECT_IMLS_SC;NO_FABRICATED_NEAREST;NOT_REJECTED;NOT_USPS_VALIDITY;NO_INVENTORY
08558,EXACT_IMLS_OUTLET_ZIP,NJ0275,012,,EXACT_OUTLET;TIE_FSCSKEY_SEQ,EXACT_OUTLET;NOT_USPS_VALIDITY;NO_INVENTORY
08559,ZCTA_NEAREST_ACTIVE_OUTLET,NJ0156,007,7.989,ZCTA_NN;R6371;TIE_FIRST_LEX,ZCTA_NN_HAVERSINE;NOT_ELIGIBILITY;NOT_USPS_VALIDITY;NO_INVENTORY
08560,ZCTA_NEAREST_ACTIVE_OUTLET,NJ0165,007,4.868,ZCTA_NN;R6371;TIE_FIRST_LEX,ZCTA_NN_HAVERSINE;NOT_ELIGIBILITY;NOT_USPS_VALIDITY;NO_INVENTORY
08561,ZCTA_NEAREST_ACTIVE_OUTLET,NJ0165,003,2.810,ZCTA_NN;R6371;TIE_FIRST_LEX,ZCTA_NN_HAVERSINE;NOT_ELIGIBILITY;NOT_USPS_VALIDITY;NO_INVENTORY
08562,ZCTA_NEAREST_ACTIVE_OUTLET,NJ0252,011,5.242,ZCTA_NN;R6371;TIE_FIRST_LEX,ZCTA_NN_HAVERSINE;NOT_ELIGIBILITY;NOT_USPS_VALIDITY;NO_INVENTORY
08601,OBSERVED_REFERENCE_INDIRECT_ONLY,,,,INDIRECT_IMLS_SC;NO_FABRICATED_NEAREST,INDIRECT_IMLS_SC;NO_FABRICATED_NEAREST;NOT_REJECTED;NOT_USPS_VALIDITY;NO_INVENTORY
08607,OBSERVED_REFERENCE_INDIRECT_ONLY,,,,INDIRECT_IMLS_SC;NO_FABRICATED_NEAREST,INDIRECT_IMLS_SC;NO_FABRICATED_NEAREST;NOT_REJECTED;NOT_USPS_VALIDITY;NO_INVENTORY
08608,EXACT_IMLS_OUTLET_ZIP,NJ0170,002,,EXACT_OUTLET;TIE_FSCSKEY_SEQ,EXACT_OUTLET;NOT_USPS_VALIDITY;NO_INVENTORY
08609,ZCTA_NEAREST_ACTIVE_OUTLET,NJ0170,002,1.947,ZCTA_NN;R6371;TIE_FIRST_LEX,ZCTA_NN_HAVERSINE;NOT_ELIGIBILITY;NOT_USPS_VALIDITY;NO_INVENTORY
08610,ZCTA_NEAREST_ACTIVE_OUTLET,NJ0166,002,2.723,ZCTA_NN;R6371;TIE_FIRST_LEX,ZCTA_NN_HAVERSINE;NOT_ELIGIBILITY;NOT_USPS_VALIDITY;NO_INVENTORY
08611,ZCTA_NEAREST_ACTIVE_OUTLET,PA0311,002,4.536,ZCTA_NN;R6371;TIE_FIRST_LEX,ZCTA_NN_HAVERSINE;NOT_ELIGIBILITY;NOT_USPS_VALIDITY;NO_INVENTORY
08618,ZCTA_NEAREST_ACTIVE_OUTLET,NJ0165,004,2.241,ZCTA_NN;R6371;TIE_FIRST_LEX,ZCTA_NN_HAVERSINE;NOT_ELIGIBILITY;NOT_USPS_VALIDITY;NO_INVENTORY
08619,EXACT_IMLS_OUTLET_ZIP,NJ0166,002,,EXACT_OUTLET;TIE_FSCSKEY_SEQ,EXACT_OUTLET;NOT_USPS_VALIDITY;NO_INVENTORY
08620,ZCTA_NEAREST_ACTIVE_OUTLET,NJ0072,002,1.915,ZCTA_NN;R6371;TIE_FIRST_LEX,ZCTA_NN_HAVERSINE;NOT_ELIGIBILITY;NOT_USPS_VALIDITY;NO_INVENTORY
08625,OBSERVED_REFERENCE_INDIRECT_ONLY,,,,INDIRECT_IMLS_SC;NO_FABRICATED_NEAREST,INDIRECT_IMLS_SC;NO_FABRICATED_NEAREST;NOT_REJECTED;NOT_USPS_VALIDITY;NO_INVENTORY
08628,EXACT_IMLS_OUTLET_ZIP,NJ0165,004,,EXACT_OUTLET;TIE_FSCSKEY_SEQ,EXACT_OUTLET;NOT_USPS_VALIDITY;NO_INVENTORY
08629,ZCTA_NEAREST_ACTIVE_OUTLET,NJ0170,002,2.729,ZCTA_NN;R6371;TIE_FIRST_LEX,ZCTA_NN_HAVERSINE;NOT_ELIGIBILITY;NOT_USPS_VALIDITY;NO_INVENTORY
08638,EXACT_IMLS_OUTLET_ZIP,NJ0165,006,,EXACT_OUTLET;TIE_FSCSKEY_SEQ,EXACT_OUTLET;NOT_USPS_VALIDITY;NO_INVENTORY
08640,ZCTA_NEAREST_ACTIVE_OUTLET,NJ0252,011,7.111,ZCTA_NN;R6371;TIE_FIRST_LEX,ZCTA_NN_HAVERSINE;NOT_ELIGIBILITY;NOT_USPS_VALIDITY;NO_INVENTORY
08641,ZCTA_NEAREST_ACTIVE_OUTLET,NJ0252,011,6.600,ZCTA_NN;R6371;TIE_FIRST_LEX,ZCTA_NN_HAVERSINE;NOT_ELIGIBILITY;NOT_USPS_VALIDITY;NO_INVENTORY
08646,OBSERVED_REFERENCE_INDIRECT_ONLY,,,,INDIRECT_IMLS_SC;NO_FABRICATED_NEAREST,INDIRECT_IMLS_SC;NO_FABRICATED_NEAREST;NOT_REJECTED;NOT_USPS_VALIDITY;NO_INVENTORY
08648,EXACT_IMLS_OUTLET_ZIP,NJ0165,002,,EXACT_OUTLET;TIE_FSCSKEY_SEQ,EXACT_OUTLET;NOT_USPS_VALIDITY;NO_INVENTORY
08650,OBSERVED_REFERENCE_INDIRECT_ONLY,,,,INDIRECT_IMLS_SC;NO_FABRICATED_NEAREST,INDIRECT_IMLS_SC;NO_FABRICATED_NEAREST;NOT_REJECTED;NOT_USPS_VALIDITY;NO_INVENTORY
08690,ZCTA_NEAREST_ACTIVE_OUTLET,NJ0166,002,3.350,ZCTA_NN;R6371;TIE_FIRST_LEX,ZCTA_NN_HAVERSINE;NOT_ELIGIBILITY;NOT_USPS_VALIDITY;NO_INVENTORY
08691,EXACT_IMLS_OUTLET_ZIP,NJ0165,009,,EXACT_OUTLET;TIE_FSCSKEY_SEQ,EXACT_OUTLET;NOT_USPS_VALIDITY;NO_INVENTORY
08701,EXACT_IMLS_OUTLET_ZIP,NJ0252,022,,EXACT_OUTLET;TIE_FSCSKEY_SEQ,EXACT_OUTLET;NOT_USPS_VALIDITY;NO_INVENTORY
08720,ZCTA_NEAREST_ACTIVE_OUTLET,NJ0195,012,4.784,ZCTA_NN;R6371;TIE_FIRST_LEX,ZCTA_NN_HAVERSINE;NOT_ELIGIBILITY;NOT_USPS_VALIDITY;NO_INVENTORY
08721,EXACT_IMLS_OUTLET_ZIP,NJ0252,005,,EXACT_OUTLET;TIE_FSCSKEY_SEQ,EXACT_OUTLET;NOT_USPS_VALIDITY;NO_INVENTORY
08722,EXACT_IMLS_OUTLET_ZIP,NJ0252,004,,EXACT_OUTLET;TIE_FSCSKEY_SEQ,EXACT_OUTLET;NOT_USPS_VALIDITY;NO_INVENTORY
08723,EXACT_IMLS_OUTLET_ZIP,NJ0252,006,,EXACT_OUTLET;TIE_FSCSKEY_SEQ,EXACT_OUTLET;NOT_USPS_VALIDITY;NO_INVENTORY
08724,ZCTA_NEAREST_ACTIVE_OUTLET,NJ0252,006,3.689,ZCTA_NN;R6371;TIE_FIRST_LEX,ZCTA_NN_HAVERSINE;NOT_ELIGIBILITY;NOT_USPS_VALIDITY;NO_INVENTORY
08730,EXACT_IMLS_OUTLET_ZIP,NJ0202,002,,EXACT_OUTLET;TIE_FSCSKEY_SEQ,EXACT_OUTLET;NOT_USPS_VALIDITY;NO_INVENTORY
08731,EXACT_IMLS_OUTLET_ZIP,NJ0252,009,,EXACT_OUTLET;TIE_FSCSKEY_SEQ,EXACT_OUTLET;NOT_USPS_VALIDITY;NO_INVENTORY
08732,EXACT_IMLS_OUTLET_ZIP,NJ0252,007,,EXACT_OUTLET;TIE_FSCSKEY_SEQ,EXACT_OUTLET;NOT_USPS_VALIDITY;NO_INVENTORY
08733,EXACT_IMLS_OUTLET_ZIP,NJ0252,018,,EXACT_OUTLET;TIE_FSCSKEY_SEQ,EXACT_OUTLET;NOT_USPS_VALIDITY;NO_INVENTORY
08734,ZCTA_NEAREST_ACTIVE_OUTLET,NJ0252,009,3.353,ZCTA_NN;R6371;TIE_FIRST_LEX,ZCTA_NN_HAVERSINE;NOT_ELIGIBILITY;NOT_USPS_VALIDITY;NO_INVENTORY
08735,EXACT_IMLS_OUTLET_ZIP,NJ0252,021,,EXACT_OUTLET;TIE_FSCSKEY_SEQ,EXACT_OUTLET;NOT_USPS_VALIDITY;NO_INVENTORY
08736,EXACT_IMLS_OUTLET_ZIP,NJ0210,002,,EXACT_OUTLET;TIE_FSCSKEY_SEQ,EXACT_OUTLET;NOT_USPS_VALIDITY;NO_INVENTORY
08738,ZCTA_NEAREST_ACTIVE_OUTLET,NJ0252,019,4.786,ZCTA_NN;R6371;TIE_FIRST_LEX,ZCTA_NN_HAVERSINE;NOT_ELIGIBILITY;NOT_USPS_VALIDITY;NO_INVENTORY
08739,OBSERVED_REFERENCE_INDIRECT_ONLY,,,,INDIRECT_IMLS_SC;NO_FABRICATED_NEAREST,INDIRECT_IMLS_SC;NO_FABRICATED_NEAREST;NOT_REJECTED;NOT_USPS_VALIDITY;NO_INVENTORY
08740,ZCTA_NEAREST_ACTIVE_OUTLET,NJ0252,007,2.546,ZCTA_NN;R6371;TIE_FIRST_LEX,ZCTA_NN_HAVERSINE;NOT_ELIGIBILITY;NOT_USPS_VALIDITY;NO_INVENTORY
08741,ZCTA_NEAREST_ACTIVE_OUTLET,NJ0252,007,1.719,ZCTA_NN;R6371;TIE_FIRST_LEX,ZCTA_NN_HAVERSINE;NOT_ELIGIBILITY;NOT_USPS_VALIDITY;NO_INVENTORY
08742,EXACT_IMLS_OUTLET_ZIP,NJ0252,012,,EXACT_OUTLET;TIE_FSCSKEY_SEQ,EXACT_OUTLET;NOT_USPS_VALIDITY;NO_INVENTORY
08750,EXACT_IMLS_OUTLET_ZIP,NJ0195,012,,EXACT_OUTLET;TIE_FSCSKEY_SEQ,EXACT_OUTLET;NOT_USPS_VALIDITY;NO_INVENTORY
08751,ZCTA_NEAREST_ACTIVE_OUTLET,NJ0252,021,1.201,ZCTA_NN;R6371;TIE_FIRST_LEX,ZCTA_NN_HAVERSINE;NOT_ELIGIBILITY;NOT_USPS_VALIDITY;NO_INVENTORY
08752,ZCTA_NEAREST_ACTIVE_OUTLET,NJ0252,009,8.567,ZCTA_NN;R6371;TIE_FIRST_LEX,ZCTA_NN_HAVERSINE;NOT_ELIGIBILITY;NOT_USPS_VALIDITY;NO_INVENTORY
08753,EXACT_IMLS_OUTLET_ZIP,NJ0252,002,,EXACT_OUTLET;TIE_FSCSKEY_SEQ,EXACT_OUTLET;NOT_USPS_VALIDITY;NO_INVENTORY
08754,OBSERVED_REFERENCE_INDIRECT_ONLY,,,,INDIRECT_IMLS_SC;NO_FABRICATED_NEAREST,INDIRECT_IMLS_SC;NO_FABRICATED_NEAREST;NOT_REJECTED;NOT_USPS_VALIDITY;NO_INVENTORY
08755,ZCTA_NEAREST_ACTIVE_OUTLET,NJ0252,018,6.257,ZCTA_NN;R6371;TIE_FIRST_LEX,ZCTA_NN_HAVERSINE;NOT_ELIGIBILITY;NOT_USPS_VALIDITY;NO_INVENTORY
08757,ZCTA_NEAREST_ACTIVE_OUTLET,NJ0252,002,5.619,ZCTA_NN;R6371;TIE_FIRST_LEX,ZCTA_NN_HAVERSINE;NOT_ELIGIBILITY;NOT_USPS_VALIDITY;NO_INVENTORY
08758,EXACT_IMLS_OUTLET_ZIP,NJ0252,015,,EXACT_OUTLET;TIE_FSCSKEY_SEQ,EXACT_OUTLET;NOT_USPS_VALIDITY;NO_INVENTORY
08759,EXACT_IMLS_OUTLET_ZIP,NJ0252,024,,EXACT_OUTLET;TIE_FSCSKEY_SEQ,EXACT_OUTLET;NOT_USPS_VALIDITY;NO_INVENTORY
08801,EXACT_IMLS_OUTLET_ZIP,NJ0156,004,,EXACT_OUTLET;TIE_FSCSKEY_SEQ,EXACT_OUTLET;NOT_USPS_VALIDITY;NO_INVENTORY
08802,ZCTA_NEAREST_ACTIVE_OUTLET,NJ0306,004,6.732,ZCTA_NN;R6371;TIE_FIRST_LEX,ZCTA_NN_HAVERSINE;NOT_ELIGIBILITY;NOT_USPS_VALIDITY;NO_INVENTORY
08803,OBSERVED_REFERENCE_INDIRECT_ONLY,,,,INDIRECT_IMLS_SC;NO_FABRICATED_NEAREST,INDIRECT_IMLS_SC;NO_FABRICATED_NEAREST;NOT_REJECTED;NOT_USPS_VALIDITY;NO_INVENTORY
08804,ZCTA_NEAREST_ACTIVE_OUTLET,NJ0161,002,5.640,ZCTA_NN;R6371;TIE_FIRST_LEX,ZCTA_NN_HAVERSINE;NOT_ELIGIBILITY;NOT_USPS_VALIDITY;NO_INVENTORY
08805,ZCTA_NEAREST_ACTIVE_OUTLET,NJ0179,002,3.274,ZCTA_NN;R6371;TIE_FIRST_LEX,ZCTA_NN_HAVERSINE;NOT_ELIGIBILITY;NOT_USPS_VALIDITY;NO_INVENTORY
08807,EXACT_IMLS_OUTLET_ZIP,NJ0275,002,,EXACT_OUTLET;TIE_FSCSKEY_SEQ,EXACT_OUTLET;NOT_USPS_VALIDITY;NO_INVENTORY
08808,OBSERVED_REFERENCE_INDIRECT_ONLY,,,,INDIRECT_IMLS_SC;NO_FABRICATED_NEAREST,INDIRECT_IMLS_SC;NO_FABRICATED_NEAREST;NOT_REJECTED;NOT_USPS_VALIDITY;NO_INVENTORY
08809,ZCTA_NEAREST_ACTIVE_OUTLET,NJ0156,004,1.117,ZCTA_NN;R6371;TIE_FIRST_LEX,ZCTA_NN_HAVERSINE;NOT_ELIGIBILITY;NOT_USPS_VALIDITY;NO_INVENTORY
08810,ZCTA_NEAREST_ACTIVE_OUTLET,NJ0190,003,3.545,ZCTA_NN;R6371;TIE_FIRST_LEX,ZCTA_NN_HAVERSINE;NOT_ELIGIBILITY;NOT_USPS_VALIDITY;NO_INVENTORY
08812,EXACT_IMLS_OUTLET_ZIP,NJ0173,002,,EXACT_OUTLET;TIE_FSCSKEY_SEQ,EXACT_OUTLET;NOT_USPS_VALIDITY;NO_INVENTORY
08816,EXACT_IMLS_OUTLET_ZIP,NJ0174,002,,EXACT_OUTLET;TIE_FSCSKEY_SEQ,EXACT_OUTLET;NOT_USPS_VALIDITY;NO_INVENTORY
08817,EXACT_IMLS_OUTLET_ZIP,NJ0175,002,,EXACT_OUTLET;TIE_FSCSKEY_SEQ,EXACT_OUTLET;NOT_USPS_VALIDITY;NO_INVENTORY
08818,OBSERVED_REFERENCE_INDIRECT_ONLY,,,,INDIRECT_IMLS_SC;NO_FABRICATED_NEAREST,INDIRECT_IMLS_SC;NO_FABRICATED_NEAREST;NOT_REJECTED;NOT_USPS_VALIDITY;NO_INVENTORY
08820,EXACT_IMLS_OUTLET_ZIP,NJ0175,003,,EXACT_OUTLET;TIE_FSCSKEY_SEQ,EXACT_OUTLET;NOT_USPS_VALIDITY;NO_INVENTORY
08821,ZCTA_NEAREST_ACTIVE_OUTLET,NJ0275,003,2.018,ZCTA_NN;R6371;TIE_FIRST_LEX,ZCTA_NN_HAVERSINE;NOT_ELIGIBILITY;NOT_USPS_VALIDITY;NO_INVENTORY
08822,EXACT_IMLS_OUTLET_ZIP,NJ0156,002,,EXACT_OUTLET;TIE_FSCSKEY_SEQ,EXACT_OUTLET;NOT_USPS_VALIDITY;NO_INVENTORY
08823,EXACT_IMLS_OUTLET_ZIP,NJ0280,004,,EXACT_OUTLET;TIE_FSCSKEY_SEQ,EXACT_OUTLET;NOT_USPS_VALIDITY;NO_INVENTORY
08824,ZCTA_NEAREST_ACTIVE_OUTLET,NJ0280,004,1.165,ZCTA_NN;R6371;TIE_FIRST_LEX,ZCTA_NN_HAVERSINE;NOT_ELIGIBILITY;NOT_USPS_VALIDITY;NO_INVENTORY
08825,EXACT_IMLS_OUTLET_ZIP,NJ0159,002,,EXACT_OUTLET;TIE_FSCSKEY_SEQ,EXACT_OUTLET;NOT_USPS_VALIDITY;NO_INVENTORY
08826,ZCTA_NEAREST_ACTIVE_OUTLET,NJ0160,002,5.457,ZCTA_NN;R6371;TIE_FIRST_LEX,ZCTA_NN_HAVERSINE;NOT_ELIGIBILITY;NOT_USPS_VALIDITY;NO_INVENTORY
08827,ZCTA_NEAREST_ACTIVE_OUTLET,NJ0156,004,5.518,ZCTA_NN;R6371;TIE_FIRST_LEX,ZCTA_NN_HAVERSINE;NOT_ELIGIBILITY;NOT_USPS_VALIDITY;NO_INVENTORY
08828,ZCTA_NEAREST_ACTIVE_OUTLET,NJ0193,002,3.084,ZCTA_NN;R6371;TIE_FIRST_LEX,ZCTA_NN_HAVERSINE;NOT_ELIGIBILITY;NOT_USPS_VALIDITY;NO_INVENTORY
08829,EXACT_IMLS_OUTLET_ZIP,NJ0160,002,,EXACT_OUTLET;TIE_FSCSKEY_SEQ,EXACT_OUTLET;NOT_USPS_VALIDITY;NO_INVENTORY
08830,EXACT_IMLS_OUTLET_ZIP,NJ0194,008,,EXACT_OUTLET;TIE_FSCSKEY_SEQ,EXACT_OUTLET;NOT_USPS_VALIDITY;NO_INVENTORY
08831,EXACT_IMLS_OUTLET_ZIP,NJ0177,002,,EXACT_OUTLET;TIE_FSCSKEY_SEQ,EXACT_OUTLET;NOT_USPS_VALIDITY;NO_INVENTORY
08832,ZCTA_NEAREST_ACTIVE_OUTLET,NJ0175,003,2.768,ZCTA_NN;R6371;TIE_FIRST_LEX,ZCTA_NN_HAVERSINE;NOT_ELIGIBILITY;NOT_USPS_VALIDITY;NO_INVENTORY
08833,ZCTA_NEAREST_ACTIVE_OUTLET,NJ0164,002,6.287,ZCTA_NN;R6371;TIE_FIRST_LEX,ZCTA_NN_HAVERSINE;NOT_ELIGIBILITY;NOT_USPS_VALIDITY;NO_INVENTORY
08835,EXACT_IMLS_OUTLET_ZIP,NJ0275,011,,EXACT_OUTLET;TIE_FSCSKEY_SEQ,EXACT_OUTLET;NOT_USPS_VALIDITY;NO_INVENTORY
08836,ZCTA_NEAREST_ACTIVE_OUTLET,NJ0275,002,4.329,ZCTA_NN;R6371;TIE_FIRST_LEX,ZCTA_NN_HAVERSINE;NOT_ELIGIBILITY;NOT_USPS_VALIDITY;NO_INVENTORY
08837,ZCTA_NEAREST_ACTIVE_OUTLET,NJ0175,003,2.224,ZCTA_NN;R6371;TIE_FIRST_LEX,ZCTA_NN_HAVERSINE;NOT_ELIGIBILITY;NOT_USPS_VALIDITY;NO_INVENTORY
08840,EXACT_IMLS_OUTLET_ZIP,NJ0178,002,,EXACT_OUTLET;TIE_FSCSKEY_SEQ,EXACT_OUTLET;NOT_USPS_VALIDITY;NO_INVENTORY
08844,ZCTA_NEAREST_ACTIVE_OUTLET,NJ0275,003,0.990,ZCTA_NN;R6371;TIE_FIRST_LEX,ZCTA_NN_HAVERSINE;NOT_ELIGIBILITY;NOT_USPS_VALIDITY;NO_INVENTORY
08846,EXACT_IMLS_OUTLET_ZIP,NJ0179,002,,EXACT_OUTLET;TIE_FSCSKEY_SEQ,EXACT_OUTLET;NOT_USPS_VALIDITY;NO_INVENTORY
08848,EXACT_IMLS_OUTLET_ZIP,NJ0161,002,,EXACT_OUTLET;TIE_FSCSKEY_SEQ,EXACT_OUTLET;NOT_USPS_VALIDITY;NO_INVENTORY
08850,EXACT_IMLS_OUTLET_ZIP,NJ0180,002,,EXACT_OUTLET;TIE_FSCSKEY_SEQ,EXACT_OUTLET;NOT_USPS_VALIDITY;NO_INVENTORY
08851,EXACT_IMLS_OUTLET_ZIP,NJ0156,007,,EXACT_OUTLET;TIE_FSCSKEY_SEQ,EXACT_OUTLET;NOT_USPS_VALIDITY;NO_INVENTORY
08852,EXACT_IMLS_OUTLET_ZIP,NJ0190,002,,EXACT_OUTLET;TIE_FSCSKEY_SEQ,EXACT_OUTLET;NOT_USPS_VALIDITY;NO_INVENTORY
08853,ZCTA_NEAREST_ACTIVE_OUTLET,NJ0275,003,6.208,ZCTA_NN;R6371;TIE_FIRST_LEX,ZCTA_NN_HAVERSINE;NOT_ELIGIBILITY;NOT_USPS_VALIDITY;NO_INVENTORY
08854,EXACT_IMLS_OUTLET_ZIP,NJ0186,002,,EXACT_OUTLET;TIE_FSCSKEY_SEQ,EXACT_OUTLET;NOT_USPS_VALIDITY;NO_INVENTORY
08855,OBSERVED_REFERENCE_INDIRECT_ONLY,,,,INDIRECT_IMLS_SC;NO_FABRICATED_NEAREST,INDIRECT_IMLS_SC;NO_FABRICATED_NEAREST;NOT_REJECTED;NOT_USPS_VALIDITY;NO_INVENTORY
08857,EXACT_IMLS_OUTLET_ZIP,NJ0184,002,,EXACT_OUTLET;TIE_FSCSKEY_SEQ,EXACT_OUTLET;NOT_USPS_VALIDITY;NO_INVENTORY
08858,EXACT_IMLS_OUTLET_ZIP,NJ0164,002,,EXACT_OUTLET;TIE_FSCSKEY_SEQ,EXACT_OUTLET;NOT_USPS_VALIDITY;NO_INVENTORY
08859,EXACT_IMLS_OUTLET_ZIP,NJ0188,002,,EXACT_OUTLET;TIE_FSCSKEY_SEQ,EXACT_OUTLET;NOT_USPS_VALIDITY;NO_INVENTORY
08861,EXACT_IMLS_OUTLET_ZIP,NJ0185,002,,EXACT_OUTLET;TIE_FSCSKEY_SEQ,EXACT_OUTLET;NOT_USPS_VALIDITY;NO_INVENTORY
08862,OBSERVED_REFERENCE_INDIRECT_ONLY,,,,INDIRECT_IMLS_SC;NO_FABRICATED_NEAREST,INDIRECT_IMLS_SC;NO_FABRICATED_NEAREST;NOT_REJECTED;NOT_USPS_VALIDITY;NO_INVENTORY
08863,EXACT_IMLS_OUTLET_ZIP,NJ0194,005,,EXACT_OUTLET;TIE_FSCSKEY_SEQ,EXACT_OUTLET;NOT_USPS_VALIDITY;NO_INVENTORY
08865,EXACT_IMLS_OUTLET_ZIP,NJ0306,007,,EXACT_OUTLET;TIE_FSCSKEY_SEQ,EXACT_OUTLET;NOT_USPS_VALIDITY;NO_INVENTORY
08867,ZCTA_NEAREST_ACTIVE_OUTLET,NJ0156,006,7.414,ZCTA_NN;R6371;TIE_FIRST_LEX,ZCTA_NN_HAVERSINE;NOT_ELIGIBILITY;NOT_USPS_VALIDITY;NO_INVENTORY
08868,OBSERVED_REFERENCE_INDIRECT_ONLY,,,,INDIRECT_IMLS_SC;NO_FABRICATED_NEAREST,INDIRECT_IMLS_SC;NO_FABRICATED_NEAREST;NOT_REJECTED;NOT_USPS_VALIDITY;NO_INVENTORY
08869,EXACT_IMLS_OUTLET_ZIP,NJ0282,002,,EXACT_OUTLET;TIE_FSCSKEY_SEQ,EXACT_OUTLET;NOT_USPS_VALIDITY;NO_INVENTORY
08870,OBSERVED_REFERENCE_INDIRECT_ONLY,,,,INDIRECT_IMLS_SC;NO_FABRICATED_NEAREST,INDIRECT_IMLS_SC;NO_FABRICATED_NEAREST;NOT_REJECTED;NOT_USPS_VALIDITY;NO_INVENTORY
08871,OBSERVED_REFERENCE_INDIRECT_ONLY,,,,INDIRECT_IMLS_SC;NO_FABRICATED_NEAREST,INDIRECT_IMLS_SC;NO_FABRICATED_NEAREST;NOT_REJECTED;NOT_USPS_VALIDITY;NO_INVENTORY
08872,ZCTA_NEAREST_ACTIVE_OUTLET,NJ0188,002,2.760,ZCTA_NN;R6371;TIE_FIRST_LEX,ZCTA_NN_HAVERSINE;NOT_ELIGIBILITY;NOT_USPS_VALIDITY;NO_INVENTORY
08873,EXACT_IMLS_OUTLET_ZIP,NJ0280,002,,EXACT_OUTLET;TIE_FSCSKEY_SEQ,EXACT_OUTLET;NOT_USPS_VALIDITY;NO_INVENTORY
08875,OBSERVED_REFERENCE_INDIRECT_ONLY,,,,INDIRECT_IMLS_SC;NO_FABRICATED_NEAREST,INDIRECT_IMLS_SC;NO_FABRICATED_NEAREST;NOT_REJECTED;NOT_USPS_VALIDITY;NO_INVENTORY
08876,EXACT_IMLS_OUTLET_ZIP,NJ0275,010,,EXACT_OUTLET;TIE_FSCSKEY_SEQ,EXACT_OUTLET;NOT_USPS_VALIDITY;NO_INVENTORY
08879,EXACT_IMLS_OUTLET_ZIP,NJ0184,003,,EXACT_OUTLET;TIE_FSCSKEY_SEQ,EXACT_OUTLET;NOT_USPS_VALIDITY;NO_INVENTORY
08880,ZCTA_NEAREST_ACTIVE_OUTLET,NJ0179,002,3.603,ZCTA_NN;R6371;TIE_FIRST_LEX,ZCTA_NN_HAVERSINE;NOT_ELIGIBILITY;NOT_USPS_VALIDITY;NO_INVENTORY
08882,EXACT_IMLS_OUTLET_ZIP,NJ0192,002,,EXACT_OUTLET;TIE_FSCSKEY_SEQ,EXACT_OUTLET;NOT_USPS_VALIDITY;NO_INVENTORY
08884,EXACT_IMLS_OUTLET_ZIP,NJ0193,002,,EXACT_OUTLET;TIE_FSCSKEY_SEQ,EXACT_OUTLET;NOT_USPS_VALIDITY;NO_INVENTORY
08885,OBSERVED_REFERENCE_INDIRECT_ONLY,,,,INDIRECT_IMLS_SC;NO_FABRICATED_NEAREST,INDIRECT_IMLS_SC;NO_FABRICATED_NEAREST;NOT_REJECTED;NOT_USPS_VALIDITY;NO_INVENTORY
08886,ZCTA_NEAREST_ACTIVE_OUTLET,NJ0306,007,4.638,ZCTA_NN;R6371;TIE_FIRST_LEX,ZCTA_NN_HAVERSINE;NOT_ELIGIBILITY;NOT_USPS_VALIDITY;NO_INVENTORY
08887,ZCTA_NEAREST_ACTIVE_OUTLET,NJ0158,002,5.484,ZCTA_NN;R6371;TIE_FIRST_LEX,ZCTA_NN_HAVERSINE;NOT_ELIGIBILITY;NOT_USPS_VALIDITY;NO_INVENTORY
08888,OBSERVED_REFERENCE_INDIRECT_ONLY,,,,INDIRECT_IMLS_SC;NO_FABRICATED_NEAREST,INDIRECT_IMLS_SC;NO_FABRICATED_NEAREST;NOT_REJECTED;NOT_USPS_VALIDITY;NO_INVENTORY
08889,ZCTA_NEAREST_ACTIVE_OUTLET,NJ0164,002,6.858,ZCTA_NN;R6371;TIE_FIRST_LEX,ZCTA_NN_HAVERSINE;NOT_ELIGIBILITY;NOT_USPS_VALIDITY;NO_INVENTORY
08890,ZCTA_NEAREST_ACTIVE_OUTLET,NJ0275,011,1.638,ZCTA_NN;R6371;TIE_FIRST_LEX,ZCTA_NN_HAVERSINE;NOT_ELIGIBILITY;NOT_USPS_VALIDITY;NO_INVENTORY
08901,EXACT_IMLS_OUTLET_ZIP,NJ0182,002,,EXACT_OUTLET;TIE_FSCSKEY_SEQ,EXACT_OUTLET;NOT_USPS_VALIDITY;NO_INVENTORY
08902,EXACT_IMLS_OUTLET_ZIP,NJ0183,002,,EXACT_OUTLET;TIE_FSCSKEY_SEQ,EXACT_OUTLET;NOT_USPS_VALIDITY;NO_INVENTORY
08903,OBSERVED_REFERENCE_INDIRECT_ONLY,,,,INDIRECT_IMLS_SC;NO_FABRICATED_NEAREST,INDIRECT_IMLS_SC;NO_FABRICATED_NEAREST;NOT_REJECTED;NOT_USPS_VALIDITY;NO_INVENTORY
08904,EXACT_IMLS_OUTLET_ZIP,NJ0176,002,,EXACT_OUTLET;TIE_FSCSKEY_SEQ,EXACT_OUTLET;NOT_USPS_VALIDITY;NO_INVENTORY
08906,OBSERVED_REFERENCE_INDIRECT_ONLY,,,,INDIRECT_IMLS_SC;NO_FABRICATED_NEAREST,INDIRECT_IMLS_SC;NO_FABRICATED_NEAREST;NOT_REJECTED;NOT_USPS_VALIDITY;NO_INVENTORY
08933,OBSERVED_REFERENCE_INDIRECT_ONLY,,,,INDIRECT_IMLS_SC;NO_FABRICATED_NEAREST,INDIRECT_IMLS_SC;NO_FABRICATED_NEAREST;NOT_REJECTED;NOT_USPS_VALIDITY;NO_INVENTORY
10001,ZCTA_NEAREST_ACTIVE_OUTLET,NY0778,047,0.714,ZCTA_NN;R6371;TIE_FIRST_LEX,ZCTA_NN_HAVERSINE;NOT_ELIGIBILITY;NOT_USPS_VALIDITY;NO_INVENTORY
10002,EXACT_IMLS_OUTLET_ZIP,NY0778,009,,EXACT_OUTLET;TIE_FSCSKEY_SEQ,EXACT_OUTLET;NOT_USPS_VALIDITY;NO_INVENTORY
10003,EXACT_IMLS_OUTLET_ZIP,NY0778,053,,EXACT_OUTLET;TIE_FSCSKEY_SEQ,EXACT_OUTLET;NOT_USPS_VALIDITY;NO_INVENTORY
10004,ZCTA_NEAREST_ACTIVE_OUTLET,NY0004,049,1.706,ZCTA_NN;R6371;TIE_FIRST_LEX,ZCTA_NN_HAVERSINE;NOT_ELIGIBILITY;NOT_USPS_VALIDITY;NO_INVENTORY
10005,ZCTA_NEAREST_ACTIVE_OUTLET,NY0778,095,1.185,ZCTA_NN;R6371;TIE_FIRST_LEX,ZCTA_NN_HAVERSINE;NOT_ELIGIBILITY;NOT_USPS_VALIDITY;NO_INVENTORY
10006,ZCTA_NEAREST_ACTIVE_OUTLET,NY0778,095,0.699,ZCTA_NN;R6371;TIE_FIRST_LEX,ZCTA_NN_HAVERSINE;NOT_ELIGIBILITY;NOT_USPS_VALIDITY;NO_INVENTORY
10007,ZCTA_NEAREST_ACTIVE_OUTLET,NY0778,095,0.685,ZCTA_NN;R6371;TIE_FIRST_LEX,ZCTA_NN_HAVERSINE;NOT_ELIGIBILITY;NOT_USPS_VALIDITY;NO_INVENTORY
10008,OBSERVED_REFERENCE_INDIRECT_ONLY,,,,INDIRECT_IMLS_SC;NO_FABRICATED_NEAREST,INDIRECT_IMLS_SC;NO_FABRICATED_NEAREST;NOT_REJECTED;NOT_USPS_VALIDITY;NO_INVENTORY
10009,EXACT_IMLS_OUTLET_ZIP,NY0778,091,,EXACT_OUTLET;TIE_FSCSKEY_SEQ,EXACT_OUTLET;NOT_USPS_VALIDITY;NO_INVENTORY
10010,EXACT_IMLS_OUTLET_ZIP,NY0778,019,,EXACT_OUTLET;TIE_FSCSKEY_SEQ,EXACT_OUTLET;NOT_USPS_VALIDITY;NO_INVENTORY
10011,EXACT_IMLS_OUTLET_ZIP,NY0778,040,,EXACT_OUTLET;TIE_FSCSKEY_SEQ,EXACT_OUTLET;NOT_USPS_VALIDITY;NO_INVENTORY
10012,EXACT_IMLS_OUTLET_ZIP,NY0778,094,,EXACT_OUTLET;TIE_FSCSKEY_SEQ,EXACT_OUTLET;NOT_USPS_VALIDITY;NO_INVENTORY
10013,ZCTA_NEAREST_ACTIVE_OUTLET,NY0778,094,0.903,ZCTA_NN;R6371;TIE_FIRST_LEX,ZCTA_NN_HAVERSINE;NOT_ELIGIBILITY;NOT_USPS_VALIDITY;NO_INVENTORY
10014,EXACT_IMLS_OUTLET_ZIP,NY0778,032,,EXACT_OUTLET;TIE_FSCSKEY_SEQ,EXACT_OUTLET;NOT_USPS_VALIDITY;NO_INVENTORY
10016,EXACT_IMLS_OUTLET_ZIP,NY0778,039,,EXACT_OUTLET;TIE_FSCSKEY_SEQ,EXACT_OUTLET;NOT_USPS_VALIDITY;NO_INVENTORY
10017,EXACT_IMLS_OUTLET_ZIP,NY0778,096,,EXACT_OUTLET;TIE_FSCSKEY_SEQ,EXACT_OUTLET;NOT_USPS_VALIDITY;NO_INVENTORY
10018,EXACT_IMLS_OUTLET_ZIP,NY0778,090,,EXACT_OUTLET;TIE_FSCSKEY_SEQ,EXACT_OUTLET;NOT_USPS_VALIDITY;NO_INVENTORY
10019,EXACT_IMLS_OUTLET_ZIP,NY0778,013,,EXACT_OUTLET;TIE_FSCSKEY_SEQ,EXACT_OUTLET;NOT_USPS_VALIDITY;NO_INVENTORY
10020,ZCTA_NEAREST_ACTIVE_OUTLET,NY0778,099,0.350,ZCTA_NN;R6371;TIE_FIRST_LEX,ZCTA_NN_HAVERSINE;NOT_ELIGIBILITY;NOT_USPS_VALIDITY;NO_INVENTORY
10021,EXACT_IMLS_OUTLET_ZIP,NY0778,077,,EXACT_OUTLET;TIE_FSCSKEY_SEQ,EXACT_OUTLET;NOT_USPS_VALIDITY;NO_INVENTORY
10022,EXACT_IMLS_OUTLET_ZIP,NY0778,008,,EXACT_OUTLET;TIE_FSCSKEY_SEQ,EXACT_OUTLET;NOT_USPS_VALIDITY;NO_INVENTORY
10023,EXACT_IMLS_OUTLET_ZIP,NY0778,024,,EXACT_OUTLET;TIE_FSCSKEY_SEQ,EXACT_OUTLET;NOT_USPS_VALIDITY;NO_INVENTORY
10024,EXACT_IMLS_OUTLET_ZIP,NY0778,059,,EXACT_OUTLET;TIE_FSCSKEY_SEQ,EXACT_OUTLET;NOT_USPS_VALIDITY;NO_INVENTORY
10025,EXACT_IMLS_OUTLET_ZIP,NY0778,006,,EXACT_OUTLET;TIE_FSCSKEY_SEQ,EXACT_OUTLET;NOT_USPS_VALIDITY;NO_INVENTORY
10026,EXACT_IMLS_OUTLET_ZIP,NY0778,051,,EXACT_OUTLET;TIE_FSCSKEY_SEQ,EXACT_OUTLET;NOT_USPS_VALIDITY;NO_INVENTORY
10027,EXACT_IMLS_OUTLET_ZIP,NY0778,025,,EXACT_OUTLET;TIE_FSCSKEY_SEQ,EXACT_OUTLET;NOT_USPS_VALIDITY;NO_INVENTORY
10028,ZCTA_NEAREST_ACTIVE_OUTLET,NY0778,083,0.380,ZCTA_NN;R6371;TIE_FIRST_LEX,ZCTA_NN_HAVERSINE;NOT_ELIGIBILITY;NOT_USPS_VALIDITY;NO_INVENTORY
10029,EXACT_IMLS_OUTLET_ZIP,NY0778,002,,EXACT_OUTLET;TIE_FSCSKEY_SEQ,EXACT_OUTLET;NOT_USPS_VALIDITY;NO_INVENTORY
10030,EXACT_IMLS_OUTLET_ZIP,NY0778,014,,EXACT_OUTLET;TIE_FSCSKEY_SEQ,EXACT_OUTLET;NOT_USPS_VALIDITY;NO_INVENTORY
10031,EXACT_IMLS_OUTLET_ZIP,NY0778,029,,EXACT_OUTLET;TIE_FSCSKEY_SEQ,EXACT_OUTLET;NOT_USPS_VALIDITY;NO_INVENTORY
10032,EXACT_IMLS_OUTLET_ZIP,NY0778,076,,EXACT_OUTLET;TIE_FSCSKEY_SEQ,EXACT_OUTLET;NOT_USPS_VALIDITY;NO_INVENTORY
10033,EXACT_IMLS_OUTLET_ZIP,NY0778,022,,EXACT_OUTLET;TIE_FSCSKEY_SEQ,EXACT_OUTLET;NOT_USPS_VALIDITY;NO_INVENTORY
10034,EXACT_IMLS_OUTLET_ZIP,NY0778,035,,EXACT_OUTLET;TIE_FSCSKEY_SEQ,EXACT_OUTLET;NOT_USPS_VALIDITY;NO_INVENTORY
10035,ZCTA_NEAREST_ACTIVE_OUTLET,NY0778,002,1.096,ZCTA_NN;R6371;TIE_FIRST_LEX,ZCTA_NN_HAVERSINE;NOT_ELIGIBILITY;NOT_USPS_VALIDITY;NO_INVENTORY
10036,ZCTA_NEAREST_ACTIVE_OUTLET,NY0778,013,0.594,ZCTA_NN;R6371;TIE_FIRST_LEX,ZCTA_NN_HAVERSINE;NOT_ELIGIBILITY;NOT_USPS_VALIDITY;NO_INVENTORY
10037,EXACT_IMLS_OUTLET_ZIP,NY0778,089,,EXACT_OUTLET;TIE_FSCSKEY_SEQ,EXACT_OUTLET;NOT_USPS_VALIDITY;NO_INVENTORY
10038,ZCTA_NEAREST_ACTIVE_OUTLET,NY0778,009,0.716,ZCTA_NN;R6371;TIE_FIRST_LEX,ZCTA_NN_HAVERSINE;NOT_ELIGIBILITY;NOT_USPS_VALIDITY;NO_INVENTORY
10039,EXACT_IMLS_OUTLET_ZIP,NY0778,041,,EXACT_OUTLET;TIE_FSCSKEY_SEQ,EXACT_OUTLET;NOT_USPS_VALIDITY;NO_INVENTORY
10040,ZCTA_NEAREST_ACTIVE_OUTLET,NY0778,035,0.949,ZCTA_NN;R6371;TIE_FIRST_LEX,ZCTA_NN_HAVERSINE;NOT_ELIGIBILITY;NOT_USPS_VALIDITY;NO_INVENTORY
10041,OBSERVED_REFERENCE_INDIRECT_ONLY,,,,INDIRECT_IMLS_SC;NO_FABRICATED_NEAREST,INDIRECT_IMLS_SC;NO_FABRICATED_NEAREST;NOT_REJECTED;NOT_USPS_VALIDITY;NO_INVENTORY
10044,EXACT_IMLS_OUTLET_ZIP,NY0778,087,,EXACT_OUTLET;TIE_FSCSKEY_SEQ,EXACT_OUTLET;NOT_USPS_VALIDITY;NO_INVENTORY
10045,OBSERVED_REFERENCE_INDIRECT_ONLY,,,,INDIRECT_IMLS_SC;NO_FABRICATED_NEAREST,INDIRECT_IMLS_SC;NO_FABRICATED_NEAREST;NOT_REJECTED;NOT_USPS_VALIDITY;NO_INVENTORY
10055,OBSERVED_REFERENCE_INDIRECT_ONLY,,,,INDIRECT_IMLS_SC;NO_FABRICATED_NEAREST,INDIRECT_IMLS_SC;NO_FABRICATED_NEAREST;NOT_REJECTED;NOT_USPS_VALIDITY;NO_INVENTORY
10065,EXACT_IMLS_OUTLET_ZIP,NY0778,063,,EXACT_OUTLET;TIE_FSCSKEY_SEQ,EXACT_OUTLET;NOT_USPS_VALIDITY;NO_INVENTORY
10069,ZCTA_NEAREST_ACTIVE_OUTLET,NY0778,058,0.483,ZCTA_NN;R6371;TIE_FIRST_LEX,ZCTA_NN_HAVERSINE;NOT_ELIGIBILITY;NOT_USPS_VALIDITY;NO_INVENTORY
10075,ZCTA_NEAREST_ACTIVE_OUTLET,NY0778,083,0.047,ZCTA_NN;R6371;TIE_FIRST_LEX,ZCTA_NN_HAVERSINE;NOT_ELIGIBILITY;NOT_USPS_VALIDITY;NO_INVENTORY
10080,OBSERVED_REFERENCE_INDIRECT_ONLY,,,,INDIRECT_IMLS_SC;NO_FABRICATED_NEAREST,INDIRECT_IMLS_SC;NO_FABRICATED_NEAREST;NOT_REJECTED;NOT_USPS_VALIDITY;NO_INVENTORY
10101,OBSERVED_REFERENCE_INDIRECT_ONLY,,,,INDIRECT_IMLS_SC;NO_FABRICATED_NEAREST,INDIRECT_IMLS_SC;NO_FABRICATED_NEAREST;NOT_REJECTED;NOT_USPS_VALIDITY;NO_INVENTORY
10103,ZCTA_NEAREST_ACTIVE_OUTLET,NY0778,099,0.038,ZCTA_NN;R6371;TIE_FIRST_LEX,ZCTA_NN_HAVERSINE;NOT_ELIGIBILITY;NOT_USPS_VALIDITY;NO_INVENTORY
10104,OBSERVED_REFERENCE_INDIRECT_ONLY,,,,INDIRECT_IMLS_SC;NO_FABRICATED_NEAREST,INDIRECT_IMLS_SC;NO_FABRICATED_NEAREST;NOT_REJECTED;NOT_USPS_VALIDITY;NO_INVENTORY
10105,OBSERVED_REFERENCE_INDIRECT_ONLY,,,,INDIRECT_IMLS_SC;NO_FABRICATED_NEAREST,INDIRECT_IMLS_SC;NO_FABRICATED_NEAREST;NOT_REJECTED;NOT_USPS_VALIDITY;NO_INVENTORY
10106,OBSERVED_REFERENCE_INDIRECT_ONLY,,,,INDIRECT_IMLS_SC;NO_FABRICATED_NEAREST,INDIRECT_IMLS_SC;NO_FABRICATED_NEAREST;NOT_REJECTED;NOT_USPS_VALIDITY;NO_INVENTORY
10107,OBSERVED_REFERENCE_INDIRECT_ONLY,,,,INDIRECT_IMLS_SC;NO_FABRICATED_NEAREST,INDIRECT_IMLS_SC;NO_FABRICATED_NEAREST;NOT_REJECTED;NOT_USPS_VALIDITY;NO_INVENTORY
10110,ZCTA_NEAREST_ACTIVE_OUTLET,NY0778,090,0.161,ZCTA_NN;R6371;TIE_FIRST_LEX,ZCTA_NN_HAVERSINE;NOT_ELIGIBILITY;NOT_USPS_VALIDITY;NO_INVENTORY
10111,ZCTA_NEAREST_ACTIVE_OUTLET,NY0778,099,0.196,ZCTA_NN;R6371;TIE_FIRST_LEX,ZCTA_NN_HAVERSINE;NOT_ELIGIBILITY;NOT_USPS_VALIDITY;NO_INVENTORY
10112,ZCTA_NEAREST_ACTIVE_OUTLET,NY0778,099,0.276,ZCTA_NN;R6371;TIE_FIRST_LEX,ZCTA_NN_HAVERSINE;NOT_ELIGIBILITY;NOT_USPS_VALIDITY;NO_INVENTORY
10113,OBSERVED_REFERENCE_INDIRECT_ONLY,,,,INDIRECT_IMLS_SC;NO_FABRICATED_NEAREST,INDIRECT_IMLS_SC;NO_FABRICATED_NEAREST;NOT_REJECTED;NOT_USPS_VALIDITY;NO_INVENTORY
10115,ZCTA_NEAREST_ACTIVE_OUTLET,NY0778,012,0.518,ZCTA_NN;R6371;TIE_FIRST_LEX,ZCTA_NN_HAVERSINE;NOT_ELIGIBILITY;NOT_USPS_VALIDITY;NO_INVENTORY
10116,OBSERVED_REFERENCE_INDIRECT_ONLY,,,,INDIRECT_IMLS_SC;NO_FABRICATED_NEAREST,INDIRECT_IMLS_SC;NO_FABRICATED_NEAREST;NOT_REJECTED;NOT_USPS_VALIDITY;NO_INVENTORY
10118,OBSERVED_REFERENCE_INDIRECT_ONLY,,,,INDIRECT_IMLS_SC;NO_FABRICATED_NEAREST,INDIRECT_IMLS_SC;NO_FABRICATED_NEAREST;NOT_REJECTED;NOT_USPS_VALIDITY;NO_INVENTORY
10119,ZCTA_NEAREST_ACTIVE_OUTLET,NY0778,047,0.759,ZCTA_NN;R6371;TIE_FIRST_LEX,ZCTA_NN_HAVERSINE;NOT_ELIGIBILITY;NOT_USPS_VALIDITY;NO_INVENTORY
10120,OBSERVED_REFERENCE_INDIRECT_ONLY,,,,INDIRECT_IMLS_SC;NO_FABRICATED_NEAREST,INDIRECT_IMLS_SC;NO_FABRICATED_NEAREST;NOT_REJECTED;NOT_USPS_VALIDITY;NO_INVENTORY
10121,OBSERVED_REFERENCE_INDIRECT_ONLY,,,,INDIRECT_IMLS_SC;NO_FABRICATED_NEAREST,INDIRECT_IMLS_SC;NO_FABRICATED_NEAREST;NOT_REJECTED;NOT_USPS_VALIDITY;NO_INVENTORY
10122,OBSERVED_REFERENCE_INDIRECT_ONLY,,,,INDIRECT_IMLS_SC;NO_FABRICATED_NEAREST,INDIRECT_IMLS_SC;NO_FABRICATED_NEAREST;NOT_REJECTED;NOT_USPS_VALIDITY;NO_INVENTORY
10123,OBSERVED_REFERENCE_INDIRECT_ONLY,,,,INDIRECT_IMLS_SC;NO_FABRICATED_NEAREST,INDIRECT_IMLS_SC;NO_FABRICATED_NEAREST;NOT_REJECTED;NOT_USPS_VALIDITY;NO_INVENTORY
10125,OBSERVED_REFERENCE_INDIRECT_ONLY,,,,INDIRECT_IMLS_SC;NO_FABRICATED_NEAREST,INDIRECT_IMLS_SC;NO_FABRICATED_NEAREST;NOT_REJECTED;NOT_USPS_VALIDITY;NO_INVENTORY
10128,EXACT_IMLS_OUTLET_ZIP,NY0778,050,,EXACT_OUTLET;TIE_FSCSKEY_SEQ,EXACT_OUTLET;NOT_USPS_VALIDITY;NO_INVENTORY
10150,OBSERVED_REFERENCE_INDIRECT_ONLY,,,,INDIRECT_IMLS_SC;NO_FABRICATED_NEAREST,INDIRECT_IMLS_SC;NO_FABRICATED_NEAREST;NOT_REJECTED;NOT_USPS_VALIDITY;NO_INVENTORY
10151,OBSERVED_REFERENCE_INDIRECT_ONLY,,,,INDIRECT_IMLS_SC;NO_FABRICATED_NEAREST,INDIRECT_IMLS_SC;NO_FABRICATED_NEAREST;NOT_REJECTED;NOT_USPS_VALIDITY;NO_INVENTORY
10152,ZCTA_NEAREST_ACTIVE_OUTLET,NY0778,008,0.201,ZCTA_NN;R6371;TIE_FIRST_LEX,ZCTA_NN_HAVERSINE;NOT_ELIGIBILITY;NOT_USPS_VALIDITY;NO_INVENTORY
10153,ZCTA_NEAREST_ACTIVE_OUTLET,NY0778,020,0.339,ZCTA_NN;R6371;TIE_FIRST_LEX,ZCTA_NN_HAVERSINE;NOT_ELIGIBILITY;NOT_USPS_VALIDITY;NO_INVENTORY
10154,ZCTA_NEAREST_ACTIVE_OUTLET,NY0778,008,0.131,ZCTA_NN;R6371;TIE_FIRST_LEX,ZCTA_NN_HAVERSINE;NOT_ELIGIBILITY;NOT_USPS_VALIDITY;NO_INVENTORY
10155,OBSERVED_REFERENCE_INDIRECT_ONLY,,,,INDIRECT_IMLS_SC;NO_FABRICATED_NEAREST,INDIRECT_IMLS_SC;NO_FABRICATED_NEAREST;NOT_REJECTED;NOT_USPS_VALIDITY;NO_INVENTORY
10156,OBSERVED_REFERENCE_INDIRECT_ONLY,,,,INDIRECT_IMLS_SC;NO_FABRICATED_NEAREST,INDIRECT_IMLS_SC;NO_FABRICATED_NEAREST;NOT_REJECTED;NOT_USPS_VALIDITY;NO_INVENTORY
10158,OBSERVED_REFERENCE_INDIRECT_ONLY,,,,INDIRECT_IMLS_SC;NO_FABRICATED_NEAREST,INDIRECT_IMLS_SC;NO_FABRICATED_NEAREST;NOT_REJECTED;NOT_USPS_VALIDITY;NO_INVENTORY
10159,OBSERVED_REFERENCE_INDIRECT_ONLY,,,,INDIRECT_IMLS_SC;NO_FABRICATED_NEAREST,INDIRECT_IMLS_SC;NO_FABRICATED_NEAREST;NOT_REJECTED;NOT_USPS_VALIDITY;NO_INVENTORY
10162,ZCTA_NEAREST_ACTIVE_OUTLET,NY0778,077,0.196,ZCTA_NN;R6371;TIE_FIRST_LEX,ZCTA_NN_HAVERSINE;NOT_ELIGIBILITY;NOT_USPS_VALIDITY;NO_INVENTORY
10163,OBSERVED_REFERENCE_INDIRECT_ONLY,,,,INDIRECT_IMLS_SC;NO_FABRICATED_NEAREST,INDIRECT_IMLS_SC;NO_FABRICATED_NEAREST;NOT_REJECTED;NOT_USPS_VALIDITY;NO_INVENTORY
10165,ZCTA_NEAREST_ACTIVE_OUTLET,NY0778,090,0.237,ZCTA_NN;R6371;TIE_FIRST_LEX,ZCTA_NN_HAVERSINE;NOT_ELIGIBILITY;NOT_USPS_VALIDITY;NO_INVENTORY
10166,OBSERVED_REFERENCE_INDIRECT_ONLY,,,,INDIRECT_IMLS_SC;NO_FABRICATED_NEAREST,INDIRECT_IMLS_SC;NO_FABRICATED_NEAREST;NOT_REJECTED;NOT_USPS_VALIDITY;NO_INVENTORY
10167,ZCTA_NEAREST_ACTIVE_OUTLET,NY0778,096,0.137,ZCTA_NN;R6371;TIE_FIRST_LEX,ZCTA_NN_HAVERSINE;NOT_ELIGIBILITY;NOT_USPS_VALIDITY;NO_INVENTORY
10168,ZCTA_NEAREST_ACTIVE_OUTLET,NY0778,090,0.391,ZCTA_NN;R6371;TIE_FIRST_LEX,ZCTA_NN_HAVERSINE;NOT_ELIGIBILITY;NOT_USPS_VALIDITY;NO_INVENTORY
10169,ZCTA_NEAREST_ACTIVE_OUTLET,NY0778,096,0.248,ZCTA_NN;R6371;TIE_FIRST_LEX,ZCTA_NN_HAVERSINE;NOT_ELIGIBILITY;NOT_USPS_VALIDITY;NO_INVENTORY
10170,ZCTA_NEAREST_ACTIVE_OUTLET,NY0778,096,0.229,ZCTA_NN;R6371;TIE_FIRST_LEX,ZCTA_NN_HAVERSINE;NOT_ELIGIBILITY;NOT_USPS_VALIDITY;NO_INVENTORY
10171,ZCTA_NEAREST_ACTIVE_OUTLET,NY0778,008,0.152,ZCTA_NN;R6371;TIE_FIRST_LEX,ZCTA_NN_HAVERSINE;NOT_ELIGIBILITY;NOT_USPS_VALIDITY;NO_INVENTORY
10172,ZCTA_NEAREST_ACTIVE_OUTLET,NY0778,096,0.176,ZCTA_NN;R6371;TIE_FIRST_LEX,ZCTA_NN_HAVERSINE;NOT_ELIGIBILITY;NOT_USPS_VALIDITY;NO_INVENTORY
10173,ZCTA_NEAREST_ACTIVE_OUTLET,NY0778,090,0.147,ZCTA_NN;R6371;TIE_FIRST_LEX,ZCTA_NN_HAVERSINE;NOT_ELIGIBILITY;NOT_USPS_VALIDITY;NO_INVENTORY
10174,ZCTA_NEAREST_ACTIVE_OUTLET,NY0778,096,0.285,ZCTA_NN;R6371;TIE_FIRST_LEX,ZCTA_NN_HAVERSINE;NOT_ELIGIBILITY;NOT_USPS_VALIDITY;NO_INVENTORY
10175,OBSERVED_REFERENCE_INDIRECT_ONLY,,,,INDIRECT_IMLS_SC;NO_FABRICATED_NEAREST,INDIRECT_IMLS_SC;NO_FABRICATED_NEAREST;NOT_REJECTED;NOT_USPS_VALIDITY;NO_INVENTORY
10176,OBSERVED_REFERENCE_INDIRECT_ONLY,,,,INDIRECT_IMLS_SC;NO_FABRICATED_NEAREST,INDIRECT_IMLS_SC;NO_FABRICATED_NEAREST;NOT_REJECTED;NOT_USPS_VALIDITY;NO_INVENTORY
10177,ZCTA_NEAREST_ACTIVE_OUTLET,NY0778,096,0.247,ZCTA_NN;R6371;TIE_FIRST_LEX,ZCTA_NN_HAVERSINE;NOT_ELIGIBILITY;NOT_USPS_VALIDITY;NO_INVENTORY
10178,OBSERVED_REFERENCE_INDIRECT_ONLY,,,,INDIRECT_IMLS_SC;NO_FABRICATED_NEAREST,INDIRECT_IMLS_SC;NO_FABRICATED_NEAREST;NOT_REJECTED;NOT_USPS_VALIDITY;NO_INVENTORY
10179,OBSERVED_REFERENCE_INDIRECT_ONLY,,,,INDIRECT_IMLS_SC;NO_FABRICATED_NEAREST,INDIRECT_IMLS_SC;NO_FABRICATED_NEAREST;NOT_REJECTED;NOT_USPS_VALIDITY;NO_INVENTORY
10185,OBSERVED_REFERENCE_INDIRECT_ONLY,,,,INDIRECT_IMLS_SC;NO_FABRICATED_NEAREST,INDIRECT_IMLS_SC;NO_FABRICATED_NEAREST;NOT_REJECTED;NOT_USPS_VALIDITY;NO_INVENTORY
10199,ZCTA_NEAREST_ACTIVE_OUTLET,NY0778,047,0.794,ZCTA_NN;R6371;TIE_FIRST_LEX,ZCTA_NN_HAVERSINE;NOT_ELIGIBILITY;NOT_USPS_VALIDITY;NO_INVENTORY
10268,OBSERVED_REFERENCE_INDIRECT_ONLY,,,,INDIRECT_IMLS_SC;NO_FABRICATED_NEAREST,INDIRECT_IMLS_SC;NO_FABRICATED_NEAREST;NOT_REJECTED;NOT_USPS_VALIDITY;NO_INVENTORY
10271,ZCTA_NEAREST_ACTIVE_OUTLET,NY0778,095,0.912,ZCTA_NN;R6371;TIE_FIRST_LEX,ZCTA_NN_HAVERSINE;NOT_ELIGIBILITY;NOT_USPS_VALIDITY;NO_INVENTORY
10272,OBSERVED_REFERENCE_INDIRECT_ONLY,,,,INDIRECT_IMLS_SC;NO_FABRICATED_NEAREST,INDIRECT_IMLS_SC;NO_FABRICATED_NEAREST;NOT_REJECTED;NOT_USPS_VALIDITY;NO_INVENTORY
10276,OBSERVED_REFERENCE_INDIRECT_ONLY,,,,INDIRECT_IMLS_SC;NO_FABRICATED_NEAREST,INDIRECT_IMLS_SC;NO_FABRICATED_NEAREST;NOT_REJECTED;NOT_USPS_VALIDITY;NO_INVENTORY
10278,ZCTA_NEAREST_ACTIVE_OUTLET,NY0778,009,0.634,ZCTA_NN;R6371;TIE_FIRST_LEX,ZCTA_NN_HAVERSINE;NOT_ELIGIBILITY;NOT_USPS_VALIDITY;NO_INVENTORY
10279,ZCTA_NEAREST_ACTIVE_OUTLET,NY0778,095,0.672,ZCTA_NN;R6371;TIE_FIRST_LEX,ZCTA_NN_HAVERSINE;NOT_ELIGIBILITY;NOT_USPS_VALIDITY;NO_INVENTORY
10280,ZCTA_NEAREST_ACTIVE_OUTLET,NY0778,095,0.642,ZCTA_NN;R6371;TIE_FIRST_LEX,ZCTA_NN_HAVERSINE;NOT_ELIGIBILITY;NOT_USPS_VALIDITY;NO_INVENTORY
10281,OBSERVED_REFERENCE_INDIRECT_ONLY,,,,INDIRECT_IMLS_SC;NO_FABRICATED_NEAREST,INDIRECT_IMLS_SC;NO_FABRICATED_NEAREST;NOT_REJECTED;NOT_USPS_VALIDITY;NO_INVENTORY
10282,EXACT_IMLS_OUTLET_ZIP,NY0778,095,,EXACT_OUTLET;TIE_FSCSKEY_SEQ,EXACT_OUTLET;NOT_USPS_VALIDITY;NO_INVENTORY
10285,OBSERVED_REFERENCE_INDIRECT_ONLY,,,,INDIRECT_IMLS_SC;NO_FABRICATED_NEAREST,INDIRECT_IMLS_SC;NO_FABRICATED_NEAREST;NOT_REJECTED;NOT_USPS_VALIDITY;NO_INVENTORY
10286,OBSERVED_REFERENCE_INDIRECT_ONLY,,,,INDIRECT_IMLS_SC;NO_FABRICATED_NEAREST,INDIRECT_IMLS_SC;NO_FABRICATED_NEAREST;NOT_REJECTED;NOT_USPS_VALIDITY;NO_INVENTORY
10301,EXACT_IMLS_OUTLET_ZIP,NY0778,060,,EXACT_OUTLET;TIE_FSCSKEY_SEQ,EXACT_OUTLET;NOT_USPS_VALIDITY;NO_INVENTORY
10302,EXACT_IMLS_OUTLET_ZIP,NY0778,056,,EXACT_OUTLET;TIE_FSCSKEY_SEQ,EXACT_OUTLET;NOT_USPS_VALIDITY;NO_INVENTORY
10303,EXACT_IMLS_OUTLET_ZIP,NY0778,098,,EXACT_OUTLET;TIE_FSCSKEY_SEQ,EXACT_OUTLET;NOT_USPS_VALIDITY;NO_INVENTORY
10304,EXACT_IMLS_OUTLET_ZIP,NY0778,067,,EXACT_OUTLET;TIE_FSCSKEY_SEQ,EXACT_OUTLET;NOT_USPS_VALIDITY;NO_INVENTORY
10305,EXACT_IMLS_OUTLET_ZIP,NY0778,065,,EXACT_OUTLET;TIE_FSCSKEY_SEQ,EXACT_OUTLET;NOT_USPS_VALIDITY;NO_INVENTORY
10306,EXACT_IMLS_OUTLET_ZIP,NY0778,049,,EXACT_OUTLET;TIE_FSCSKEY_SEQ,EXACT_OUTLET;NOT_USPS_VALIDITY;NO_INVENTORY
10307,EXACT_IMLS_OUTLET_ZIP,NY0778,071,,EXACT_OUTLET;TIE_FSCSKEY_SEQ,EXACT_OUTLET;NOT_USPS_VALIDITY;NO_INVENTORY
10308,EXACT_IMLS_OUTLET_ZIP,NY0778,027,,EXACT_OUTLET;TIE_FSCSKEY_SEQ,EXACT_OUTLET;NOT_USPS_VALIDITY;NO_INVENTORY
10309,EXACT_IMLS_OUTLET_ZIP,NY0778,104,,EXACT_OUTLET;TIE_FSCSKEY_SEQ,EXACT_OUTLET;NOT_USPS_VALIDITY;NO_INVENTORY
10310,EXACT_IMLS_OUTLET_ZIP,NY0778,079,,EXACT_OUTLET;TIE_FSCSKEY_SEQ,EXACT_OUTLET;NOT_USPS_VALIDITY;NO_INVENTORY
10311,ZCTA_NEAREST_ACTIVE_OUTLET,NY0778,069,2.658,ZCTA_NN;R6371;TIE_FIRST_LEX,ZCTA_NN_HAVERSINE;NOT_ELIGIBILITY;NOT_USPS_VALIDITY;NO_INVENTORY
10312,EXACT_IMLS_OUTLET_ZIP,NY0778,033,,EXACT_OUTLET;TIE_FSCSKEY_SEQ,EXACT_OUTLET;NOT_USPS_VALIDITY;NO_INVENTORY
10314,EXACT_IMLS_OUTLET_ZIP,NY0778,069,,EXACT_OUTLET;TIE_FSCSKEY_SEQ,EXACT_OUTLET;NOT_USPS_VALIDITY;NO_INVENTORY
10451,EXACT_IMLS_OUTLET_ZIP,NY0778,042,,EXACT_OUTLET;TIE_FSCSKEY_SEQ,EXACT_OUTLET;NOT_USPS_VALIDITY;NO_INVENTORY
10452,EXACT_IMLS_OUTLET_ZIP,NY0778,031,,EXACT_OUTLET;TIE_FSCSKEY_SEQ,EXACT_OUTLET;NOT_USPS_VALIDITY;NO_INVENTORY
10453,EXACT_IMLS_OUTLET_ZIP,NY0778,061,,EXACT_OUTLET;TIE_FSCSKEY_SEQ,EXACT_OUTLET;NOT_USPS_VALIDITY;NO_INVENTORY
10454,EXACT_IMLS_OUTLET_ZIP,NY0778,046,,EXACT_OUTLET;TIE_FSCSKEY_SEQ,EXACT_OUTLET;NOT_USPS_VALIDITY;NO_INVENTORY
10455,ZCTA_NEAREST_ACTIVE_OUTLET,NY0778,082,0.711,ZCTA_NN;R6371;TIE_FIRST_LEX,ZCTA_NN_HAVERSINE;NOT_ELIGIBILITY;NOT_USPS_VALIDITY;NO_INVENTORY
10456,EXACT_IMLS_OUTLET_ZIP,NY0778,044,,EXACT_OUTLET;TIE_FSCSKEY_SEQ,EXACT_OUTLET;NOT_USPS_VALIDITY;NO_INVENTORY
10457,EXACT_IMLS_OUTLET_ZIP,NY0778,026,,EXACT_OUTLET;TIE_FSCSKEY_SEQ,EXACT_OUTLET;NOT_USPS_VALIDITY;NO_INVENTORY
10458,EXACT_IMLS_OUTLET_ZIP,NY0778,005,,EXACT_OUTLET;TIE_FSCSKEY_SEQ,EXACT_OUTLET;NOT_USPS_VALIDITY;NO_INVENTORY
10459,EXACT_IMLS_OUTLET_ZIP,NY0778,034,,EXACT_OUTLET;TIE_FSCSKEY_SEQ,EXACT_OUTLET;NOT_USPS_VALIDITY;NO_INVENTORY
10460,EXACT_IMLS_OUTLET_ZIP,NY0778,078,,EXACT_OUTLET;TIE_FSCSKEY_SEQ,EXACT_OUTLET;NOT_USPS_VALIDITY;NO_INVENTORY
10461,EXACT_IMLS_OUTLET_ZIP,NY0778,055,,EXACT_OUTLET;TIE_FSCSKEY_SEQ,EXACT_OUTLET;NOT_USPS_VALIDITY;NO_INVENTORY
10462,EXACT_IMLS_OUTLET_ZIP,NY0778,054,,EXACT_OUTLET;TIE_FSCSKEY_SEQ,EXACT_OUTLET;NOT_USPS_VALIDITY;NO_INVENTORY
10463,EXACT_IMLS_OUTLET_ZIP,NY0778,038,,EXACT_OUTLET;TIE_FSCSKEY_SEQ,EXACT_OUTLET;NOT_USPS_VALIDITY;NO_INVENTORY
10464,ZCTA_NEAREST_ACTIVE_OUTLET,NY0778,004,2.806,ZCTA_NN;R6371;TIE_FIRST_LEX,ZCTA_NN_HAVERSINE;NOT_ELIGIBILITY;NOT_USPS_VALIDITY;NO_INVENTORY
10465,ZCTA_NEAREST_ACTIVE_OUTLET,NY0778,055,1.978,ZCTA_NN;R6371;TIE_FIRST_LEX,ZCTA_NN_HAVERSINE;NOT_ELIGIBILITY;NOT_USPS_VALIDITY;NO_INVENTORY
10466,EXACT_IMLS_OUTLET_ZIP,NY0778,018,,EXACT_OUTLET;TIE_FSCSKEY_SEQ,EXACT_OUTLET;NOT_USPS_VALIDITY;NO_INVENTORY
10467,EXACT_IMLS_OUTLET_ZIP,NY0778,003,,EXACT_OUTLET;TIE_FSCSKEY_SEQ,EXACT_OUTLET;NOT_USPS_VALIDITY;NO_INVENTORY
10468,EXACT_IMLS_OUTLET_ZIP,NY0778,037,,EXACT_OUTLET;TIE_FSCSKEY_SEQ,EXACT_OUTLET;NOT_USPS_VALIDITY;NO_INVENTORY
10469,EXACT_IMLS_OUTLET_ZIP,NY0778,017,,EXACT_OUTLET;TIE_FSCSKEY_SEQ,EXACT_OUTLET;NOT_USPS_VALIDITY;NO_INVENTORY
10470,EXACT_IMLS_OUTLET_ZIP,NY0778,081,,EXACT_OUTLET;TIE_FSCSKEY_SEQ,EXACT_OUTLET;NOT_USPS_VALIDITY;NO_INVENTORY
10471,ZCTA_NEAREST_ACTIVE_OUTLET,NY0778,066,1.640,ZCTA_NN;R6371;TIE_FIRST_LEX,ZCTA_NN_HAVERSINE;NOT_ELIGIBILITY;NOT_USPS_VALIDITY;NO_INVENTORY
10472,EXACT_IMLS_OUTLET_ZIP,NY0778,011,,EXACT_OUTLET;TIE_FSCSKEY_SEQ,EXACT_OUTLET;NOT_USPS_VALIDITY;NO_INVENTORY
10473,EXACT_IMLS_OUTLET_ZIP,NY0778,007,,EXACT_OUTLET;TIE_FSCSKEY_SEQ,EXACT_OUTLET;NOT_USPS_VALIDITY;NO_INVENTORY
10474,ZCTA_NEAREST_ACTIVE_OUTLET,NY0778,034,1.097,ZCTA_NN;R6371;TIE_FIRST_LEX,ZCTA_NN_HAVERSINE;NOT_ELIGIBILITY;NOT_USPS_VALIDITY;NO_INVENTORY
10475,EXACT_IMLS_OUTLET_ZIP,NY0778,004,,EXACT_OUTLET;TIE_FSCSKEY_SEQ,EXACT_OUTLET;NOT_USPS_VALIDITY;NO_INVENTORY
10501,ZCTA_NEAREST_ACTIVE_OUTLET,NY0756,002,3.188,ZCTA_NN;R6371;TIE_FIRST_LEX,ZCTA_NN_HAVERSINE;NOT_ELIGIBILITY;NOT_USPS_VALIDITY;NO_INVENTORY
10502,EXACT_IMLS_OUTLET_ZIP,NY0725,002,,EXACT_OUTLET;TIE_FSCSKEY_SEQ,EXACT_OUTLET;NOT_USPS_VALIDITY;NO_INVENTORY
10503,ZCTA_NEAREST_ACTIVE_OUTLET,NY0738,002,1.302,ZCTA_NN;R6371;TIE_FIRST_LEX,ZCTA_NN_HAVERSINE;NOT_ELIGIBILITY;NOT_USPS_VALIDITY;NO_INVENTORY
10504,EXACT_IMLS_OUTLET_ZIP,NY0726,002,,EXACT_OUTLET;TIE_FSCSKEY_SEQ,EXACT_OUTLET;NOT_USPS_VALIDITY;NO_INVENTORY
10505,ZCTA_NEAREST_ACTIVE_OUTLET,NY0781,002,3.730,ZCTA_NN;R6371;TIE_FIRST_LEX,ZCTA_NN_HAVERSINE;NOT_ELIGIBILITY;NOT_USPS_VALIDITY;NO_INVENTORY
10506,EXACT_IMLS_OUTLET_ZIP,NY0727,002,,EXACT_OUTLET;TIE_FSCSKEY_SEQ,EXACT_OUTLET;NOT_USPS_VALIDITY;NO_INVENTORY
10507,EXACT_IMLS_OUTLET_ZIP,NY0728,002,,EXACT_OUTLET;TIE_FSCSKEY_SEQ,EXACT_OUTLET;NOT_USPS_VALIDITY;NO_INVENTORY
10509,EXACT_IMLS_OUTLET_ZIP,NY0248,002,,EXACT_OUTLET;TIE_FSCSKEY_SEQ,EXACT_OUTLET;NOT_USPS_VALIDITY;NO_INVENTORY
10510,EXACT_IMLS_OUTLET_ZIP,NY0729,002,,EXACT_OUTLET;TIE_FSCSKEY_SEQ,EXACT_OUTLET;NOT_USPS_VALIDITY;NO_INVENTORY
10511,ZCTA_NEAREST_ACTIVE_OUTLET,NY0742,002,1.487,ZCTA_NN;R6371;TIE_FIRST_LEX,ZCTA_NN_HAVERSINE;NOT_ELIGIBILITY;NOT_USPS_VALIDITY;NO_INVENTORY
10512,EXACT_IMLS_OUTLET_ZIP,NY0249,002,,EXACT_OUTLET;TIE_FSCSKEY_SEQ,EXACT_OUTLET;NOT_USPS_VALIDITY;NO_INVENTORY
10514,EXACT_IMLS_OUTLET_ZIP,NY0731,002,,EXACT_OUTLET;TIE_FSCSKEY_SEQ,EXACT_OUTLET;NOT_USPS_VALIDITY;NO_INVENTORY
10516,EXACT_IMLS_OUTLET_ZIP,NY0250,002,,EXACT_OUTLET;TIE_FSCSKEY_SEQ,EXACT_OUTLET;NOT_USPS_VALIDITY;NO_INVENTORY
10517,ZCTA_NEAREST_ACTIVE_OUTLET,NY0762,002,4.313,ZCTA_NN;R6371;TIE_FIRST_LEX,ZCTA_NN_HAVERSINE;NOT_ELIGIBILITY;NOT_USPS_VALIDITY;NO_INVENTORY
10518,ZCTA_NEAREST_ACTIVE_OUTLET,NY0757,002,2.906,ZCTA_NN;R6371;TIE_FIRST_LEX,ZCTA_NN_HAVERSINE;NOT_ELIGIBILITY;NOT_USPS_VALIDITY;NO_INVENTORY
10519,ZCTA_NEAREST_ACTIVE_OUTLET,NY0746,002,5.803,ZCTA_NN;R6371;TIE_FIRST_LEX,ZCTA_NN_HAVERSINE;NOT_ELIGIBILITY;NOT_USPS_VALIDITY;NO_INVENTORY
10520,EXACT_IMLS_OUTLET_ZIP,NY0732,002,,EXACT_OUTLET;TIE_FSCSKEY_SEQ,EXACT_OUTLET;NOT_USPS_VALIDITY;NO_INVENTORY
10522,EXACT_IMLS_OUTLET_ZIP,NY0733,002,,EXACT_OUTLET;TIE_FSCSKEY_SEQ,EXACT_OUTLET;NOT_USPS_VALIDITY;NO_INVENTORY
10523,EXACT_IMLS_OUTLET_ZIP,NY0735,003,,EXACT_OUTLET;TIE_FSCSKEY_SEQ,EXACT_OUTLET;NOT_USPS_VALIDITY;NO_INVENTORY
10524,EXACT_IMLS_OUTLET_ZIP,NY0251,002,,EXACT_OUTLET;TIE_FSCSKEY_SEQ,EXACT_OUTLET;NOT_USPS_VALIDITY;NO_INVENTORY
10526,ZCTA_NEAREST_ACTIVE_OUTLET,NY0739,002,4.521,ZCTA_NN;R6371;TIE_FIRST_LEX,ZCTA_NN_HAVERSINE;NOT_ELIGIBILITY;NOT_USPS_VALIDITY;NO_INVENTORY
10527,ZCTA_NEAREST_ACTIVE_OUTLET,NY0756,002,4.479,ZCTA_NN;R6371;TIE_FIRST_LEX,ZCTA_NN_HAVERSINE;NOT_ELIGIBILITY;NOT_USPS_VALIDITY;NO_INVENTORY
10528,EXACT_IMLS_OUTLET_ZIP,NY0736,002,,EXACT_OUTLET;TIE_FSCSKEY_SEQ,EXACT_OUTLET;NOT_USPS_VALIDITY;NO_INVENTORY
10530,ZCTA_NEAREST_ACTIVE_OUTLET,NY0735,003,2.606,ZCTA_NN;R6371;TIE_FIRST_LEX,ZCTA_NN_HAVERSINE;NOT_ELIGIBILITY;NOT_USPS_VALIDITY;NO_INVENTORY
10532,ZCTA_NEAREST_ACTIVE_OUTLET,NY0750,004,2.418,ZCTA_NN;R6371;TIE_FIRST_LEX,ZCTA_NN_HAVERSINE;NOT_ELIGIBILITY;NOT_USPS_VALIDITY;NO_INVENTORY
10533,EXACT_IMLS_OUTLET_ZIP,NY0738,002,,EXACT_OUTLET;TIE_FSCSKEY_SEQ,EXACT_OUTLET;NOT_USPS_VALIDITY;NO_INVENTORY
10535,ZCTA_NEAREST_ACTIVE_OUTLET,NY0762,002,3.018,ZCTA_NN;R6371;TIE_FIRST_LEX,ZCTA_NN_HAVERSINE;NOT_ELIGIBILITY;NOT_USPS_VALIDITY;NO_INVENTORY
10536,EXACT_IMLS_OUTLET_ZIP,NY0739,002,,EXACT_OUTLET;TIE_FSCSKEY_SEQ,EXACT_OUTLET;NOT_USPS_VALIDITY;NO_INVENTORY
10537,ZCTA_NEAREST_ACTIVE_OUTLET,NY0255,002,1.001,ZCTA_NN;R6371;TIE_FIRST_LEX,ZCTA_NN_HAVERSINE;NOT_ELIGIBILITY;NOT_USPS_VALIDITY;NO_INVENTORY
10538,EXACT_IMLS_OUTLET_ZIP,NY0740,002,,EXACT_OUTLET;TIE_FSCSKEY_SEQ,EXACT_OUTLET;NOT_USPS_VALIDITY;NO_INVENTORY
10540,ZCTA_NEAREST_ACTIVE_OUTLET,NY0756,002,1.650,ZCTA_NN;R6371;TIE_FIRST_LEX,ZCTA_NN_HAVERSINE;NOT_ELIGIBILITY;NOT_USPS_VALIDITY;NO_INVENTORY
10541,EXACT_IMLS_OUTLET_ZIP,NY0781,002,,EXACT_OUTLET;TIE_FSCSKEY_SEQ,EXACT_OUTLET;NOT_USPS_VALIDITY;NO_INVENTORY
10542,ZCTA_NEAREST_ACTIVE_OUTLET,NY0781,002,2.842,ZCTA_NN;R6371;TIE_FIRST_LEX,ZCTA_NN_HAVERSINE;NOT_ELIGIBILITY;NOT_USPS_VALIDITY;NO_INVENTORY
10543,EXACT_IMLS_OUTLET_ZIP,NY0741,002,,EXACT_OUTLET;TIE_FSCSKEY_SEQ,EXACT_OUTLET;NOT_USPS_VALIDITY;NO_INVENTORY
10545,ZCTA_NEAREST_ACTIVE_OUTLET,NY0747,002,2.630,ZCTA_NN;R6371;TIE_FIRST_LEX,ZCTA_NN_HAVERSINE;NOT_ELIGIBILITY;NOT_USPS_VALIDITY;NO_INVENTORY
10546,ZCTA_NEAREST_ACTIVE_OUTLET,NY0731,002,5.118,ZCTA_NN;R6371;TIE_FIRST_LEX,ZCTA_NN_HAVERSINE;NOT_ELIGIBILITY;NOT_USPS_VALIDITY;NO_INVENTORY
10547,ZCTA_NEAREST_ACTIVE_OUTLET,NY0762,002,2.284,ZCTA_NN;R6371;TIE_FIRST_LEX,ZCTA_NN_HAVERSINE;NOT_ELIGIBILITY;NOT_USPS_VALIDITY;NO_INVENTORY
10548,EXACT_IMLS_OUTLET_ZIP,NY0742,002,,EXACT_OUTLET;TIE_FSCSKEY_SEQ,EXACT_OUTLET;NOT_USPS_VALIDITY;NO_INVENTORY
10549,EXACT_IMLS_OUTLET_ZIP,NY0743,002,,EXACT_OUTLET;TIE_FSCSKEY_SEQ,EXACT_OUTLET;NOT_USPS_VALIDITY;NO_INVENTORY
10550,EXACT_IMLS_OUTLET_ZIP,NY0744,002,,EXACT_OUTLET;TIE_FSCSKEY_SEQ,EXACT_OUTLET;NOT_USPS_VALIDITY;NO_INVENTORY
10552,ZCTA_NEAREST_ACTIVE_OUTLET,NY0730,002,1.390,ZCTA_NN;R6371;TIE_FIRST_LEX,ZCTA_NN_HAVERSINE;NOT_ELIGIBILITY;NOT_USPS_VALIDITY;NO_INVENTORY
10553,ZCTA_NEAREST_ACTIVE_OUTLET,NY0749,002,0.895,ZCTA_NN;R6371;TIE_FIRST_LEX,ZCTA_NN_HAVERSINE;NOT_ELIGIBILITY;NOT_USPS_VALIDITY;NO_INVENTORY
10560,EXACT_IMLS_OUTLET_ZIP,NY0746,002,,EXACT_OUTLET;TIE_FSCSKEY_SEQ,EXACT_OUTLET;NOT_USPS_VALIDITY;NO_INVENTORY
10562,EXACT_IMLS_OUTLET_ZIP,NY0747,002,,EXACT_OUTLET;TIE_FSCSKEY_SEQ,EXACT_OUTLET;NOT_USPS_VALIDITY;NO_INVENTORY
10566,EXACT_IMLS_OUTLET_ZIP,NY0748,002,,EXACT_OUTLET;TIE_FSCSKEY_SEQ,EXACT_OUTLET;NOT_USPS_VALIDITY;NO_INVENTORY
10567,ZCTA_NEAREST_ACTIVE_OUTLET,NY0748,002,2.276,ZCTA_NN;R6371;TIE_FIRST_LEX,ZCTA_NN_HAVERSINE;NOT_ELIGIBILITY;NOT_USPS_VALIDITY;NO_INVENTORY
10570,EXACT_IMLS_OUTLET_ZIP,NY0750,002,,EXACT_OUTLET;TIE_FSCSKEY_SEQ,EXACT_OUTLET;NOT_USPS_VALIDITY;NO_INVENTORY
10573,EXACT_IMLS_OUTLET_ZIP,NY0751,002,,EXACT_OUTLET;TIE_FSCSKEY_SEQ,EXACT_OUTLET;NOT_USPS_VALIDITY;NO_INVENTORY
10576,EXACT_IMLS_OUTLET_ZIP,NY0752,002,,EXACT_OUTLET;TIE_FSCSKEY_SEQ,EXACT_OUTLET;NOT_USPS_VALIDITY;NO_INVENTORY
10577,EXACT_IMLS_OUTLET_ZIP,NY0753,002,,EXACT_OUTLET;TIE_FSCSKEY_SEQ,EXACT_OUTLET;NOT_USPS_VALIDITY;NO_INVENTORY
10578,ZCTA_NEAREST_ACTIVE_OUTLET,NY0756,002,3.365,ZCTA_NN;R6371;TIE_FIRST_LEX,ZCTA_NN_HAVERSINE;NOT_ELIGIBILITY;NOT_USPS_VALIDITY;NO_INVENTORY
10579,EXACT_IMLS_OUTLET_ZIP,NY0255,002,,EXACT_OUTLET;TIE_FSCSKEY_SEQ,EXACT_OUTLET;NOT_USPS_VALIDITY;NO_INVENTORY
10580,EXACT_IMLS_OUTLET_ZIP,NY0754,002,,EXACT_OUTLET;TIE_FSCSKEY_SEQ,EXACT_OUTLET;NOT_USPS_VALIDITY;NO_INVENTORY
10583,EXACT_IMLS_OUTLET_ZIP,NY0755,002,,EXACT_OUTLET;TIE_FSCSKEY_SEQ,EXACT_OUTLET;NOT_USPS_VALIDITY;NO_INVENTORY
10587,OBSERVED_REFERENCE_INDIRECT_ONLY,,,,INDIRECT_IMLS_SC;NO_FABRICATED_NEAREST,INDIRECT_IMLS_SC;NO_FABRICATED_NEAREST;NOT_REJECTED;NOT_USPS_VALIDITY;NO_INVENTORY
10588,EXACT_IMLS_OUTLET_ZIP,NY0762,002,,EXACT_OUTLET;TIE_FSCSKEY_SEQ,EXACT_OUTLET;NOT_USPS_VALIDITY;NO_INVENTORY
10589,EXACT_IMLS_OUTLET_ZIP,NY0756,002,,EXACT_OUTLET;TIE_FSCSKEY_SEQ,EXACT_OUTLET;NOT_USPS_VALIDITY;NO_INVENTORY
10590,EXACT_IMLS_OUTLET_ZIP,NY0757,002,,EXACT_OUTLET;TIE_FSCSKEY_SEQ,EXACT_OUTLET;NOT_USPS_VALIDITY;NO_INVENTORY
10591,EXACT_IMLS_OUTLET_ZIP,NY0758,002,,EXACT_OUTLET;TIE_FSCSKEY_SEQ,EXACT_OUTLET;NOT_USPS_VALIDITY;NO_INVENTORY
10594,ZCTA_NEAREST_ACTIVE_OUTLET,NY0750,004,1.828,ZCTA_NN;R6371;TIE_FIRST_LEX,ZCTA_NN_HAVERSINE;NOT_ELIGIBILITY;NOT_USPS_VALIDITY;NO_INVENTORY
10595,EXACT_IMLS_OUTLET_ZIP,NY0750,004,,EXACT_OUTLET;TIE_FSCSKEY_SEQ,EXACT_OUTLET;NOT_USPS_VALIDITY;NO_INVENTORY
10596,ZCTA_NEAREST_ACTIVE_OUTLET,NY0742,002,1.297,ZCTA_NN;R6371;TIE_FIRST_LEX,ZCTA_NN_HAVERSINE;NOT_ELIGIBILITY;NOT_USPS_VALIDITY;NO_INVENTORY
10597,ZCTA_NEAREST_ACTIVE_OUTLET,NY0757,002,3.867,ZCTA_NN;R6371;TIE_FIRST_LEX,ZCTA_NN_HAVERSINE;NOT_ELIGIBILITY;NOT_USPS_VALIDITY;NO_INVENTORY
10598,ZCTA_NEAREST_ACTIVE_OUTLET,NY0762,002,5.914,ZCTA_NN;R6371;TIE_FIRST_LEX,ZCTA_NN_HAVERSINE;NOT_ELIGIBILITY;NOT_USPS_VALIDITY;NO_INVENTORY
10601,EXACT_IMLS_OUTLET_ZIP,NY0760,002,,EXACT_OUTLET;TIE_FSCSKEY_SEQ,EXACT_OUTLET;NOT_USPS_VALIDITY;NO_INVENTORY
10602,OBSERVED_REFERENCE_INDIRECT_ONLY,,,,INDIRECT_IMLS_SC;NO_FABRICATED_NEAREST,INDIRECT_IMLS_SC;NO_FABRICATED_NEAREST;NOT_REJECTED;NOT_USPS_VALIDITY;NO_INVENTORY
10603,EXACT_IMLS_OUTLET_ZIP,NY0726,003,,EXACT_OUTLET;TIE_FSCSKEY_SEQ,EXACT_OUTLET;NOT_USPS_VALIDITY;NO_INVENTORY
10604,EXACT_IMLS_OUTLET_ZIP,NY0736,003,,EXACT_OUTLET;TIE_FSCSKEY_SEQ,EXACT_OUTLET;NOT_USPS_VALIDITY;NO_INVENTORY
10605,ZCTA_NEAREST_ACTIVE_OUTLET,NY0760,002,3.065,ZCTA_NN;R6371;TIE_FIRST_LEX,ZCTA_NN_HAVERSINE;NOT_ELIGIBILITY;NOT_USPS_VALIDITY;NO_INVENTORY
10606,ZCTA_NEAREST_ACTIVE_OUTLET,NY0760,002,1.221,ZCTA_NN;R6371;TIE_FIRST_LEX,ZCTA_NN_HAVERSINE;NOT_ELIGIBILITY;NOT_USPS_VALIDITY;NO_INVENTORY
10607,ZCTA_NEAREST_ACTIVE_OUTLET,NY0735,003,0.937,ZCTA_NN;R6371;TIE_FIRST_LEX,ZCTA_NN_HAVERSINE;NOT_ELIGIBILITY;NOT_USPS_VALIDITY;NO_INVENTORY
10610,OBSERVED_REFERENCE_INDIRECT_ONLY,,,,INDIRECT_IMLS_SC;NO_FABRICATED_NEAREST,INDIRECT_IMLS_SC;NO_FABRICATED_NEAREST;NOT_REJECTED;NOT_USPS_VALIDITY;NO_INVENTORY
10701,EXACT_IMLS_OUTLET_ZIP,NY0761,007,,EXACT_OUTLET;TIE_FSCSKEY_SEQ,EXACT_OUTLET;NOT_USPS_VALIDITY;NO_INVENTORY
10702,OBSERVED_REFERENCE_INDIRECT_ONLY,,,,INDIRECT_IMLS_SC;NO_FABRICATED_NEAREST,INDIRECT_IMLS_SC;NO_FABRICATED_NEAREST;NOT_REJECTED;NOT_USPS_VALIDITY;NO_INVENTORY
10703,ZCTA_NEAREST_ACTIVE_OUTLET,NY0761,007,2.922,ZCTA_NN;R6371;TIE_FIRST_LEX,ZCTA_NN_HAVERSINE;NOT_ELIGIBILITY;NOT_USPS_VALIDITY;NO_INVENTORY
10704,ZCTA_NEAREST_ACTIVE_OUTLET,NY0778,081,2.183,ZCTA_NN;R6371;TIE_FIRST_LEX,ZCTA_NN_HAVERSINE;NOT_ELIGIBILITY;NOT_USPS_VALIDITY;NO_INVENTORY
10705,ZCTA_NEAREST_ACTIVE_OUTLET,NY0761,007,2.158,ZCTA_NN;R6371;TIE_FIRST_LEX,ZCTA_NN_HAVERSINE;NOT_ELIGIBILITY;NOT_USPS_VALIDITY;NO_INVENTORY
10706,EXACT_IMLS_OUTLET_ZIP,NY0737,002,,EXACT_OUTLET;TIE_FSCSKEY_SEQ,EXACT_OUTLET;NOT_USPS_VALIDITY;NO_INVENTORY
10707,EXACT_IMLS_OUTLET_ZIP,NY0759,002,,EXACT_OUTLET;TIE_FSCSKEY_SEQ,EXACT_OUTLET;NOT_USPS_VALIDITY;NO_INVENTORY
10708,EXACT_IMLS_OUTLET_ZIP,NY0730,002,,EXACT_OUTLET;TIE_FSCSKEY_SEQ,EXACT_OUTLET;NOT_USPS_VALIDITY;NO_INVENTORY
10709,EXACT_IMLS_OUTLET_ZIP,NY0734,002,,EXACT_OUTLET;TIE_FSCSKEY_SEQ,EXACT_OUTLET;NOT_USPS_VALIDITY;NO_INVENTORY
10710,EXACT_IMLS_OUTLET_ZIP,NY0761,003,,EXACT_OUTLET;TIE_FSCSKEY_SEQ,EXACT_OUTLET;NOT_USPS_VALIDITY;NO_INVENTORY
10801,EXACT_IMLS_OUTLET_ZIP,NY0745,002,,EXACT_OUTLET;TIE_FSCSKEY_SEQ,EXACT_OUTLET;NOT_USPS_VALIDITY;NO_INVENTORY
10802,OBSERVED_REFERENCE_INDIRECT_ONLY,,,,INDIRECT_IMLS_SC;NO_FABRICATED_NEAREST,INDIRECT_IMLS_SC;NO_FABRICATED_NEAREST;NOT_REJECTED;NOT_USPS_VALIDITY;NO_INVENTORY
10803,EXACT_IMLS_OUTLET_ZIP,NY0749,002,,EXACT_OUTLET;TIE_FSCSKEY_SEQ,EXACT_OUTLET;NOT_USPS_VALIDITY;NO_INVENTORY
10804,ZCTA_NEAREST_ACTIVE_OUTLET,NY0745,003,2.038,ZCTA_NN;R6371;TIE_FIRST_LEX,ZCTA_NN_HAVERSINE;NOT_ELIGIBILITY;NOT_USPS_VALIDITY;NO_INVENTORY
10805,ZCTA_NEAREST_ACTIVE_OUTLET,NY0745,002,3.333,ZCTA_NN;R6371;TIE_FIRST_LEX,ZCTA_NN_HAVERSINE;NOT_ELIGIBILITY;NOT_USPS_VALIDITY;NO_INVENTORY
10901,EXACT_IMLS_OUTLET_ZIP,NY0594,002,,EXACT_OUTLET;TIE_FSCSKEY_SEQ,EXACT_OUTLET;NOT_USPS_VALIDITY;NO_INVENTORY
10910,ZCTA_NEAREST_ACTIVE_OUTLET,NY0777,003,5.902,ZCTA_NN;R6371;TIE_FIRST_LEX,ZCTA_NN_HAVERSINE;NOT_ELIGIBILITY;NOT_USPS_VALIDITY;NO_INVENTORY
10911,ZCTA_NEAREST_ACTIVE_OUTLET,NY0596,002,5.694,ZCTA_NN;R6371;TIE_FIRST_LEX,ZCTA_NN_HAVERSINE;NOT_ELIGIBILITY;NOT_USPS_VALIDITY;NO_INVENTORY
10912,OBSERVED_REFERENCE_INDIRECT_ONLY,,,,INDIRECT_IMLS_SC;NO_FABRICATED_NEAREST,INDIRECT_IMLS_SC;NO_FABRICATED_NEAREST;NOT_REJECTED;NOT_USPS_VALIDITY;NO_INVENTORY
10913,EXACT_IMLS_OUTLET_ZIP,NY0582,002,,EXACT_OUTLET;TIE_FSCSKEY_SEQ,EXACT_OUTLET;NOT_USPS_VALIDITY;NO_INVENTORY
10914,ZCTA_NEAREST_ACTIVE_OUTLET,NY0581,002,2.934,ZCTA_NN;R6371;TIE_FIRST_LEX,ZCTA_NN_HAVERSINE;NOT_ELIGIBILITY;NOT_USPS_VALIDITY;NO_INVENTORY
10915,ZCTA_NEAREST_ACTIVE_OUTLET,NY0576,002,9.156,ZCTA_NN;R6371;TIE_FIRST_LEX,ZCTA_NN_HAVERSINE;NOT_ELIGIBILITY;NOT_USPS_VALIDITY;NO_INVENTORY
10916,ZCTA_NEAREST_ACTIVE_OUTLET,NY0581,002,6.887,ZCTA_NN;R6371;TIE_FIRST_LEX,ZCTA_NN_HAVERSINE;NOT_ELIGIBILITY;NOT_USPS_VALIDITY;NO_INVENTORY
10917,EXACT_IMLS_OUTLET_ZIP,NY0777,003,,EXACT_OUTLET;TIE_FSCSKEY_SEQ,EXACT_OUTLET;NOT_USPS_VALIDITY;NO_INVENTORY
10918,EXACT_IMLS_OUTLET_ZIP,NY0565,002,,EXACT_OUTLET;TIE_FSCSKEY_SEQ,EXACT_OUTLET;NOT_USPS_VALIDITY;NO_INVENTORY
10919,ZCTA_NEAREST_ACTIVE_OUTLET,NY0572,002,9.206,ZCTA_NN;R6371;TIE_FIRST_LEX,ZCTA_NN_HAVERSINE;NOT_ELIGIBILITY;NOT_USPS_VALIDITY;NO_INVENTORY
10920,ZCTA_NEAREST_ACTIVE_OUTLET,NY0585,002,4.173,ZCTA_NN;R6371;TIE_FIRST_LEX,ZCTA_NN_HAVERSINE;NOT_ELIGIBILITY;NOT_USPS_VALIDITY;NO_INVENTORY
10921,EXACT_IMLS_OUTLET_ZIP,NY0567,002,,EXACT_OUTLET;TIE_FSCSKEY_SEQ,EXACT_OUTLET;NOT_USPS_VALIDITY;NO_INVENTORY
10922,ZCTA_NEAREST_ACTIVE_OUTLET,NY0570,002,4.171,ZCTA_NN;R6371;TIE_FIRST_LEX,ZCTA_NN_HAVERSINE;NOT_ELIGIBILITY;NOT_USPS_VALIDITY;NO_INVENTORY
10923,EXACT_IMLS_OUTLET_ZIP,NY0583,002,,EXACT_OUTLET;TIE_FSCSKEY_SEQ,EXACT_OUTLET;NOT_USPS_VALIDITY;NO_INVENTORY
10924,EXACT_IMLS_OUTLET_ZIP,NY0568,002,,EXACT_OUTLET;TIE_FSCSKEY_SEQ,EXACT_OUTLET;NOT_USPS_VALIDITY;NO_INVENTORY
10925,EXACT_IMLS_OUTLET_ZIP,NY0569,002,,EXACT_OUTLET;TIE_FSCSKEY_SEQ,EXACT_OUTLET;NOT_USPS_VALIDITY;NO_INVENTORY
10926,ZCTA_NEAREST_ACTIVE_OUTLET,NY0578,002,8.420,ZCTA_NN;R6371;TIE_FIRST_LEX,ZCTA_NN_HAVERSINE;NOT_ELIGIBILITY;NOT_USPS_VALIDITY;NO_INVENTORY
10927,EXACT_IMLS_OUTLET_ZIP,NY0583,004,,EXACT_OUTLET;TIE_FSCSKEY_SEQ,EXACT_OUTLET;NOT_USPS_VALIDITY;NO_INVENTORY
10928,EXACT_IMLS_OUTLET_ZIP,NY0570,002,,EXACT_OUTLET;TIE_FSCSKEY_SEQ,EXACT_OUTLET;NOT_USPS_VALIDITY;NO_INVENTORY
10930,EXACT_IMLS_OUTLET_ZIP,NY0777,004,,EXACT_OUTLET;TIE_FSCSKEY_SEQ,EXACT_OUTLET;NOT_USPS_VALIDITY;NO_INVENTORY
10931,ZCTA_NEAREST_ACTIVE_OUTLET,NY0594,002,3.177,ZCTA_NN;R6371;TIE_FIRST_LEX,ZCTA_NN_HAVERSINE;NOT_ELIGIBILITY;NOT_USPS_VALIDITY;NO_INVENTORY
10932,ZCTA_NEAREST_ACTIVE_OUTLET,NY0572,002,5.366,ZCTA_NN;R6371;TIE_FIRST_LEX,ZCTA_NN_HAVERSINE;NOT_ELIGIBILITY;NOT_USPS_VALIDITY;NO_INVENTORY
10933,ZCTA_NEAREST_ACTIVE_OUTLET,NY0572,002,11.687,ZCTA_NN;R6371;TIE_FIRST_LEX,ZCTA_NN_HAVERSINE;NOT_ELIGIBILITY;NOT_USPS_VALIDITY;NO_INVENTORY
10940,EXACT_IMLS_OUTLET_ZIP,NY0572,002,,EXACT_OUTLET;TIE_FSCSKEY_SEQ,EXACT_OUTLET;NOT_USPS_VALIDITY;NO_INVENTORY
10941,ZCTA_NEAREST_ACTIVE_OUTLET,NY0572,002,7.910,ZCTA_NN;R6371;TIE_FIRST_LEX,ZCTA_NN_HAVERSINE;NOT_ELIGIBILITY;NOT_USPS_VALIDITY;NO_INVENTORY
10949,OBSERVED_REFERENCE_INDIRECT_ONLY,,,,INDIRECT_IMLS_SC;NO_FABRICATED_NEAREST,INDIRECT_IMLS_SC;NO_FABRICATED_NEAREST;NOT_REJECTED;NOT_USPS_VALIDITY;NO_INVENTORY
10950,EXACT_IMLS_OUTLET_ZIP,NY0573,002,,EXACT_OUTLET;TIE_FSCSKEY_SEQ,EXACT_OUTLET;NOT_USPS_VALIDITY;NO_INVENTORY
10952,ZCTA_NEAREST_ACTIVE_OUTLET,NY0592,002,2.628,ZCTA_NN;R6371;TIE_FIRST_LEX,ZCTA_NN_HAVERSINE;NOT_ELIGIBILITY;NOT_USPS_VALIDITY;NO_INVENTORY
10953,ZCTA_NEAREST_ACTIVE_OUTLET,NY0566,002,5.902,ZCTA_NN;R6371;TIE_FIRST_LEX,ZCTA_NN_HAVERSINE;NOT_ELIGIBILITY;NOT_USPS_VALIDITY;NO_INVENTORY
10954,EXACT_IMLS_OUTLET_ZIP,NY0584,002,,EXACT_OUTLET;TIE_FSCSKEY_SEQ,EXACT_OUTLET;NOT_USPS_VALIDITY;NO_INVENTORY
10956,EXACT_IMLS_OUTLET_ZIP,NY0585,002,,EXACT_OUTLET;TIE_FSCSKEY_SEQ,EXACT_OUTLET;NOT_USPS_VALIDITY;NO_INVENTORY
10958,ZCTA_NEAREST_ACTIVE_OUTLET,NY0572,002,7.523,ZCTA_NN;R6371;TIE_FIRST_LEX,ZCTA_NN_HAVERSINE;NOT_ELIGIBILITY;NOT_USPS_VALIDITY;NO_INVENTORY
10960,EXACT_IMLS_OUTLET_ZIP,NY0586,002,,EXACT_OUTLET;TIE_FSCSKEY_SEQ,EXACT_OUTLET;NOT_USPS_VALIDITY;NO_INVENTORY
10962,EXACT_IMLS_OUTLET_ZIP,NY0587,002,,EXACT_OUTLET;TIE_FSCSKEY_SEQ,EXACT_OUTLET;NOT_USPS_VALIDITY;NO_INVENTORY
10963,ZCTA_NEAREST_ACTIVE_OUTLET,NY0572,002,10.267,ZCTA_NN;R6371;TIE_FIRST_LEX,ZCTA_NN_HAVERSINE;NOT_ELIGIBILITY;NOT_USPS_VALIDITY;NO_INVENTORY
10964,EXACT_IMLS_OUTLET_ZIP,NY0588,002,,EXACT_OUTLET;TIE_FSCSKEY_SEQ,EXACT_OUTLET;NOT_USPS_VALIDITY;NO_INVENTORY
10965,EXACT_IMLS_OUTLET_ZIP,NY0589,002,,EXACT_OUTLET;TIE_FSCSKEY_SEQ,EXACT_OUTLET;NOT_USPS_VALIDITY;NO_INVENTORY
10968,EXACT_IMLS_OUTLET_ZIP,NY0590,002,,EXACT_OUTLET;TIE_FSCSKEY_SEQ,EXACT_OUTLET;NOT_USPS_VALIDITY;NO_INVENTORY
10969,ZCTA_NEAREST_ACTIVE_OUTLET,NY0567,002,11.805,ZCTA_NN;R6371;TIE_FIRST_LEX,ZCTA_NN_HAVERSINE;NOT_ELIGIBILITY;NOT_USPS_VALIDITY;NO_INVENTORY
10970,ZCTA_NEAREST_ACTIVE_OUTLET,NY0583,002,5.130,ZCTA_NN;R6371;TIE_FIRST_LEX,ZCTA_NN_HAVERSINE;NOT_ELIGIBILITY;NOT_USPS_VALIDITY;NO_INVENTORY
10973,ZCTA_NEAREST_ACTIVE_OUTLET,NY0572,002,8.921,ZCTA_NN;R6371;TIE_FIRST_LEX,ZCTA_NN_HAVERSINE;NOT_ELIGIBILITY;NOT_USPS_VALIDITY;NO_INVENTORY
10974,EXACT_IMLS_OUTLET_ZIP,NY0591,002,,EXACT_OUTLET;TIE_FSCSKEY_SEQ,EXACT_OUTLET;NOT_USPS_VALIDITY;NO_INVENTORY
10975,ZCTA_NEAREST_ACTIVE_OUTLET,NY0578,002,7.227,ZCTA_NN;R6371;TIE_FIRST_LEX,ZCTA_NN_HAVERSINE;NOT_ELIGIBILITY;NOT_USPS_VALIDITY;NO_INVENTORY
10976,ZCTA_NEAREST_ACTIVE_OUTLET,NY0588,002,1.633,ZCTA_NN;R6371;TIE_FIRST_LEX,ZCTA_NN_HAVERSINE;NOT_ELIGIBILITY;NOT_USPS_VALIDITY;NO_INVENTORY
10977,EXACT_IMLS_OUTLET_ZIP,NY0592,002,,EXACT_OUTLET;TIE_FSCSKEY_SEQ,EXACT_OUTLET;NOT_USPS_VALIDITY;NO_INVENTORY
10979,ZCTA_NEAREST_ACTIVE_OUTLET,NY0569,002,4.985,ZCTA_NN;R6371;TIE_FIRST_LEX,ZCTA_NN_HAVERSINE;NOT_ELIGIBILITY;NOT_USPS_VALIDITY;NO_INVENTORY
10980,EXACT_IMLS_OUTLET_ZIP,NY0593,002,,EXACT_OUTLET;TIE_FSCSKEY_SEQ,EXACT_OUTLET;NOT_USPS_VALIDITY;NO_INVENTORY
10981,OBSERVED_REFERENCE_INDIRECT_ONLY,,,,INDIRECT_IMLS_SC;NO_FABRICATED_NEAREST,INDIRECT_IMLS_SC;NO_FABRICATED_NEAREST;NOT_REJECTED;NOT_USPS_VALIDITY;NO_INVENTORY
10982,OBSERVED_REFERENCE_INDIRECT_ONLY,,,,INDIRECT_IMLS_SC;NO_FABRICATED_NEAREST,INDIRECT_IMLS_SC;NO_FABRICATED_NEAREST;NOT_REJECTED;NOT_USPS_VALIDITY;NO_INVENTORY
10983,EXACT_IMLS_OUTLET_ZIP,NY0595,002,,EXACT_OUTLET;TIE_FSCSKEY_SEQ,EXACT_OUTLET;NOT_USPS_VALIDITY;NO_INVENTORY
10984,ZCTA_NEAREST_ACTIVE_OUTLET,NY0583,002,1.453,ZCTA_NN;R6371;TIE_FIRST_LEX,ZCTA_NN_HAVERSINE;NOT_ELIGIBILITY;NOT_USPS_VALIDITY;NO_INVENTORY
10985,ZCTA_NEAREST_ACTIVE_OUTLET,NY0576,002,6.075,ZCTA_NN;R6371;TIE_FIRST_LEX,ZCTA_NN_HAVERSINE;NOT_ELIGIBILITY;NOT_USPS_VALIDITY;NO_INVENTORY
10986,EXACT_IMLS_OUTLET_ZIP,NY0596,002,,EXACT_OUTLET;TIE_FSCSKEY_SEQ,EXACT_OUTLET;NOT_USPS_VALIDITY;NO_INVENTORY
10987,EXACT_IMLS_OUTLET_ZIP,NY0578,002,,EXACT_OUTLET;TIE_FSCSKEY_SEQ,EXACT_OUTLET;NOT_USPS_VALIDITY;NO_INVENTORY
10988,ZCTA_NEAREST_ACTIVE_OUTLET,NJ0284,006,12.658,ZCTA_NN;R6371;TIE_FIRST_LEX,ZCTA_NN_HAVERSINE;NOT_ELIGIBILITY;NOT_USPS_VALIDITY;NO_INVENTORY
10989,EXACT_IMLS_OUTLET_ZIP,NY0597,002,,EXACT_OUTLET;TIE_FSCSKEY_SEQ,EXACT_OUTLET;NOT_USPS_VALIDITY;NO_INVENTORY
10990,EXACT_IMLS_OUTLET_ZIP,NY0580,002,,EXACT_OUTLET;TIE_FSCSKEY_SEQ,EXACT_OUTLET;NOT_USPS_VALIDITY;NO_INVENTORY
10992,EXACT_IMLS_OUTLET_ZIP,NY0581,002,,EXACT_OUTLET;TIE_FSCSKEY_SEQ,EXACT_OUTLET;NOT_USPS_VALIDITY;NO_INVENTORY
10993,ZCTA_NEAREST_ACTIVE_OUTLET,NY0583,004,1.884,ZCTA_NN;R6371;TIE_FIRST_LEX,ZCTA_NN_HAVERSINE;NOT_ELIGIBILITY;NOT_USPS_VALIDITY;NO_INVENTORY
10994,EXACT_IMLS_OUTLET_ZIP,NY0598,002,,EXACT_OUTLET;TIE_FSCSKEY_SEQ,EXACT_OUTLET;NOT_USPS_VALIDITY;NO_INVENTORY
10996,ZCTA_NEAREST_ACTIVE_OUTLET,NY0570,002,2.709,ZCTA_NN;R6371;TIE_FIRST_LEX,ZCTA_NN_HAVERSINE;NOT_ELIGIBILITY;NOT_USPS_VALIDITY;NO_INVENTORY
10998,ZCTA_NEAREST_ACTIVE_OUTLET,NY0577,002,13.818,ZCTA_NN;R6371;TIE_FIRST_LEX,ZCTA_NN_HAVERSINE;NOT_ELIGIBILITY;NOT_USPS_VALIDITY;NO_INVENTORY
11001,EXACT_IMLS_OUTLET_ZIP,NY0343,002,,EXACT_OUTLET;TIE_FSCSKEY_SEQ,EXACT_OUTLET;NOT_USPS_VALIDITY;NO_INVENTORY
11002,OBSERVED_REFERENCE_INDIRECT_ONLY,,,,INDIRECT_IMLS_SC;NO_FABRICATED_NEAREST,INDIRECT_IMLS_SC;NO_FABRICATED_NEAREST;NOT_REJECTED;NOT_USPS_VALIDITY;NO_INVENTORY
11003,EXACT_IMLS_OUTLET_ZIP,NY0341,002,,EXACT_OUTLET;TIE_FSCSKEY_SEQ,EXACT_OUTLET;NOT_USPS_VALIDITY;NO_INVENTORY
11004,EXACT_IMLS_OUTLET_ZIP,NY0562,024,,EXACT_OUTLET;TIE_FSCSKEY_SEQ,EXACT_OUTLET;NOT_USPS_VALIDITY;NO_INVENTORY
11005,ZCTA_NEAREST_ACTIVE_OUTLET,NY0562,024,1.257,ZCTA_NN;R6371;TIE_FIRST_LEX,ZCTA_NN_HAVERSINE;NOT_ELIGIBILITY;NOT_USPS_VALIDITY;NO_INVENTORY
11010,EXACT_IMLS_OUTLET_ZIP,NY0344,002,,EXACT_OUTLET;TIE_FSCSKEY_SEQ,EXACT_OUTLET;NOT_USPS_VALIDITY;NO_INVENTORY
11020,ZCTA_NEAREST_ACTIVE_OUTLET,NY0348,004,1.541,ZCTA_NN;R6371;TIE_FIRST_LEX,ZCTA_NN_HAVERSINE;NOT_ELIGIBILITY;NOT_USPS_VALIDITY;NO_INVENTORY
11021,EXACT_IMLS_OUTLET_ZIP,NY0348,003,,EXACT_OUTLET;TIE_FSCSKEY_SEQ,EXACT_OUTLET;NOT_USPS_VALIDITY;NO_INVENTORY
11022,OBSERVED_REFERENCE_INDIRECT_ONLY,,,,INDIRECT_IMLS_SC;NO_FABRICATED_NEAREST,INDIRECT_IMLS_SC;NO_FABRICATED_NEAREST;NOT_REJECTED;NOT_USPS_VALIDITY;NO_INVENTORY
11023,EXACT_IMLS_OUTLET_ZIP,NY0348,002,,EXACT_OUTLET;TIE_FSCSKEY_SEQ,EXACT_OUTLET;NOT_USPS_VALIDITY;NO_INVENTORY
11024,ZCTA_NEAREST_ACTIVE_OUTLET,NY0348,002,1.984,ZCTA_NN;R6371;TIE_FIRST_LEX,ZCTA_NN_HAVERSINE;NOT_ELIGIBILITY;NOT_USPS_VALIDITY;NO_INVENTORY
11030,EXACT_IMLS_OUTLET_ZIP,NY0362,002,,EXACT_OUTLET;TIE_FSCSKEY_SEQ,EXACT_OUTLET;NOT_USPS_VALIDITY;NO_INVENTORY
11040,EXACT_IMLS_OUTLET_ZIP,NY0348,005,,EXACT_OUTLET;TIE_FSCSKEY_SEQ,EXACT_OUTLET;NOT_USPS_VALIDITY;NO_INVENTORY
11042,ZCTA_NEAREST_ACTIVE_OUTLET,NY0348,005,1.058,ZCTA_NN;R6371;TIE_FIRST_LEX,ZCTA_NN_HAVERSINE;NOT_ELIGIBILITY;NOT_USPS_VALIDITY;NO_INVENTORY
11050,EXACT_IMLS_OUTLET_ZIP,NY0374,002,,EXACT_OUTLET;TIE_FSCSKEY_SEQ,EXACT_OUTLET;NOT_USPS_VALIDITY;NO_INVENTORY
11096,ZCTA_NEAREST_ACTIVE_OUTLET,NY0562,020,1.916,ZCTA_NN;R6371;TIE_FIRST_LEX,ZCTA_NN_HAVERSINE;NOT_ELIGIBILITY;NOT_USPS_VALIDITY;NO_INVENTORY
11101,EXACT_IMLS_OUTLET_ZIP,NY0562,066,,EXACT_OUTLET;TIE_FSCSKEY_SEQ,EXACT_OUTLET;NOT_USPS_VALIDITY;NO_INVENTORY
11102,EXACT_IMLS_OUTLET_ZIP,NY0562,004,,EXACT_OUTLET;TIE_FSCSKEY_SEQ,EXACT_OUTLET;NOT_USPS_VALIDITY;NO_INVENTORY
11103,ZCTA_NEAREST_ACTIVE_OUTLET,NY0562,058,1.633,ZCTA_NN;R6371;TIE_FIRST_LEX,ZCTA_NN_HAVERSINE;NOT_ELIGIBILITY;NOT_USPS_VALIDITY;NO_INVENTORY
11104,EXACT_IMLS_OUTLET_ZIP,NY0562,059,,EXACT_OUTLET;TIE_FSCSKEY_SEQ,EXACT_OUTLET;NOT_USPS_VALIDITY;NO_INVENTORY
11105,EXACT_IMLS_OUTLET_ZIP,NY0562,058,,EXACT_OUTLET;TIE_FSCSKEY_SEQ,EXACT_OUTLET;NOT_USPS_VALIDITY;NO_INVENTORY
11106,ZCTA_NEAREST_ACTIVE_OUTLET,NY0562,066,0.858,ZCTA_NN;R6371;TIE_FIRST_LEX,ZCTA_NN_HAVERSINE;NOT_ELIGIBILITY;NOT_USPS_VALIDITY;NO_INVENTORY
11109,EXACT_IMLS_OUTLET_ZIP,NY0562,070,,EXACT_OUTLET;TIE_FSCSKEY_SEQ,EXACT_OUTLET;NOT_USPS_VALIDITY;NO_INVENTORY
11120,OBSERVED_REFERENCE_INDIRECT_ONLY,,,,INDIRECT_IMLS_SC;NO_FABRICATED_NEAREST,INDIRECT_IMLS_SC;NO_FABRICATED_NEAREST;NOT_REJECTED;NOT_USPS_VALIDITY;NO_INVENTORY
11201,EXACT_IMLS_OUTLET_ZIP,NY0004,009,,EXACT_OUTLET;TIE_FSCSKEY_SEQ,EXACT_OUTLET;NOT_USPS_VALIDITY;NO_INVENTORY
11202,OBSERVED_REFERENCE_INDIRECT_ONLY,,,,INDIRECT_IMLS_SC;NO_FABRICATED_NEAREST,INDIRECT_IMLS_SC;NO_FABRICATED_NEAREST;NOT_REJECTED;NOT_USPS_VALIDITY;NO_INVENTORY
11203,EXACT_IMLS_OUTLET_ZIP,NY0004,050,,EXACT_OUTLET;TIE_FSCSKEY_SEQ,EXACT_OUTLET;NOT_USPS_VALIDITY;NO_INVENTORY
11204,ZCTA_NEAREST_ACTIVE_OUTLET,NY0004,031,1.449,ZCTA_NN;R6371;TIE_FIRST_LEX,ZCTA_NN_HAVERSINE;NOT_ELIGIBILITY;NOT_USPS_VALIDITY;NO_INVENTORY
11205,EXACT_IMLS_OUTLET_ZIP,NY0004,058,,EXACT_OUTLET;TIE_FSCSKEY_SEQ,EXACT_OUTLET;NOT_USPS_VALIDITY;NO_INVENTORY
11206,EXACT_IMLS_OUTLET_ZIP,NY0004,012,,EXACT_OUTLET;TIE_FSCSKEY_SEQ,EXACT_OUTLET;NOT_USPS_VALIDITY;NO_INVENTORY
11207,EXACT_IMLS_OUTLET_ZIP,NY0004,004,,EXACT_OUTLET;TIE_FSCSKEY_SEQ,EXACT_OUTLET;NOT_USPS_VALIDITY;NO_INVENTORY
11208,EXACT_IMLS_OUTLET_ZIP,NY0004,020,,EXACT_OUTLET;TIE_FSCSKEY_SEQ,EXACT_OUTLET;NOT_USPS_VALIDITY;NO_INVENTORY
11209,EXACT_IMLS_OUTLET_ZIP,NY0004,005,,EXACT_OUTLET;TIE_FSCSKEY_SEQ,EXACT_OUTLET;NOT_USPS_VALIDITY;NO_INVENTORY
11210,ZCTA_NEAREST_ACTIVE_OUTLET,NY0004,042,1.226,ZCTA_NN;R6371;TIE_FIRST_LEX,ZCTA_NN_HAVERSINE;NOT_ELIGIBILITY;NOT_USPS_VALIDITY;NO_INVENTORY
11211,EXACT_IMLS_OUTLET_ZIP,NY0004,060,,EXACT_OUTLET;TIE_FSCSKEY_SEQ,EXACT_OUTLET;NOT_USPS_VALIDITY;NO_INVENTORY
11212,EXACT_IMLS_OUTLET_ZIP,NY0004,011,,EXACT_OUTLET;TIE_FSCSKEY_SEQ,EXACT_OUTLET;NOT_USPS_VALIDITY;NO_INVENTORY
11213,EXACT_IMLS_OUTLET_ZIP,NY0004,010,,EXACT_OUTLET;TIE_FSCSKEY_SEQ,EXACT_OUTLET;NOT_USPS_VALIDITY;NO_INVENTORY
11214,EXACT_IMLS_OUTLET_ZIP,NY0004,045,,EXACT_OUTLET;TIE_FSCSKEY_SEQ,EXACT_OUTLET;NOT_USPS_VALIDITY;NO_INVENTORY
11215,EXACT_IMLS_OUTLET_ZIP,NY0004,048,,EXACT_OUTLET;TIE_FSCSKEY_SEQ,EXACT_OUTLET;NOT_USPS_VALIDITY;NO_INVENTORY
11216,EXACT_IMLS_OUTLET_ZIP,NY0004,040,,EXACT_OUTLET;TIE_FSCSKEY_SEQ,EXACT_OUTLET;NOT_USPS_VALIDITY;NO_INVENTORY
11217,EXACT_IMLS_OUTLET_ZIP,NY0004,046,,EXACT_OUTLET;TIE_FSCSKEY_SEQ,EXACT_OUTLET;NOT_USPS_VALIDITY;NO_INVENTORY
11218,EXACT_IMLS_OUTLET_ZIP,NY0004,034,,EXACT_OUTLET;TIE_FSCSKEY_SEQ,EXACT_OUTLET;NOT_USPS_VALIDITY;NO_INVENTORY
11219,EXACT_IMLS_OUTLET_ZIP,NY0004,041,,EXACT_OUTLET;TIE_FSCSKEY_SEQ,EXACT_OUTLET;NOT_USPS_VALIDITY;NO_INVENTORY
11220,EXACT_IMLS_OUTLET_ZIP,NY0004,056,,EXACT_OUTLET;TIE_FSCSKEY_SEQ,EXACT_OUTLET;NOT_USPS_VALIDITY;NO_INVENTORY
11221,EXACT_IMLS_OUTLET_ZIP,NY0004,021,,EXACT_OUTLET;TIE_FSCSKEY_SEQ,EXACT_OUTLET;NOT_USPS_VALIDITY;NO_INVENTORY
11222,EXACT_IMLS_OUTLET_ZIP,NY0004,030,,EXACT_OUTLET;TIE_FSCSKEY_SEQ,EXACT_OUTLET;NOT_USPS_VALIDITY;NO_INVENTORY
11223,EXACT_IMLS_OUTLET_ZIP,NY0004,029,,EXACT_OUTLET;TIE_FSCSKEY_SEQ,EXACT_OUTLET;NOT_USPS_VALIDITY;NO_INVENTORY
11224,EXACT_IMLS_OUTLET_ZIP,NY0004,017,,EXACT_OUTLET;TIE_FSCSKEY_SEQ,EXACT_OUTLET;NOT_USPS_VALIDITY;NO_INVENTORY
11225,EXACT_IMLS_OUTLET_ZIP,NY0004,019,,EXACT_OUTLET;TIE_FSCSKEY_SEQ,EXACT_OUTLET;NOT_USPS_VALIDITY;NO_INVENTORY
11226,EXACT_IMLS_OUTLET_ZIP,NY0004,018,,EXACT_OUTLET;TIE_FSCSKEY_SEQ,EXACT_OUTLET;NOT_USPS_VALIDITY;NO_INVENTORY
11228,EXACT_IMLS_OUTLET_ZIP,NY0004,022,,EXACT_OUTLET;TIE_FSCSKEY_SEQ,EXACT_OUTLET;NOT_USPS_VALIDITY;NO_INVENTORY
11229,EXACT_IMLS_OUTLET_ZIP,NY0004,028,,EXACT_OUTLET;TIE_FSCSKEY_SEQ,EXACT_OUTLET;NOT_USPS_VALIDITY;NO_INVENTORY
11230,EXACT_IMLS_OUTLET_ZIP,NY0004,042,,EXACT_OUTLET;TIE_FSCSKEY_SEQ,EXACT_OUTLET;NOT_USPS_VALIDITY;NO_INVENTORY
11231,EXACT_IMLS_OUTLET_ZIP,NY0004,049,,EXACT_OUTLET;TIE_FSCSKEY_SEQ,EXACT_OUTLET;NOT_USPS_VALIDITY;NO_INVENTORY
11232,ZCTA_NEAREST_ACTIVE_OUTLET,NY0004,056,1.463,ZCTA_NN;R6371;TIE_FIRST_LEX,ZCTA_NN_HAVERSINE;NOT_ELIGIBILITY;NOT_USPS_VALIDITY;NO_INVENTORY
11233,EXACT_IMLS_OUTLET_ZIP,NY0004,038,,EXACT_OUTLET;TIE_FSCSKEY_SEQ,EXACT_OUTLET;NOT_USPS_VALIDITY;NO_INVENTORY
11234,EXACT_IMLS_OUTLET_ZIP,NY0004,026,,EXACT_OUTLET;TIE_FSCSKEY_SEQ,EXACT_OUTLET;NOT_USPS_VALIDITY;NO_INVENTORY
11235,EXACT_IMLS_OUTLET_ZIP,NY0004,008,,EXACT_OUTLET;TIE_FSCSKEY_SEQ,EXACT_OUTLET;NOT_USPS_VALIDITY;NO_INVENTORY
11236,EXACT_IMLS_OUTLET_ZIP,NY0004,013,,EXACT_OUTLET;TIE_FSCSKEY_SEQ,EXACT_OUTLET;NOT_USPS_VALIDITY;NO_INVENTORY
11237,EXACT_IMLS_OUTLET_ZIP,NY0004,059,,EXACT_OUTLET;TIE_FSCSKEY_SEQ,EXACT_OUTLET;NOT_USPS_VALIDITY;NO_INVENTORY
11238,EXACT_IMLS_OUTLET_ZIP,NY0004,002,,EXACT_OUTLET;TIE_FSCSKEY_SEQ,EXACT_OUTLET;NOT_USPS_VALIDITY;NO_INVENTORY
11239,ZCTA_NEAREST_ACTIVE_OUTLET,NY0004,054,1.841,ZCTA_NN;R6371;TIE_FIRST_LEX,ZCTA_NN_HAVERSINE;NOT_ELIGIBILITY;NOT_USPS_VALIDITY;NO_INVENTORY
11241,OBSERVED_REFERENCE_INDIRECT_ONLY,,,,INDIRECT_IMLS_SC;NO_FABRICATED_NEAREST,INDIRECT_IMLS_SC;NO_FABRICATED_NEAREST;NOT_REJECTED;NOT_USPS_VALIDITY;NO_INVENTORY
11242,OBSERVED_REFERENCE_INDIRECT_ONLY,,,,INDIRECT_IMLS_SC;NO_FABRICATED_NEAREST,INDIRECT_IMLS_SC;NO_FABRICATED_NEAREST;NOT_REJECTED;NOT_USPS_VALIDITY;NO_INVENTORY
11243,OBSERVED_REFERENCE_INDIRECT_ONLY,,,,INDIRECT_IMLS_SC;NO_FABRICATED_NEAREST,INDIRECT_IMLS_SC;NO_FABRICATED_NEAREST;NOT_REJECTED;NOT_USPS_VALIDITY;NO_INVENTORY
11245,OBSERVED_REFERENCE_INDIRECT_ONLY,,,,INDIRECT_IMLS_SC;NO_FABRICATED_NEAREST,INDIRECT_IMLS_SC;NO_FABRICATED_NEAREST;NOT_REJECTED;NOT_USPS_VALIDITY;NO_INVENTORY
11249,ZCTA_NEAREST_ACTIVE_OUTLET,NY0004,060,0.771,ZCTA_NN;R6371;TIE_FIRST_LEX,ZCTA_NN_HAVERSINE;NOT_ELIGIBILITY;NOT_USPS_VALIDITY;NO_INVENTORY
11252,OBSERVED_REFERENCE_INDIRECT_ONLY,,,,INDIRECT_IMLS_SC;NO_FABRICATED_NEAREST,INDIRECT_IMLS_SC;NO_FABRICATED_NEAREST;NOT_REJECTED;NOT_USPS_VALIDITY;NO_INVENTORY
11351,OBSERVED_REFERENCE_INDIRECT_ONLY,,,,INDIRECT_IMLS_SC;NO_FABRICATED_NEAREST,INDIRECT_IMLS_SC;NO_FABRICATED_NEAREST;NOT_REJECTED;NOT_USPS_VALIDITY;NO_INVENTORY
11352,OBSERVED_REFERENCE_INDIRECT_ONLY,,,,INDIRECT_IMLS_SC;NO_FABRICATED_NEAREST,INDIRECT_IMLS_SC;NO_FABRICATED_NEAREST;NOT_REJECTED;NOT_USPS_VALIDITY;NO_INVENTORY
11354,EXACT_IMLS_OUTLET_ZIP,NY0562,034,,EXACT_OUTLET;TIE_FSCSKEY_SEQ,EXACT_OUTLET;NOT_USPS_VALIDITY;NO_INVENTORY
11355,EXACT_IMLS_OUTLET_ZIP,NY0562,021,,EXACT_OUTLET;TIE_FSCSKEY_SEQ,EXACT_OUTLET;NOT_USPS_VALIDITY;NO_INVENTORY
11356,EXACT_IMLS_OUTLET_ZIP,NY0562,043,,EXACT_OUTLET;TIE_FSCSKEY_SEQ,EXACT_OUTLET;NOT_USPS_VALIDITY;NO_INVENTORY
11357,EXACT_IMLS_OUTLET_ZIP,NY0562,061,,EXACT_OUTLET;TIE_FSCSKEY_SEQ,EXACT_OUTLET;NOT_USPS_VALIDITY;NO_INVENTORY
11358,EXACT_IMLS_OUTLET_ZIP,NY0562,005,,EXACT_OUTLET;TIE_FSCSKEY_SEQ,EXACT_OUTLET;NOT_USPS_VALIDITY;NO_INVENTORY
11359,ZCTA_NEAREST_ACTIVE_OUTLET,NY0562,005,2.525,ZCTA_NN;R6371;TIE_FIRST_LEX,ZCTA_NN_HAVERSINE;NOT_ELIGIBILITY;NOT_USPS_VALIDITY;NO_INVENTORY
11360,ZCTA_NEAREST_ACTIVE_OUTLET,NY0562,005,1.572,ZCTA_NN;R6371;TIE_FIRST_LEX,ZCTA_NN_HAVERSINE;NOT_ELIGIBILITY;NOT_USPS_VALIDITY;NO_INVENTORY
11361,EXACT_IMLS_OUTLET_ZIP,NY0562,007,,EXACT_OUTLET;TIE_FSCSKEY_SEQ,EXACT_OUTLET;NOT_USPS_VALIDITY;NO_INVENTORY
11362,EXACT_IMLS_OUTLET_ZIP,NY0562,039,,EXACT_OUTLET;TIE_FSCSKEY_SEQ,EXACT_OUTLET;NOT_USPS_VALIDITY;NO_INVENTORY
11363,EXACT_IMLS_OUTLET_ZIP,NY0562,016,,EXACT_OUTLET;TIE_FSCSKEY_SEQ,EXACT_OUTLET;NOT_USPS_VALIDITY;NO_INVENTORY
11364,EXACT_IMLS_OUTLET_ZIP,NY0562,062,,EXACT_OUTLET;TIE_FSCSKEY_SEQ,EXACT_OUTLET;NOT_USPS_VALIDITY;NO_INVENTORY
11365,EXACT_IMLS_OUTLET_ZIP,NY0562,023,,EXACT_OUTLET;TIE_FSCSKEY_SEQ,EXACT_OUTLET;NOT_USPS_VALIDITY;NO_INVENTORY
11366,EXACT_IMLS_OUTLET_ZIP,NY0562,026,,EXACT_OUTLET;TIE_FSCSKEY_SEQ,EXACT_OUTLET;NOT_USPS_VALIDITY;NO_INVENTORY
11367,EXACT_IMLS_OUTLET_ZIP,NY0562,060,,EXACT_OUTLET;TIE_FSCSKEY_SEQ,EXACT_OUTLET;NOT_USPS_VALIDITY;NO_INVENTORY
11368,EXACT_IMLS_OUTLET_ZIP,NY0562,014,,EXACT_OUTLET;TIE_FSCSKEY_SEQ,EXACT_OUTLET;NOT_USPS_VALIDITY;NO_INVENTORY
11369,EXACT_IMLS_OUTLET_ZIP,NY0562,017,,EXACT_OUTLET;TIE_FSCSKEY_SEQ,EXACT_OUTLET;NOT_USPS_VALIDITY;NO_INVENTORY
11370,ZCTA_NEAREST_ACTIVE_OUTLET,NY0562,017,1.750,ZCTA_NN;R6371;TIE_FIRST_LEX,ZCTA_NN_HAVERSINE;NOT_ELIGIBILITY;NOT_USPS_VALIDITY;NO_INVENTORY
11371,ZCTA_NEAREST_ACTIVE_OUTLET,NY0562,017,1.311,ZCTA_NN;R6371;TIE_FIRST_LEX,ZCTA_NN_HAVERSINE;NOT_ELIGIBILITY;NOT_USPS_VALIDITY;NO_INVENTORY
11372,EXACT_IMLS_OUTLET_ZIP,NY0562,029,,EXACT_OUTLET;TIE_FSCSKEY_SEQ,EXACT_OUTLET;NOT_USPS_VALIDITY;NO_INVENTORY
11373,EXACT_IMLS_OUTLET_ZIP,NY0562,019,,EXACT_OUTLET;TIE_FSCSKEY_SEQ,EXACT_OUTLET;NOT_USPS_VALIDITY;NO_INVENTORY
11374,EXACT_IMLS_OUTLET_ZIP,NY0562,048,,EXACT_OUTLET;TIE_FSCSKEY_SEQ,EXACT_OUTLET;NOT_USPS_VALIDITY;NO_INVENTORY
11375,EXACT_IMLS_OUTLET_ZIP,NY0562,022,,EXACT_OUTLET;TIE_FSCSKEY_SEQ,EXACT_OUTLET;NOT_USPS_VALIDITY;NO_INVENTORY
11377,EXACT_IMLS_OUTLET_ZIP,NY0562,064,,EXACT_OUTLET;TIE_FSCSKEY_SEQ,EXACT_OUTLET;NOT_USPS_VALIDITY;NO_INVENTORY
11378,EXACT_IMLS_OUTLET_ZIP,NY0562,035,,EXACT_OUTLET;TIE_FSCSKEY_SEQ,EXACT_OUTLET;NOT_USPS_VALIDITY;NO_INVENTORY
11379,EXACT_IMLS_OUTLET_ZIP,NY0562,036,,EXACT_OUTLET;TIE_FSCSKEY_SEQ,EXACT_OUTLET;NOT_USPS_VALIDITY;NO_INVENTORY
11385,EXACT_IMLS_OUTLET_ZIP,NY0562,025,,EXACT_OUTLET;TIE_FSCSKEY_SEQ,EXACT_OUTLET;NOT_USPS_VALIDITY;NO_INVENTORY
11411,EXACT_IMLS_OUTLET_ZIP,NY0562,013,,EXACT_OUTLET;TIE_FSCSKEY_SEQ,EXACT_OUTLET;NOT_USPS_VALIDITY;NO_INVENTORY
11412,EXACT_IMLS_OUTLET_ZIP,NY0562,053,,EXACT_OUTLET;TIE_FSCSKEY_SEQ,EXACT_OUTLET;NOT_USPS_VALIDITY;NO_INVENTORY
11413,EXACT_IMLS_OUTLET_ZIP,NY0562,031,,EXACT_OUTLET;TIE_FSCSKEY_SEQ,EXACT_OUTLET;NOT_USPS_VALIDITY;NO_INVENTORY
11414,EXACT_IMLS_OUTLET_ZIP,NY0562,028,,EXACT_OUTLET;TIE_FSCSKEY_SEQ,EXACT_OUTLET;NOT_USPS_VALIDITY;NO_INVENTORY
11415,ZCTA_NEAREST_ACTIVE_OUTLET,NY0562,010,0.750,ZCTA_NN;R6371;TIE_FIRST_LEX,ZCTA_NN_HAVERSINE;NOT_ELIGIBILITY;NOT_USPS_VALIDITY;NO_INVENTORY
11416,ZCTA_NEAREST_ACTIVE_OUTLET,NY0562,040,0.465,ZCTA_NN;R6371;TIE_FIRST_LEX,ZCTA_NN_HAVERSINE;NOT_ELIGIBILITY;NOT_USPS_VALIDITY;NO_INVENTORY
11417,EXACT_IMLS_OUTLET_ZIP,NY0562,040,,EXACT_OUTLET;TIE_FSCSKEY_SEQ,EXACT_OUTLET;NOT_USPS_VALIDITY;NO_INVENTORY
11418,EXACT_IMLS_OUTLET_ZIP,NY0562,049,,EXACT_OUTLET;TIE_FSCSKEY_SEQ,EXACT_OUTLET;NOT_USPS_VALIDITY;NO_INVENTORY
11419,EXACT_IMLS_OUTLET_ZIP,NY0562,032,,EXACT_OUTLET;TIE_FSCSKEY_SEQ,EXACT_OUTLET;NOT_USPS_VALIDITY;NO_INVENTORY
11420,EXACT_IMLS_OUTLET_ZIP,NY0562,057,,EXACT_OUTLET;TIE_FSCSKEY_SEQ,EXACT_OUTLET;NOT_USPS_VALIDITY;NO_INVENTORY
11421,EXACT_IMLS_OUTLET_ZIP,NY0562,063,,EXACT_OUTLET;TIE_FSCSKEY_SEQ,EXACT_OUTLET;NOT_USPS_VALIDITY;NO_INVENTORY
11422,EXACT_IMLS_OUTLET_ZIP,NY0562,052,,EXACT_OUTLET;TIE_FSCSKEY_SEQ,EXACT_OUTLET;NOT_USPS_VALIDITY;NO_INVENTORY
11423,EXACT_IMLS_OUTLET_ZIP,NY0562,027,,EXACT_OUTLET;TIE_FSCSKEY_SEQ,EXACT_OUTLET;NOT_USPS_VALIDITY;NO_INVENTORY
11424,ZCTA_NEAREST_ACTIVE_OUTLET,NY0562,010,0.831,ZCTA_NN;R6371;TIE_FIRST_LEX,ZCTA_NN_HAVERSINE;NOT_ELIGIBILITY;NOT_USPS_VALIDITY;NO_INVENTORY
11426,EXACT_IMLS_OUTLET_ZIP,NY0562,009,,EXACT_OUTLET;TIE_FSCSKEY_SEQ,EXACT_OUTLET;NOT_USPS_VALIDITY;NO_INVENTORY
11427,ZCTA_NEAREST_ACTIVE_OUTLET,NY0562,062,0.913,ZCTA_NN;R6371;TIE_FIRST_LEX,ZCTA_NN_HAVERSINE;NOT_ELIGIBILITY;NOT_USPS_VALIDITY;NO_INVENTORY
11428,EXACT_IMLS_OUTLET_ZIP,NY0562,044,,EXACT_OUTLET;TIE_FSCSKEY_SEQ,EXACT_OUTLET;NOT_USPS_VALIDITY;NO_INVENTORY
11429,ZCTA_NEAREST_ACTIVE_OUTLET,NY0562,044,1.140,ZCTA_NN;R6371;TIE_FIRST_LEX,ZCTA_NN_HAVERSINE;NOT_ELIGIBILITY;NOT_USPS_VALIDITY;NO_INVENTORY
11430,ZCTA_NEAREST_ACTIVE_OUTLET,NY0562,051,3.191,ZCTA_NN;R6371;TIE_FIRST_LEX,ZCTA_NN_HAVERSINE;NOT_ELIGIBILITY;NOT_USPS_VALIDITY;NO_INVENTORY
11431,OBSERVED_REFERENCE_INDIRECT_ONLY,,,,INDIRECT_IMLS_SC;NO_FABRICATED_NEAREST,INDIRECT_IMLS_SC;NO_FABRICATED_NEAREST;NOT_REJECTED;NOT_USPS_VALIDITY;NO_INVENTORY
11432,EXACT_IMLS_OUTLET_ZIP,NY0562,002,,EXACT_OUTLET;TIE_FSCSKEY_SEQ,EXACT_OUTLET;NOT_USPS_VALIDITY;NO_INVENTORY
11433,EXACT_IMLS_OUTLET_ZIP,NY0562,056,,EXACT_OUTLET;TIE_FSCSKEY_SEQ,EXACT_OUTLET;NOT_USPS_VALIDITY;NO_INVENTORY
11434,EXACT_IMLS_OUTLET_ZIP,NY0562,051,,EXACT_OUTLET;TIE_FSCSKEY_SEQ,EXACT_OUTLET;NOT_USPS_VALIDITY;NO_INVENTORY
11435,EXACT_IMLS_OUTLET_ZIP,NY0562,010,,EXACT_OUTLET;TIE_FSCSKEY_SEQ,EXACT_OUTLET;NOT_USPS_VALIDITY;NO_INVENTORY
11436,EXACT_IMLS_OUTLET_ZIP,NY0562,006,,EXACT_OUTLET;TIE_FSCSKEY_SEQ,EXACT_OUTLET;NOT_USPS_VALIDITY;NO_INVENTORY
11439,ZCTA_NEAREST_ACTIVE_OUTLET,NY0562,026,1.334,ZCTA_NN;R6371;TIE_FIRST_LEX,ZCTA_NN_HAVERSINE;NOT_ELIGIBILITY;NOT_USPS_VALIDITY;NO_INVENTORY
11451,ZCTA_NEAREST_ACTIVE_OUTLET,NY0562,056,0.257,ZCTA_NN;R6371;TIE_FIRST_LEX,ZCTA_NN_HAVERSINE;NOT_ELIGIBILITY;NOT_USPS_VALIDITY;NO_INVENTORY
11501,EXACT_IMLS_OUTLET_ZIP,NY0365,002,,EXACT_OUTLET;TIE_FSCSKEY_SEQ,EXACT_OUTLET;NOT_USPS_VALIDITY;NO_INVENTORY
11507,EXACT_IMLS_OUTLET_ZIP,NY0333,002,,EXACT_OUTLET;TIE_FSCSKEY_SEQ,EXACT_OUTLET;NOT_USPS_VALIDITY;NO_INVENTORY
11509,ZCTA_NEAREST_ACTIVE_OUTLET,NY0562,020,2.743,ZCTA_NN;R6371;TIE_FIRST_LEX,ZCTA_NN_HAVERSINE;NOT_ELIGIBILITY;NOT_USPS_VALIDITY;NO_INVENTORY
11510,EXACT_IMLS_OUTLET_ZIP,NY0334,002,,EXACT_OUTLET;TIE_FSCSKEY_SEQ,EXACT_OUTLET;NOT_USPS_VALIDITY;NO_INVENTORY
11514,ZCTA_NEAREST_ACTIVE_OUTLET,NY0340,002,2.323,ZCTA_NN;R6371;TIE_FIRST_LEX,ZCTA_NN_HAVERSINE;NOT_ELIGIBILITY;NOT_USPS_VALIDITY;NO_INVENTORY
11516,ZCTA_NEAREST_ACTIVE_OUTLET,NY0356,003,1.182,ZCTA_NN;R6371;TIE_FIRST_LEX,ZCTA_NN_HAVERSINE;NOT_ELIGIBILITY;NOT_USPS_VALIDITY;NO_INVENTORY
11518,EXACT_IMLS_OUTLET_ZIP,NY0339,002,,EXACT_OUTLET;TIE_FSCSKEY_SEQ,EXACT_OUTLET;NOT_USPS_VALIDITY;NO_INVENTORY
11520,EXACT_IMLS_OUTLET_ZIP,NY0345,002,,EXACT_OUTLET;TIE_FSCSKEY_SEQ,EXACT_OUTLET;NOT_USPS_VALIDITY;NO_INVENTORY
11530,EXACT_IMLS_OUTLET_ZIP,NY0346,002,,EXACT_OUTLET;TIE_FSCSKEY_SEQ,EXACT_OUTLET;NOT_USPS_VALIDITY;NO_INVENTORY
11531,OBSERVED_REFERENCE_INDIRECT_ONLY,,,,INDIRECT_IMLS_SC;NO_FABRICATED_NEAREST,INDIRECT_IMLS_SC;NO_FABRICATED_NEAREST;NOT_REJECTED;NOT_USPS_VALIDITY;NO_INVENTORY
11542,EXACT_IMLS_OUTLET_ZIP,NY0347,002,,EXACT_OUTLET;TIE_FSCSKEY_SEQ,EXACT_OUTLET;NOT_USPS_VALIDITY;NO_INVENTORY
11545,EXACT_IMLS_OUTLET_ZIP,NY0792,001,,EXACT_OUTLET;TIE_FSCSKEY_SEQ,EXACT_OUTLET;NOT_USPS_VALIDITY;NO_INVENTORY
11547,ZCTA_NEAREST_ACTIVE_OUTLET,NY0792,001,1.624,ZCTA_NN;R6371;TIE_FIRST_LEX,ZCTA_NN_HAVERSINE;NOT_ELIGIBILITY;NOT_USPS_VALIDITY;NO_INVENTORY
11548,ZCTA_NEAREST_ACTIVE_OUTLET,NY0792,001,2.556,ZCTA_NN;R6371;TIE_FIRST_LEX,ZCTA_NN_HAVERSINE;NOT_ELIGIBILITY;NOT_USPS_VALIDITY;NO_INVENTORY
11549,ZCTA_NEAREST_ACTIVE_OUTLET,NY0381,002,1.545,ZCTA_NN;R6371;TIE_FIRST_LEX,ZCTA_NN_HAVERSINE;NOT_ELIGIBILITY;NOT_USPS_VALIDITY;NO_INVENTORY
11550,EXACT_IMLS_OUTLET_ZIP,NY0349,002,,EXACT_OUTLET;TIE_FSCSKEY_SEQ,EXACT_OUTLET;NOT_USPS_VALIDITY;NO_INVENTORY
11551,OBSERVED_REFERENCE_INDIRECT_ONLY,,,,INDIRECT_IMLS_SC;NO_FABRICATED_NEAREST,INDIRECT_IMLS_SC;NO_FABRICATED_NEAREST;NOT_REJECTED;NOT_USPS_VALIDITY;NO_INVENTORY
11552,EXACT_IMLS_OUTLET_ZIP,NY0384,002,,EXACT_OUTLET;TIE_FSCSKEY_SEQ,EXACT_OUTLET;NOT_USPS_VALIDITY;NO_INVENTORY
11553,EXACT_IMLS_OUTLET_ZIP,NY0381,002,,EXACT_OUTLET;TIE_FSCSKEY_SEQ,EXACT_OUTLET;NOT_USPS_VALIDITY;NO_INVENTORY
11554,EXACT_IMLS_OUTLET_ZIP,NY0338,002,,EXACT_OUTLET;TIE_FSCSKEY_SEQ,EXACT_OUTLET;NOT_USPS_VALIDITY;NO_INVENTORY
11555,OBSERVED_REFERENCE_INDIRECT_ONLY,,,,INDIRECT_IMLS_SC;NO_FABRICATED_NEAREST,INDIRECT_IMLS_SC;NO_FABRICATED_NEAREST;NOT_REJECTED;NOT_USPS_VALIDITY;NO_INVENTORY
11556,ZCTA_NEAREST_ACTIVE_OUTLET,NY0338,002,1.672,ZCTA_NN;R6371;TIE_FIRST_LEX,ZCTA_NN_HAVERSINE;NOT_ELIGIBILITY;NOT_USPS_VALIDITY;NO_INVENTORY
11557,EXACT_IMLS_OUTLET_ZIP,NY0350,002,,EXACT_OUTLET;TIE_FSCSKEY_SEQ,EXACT_OUTLET;NOT_USPS_VALIDITY;NO_INVENTORY
11558,EXACT_IMLS_OUTLET_ZIP,NY0352,002,,EXACT_OUTLET;TIE_FSCSKEY_SEQ,EXACT_OUTLET;NOT_USPS_VALIDITY;NO_INVENTORY
11559,EXACT_IMLS_OUTLET_ZIP,NY0356,003,,EXACT_OUTLET;TIE_FSCSKEY_SEQ,EXACT_OUTLET;NOT_USPS_VALIDITY;NO_INVENTORY
11560,EXACT_IMLS_OUTLET_ZIP,NY0358,002,,EXACT_OUTLET;TIE_FSCSKEY_SEQ,EXACT_OUTLET;NOT_USPS_VALIDITY;NO_INVENTORY
11561,EXACT_IMLS_OUTLET_ZIP,NY0359,002,,EXACT_OUTLET;TIE_FSCSKEY_SEQ,EXACT_OUTLET;NOT_USPS_VALIDITY;NO_INVENTORY
11563,EXACT_IMLS_OUTLET_ZIP,NY0360,002,,EXACT_OUTLET;TIE_FSCSKEY_SEQ,EXACT_OUTLET;NOT_USPS_VALIDITY;NO_INVENTORY
11565,EXACT_IMLS_OUTLET_ZIP,NY0361,002,,EXACT_OUTLET;TIE_FSCSKEY_SEQ,EXACT_OUTLET;NOT_USPS_VALIDITY;NO_INVENTORY
11566,EXACT_IMLS_OUTLET_ZIP,NY0364,003,,EXACT_OUTLET;TIE_FSCSKEY_SEQ,EXACT_OUTLET;NOT_USPS_VALIDITY;NO_INVENTORY
11568,ZCTA_NEAREST_ACTIVE_OUTLET,NY0385,003,2.957,ZCTA_NN;R6371;TIE_FIRST_LEX,ZCTA_NN_HAVERSINE;NOT_ELIGIBILITY;NOT_USPS_VALIDITY;NO_INVENTORY
11569,EXACT_IMLS_OUTLET_ZIP,NY0359,003,,EXACT_OUTLET;TIE_FSCSKEY_SEQ,EXACT_OUTLET;NOT_USPS_VALIDITY;NO_INVENTORY
11570,EXACT_IMLS_OUTLET_ZIP,NY0355,002,,EXACT_OUTLET;TIE_FSCSKEY_SEQ,EXACT_OUTLET;NOT_USPS_VALIDITY;NO_INVENTORY
11571,OBSERVED_REFERENCE_INDIRECT_ONLY,,,,INDIRECT_IMLS_SC;NO_FABRICATED_NEAREST,INDIRECT_IMLS_SC;NO_FABRICATED_NEAREST;NOT_REJECTED;NOT_USPS_VALIDITY;NO_INVENTORY
11572,EXACT_IMLS_OUTLET_ZIP,NY0370,002,,EXACT_OUTLET;TIE_FSCSKEY_SEQ,EXACT_OUTLET;NOT_USPS_VALIDITY;NO_INVENTORY
11575,EXACT_IMLS_OUTLET_ZIP,NY0376,002,,EXACT_OUTLET;TIE_FSCSKEY_SEQ,EXACT_OUTLET;NOT_USPS_VALIDITY;NO_INVENTORY
11576,EXACT_IMLS_OUTLET_ZIP,NY0377,002,,EXACT_OUTLET;TIE_FSCSKEY_SEQ,EXACT_OUTLET;NOT_USPS_VALIDITY;NO_INVENTORY
11577,ZCTA_NEAREST_ACTIVE_OUTLET,NY0377,002,1.801,ZCTA_NN;R6371;TIE_FIRST_LEX,ZCTA_NN_HAVERSINE;NOT_ELIGIBILITY;NOT_USPS_VALIDITY;NO_INVENTORY
11579,EXACT_IMLS_OUTLET_ZIP,NY0378,002,,EXACT_OUTLET;TIE_FSCSKEY_SEQ,EXACT_OUTLET;NOT_USPS_VALIDITY;NO_INVENTORY
11580,EXACT_IMLS_OUTLET_ZIP,NY0382,002,,EXACT_OUTLET;TIE_FSCSKEY_SEQ,EXACT_OUTLET;NOT_USPS_VALIDITY;NO_INVENTORY
11581,ZCTA_NEAREST_ACTIVE_OUTLET,NY0382,002,1.578,ZCTA_NN;R6371;TIE_FIRST_LEX,ZCTA_NN_HAVERSINE;NOT_ELIGIBILITY;NOT_USPS_VALIDITY;NO_INVENTORY
11582,OBSERVED_REFERENCE_INDIRECT_ONLY,,,,INDIRECT_IMLS_SC;NO_FABRICATED_NEAREST,INDIRECT_IMLS_SC;NO_FABRICATED_NEAREST;NOT_REJECTED;NOT_USPS_VALIDITY;NO_INVENTORY
11590,EXACT_IMLS_OUTLET_ZIP,NY0385,002,,EXACT_OUTLET;TIE_FSCSKEY_SEQ,EXACT_OUTLET;NOT_USPS_VALIDITY;NO_INVENTORY
11596,EXACT_IMLS_OUTLET_ZIP,NY0340,002,,EXACT_OUTLET;TIE_FSCSKEY_SEQ,EXACT_OUTLET;NOT_USPS_VALIDITY;NO_INVENTORY
11598,ZCTA_NEAREST_ACTIVE_OUTLET,NY0350,002,0.732,ZCTA_NN;R6371;TIE_FIRST_LEX,ZCTA_NN_HAVERSINE;NOT_ELIGIBILITY;NOT_USPS_VALIDITY;NO_INVENTORY
11691,EXACT_IMLS_OUTLET_ZIP,NY0562,020,,EXACT_OUTLET;TIE_FSCSKEY_SEQ,EXACT_OUTLET;NOT_USPS_VALIDITY;NO_INVENTORY
11692,EXACT_IMLS_OUTLET_ZIP,NY0562,071,,EXACT_OUTLET;TIE_FSCSKEY_SEQ,EXACT_OUTLET;NOT_USPS_VALIDITY;NO_INVENTORY
11693,EXACT_IMLS_OUTLET_ZIP,NY0562,011,,EXACT_OUTLET;TIE_FSCSKEY_SEQ,EXACT_OUTLET;NOT_USPS_VALIDITY;NO_INVENTORY
11694,EXACT_IMLS_OUTLET_ZIP,NY0562,054,,EXACT_OUTLET;TIE_FSCSKEY_SEQ,EXACT_OUTLET;NOT_USPS_VALIDITY;NO_INVENTORY
11697,ZCTA_NEAREST_ACTIVE_OUTLET,NY0004,028,3.921,ZCTA_NN;R6371;TIE_FIRST_LEX,ZCTA_NN_HAVERSINE;NOT_ELIGIBILITY;NOT_USPS_VALIDITY;NO_INVENTORY
11701,EXACT_IMLS_OUTLET_ZIP,NY0643,002,,EXACT_OUTLET;TIE_FSCSKEY_SEQ,EXACT_OUTLET;NOT_USPS_VALIDITY;NO_INVENTORY
11702,EXACT_IMLS_OUTLET_ZIP,NY0644,002,,EXACT_OUTLET;TIE_FSCSKEY_SEQ,EXACT_OUTLET;NOT_USPS_VALIDITY;NO_INVENTORY
11703,EXACT_IMLS_OUTLET_ZIP,NY0676,002,,EXACT_OUTLET;TIE_FSCSKEY_SEQ,EXACT_OUTLET;NOT_USPS_VALIDITY;NO_INVENTORY
11704,EXACT_IMLS_OUTLET_ZIP,NY0692,002,,EXACT_OUTLET;TIE_FSCSKEY_SEQ,EXACT_OUTLET;NOT_USPS_VALIDITY;NO_INVENTORY
11705,ZCTA_NEAREST_ACTIVE_OUTLET,NY0646,002,1.698,ZCTA_NN;R6371;TIE_FIRST_LEX,ZCTA_NN_HAVERSINE;NOT_ELIGIBILITY;NOT_USPS_VALIDITY;NO_INVENTORY
11706,ZCTA_NEAREST_ACTIVE_OUTLET,NY0650,002,1.336,ZCTA_NN;R6371;TIE_FIRST_LEX,ZCTA_NN_HAVERSINE;NOT_ELIGIBILITY;NOT_USPS_VALIDITY;NO_INVENTORY
11707,OBSERVED_REFERENCE_INDIRECT_ONLY,,,,INDIRECT_IMLS_SC;NO_FABRICATED_NEAREST,INDIRECT_IMLS_SC;NO_FABRICATED_NEAREST;NOT_REJECTED;NOT_USPS_VALIDITY;NO_INVENTORY
11709,EXACT_IMLS_OUTLET_ZIP,NY0335,002,,EXACT_OUTLET;TIE_FSCSKEY_SEQ,EXACT_OUTLET;NOT_USPS_VALIDITY;NO_INVENTORY
11710,EXACT_IMLS_OUTLET_ZIP,NY0336,002,,EXACT_OUTLET;TIE_FSCSKEY_SEQ,EXACT_OUTLET;NOT_USPS_VALIDITY;NO_INVENTORY
11713,EXACT_IMLS_OUTLET_ZIP,NY0645,002,,EXACT_OUTLET;TIE_FSCSKEY_SEQ,EXACT_OUTLET;NOT_USPS_VALIDITY;NO_INVENTORY
11714,EXACT_IMLS_OUTLET_ZIP,NY0337,002,,EXACT_OUTLET;TIE_FSCSKEY_SEQ,EXACT_OUTLET;NOT_USPS_VALIDITY;NO_INVENTORY
11715,EXACT_IMLS_OUTLET_ZIP,NY0646,002,,EXACT_OUTLET;TIE_FSCSKEY_SEQ,EXACT_OUTLET;NOT_USPS_VALIDITY;NO_INVENTORY
11716,EXACT_IMLS_OUTLET_ZIP,NY0647,002,,EXACT_OUTLET;TIE_FSCSKEY_SEQ,EXACT_OUTLET;NOT_USPS_VALIDITY;NO_INVENTORY
11717,EXACT_IMLS_OUTLET_ZIP,NY0648,002,,EXACT_OUTLET;TIE_FSCSKEY_SEQ,EXACT_OUTLET;NOT_USPS_VALIDITY;NO_INVENTORY
11718,EXACT_IMLS_OUTLET_ZIP,NY0650,002,,EXACT_OUTLET;TIE_FSCSKEY_SEQ,EXACT_OUTLET;NOT_USPS_VALIDITY;NO_INVENTORY
11719,EXACT_IMLS_OUTLET_ZIP,NY0651,002,,EXACT_OUTLET;TIE_FSCSKEY_SEQ,EXACT_OUTLET;NOT_USPS_VALIDITY;NO_INVENTORY
11720,EXACT_IMLS_OUTLET_ZIP,NY0654,002,,EXACT_OUTLET;TIE_FSCSKEY_SEQ,EXACT_OUTLET;NOT_USPS_VALIDITY;NO_INVENTORY
11721,ZCTA_NEAREST_ACTIVE_OUTLET,NY0677,002,2.966,ZCTA_NN;R6371;TIE_FIRST_LEX,ZCTA_NN_HAVERSINE;NOT_ELIGIBILITY;NOT_USPS_VALIDITY;NO_INVENTORY
11722,EXACT_IMLS_OUTLET_ZIP,NY0655,002,,EXACT_OUTLET;TIE_FSCSKEY_SEQ,EXACT_OUTLET;NOT_USPS_VALIDITY;NO_INVENTORY
11724,EXACT_IMLS_OUTLET_ZIP,NY0656,002,,EXACT_OUTLET;TIE_FSCSKEY_SEQ,EXACT_OUTLET;NOT_USPS_VALIDITY;NO_INVENTORY
11725,EXACT_IMLS_OUTLET_ZIP,NY0657,002,,EXACT_OUTLET;TIE_FSCSKEY_SEQ,EXACT_OUTLET;NOT_USPS_VALIDITY;NO_INVENTORY
11726,EXACT_IMLS_OUTLET_ZIP,NY0658,002,,EXACT_OUTLET;TIE_FSCSKEY_SEQ,EXACT_OUTLET;NOT_USPS_VALIDITY;NO_INVENTORY
11727,ZCTA_NEAREST_ACTIVE_OUTLET,NY0654,003,2.845,ZCTA_NN;R6371;TIE_FIRST_LEX,ZCTA_NN_HAVERSINE;NOT_ELIGIBILITY;NOT_USPS_VALIDITY;NO_INVENTORY
11729,EXACT_IMLS_OUTLET_ZIP,NY0660,002,,EXACT_OUTLET;TIE_FSCSKEY_SEQ,EXACT_OUTLET;NOT_USPS_VALIDITY;NO_INVENTORY
11730,EXACT_IMLS_OUTLET_ZIP,NY0663,002,,EXACT_OUTLET;TIE_FSCSKEY_SEQ,EXACT_OUTLET;NOT_USPS_VALIDITY;NO_INVENTORY
11731,EXACT_IMLS_OUTLET_ZIP,NY0677,003,,EXACT_OUTLET;TIE_FSCSKEY_SEQ,EXACT_OUTLET;NOT_USPS_VALIDITY;NO_INVENTORY
11732,ZCTA_NEAREST_ACTIVE_OUTLET,NY0371,002,3.431,ZCTA_NN;R6371;TIE_FIRST_LEX,ZCTA_NN_HAVERSINE;NOT_ELIGIBILITY;NOT_USPS_VALIDITY;NO_INVENTORY
11733,EXACT_IMLS_OUTLET_ZIP,NY0685,002,,EXACT_OUTLET;TIE_FSCSKEY_SEQ,EXACT_OUTLET;NOT_USPS_VALIDITY;NO_INVENTORY
11735,EXACT_IMLS_OUTLET_ZIP,NY0342,002,,EXACT_OUTLET;TIE_FSCSKEY_SEQ,EXACT_OUTLET;NOT_USPS_VALIDITY;NO_INVENTORY
11738,ZCTA_NEAREST_ACTIVE_OUTLET,NY0654,003,3.274,ZCTA_NN;R6371;TIE_FIRST_LEX,ZCTA_NN_HAVERSINE;NOT_ELIGIBILITY;NOT_USPS_VALIDITY;NO_INVENTORY
11739,ZCTA_NEAREST_ACTIVE_OUTLET,NY0663,002,2.795,ZCTA_NN;R6371;TIE_FIRST_LEX,ZCTA_NN_HAVERSINE;NOT_ELIGIBILITY;NOT_USPS_VALIDITY;NO_INVENTORY
11740,EXACT_IMLS_OUTLET_ZIP,NY0665,002,,EXACT_OUTLET;TIE_FSCSKEY_SEQ,EXACT_OUTLET;NOT_USPS_VALIDITY;NO_INVENTORY
11741,EXACT_IMLS_OUTLET_ZIP,NY0668,002,,EXACT_OUTLET;TIE_FSCSKEY_SEQ,EXACT_OUTLET;NOT_USPS_VALIDITY;NO_INVENTORY
11742,ZCTA_NEAREST_ACTIVE_OUTLET,NY0668,002,3.528,ZCTA_NN;R6371;TIE_FIRST_LEX,ZCTA_NN_HAVERSINE;NOT_ELIGIBILITY;NOT_USPS_VALIDITY;NO_INVENTORY
11743,EXACT_IMLS_OUTLET_ZIP,NY0669,002,,EXACT_OUTLET;TIE_FSCSKEY_SEQ,EXACT_OUTLET;NOT_USPS_VALIDITY;NO_INVENTORY
11746,EXACT_IMLS_OUTLET_ZIP,NY0661,003,,EXACT_OUTLET;TIE_FSCSKEY_SEQ,EXACT_OUTLET;NOT_USPS_VALIDITY;NO_INVENTORY
11747,EXACT_IMLS_OUTLET_ZIP,NY0661,002,,EXACT_OUTLET;TIE_FSCSKEY_SEQ,EXACT_OUTLET;NOT_USPS_VALIDITY;NO_INVENTORY
11749,ZCTA_NEAREST_ACTIVE_OUTLET,NY9016,001,1.946,ZCTA_NN;R6371;TIE_FIRST_LEX,ZCTA_NN_HAVERSINE;NOT_ELIGIBILITY;NOT_USPS_VALIDITY;NO_INVENTORY
11751,EXACT_IMLS_OUTLET_ZIP,NY0671,002,,EXACT_OUTLET;TIE_FSCSKEY_SEQ,EXACT_OUTLET;NOT_USPS_VALIDITY;NO_INVENTORY
11752,ZCTA_NEAREST_ACTIVE_OUTLET,NY0663,002,2.589,ZCTA_NN;R6371;TIE_FIRST_LEX,ZCTA_NN_HAVERSINE;NOT_ELIGIBILITY;NOT_USPS_VALIDITY;NO_INVENTORY
11753,EXACT_IMLS_OUTLET_ZIP,NY0354,002,,EXACT_OUTLET;TIE_FSCSKEY_SEQ,EXACT_OUTLET;NOT_USPS_VALIDITY;NO_INVENTORY
11754,EXACT_IMLS_OUTLET_ZIP,NY0689,004,,EXACT_OUTLET;TIE_FSCSKEY_SEQ,EXACT_OUTLET;NOT_USPS_VALIDITY;NO_INVENTORY
11755,ZCTA_NEAREST_ACTIVE_OUTLET,NY0654,002,3.256,ZCTA_NN;R6371;TIE_FIRST_LEX,ZCTA_NN_HAVERSINE;NOT_ELIGIBILITY;NOT_USPS_VALIDITY;NO_INVENTORY
11756,EXACT_IMLS_OUTLET_ZIP,NY0353,002,,EXACT_OUTLET;TIE_FSCSKEY_SEQ,EXACT_OUTLET;NOT_USPS_VALIDITY;NO_INVENTORY
11757,EXACT_IMLS_OUTLET_ZIP,NY0672,002,,EXACT_OUTLET;TIE_FSCSKEY_SEQ,EXACT_OUTLET;NOT_USPS_VALIDITY;NO_INVENTORY
11758,EXACT_IMLS_OUTLET_ZIP,NY0363,003,,EXACT_OUTLET;TIE_FSCSKEY_SEQ,EXACT_OUTLET;NOT_USPS_VALIDITY;NO_INVENTORY
11762,EXACT_IMLS_OUTLET_ZIP,NY0363,002,,EXACT_OUTLET;TIE_FSCSKEY_SEQ,EXACT_OUTLET;NOT_USPS_VALIDITY;NO_INVENTORY
11763,ZCTA_NEAREST_ACTIVE_OUTLET,NY0654,003,6.273,ZCTA_NN;R6371;TIE_FIRST_LEX,ZCTA_NN_HAVERSINE;NOT_ELIGIBILITY;NOT_USPS_VALIDITY;NO_INVENTORY
11764,ZCTA_NEAREST_ACTIVE_OUTLET,NY0674,002,5.788,ZCTA_NN;R6371;TIE_FIRST_LEX,ZCTA_NN_HAVERSINE;NOT_ELIGIBILITY;NOT_USPS_VALIDITY;NO_INVENTORY
11765,ZCTA_NEAREST_ACTIVE_OUTLET,NY0358,002,2.736,ZCTA_NN;R6371;TIE_FIRST_LEX,ZCTA_NN_HAVERSINE;NOT_ELIGIBILITY;NOT_USPS_VALIDITY;NO_INVENTORY
11766,ZCTA_NEAREST_ACTIVE_OUTLET,NY0680,002,3.336,ZCTA_NN;R6371;TIE_FIRST_LEX,ZCTA_NN_HAVERSINE;NOT_ELIGIBILITY;NOT_USPS_VALIDITY;NO_INVENTORY
11767,EXACT_IMLS_OUTLET_ZIP,NY0689,005,,EXACT_OUTLET;TIE_FSCSKEY_SEQ,EXACT_OUTLET;NOT_USPS_VALIDITY;NO_INVENTORY
11768,EXACT_IMLS_OUTLET_ZIP,NY0677,002,,EXACT_OUTLET;TIE_FSCSKEY_SEQ,EXACT_OUTLET;NOT_USPS_VALIDITY;NO_INVENTORY
11769,ZCTA_NEAREST_ACTIVE_OUTLET,NY0647,002,2.811,ZCTA_NN;R6371;TIE_FIRST_LEX,ZCTA_NN_HAVERSINE;NOT_ELIGIBILITY;NOT_USPS_VALIDITY;NO_INVENTORY
11770,ZCTA_NEAREST_ACTIVE_OUTLET,NY0663,002,9.894,ZCTA_NN;R6371;TIE_FIRST_LEX,ZCTA_NN_HAVERSINE;NOT_ELIGIBILITY;NOT_USPS_VALIDITY;NO_INVENTORY
11771,EXACT_IMLS_OUTLET_ZIP,NY0371,002,,EXACT_OUTLET;TIE_FSCSKEY_SEQ,EXACT_OUTLET;NOT_USPS_VALIDITY;NO_INVENTORY
11772,EXACT_IMLS_OUTLET_ZIP,NY0678,002,,EXACT_OUTLET;TIE_FSCSKEY_SEQ,EXACT_OUTLET;NOT_USPS_VALIDITY;NO_INVENTORY
11776,EXACT_IMLS_OUTLET_ZIP,NY0680,002,,EXACT_OUTLET;TIE_FSCSKEY_SEQ,EXACT_OUTLET;NOT_USPS_VALIDITY;NO_INVENTORY
11777,EXACT_IMLS_OUTLET_ZIP,NY0679,002,,EXACT_OUTLET;TIE_FSCSKEY_SEQ,EXACT_OUTLET;NOT_USPS_VALIDITY;NO_INVENTORY
11778,ZCTA_NEAREST_ACTIVE_OUTLET,NY0688,002,5.908,ZCTA_NN;R6371;TIE_FIRST_LEX,ZCTA_NN_HAVERSINE;NOT_ELIGIBILITY;NOT_USPS_VALIDITY;NO_INVENTORY
11779,ZCTA_NEAREST_ACTIVE_OUTLET,NY0668,002,3.182,ZCTA_NN;R6371;TIE_FIRST_LEX,ZCTA_NN_HAVERSINE;NOT_ELIGIBILITY;NOT_USPS_VALIDITY;NO_INVENTORY
11780,ZCTA_NEAREST_ACTIVE_OUTLET,NY0689,002,6.134,ZCTA_NN;R6371;TIE_FIRST_LEX,ZCTA_NN_HAVERSINE;NOT_ELIGIBILITY;NOT_USPS_VALIDITY;NO_INVENTORY
11782,EXACT_IMLS_OUTLET_ZIP,NY0684,002,,EXACT_OUTLET;TIE_FSCSKEY_SEQ,EXACT_OUTLET;NOT_USPS_VALIDITY;NO_INVENTORY
11783,EXACT_IMLS_OUTLET_ZIP,NY0379,002,,EXACT_OUTLET;TIE_FSCSKEY_SEQ,EXACT_OUTLET;NOT_USPS_VALIDITY;NO_INVENTORY
11784,EXACT_IMLS_OUTLET_ZIP,NY0654,003,,EXACT_OUTLET;TIE_FSCSKEY_SEQ,EXACT_OUTLET;NOT_USPS_VALIDITY;NO_INVENTORY
11786,EXACT_IMLS_OUTLET_ZIP,NY0688,002,,EXACT_OUTLET;TIE_FSCSKEY_SEQ,EXACT_OUTLET;NOT_USPS_VALIDITY;NO_INVENTORY
11787,EXACT_IMLS_OUTLET_ZIP,NY0689,002,,EXACT_OUTLET;TIE_FSCSKEY_SEQ,EXACT_OUTLET;NOT_USPS_VALIDITY;NO_INVENTORY
11788,EXACT_IMLS_OUTLET_ZIP,NY9016,001,,EXACT_OUTLET;TIE_FSCSKEY_SEQ,EXACT_OUTLET;NOT_USPS_VALIDITY;NO_INVENTORY
11789,ZCTA_NEAREST_ACTIVE_OUTLET,NY0680,002,8.074,ZCTA_NN;R6371;TIE_FIRST_LEX,ZCTA_NN_HAVERSINE;NOT_ELIGIBILITY;NOT_USPS_VALIDITY;NO_INVENTORY
11790,ZCTA_NEAREST_ACTIVE_OUTLET,NY0685,002,4.395,ZCTA_NN;R6371;TIE_FIRST_LEX,ZCTA_NN_HAVERSINE;NOT_ELIGIBILITY;NOT_USPS_VALIDITY;NO_INVENTORY
11791,EXACT_IMLS_OUTLET_ZIP,NY0380,002,,EXACT_OUTLET;TIE_FSCSKEY_SEQ,EXACT_OUTLET;NOT_USPS_VALIDITY;NO_INVENTORY
11792,ZCTA_NEAREST_ACTIVE_OUTLET,NY0688,002,4.364,ZCTA_NN;R6371;TIE_FIRST_LEX,ZCTA_NN_HAVERSINE;NOT_ELIGIBILITY;NOT_USPS_VALIDITY;NO_INVENTORY
11793,EXACT_IMLS_OUTLET_ZIP,NY0383,002,,EXACT_OUTLET;TIE_FSCSKEY_SEQ,EXACT_OUTLET;NOT_USPS_VALIDITY;NO_INVENTORY
11794,ZCTA_NEAREST_ACTIVE_OUTLET,NY0685,002,3.130,ZCTA_NN;R6371;TIE_FIRST_LEX,ZCTA_NN_HAVERSINE;NOT_ELIGIBILITY;NOT_USPS_VALIDITY;NO_INVENTORY
11795,EXACT_IMLS_OUTLET_ZIP,NY0693,002,,EXACT_OUTLET;TIE_FSCSKEY_SEQ,EXACT_OUTLET;NOT_USPS_VALIDITY;NO_INVENTORY
11796,ZCTA_NEAREST_ACTIVE_OUTLET,NY0684,002,1.369,ZCTA_NN;R6371;TIE_FIRST_LEX,ZCTA_NN_HAVERSINE;NOT_ELIGIBILITY;NOT_USPS_VALIDITY;NO_INVENTORY
11797,ZCTA_NEAREST_ACTIVE_OUTLET,NY0380,002,3.483,ZCTA_NN;R6371;TIE_FIRST_LEX,ZCTA_NN_HAVERSINE;NOT_ELIGIBILITY;NOT_USPS_VALIDITY;NO_INVENTORY
11798,EXACT_IMLS_OUTLET_ZIP,NY0695,002,,EXACT_OUTLET;TIE_FSCSKEY_SEQ,EXACT_OUTLET;NOT_USPS_VALIDITY;NO_INVENTORY
11801,EXACT_IMLS_OUTLET_ZIP,NY0351,002,,EXACT_OUTLET;TIE_FSCSKEY_SEQ,EXACT_OUTLET;NOT_USPS_VALIDITY;NO_INVENTORY
11802,OBSERVED_REFERENCE_INDIRECT_ONLY,,,,INDIRECT_IMLS_SC;NO_FABRICATED_NEAREST,INDIRECT_IMLS_SC;NO_FABRICATED_NEAREST;NOT_REJECTED;NOT_USPS_VALIDITY;NO_INVENTORY
11803,EXACT_IMLS_OUTLET_ZIP,NY0373,002,,EXACT_OUTLET;TIE_FSCSKEY_SEQ,EXACT_OUTLET;NOT_USPS_VALIDITY;NO_INVENTORY
11804,ZCTA_NEAREST_ACTIVE_OUTLET,NY0373,002,2.377,ZCTA_NN;R6371;TIE_FIRST_LEX,ZCTA_NN_HAVERSINE;NOT_ELIGIBILITY;NOT_USPS_VALIDITY;NO_INVENTORY
11901,EXACT_IMLS_OUTLET_ZIP,NY0682,002,,EXACT_OUTLET;TIE_FSCSKEY_SEQ,EXACT_OUTLET;NOT_USPS_VALIDITY;NO_INVENTORY
11930,EXACT_IMLS_OUTLET_ZIP,NY0642,002,,EXACT_OUTLET;TIE_FSCSKEY_SEQ,EXACT_OUTLET;NOT_USPS_VALIDITY;NO_INVENTORY
11931,ZCTA_NEAREST_ACTIVE_OUTLET,NY0682,002,4.242,ZCTA_NN;R6371;TIE_FIRST_LEX,ZCTA_NN_HAVERSINE;NOT_ELIGIBILITY;NOT_USPS_VALIDITY;NO_INVENTORY
11932,EXACT_IMLS_OUTLET_ZIP,NY0649,002,,EXACT_OUTLET;TIE_FSCSKEY_SEQ,EXACT_OUTLET;NOT_USPS_VALIDITY;NO_INVENTORY
11933,EXACT_IMLS_OUTLET_ZIP,NY0652,002,,EXACT_OUTLET;TIE_FSCSKEY_SEQ,EXACT_OUTLET;NOT_USPS_VALIDITY;NO_INVENTORY
11934,EXACT_IMLS_OUTLET_ZIP,NY0653,002,,EXACT_OUTLET;TIE_FSCSKEY_SEQ,EXACT_OUTLET;NOT_USPS_VALIDITY;NO_INVENTORY
11935,EXACT_IMLS_OUTLET_ZIP,NY0659,002,,EXACT_OUTLET;TIE_FSCSKEY_SEQ,EXACT_OUTLET;NOT_USPS_VALIDITY;NO_INVENTORY
11937,EXACT_IMLS_OUTLET_ZIP,NY0662,002,,EXACT_OUTLET;TIE_FSCSKEY_SEQ,EXACT_OUTLET;NOT_USPS_VALIDITY;NO_INVENTORY
11939,ZCTA_NEAREST_ACTIVE_OUTLET,NY0666,002,5.142,ZCTA_NN;R6371;TIE_FIRST_LEX,ZCTA_NN_HAVERSINE;NOT_ELIGIBILITY;NOT_USPS_VALIDITY;NO_INVENTORY
11940,ZCTA_NEAREST_ACTIVE_OUTLET,NY0653,002,2.843,ZCTA_NN;R6371;TIE_FIRST_LEX,ZCTA_NN_HAVERSINE;NOT_ELIGIBILITY;NOT_USPS_VALIDITY;NO_INVENTORY
11941,ZCTA_NEAREST_ACTIVE_OUTLET,NY0653,002,6.376,ZCTA_NN;R6371;TIE_FIRST_LEX,ZCTA_NN_HAVERSINE;NOT_ELIGIBILITY;NOT_USPS_VALIDITY;NO_INVENTORY
11942,ZCTA_NEAREST_ACTIVE_OUTLET,NY0681,002,4.010,ZCTA_NN;R6371;TIE_FIRST_LEX,ZCTA_NN_HAVERSINE;NOT_ELIGIBILITY;NOT_USPS_VALIDITY;NO_INVENTORY
11944,EXACT_IMLS_OUTLET_ZIP,NY0666,002,,EXACT_OUTLET;TIE_FSCSKEY_SEQ,EXACT_OUTLET;NOT_USPS_VALIDITY;NO_INVENTORY
11946,EXACT_IMLS_OUTLET_ZIP,NY0667,002,,EXACT_OUTLET;TIE_FSCSKEY_SEQ,EXACT_OUTLET;NOT_USPS_VALIDITY;NO_INVENTORY
11947,ZCTA_NEAREST_ACTIVE_OUTLET,NY0673,002,7.017,ZCTA_NN;R6371;TIE_FIRST_LEX,ZCTA_NN_HAVERSINE;NOT_ELIGIBILITY;NOT_USPS_VALIDITY;NO_INVENTORY
11948,ZCTA_NEAREST_ACTIVE_OUTLET,NY0673,002,3.983,ZCTA_NN;R6371;TIE_FIRST_LEX,ZCTA_NN_HAVERSINE;NOT_ELIGIBILITY;NOT_USPS_VALIDITY;NO_INVENTORY
11949,ZCTA_NEAREST_ACTIVE_OUTLET,NY0687,005,6.924,ZCTA_NN;R6371;TIE_FIRST_LEX,ZCTA_NN_HAVERSINE;NOT_ELIGIBILITY;NOT_USPS_VALIDITY;NO_INVENTORY
11950,EXACT_IMLS_OUTLET_ZIP,NY0687,004,,EXACT_OUTLET;TIE_FSCSKEY_SEQ,EXACT_OUTLET;NOT_USPS_VALIDITY;NO_INVENTORY
11951,EXACT_IMLS_OUTLET_ZIP,NY0687,003,,EXACT_OUTLET;TIE_FSCSKEY_SEQ,EXACT_OUTLET;NOT_USPS_VALIDITY;NO_INVENTORY
11952,EXACT_IMLS_OUTLET_ZIP,NY0673,002,,EXACT_OUTLET;TIE_FSCSKEY_SEQ,EXACT_OUTLET;NOT_USPS_VALIDITY;NO_INVENTORY
11953,EXACT_IMLS_OUTLET_ZIP,NY0674,002,,EXACT_OUTLET;TIE_FSCSKEY_SEQ,EXACT_OUTLET;NOT_USPS_VALIDITY;NO_INVENTORY
11954,EXACT_IMLS_OUTLET_ZIP,NY0675,002,,EXACT_OUTLET;TIE_FSCSKEY_SEQ,EXACT_OUTLET;NOT_USPS_VALIDITY;NO_INVENTORY
11955,EXACT_IMLS_OUTLET_ZIP,NY0687,005,,EXACT_OUTLET;TIE_FSCSKEY_SEQ,EXACT_OUTLET;NOT_USPS_VALIDITY;NO_INVENTORY
11956,ZCTA_NEAREST_ACTIVE_OUTLET,NY0659,002,2.346,ZCTA_NN;R6371;TIE_FIRST_LEX,ZCTA_NN_HAVERSINE;NOT_ELIGIBILITY;NOT_USPS_VALIDITY;NO_INVENTORY
11957,ZCTA_NEAREST_ACTIVE_OUTLET,NY0664,002,10.722,ZCTA_NN;R6371;TIE_FIRST_LEX,ZCTA_NN_HAVERSINE;NOT_ELIGIBILITY;NOT_USPS_VALIDITY;NO_INVENTORY
11958,ZCTA_NEAREST_ACTIVE_OUTLET,NY0659,002,3.769,ZCTA_NN;R6371;TIE_FIRST_LEX,ZCTA_NN_HAVERSINE;NOT_ELIGIBILITY;NOT_USPS_VALIDITY;NO_INVENTORY
11959,EXACT_IMLS_OUTLET_ZIP,NY0681,002,,EXACT_OUTLET;TIE_FSCSKEY_SEQ,EXACT_OUTLET;NOT_USPS_VALIDITY;NO_INVENTORY
11960,ZCTA_NEAREST_ACTIVE_OUTLET,NY0694,002,5.325,ZCTA_NN;R6371;TIE_FIRST_LEX,ZCTA_NN_HAVERSINE;NOT_ELIGIBILITY;NOT_USPS_VALIDITY;NO_INVENTORY
11961,ZCTA_NEAREST_ACTIVE_OUTLET,NY0688,002,4.662,ZCTA_NN;R6371;TIE_FIRST_LEX,ZCTA_NN_HAVERSINE;NOT_ELIGIBILITY;NOT_USPS_VALIDITY;NO_INVENTORY
11962,ZCTA_NEAREST_ACTIVE_OUTLET,NY0649,002,2.906,ZCTA_NN;R6371;TIE_FIRST_LEX,ZCTA_NN_HAVERSINE;NOT_ELIGIBILITY;NOT_USPS_VALIDITY;NO_INVENTORY
11963,EXACT_IMLS_OUTLET_ZIP,NY0683,002,,EXACT_OUTLET;TIE_FSCSKEY_SEQ,EXACT_OUTLET;NOT_USPS_VALIDITY;NO_INVENTORY
11964,EXACT_IMLS_OUTLET_ZIP,NY0686,002,,EXACT_OUTLET;TIE_FSCSKEY_SEQ,EXACT_OUTLET;NOT_USPS_VALIDITY;NO_INVENTORY
11965,ZCTA_NEAREST_ACTIVE_OUTLET,NY0686,002,3.371,ZCTA_NN;R6371;TIE_FIRST_LEX,ZCTA_NN_HAVERSINE;NOT_ELIGIBILITY;NOT_USPS_VALIDITY;NO_INVENTORY
11967,EXACT_IMLS_SYSTEM_ZIP,NY0687,,,EXACT_SYSTEM;TIE_FSCSKEY,EXACT_SYSTEM_ADMIN;NOT_NEARBY_OUTLET;NOT_USPS_VALIDITY;NO_INVENTORY
11968,EXACT_IMLS_OUTLET_ZIP,NY0690,002,,EXACT_OUTLET;TIE_FSCSKEY_SEQ,EXACT_OUTLET;NOT_USPS_VALIDITY;NO_INVENTORY
11969,OBSERVED_REFERENCE_INDIRECT_ONLY,,,,INDIRECT_IMLS_SC;NO_FABRICATED_NEAREST,INDIRECT_IMLS_SC;NO_FABRICATED_NEAREST;NOT_REJECTED;NOT_USPS_VALIDITY;NO_INVENTORY
11970,ZCTA_NEAREST_ACTIVE_OUTLET,NY0673,002,6.164,ZCTA_NN;R6371;TIE_FIRST_LEX,ZCTA_NN_HAVERSINE;NOT_ELIGIBILITY;NOT_USPS_VALIDITY;NO_INVENTORY
11971,EXACT_IMLS_OUTLET_ZIP,NY0691,002,,EXACT_OUTLET;TIE_FSCSKEY_SEQ,EXACT_OUTLET;NOT_USPS_VALIDITY;NO_INVENTORY
11972,ZCTA_NEAREST_ACTIVE_OUTLET,NY0694,002,5.143,ZCTA_NN;R6371;TIE_FIRST_LEX,ZCTA_NN_HAVERSINE;NOT_ELIGIBILITY;NOT_USPS_VALIDITY;NO_INVENTORY
11973,ZCTA_NEAREST_ACTIVE_OUTLET,NY0674,002,5.135,ZCTA_NN;R6371;TIE_FIRST_LEX,ZCTA_NN_HAVERSINE;NOT_ELIGIBILITY;NOT_USPS_VALIDITY;NO_INVENTORY
11975,ZCTA_NEAREST_ACTIVE_OUTLET,NY0649,002,4.579,ZCTA_NN;R6371;TIE_FIRST_LEX,ZCTA_NN_HAVERSINE;NOT_ELIGIBILITY;NOT_USPS_VALIDITY;NO_INVENTORY
11976,ZCTA_NEAREST_ACTIVE_OUTLET,NY0649,002,3.904,ZCTA_NN;R6371;TIE_FIRST_LEX,ZCTA_NN_HAVERSINE;NOT_ELIGIBILITY;NOT_USPS_VALIDITY;NO_INVENTORY
11977,ZCTA_NEAREST_ACTIVE_OUTLET,NY0694,002,3.852,ZCTA_NN;R6371;TIE_FIRST_LEX,ZCTA_NN_HAVERSINE;NOT_ELIGIBILITY;NOT_USPS_VALIDITY;NO_INVENTORY
11978,EXACT_IMLS_OUTLET_ZIP,NY0694,002,,EXACT_OUTLET;TIE_FSCSKEY_SEQ,EXACT_OUTLET;NOT_USPS_VALIDITY;NO_INVENTORY
11980,ZCTA_NEAREST_ACTIVE_OUTLET,NY0674,002,5.896,ZCTA_NN;R6371;TIE_FIRST_LEX,ZCTA_NN_HAVERSINE;NOT_ELIGIBILITY;NOT_USPS_VALIDITY;NO_INVENTORY
12007,ZCTA_NEAREST_ACTIVE_OUTLET,NY0709,002,9.140,ZCTA_NN;R6371;TIE_FIRST_LEX,ZCTA_NN_HAVERSINE;NOT_ELIGIBILITY;NOT_USPS_VALIDITY;NO_INVENTORY
12008,ZCTA_NEAREST_ACTIVE_OUTLET,NY0327,004,2.364,ZCTA_NN;R6371;TIE_FIRST_LEX,ZCTA_NN_HAVERSINE;NOT_ELIGIBILITY;NOT_USPS_VALIDITY;NO_INVENTORY
12009,EXACT_IMLS_OUTLET_ZIP,NY0698,002,,EXACT_OUTLET;TIE_FSCSKEY_SEQ,EXACT_OUTLET;NOT_USPS_VALIDITY;NO_INVENTORY
12010,EXACT_IMLS_OUTLET_ZIP,NY0321,002,,EXACT_OUTLET;TIE_FSCSKEY_SEQ,EXACT_OUTLET;NOT_USPS_VALIDITY;NO_INVENTORY
12015,EXACT_IMLS_OUTLET_ZIP,NY0240,002,,EXACT_OUTLET;TIE_FSCSKEY_SEQ,EXACT_OUTLET;NOT_USPS_VALIDITY;NO_INVENTORY
12017,ZCTA_NEAREST_ACTIVE_OUTLET,MA0322,002,6.966,ZCTA_NN;R6371;TIE_FIRST_LEX,ZCTA_NN_HAVERSINE;NOT_ELIGIBILITY;NOT_USPS_VALIDITY;NO_INVENTORY
12018,EXACT_IMLS_OUTLET_ZIP,NY0722,002,,EXACT_OUTLET;TIE_FSCSKEY_SEQ,EXACT_OUTLET;NOT_USPS_VALIDITY;NO_INVENTORY
12019,ZCTA_NEAREST_ACTIVE_OUTLET,NY0615,002,3.101,ZCTA_NN;R6371;TIE_FIRST_LEX,ZCTA_NN_HAVERSINE;NOT_ELIGIBILITY;NOT_USPS_VALIDITY;NO_INVENTORY
12020,EXACT_IMLS_OUTLET_ZIP,NY0614,002,,EXACT_OUTLET;TIE_FSCSKEY_SEQ,EXACT_OUTLET;NOT_USPS_VALIDITY;NO_INVENTORY
12022,EXACT_IMLS_OUTLET_ZIP,NY0710,002,,EXACT_OUTLET;TIE_FSCSKEY_SEQ,EXACT_OUTLET;NOT_USPS_VALIDITY;NO_INVENTORY
12023,EXACT_IMLS_OUTLET_ZIP,NY0699,002,,EXACT_OUTLET;TIE_FSCSKEY_SEQ,EXACT_OUTLET;NOT_USPS_VALIDITY;NO_INVENTORY
12024,ZCTA_NEAREST_ACTIVE_OUTLET,NY0715,002,7.141,ZCTA_NN;R6371;TIE_FIRST_LEX,ZCTA_NN_HAVERSINE;NOT_ELIGIBILITY;NOT_USPS_VALIDITY;NO_INVENTORY
12025,ZCTA_NEAREST_ACTIVE_OUTLET,NY9013,001,11.136,ZCTA_NN;R6371;TIE_FIRST_LEX,ZCTA_NN_HAVERSINE;NOT_ELIGIBILITY;NOT_USPS_VALIDITY;NO_INVENTORY
12027,EXACT_IMLS_OUTLET_ZIP,NY0615,002,,EXACT_OUTLET;TIE_FSCSKEY_SEQ,EXACT_OUTLET;NOT_USPS_VALIDITY;NO_INVENTORY
12028,ZCTA_NEAREST_ACTIVE_OUTLET,NY0714,002,8.864,ZCTA_NN;R6371;TIE_FIRST_LEX,ZCTA_NN_HAVERSINE;NOT_ELIGIBILITY;NOT_USPS_VALIDITY;NO_INVENTORY
12029,EXACT_IMLS_OUTLET_ZIP,NY0208,003,,EXACT_OUTLET;TIE_FSCSKEY_SEQ,EXACT_OUTLET;NOT_USPS_VALIDITY;NO_INVENTORY
12031,ZCTA_NEAREST_ACTIVE_OUTLET,NY0328,002,9.781,ZCTA_NN;R6371;TIE_FIRST_LEX,ZCTA_NN_HAVERSINE;NOT_ELIGIBILITY;NOT_USPS_VALIDITY;NO_INVENTORY
12032,ZCTA_NEAREST_ACTIVE_OUTLET,NY0285,002,22.629,ZCTA_NN;R6371;TIE_FIRST_LEX,ZCTA_NN_HAVERSINE;NOT_ELIGIBILITY;NOT_USPS_VALIDITY;NO_INVENTORY
12033,EXACT_IMLS_OUTLET_ZIP,NY0711,002,,EXACT_OUTLET;TIE_FSCSKEY_SEQ,EXACT_OUTLET;NOT_USPS_VALIDITY;NO_INVENTORY
12035,ZCTA_NEAREST_ACTIVE_OUTLET,NY0330,002,9.181,ZCTA_NN;R6371;TIE_FIRST_LEX,ZCTA_NN_HAVERSINE;NOT_ELIGIBILITY;NOT_USPS_VALIDITY;NO_INVENTORY
12036,ZCTA_NEAREST_ACTIVE_OUTLET,NY0206,003,8.206,ZCTA_NN;R6371;TIE_FIRST_LEX,ZCTA_NN_HAVERSINE;NOT_ELIGIBILITY;NOT_USPS_VALIDITY;NO_INVENTORY
12037,EXACT_IMLS_OUTLET_ZIP,NY0208,008,,EXACT_OUTLET;TIE_FSCSKEY_SEQ,EXACT_OUTLET;NOT_USPS_VALIDITY;NO_INVENTORY
12040,ZCTA_NEAREST_ACTIVE_OUTLET,NY0710,002,6.877,ZCTA_NN;R6371;TIE_FIRST_LEX,ZCTA_NN_HAVERSINE;NOT_ELIGIBILITY;NOT_USPS_VALIDITY;NO_INVENTORY
12041,ZCTA_NEAREST_ACTIVE_OUTLET,NY0709,002,6.308,ZCTA_NN;R6371;TIE_FIRST_LEX,ZCTA_NN_HAVERSINE;NOT_ELIGIBILITY;NOT_USPS_VALIDITY;NO_INVENTORY
12042,ZCTA_NEAREST_ACTIVE_OUTLET,NY0243,002,7.113,ZCTA_NN;R6371;TIE_FIRST_LEX,ZCTA_NN_HAVERSINE;NOT_ELIGIBILITY;NOT_USPS_VALIDITY;NO_INVENTORY
12043,EXACT_IMLS_OUTLET_ZIP,NY0328,002,,EXACT_OUTLET;TIE_FSCSKEY_SEQ,EXACT_OUTLET;NOT_USPS_VALIDITY;NO_INVENTORY
12045,ZCTA_NEAREST_ACTIVE_OUTLET,NY0705,002,1.212,ZCTA_NN;R6371;TIE_FIRST_LEX,ZCTA_NN_HAVERSINE;NOT_ELIGIBILITY;NOT_USPS_VALIDITY;NO_INVENTORY
12046,ZCTA_NEAREST_ACTIVE_OUTLET,NY0705,002,9.875,ZCTA_NN;R6371;TIE_FIRST_LEX,ZCTA_NN_HAVERSINE;NOT_ELIGIBILITY;NOT_USPS_VALIDITY;NO_INVENTORY
12047,EXACT_IMLS_OUTLET_ZIP,NY0700,002,,EXACT_OUTLET;TIE_FSCSKEY_SEQ,EXACT_OUTLET;NOT_USPS_VALIDITY;NO_INVENTORY
12050,OBSERVED_REFERENCE_INDIRECT_ONLY,,,,INDIRECT_IMLS_SC;NO_FABRICATED_NEAREST,INDIRECT_IMLS_SC;NO_FABRICATED_NEAREST;NOT_REJECTED;NOT_USPS_VALIDITY;NO_INVENTORY
12051,EXACT_IMLS_OUTLET_ZIP,NY0243,002,,EXACT_OUTLET;TIE_FSCSKEY_SEQ,EXACT_OUTLET;NOT_USPS_VALIDITY;NO_INVENTORY
12052,ZCTA_NEAREST_ACTIVE_OUTLET,NY0713,002,2.568,ZCTA_NN;R6371;TIE_FIRST_LEX,ZCTA_NN_HAVERSINE;NOT_ELIGIBILITY;NOT_USPS_VALIDITY;NO_INVENTORY
12053,EXACT_IMLS_OUTLET_ZIP,NY0327,008,,EXACT_OUTLET;TIE_FSCSKEY_SEQ,EXACT_OUTLET;NOT_USPS_VALIDITY;NO_INVENTORY
12054,EXACT_IMLS_OUTLET_ZIP,NY0702,002,,EXACT_OUTLET;TIE_FSCSKEY_SEQ,EXACT_OUTLET;NOT_USPS_VALIDITY;NO_INVENTORY
12055,OBSERVED_REFERENCE_INDIRECT_ONLY,,,,INDIRECT_IMLS_SC;NO_FABRICATED_NEAREST,INDIRECT_IMLS_SC;NO_FABRICATED_NEAREST;NOT_REJECTED;NOT_USPS_VALIDITY;NO_INVENTORY
12056,ZCTA_NEAREST_ACTIVE_OUTLET,NY0327,008,8.467,ZCTA_NN;R6371;TIE_FIRST_LEX,ZCTA_NN_HAVERSINE;NOT_ELIGIBILITY;NOT_USPS_VALIDITY;NO_INVENTORY
12057,ZCTA_NEAREST_ACTIVE_OUTLET,NY0633,002,7.403,ZCTA_NN;R6371;TIE_FIRST_LEX,ZCTA_NN_HAVERSINE;NOT_ELIGIBILITY;NOT_USPS_VALIDITY;NO_INVENTORY
12058,ZCTA_NEAREST_ACTIVE_OUTLET,NY0241,002,8.299,ZCTA_NN;R6371;TIE_FIRST_LEX,ZCTA_NN_HAVERSINE;NOT_ELIGIBILITY;NOT_USPS_VALIDITY;NO_INVENTORY
12059,ZCTA_NEAREST_ACTIVE_OUTLET,NY0699,002,6.924,ZCTA_NN;R6371;TIE_FIRST_LEX,ZCTA_NN_HAVERSINE;NOT_ELIGIBILITY;NOT_USPS_VALIDITY;NO_INVENTORY
12060,ZCTA_NEAREST_ACTIVE_OUTLET,NY0208,003,4.620,ZCTA_NN;R6371;TIE_FIRST_LEX,ZCTA_NN_HAVERSINE;NOT_ELIGIBILITY;NOT_USPS_VALIDITY;NO_INVENTORY
12061,EXACT_IMLS_OUTLET_ZIP,NY0712,002,,EXACT_OUTLET;TIE_FSCSKEY_SEQ,EXACT_OUTLET;NOT_USPS_VALIDITY;NO_INVENTORY
12062,ZCTA_NEAREST_ACTIVE_OUTLET,NY0715,002,8.841,ZCTA_NN;R6371;TIE_FIRST_LEX,ZCTA_NN_HAVERSINE;NOT_ELIGIBILITY;NOT_USPS_VALIDITY;NO_INVENTORY
12063,ZCTA_NEAREST_ACTIVE_OUTLET,NY0715,002,6.350,ZCTA_NN;R6371;TIE_FIRST_LEX,ZCTA_NN_HAVERSINE;NOT_ELIGIBILITY;NOT_USPS_VALIDITY;NO_INVENTORY
12064,ZCTA_NEAREST_ACTIVE_OUTLET,NY0206,003,8.434,ZCTA_NN;R6371;TIE_FIRST_LEX,ZCTA_NN_HAVERSINE;NOT_ELIGIBILITY;NOT_USPS_VALIDITY;NO_INVENTORY
12065,EXACT_IMLS_OUTLET_ZIP,NY0616,003,,EXACT_OUTLET;TIE_FSCSKEY_SEQ,EXACT_OUTLET;NOT_USPS_VALIDITY;NO_INVENTORY
12066,ZCTA_NEAREST_ACTIVE_OUTLET,NY0327,008,10.493,ZCTA_NN;R6371;TIE_FIRST_LEX,ZCTA_NN_HAVERSINE;NOT_ELIGIBILITY;NOT_USPS_VALIDITY;NO_INVENTORY
12067,ZCTA_NEAREST_ACTIVE_OUTLET,NY0702,002,9.450,ZCTA_NN;R6371;TIE_FIRST_LEX,ZCTA_NN_HAVERSINE;NOT_ELIGIBILITY;NOT_USPS_VALIDITY;NO_INVENTORY
12068,EXACT_IMLS_OUTLET_ZIP,NY0323,002,,EXACT_OUTLET;TIE_FSCSKEY_SEQ,EXACT_OUTLET;NOT_USPS_VALIDITY;NO_INVENTORY
12069,ZCTA_NEAREST_ACTIVE_OUTLET,NY0321,002,7.330,ZCTA_NN;R6371;TIE_FIRST_LEX,ZCTA_NN_HAVERSINE;NOT_ELIGIBILITY;NOT_USPS_VALIDITY;NO_INVENTORY
12070,ZCTA_NEAREST_ACTIVE_OUTLET,NY0321,002,7.987,ZCTA_NN;R6371;TIE_FIRST_LEX,ZCTA_NN_HAVERSINE;NOT_ELIGIBILITY;NOT_USPS_VALIDITY;NO_INVENTORY
12071,ZCTA_NEAREST_ACTIVE_OUTLET,NY0329,002,7.293,ZCTA_NN;R6371;TIE_FIRST_LEX,ZCTA_NN_HAVERSINE;NOT_ELIGIBILITY;NOT_USPS_VALIDITY;NO_INVENTORY
12072,ZCTA_NEAREST_ACTIVE_OUTLET,NY0323,002,7.900,ZCTA_NN;R6371;TIE_FIRST_LEX,ZCTA_NN_HAVERSINE;NOT_ELIGIBILITY;NOT_USPS_VALIDITY;NO_INVENTORY
12073,OBSERVED_REFERENCE_INDIRECT_ONLY,,,,INDIRECT_IMLS_SC;NO_FABRICATED_NEAREST,INDIRECT_IMLS_SC;NO_FABRICATED_NEAREST;NOT_REJECTED;NOT_USPS_VALIDITY;NO_INVENTORY
12074,EXACT_IMLS_OUTLET_ZIP,NY9013,001,,EXACT_OUTLET;TIE_FSCSKEY_SEQ,EXACT_OUTLET;NOT_USPS_VALIDITY;NO_INVENTORY
12075,ZCTA_NEAREST_ACTIVE_OUTLET,NY0217,002,6.264,ZCTA_NN;R6371;TIE_FIRST_LEX,ZCTA_NN_HAVERSINE;NOT_ELIGIBILITY;NOT_USPS_VALIDITY;NO_INVENTORY
12076,ZCTA_NEAREST_ACTIVE_OUTLET,NY0247,002,15.505,ZCTA_NN;R6371;TIE_FIRST_LEX,ZCTA_NN_HAVERSINE;NOT_ELIGIBILITY;NOT_USPS_VALIDITY;NO_INVENTORY
12077,ZCTA_NEAREST_ACTIVE_OUTLET,NY0697,003,6.051,ZCTA_NN;R6371;TIE_FIRST_LEX,ZCTA_NN_HAVERSINE;NOT_ELIGIBILITY;NOT_USPS_VALIDITY;NO_INVENTORY
12078,EXACT_IMLS_OUTLET_ZIP,NY0318,002,,EXACT_OUTLET;TIE_FSCSKEY_SEQ,EXACT_OUTLET;NOT_USPS_VALIDITY;NO_INVENTORY
12082,EXACT_IMLS_OUTLET_ZIP,NY0713,002,,EXACT_OUTLET;TIE_FSCSKEY_SEQ,EXACT_OUTLET;NOT_USPS_VALIDITY;NO_INVENTORY
12083,EXACT_IMLS_OUTLET_ZIP,NY0244,002,,EXACT_OUTLET;TIE_FSCSKEY_SEQ,EXACT_OUTLET;NOT_USPS_VALIDITY;NO_INVENTORY
12084,EXACT_IMLS_OUTLET_ZIP,NY0703,002,,EXACT_OUTLET;TIE_FSCSKEY_SEQ,EXACT_OUTLET;NOT_USPS_VALIDITY;NO_INVENTORY
12085,ZCTA_NEAREST_ACTIVE_OUTLET,NY0703,002,5.074,ZCTA_NN;R6371;TIE_FIRST_LEX,ZCTA_NN_HAVERSINE;NOT_ELIGIBILITY;NOT_USPS_VALIDITY;NO_INVENTORY
12086,ZCTA_NEAREST_ACTIVE_OUTLET,NY9013,001,7.056,ZCTA_NN;R6371;TIE_FIRST_LEX,ZCTA_NN_HAVERSINE;NOT_ELIGIBILITY;NOT_USPS_VALIDITY;NO_INVENTORY
12087,ZCTA_NEAREST_ACTIVE_OUTLET,NY0705,002,8.286,ZCTA_NN;R6371;TIE_FIRST_LEX,ZCTA_NN_HAVERSINE;NOT_ELIGIBILITY;NOT_USPS_VALIDITY;NO_INVENTORY
12089,OBSERVED_REFERENCE_INDIRECT_ONLY,,,,INDIRECT_IMLS_SC;NO_FABRICATED_NEAREST,INDIRECT_IMLS_SC;NO_FABRICATED_NEAREST;NOT_REJECTED;NOT_USPS_VALIDITY;NO_INVENTORY
12090,EXACT_IMLS_OUTLET_ZIP,NY0714,002,,EXACT_OUTLET;TIE_FSCSKEY_SEQ,EXACT_OUTLET;NOT_USPS_VALIDITY;NO_INVENTORY
12092,ZCTA_NEAREST_ACTIVE_OUTLET,NY0330,002,7.088,ZCTA_NN;R6371;TIE_FIRST_LEX,ZCTA_NN_HAVERSINE;NOT_ELIGIBILITY;NOT_USPS_VALIDITY;NO_INVENTORY
12093,ZCTA_NEAREST_ACTIVE_OUTLET,NY0191,002,9.849,ZCTA_NN;R6371;TIE_FIRST_LEX,ZCTA_NN_HAVERSINE;NOT_ELIGIBILITY;NOT_USPS_VALIDITY;NO_INVENTORY
12094,ZCTA_NEAREST_ACTIVE_OUTLET,NY0721,002,6.375,ZCTA_NN;R6371;TIE_FIRST_LEX,ZCTA_NN_HAVERSINE;NOT_ELIGIBILITY;NOT_USPS_VALIDITY;NO_INVENTORY
12095,EXACT_IMLS_OUTLET_ZIP,NY0319,002,,EXACT_OUTLET;TIE_FSCSKEY_SEQ,EXACT_OUTLET;NOT_USPS_VALIDITY;NO_INVENTORY
12106,EXACT_IMLS_OUTLET_ZIP,NY0213,002,,EXACT_OUTLET;TIE_FSCSKEY_SEQ,EXACT_OUTLET;NOT_USPS_VALIDITY;NO_INVENTORY
12108,ZCTA_NEAREST_ACTIVE_OUTLET,NY9017,001,6.449,ZCTA_NN;R6371;TIE_FIRST_LEX,ZCTA_NN_HAVERSINE;NOT_ELIGIBILITY;NOT_USPS_VALIDITY;NO_INVENTORY
12110,ZCTA_NEAREST_ACTIVE_OUTLET,NY0701,002,3.092,ZCTA_NN;R6371;TIE_FIRST_LEX,ZCTA_NN_HAVERSINE;NOT_ELIGIBILITY;NOT_USPS_VALIDITY;NO_INVENTORY
12115,ZCTA_NEAREST_ACTIVE_OUTLET,NY0216,002,2.594,ZCTA_NN;R6371;TIE_FIRST_LEX,ZCTA_NN_HAVERSINE;NOT_ELIGIBILITY;NOT_USPS_VALIDITY;NO_INVENTORY
12116,ZCTA_NEAREST_ACTIVE_OUTLET,NY0199,002,6.378,ZCTA_NN;R6371;TIE_FIRST_LEX,ZCTA_NN_HAVERSINE;NOT_ELIGIBILITY;NOT_USPS_VALIDITY;NO_INVENTORY
12117,ZCTA_NEAREST_ACTIVE_OUTLET,NY0320,002,9.335,ZCTA_NN;R6371;TIE_FIRST_LEX,ZCTA_NN_HAVERSINE;NOT_ELIGIBILITY;NOT_USPS_VALIDITY;NO_INVENTORY
12118,EXACT_IMLS_OUTLET_ZIP,NY0618,002,,EXACT_OUTLET;TIE_FSCSKEY_SEQ,EXACT_OUTLET;NOT_USPS_VALIDITY;NO_INVENTORY
12120,ZCTA_NEAREST_ACTIVE_OUTLET,NY0706,002,5.675,ZCTA_NN;R6371;TIE_FIRST_LEX,ZCTA_NN_HAVERSINE;NOT_ELIGIBILITY;NOT_USPS_VALIDITY;NO_INVENTORY
12121,ZCTA_NEAREST_ACTIVE_OUTLET,NY0718,002,6.744,ZCTA_NN;R6371;TIE_FIRST_LEX,ZCTA_NN_HAVERSINE;NOT_ELIGIBILITY;NOT_USPS_VALIDITY;NO_INVENTORY
12122,EXACT_IMLS_OUTLET_ZIP,NY0329,002,,EXACT_OUTLET;TIE_FSCSKEY_SEQ,EXACT_OUTLET;NOT_USPS_VALIDITY;NO_INVENTORY
12123,EXACT_IMLS_OUTLET_ZIP,NY0715,002,,EXACT_OUTLET;TIE_FSCSKEY_SEQ,EXACT_OUTLET;NOT_USPS_VALIDITY;NO_INVENTORY
12124,ZCTA_NEAREST_ACTIVE_OUTLET,NY0705,002,3.339,ZCTA_NN;R6371;TIE_FIRST_LEX,ZCTA_NN_HAVERSINE;NOT_ELIGIBILITY;NOT_USPS_VALIDITY;NO_INVENTORY
12125,EXACT_IMLS_OUTLET_ZIP,NY0215,002,,EXACT_OUTLET;TIE_FSCSKEY_SEQ,EXACT_OUTLET;NOT_USPS_VALIDITY;NO_INVENTORY
12130,ZCTA_NEAREST_ACTIVE_OUTLET,NY0218,002,3.789,ZCTA_NN;R6371;TIE_FIRST_LEX,ZCTA_NN_HAVERSINE;NOT_ELIGIBILITY;NOT_USPS_VALIDITY;NO_INVENTORY
12131,ZCTA_NEAREST_ACTIVE_OUTLET,NY0191,002,13.619,ZCTA_NN;R6371;TIE_FIRST_LEX,ZCTA_NN_HAVERSINE;NOT_ELIGIBILITY;NOT_USPS_VALIDITY;NO_INVENTORY
12132,EXACT_IMLS_OUTLET_ZIP,NY0216,002,,EXACT_OUTLET;TIE_FSCSKEY_SEQ,EXACT_OUTLET;NOT_USPS_VALIDITY;NO_INVENTORY
12133,OBSERVED_REFERENCE_INDIRECT_ONLY,,,,INDIRECT_IMLS_SC;NO_FABRICATED_NEAREST,INDIRECT_IMLS_SC;NO_FABRICATED_NEAREST;NOT_REJECTED;NOT_USPS_VALIDITY;NO_INVENTORY
12134,EXACT_IMLS_OUTLET_ZIP,NY0320,002,,EXACT_OUTLET;TIE_FSCSKEY_SEQ,EXACT_OUTLET;NOT_USPS_VALIDITY;NO_INVENTORY
12136,ZCTA_NEAREST_ACTIVE_OUTLET,NY0208,008,7.179,ZCTA_NN;R6371;TIE_FIRST_LEX,ZCTA_NN_HAVERSINE;NOT_ELIGIBILITY;NOT_USPS_VALIDITY;NO_INVENTORY
12137,ZCTA_NEAREST_ACTIVE_OUTLET,NY0324,002,7.916,ZCTA_NN;R6371;TIE_FIRST_LEX,ZCTA_NN_HAVERSINE;NOT_ELIGIBILITY;NOT_USPS_VALIDITY;NO_INVENTORY
12138,EXACT_IMLS_OUTLET_ZIP,NY0716,002,,EXACT_OUTLET;TIE_FSCSKEY_SEQ,EXACT_OUTLET;NOT_USPS_VALIDITY;NO_INVENTORY
12139,ZCTA_NEAREST_ACTIVE_OUTLET,NY9017,001,18.434,ZCTA_NN;R6371;TIE_FIRST_LEX,ZCTA_NN_HAVERSINE;NOT_ELIGIBILITY;NOT_USPS_VALIDITY;NO_INVENTORY
12140,EXACT_IMLS_OUTLET_ZIP,NY0783,002,,EXACT_OUTLET;TIE_FSCSKEY_SEQ,EXACT_OUTLET;NOT_USPS_VALIDITY;NO_INVENTORY
12143,EXACT_IMLS_OUTLET_ZIP,NY0705,002,,EXACT_OUTLET;TIE_FSCSKEY_SEQ,EXACT_OUTLET;NOT_USPS_VALIDITY;NO_INVENTORY
12144,EXACT_IMLS_OUTLET_ZIP,NY0717,002,,EXACT_OUTLET;TIE_FSCSKEY_SEQ,EXACT_OUTLET;NOT_USPS_VALIDITY;NO_INVENTORY
12147,EXACT_IMLS_OUTLET_ZIP,NY0706,002,,EXACT_OUTLET;TIE_FSCSKEY_SEQ,EXACT_OUTLET;NOT_USPS_VALIDITY;NO_INVENTORY
12148,ZCTA_NEAREST_ACTIVE_OUTLET,NY0327,007,3.216,ZCTA_NN;R6371;TIE_FIRST_LEX,ZCTA_NN_HAVERSINE;NOT_ELIGIBILITY;NOT_USPS_VALIDITY;NO_INVENTORY
12149,ZCTA_NEAREST_ACTIVE_OUTLET,NY0328,002,9.795,ZCTA_NN;R6371;TIE_FIRST_LEX,ZCTA_NN_HAVERSINE;NOT_ELIGIBILITY;NOT_USPS_VALIDITY;NO_INVENTORY
12150,ZCTA_NEAREST_ACTIVE_OUTLET,NY0327,010,9.819,ZCTA_NN;R6371;TIE_FIRST_LEX,ZCTA_NN_HAVERSINE;NOT_ELIGIBILITY;NOT_USPS_VALIDITY;NO_INVENTORY
12151,EXACT_IMLS_OUTLET_ZIP,NY0619,002,,EXACT_OUTLET;TIE_FSCSKEY_SEQ,EXACT_OUTLET;NOT_USPS_VALIDITY;NO_INVENTORY
12153,ZCTA_NEAREST_ACTIVE_OUTLET,NY0722,002,5.702,ZCTA_NN;R6371;TIE_FIRST_LEX,ZCTA_NN_HAVERSINE;NOT_ELIGIBILITY;NOT_USPS_VALIDITY;NO_INVENTORY
12154,EXACT_IMLS_OUTLET_ZIP,NY0718,002,,EXACT_OUTLET;TIE_FSCSKEY_SEQ,EXACT_OUTLET;NOT_USPS_VALIDITY;NO_INVENTORY
12155,ZCTA_NEAREST_ACTIVE_OUTLET,NY0206,002,6.501,ZCTA_NN;R6371;TIE_FIRST_LEX,ZCTA_NN_HAVERSINE;NOT_ELIGIBILITY;NOT_USPS_VALIDITY;NO_INVENTORY
12156,ZCTA_NEAREST_ACTIVE_OUTLET,NY0711,002,4.962,ZCTA_NN;R6371;TIE_FIRST_LEX,ZCTA_NN_HAVERSINE;NOT_ELIGIBILITY;NOT_USPS_VALIDITY;NO_INVENTORY
12157,EXACT_IMLS_OUTLET_ZIP,NY0330,002,,EXACT_OUTLET;TIE_FSCSKEY_SEQ,EXACT_OUTLET;NOT_USPS_VALIDITY;NO_INVENTORY
12158,ZCTA_NEAREST_ACTIVE_OUTLET,NY0711,002,4.623,ZCTA_NN;R6371;TIE_FIRST_LEX,ZCTA_NN_HAVERSINE;NOT_ELIGIBILITY;NOT_USPS_VALIDITY;NO_INVENTORY
12159,ZCTA_NEAREST_ACTIVE_OUTLET,NY0707,002,4.450,ZCTA_NN;R6371;TIE_FIRST_LEX,ZCTA_NN_HAVERSINE;NOT_ELIGIBILITY;NOT_USPS_VALIDITY;NO_INVENTORY
12160,ZCTA_NEAREST_ACTIVE_OUTLET,NY0330,002,11.930,ZCTA_NN;R6371;TIE_FIRST_LEX,ZCTA_NN_HAVERSINE;NOT_ELIGIBILITY;NOT_USPS_VALIDITY;NO_INVENTORY
12161,ZCTA_NEAREST_ACTIVE_OUTLET,NY0711,002,7.285,ZCTA_NN;R6371;TIE_FIRST_LEX,ZCTA_NN_HAVERSINE;NOT_ELIGIBILITY;NOT_USPS_VALIDITY;NO_INVENTORY
12164,EXACT_IMLS_OUTLET_ZIP,NY9017,001,,EXACT_OUTLET;TIE_FSCSKEY_SEQ,EXACT_OUTLET;NOT_USPS_VALIDITY;NO_INVENTORY
12165,ZCTA_NEAREST_ACTIVE_OUTLET,NY0208,008,9.368,ZCTA_NN;R6371;TIE_FIRST_LEX,ZCTA_NN_HAVERSINE;NOT_ELIGIBILITY;NOT_USPS_VALIDITY;NO_INVENTORY
12166,ZCTA_NEAREST_ACTIVE_OUTLET,NY0322,002,11.457,ZCTA_NN;R6371;TIE_FIRST_LEX,ZCTA_NN_HAVERSINE;NOT_ELIGIBILITY;NOT_USPS_VALIDITY;NO_INVENTORY
12167,EXACT_IMLS_OUTLET_ZIP,NY0191,002,,EXACT_OUTLET;TIE_FSCSKEY_SEQ,EXACT_OUTLET;NOT_USPS_VALIDITY;NO_INVENTORY
12168,EXACT_IMLS_OUTLET_ZIP,NY0719,002,,EXACT_OUTLET;TIE_FSCSKEY_SEQ,EXACT_OUTLET;NOT_USPS_VALIDITY;NO_INVENTORY
12169,ZCTA_NEAREST_ACTIVE_OUTLET,NY0719,002,7.251,ZCTA_NN;R6371;TIE_FIRST_LEX,ZCTA_NN_HAVERSINE;NOT_ELIGIBILITY;NOT_USPS_VALIDITY;NO_INVENTORY
12170,EXACT_IMLS_OUTLET_ZIP,NY0622,002,,EXACT_OUTLET;TIE_FSCSKEY_SEQ,EXACT_OUTLET;NOT_USPS_VALIDITY;NO_INVENTORY
12172,ZCTA_NEAREST_ACTIVE_OUTLET,NY0212,002,5.674,ZCTA_NN;R6371;TIE_FIRST_LEX,ZCTA_NN_HAVERSINE;NOT_ELIGIBILITY;NOT_USPS_VALIDITY;NO_INVENTORY
12173,ZCTA_NEAREST_ACTIVE_OUTLET,NY0213,002,4.854,ZCTA_NN;R6371;TIE_FIRST_LEX,ZCTA_NN_HAVERSINE;NOT_ELIGIBILITY;NOT_USPS_VALIDITY;NO_INVENTORY
12174,ZCTA_NEAREST_ACTIVE_OUTLET,NY0213,002,5.215,ZCTA_NN;R6371;TIE_FIRST_LEX,ZCTA_NN_HAVERSINE;NOT_ELIGIBILITY;NOT_USPS_VALIDITY;NO_INVENTORY
12175,ZCTA_NEAREST_ACTIVE_OUTLET,NY0328,002,14.667,ZCTA_NN;R6371;TIE_FIRST_LEX,ZCTA_NN_HAVERSINE;NOT_ELIGIBILITY;NOT_USPS_VALIDITY;NO_INVENTORY
12176,ZCTA_NEAREST_ACTIVE_OUTLET,NY0244,002,8.952,ZCTA_NN;R6371;TIE_FIRST_LEX,ZCTA_NN_HAVERSINE;NOT_ELIGIBILITY;NOT_USPS_VALIDITY;NO_INVENTORY
12177,ZCTA_NEAREST_ACTIVE_OUTLET,NY0323,002,7.280,ZCTA_NN;R6371;TIE_FIRST_LEX,ZCTA_NN_HAVERSINE;NOT_ELIGIBILITY;NOT_USPS_VALIDITY;NO_INVENTORY
12180,EXACT_IMLS_OUTLET_ZIP,NY0720,002,,EXACT_OUTLET;TIE_FSCSKEY_SEQ,EXACT_OUTLET;NOT_USPS_VALIDITY;NO_INVENTORY
12181,OBSERVED_REFERENCE_INDIRECT_ONLY,,,,INDIRECT_IMLS_SC;NO_FABRICATED_NEAREST,INDIRECT_IMLS_SC;NO_FABRICATED_NEAREST;NOT_REJECTED;NOT_USPS_VALIDITY;NO_INVENTORY
12182,EXACT_IMLS_OUTLET_ZIP,NY0720,003,,EXACT_OUTLET;TIE_FSCSKEY_SEQ,EXACT_OUTLET;NOT_USPS_VALIDITY;NO_INVENTORY
12183,ZCTA_NEAREST_ACTIVE_OUTLET,NY0720,002,2.211,ZCTA_NN;R6371;TIE_FIRST_LEX,ZCTA_NN_HAVERSINE;NOT_ELIGIBILITY;NOT_USPS_VALIDITY;NO_INVENTORY
12184,EXACT_IMLS_OUTLET_ZIP,NY0218,002,,EXACT_OUTLET;TIE_FSCSKEY_SEQ,EXACT_OUTLET;NOT_USPS_VALIDITY;NO_INVENTORY
12185,EXACT_IMLS_OUTLET_ZIP,NY0721,002,,EXACT_OUTLET;TIE_FSCSKEY_SEQ,EXACT_OUTLET;NOT_USPS_VALIDITY;NO_INVENTORY
12186,EXACT_IMLS_OUTLET_ZIP,NY0707,002,,EXACT_OUTLET;TIE_FSCSKEY_SEQ,EXACT_OUTLET;NOT_USPS_VALIDITY;NO_INVENTORY
12187,ZCTA_NEAREST_ACTIVE_OUTLET,NY0328,002,5.837,ZCTA_NN;R6371;TIE_FIRST_LEX,ZCTA_NN_HAVERSINE;NOT_ELIGIBILITY;NOT_USPS_VALIDITY;NO_INVENTORY
12188,EXACT_IMLS_OUTLET_ZIP,NY0623,002,,EXACT_OUTLET;TIE_FSCSKEY_SEQ,EXACT_OUTLET;NOT_USPS_VALIDITY;NO_INVENTORY
12189,EXACT_IMLS_OUTLET_ZIP,NY0708,002,,EXACT_OUTLET;TIE_FSCSKEY_SEQ,EXACT_OUTLET;NOT_USPS_VALIDITY;NO_INVENTORY
12190,ZCTA_NEAREST_ACTIVE_OUTLET,NY9017,001,7.101,ZCTA_NN;R6371;TIE_FIRST_LEX,ZCTA_NN_HAVERSINE;NOT_ELIGIBILITY;NOT_USPS_VALIDITY;NO_INVENTORY
12192,ZCTA_NEAREST_ACTIVE_OUTLET,NY0243,002,5.895,ZCTA_NN;R6371;TIE_FIRST_LEX,ZCTA_NN_HAVERSINE;NOT_ELIGIBILITY;NOT_USPS_VALIDITY;NO_INVENTORY
12193,EXACT_IMLS_OUTLET_ZIP,NY0709,002,,EXACT_OUTLET;TIE_FSCSKEY_SEQ,EXACT_OUTLET;NOT_USPS_VALIDITY;NO_INVENTORY
12194,ZCTA_NEAREST_ACTIVE_OUTLET,NY0329,002,11.833,ZCTA_NN;R6371;TIE_FIRST_LEX,ZCTA_NN_HAVERSINE;NOT_ELIGIBILITY;NOT_USPS_VALIDITY;NO_INVENTORY
12195,ZCTA_NEAREST_ACTIVE_OUTLET,NY0215,002,5.983,ZCTA_NN;R6371;TIE_FIRST_LEX,ZCTA_NN_HAVERSINE;NOT_ELIGIBILITY;NOT_USPS_VALIDITY;NO_INVENTORY
12196,ZCTA_NEAREST_ACTIVE_OUTLET,NY0722,002,5.969,ZCTA_NN;R6371;TIE_FIRST_LEX,ZCTA_NN_HAVERSINE;NOT_ELIGIBILITY;NOT_USPS_VALIDITY;NO_INVENTORY
12197,EXACT_IMLS_OUTLET_ZIP,NY0206,002,,EXACT_OUTLET;TIE_FSCSKEY_SEQ,EXACT_OUTLET;NOT_USPS_VALIDITY;NO_INVENTORY
12198,EXACT_IMLS_OUTLET_ZIP,NY0723,002,,EXACT_OUTLET;TIE_FSCSKEY_SEQ,EXACT_OUTLET;NOT_USPS_VALIDITY;NO_INVENTORY
12201,OBSERVED_REFERENCE_INDIRECT_ONLY,,,,INDIRECT_IMLS_SC;NO_FABRICATED_NEAREST,INDIRECT_IMLS_SC;NO_FABRICATED_NEAREST;NOT_REJECTED;NOT_USPS_VALIDITY;NO_INVENTORY
12202,EXACT_IMLS_OUTLET_ZIP,NY0697,004,,EXACT_OUTLET;TIE_FSCSKEY_SEQ,EXACT_OUTLET;NOT_USPS_VALIDITY;NO_INVENTORY
12203,EXACT_IMLS_OUTLET_ZIP,NY0697,006,,EXACT_OUTLET;TIE_FSCSKEY_SEQ,EXACT_OUTLET;NOT_USPS_VALIDITY;NO_INVENTORY
12204,EXACT_IMLS_OUTLET_ZIP,NY0697,007,,EXACT_OUTLET;TIE_FSCSKEY_SEQ,EXACT_OUTLET;NOT_USPS_VALIDITY;NO_INVENTORY
12205,ZCTA_NEAREST_ACTIVE_OUTLET,NY0701,002,2.638,ZCTA_NN;R6371;TIE_FIRST_LEX,ZCTA_NN_HAVERSINE;NOT_ELIGIBILITY;NOT_USPS_VALIDITY;NO_INVENTORY
12206,ZCTA_NEAREST_ACTIVE_OUTLET,NY0697,006,1.146,ZCTA_NN;R6371;TIE_FIRST_LEX,ZCTA_NN_HAVERSINE;NOT_ELIGIBILITY;NOT_USPS_VALIDITY;NO_INVENTORY
12207,ZCTA_NEAREST_ACTIVE_OUTLET,NY0697,002,1.210,ZCTA_NN;R6371;TIE_FIRST_LEX,ZCTA_NN_HAVERSINE;NOT_ELIGIBILITY;NOT_USPS_VALIDITY;NO_INVENTORY
12208,EXACT_IMLS_OUTLET_ZIP,NY0697,005,,EXACT_OUTLET;TIE_FSCSKEY_SEQ,EXACT_OUTLET;NOT_USPS_VALIDITY;NO_INVENTORY
12209,EXACT_IMLS_OUTLET_ZIP,NY0697,003,,EXACT_OUTLET;TIE_FSCSKEY_SEQ,EXACT_OUTLET;NOT_USPS_VALIDITY;NO_INVENTORY
12210,EXACT_IMLS_OUTLET_ZIP,NY0697,002,,EXACT_OUTLET;TIE_FSCSKEY_SEQ,EXACT_OUTLET;NOT_USPS_VALIDITY;NO_INVENTORY
12211,EXACT_IMLS_OUTLET_ZIP,NY0701,002,,EXACT_OUTLET;TIE_FSCSKEY_SEQ,EXACT_OUTLET;NOT_USPS_VALIDITY;NO_INVENTORY
12212,OBSERVED_REFERENCE_INDIRECT_ONLY,,,,INDIRECT_IMLS_SC;NO_FABRICATED_NEAREST,INDIRECT_IMLS_SC;NO_FABRICATED_NEAREST;NOT_REJECTED;NOT_USPS_VALIDITY;NO_INVENTORY
12220,OBSERVED_REFERENCE_INDIRECT_ONLY,,,,INDIRECT_IMLS_SC;NO_FABRICATED_NEAREST,INDIRECT_IMLS_SC;NO_FABRICATED_NEAREST;NOT_REJECTED;NOT_USPS_VALIDITY;NO_INVENTORY
12222,ZCTA_NEAREST_ACTIVE_OUTLET,NY0697,006,3.372,ZCTA_NN;R6371;TIE_FIRST_LEX,ZCTA_NN_HAVERSINE;NOT_ELIGIBILITY;NOT_USPS_VALIDITY;NO_INVENTORY
12223,OBSERVED_REFERENCE_INDIRECT_ONLY,,,,INDIRECT_IMLS_SC;NO_FABRICATED_NEAREST,INDIRECT_IMLS_SC;NO_FABRICATED_NEAREST;NOT_REJECTED;NOT_USPS_VALIDITY;NO_INVENTORY
12224,OBSERVED_REFERENCE_INDIRECT_ONLY,,,,INDIRECT_IMLS_SC;NO_FABRICATED_NEAREST,INDIRECT_IMLS_SC;NO_FABRICATED_NEAREST;NOT_REJECTED;NOT_USPS_VALIDITY;NO_INVENTORY
12226,ZCTA_NEAREST_ACTIVE_OUTLET,NY0697,006,2.111,ZCTA_NN;R6371;TIE_FIRST_LEX,ZCTA_NN_HAVERSINE;NOT_ELIGIBILITY;NOT_USPS_VALIDITY;NO_INVENTORY
12240,OBSERVED_REFERENCE_INDIRECT_ONLY,,,,INDIRECT_IMLS_SC;NO_FABRICATED_NEAREST,INDIRECT_IMLS_SC;NO_FABRICATED_NEAREST;NOT_REJECTED;NOT_USPS_VALIDITY;NO_INVENTORY
12242,OBSERVED_REFERENCE_INDIRECT_ONLY,,,,INDIRECT_IMLS_SC;NO_FABRICATED_NEAREST,INDIRECT_IMLS_SC;NO_FABRICATED_NEAREST;NOT_REJECTED;NOT_USPS_VALIDITY;NO_INVENTORY
12250,OBSERVED_REFERENCE_INDIRECT_ONLY,,,,INDIRECT_IMLS_SC;NO_FABRICATED_NEAREST,INDIRECT_IMLS_SC;NO_FABRICATED_NEAREST;NOT_REJECTED;NOT_USPS_VALIDITY;NO_INVENTORY
12260,OBSERVED_REFERENCE_INDIRECT_ONLY,,,,INDIRECT_IMLS_SC;NO_FABRICATED_NEAREST,INDIRECT_IMLS_SC;NO_FABRICATED_NEAREST;NOT_REJECTED;NOT_USPS_VALIDITY;NO_INVENTORY
12288,OBSERVED_REFERENCE_INDIRECT_ONLY,,,,INDIRECT_IMLS_SC;NO_FABRICATED_NEAREST,INDIRECT_IMLS_SC;NO_FABRICATED_NEAREST;NOT_REJECTED;NOT_USPS_VALIDITY;NO_INVENTORY
12301,OBSERVED_REFERENCE_INDIRECT_ONLY,,,,INDIRECT_IMLS_SC;NO_FABRICATED_NEAREST,INDIRECT_IMLS_SC;NO_FABRICATED_NEAREST;NOT_REJECTED;NOT_USPS_VALIDITY;NO_INVENTORY
12302,EXACT_IMLS_OUTLET_ZIP,NY0327,004,,EXACT_OUTLET;TIE_FSCSKEY_SEQ,EXACT_OUTLET;NOT_USPS_VALIDITY;NO_INVENTORY
12303,EXACT_IMLS_OUTLET_ZIP,NY0327,006,,EXACT_OUTLET;TIE_FSCSKEY_SEQ,EXACT_OUTLET;NOT_USPS_VALIDITY;NO_INVENTORY
12304,EXACT_IMLS_OUTLET_ZIP,NY0327,003,,EXACT_OUTLET;TIE_FSCSKEY_SEQ,EXACT_OUTLET;NOT_USPS_VALIDITY;NO_INVENTORY
12305,EXACT_IMLS_OUTLET_ZIP,NY0327,002,,EXACT_OUTLET;TIE_FSCSKEY_SEQ,EXACT_OUTLET;NOT_USPS_VALIDITY;NO_INVENTORY
12306,EXACT_IMLS_OUTLET_ZIP,NY0327,009,,EXACT_OUTLET;TIE_FSCSKEY_SEQ,EXACT_OUTLET;NOT_USPS_VALIDITY;NO_INVENTORY
12307,EXACT_IMLS_OUTLET_ZIP,NY0327,012,,EXACT_OUTLET;TIE_FSCSKEY_SEQ,EXACT_OUTLET;NOT_USPS_VALIDITY;NO_INVENTORY
12308,ZCTA_NEAREST_ACTIVE_OUTLET,NY0327,002,1.587,ZCTA_NN;R6371;TIE_FIRST_LEX,ZCTA_NN_HAVERSINE;NOT_ELIGIBILITY;NOT_USPS_VALIDITY;NO_INVENTORY
12309,EXACT_IMLS_OUTLET_ZIP,NY0327,007,,EXACT_OUTLET;TIE_FSCSKEY_SEQ,EXACT_OUTLET;NOT_USPS_VALIDITY;NO_INVENTORY
12325,OBSERVED_REFERENCE_INDIRECT_ONLY,,,,INDIRECT_IMLS_SC;NO_FABRICATED_NEAREST,INDIRECT_IMLS_SC;NO_FABRICATED_NEAREST;NOT_REJECTED;NOT_USPS_VALIDITY;NO_INVENTORY
12345,OBSERVED_REFERENCE_INDIRECT_ONLY,,,,INDIRECT_IMLS_SC;NO_FABRICATED_NEAREST,INDIRECT_IMLS_SC;NO_FABRICATED_NEAREST;NOT_REJECTED;NOT_USPS_VALIDITY;NO_INVENTORY
12401,EXACT_IMLS_OUTLET_ZIP,NY0258,002,,EXACT_OUTLET;TIE_FSCSKEY_SEQ,EXACT_OUTLET;NOT_USPS_VALIDITY;NO_INVENTORY
12402,OBSERVED_REFERENCE_INDIRECT_ONLY,,,,INDIRECT_IMLS_SC;NO_FABRICATED_NEAREST,INDIRECT_IMLS_SC;NO_FABRICATED_NEAREST;NOT_REJECTED;NOT_USPS_VALIDITY;NO_INVENTORY
12404,ZCTA_NEAREST_ACTIVE_OUTLET,NY0269,002,8.436,ZCTA_NN;R6371;TIE_FIRST_LEX,ZCTA_NN_HAVERSINE;NOT_ELIGIBILITY;NOT_USPS_VALIDITY;NO_INVENTORY
12405,ZCTA_NEAREST_ACTIVE_OUTLET,NY0241,002,8.390,ZCTA_NN;R6371;TIE_FIRST_LEX,ZCTA_NN_HAVERSINE;NOT_ELIGIBILITY;NOT_USPS_VALIDITY;NO_INVENTORY
12406,ZCTA_NEAREST_ACTIVE_OUTLET,NY0186,002,7.888,ZCTA_NN;R6371;TIE_FIRST_LEX,ZCTA_NN_HAVERSINE;NOT_ELIGIBILITY;NOT_USPS_VALIDITY;NO_INVENTORY
12407,ZCTA_NEAREST_ACTIVE_OUTLET,NY0247,002,9.167,ZCTA_NN;R6371;TIE_FIRST_LEX,ZCTA_NN_HAVERSINE;NOT_ELIGIBILITY;NOT_USPS_VALIDITY;NO_INVENTORY
12409,ZCTA_NEAREST_ACTIVE_OUTLET,NY0272,002,3.926,ZCTA_NN;R6371;TIE_FIRST_LEX,ZCTA_NN_HAVERSINE;NOT_ELIGIBILITY;NOT_USPS_VALIDITY;NO_INVENTORY
12410,ZCTA_NEAREST_ACTIVE_OUTLET,NY0265,002,8.763,ZCTA_NN;R6371;TIE_FIRST_LEX,ZCTA_NN_HAVERSINE;NOT_ELIGIBILITY;NOT_USPS_VALIDITY;NO_INVENTORY
12411,ZCTA_NEAREST_ACTIVE_OUTLET,NY0267,002,4.799,ZCTA_NN;R6371;TIE_FIRST_LEX,ZCTA_NN_HAVERSINE;NOT_ELIGIBILITY;NOT_USPS_VALIDITY;NO_INVENTORY
12412,ZCTA_NEAREST_ACTIVE_OUTLET,NY0271,002,5.355,ZCTA_NN;R6371;TIE_FIRST_LEX,ZCTA_NN_HAVERSINE;NOT_ELIGIBILITY;NOT_USPS_VALIDITY;NO_INVENTORY
12413,EXACT_IMLS_OUTLET_ZIP,NY0241,002,,EXACT_OUTLET;TIE_FSCSKEY_SEQ,EXACT_OUTLET;NOT_USPS_VALIDITY;NO_INVENTORY
12414,EXACT_IMLS_OUTLET_ZIP,NY0242,002,,EXACT_OUTLET;TIE_FSCSKEY_SEQ,EXACT_OUTLET;NOT_USPS_VALIDITY;NO_INVENTORY
12416,ZCTA_NEAREST_ACTIVE_OUTLET,NY0264,002,2.829,ZCTA_NN;R6371;TIE_FIRST_LEX,ZCTA_NN_HAVERSINE;NOT_ELIGIBILITY;NOT_USPS_VALIDITY;NO_INVENTORY
12417,ZCTA_NEAREST_ACTIVE_OUTLET,NY0266,002,1.249,ZCTA_NN;R6371;TIE_FIRST_LEX,ZCTA_NN_HAVERSINE;NOT_ELIGIBILITY;NOT_USPS_VALIDITY;NO_INVENTORY
12418,ZCTA_NEAREST_ACTIVE_OUTLET,NY0247,002,9.481,ZCTA_NN;R6371;TIE_FIRST_LEX,ZCTA_NN_HAVERSINE;NOT_ELIGIBILITY;NOT_USPS_VALIDITY;NO_INVENTORY
12419,ZCTA_NEAREST_ACTIVE_OUTLET,NY0267,002,2.777,ZCTA_NN;R6371;TIE_FIRST_LEX,ZCTA_NN_HAVERSINE;NOT_ELIGIBILITY;NOT_USPS_VALIDITY;NO_INVENTORY
12420,EXACT_IMLS_OUTLET_ZIP,NY0608,002,,EXACT_OUTLET;TIE_FSCSKEY_SEQ,EXACT_OUTLET;NOT_USPS_VALIDITY;NO_INVENTORY
12421,ZCTA_NEAREST_ACTIVE_OUTLET,NY0189,002,4.032,ZCTA_NN;R6371;TIE_FIRST_LEX,ZCTA_NN_HAVERSINE;NOT_ELIGIBILITY;NOT_USPS_VALIDITY;NO_INVENTORY
12422,ZCTA_NEAREST_ACTIVE_OUTLET,NY0247,002,10.079,ZCTA_NN;R6371;TIE_FIRST_LEX,ZCTA_NN_HAVERSINE;NOT_ELIGIBILITY;NOT_USPS_VALIDITY;NO_INVENTORY
12423,ZCTA_NEAREST_ACTIVE_OUTLET,NY0244,002,4.983,ZCTA_NN;R6371;TIE_FIRST_LEX,ZCTA_NN_HAVERSINE;NOT_ELIGIBILITY;NOT_USPS_VALIDITY;NO_INVENTORY
12424,ZCTA_NEAREST_ACTIVE_OUTLET,NY0245,002,6.061,ZCTA_NN;R6371;TIE_FIRST_LEX,ZCTA_NN_HAVERSINE;NOT_ELIGIBILITY;NOT_USPS_VALIDITY;NO_INVENTORY
12427,ZCTA_NEAREST_ACTIVE_OUTLET,NY0245,002,5.102,ZCTA_NN;R6371;TIE_FIRST_LEX,ZCTA_NN_HAVERSINE;NOT_ELIGIBILITY;NOT_USPS_VALIDITY;NO_INVENTORY
12428,EXACT_IMLS_OUTLET_ZIP,NY0609,002,,EXACT_OUTLET;TIE_FSCSKEY_SEQ,EXACT_OUTLET;NOT_USPS_VALIDITY;NO_INVENTORY
12429,ZCTA_NEAREST_ACTIVE_OUTLET,NY0236,002,3.335,ZCTA_NN;R6371;TIE_FIRST_LEX,ZCTA_NN_HAVERSINE;NOT_ELIGIBILITY;NOT_USPS_VALIDITY;NO_INVENTORY
12430,EXACT_IMLS_OUTLET_ZIP,NY0186,002,,EXACT_OUTLET;TIE_FSCSKEY_SEQ,EXACT_OUTLET;NOT_USPS_VALIDITY;NO_INVENTORY
12431,ZCTA_NEAREST_ACTIVE_OUTLET,NY0244,002,6.652,ZCTA_NN;R6371;TIE_FIRST_LEX,ZCTA_NN_HAVERSINE;NOT_ELIGIBILITY;NOT_USPS_VALIDITY;NO_INVENTORY
12432,ZCTA_NEAREST_ACTIVE_OUTLET,NY0238,002,2.987,ZCTA_NN;R6371;TIE_FIRST_LEX,ZCTA_NN_HAVERSINE;NOT_ELIGIBILITY;NOT_USPS_VALIDITY;NO_INVENTORY
12433,ZCTA_NEAREST_ACTIVE_OUTLET,NY0270,002,4.315,ZCTA_NN;R6371;TIE_FIRST_LEX,ZCTA_NN_HAVERSINE;NOT_ELIGIBILITY;NOT_USPS_VALIDITY;NO_INVENTORY
12434,ZCTA_NEAREST_ACTIVE_OUTLET,NY0189,002,9.677,ZCTA_NN;R6371;TIE_FIRST_LEX,ZCTA_NN_HAVERSINE;NOT_ELIGIBILITY;NOT_USPS_VALIDITY;NO_INVENTORY
12435,ZCTA_NEAREST_ACTIVE_OUTLET,NY0609,002,8.705,ZCTA_NN;R6371;TIE_FIRST_LEX,ZCTA_NN_HAVERSINE;NOT_ELIGIBILITY;NOT_USPS_VALIDITY;NO_INVENTORY
12436,EXACT_IMLS_OUTLET_ZIP,NY0242,003,,EXACT_OUTLET;TIE_FSCSKEY_SEQ,EXACT_OUTLET;NOT_USPS_VALIDITY;NO_INVENTORY
12438,ZCTA_NEAREST_ACTIVE_OUTLET,NY0183,002,7.924,ZCTA_NN;R6371;TIE_FIRST_LEX,ZCTA_NN_HAVERSINE;NOT_ELIGIBILITY;NOT_USPS_VALIDITY;NO_INVENTORY
12439,ZCTA_NEAREST_ACTIVE_OUTLET,NY0247,002,4.773,ZCTA_NN;R6371;TIE_FIRST_LEX,ZCTA_NN_HAVERSINE;NOT_ELIGIBILITY;NOT_USPS_VALIDITY;NO_INVENTORY
12440,ZCTA_NEAREST_ACTIVE_OUTLET,NY0269,002,7.962,ZCTA_NN;R6371;TIE_FIRST_LEX,ZCTA_NN_HAVERSINE;NOT_ELIGIBILITY;NOT_USPS_VALIDITY;NO_INVENTORY
12441,ZCTA_NEAREST_ACTIVE_OUTLET,NY0186,002,2.128,ZCTA_NN;R6371;TIE_FIRST_LEX,ZCTA_NN_HAVERSINE;NOT_ELIGIBILITY;NOT_USPS_VALIDITY;NO_INVENTORY
12442,EXACT_IMLS_OUTLET_ZIP,NY0246,002,,EXACT_OUTLET;TIE_FSCSKEY_SEQ,EXACT_OUTLET;NOT_USPS_VALIDITY;NO_INVENTORY
12443,EXACT_IMLS_OUTLET_ZIP,NY0257,002,,EXACT_OUTLET;TIE_FSCSKEY_SEQ,EXACT_OUTLET;NOT_USPS_VALIDITY;NO_INVENTORY
12444,ZCTA_NEAREST_ACTIVE_OUTLET,NY0246,002,7.066,ZCTA_NN;R6371;TIE_FIRST_LEX,ZCTA_NN_HAVERSINE;NOT_ELIGIBILITY;NOT_USPS_VALIDITY;NO_INVENTORY
12446,ZCTA_NEAREST_ACTIVE_OUTLET,NY0609,002,10.608,ZCTA_NN;R6371;TIE_FIRST_LEX,ZCTA_NN_HAVERSINE;NOT_ELIGIBILITY;NOT_USPS_VALIDITY;NO_INVENTORY
12448,ZCTA_NEAREST_ACTIVE_OUTLET,NY0272,002,7.784,ZCTA_NN;R6371;TIE_FIRST_LEX,ZCTA_NN_HAVERSINE;NOT_ELIGIBILITY;NOT_USPS_VALIDITY;NO_INVENTORY
12449,ZCTA_NEAREST_ACTIVE_OUTLET,NY0259,002,4.196,ZCTA_NN;R6371;TIE_FIRST_LEX,ZCTA_NN_HAVERSINE;NOT_ELIGIBILITY;NOT_USPS_VALIDITY;NO_INVENTORY
12450,ZCTA_NEAREST_ACTIVE_OUTLET,NY0246,002,6.402,ZCTA_NN;R6371;TIE_FIRST_LEX,ZCTA_NN_HAVERSINE;NOT_ELIGIBILITY;NOT_USPS_VALIDITY;NO_INVENTORY
12451,ZCTA_NEAREST_ACTIVE_OUTLET,NY0241,002,4.233,ZCTA_NN;R6371;TIE_FIRST_LEX,ZCTA_NN_HAVERSINE;NOT_ELIGIBILITY;NOT_USPS_VALIDITY;NO_INVENTORY
12452,ZCTA_NEAREST_ACTIVE_OUTLET,NY0247,002,11.671,ZCTA_NN;R6371;TIE_FIRST_LEX,ZCTA_NN_HAVERSINE;NOT_ELIGIBILITY;NOT_USPS_VALIDITY;NO_INVENTORY
12453,ZCTA_NEAREST_ACTIVE_OUTLET,NY0268,002,2.015,ZCTA_NN;R6371;TIE_FIRST_LEX,ZCTA_NN_HAVERSINE;NOT_ELIGIBILITY;NOT_USPS_VALIDITY;NO_INVENTORY
12454,ZCTA_NEAREST_ACTIVE_OUTLET,NY0247,002,8.619,ZCTA_NN;R6371;TIE_FIRST_LEX,ZCTA_NN_HAVERSINE;NOT_ELIGIBILITY;NOT_USPS_VALIDITY;NO_INVENTORY
12455,EXACT_IMLS_OUTLET_ZIP,NY0183,002,,EXACT_OUTLET;TIE_FSCSKEY_SEQ,EXACT_OUTLET;NOT_USPS_VALIDITY;NO_INVENTORY
12456,ZCTA_NEAREST_ACTIVE_OUTLET,NY0268,002,6.367,ZCTA_NN;R6371;TIE_FIRST_LEX,ZCTA_NN_HAVERSINE;NOT_ELIGIBILITY;NOT_USPS_VALIDITY;NO_INVENTORY
12457,ZCTA_NEAREST_ACTIVE_OUTLET,NY0264,002,7.397,ZCTA_NN;R6371;TIE_FIRST_LEX,ZCTA_NN_HAVERSINE;NOT_ELIGIBILITY;NOT_USPS_VALIDITY;NO_INVENTORY
12458,ZCTA_NEAREST_ACTIVE_OUTLET,NY0602,002,10.144,ZCTA_NN;R6371;TIE_FIRST_LEX,ZCTA_NN_HAVERSINE;NOT_ELIGIBILITY;NOT_USPS_VALIDITY;NO_INVENTORY
12459,ZCTA_NEAREST_ACTIVE_OUTLET,NY0184,002,8.766,ZCTA_NN;R6371;TIE_FIRST_LEX,ZCTA_NN_HAVERSINE;NOT_ELIGIBILITY;NOT_USPS_VALIDITY;NO_INVENTORY
12460,ZCTA_NEAREST_ACTIVE_OUTLET,NY0244,002,8.461,ZCTA_NN;R6371;TIE_FIRST_LEX,ZCTA_NN_HAVERSINE;NOT_ELIGIBILITY;NOT_USPS_VALIDITY;NO_INVENTORY
12461,ZCTA_NEAREST_ACTIVE_OUTLET,NY0271,002,6.565,ZCTA_NN;R6371;TIE_FIRST_LEX,ZCTA_NN_HAVERSINE;NOT_ELIGIBILITY;NOT_USPS_VALIDITY;NO_INVENTORY
12463,ZCTA_NEAREST_ACTIVE_OUTLET,NY0242,003,2.091,ZCTA_NN;R6371;TIE_FIRST_LEX,ZCTA_NN_HAVERSINE;NOT_ELIGIBILITY;NOT_USPS_VALIDITY;NO_INVENTORY
12464,EXACT_IMLS_OUTLET_ZIP,NY0264,002,,EXACT_OUTLET;TIE_FSCSKEY_SEQ,EXACT_OUTLET;NOT_USPS_VALIDITY;NO_INVENTORY
12465,EXACT_IMLS_OUTLET_ZIP,NY0265,002,,EXACT_OUTLET;TIE_FSCSKEY_SEQ,EXACT_OUTLET;NOT_USPS_VALIDITY;NO_INVENTORY
12466,EXACT_IMLS_OUTLET_ZIP,NY0266,002,,EXACT_OUTLET;TIE_FSCSKEY_SEQ,EXACT_OUTLET;NOT_USPS_VALIDITY;NO_INVENTORY
12468,ZCTA_NEAREST_ACTIVE_OUTLET,NY0247,002,12.320,ZCTA_NN;R6371;TIE_FIRST_LEX,ZCTA_NN_HAVERSINE;NOT_ELIGIBILITY;NOT_USPS_VALIDITY;NO_INVENTORY
12469,ZCTA_NEAREST_ACTIVE_OUTLET,NY0706,002,11.689,ZCTA_NN;R6371;TIE_FIRST_LEX,ZCTA_NN_HAVERSINE;NOT_ELIGIBILITY;NOT_USPS_VALIDITY;NO_INVENTORY
12470,ZCTA_NEAREST_ACTIVE_OUTLET,NY0241,002,7.190,ZCTA_NN;R6371;TIE_FIRST_LEX,ZCTA_NN_HAVERSINE;NOT_ELIGIBILITY;NOT_USPS_VALIDITY;NO_INVENTORY
12471,ZCTA_NEAREST_ACTIVE_OUTLET,NY0267,002,2.942,ZCTA_NN;R6371;TIE_FIRST_LEX,ZCTA_NN_HAVERSINE;NOT_ELIGIBILITY;NOT_USPS_VALIDITY;NO_INVENTORY
12472,EXACT_IMLS_OUTLET_ZIP,NY0267,002,,EXACT_OUTLET;TIE_FSCSKEY_SEQ,EXACT_OUTLET;NOT_USPS_VALIDITY;NO_INVENTORY
12473,ZCTA_NEAREST_ACTIVE_OUTLET,NY0241,002,5.158,ZCTA_NN;R6371;TIE_FIRST_LEX,ZCTA_NN_HAVERSINE;NOT_ELIGIBILITY;NOT_USPS_VALIDITY;NO_INVENTORY
12474,EXACT_IMLS_OUTLET_ZIP,NY0189,002,,EXACT_OUTLET;TIE_FSCSKEY_SEQ,EXACT_OUTLET;NOT_USPS_VALIDITY;NO_INVENTORY
12475,ZCTA_NEAREST_ACTIVE_OUTLET,NY0259,002,6.781,ZCTA_NN;R6371;TIE_FIRST_LEX,ZCTA_NN_HAVERSINE;NOT_ELIGIBILITY;NOT_USPS_VALIDITY;NO_INVENTORY
12477,EXACT_IMLS_OUTLET_ZIP,NY0268,002,,EXACT_OUTLET;TIE_FSCSKEY_SEQ,EXACT_OUTLET;NOT_USPS_VALIDITY;NO_INVENTORY
12480,ZCTA_NEAREST_ACTIVE_OUTLET,NY0265,002,7.262,ZCTA_NN;R6371;TIE_FIRST_LEX,ZCTA_NN_HAVERSINE;NOT_ELIGIBILITY;NOT_USPS_VALIDITY;NO_INVENTORY
12481,ZCTA_NEAREST_ACTIVE_OUTLET,NY0271,002,4.134,ZCTA_NN;R6371;TIE_FIRST_LEX,ZCTA_NN_HAVERSINE;NOT_ELIGIBILITY;NOT_USPS_VALIDITY;NO_INVENTORY
12482,ZCTA_NEAREST_ACTIVE_OUTLET,NY0241,002,5.054,ZCTA_NN;R6371;TIE_FIRST_LEX,ZCTA_NN_HAVERSINE;NOT_ELIGIBILITY;NOT_USPS_VALIDITY;NO_INVENTORY
12483,ZCTA_NEAREST_ACTIVE_OUTLET,NY0608,002,5.706,ZCTA_NN;R6371;TIE_FIRST_LEX,ZCTA_NN_HAVERSINE;NOT_ELIGIBILITY;NOT_USPS_VALIDITY;NO_INVENTORY
12484,EXACT_IMLS_OUTLET_ZIP,NY0269,002,,EXACT_OUTLET;TIE_FSCSKEY_SEQ,EXACT_OUTLET;NOT_USPS_VALIDITY;NO_INVENTORY
12485,EXACT_IMLS_OUTLET_ZIP,NY0245,002,,EXACT_OUTLET;TIE_FSCSKEY_SEQ,EXACT_OUTLET;NOT_USPS_VALIDITY;NO_INVENTORY
12486,ZCTA_NEAREST_ACTIVE_OUTLET,NY0267,002,1.748,ZCTA_NN;R6371;TIE_FIRST_LEX,ZCTA_NN_HAVERSINE;NOT_ELIGIBILITY;NOT_USPS_VALIDITY;NO_INVENTORY
12487,ZCTA_NEAREST_ACTIVE_OUTLET,NY0266,002,4.653,ZCTA_NN;R6371;TIE_FIRST_LEX,ZCTA_NN_HAVERSINE;NOT_ELIGIBILITY;NOT_USPS_VALIDITY;NO_INVENTORY
12489,ZCTA_NEAREST_ACTIVE_OUTLET,NY0609,002,5.496,ZCTA_NN;R6371;TIE_FIRST_LEX,ZCTA_NN_HAVERSINE;NOT_ELIGIBILITY;NOT_USPS_VALIDITY;NO_INVENTORY
12490,ZCTA_NEAREST_ACTIVE_OUTLET,NY0210,002,3.660,ZCTA_NN;R6371;TIE_FIRST_LEX,ZCTA_NN_HAVERSINE;NOT_ELIGIBILITY;NOT_USPS_VALIDITY;NO_INVENTORY
12491,EXACT_IMLS_OUTLET_ZIP,NY0270,002,,EXACT_OUTLET;TIE_FSCSKEY_SEQ,EXACT_OUTLET;NOT_USPS_VALIDITY;NO_INVENTORY
12492,ZCTA_NEAREST_ACTIVE_OUTLET,NY0246,002,9.973,ZCTA_NN;R6371;TIE_FIRST_LEX,ZCTA_NN_HAVERSINE;NOT_ELIGIBILITY;NOT_USPS_VALIDITY;NO_INVENTORY
12493,ZCTA_NEAREST_ACTIVE_OUTLET,NY0224,002,3.020,ZCTA_NN;R6371;TIE_FIRST_LEX,ZCTA_NN_HAVERSINE;NOT_ELIGIBILITY;NOT_USPS_VALIDITY;NO_INVENTORY
12494,EXACT_IMLS_OUTLET_ZIP,NY0271,002,,EXACT_OUTLET;TIE_FSCSKEY_SEQ,EXACT_OUTLET;NOT_USPS_VALIDITY;NO_INVENTORY
12495,ZCTA_NEAREST_ACTIVE_OUTLET,NY0264,002,5.704,ZCTA_NN;R6371;TIE_FIRST_LEX,ZCTA_NN_HAVERSINE;NOT_ELIGIBILITY;NOT_USPS_VALIDITY;NO_INVENTORY
12496,EXACT_IMLS_OUTLET_ZIP,NY0247,002,,EXACT_OUTLET;TIE_FSCSKEY_SEQ,EXACT_OUTLET;NOT_USPS_VALIDITY;NO_INVENTORY
12498,EXACT_IMLS_OUTLET_ZIP,NY0272,002,,EXACT_OUTLET;TIE_FSCSKEY_SEQ,EXACT_OUTLET;NOT_USPS_VALIDITY;NO_INVENTORY
12501,EXACT_IMLS_OUTLET_ZIP,NY0219,002,,EXACT_OUTLET;TIE_FSCSKEY_SEQ,EXACT_OUTLET;NOT_USPS_VALIDITY;NO_INVENTORY
12502,ZCTA_NEAREST_ACTIVE_OUTLET,NY0214,002,11.285,ZCTA_NN;R6371;TIE_FIRST_LEX,ZCTA_NN_HAVERSINE;NOT_ELIGIBILITY;NOT_USPS_VALIDITY;NO_INVENTORY
12503,ZCTA_NEAREST_ACTIVE_OUTLET,NY0228,002,9.008,ZCTA_NN;R6371;TIE_FIRST_LEX,ZCTA_NN_HAVERSINE;NOT_ELIGIBILITY;NOT_USPS_VALIDITY;NO_INVENTORY
12504,ZCTA_NEAREST_ACTIVE_OUTLET,NY0238,002,3.952,ZCTA_NN;R6371;TIE_FIRST_LEX,ZCTA_NN_HAVERSINE;NOT_ELIGIBILITY;NOT_USPS_VALIDITY;NO_INVENTORY
12506,OBSERVED_REFERENCE_INDIRECT_ONLY,,,,INDIRECT_IMLS_SC;NO_FABRICATED_NEAREST,INDIRECT_IMLS_SC;NO_FABRICATED_NEAREST;NOT_REJECTED;NOT_USPS_VALIDITY;NO_INVENTORY
12507,ZCTA_NEAREST_ACTIVE_OUTLET,NY0233,002,3.762,ZCTA_NN;R6371;TIE_FIRST_LEX,ZCTA_NN_HAVERSINE;NOT_ELIGIBILITY;NOT_USPS_VALIDITY;NO_INVENTORY
12508,EXACT_IMLS_OUTLET_ZIP,NY0220,002,,EXACT_OUTLET;TIE_FSCSKEY_SEQ,EXACT_OUTLET;NOT_USPS_VALIDITY;NO_INVENTORY
12510,OBSERVED_REFERENCE_INDIRECT_ONLY,,,,INDIRECT_IMLS_SC;NO_FABRICATED_NEAREST,INDIRECT_IMLS_SC;NO_FABRICATED_NEAREST;NOT_REJECTED;NOT_USPS_VALIDITY;NO_INVENTORY
12512,ZCTA_NEAREST_ACTIVE_OUTLET,NY0260,002,5.330,ZCTA_NN;R6371;TIE_FIRST_LEX,ZCTA_NN_HAVERSINE;NOT_ELIGIBILITY;NOT_USPS_VALIDITY;NO_INVENTORY
12513,EXACT_IMLS_OUTLET_ZIP,NY0780,002,,EXACT_OUTLET;TIE_FSCSKEY_SEQ,EXACT_OUTLET;NOT_USPS_VALIDITY;NO_INVENTORY
12514,ZCTA_NEAREST_ACTIVE_OUTLET,NY0790,001,3.342,ZCTA_NN;R6371;TIE_FIRST_LEX,ZCTA_NN_HAVERSINE;NOT_ELIGIBILITY;NOT_USPS_VALIDITY;NO_INVENTORY
12515,ZCTA_NEAREST_ACTIVE_OUTLET,NY0262,002,3.909,ZCTA_NN;R6371;TIE_FIRST_LEX,ZCTA_NN_HAVERSINE;NOT_ELIGIBILITY;NOT_USPS_VALIDITY;NO_INVENTORY
12516,ZCTA_NEAREST_ACTIVE_OUTLET,NY0211,002,7.205,ZCTA_NN;R6371;TIE_FIRST_LEX,ZCTA_NN_HAVERSINE;NOT_ELIGIBILITY;NOT_USPS_VALIDITY;NO_INVENTORY
12517,ZCTA_NEAREST_ACTIVE_OUTLET,NY0211,002,4.449,ZCTA_NN;R6371;TIE_FIRST_LEX,ZCTA_NN_HAVERSINE;NOT_ELIGIBILITY;NOT_USPS_VALIDITY;NO_INVENTORY
12518,EXACT_IMLS_OUTLET_ZIP,NY0566,002,,EXACT_OUTLET;TIE_FSCSKEY_SEQ,EXACT_OUTLET;NOT_USPS_VALIDITY;NO_INVENTORY
12520,ZCTA_NEAREST_ACTIVE_OUTLET,NY0566,002,2.967,ZCTA_NN;R6371;TIE_FIRST_LEX,ZCTA_NN_HAVERSINE;NOT_ELIGIBILITY;NOT_USPS_VALIDITY;NO_INVENTORY
12521,ZCTA_NEAREST_ACTIVE_OUTLET,NY0217,002,8.625,ZCTA_NN;R6371;TIE_FIRST_LEX,ZCTA_NN_HAVERSINE;NOT_ELIGIBILITY;NOT_USPS_VALIDITY;NO_INVENTORY
12522,ZCTA_NEAREST_ACTIVE_OUTLET,NY0221,002,8.593,ZCTA_NN;R6371;TIE_FIRST_LEX,ZCTA_NN_HAVERSINE;NOT_ELIGIBILITY;NOT_USPS_VALIDITY;NO_INVENTORY
12523,ZCTA_NEAREST_ACTIVE_OUTLET,NY0214,002,6.478,ZCTA_NN;R6371;TIE_FIRST_LEX,ZCTA_NN_HAVERSINE;NOT_ELIGIBILITY;NOT_USPS_VALIDITY;NO_INVENTORY
12524,EXACT_IMLS_OUTLET_ZIP,NY0223,002,,EXACT_OUTLET;TIE_FSCSKEY_SEQ,EXACT_OUTLET;NOT_USPS_VALIDITY;NO_INVENTORY
12525,EXACT_IMLS_OUTLET_ZIP,NY0769,002,,EXACT_OUTLET;TIE_FSCSKEY_SEQ,EXACT_OUTLET;NOT_USPS_VALIDITY;NO_INVENTORY
12526,EXACT_IMLS_OUTLET_ZIP,NY0210,002,,EXACT_OUTLET;TIE_FSCSKEY_SEQ,EXACT_OUTLET;NOT_USPS_VALIDITY;NO_INVENTORY
12527,ZCTA_NEAREST_ACTIVE_OUTLET,NY0220,002,3.219,ZCTA_NN;R6371;TIE_FIRST_LEX,ZCTA_NN_HAVERSINE;NOT_ELIGIBILITY;NOT_USPS_VALIDITY;NO_INVENTORY
12528,EXACT_IMLS_OUTLET_ZIP,NY0256,002,,EXACT_OUTLET;TIE_FSCSKEY_SEQ,EXACT_OUTLET;NOT_USPS_VALIDITY;NO_INVENTORY
12529,EXACT_IMLS_OUTLET_ZIP,NY0211,002,,EXACT_OUTLET;TIE_FSCSKEY_SEQ,EXACT_OUTLET;NOT_USPS_VALIDITY;NO_INVENTORY
12530,ZCTA_NEAREST_ACTIVE_OUTLET,NY0780,002,4.580,ZCTA_NN;R6371;TIE_FIRST_LEX,ZCTA_NN_HAVERSINE;NOT_ELIGIBILITY;NOT_USPS_VALIDITY;NO_INVENTORY
12531,ZCTA_NEAREST_ACTIVE_OUTLET,NY0227,002,6.314,ZCTA_NN;R6371;TIE_FIRST_LEX,ZCTA_NN_HAVERSINE;NOT_ELIGIBILITY;NOT_USPS_VALIDITY;NO_INVENTORY
12533,EXACT_IMLS_OUTLET_ZIP,NY0222,002,,EXACT_OUTLET;TIE_FSCSKEY_SEQ,EXACT_OUTLET;NOT_USPS_VALIDITY;NO_INVENTORY
12534,EXACT_IMLS_OUTLET_ZIP,NY0212,002,,EXACT_OUTLET;TIE_FSCSKEY_SEQ,EXACT_OUTLET;NOT_USPS_VALIDITY;NO_INVENTORY
12538,EXACT_IMLS_OUTLET_ZIP,NY0224,002,,EXACT_OUTLET;TIE_FSCSKEY_SEQ,EXACT_OUTLET;NOT_USPS_VALIDITY;NO_INVENTORY
12540,EXACT_IMLS_OUTLET_ZIP,NY0231,002,,EXACT_OUTLET;TIE_FSCSKEY_SEQ,EXACT_OUTLET;NOT_USPS_VALIDITY;NO_INVENTORY
12541,EXACT_IMLS_OUTLET_ZIP,NY0214,002,,EXACT_OUTLET;TIE_FSCSKEY_SEQ,EXACT_OUTLET;NOT_USPS_VALIDITY;NO_INVENTORY
12542,EXACT_IMLS_OUTLET_ZIP,NY0260,002,,EXACT_OUTLET;TIE_FSCSKEY_SEQ,EXACT_OUTLET;NOT_USPS_VALIDITY;NO_INVENTORY
12543,ZCTA_NEAREST_ACTIVE_OUTLET,NY0574,002,4.638,ZCTA_NN;R6371;TIE_FIRST_LEX,ZCTA_NN_HAVERSINE;NOT_ELIGIBILITY;NOT_USPS_VALIDITY;NO_INVENTORY
12544,ZCTA_NEAREST_ACTIVE_OUTLET,NY0217,002,2.020,ZCTA_NN;R6371;TIE_FIRST_LEX,ZCTA_NN_HAVERSINE;NOT_ELIGIBILITY;NOT_USPS_VALIDITY;NO_INVENTORY
12545,EXACT_IMLS_OUTLET_ZIP,NY0225,002,,EXACT_OUTLET;TIE_FSCSKEY_SEQ,EXACT_OUTLET;NOT_USPS_VALIDITY;NO_INVENTORY
12546,EXACT_IMLS_OUTLET_ZIP,NY0226,002,,EXACT_OUTLET;TIE_FSCSKEY_SEQ,EXACT_OUTLET;NOT_USPS_VALIDITY;NO_INVENTORY
12547,EXACT_IMLS_OUTLET_ZIP,NY0261,002,,EXACT_OUTLET;TIE_FSCSKEY_SEQ,EXACT_OUTLET;NOT_USPS_VALIDITY;NO_INVENTORY
12548,EXACT_IMLS_OUTLET_ZIP,NY0262,002,,EXACT_OUTLET;TIE_FSCSKEY_SEQ,EXACT_OUTLET;NOT_USPS_VALIDITY;NO_INVENTORY
12549,EXACT_IMLS_OUTLET_ZIP,NY0574,002,,EXACT_OUTLET;TIE_FSCSKEY_SEQ,EXACT_OUTLET;NOT_USPS_VALIDITY;NO_INVENTORY
12550,EXACT_IMLS_OUTLET_ZIP,NY0575,002,,EXACT_OUTLET;TIE_FSCSKEY_SEQ,EXACT_OUTLET;NOT_USPS_VALIDITY;NO_INVENTORY
12551,OBSERVED_REFERENCE_INDIRECT_ONLY,,,,INDIRECT_IMLS_SC;NO_FABRICATED_NEAREST,INDIRECT_IMLS_SC;NO_FABRICATED_NEAREST;NOT_REJECTED;NOT_USPS_VALIDITY;NO_INVENTORY
12552,OBSERVED_REFERENCE_INDIRECT_ONLY,,,,INDIRECT_IMLS_SC;NO_FABRICATED_NEAREST,INDIRECT_IMLS_SC;NO_FABRICATED_NEAREST;NOT_REJECTED;NOT_USPS_VALIDITY;NO_INVENTORY
12553,ZCTA_NEAREST_ACTIVE_OUTLET,NY0566,002,4.305,ZCTA_NN;R6371;TIE_FIRST_LEX,ZCTA_NN_HAVERSINE;NOT_ELIGIBILITY;NOT_USPS_VALIDITY;NO_INVENTORY
12561,EXACT_IMLS_OUTLET_ZIP,NY0263,002,,EXACT_OUTLET;TIE_FSCSKEY_SEQ,EXACT_OUTLET;NOT_USPS_VALIDITY;NO_INVENTORY
12563,EXACT_IMLS_OUTLET_ZIP,NY0254,002,,EXACT_OUTLET;TIE_FSCSKEY_SEQ,EXACT_OUTLET;NOT_USPS_VALIDITY;NO_INVENTORY
12564,EXACT_IMLS_OUTLET_ZIP,NY0227,002,,EXACT_OUTLET;TIE_FSCSKEY_SEQ,EXACT_OUTLET;NOT_USPS_VALIDITY;NO_INVENTORY
12565,EXACT_IMLS_OUTLET_ZIP,NY0217,002,,EXACT_OUTLET;TIE_FSCSKEY_SEQ,EXACT_OUTLET;NOT_USPS_VALIDITY;NO_INVENTORY
12566,EXACT_IMLS_OUTLET_ZIP,NY0576,002,,EXACT_OUTLET;TIE_FSCSKEY_SEQ,EXACT_OUTLET;NOT_USPS_VALIDITY;NO_INVENTORY
12567,EXACT_IMLS_OUTLET_ZIP,NY0228,002,,EXACT_OUTLET;TIE_FSCSKEY_SEQ,EXACT_OUTLET;NOT_USPS_VALIDITY;NO_INVENTORY
12568,OBSERVED_REFERENCE_INDIRECT_ONLY,,,,INDIRECT_IMLS_SC;NO_FABRICATED_NEAREST,INDIRECT_IMLS_SC;NO_FABRICATED_NEAREST;NOT_REJECTED;NOT_USPS_VALIDITY;NO_INVENTORY
12569,EXACT_IMLS_OUTLET_ZIP,NY0229,002,,EXACT_OUTLET;TIE_FSCSKEY_SEQ,EXACT_OUTLET;NOT_USPS_VALIDITY;NO_INVENTORY
12570,ZCTA_NEAREST_ACTIVE_OUTLET,NY0232,002,1.754,ZCTA_NN;R6371;TIE_FIRST_LEX,ZCTA_NN_HAVERSINE;NOT_ELIGIBILITY;NOT_USPS_VALIDITY;NO_INVENTORY
12571,EXACT_IMLS_OUTLET_ZIP,NY0233,002,,EXACT_OUTLET;TIE_FSCSKEY_SEQ,EXACT_OUTLET;NOT_USPS_VALIDITY;NO_INVENTORY
12572,EXACT_IMLS_OUTLET_ZIP,NY0234,002,,EXACT_OUTLET;TIE_FSCSKEY_SEQ,EXACT_OUTLET;NOT_USPS_VALIDITY;NO_INVENTORY
12574,EXACT_IMLS_OUTLET_ZIP,NY0235,002,,EXACT_OUTLET;TIE_FSCSKEY_SEQ,EXACT_OUTLET;NOT_USPS_VALIDITY;NO_INVENTORY
12575,ZCTA_NEAREST_ACTIVE_OUTLET,NY0581,002,6.545,ZCTA_NN;R6371;TIE_FIRST_LEX,ZCTA_NN_HAVERSINE;NOT_ELIGIBILITY;NOT_USPS_VALIDITY;NO_INVENTORY
12577,ZCTA_NEAREST_ACTIVE_OUTLET,NY0581,002,4.271,ZCTA_NN;R6371;TIE_FIRST_LEX,ZCTA_NN_HAVERSINE;NOT_ELIGIBILITY;NOT_USPS_VALIDITY;NO_INVENTORY
12578,ZCTA_NEAREST_ACTIVE_OUTLET,NY0229,002,7.329,ZCTA_NN;R6371;TIE_FIRST_LEX,ZCTA_NN_HAVERSINE;NOT_ELIGIBILITY;NOT_USPS_VALIDITY;NO_INVENTORY
12580,EXACT_IMLS_OUTLET_ZIP,NY0236,002,,EXACT_OUTLET;TIE_FSCSKEY_SEQ,EXACT_OUTLET;NOT_USPS_VALIDITY;NO_INVENTORY
12581,EXACT_IMLS_OUTLET_ZIP,NY0237,002,,EXACT_OUTLET;TIE_FSCSKEY_SEQ,EXACT_OUTLET;NOT_USPS_VALIDITY;NO_INVENTORY
12582,ZCTA_NEAREST_ACTIVE_OUTLET,NY0222,002,7.670,ZCTA_NN;R6371;TIE_FIRST_LEX,ZCTA_NN_HAVERSINE;NOT_ELIGIBILITY;NOT_USPS_VALIDITY;NO_INVENTORY
12583,EXACT_IMLS_OUTLET_ZIP,NY0238,002,,EXACT_OUTLET;TIE_FSCSKEY_SEQ,EXACT_OUTLET;NOT_USPS_VALIDITY;NO_INVENTORY
12584,OBSERVED_REFERENCE_INDIRECT_ONLY,,,,INDIRECT_IMLS_SC;NO_FABRICATED_NEAREST,INDIRECT_IMLS_SC;NO_FABRICATED_NEAREST;NOT_REJECTED;NOT_USPS_VALIDITY;NO_INVENTORY
12585,ZCTA_NEAREST_ACTIVE_OUTLET,NY0225,002,6.585,ZCTA_NN;R6371;TIE_FIRST_LEX,ZCTA_NN_HAVERSINE;NOT_ELIGIBILITY;NOT_USPS_VALIDITY;NO_INVENTORY
12586,EXACT_IMLS_OUTLET_ZIP,NY0579,002,,EXACT_OUTLET;TIE_FSCSKEY_SEQ,EXACT_OUTLET;NOT_USPS_VALIDITY;NO_INVENTORY
12588,OBSERVED_REFERENCE_INDIRECT_ONLY,,,,INDIRECT_IMLS_SC;NO_FABRICATED_NEAREST,INDIRECT_IMLS_SC;NO_FABRICATED_NEAREST;NOT_REJECTED;NOT_USPS_VALIDITY;NO_INVENTORY
12589,EXACT_IMLS_OUTLET_ZIP,NY0610,002,,EXACT_OUTLET;TIE_FSCSKEY_SEQ,EXACT_OUTLET;NOT_USPS_VALIDITY;NO_INVENTORY
12590,EXACT_IMLS_OUTLET_ZIP,NY0239,002,,EXACT_OUTLET;TIE_FSCSKEY_SEQ,EXACT_OUTLET;NOT_USPS_VALIDITY;NO_INVENTORY
12592,ZCTA_NEAREST_ACTIVE_OUTLET,NY0219,002,7.376,ZCTA_NN;R6371;TIE_FIRST_LEX,ZCTA_NN_HAVERSINE;NOT_ELIGIBILITY;NOT_USPS_VALIDITY;NO_INVENTORY
12594,EXACT_IMLS_OUTLET_ZIP,NY0221,002,,EXACT_OUTLET;TIE_FSCSKEY_SEQ,EXACT_OUTLET;NOT_USPS_VALIDITY;NO_INVENTORY
12601,EXACT_IMLS_OUTLET_ZIP,NY0230,002,,EXACT_OUTLET;TIE_FSCSKEY_SEQ,EXACT_OUTLET;NOT_USPS_VALIDITY;NO_INVENTORY
12602,OBSERVED_REFERENCE_INDIRECT_ONLY,,,,INDIRECT_IMLS_SC;NO_FABRICATED_NEAREST,INDIRECT_IMLS_SC;NO_FABRICATED_NEAREST;NOT_REJECTED;NOT_USPS_VALIDITY;NO_INVENTORY
12603,EXACT_IMLS_OUTLET_ZIP,NY0230,005,,EXACT_OUTLET;TIE_FSCSKEY_SEQ,EXACT_OUTLET;NOT_USPS_VALIDITY;NO_INVENTORY
12604,ZCTA_NEAREST_ACTIVE_OUTLET,NY0230,008,2.908,ZCTA_NN;R6371;TIE_FIRST_LEX,ZCTA_NN_HAVERSINE;NOT_ELIGIBILITY;NOT_USPS_VALIDITY;NO_INVENTORY
12701,EXACT_IMLS_OUTLET_ZIP,NY0606,002,,EXACT_OUTLET;TIE_FSCSKEY_SEQ,EXACT_OUTLET;NOT_USPS_VALIDITY;NO_INVENTORY
12719,ZCTA_NEAREST_ACTIVE_OUTLET,NY0601,002,4.598,ZCTA_NN;R6371;TIE_FIRST_LEX,ZCTA_NN_HAVERSINE;NOT_ELIGIBILITY;NOT_USPS_VALIDITY;NO_INVENTORY
12720,ZCTA_NEAREST_ACTIVE_OUTLET,NY0601,002,13.381,ZCTA_NN;R6371;TIE_FIRST_LEX,ZCTA_NN_HAVERSINE;NOT_ELIGIBILITY;NOT_USPS_VALIDITY;NO_INVENTORY
12721,ZCTA_NEAREST_ACTIVE_OUTLET,NY0599,002,4.937,ZCTA_NN;R6371;TIE_FIRST_LEX,ZCTA_NN_HAVERSINE;NOT_ELIGIBILITY;NOT_USPS_VALIDITY;NO_INVENTORY
12722,ZCTA_NEAREST_ACTIVE_OUTLET,NY0576,002,6.569,ZCTA_NN;R6371;TIE_FIRST_LEX,ZCTA_NN_HAVERSINE;NOT_ELIGIBILITY;NOT_USPS_VALIDITY;NO_INVENTORY
12723,EXACT_IMLS_OUTLET_ZIP,NY9015,001,,EXACT_OUTLET;TIE_FSCSKEY_SEQ,EXACT_OUTLET;NOT_USPS_VALIDITY;NO_INVENTORY
12724,ZCTA_NEAREST_ACTIVE_OUTLET,NY0607,002,8.500,ZCTA_NN;R6371;TIE_FIRST_LEX,ZCTA_NN_HAVERSINE;NOT_ELIGIBILITY;NOT_USPS_VALIDITY;NO_INVENTORY
12725,ZCTA_NEAREST_ACTIVE_OUTLET,NY0602,002,15.051,ZCTA_NN;R6371;TIE_FIRST_LEX,ZCTA_NN_HAVERSINE;NOT_ELIGIBILITY;NOT_USPS_VALIDITY;NO_INVENTORY
12726,ZCTA_NEAREST_ACTIVE_OUTLET,NY9015,003,9.887,ZCTA_NN;R6371;TIE_FIRST_LEX,ZCTA_NN_HAVERSINE;NOT_ELIGIBILITY;NOT_USPS_VALIDITY;NO_INVENTORY
12729,ZCTA_NEAREST_ACTIVE_OUTLET,NY0577,002,14.220,ZCTA_NN;R6371;TIE_FIRST_LEX,ZCTA_NN_HAVERSINE;NOT_ELIGIBILITY;NOT_USPS_VALIDITY;NO_INVENTORY
12732,EXACT_IMLS_OUTLET_ZIP,NY0601,002,,EXACT_OUTLET;TIE_FSCSKEY_SEQ,EXACT_OUTLET;NOT_USPS_VALIDITY;NO_INVENTORY
12733,ZCTA_NEAREST_ACTIVE_OUTLET,NY9014,001,3.703,ZCTA_NN;R6371;TIE_FIRST_LEX,ZCTA_NN_HAVERSINE;NOT_ELIGIBILITY;NOT_USPS_VALIDITY;NO_INVENTORY
12734,ZCTA_NEAREST_ACTIVE_OUTLET,NY0604,002,7.573,ZCTA_NN;R6371;TIE_FIRST_LEX,ZCTA_NN_HAVERSINE;NOT_ELIGIBILITY;NOT_USPS_VALIDITY;NO_INVENTORY
12736,ZCTA_NEAREST_ACTIVE_OUTLET,NY9015,001,10.174,ZCTA_NN;R6371;TIE_FIRST_LEX,ZCTA_NN_HAVERSINE;NOT_ELIGIBILITY;NOT_USPS_VALIDITY;NO_INVENTORY
12737,ZCTA_NEAREST_ACTIVE_OUTLET,NY0601,002,7.554,ZCTA_NN;R6371;TIE_FIRST_LEX,ZCTA_NN_HAVERSINE;NOT_ELIGIBILITY;NOT_USPS_VALIDITY;NO_INVENTORY
12738,ZCTA_NEAREST_ACTIVE_OUTLET,NY9014,001,5.408,ZCTA_NN;R6371;TIE_FIRST_LEX,ZCTA_NN_HAVERSINE;NOT_ELIGIBILITY;NOT_USPS_VALIDITY;NO_INVENTORY
12740,EXACT_IMLS_OUTLET_ZIP,NY0602,002,,EXACT_OUTLET;TIE_FSCSKEY_SEQ,EXACT_OUTLET;NOT_USPS_VALIDITY;NO_INVENTORY
12741,ZCTA_NEAREST_ACTIVE_OUTLET,NY9015,001,8.228,ZCTA_NN;R6371;TIE_FIRST_LEX,ZCTA_NN_HAVERSINE;NOT_ELIGIBILITY;NOT_USPS_VALIDITY;NO_INVENTORY
12742,ZCTA_NEAREST_ACTIVE_OUTLET,NY9014,001,7.396,ZCTA_NN;R6371;TIE_FIRST_LEX,ZCTA_NN_HAVERSINE;NOT_ELIGIBILITY;NOT_USPS_VALIDITY;NO_INVENTORY
12743,ZCTA_NEAREST_ACTIVE_OUTLET,NY0601,002,3.685,ZCTA_NN;R6371;TIE_FIRST_LEX,ZCTA_NN_HAVERSINE;NOT_ELIGIBILITY;NOT_USPS_VALIDITY;NO_INVENTORY
12745,ZCTA_NEAREST_ACTIVE_OUTLET,NY9015,001,3.363,ZCTA_NN;R6371;TIE_FIRST_LEX,ZCTA_NN_HAVERSINE;NOT_ELIGIBILITY;NOT_USPS_VALIDITY;NO_INVENTORY
12746,ZCTA_NEAREST_ACTIVE_OUTLET,NY0577,002,7.691,ZCTA_NN;R6371;TIE_FIRST_LEX,ZCTA_NN_HAVERSINE;NOT_ELIGIBILITY;NOT_USPS_VALIDITY;NO_INVENTORY
12747,ZCTA_NEAREST_ACTIVE_OUTLET,NY9014,001,4.952,ZCTA_NN;R6371;TIE_FIRST_LEX,ZCTA_NN_HAVERSINE;NOT_ELIGIBILITY;NOT_USPS_VALIDITY;NO_INVENTORY
12748,EXACT_IMLS_OUTLET_ZIP,NY9015,003,,EXACT_OUTLET;TIE_FSCSKEY_SEQ,EXACT_OUTLET;NOT_USPS_VALIDITY;NO_INVENTORY
12749,ZCTA_NEAREST_ACTIVE_OUTLET,NY0606,002,12.596,ZCTA_NN;R6371;TIE_FIRST_LEX,ZCTA_NN_HAVERSINE;NOT_ELIGIBILITY;NOT_USPS_VALIDITY;NO_INVENTORY
12750,ZCTA_NEAREST_ACTIVE_OUTLET,NY9015,003,5.334,ZCTA_NN;R6371;TIE_FIRST_LEX,ZCTA_NN_HAVERSINE;NOT_ELIGIBILITY;NOT_USPS_VALIDITY;NO_INVENTORY
12751,ZCTA_NEAREST_ACTIVE_OUTLET,NY9014,001,3.509,ZCTA_NN;R6371;TIE_FIRST_LEX,ZCTA_NN_HAVERSINE;NOT_ELIGIBILITY;NOT_USPS_VALIDITY;NO_INVENTORY
12752,ZCTA_NEAREST_ACTIVE_OUTLET,NY9015,002,10.151,ZCTA_NN;R6371;TIE_FIRST_LEX,ZCTA_NN_HAVERSINE;NOT_ELIGIBILITY;NOT_USPS_VALIDITY;NO_INVENTORY
12754,EXACT_IMLS_OUTLET_ZIP,NY0604,002,,EXACT_OUTLET;TIE_FSCSKEY_SEQ,EXACT_OUTLET;NOT_USPS_VALIDITY;NO_INVENTORY
12758,EXACT_IMLS_OUTLET_ZIP,NY0605,002,,EXACT_OUTLET;TIE_FSCSKEY_SEQ,EXACT_OUTLET;NOT_USPS_VALIDITY;NO_INVENTORY
12759,ZCTA_NEAREST_ACTIVE_OUTLET,NY0604,002,7.390,ZCTA_NN;R6371;TIE_FIRST_LEX,ZCTA_NN_HAVERSINE;NOT_ELIGIBILITY;NOT_USPS_VALIDITY;NO_INVENTORY
12760,ZCTA_NEAREST_ACTIVE_OUTLET,NY0188,002,15.449,ZCTA_NN;R6371;TIE_FIRST_LEX,ZCTA_NN_HAVERSINE;NOT_ELIGIBILITY;NOT_USPS_VALIDITY;NO_INVENTORY
12762,ZCTA_NEAREST_ACTIVE_OUTLET,NY0606,002,8.506,ZCTA_NN;R6371;TIE_FIRST_LEX,ZCTA_NN_HAVERSINE;NOT_ELIGIBILITY;NOT_USPS_VALIDITY;NO_INVENTORY
12763,ZCTA_NEAREST_ACTIVE_OUTLET,NY0609,002,10.127,ZCTA_NN;R6371;TIE_FIRST_LEX,ZCTA_NN_HAVERSINE;NOT_ELIGIBILITY;NOT_USPS_VALIDITY;NO_INVENTORY
12764,EXACT_IMLS_OUTLET_ZIP,NY9015,002,,EXACT_OUTLET;TIE_FSCSKEY_SEQ,EXACT_OUTLET;NOT_USPS_VALIDITY;NO_INVENTORY
12765,ZCTA_NEAREST_ACTIVE_OUTLET,NY0602,002,5.947,ZCTA_NN;R6371;TIE_FIRST_LEX,ZCTA_NN_HAVERSINE;NOT_ELIGIBILITY;NOT_USPS_VALIDITY;NO_INVENTORY
12766,ZCTA_NEAREST_ACTIVE_OUTLET,NY9015,003,5.180,ZCTA_NN;R6371;TIE_FIRST_LEX,ZCTA_NN_HAVERSINE;NOT_ELIGIBILITY;NOT_USPS_VALIDITY;NO_INVENTORY
12767,ZCTA_NEAREST_ACTIVE_OUTLET,NY9015,003,7.975,ZCTA_NN;R6371;TIE_FIRST_LEX,ZCTA_NN_HAVERSINE;NOT_ELIGIBILITY;NOT_USPS_VALIDITY;NO_INVENTORY
12768,ZCTA_NEAREST_ACTIVE_OUTLET,NY0604,002,7.018,ZCTA_NN;R6371;TIE_FIRST_LEX,ZCTA_NN_HAVERSINE;NOT_ELIGIBILITY;NOT_USPS_VALIDITY;NO_INVENTORY
12769,ZCTA_NEAREST_ACTIVE_OUTLET,NY0608,002,7.068,ZCTA_NN;R6371;TIE_FIRST_LEX,ZCTA_NN_HAVERSINE;NOT_ELIGIBILITY;NOT_USPS_VALIDITY;NO_INVENTORY
12770,ZCTA_NEAREST_ACTIVE_OUTLET,NY0601,002,9.489,ZCTA_NN;R6371;TIE_FIRST_LEX,ZCTA_NN_HAVERSINE;NOT_ELIGIBILITY;NOT_USPS_VALIDITY;NO_INVENTORY
